solid OpenSCAD_Model
  facet normal 0 0 -1
    outer loop
      vertex -4.061095434238156 -3.7024323402530857 0
      vertex -4.143255933366483 -3.6031173574009294 0
      vertex -4.009327450817764 -2.8796038063011906 0
    endloop
  endfacet
  facet normal 0 0 -1
    outer loop
      vertex -3.4086534589285518 -4.3084271372006935 0
      vertex -3.482874167363479 -4.254502636064033 0
      vertex -2.9470473723844823 3.02859150557518 0
    endloop
  endfacet
  facet normal 0 0 -1
    outer loop
      vertex -3.482874167363479 -4.254502636064033 0
      vertex -3.482874167363479 -3.87291943107722 0
      vertex -2.9470473723844823 3.02859150557518 0
    endloop
  endfacet
  facet normal 0 0 -1
    outer loop
      vertex -4.143255933366483 -3.6031173574009294 0
      vertex -4.143255933366483 1.6362768108663497 0
      vertex -4.009327450817764 -2.8796038063011906 0
    endloop
  endfacet
  facet normal 0 0 -1
    outer loop
      vertex -2.6983072793691165 -4.780549613583141 0
      vertex -2.767565395172971 -4.742474642217867 0
      vertex -2.7675653951729715 -1.7910192548071182 0
    endloop
  endfacet
  facet normal 0 0 -1
    outer loop
      vertex -1.9427188831699091 -5.134550678527561 0
      vertex -2.008610463437158 -5.1084623563558145 0
      vertex -1.6995934690622108 -1.2701828813094274 0
    endloop
  endfacet
  facet normal 0 0 -1
    outer loop
      vertex -1.1541819143046121 -5.370848725325409 0
      vertex -1.2179785448072111 -5.3544685346738365 0
      vertex -1.0305972302214863 -3.4065264221512446 0
    endloop
  endfacet
  facet normal 0 0 -1
    outer loop
      vertex -2.6983072793691165 -4.780549613583141 0
      vertex -2.7675653951729715 -1.7910192548071182 0
      vertex -2.341786103607899 0.886192202341115 0
    endloop
  endfacet
  facet normal 0 0 -1
    outer loop
      vertex -2.008610463437158 -5.1084623563558145 0
      vertex -2.008610463437158 0.31912636501426306 0
      vertex -1.6995934690622108 -1.2701828813094274 0
    endloop
  endfacet
  facet normal 0 0 -1
    outer loop
      vertex -1.2179785448072111 -5.3544685346738365 0
      vertex -1.2179785448072102 2.42423917142255 0
      vertex -1.0305972302214863 -3.4065264221512446 0
    endloop
  endfacet
  facet normal -0.7705132427757891 -0.63742398974869 0
    outer loop
      vertex -4.009327450817764 -3.765009082607787 5
      vertex -4.449593469062211 -3.232818887608602 2
      vertex -4.009327450817764 -3.765009082607787 2
    endloop
  endfacet
  facet normal -0.6845471059286892 -0.7289686274214111 0
    outer loop
      vertex -3.505831943617793 -4.237822835266842 5
      vertex -4.009327450817764 -3.765009082607787 2
      vertex -3.505831943617793 -4.237822835266842 2
    endloop
  endfacet
  facet normal -0.7705132427757891 -0.63742398974869 0
    outer loop
      vertex -4.449593469062211 -3.232818887608602 5
      vertex -4.449593469062211 -3.232818887608602 2
      vertex -4.009327450817764 -3.765009082607787 5
    endloop
  endfacet
  facet normal -0.587785252292472 -0.8090169943749481 0
    outer loop
      vertex -3.505831943617793 -4.237822835266842 5
      vertex -3.505831943617793 -4.237822835266842 2
      vertex -2.9470473723844823 -4.643803590261082 5
    endloop
  endfacet
  facet normal -0.6845471059286892 -0.7289686274214111 0
    outer loop
      vertex -3.505831943617793 -4.237822835266842 5
      vertex -4.009327450817764 -3.765009082607787 5
      vertex -4.009327450817764 -3.765009082607787 2
    endloop
  endfacet
  facet normal 0 0 1
    outer loop
      vertex -3.505831943617793 -4.237822835266842 5
      vertex -3.6405764746872635 -2.6450336353161292 5
      vertex -4.009327450817764 -3.765009082607787 5
    endloop
  endfacet
  facet normal 0 0 1
    outer loop
      vertex -3.505831943617793 -4.237822835266842 5
      vertex -3.2803588233963525 -3.080461976679098 5
      vertex -3.6405764746872635 -2.6450336353161292 5
    endloop
  endfacet
  facet normal -0.9048270524660192 -0.42577929156507327 0
    outer loop
      vertex -4.819686740241249 -2.6496452075594346 5
      vertex -5.113770672385383 -2.0246850397657283 2
      vertex -4.819686740241249 -2.6496452075594346 2
    endloop
  endfacet
  facet normal -0.9510565162951536 -0.3090169943749475 0
    outer loop
      vertex -5.113770672385383 -2.0246850397657283 5
      vertex -5.327207386207471 -1.3677943794067016 2
      vertex -5.113770672385383 -2.0246850397657283 2
    endloop
  endfacet
  facet normal -0.9822872507286887 -0.18738131458572493 0
    outer loop
      vertex -5.327207386207471 -1.3677943794067016 5
      vertex -5.456630857229628 -0.6893327846036723 2
      vertex -5.327207386207471 -1.3677943794067016 2
    endloop
  endfacet
  facet normal -0.9980267284282717 -0.0627905195293132 0
    outer loop
      vertex -5.456630857229628 -0.6893327846036723 5
      vertex -5.5 0 2
      vertex -5.456630857229628 -0.6893327846036723 2
    endloop
  endfacet
  facet normal -0.8443279255020159 -0.5358267949789952 0
    outer loop
      vertex -4.449593469062211 -3.232818887608602 5
      vertex -4.819686740241249 -2.6496452075594346 2
      vertex -4.449593469062211 -3.232818887608602 2
    endloop
  endfacet
  facet normal -0.9048270524660192 -0.42577929156507327 0
    outer loop
      vertex -4.819686740241249 -2.6496452075594346 5
      vertex -5.113770672385383 -2.0246850397657283 5
      vertex -5.113770672385383 -2.0246850397657283 2
    endloop
  endfacet
  facet normal -0.9822872507286887 -0.18738131458572493 0
    outer loop
      vertex -5.327207386207471 -1.3677943794067016 5
      vertex -5.456630857229628 -0.6893327846036723 5
      vertex -5.456630857229628 -0.6893327846036723 2
    endloop
  endfacet
  facet normal -0.9510565162951536 -0.3090169943749475 0
    outer loop
      vertex -5.113770672385383 -2.0246850397657283 5
      vertex -5.327207386207471 -1.3677943794067016 5
      vertex -5.327207386207471 -1.3677943794067016 2
    endloop
  endfacet
  facet normal -0.9980267284282717 -0.0627905195293132 0
    outer loop
      vertex -5.456630857229628 -0.6893327846036723 5
      vertex -5.5 0 5
      vertex -5.5 0 2
    endloop
  endfacet
  facet normal 0 0 1
    outer loop
      vertex -4.819686740241249 -2.6496452075594346 5
      vertex -5.113770672385383 2.0246850397657283 5
      vertex -5.113770672385383 -2.0246850397657283 5
    endloop
  endfacet
  facet normal 0 0 1
    outer loop
      vertex -5.327207386207471 -1.3677943794067016 5
      vertex -5.456630857229628 0.6893327846036723 5
      vertex -5.456630857229628 -0.6893327846036723 5
    endloop
  endfacet
  facet normal 0 0 1
    outer loop
      vertex -5.113770672385383 -2.0246850397657283 5
      vertex -5.327207386207471 1.3677943794067016 5
      vertex -5.327207386207471 -1.3677943794067016 5
    endloop
  endfacet
  facet normal -0.8443279255020159 -0.5358267949789952 0
    outer loop
      vertex -4.449593469062211 -3.232818887608602 5
      vertex -4.819686740241249 -2.6496452075594346 5
      vertex -4.819686740241249 -2.6496452075594346 2
    endloop
  endfacet
  facet normal 0 0 1
    outer loop
      vertex -4.449593469062211 -3.232818887608602 5
      vertex -4.009327450817764 -3.765009082607787 5
      vertex -4.183994186497132 -1.6565604870810504 5
    endloop
  endfacet
  facet normal 0 0 1
    outer loop
      vertex -4.449593469062211 -3.232818887608602 5
      vertex -4.183994186497132 -1.6565604870810504 5
      vertex -4.35862422507884 -1.119104492241847 5
    endloop
  endfacet
  facet normal 0 0 1
    outer loop
      vertex -4.449593469062211 -3.232818887608602 5
      vertex -4.35862422507884 -1.119104492241847 5
      vertex -4.464516155915151 -0.5639995510393683 5
    endloop
  endfacet
  facet normal 0 0 1
    outer loop
      vertex -4.009327450817764 -3.765009082607787 5
      vertex -3.6405764746872635 -2.6450336353161292 5
      vertex -3.9433800601973856 -2.1678915334577193 5
    endloop
  endfacet
  facet normal 0 0 1
    outer loop
      vertex -4.009327450817764 -3.765009082607787 5
      vertex -3.9433800601973856 -2.1678915334577193 5
      vertex -4.183994186497132 -1.6565604870810504 5
    endloop
  endfacet
  facet normal 0 0 1
    outer loop
      vertex -4.449593469062211 -3.232818887608602 5
      vertex -4.464516155915151 -0.5639995510393683 5
      vertex -4.5 0 5
    endloop
  endfacet
  facet normal 0 0 1
    outer loop
      vertex -4.449593469062211 -3.232818887608602 5
      vertex -4.819686740241249 2.6496452075594346 5
      vertex -4.819686740241249 -2.6496452075594346 5
    endloop
  endfacet
  facet normal 0 0 1
    outer loop
      vertex -4.449593469062211 -3.232818887608602 5
      vertex -4.5 0 5
      vertex -4.819686740241249 2.6496452075594346 5
    endloop
  endfacet
  facet normal -0.48175367410171505 -0.8763066800438637 0
    outer loop
      vertex -2.341786103607898 -4.9765487885631075 5
      vertex -2.9470473723844823 -4.643803590261082 2
      vertex -2.341786103607898 -4.9765487885631075 2
    endloop
  endfacet
  facet normal -0.36812455268467786 -0.9297764858882512 0
    outer loop
      vertex -1.6995934690622108 -5.230810839623344 5
      vertex -2.341786103607898 -4.9765487885631075 2
      vertex -1.6995934690622108 -5.230810839623344 2
    endloop
  endfacet
  facet normal -0.587785252292472 -0.8090169943749481 0
    outer loop
      vertex -2.9470473723844823 -4.643803590261082 5
      vertex -3.505831943617793 -4.237822835266842 2
      vertex -2.9470473723844823 -4.643803590261082 2
    endloop
  endfacet
  facet normal -0.24868988716485574 -0.9685831611286309 0
    outer loop
      vertex -1.0305972302214865 -5.402579879007788 5
      vertex -1.6995934690622108 -5.230810839623344 2
      vertex -1.0305972302214865 -5.402579879007788 2
    endloop
  endfacet
  facet normal -0.12533323356430495 -0.9921147013144778 0
    outer loop
      vertex -0.3453478574112257 -5.489147006355494 5
      vertex -1.0305972302214865 -5.402579879007788 2
      vertex -0.3453478574112257 -5.489147006355494 2
    endloop
  endfacet
  facet normal -0.36812455268467786 -0.9297764858882512 0
    outer loop
      vertex -2.341786103607898 -4.9765487885631075 5
      vertex -2.341786103607898 -4.9765487885631075 2
      vertex -1.6995934690622108 -5.230810839623344 5
    endloop
  endfacet
  facet normal -0.48175367410171505 -0.8763066800438637 0
    outer loop
      vertex -2.9470473723844823 -4.643803590261082 5
      vertex -2.9470473723844823 -4.643803590261082 2
      vertex -2.341786103607898 -4.9765487885631075 5
    endloop
  endfacet
  facet normal 0 0 1
    outer loop
      vertex -2.9470473723844823 -4.643803590261082 5
      vertex -2.341786103607898 -4.9765487885631075 5
      vertex -2.868407953869103 -3.467309592491052 5
    endloop
  endfacet
  facet normal 0 0 1
    outer loop
      vertex -2.868407953869103 -3.467309592491052 5
      vertex -2.341786103607898 -4.9765487885631075 5
      vertex -2.4112205774054853 -3.7994756647590675 5
    endloop
  endfacet
  facet normal 0 0 1
    outer loop
      vertex -3.505831943617793 -4.237822835266842 5
      vertex -2.9470473723844823 -4.643803590261082 5
      vertex -3.2803588233963525 -3.080461976679098 5
    endloop
  endfacet
  facet normal 0 0 1
    outer loop
      vertex -2.9470473723844823 -4.643803590261082 5
      vertex -2.868407953869103 -3.467309592491052 5
      vertex -3.2803588233963525 -3.080461976679098 5
    endloop
  endfacet
  facet normal 0 0 1
    outer loop
      vertex -2.341786103607898 -4.9765487885631075 5
      vertex -1.916006812042826 -4.071721736097088 5
      vertex -2.4112205774054853 -3.7994756647590675 5
    endloop
  endfacet
  facet normal 0 0 1
    outer loop
      vertex -2.341786103607898 -4.9765487885631075 5
      vertex -1.6995934690622108 -5.230810839623344 5
      vertex -1.916006812042826 -4.071721736097088 5
    endloop
  endfacet
  facet normal 0 0 1
    outer loop
      vertex -1.6995934690622108 -5.230810839623344 5
      vertex -1.3905764746872633 -4.2797543233281905 5
      vertex -1.916006812042826 -4.071721736097088 5
    endloop
  endfacet
  facet normal -0.24868988716485574 -0.9685831611286309 0
    outer loop
      vertex -1.6995934690622108 -5.230810839623344 5
      vertex -1.6995934690622108 -5.230810839623344 2
      vertex -1.0305972302214865 -5.402579879007788 5
    endloop
  endfacet
  facet normal -0.12533323356430495 -0.9921147013144778 0
    outer loop
      vertex -1.0305972302214865 -5.402579879007788 5
      vertex -1.0305972302214865 -5.402579879007788 2
      vertex -0.3453478574112257 -5.489147006355494 5
    endloop
  endfacet
  facet normal 0 -1 0
    outer loop
      vertex -0.3453478574112257 -5.489147006355494 5
      vertex -0.3453478574112257 -5.489147006355494 2
      vertex 0.3453478574112257 -5.489147006355494 5
    endloop
  endfacet
  facet normal 0 0 1
    outer loop
      vertex -1.6995934690622108 -5.230810839623344 5
      vertex -1.0305972302214865 -5.402579879007788 5
      vertex -1.3905764746872633 -4.2797543233281905 5
    endloop
  endfacet
  facet normal 0 0 1
    outer loop
      vertex -1.0305972302214865 -5.402579879007788 5
      vertex -0.3453478574112257 -5.489147006355494 5
      vertex -0.8432159156357617 -4.420292628279099 5
    endloop
  endfacet
  facet normal 0 0 1
    outer loop
      vertex -0.3453478574112257 -5.489147006355494 5
      vertex 0.3453478574112257 -5.489147006355494 5
      vertex -0.28255733788191195 -4.491120277927222 5
    endloop
  endfacet
  facet normal 0 0 1
    outer loop
      vertex -1.3905764746872633 -4.2797543233281905 5
      vertex -1.0305972302214865 -5.402579879007788 5
      vertex -0.8432159156357617 -4.420292628279099 5
    endloop
  endfacet
  facet normal 0 0 1
    outer loop
      vertex -0.8432159156357617 -4.420292628279099 5
      vertex -0.3453478574112257 -5.489147006355494 5
      vertex -0.28255733788191195 -4.491120277927222 5
    endloop
  endfacet
  facet normal 0 0 -1
    outer loop
      vertex -4.238941784075727 3.48745303302116 0
      vertex -4.143255933366483 1.6362768108663497 0
      vertex -4.449593469062211 0.13924037956769553 0
    endloop
  endfacet
  facet normal 0 0 -1
    outer loop
      vertex -1.2838701250744586 5.33755045234554 0
      vertex -1.2179785448072102 2.42423917142255 0
      vertex -1.6995934690622108 -1.2701828813094274 0
    endloop
  endfacet
  facet normal 0 0 -1
    outer loop
      vertex -0.47193500744313555 5.473155330372698 0
      vertex -0.4081383769405368 4.491120277927219 0
      vertex -1.0305972302214863 -3.4065264221512446 0
    endloop
  endfacet
  facet normal -0.9980267284282717 0.0627905195293132 0
    outer loop
      vertex -5.5 0 5
      vertex -5.456630857229628 0.6893327846036723 2
      vertex -5.5 0 2
    endloop
  endfacet
  facet normal -0.9822872507286887 0.18738131458572493 0
    outer loop
      vertex -5.456630857229628 0.6893327846036723 5
      vertex -5.327207386207471 1.3677943794067016 2
      vertex -5.456630857229628 0.6893327846036723 2
    endloop
  endfacet
  facet normal -0.9510565162951536 0.3090169943749475 0
    outer loop
      vertex -5.327207386207471 1.3677943794067016 5
      vertex -5.113770672385383 2.0246850397657283 2
      vertex -5.327207386207471 1.3677943794067016 2
    endloop
  endfacet
  facet normal -0.9048270524660192 0.42577929156507327 0
    outer loop
      vertex -5.113770672385383 2.0246850397657283 5
      vertex -4.819686740241249 2.6496452075594346 2
      vertex -5.113770672385383 2.0246850397657283 2
    endloop
  endfacet
  facet normal -0.8443279255020159 0.5358267949789952 0
    outer loop
      vertex -4.819686740241249 2.6496452075594346 5
      vertex -4.449593469062211 3.232818887608602 2
      vertex -4.819686740241249 2.6496452075594346 2
    endloop
  endfacet
  facet normal -0.9980267284282717 0.0627905195293132 0
    outer loop
      vertex -5.5 0 5
      vertex -5.456630857229628 0.6893327846036723 5
      vertex -5.456630857229628 0.6893327846036723 2
    endloop
  endfacet
  facet normal -0.9822872507286887 0.18738131458572493 0
    outer loop
      vertex -5.456630857229628 0.6893327846036723 5
      vertex -5.327207386207471 1.3677943794067016 5
      vertex -5.327207386207471 1.3677943794067016 2
    endloop
  endfacet
  facet normal 0 0 1
    outer loop
      vertex -5.456630857229628 -0.6893327846036723 5
      vertex -5.456630857229628 0.6893327846036723 5
      vertex -5.5 0 5
    endloop
  endfacet
  facet normal 0 0 1
    outer loop
      vertex -5.327207386207471 -1.3677943794067016 5
      vertex -5.327207386207471 1.3677943794067016 5
      vertex -5.456630857229628 0.6893327846036723 5
    endloop
  endfacet
  facet normal 0 0 1
    outer loop
      vertex -5.113770672385383 -2.0246850397657283 5
      vertex -5.113770672385383 2.0246850397657283 5
      vertex -5.327207386207471 1.3677943794067016 5
    endloop
  endfacet
  facet normal 0 0 1
    outer loop
      vertex -4.819686740241249 -2.6496452075594346 5
      vertex -4.819686740241249 2.6496452075594346 5
      vertex -5.113770672385383 2.0246850397657283 5
    endloop
  endfacet
  facet normal -0.9510565162951536 0.3090169943749475 0
    outer loop
      vertex -5.327207386207471 1.3677943794067016 5
      vertex -5.113770672385383 2.0246850397657283 5
      vertex -5.113770672385383 2.0246850397657283 2
    endloop
  endfacet
  facet normal -0.9048270524660192 0.42577929156507327 0
    outer loop
      vertex -5.113770672385383 2.0246850397657283 5
      vertex -4.819686740241249 2.6496452075594346 5
      vertex -4.819686740241249 2.6496452075594346 2
    endloop
  endfacet
  facet normal 0 0 1
    outer loop
      vertex -4.5 0 5
      vertex -4.464516155915151 0.5639995510393683 5
      vertex -4.819686740241249 2.6496452075594346 5
    endloop
  endfacet
  facet normal 0 0 1
    outer loop
      vertex -4.464516155915151 0.5639995510393683 5
      vertex -4.35862422507884 1.119104492241847 5
      vertex -4.819686740241249 2.6496452075594346 5
    endloop
  endfacet
  facet normal -0.8443279255020159 0.5358267949789952 0
    outer loop
      vertex -4.819686740241249 2.6496452075594346 5
      vertex -4.449593469062211 3.232818887608602 5
      vertex -4.449593469062211 3.232818887608602 2
    endloop
  endfacet
  facet normal 0 0 1
    outer loop
      vertex -4.35862422507884 1.119104492241847 5
      vertex -4.449593469062211 3.232818887608602 5
      vertex -4.819686740241249 2.6496452075594346 5
    endloop
  endfacet
  facet normal 0 0 1
    outer loop
      vertex -4.35862422507884 1.119104492241847 5
      vertex -4.183994186497132 1.6565604870810504 5
      vertex -4.449593469062211 3.232818887608602 5
    endloop
  endfacet
  facet normal 0 0 1
    outer loop
      vertex -4.183994186497132 1.6565604870810504 5
      vertex -3.9433800601973856 2.1678915334577193 5
      vertex -4.449593469062211 3.232818887608602 5
    endloop
  endfacet
  facet normal 0 0 1
    outer loop
      vertex -3.9433800601973856 2.1678915334577193 5
      vertex -4.009327450817764 3.765009082607787 5
      vertex -4.449593469062211 3.232818887608602 5
    endloop
  endfacet
  facet normal 0 0 1
    outer loop
      vertex -3.9433800601973856 2.1678915334577193 5
      vertex -3.6405764746872635 2.6450336353161292 5
      vertex -4.009327450817764 3.765009082607787 5
    endloop
  endfacet
  facet normal 0 0 1
    outer loop
      vertex -3.6405764746872635 2.6450336353161292 5
      vertex -3.2803588233963525 3.080461976679098 5
      vertex -4.009327450817764 3.765009082607787 5
    endloop
  endfacet
  facet normal -0.7705132427757891 0.63742398974869 0
    outer loop
      vertex -4.449593469062211 3.232818887608602 5
      vertex -4.009327450817764 3.765009082607787 2
      vertex -4.449593469062211 3.232818887608602 2
    endloop
  endfacet
  facet normal -0.6845471059286892 0.7289686274214111 0
    outer loop
      vertex -4.009327450817764 3.765009082607787 5
      vertex -3.505831943617793 4.237822835266842 2
      vertex -4.009327450817764 3.765009082607787 2
    endloop
  endfacet
  facet normal -0.587785252292472 0.8090169943749481 0
    outer loop
      vertex -3.505831943617793 4.237822835266842 5
      vertex -2.9470473723844823 4.643803590261082 2
      vertex -3.505831943617793 4.237822835266842 2
    endloop
  endfacet
  facet normal -0.7705132427757891 0.63742398974869 0
    outer loop
      vertex -4.449593469062211 3.232818887608602 5
      vertex -4.009327450817764 3.765009082607787 5
      vertex -4.009327450817764 3.765009082607787 2
    endloop
  endfacet
  facet normal -0.6845471059286892 0.7289686274214111 0
    outer loop
      vertex -4.009327450817764 3.765009082607787 5
      vertex -3.505831943617793 4.237822835266842 5
      vertex -3.505831943617793 4.237822835266842 2
    endloop
  endfacet
  facet normal 0 0 1
    outer loop
      vertex -4.009327450817764 3.765009082607787 5
      vertex -3.2803588233963525 3.080461976679098 5
      vertex -3.505831943617793 4.237822835266842 5
    endloop
  endfacet
  facet normal -0.4817536741017161 0.876306680043863 0
    outer loop
      vertex -2.9470473723844823 4.643803590261082 5
      vertex -2.3417861036079 4.9765487885631075 2
      vertex -2.9470473723844823 4.643803590261082 2
    endloop
  endfacet
  facet normal -0.368124552684677 0.9297764858882517 0
    outer loop
      vertex -2.3417861036079 4.9765487885631075 5
      vertex -1.6995934690622108 5.230810839623344 2
      vertex -2.3417861036079 4.9765487885631075 2
    endloop
  endfacet
  facet normal -0.24868988716485532 0.9685831611286309 0
    outer loop
      vertex -1.6995934690622108 5.230810839623344 5
      vertex -1.0305972302214852 5.402579879007788 2
      vertex -1.6995934690622108 5.230810839623344 2
    endloop
  endfacet
  facet normal -0.12533323356430467 0.9921147013144778 0
    outer loop
      vertex -1.0305972302214852 5.402579879007788 5
      vertex -0.3453478574112228 5.489147006355494 2
      vertex -1.0305972302214852 5.402579879007788 2
    endloop
  endfacet
  facet normal 0 1 0
    outer loop
      vertex -0.34534785741122304 5.489147006355494 5
      vertex 0.34534785741122304 5.489147006355494 2
      vertex -0.3453478574112228 5.489147006355494 2
    endloop
  endfacet
  facet normal -0.587785252292472 0.8090169943749481 0
    outer loop
      vertex -3.505831943617793 4.237822835266842 5
      vertex -2.9470473723844823 4.643803590261082 5
      vertex -2.9470473723844823 4.643803590261082 2
    endloop
  endfacet
  facet normal 0 0 1
    outer loop
      vertex -3.2803588233963525 3.080461976679098 5
      vertex -2.868407953869103 3.467309592491052 5
      vertex -3.505831943617793 4.237822835266842 5
    endloop
  endfacet
  facet normal 0 0 1
    outer loop
      vertex -2.868407953869103 3.467309592491052 5
      vertex -2.4112205774054853 3.7994756647590675 5
      vertex -2.9470473723844823 4.643803590261082 5
    endloop
  endfacet
  facet normal 0 0 1
    outer loop
      vertex -2.868407953869103 3.467309592491052 5
      vertex -2.9470473723844823 4.643803590261082 5
      vertex -3.505831943617793 4.237822835266842 5
    endloop
  endfacet
  facet normal 0 0 1
    outer loop
      vertex -2.9470473723844823 4.643803590261082 5
      vertex -2.4112205774054853 3.7994756647590675 5
      vertex -1.9160068120428273 4.071721736097087 5
    endloop
  endfacet
  facet normal 0 0 1
    outer loop
      vertex -2.9470473723844823 4.643803590261082 5
      vertex -1.9160068120428273 4.071721736097087 5
      vertex -2.3417861036079 4.9765487885631075 5
    endloop
  endfacet
  facet normal 0 0 1
    outer loop
      vertex -1.9160068120428273 4.071721736097087 5
      vertex -1.3905764746872633 4.2797543233281905 5
      vertex -2.3417861036079 4.9765487885631075 5
    endloop
  endfacet
  facet normal 0 0 1
    outer loop
      vertex -2.3417861036079 4.9765487885631075 5
      vertex -1.3905764746872633 4.2797543233281905 5
      vertex -1.6995934690622108 5.230810839623344 5
    endloop
  endfacet
  facet normal -0.4817536741017161 0.876306680043863 0
    outer loop
      vertex -2.9470473723844823 4.643803590261082 5
      vertex -2.3417861036079 4.9765487885631075 5
      vertex -2.3417861036079 4.9765487885631075 2
    endloop
  endfacet
  facet normal -0.368124552684677 0.9297764858882517 0
    outer loop
      vertex -2.3417861036079 4.9765487885631075 5
      vertex -1.6995934690622108 5.230810839623344 5
      vertex -1.6995934690622108 5.230810839623344 2
    endloop
  endfacet
  facet normal 0 0 1
    outer loop
      vertex -1.3905764746872633 4.2797543233281905 5
      vertex -0.8432159156357606 4.420292628279099 5
      vertex -1.6995934690622108 5.230810839623344 5
    endloop
  endfacet
  facet normal 0 0 1
    outer loop
      vertex -0.8432159156357606 4.420292628279099 5
      vertex -0.2825573378819095 4.491120277927222 5
      vertex -1.0305972302214852 5.402579879007788 5
    endloop
  endfacet
  facet normal 0 0 1
    outer loop
      vertex -0.2825573378819095 4.491120277927222 5
      vertex 0.28255733788190973 4.491120277927222 5
      vertex -0.34534785741122304 5.489147006355494 5
    endloop
  endfacet
  facet normal -0.24868988716485532 0.9685831611286309 0
    outer loop
      vertex -1.6995934690622108 5.230810839623344 5
      vertex -1.0305972302214852 5.402579879007788 5
      vertex -1.0305972302214852 5.402579879007788 2
    endloop
  endfacet
  facet normal -0.12533323356430473 0.9921147013144778 -1.0046238531667977e-17
    outer loop
      vertex -1.0305972302214852 5.402579879007788 5
      vertex -0.34534785741122304 5.489147006355494 5
      vertex -0.3453478574112228 5.489147006355494 2
    endloop
  endfacet
  facet normal 0 0 1
    outer loop
      vertex -1.6995934690622108 5.230810839623344 5
      vertex -0.8432159156357606 4.420292628279099 5
      vertex -1.0305972302214852 5.402579879007788 5
    endloop
  endfacet
  facet normal 0 0 1
    outer loop
      vertex -1.0305972302214852 5.402579879007788 5
      vertex -0.2825573378819095 4.491120277927222 5
      vertex -0.34534785741122304 5.489147006355494 5
    endloop
  endfacet
  facet normal 0 0 -1
    outer loop
      vertex 0.4719350074431383 -5.473155330372698 0
      vertex 0.4081383769405392 -5.481214719051048 0
      vertex 0.40813837694053895 -4.491120277927221 0
    endloop
  endfacet
  facet normal 0 0 -1
    outer loop
      vertex 1.28387012507446 -5.33755045234554 0
      vertex 1.2179785448072111 -5.3544685346738365 0
      vertex 1.217978544807211 -2.4242391714225553 0
    endloop
  endfacet
  facet normal 0 0 -1
    outer loop
      vertex 2.077868579241013 -5.0810411284725125 0
      vertex 2.008610463437158 -5.1084623563558145 0
      vertex 2.341786103607899 -0.8861922023411325 0
    endloop
  endfacet
  facet normal 0 0 -1
    outer loop
      vertex 2.8417861036078986 -4.701671462466724 0
      vertex 2.767565395172971 -4.742474642217868 0
      vertex 2.9470473723844797 -3.0285915055752004 0
    endloop
  endfacet
  facet normal 0 0 -1
    outer loop
      vertex 0.4719350074431383 -5.473155330372698 0
      vertex 0.40813837694053895 -4.491120277927221 0
      vertex 1.0305972302214854 3.4065264221512392 0
    endloop
  endfacet
  facet normal 0 0 -1
    outer loop
      vertex 1.28387012507446 -5.33755045234554 0
      vertex 1.217978544807211 -2.4242391714225553 0
      vertex 1.6995934690622108 1.2701828813094185 0
    endloop
  endfacet
  facet normal 0 0 -1
    outer loop
      vertex 2.008610463437158 -5.1084623563558145 0
      vertex 2.008610463437158 -0.3191263650142764 0
      vertex 2.341786103607899 -0.8861922023411325 0
    endloop
  endfacet
  facet normal 0 0 -1
    outer loop
      vertex 2.767565395172971 -4.742474642217868 0
      vertex 2.7675653951729724 1.7910192548071455 0
      vertex 2.9470473723844797 -3.0285915055752004 0
    endloop
  endfacet
  facet normal 0 0 -1
    outer loop
      vertex 4.2389417840757275 -3.487453033021158 0
      vertex 4.1432559333664845 -3.603117357400927 0
      vertex 4.1432559333664845 -1.6362768108663264 0
    endloop
  endfacet
  facet normal 0 0 -1
    outer loop
      vertex 4.2389417840757275 -3.487453033021158 0
      vertex 4.1432559333664845 -1.6362768108663264 0
      vertex 4.449593469062211 -0.13924037956769997 0
    endloop
  endfacet
  facet normal 0 -1 0
    outer loop
      vertex 0.3453478574112257 -5.489147006355494 5
      vertex -0.3453478574112257 -5.489147006355494 2
      vertex 0.3453478574112257 -5.489147006355494 2
    endloop
  endfacet
  facet normal 0.12533323356430495 -0.9921147013144778 0
    outer loop
      vertex 1.0305972302214865 -5.402579879007788 5
      vertex 0.3453478574112257 -5.489147006355494 2
      vertex 1.0305972302214865 -5.402579879007788 2
    endloop
  endfacet
  facet normal 0.24868988716485574 -0.9685831611286309 0
    outer loop
      vertex 1.6995934690622108 -5.230810839623344 5
      vertex 1.0305972302214865 -5.402579879007788 2
      vertex 1.6995934690622108 -5.230810839623344 2
    endloop
  endfacet
  facet normal 0.36812455268467786 -0.9297764858882512 0
    outer loop
      vertex 2.341786103607898 -4.9765487885631075 5
      vertex 1.6995934690622108 -5.230810839623344 2
      vertex 2.341786103607898 -4.9765487885631075 2
    endloop
  endfacet
  facet normal 0.481753674101714 -0.8763066800438644 0
    outer loop
      vertex 2.9470473723844792 -4.643803590261085 5
      vertex 2.341786103607898 -4.9765487885631075 2
      vertex 2.9470473723844792 -4.643803590261085 2
    endloop
  endfacet
  facet normal 0.12533323356430495 -0.9921147013144778 0
    outer loop
      vertex 0.3453478574112257 -5.489147006355494 5
      vertex 0.3453478574112257 -5.489147006355494 2
      vertex 1.0305972302214865 -5.402579879007788 5
    endloop
  endfacet
  facet normal 0.24868988716485574 -0.9685831611286309 0
    outer loop
      vertex 1.0305972302214865 -5.402579879007788 5
      vertex 1.0305972302214865 -5.402579879007788 2
      vertex 1.6995934690622108 -5.230810839623344 5
    endloop
  endfacet
  facet normal 0 0 1
    outer loop
      vertex 0.3453478574112257 -5.489147006355494 5
      vertex 1.0305972302214865 -5.402579879007788 5
      vertex 0.28255733788191195 -4.491120277927222 5
    endloop
  endfacet
  facet normal 0 0 1
    outer loop
      vertex 1.0305972302214865 -5.402579879007788 5
      vertex 1.6995934690622108 -5.230810839623344 5
      vertex 0.8432159156357617 -4.420292628279099 5
    endloop
  endfacet
  facet normal 0 0 1
    outer loop
      vertex -0.28255733788191195 -4.491120277927222 5
      vertex 0.3453478574112257 -5.489147006355494 5
      vertex 0.28255733788191195 -4.491120277927222 5
    endloop
  endfacet
  facet normal 0 0 1
    outer loop
      vertex 0.28255733788191195 -4.491120277927222 5
      vertex 1.0305972302214865 -5.402579879007788 5
      vertex 0.8432159156357617 -4.420292628279099 5
    endloop
  endfacet
  facet normal 0 0 1
    outer loop
      vertex 0.8432159156357617 -4.420292628279099 5
      vertex 1.6995934690622108 -5.230810839623344 5
      vertex 1.3905764746872633 -4.2797543233281905 5
    endloop
  endfacet
  facet normal 0.36812455268467786 -0.9297764858882512 0
    outer loop
      vertex 1.6995934690622108 -5.230810839623344 5
      vertex 1.6995934690622108 -5.230810839623344 2
      vertex 2.341786103607898 -4.9765487885631075 5
    endloop
  endfacet
  facet normal 0.481753674101714 -0.8763066800438644 0
    outer loop
      vertex 2.341786103607898 -4.9765487885631075 5
      vertex 2.341786103607898 -4.9765487885631075 2
      vertex 2.9470473723844792 -4.643803590261085 5
    endloop
  endfacet
  facet normal 0.5877852522924729 -0.8090169943749476 0
    outer loop
      vertex 2.9470473723844792 -4.643803590261085 5
      vertex 2.9470473723844792 -4.643803590261085 2
      vertex 3.5058319436177947 -4.23782283526684 5
    endloop
  endfacet
  facet normal 0 0 1
    outer loop
      vertex 1.6995934690622108 -5.230810839623344 5
      vertex 2.341786103607898 -4.9765487885631075 5
      vertex 1.3905764746872633 -4.2797543233281905 5
    endloop
  endfacet
  facet normal 0 0 1
    outer loop
      vertex 1.3905764746872633 -4.2797543233281905 5
      vertex 2.341786103607898 -4.9765487885631075 5
      vertex 1.916006812042826 -4.071721736097088 5
    endloop
  endfacet
  facet normal 0 0 1
    outer loop
      vertex 2.341786103607898 -4.9765487885631075 5
      vertex 2.9470473723844792 -4.643803590261085 5
      vertex 1.916006812042826 -4.071721736097088 5
    endloop
  endfacet
  facet normal 0 0 1
    outer loop
      vertex 1.916006812042826 -4.071721736097088 5
      vertex 2.9470473723844792 -4.643803590261085 5
      vertex 2.411220577405483 -3.799475664759069 5
    endloop
  endfacet
  facet normal 0 0 1
    outer loop
      vertex 2.9470473723844792 -4.643803590261085 5
      vertex 3.5058319436177947 -4.23782283526684 5
      vertex 2.868407953869105 -3.4673095924910506 5
    endloop
  endfacet
  facet normal 0 0 1
    outer loop
      vertex 2.411220577405483 -3.799475664759069 5
      vertex 2.9470473723844792 -4.643803590261085 5
      vertex 2.868407953869105 -3.4673095924910506 5
    endloop
  endfacet
  facet normal 0 0 1
    outer loop
      vertex 3.5058319436177947 -4.23782283526684 5
      vertex 3.2803588233963525 -3.080461976679098 5
      vertex 2.868407953869105 -3.4673095924910506 5
    endloop
  endfacet
  facet normal 0.5877852522924729 -0.8090169943749476 0
    outer loop
      vertex 3.5058319436177947 -4.23782283526684 5
      vertex 2.9470473723844792 -4.643803590261085 2
      vertex 3.5058319436177947 -4.23782283526684 2
    endloop
  endfacet
  facet normal 0.6845471059286891 -0.7289686274214111 0
    outer loop
      vertex 4.009327450817764 -3.765009082607787 5
      vertex 3.5058319436177947 -4.23782283526684 2
      vertex 4.009327450817764 -3.765009082607787 2
    endloop
  endfacet
  facet normal 0.7705132427757891 -0.63742398974869 0
    outer loop
      vertex 4.449593469062211 -3.232818887608602 5
      vertex 4.009327450817764 -3.765009082607787 2
      vertex 4.449593469062211 -3.232818887608602 2
    endloop
  endfacet
  facet normal 0.6845471059286891 -0.7289686274214111 0
    outer loop
      vertex 3.5058319436177947 -4.23782283526684 5
      vertex 3.5058319436177947 -4.23782283526684 2
      vertex 4.009327450817764 -3.765009082607787 5
    endloop
  endfacet
  facet normal 0.7705132427757891 -0.63742398974869 0
    outer loop
      vertex 4.009327450817764 -3.765009082607787 5
      vertex 4.009327450817764 -3.765009082607787 2
      vertex 4.449593469062211 -3.232818887608602 5
    endloop
  endfacet
  facet normal 0 0 1
    outer loop
      vertex 3.5058319436177947 -4.23782283526684 5
      vertex 4.009327450817764 -3.765009082607787 5
      vertex 3.2803588233963525 -3.080461976679098 5
    endloop
  endfacet
  facet normal 0.8443279255020159 -0.5358267949789952 0
    outer loop
      vertex 4.819686740241249 -2.6496452075594346 5
      vertex 4.449593469062211 -3.232818887608602 2
      vertex 4.819686740241249 -2.6496452075594346 2
    endloop
  endfacet
  facet normal 0.904827052466019 -0.4257792915650737 0
    outer loop
      vertex 5.113770672385382 -2.024685039765731 5
      vertex 4.819686740241249 -2.6496452075594346 2
      vertex 5.113770672385382 -2.024685039765731 2
    endloop
  endfacet
  facet normal 0.9510565162951535 -0.3090169943749478 0
    outer loop
      vertex 5.327207386207472 -1.3677943794066993 5
      vertex 5.113770672385382 -2.024685039765731 2
      vertex 5.327207386207472 -1.3677943794066993 2
    endloop
  endfacet
  facet normal 0.9822872507286886 -0.1873813145857242 0
    outer loop
      vertex 5.456630857229628 -0.6893327846036723 5
      vertex 5.327207386207472 -1.3677943794066993 2
      vertex 5.456630857229628 -0.6893327846036723 2
    endloop
  endfacet
  facet normal 0.9980267284282717 -0.0627905195293132 0
    outer loop
      vertex 5.5 0 5
      vertex 5.456630857229628 -0.6893327846036723 2
      vertex 5.5 0 2
    endloop
  endfacet
  facet normal 0.8443279255020159 -0.5358267949789952 0
    outer loop
      vertex 4.449593469062211 -3.232818887608602 5
      vertex 4.449593469062211 -3.232818887608602 2
      vertex 4.819686740241249 -2.6496452075594346 5
    endloop
  endfacet
  facet normal 0 0 1
    outer loop
      vertex 3.2803588233963525 -3.080461976679098 5
      vertex 4.009327450817764 -3.765009082607787 5
      vertex 3.6405764746872635 -2.6450336353161292 5
    endloop
  endfacet
  facet normal 0 0 1
    outer loop
      vertex 4.009327450817764 -3.765009082607787 5
      vertex 3.9433800601973856 -2.1678915334577193 5
      vertex 3.6405764746872635 -2.6450336353161292 5
    endloop
  endfacet
  facet normal 0 0 1
    outer loop
      vertex 4.009327450817764 -3.765009082607787 5
      vertex 4.449593469062211 -3.232818887608602 5
      vertex 3.9433800601973856 -2.1678915334577193 5
    endloop
  endfacet
  facet normal 0 0 1
    outer loop
      vertex 4.449593469062211 -3.232818887608602 5
      vertex 4.183994186497131 -1.6565604870810526 5
      vertex 3.9433800601973856 -2.1678915334577193 5
    endloop
  endfacet
  facet normal 0 0 1
    outer loop
      vertex 4.449593469062211 -3.232818887608602 5
      vertex 4.358624225078841 -1.119104492241845 5
      vertex 4.183994186497131 -1.6565604870810526 5
    endloop
  endfacet
  facet normal 0 0 1
    outer loop
      vertex 4.449593469062211 -3.232818887608602 5
      vertex 4.819686740241249 -2.6496452075594346 5
      vertex 4.358624225078841 -1.119104492241845 5
    endloop
  endfacet
  facet normal 0 0 1
    outer loop
      vertex 4.819686740241249 -2.6496452075594346 5
      vertex 4.464516155915151 -0.5639995510393683 5
      vertex 4.358624225078841 -1.119104492241845 5
    endloop
  endfacet
  facet normal 0 0 1
    outer loop
      vertex 4.819686740241249 -2.6496452075594346 5
      vertex 4.5 0 5
      vertex 4.464516155915151 -0.5639995510393683 5
    endloop
  endfacet
  facet normal 0.904827052466019 -0.4257792915650737 0
    outer loop
      vertex 4.819686740241249 -2.6496452075594346 5
      vertex 4.819686740241249 -2.6496452075594346 2
      vertex 5.113770672385382 -2.024685039765731 5
    endloop
  endfacet
  facet normal 0.9510565162951535 -0.3090169943749478 0
    outer loop
      vertex 5.113770672385382 -2.024685039765731 5
      vertex 5.113770672385382 -2.024685039765731 2
      vertex 5.327207386207472 -1.3677943794066993 5
    endloop
  endfacet
  facet normal 0.9822872507286886 -0.1873813145857242 0
    outer loop
      vertex 5.327207386207472 -1.3677943794066993 5
      vertex 5.327207386207472 -1.3677943794066993 2
      vertex 5.456630857229628 -0.6893327846036723 5
    endloop
  endfacet
  facet normal 0.9980267284282717 -0.0627905195293132 0
    outer loop
      vertex 5.456630857229628 -0.6893327846036723 5
      vertex 5.456630857229628 -0.6893327846036723 2
      vertex 5.5 0 5
    endloop
  endfacet
  facet normal 0 0 1
    outer loop
      vertex 4.819686740241249 -2.6496452075594346 5
      vertex 5.113770672385382 -2.024685039765731 5
      vertex 4.8196867402412495 2.649645207559434 5
    endloop
  endfacet
  facet normal 0 0 1
    outer loop
      vertex 5.113770672385382 -2.024685039765731 5
      vertex 5.327207386207472 -1.3677943794066993 5
      vertex 5.113770672385383 2.0246850397657288 5
    endloop
  endfacet
  facet normal 0 0 1
    outer loop
      vertex 5.327207386207472 -1.3677943794066993 5
      vertex 5.456630857229628 -0.6893327846036723 5
      vertex 5.327207386207471 1.3677943794067013 5
    endloop
  endfacet
  facet normal 0 0 -1
    outer loop
      vertex 2.698307279369118 4.780549613583141 0
      vertex 2.7675653951729724 1.7910192548071455 0
      vertex 2.341786103607899 -0.8861922023411325 0
    endloop
  endfacet
  facet normal 0 0 -1
    outer loop
      vertex 4.642610227529932 2.928673143515005 0
      vertex 4.738296078239175 1.3559776804955819 0
      vertex 4.449593469062211 -0.13924037956769997 0
    endloop
  endfacet
  facet normal 0 0 -1
    outer loop
      vertex 3.408653458928551 4.308427137200693 0
      vertex 3.482874167363478 3.8729194310771993 0
      vertex 2.9470473723844797 -3.0285915055752004 0
    endloop
  endfacet
  facet normal 0.12533323356430473 0.9921147013144778 0
    outer loop
      vertex 0.34534785741122304 5.489147006355494 5
      vertex 1.0305972302214852 5.402579879007788 2
      vertex 0.34534785741122304 5.489147006355494 2
    endloop
  endfacet
  facet normal 0.24868988716485532 0.9685831611286309 0
    outer loop
      vertex 1.0305972302214852 5.402579879007788 5
      vertex 1.6995934690622108 5.230810839623344 2
      vertex 1.0305972302214852 5.402579879007788 2
    endloop
  endfacet
  facet normal 0.5877852522924736 0.809016994374947 0
    outer loop
      vertex 2.9470473723844814 4.643803590261083 5
      vertex 3.5058319436177934 4.23782283526684 2
      vertex 2.9470473723844814 4.643803590261083 2
    endloop
  endfacet
  facet normal 0.368124552684677 0.9297764858882517 0
    outer loop
      vertex 1.6995934690622108 5.230810839623344 5
      vertex 2.3417861036079 4.9765487885631075 2
      vertex 1.6995934690622108 5.230810839623344 2
    endloop
  endfacet
  facet normal 0.4817536741017157 0.8763066800438635 0
    outer loop
      vertex 2.3417861036079 4.9765487885631075 5
      vertex 2.9470473723844814 4.643803590261083 2
      vertex 2.3417861036079 4.9765487885631075 2
    endloop
  endfacet
  facet normal 0 0 1
    outer loop
      vertex 0.28255733788190973 4.491120277927222 5
      vertex 0.8432159156357606 4.420292628279099 5
      vertex 0.34534785741122304 5.489147006355494 5
    endloop
  endfacet
  facet normal 0 0 1
    outer loop
      vertex 0.8432159156357606 4.420292628279099 5
      vertex 1.3905764746872633 4.2797543233281905 5
      vertex 1.0305972302214852 5.402579879007788 5
    endloop
  endfacet
  facet normal 0 1 0
    outer loop
      vertex -0.34534785741122304 5.489147006355494 5
      vertex 0.34534785741122304 5.489147006355494 5
      vertex 0.34534785741122304 5.489147006355494 2
    endloop
  endfacet
  facet normal 0.12533323356430473 0.9921147013144778 0
    outer loop
      vertex 0.34534785741122304 5.489147006355494 5
      vertex 1.0305972302214852 5.402579879007788 5
      vertex 1.0305972302214852 5.402579879007788 2
    endloop
  endfacet
  facet normal 0.24868988716485532 0.9685831611286309 0
    outer loop
      vertex 1.0305972302214852 5.402579879007788 5
      vertex 1.6995934690622108 5.230810839623344 5
      vertex 1.6995934690622108 5.230810839623344 2
    endloop
  endfacet
  facet normal 0 0 1
    outer loop
      vertex -0.34534785741122304 5.489147006355494 5
      vertex 0.28255733788190973 4.491120277927222 5
      vertex 0.34534785741122304 5.489147006355494 5
    endloop
  endfacet
  facet normal 0 0 1
    outer loop
      vertex 0.34534785741122304 5.489147006355494 5
      vertex 0.8432159156357606 4.420292628279099 5
      vertex 1.0305972302214852 5.402579879007788 5
    endloop
  endfacet
  facet normal 0 0 1
    outer loop
      vertex 1.0305972302214852 5.402579879007788 5
      vertex 1.3905764746872633 4.2797543233281905 5
      vertex 1.6995934690622108 5.230810839623344 5
    endloop
  endfacet
  facet normal 0.4817536741017157 0.8763066800438635 0
    outer loop
      vertex 2.3417861036079 4.9765487885631075 5
      vertex 2.9470473723844814 4.643803590261083 5
      vertex 2.9470473723844814 4.643803590261083 2
    endloop
  endfacet
  facet normal 0 0 1
    outer loop
      vertex 1.9160068120428273 4.071721736097087 5
      vertex 1.6995934690622108 5.230810839623344 5
      vertex 1.3905764746872633 4.2797543233281905 5
    endloop
  endfacet
  facet normal 0 0 1
    outer loop
      vertex 1.9160068120428273 4.071721736097087 5
      vertex 2.3417861036079 4.9765487885631075 5
      vertex 1.6995934690622108 5.230810839623344 5
    endloop
  endfacet
  facet normal 0 0 1
    outer loop
      vertex 1.9160068120428273 4.071721736097087 5
      vertex 2.411220577405485 3.799475664759068 5
      vertex 2.3417861036079 4.9765487885631075 5
    endloop
  endfacet
  facet normal 0 0 1
    outer loop
      vertex 3.280358823396352 3.080461976679099 5
      vertex 2.9470473723844814 4.643803590261083 5
      vertex 2.868407953869104 3.467309592491051 5
    endloop
  endfacet
  facet normal 0 0 1
    outer loop
      vertex 3.280358823396352 3.080461976679099 5
      vertex 3.5058319436177934 4.23782283526684 5
      vertex 2.9470473723844814 4.643803590261083 5
    endloop
  endfacet
  facet normal 0 0 1
    outer loop
      vertex 2.411220577405485 3.799475664759068 5
      vertex 2.868407953869104 3.467309592491051 5
      vertex 2.3417861036079 4.9765487885631075 5
    endloop
  endfacet
  facet normal 0 0 1
    outer loop
      vertex 2.3417861036079 4.9765487885631075 5
      vertex 2.868407953869104 3.467309592491051 5
      vertex 2.9470473723844814 4.643803590261083 5
    endloop
  endfacet
  facet normal 0.368124552684677 0.9297764858882517 0
    outer loop
      vertex 1.6995934690622108 5.230810839623344 5
      vertex 2.3417861036079 4.9765487885631075 5
      vertex 2.3417861036079 4.9765487885631075 2
    endloop
  endfacet
  facet normal 0.8443279255020155 0.535826794978996 0
    outer loop
      vertex 4.449593469062211 3.232818887608602 5
      vertex 4.8196867402412495 2.649645207559434 2
      vertex 4.449593469062211 3.232818887608602 2
    endloop
  endfacet
  facet normal 0.9980267284282717 0.0627905195293131 0
    outer loop
      vertex 5.456630857229628 0.6893327846036734 5
      vertex 5.5 0 2
      vertex 5.456630857229628 0.6893327846036734 2
    endloop
  endfacet
  facet normal 0.9822872507286887 0.18738131458572524 0
    outer loop
      vertex 5.327207386207471 1.3677943794067013 5
      vertex 5.456630857229628 0.6893327846036734 2
      vertex 5.327207386207471 1.3677943794067013 2
    endloop
  endfacet
  facet normal 0.9510565162951538 0.3090169943749473 0
    outer loop
      vertex 5.113770672385383 2.0246850397657288 5
      vertex 5.327207386207471 1.3677943794067013 2
      vertex 5.113770672385383 2.0246850397657288 2
    endloop
  endfacet
  facet normal 0.9048270524660195 0.4257792915650727 0
    outer loop
      vertex 4.8196867402412495 2.649645207559434 5
      vertex 5.113770672385383 2.0246850397657288 2
      vertex 4.8196867402412495 2.649645207559434 2
    endloop
  endfacet
  facet normal 0 0 1
    outer loop
      vertex 4.819686740241249 -2.6496452075594346 5
      vertex 4.449593469062211 3.232818887608602 5
      vertex 4.5 0 5
    endloop
  endfacet
  facet normal 0 0 1
    outer loop
      vertex 4.819686740241249 -2.6496452075594346 5
      vertex 4.8196867402412495 2.649645207559434 5
      vertex 4.449593469062211 3.232818887608602 5
    endloop
  endfacet
  facet normal 0 0 1
    outer loop
      vertex 4.464516155915151 0.5639995510393692 5
      vertex 4.5 0 5
      vertex 4.449593469062211 3.232818887608602 5
    endloop
  endfacet
  facet normal 0.8443279255020155 0.535826794978996 0
    outer loop
      vertex 4.8196867402412495 2.649645207559434 5
      vertex 4.8196867402412495 2.649645207559434 2
      vertex 4.449593469062211 3.232818887608602 5
    endloop
  endfacet
  facet normal 0 0 1
    outer loop
      vertex 3.943380060197386 2.167891533457719 5
      vertex 4.183994186497131 1.6565604870810509 5
      vertex 4.009327450817763 3.765009082607788 5
    endloop
  endfacet
  facet normal 0 0 1
    outer loop
      vertex 3.6405764746872635 2.6450336353161292 5
      vertex 3.943380060197386 2.167891533457719 5
      vertex 4.009327450817763 3.765009082607788 5
    endloop
  endfacet
  facet normal 0 0 1
    outer loop
      vertex 4.464516155915151 0.5639995510393692 5
      vertex 4.449593469062211 3.232818887608602 5
      vertex 4.35862422507884 1.1191044922418465 5
    endloop
  endfacet
  facet normal 0 0 1
    outer loop
      vertex 4.35862422507884 1.1191044922418465 5
      vertex 4.449593469062211 3.232818887608602 5
      vertex 4.183994186497131 1.6565604870810509 5
    endloop
  endfacet
  facet normal 0 0 1
    outer loop
      vertex 4.183994186497131 1.6565604870810509 5
      vertex 4.449593469062211 3.232818887608602 5
      vertex 4.009327450817763 3.765009082607788 5
    endloop
  endfacet
  facet normal 0.9980267284282717 0.0627905195293131 0
    outer loop
      vertex 5.5 0 5
      vertex 5.5 0 2
      vertex 5.456630857229628 0.6893327846036734 5
    endloop
  endfacet
  facet normal 0.9510565162951538 0.3090169943749473 0
    outer loop
      vertex 5.327207386207471 1.3677943794067013 5
      vertex 5.327207386207471 1.3677943794067013 2
      vertex 5.113770672385383 2.0246850397657288 5
    endloop
  endfacet
  facet normal 0.9822872507286887 0.18738131458572524 0
    outer loop
      vertex 5.456630857229628 0.6893327846036734 5
      vertex 5.456630857229628 0.6893327846036734 2
      vertex 5.327207386207471 1.3677943794067013 5
    endloop
  endfacet
  facet normal 0 0 1
    outer loop
      vertex 5.327207386207472 -1.3677943794066993 5
      vertex 5.327207386207471 1.3677943794067013 5
      vertex 5.113770672385383 2.0246850397657288 5
    endloop
  endfacet
  facet normal 0 0 1
    outer loop
      vertex 5.456630857229628 -0.6893327846036723 5
      vertex 5.5 0 5
      vertex 5.456630857229628 0.6893327846036734 5
    endloop
  endfacet
  facet normal 0 0 1
    outer loop
      vertex 5.456630857229628 -0.6893327846036723 5
      vertex 5.456630857229628 0.6893327846036734 5
      vertex 5.327207386207471 1.3677943794067013 5
    endloop
  endfacet
  facet normal 0 0 1
    outer loop
      vertex 5.113770672385382 -2.024685039765731 5
      vertex 5.113770672385383 2.0246850397657288 5
      vertex 4.8196867402412495 2.649645207559434 5
    endloop
  endfacet
  facet normal 0.9048270524660195 0.4257792915650727 0
    outer loop
      vertex 5.113770672385383 2.0246850397657288 5
      vertex 5.113770672385383 2.0246850397657288 2
      vertex 4.8196867402412495 2.649645207559434 5
    endloop
  endfacet
  facet normal 0.6845471059286877 0.7289686274214124 0
    outer loop
      vertex 3.5058319436177934 4.23782283526684 5
      vertex 4.009327450817763 3.765009082607788 2
      vertex 3.5058319436177934 4.23782283526684 2
    endloop
  endfacet
  facet normal 0.7705132427757893 0.6374239897486899 0
    outer loop
      vertex 4.009327450817763 3.765009082607788 5
      vertex 4.449593469062211 3.232818887608602 2
      vertex 4.009327450817763 3.765009082607788 2
    endloop
  endfacet
  facet normal 0.6845471059286877 0.7289686274214124 0
    outer loop
      vertex 4.009327450817763 3.765009082607788 5
      vertex 4.009327450817763 3.765009082607788 2
      vertex 3.5058319436177934 4.23782283526684 5
    endloop
  endfacet
  facet normal 0.5877852522924736 0.809016994374947 0
    outer loop
      vertex 2.9470473723844814 4.643803590261083 5
      vertex 3.5058319436177934 4.23782283526684 5
      vertex 3.5058319436177934 4.23782283526684 2
    endloop
  endfacet
  facet normal 0.7705132427757893 0.6374239897486899 0
    outer loop
      vertex 4.009327450817763 3.765009082607788 5
      vertex 4.449593469062211 3.232818887608602 5
      vertex 4.449593469062211 3.232818887608602 2
    endloop
  endfacet
  facet normal 0 0 1
    outer loop
      vertex 3.6405764746872635 2.6450336353161292 5
      vertex 3.5058319436177934 4.23782283526684 5
      vertex 3.280358823396352 3.080461976679099 5
    endloop
  endfacet
  facet normal 0 0 1
    outer loop
      vertex 3.6405764746872635 2.6450336353161292 5
      vertex 4.009327450817763 3.765009082607788 5
      vertex 3.5058319436177934 4.23782283526684 5
    endloop
  endfacet
  facet normal 0.9048270524660192 0.4257792915650733 0
    outer loop
      vertex -4.183994186497132 -1.6565604870810504 5
      vertex -3.9433800601973856 -2.1678915334577193 2
      vertex -4.183994186497132 -1.6565604870810504 2
    endloop
  endfacet
  facet normal 0.770513242775789 0.63742398974869 0
    outer loop
      vertex -3.6405764746872635 -2.6450336353161292 5
      vertex -3.2803588233963525 -3.080461976679098 2
      vertex -3.6405764746872635 -2.6450336353161292 2
    endloop
  endfacet
  facet normal 0.8443279255020154 0.5358267949789962 0
    outer loop
      vertex -3.9433800601973856 -2.1678915334577193 5
      vertex -3.6405764746872635 -2.6450336353161292 2
      vertex -3.9433800601973856 -2.1678915334577193 2
    endloop
  endfacet
  facet normal 0.9510565162951538 0.30901699437494684 0
    outer loop
      vertex -4.35862422507884 -1.119104492241847 5
      vertex -4.183994186497132 -1.6565604870810504 2
      vertex -4.35862422507884 -1.119104492241847 2
    endloop
  endfacet
  facet normal 0.9980267284282716 0.06279051952931262 0
    outer loop
      vertex -4.5 0 5
      vertex -4.464516155915151 -0.5639995510393683 2
      vertex -4.5 0 2
    endloop
  endfacet
  facet normal 0.9822872507286886 0.1873813145857254 0
    outer loop
      vertex -4.464516155915151 -0.5639995510393683 5
      vertex -4.35862422507884 -1.119104492241847 2
      vertex -4.464516155915151 -0.5639995510393683 2
    endloop
  endfacet
  facet normal 0.8443279255020154 0.5358267949789962 0
    outer loop
      vertex -3.9433800601973856 -2.1678915334577193 5
      vertex -3.6405764746872635 -2.6450336353161292 5
      vertex -3.6405764746872635 -2.6450336353161292 2
    endloop
  endfacet
  facet normal 0.770513242775789 0.63742398974869 0
    outer loop
      vertex -3.2803588233963525 -3.080461976679098 5
      vertex -3.2803588233963525 -3.080461976679098 2
      vertex -3.6405764746872635 -2.6450336353161292 5
    endloop
  endfacet
  facet normal 0.9048270524660192 0.4257792915650733 0
    outer loop
      vertex -4.183994186497132 -1.6565604870810504 5
      vertex -3.9433800601973856 -2.1678915334577193 5
      vertex -3.9433800601973856 -2.1678915334577193 2
    endloop
  endfacet
  facet normal 0.9510565162951538 0.30901699437494684 0
    outer loop
      vertex -4.183994186497132 -1.6565604870810504 5
      vertex -4.183994186497132 -1.6565604870810504 2
      vertex -4.35862422507884 -1.119104492241847 5
    endloop
  endfacet
  facet normal 0.9822872507286886 0.1873813145857254 0
    outer loop
      vertex -4.35862422507884 -1.119104492241847 5
      vertex -4.35862422507884 -1.119104492241847 2
      vertex -4.464516155915151 -0.5639995510393683 5
    endloop
  endfacet
  facet normal 0.9980267284282716 0.06279051952931262 0
    outer loop
      vertex -4.464516155915151 -0.5639995510393683 5
      vertex -4.464516155915151 -0.5639995510393683 2
      vertex -4.5 0 5
    endloop
  endfacet
  facet normal 0.5877852522924731 0.8090169943749475 0
    outer loop
      vertex -2.868407953869103 -3.467309592491052 5
      vertex -2.4112205774054853 -3.7994756647590675 2
      vertex -2.868407953869103 -3.467309592491052 2
    endloop
  endfacet
  facet normal 0.3681245526846769 0.9297764858882518 0
    outer loop
      vertex -1.916006812042826 -4.071721736097088 5
      vertex -1.3905764746872633 -4.2797543233281905 2
      vertex -1.916006812042826 -4.071721736097088 2
    endloop
  endfacet
  facet normal 0.4817536741017152 0.8763066800438636 0
    outer loop
      vertex -2.4112205774054853 -3.7994756647590675 5
      vertex -1.916006812042826 -4.071721736097088 2
      vertex -2.4112205774054853 -3.7994756647590675 2
    endloop
  endfacet
  facet normal 0.2486898871648558 0.9685831611286309 0
    outer loop
      vertex -1.3905764746872633 -4.2797543233281905 5
      vertex -0.8432159156357617 -4.420292628279099 2
      vertex -1.3905764746872633 -4.2797543233281905 2
    endloop
  endfacet
  facet normal 0.12533323356430498 0.9921147013144778 0
    outer loop
      vertex -0.8432159156357617 -4.420292628279099 5
      vertex -0.28255733788191195 -4.491120277927222 2
      vertex -0.8432159156357617 -4.420292628279099 2
    endloop
  endfacet
  facet normal 0 1 0
    outer loop
      vertex -0.28255733788191195 -4.491120277927222 5
      vertex 0.28255733788191245 -4.491120277927222 2
      vertex -0.28255733788191195 -4.491120277927222 2
    endloop
  endfacet
  facet normal 0.6845471059286888 0.7289686274214114 0
    outer loop
      vertex -2.868407953869103 -3.467309592491052 5
      vertex -2.868407953869103 -3.467309592491052 2
      vertex -3.2803588233963525 -3.080461976679098 5
    endloop
  endfacet
  facet normal 0.5877852522924731 0.8090169943749475 0
    outer loop
      vertex -2.868407953869103 -3.467309592491052 5
      vertex -2.4112205774054853 -3.7994756647590675 5
      vertex -2.4112205774054853 -3.7994756647590675 2
    endloop
  endfacet
  facet normal 0.4817536741017152 0.8763066800438636 0
    outer loop
      vertex -2.4112205774054853 -3.7994756647590675 5
      vertex -1.916006812042826 -4.071721736097088 5
      vertex -1.916006812042826 -4.071721736097088 2
    endloop
  endfacet
  facet normal 0.3681245526846769 0.9297764858882518 0
    outer loop
      vertex -1.3905764746872633 -4.2797543233281905 5
      vertex -1.3905764746872633 -4.2797543233281905 2
      vertex -1.916006812042826 -4.071721736097088 5
    endloop
  endfacet
  facet normal 0.2486898871648558 0.9685831611286309 0
    outer loop
      vertex -1.3905764746872633 -4.2797543233281905 5
      vertex -0.8432159156357617 -4.420292628279099 5
      vertex -0.8432159156357617 -4.420292628279099 2
    endloop
  endfacet
  facet normal 0.12533323356430498 0.9921147013144778 0
    outer loop
      vertex -0.8432159156357617 -4.420292628279099 5
      vertex -0.28255733788191195 -4.491120277927222 5
      vertex -0.28255733788191195 -4.491120277927222 2
    endloop
  endfacet
  facet normal 0.6845471059286888 0.7289686274214114 0
    outer loop
      vertex -3.2803588233963525 -3.080461976679098 5
      vertex -2.868407953869103 -3.467309592491052 2
      vertex -3.2803588233963525 -3.080461976679098 2
    endloop
  endfacet
  facet normal 0.9980267284282716 -0.06279051952931262 0
    outer loop
      vertex -4.464516155915151 0.5639995510393683 5
      vertex -4.5 0 2
      vertex -4.464516155915151 0.5639995510393683 2
    endloop
  endfacet
  facet normal 0.9822872507286886 -0.1873813145857254 0
    outer loop
      vertex -4.35862422507884 1.119104492241847 5
      vertex -4.464516155915151 0.5639995510393683 2
      vertex -4.35862422507884 1.119104492241847 2
    endloop
  endfacet
  facet normal 0.9510565162951538 -0.30901699437494684 0
    outer loop
      vertex -4.183994186497132 1.6565604870810504 5
      vertex -4.35862422507884 1.119104492241847 2
      vertex -4.183994186497132 1.6565604870810504 2
    endloop
  endfacet
  facet normal 0.9048270524660192 -0.4257792915650733 0
    outer loop
      vertex -3.9433800601973856 2.1678915334577193 5
      vertex -4.183994186497132 1.6565604870810504 2
      vertex -3.9433800601973856 2.1678915334577193 2
    endloop
  endfacet
  facet normal 0.8443279255020154 -0.5358267949789962 0
    outer loop
      vertex -3.6405764746872635 2.6450336353161292 5
      vertex -3.9433800601973856 2.1678915334577193 2
      vertex -3.6405764746872635 2.6450336353161292 2
    endloop
  endfacet
  facet normal 0.770513242775789 -0.63742398974869 0
    outer loop
      vertex -3.2803588233963525 3.080461976679098 5
      vertex -3.6405764746872635 2.6450336353161292 2
      vertex -3.2803588233963525 3.080461976679098 2
    endloop
  endfacet
  facet normal 0.9980267284282716 -0.06279051952931262 0
    outer loop
      vertex -4.5 0 5
      vertex -4.5 0 2
      vertex -4.464516155915151 0.5639995510393683 5
    endloop
  endfacet
  facet normal 0.9822872507286886 -0.1873813145857254 0
    outer loop
      vertex -4.464516155915151 0.5639995510393683 5
      vertex -4.464516155915151 0.5639995510393683 2
      vertex -4.35862422507884 1.119104492241847 5
    endloop
  endfacet
  facet normal 0.9510565162951538 -0.30901699437494684 0
    outer loop
      vertex -4.35862422507884 1.119104492241847 5
      vertex -4.35862422507884 1.119104492241847 2
      vertex -4.183994186497132 1.6565604870810504 5
    endloop
  endfacet
  facet normal 0.9048270524660192 -0.4257792915650733 0
    outer loop
      vertex -4.183994186497132 1.6565604870810504 5
      vertex -4.183994186497132 1.6565604870810504 2
      vertex -3.9433800601973856 2.1678915334577193 5
    endloop
  endfacet
  facet normal 0.8443279255020154 -0.5358267949789962 0
    outer loop
      vertex -3.9433800601973856 2.1678915334577193 5
      vertex -3.9433800601973856 2.1678915334577193 2
      vertex -3.6405764746872635 2.6450336353161292 5
    endloop
  endfacet
  facet normal 0.770513242775789 -0.63742398974869 0
    outer loop
      vertex -3.6405764746872635 2.6450336353161292 5
      vertex -3.6405764746872635 2.6450336353161292 2
      vertex -3.2803588233963525 3.080461976679098 5
    endloop
  endfacet
  facet normal 0.6845471059286888 -0.7289686274214114 0
    outer loop
      vertex -3.2803588233963525 3.080461976679098 5
      vertex -3.2803588233963525 3.080461976679098 2
      vertex -2.868407953869103 3.467309592491052 5
    endloop
  endfacet
  facet normal 0.6845471059286888 -0.7289686274214114 0
    outer loop
      vertex -2.868407953869103 3.467309592491052 5
      vertex -3.2803588233963525 3.080461976679098 2
      vertex -2.868407953869103 3.467309592491052 2
    endloop
  endfacet
  facet normal 0.5877852522924731 -0.8090169943749475 0
    outer loop
      vertex -2.4112205774054853 3.7994756647590675 5
      vertex -2.868407953869103 3.467309592491052 2
      vertex -2.4112205774054853 3.7994756647590675 2
    endloop
  endfacet
  facet normal 0.481753674101715 -0.8763066800438637 0
    outer loop
      vertex -1.9160068120428273 4.071721736097087 5
      vertex -2.4112205774054853 3.7994756647590675 2
      vertex -1.9160068120428273 4.071721736097087 2
    endloop
  endfacet
  facet normal 0.3681245526846775 -0.9297764858882516 0
    outer loop
      vertex -1.3905764746872633 4.2797543233281905 5
      vertex -1.9160068120428273 4.071721736097087 2
      vertex -1.3905764746872633 4.2797543233281905 2
    endloop
  endfacet
  facet normal 0.24868988716485532 -0.968583161128631 0
    outer loop
      vertex -0.8432159156357606 4.420292628279099 5
      vertex -1.3905764746872633 4.2797543233281905 2
      vertex -0.8432159156357606 4.420292628279099 2
    endloop
  endfacet
  facet normal 0.12533323356430473 -0.9921147013144778 -9.276522776920905e-18
    outer loop
      vertex -0.2825573378819095 4.491120277927222 5
      vertex -0.8432159156357606 4.420292628279099 2
      vertex -0.28255733788190973 4.491120277927222 2
    endloop
  endfacet
  facet normal 0.5877852522924731 -0.8090169943749475 0
    outer loop
      vertex -2.868407953869103 3.467309592491052 5
      vertex -2.868407953869103 3.467309592491052 2
      vertex -2.4112205774054853 3.7994756647590675 5
    endloop
  endfacet
  facet normal 0.481753674101715 -0.8763066800438637 0
    outer loop
      vertex -2.4112205774054853 3.7994756647590675 5
      vertex -2.4112205774054853 3.7994756647590675 2
      vertex -1.9160068120428273 4.071721736097087 5
    endloop
  endfacet
  facet normal 0.3681245526846775 -0.9297764858882516 0
    outer loop
      vertex -1.9160068120428273 4.071721736097087 5
      vertex -1.9160068120428273 4.071721736097087 2
      vertex -1.3905764746872633 4.2797543233281905 5
    endloop
  endfacet
  facet normal 0.24868988716485532 -0.968583161128631 0
    outer loop
      vertex -1.3905764746872633 4.2797543233281905 5
      vertex -1.3905764746872633 4.2797543233281905 2
      vertex -0.8432159156357606 4.420292628279099 5
    endloop
  endfacet
  facet normal 0.12533323356430467 -0.9921147013144778 0
    outer loop
      vertex -0.8432159156357606 4.420292628279099 5
      vertex -0.8432159156357606 4.420292628279099 2
      vertex -0.2825573378819095 4.491120277927222 5
    endloop
  endfacet
  facet normal 0 -1 0
    outer loop
      vertex -0.2825573378819095 4.491120277927222 5
      vertex -0.28255733788190973 4.491120277927222 2
      vertex 0.28255733788190973 4.491120277927222 5
    endloop
  endfacet
  facet normal -0.1253332335643051 0.9921147013144778 -2.0872176248072098e-17
    outer loop
      vertex 0.28255733788191195 -4.491120277927222 5
      vertex 0.8432159156357617 -4.420292628279099 2
      vertex 0.28255733788191245 -4.491120277927222 2
    endloop
  endfacet
  facet normal -0.2486898871648558 0.9685831611286309 0
    outer loop
      vertex 0.8432159156357617 -4.420292628279099 5
      vertex 1.3905764746872633 -4.2797543233281905 2
      vertex 0.8432159156357617 -4.420292628279099 2
    endloop
  endfacet
  facet normal -0.3681245526846769 0.9297764858882518 0
    outer loop
      vertex 1.3905764746872633 -4.2797543233281905 5
      vertex 1.916006812042826 -4.071721736097088 2
      vertex 1.3905764746872633 -4.2797543233281905 2
    endloop
  endfacet
  facet normal -0.4817536741017151 0.8763066800438638 0
    outer loop
      vertex 1.916006812042826 -4.071721736097088 5
      vertex 2.411220577405483 -3.799475664759069 2
      vertex 1.916006812042826 -4.071721736097088 2
    endloop
  endfacet
  facet normal -0.5877852522924729 0.8090169943749477 0
    outer loop
      vertex 2.411220577405483 -3.799475664759069 5
      vertex 2.868407953869105 -3.4673095924910506 2
      vertex 2.411220577405483 -3.799475664759069 2
    endloop
  endfacet
  facet normal -0.6845471059286892 0.728968627421411 0
    outer loop
      vertex 2.868407953869105 -3.4673095924910506 5
      vertex 3.2803588233963525 -3.080461976679098 2
      vertex 2.868407953869105 -3.4673095924910506 2
    endloop
  endfacet
  facet normal 0 1 0
    outer loop
      vertex -0.28255733788191195 -4.491120277927222 5
      vertex 0.28255733788191195 -4.491120277927222 5
      vertex 0.28255733788191245 -4.491120277927222 2
    endloop
  endfacet
  facet normal -0.12533323356430498 0.9921147013144778 0
    outer loop
      vertex 0.28255733788191195 -4.491120277927222 5
      vertex 0.8432159156357617 -4.420292628279099 5
      vertex 0.8432159156357617 -4.420292628279099 2
    endloop
  endfacet
  facet normal -0.2486898871648558 0.9685831611286309 0
    outer loop
      vertex 0.8432159156357617 -4.420292628279099 5
      vertex 1.3905764746872633 -4.2797543233281905 5
      vertex 1.3905764746872633 -4.2797543233281905 2
    endloop
  endfacet
  facet normal -0.3681245526846769 0.9297764858882518 0
    outer loop
      vertex 1.3905764746872633 -4.2797543233281905 5
      vertex 1.916006812042826 -4.071721736097088 5
      vertex 1.916006812042826 -4.071721736097088 2
    endloop
  endfacet
  facet normal -0.4817536741017151 0.8763066800438638 0
    outer loop
      vertex 1.916006812042826 -4.071721736097088 5
      vertex 2.411220577405483 -3.799475664759069 5
      vertex 2.411220577405483 -3.799475664759069 2
    endloop
  endfacet
  facet normal -0.5877852522924729 0.8090169943749477 0
    outer loop
      vertex 2.411220577405483 -3.799475664759069 5
      vertex 2.868407953869105 -3.4673095924910506 5
      vertex 2.868407953869105 -3.4673095924910506 2
    endloop
  endfacet
  facet normal -0.6845471059286892 0.728968627421411 0
    outer loop
      vertex 2.868407953869105 -3.4673095924910506 5
      vertex 3.2803588233963525 -3.080461976679098 5
      vertex 3.2803588233963525 -3.080461976679098 2
    endloop
  endfacet
  facet normal -0.770513242775789 0.63742398974869 0
    outer loop
      vertex 3.2803588233963525 -3.080461976679098 5
      vertex 3.6405764746872635 -2.6450336353161292 2
      vertex 3.2803588233963525 -3.080461976679098 2
    endloop
  endfacet
  facet normal -0.8443279255020154 0.5358267949789962 0
    outer loop
      vertex 3.6405764746872635 -2.6450336353161292 5
      vertex 3.9433800601973856 -2.1678915334577193 2
      vertex 3.6405764746872635 -2.6450336353161292 2
    endloop
  endfacet
  facet normal -0.9048270524660192 0.4257792915650736 0
    outer loop
      vertex 3.9433800601973856 -2.1678915334577193 5
      vertex 4.183994186497131 -1.6565604870810526 2
      vertex 3.9433800601973856 -2.1678915334577193 2
    endloop
  endfacet
  facet normal -0.9510565162951536 0.3090169943749475 0
    outer loop
      vertex 4.183994186497131 -1.6565604870810526 5
      vertex 4.358624225078841 -1.119104492241845 2
      vertex 4.183994186497131 -1.6565604870810526 2
    endloop
  endfacet
  facet normal -0.9822872507286886 0.18738131458572452 0
    outer loop
      vertex 4.358624225078841 -1.119104492241845 5
      vertex 4.464516155915151 -0.5639995510393683 2
      vertex 4.358624225078841 -1.119104492241845 2
    endloop
  endfacet
  facet normal -0.9980267284282716 0.06279051952931262 0
    outer loop
      vertex 4.464516155915151 -0.5639995510393683 5
      vertex 4.5 0 2
      vertex 4.464516155915151 -0.5639995510393683 2
    endloop
  endfacet
  facet normal -0.770513242775789 0.63742398974869 0
    outer loop
      vertex 3.2803588233963525 -3.080461976679098 5
      vertex 3.6405764746872635 -2.6450336353161292 5
      vertex 3.6405764746872635 -2.6450336353161292 2
    endloop
  endfacet
  facet normal -0.8443279255020154 0.5358267949789962 0
    outer loop
      vertex 3.6405764746872635 -2.6450336353161292 5
      vertex 3.9433800601973856 -2.1678915334577193 5
      vertex 3.9433800601973856 -2.1678915334577193 2
    endloop
  endfacet
  facet normal -0.9048270524660192 0.4257792915650736 0
    outer loop
      vertex 3.9433800601973856 -2.1678915334577193 5
      vertex 4.183994186497131 -1.6565604870810526 5
      vertex 4.183994186497131 -1.6565604870810526 2
    endloop
  endfacet
  facet normal -0.9510565162951536 0.3090169943749475 0
    outer loop
      vertex 4.183994186497131 -1.6565604870810526 5
      vertex 4.358624225078841 -1.119104492241845 5
      vertex 4.358624225078841 -1.119104492241845 2
    endloop
  endfacet
  facet normal -0.9822872507286886 0.18738131458572452 0
    outer loop
      vertex 4.358624225078841 -1.119104492241845 5
      vertex 4.464516155915151 -0.5639995510393683 5
      vertex 4.464516155915151 -0.5639995510393683 2
    endloop
  endfacet
  facet normal -0.9980267284282716 0.06279051952931262 0
    outer loop
      vertex 4.464516155915151 -0.5639995510393683 5
      vertex 4.5 0 5
      vertex 4.5 0 2
    endloop
  endfacet
  facet normal -0.6845471059286883 -0.7289686274214118 0
    outer loop
      vertex 3.280358823396352 3.080461976679099 5
      vertex 2.868407953869104 3.467309592491051 2
      vertex 3.280358823396352 3.080461976679099 2
    endloop
  endfacet
  facet normal 0 -1 0
    outer loop
      vertex 0.28255733788190973 4.491120277927222 5
      vertex -0.28255733788190973 4.491120277927222 2
      vertex 0.28255733788190973 4.491120277927222 2
    endloop
  endfacet
  facet normal -0.12533323356430473 -0.9921147013144778 0
    outer loop
      vertex 0.8432159156357606 4.420292628279099 5
      vertex 0.28255733788190973 4.491120277927222 2
      vertex 0.8432159156357606 4.420292628279099 2
    endloop
  endfacet
  facet normal -0.24868988716485532 -0.968583161128631 0
    outer loop
      vertex 1.3905764746872633 4.2797543233281905 5
      vertex 0.8432159156357606 4.420292628279099 2
      vertex 1.3905764746872633 4.2797543233281905 2
    endloop
  endfacet
  facet normal -0.4817536741017147 -0.8763066800438638 0
    outer loop
      vertex 2.411220577405485 3.799475664759068 5
      vertex 1.9160068120428273 4.071721736097087 2
      vertex 2.411220577405485 3.799475664759068 2
    endloop
  endfacet
  facet normal -0.3681245526846775 -0.9297764858882516 0
    outer loop
      vertex 1.9160068120428273 4.071721736097087 5
      vertex 1.3905764746872633 4.2797543233281905 2
      vertex 1.9160068120428273 4.071721736097087 2
    endloop
  endfacet
  facet normal -0.5877852522924735 -0.8090169943749471 0
    outer loop
      vertex 2.868407953869104 3.467309592491051 5
      vertex 2.411220577405485 3.799475664759068 2
      vertex 2.868407953869104 3.467309592491051 2
    endloop
  endfacet
  facet normal -0.12533323356430473 -0.9921147013144778 0
    outer loop
      vertex 0.28255733788190973 4.491120277927222 5
      vertex 0.28255733788190973 4.491120277927222 2
      vertex 0.8432159156357606 4.420292628279099 5
    endloop
  endfacet
  facet normal -0.24868988716485532 -0.968583161128631 0
    outer loop
      vertex 0.8432159156357606 4.420292628279099 5
      vertex 0.8432159156357606 4.420292628279099 2
      vertex 1.3905764746872633 4.2797543233281905 5
    endloop
  endfacet
  facet normal -0.3681245526846775 -0.9297764858882516 0
    outer loop
      vertex 1.9160068120428273 4.071721736097087 5
      vertex 1.3905764746872633 4.2797543233281905 5
      vertex 1.3905764746872633 4.2797543233281905 2
    endloop
  endfacet
  facet normal -0.4817536741017147 -0.8763066800438638 0
    outer loop
      vertex 1.9160068120428273 4.071721736097087 5
      vertex 1.9160068120428273 4.071721736097087 2
      vertex 2.411220577405485 3.799475664759068 5
    endloop
  endfacet
  facet normal -0.5877852522924735 -0.8090169943749471 0
    outer loop
      vertex 2.411220577405485 3.799475664759068 5
      vertex 2.411220577405485 3.799475664759068 2
      vertex 2.868407953869104 3.467309592491051 5
    endloop
  endfacet
  facet normal -0.6845471059286883 -0.7289686274214118 0
    outer loop
      vertex 3.280358823396352 3.080461976679099 5
      vertex 2.868407953869104 3.467309592491051 5
      vertex 2.868407953869104 3.467309592491051 2
    endloop
  endfacet
  facet normal -0.9822872507286885 -0.18738131458572582 0
    outer loop
      vertex 4.464516155915151 0.5639995510393692 5
      vertex 4.35862422507884 1.1191044922418465 2
      vertex 4.464516155915151 0.5639995510393692 2
    endloop
  endfacet
  facet normal -0.9980267284282716 -0.06279051952931253 0
    outer loop
      vertex 4.5 0 5
      vertex 4.464516155915151 0.5639995510393692 2
      vertex 4.5 0 2
    endloop
  endfacet
  facet normal -0.9510565162951534 -0.30901699437494784 0
    outer loop
      vertex 4.35862422507884 1.1191044922418465 5
      vertex 4.183994186497131 1.6565604870810509 2
      vertex 4.35862422507884 1.1191044922418465 2
    endloop
  endfacet
  facet normal -0.8443279255020152 -0.5358267949789963 0
    outer loop
      vertex 3.943380060197386 2.167891533457719 5
      vertex 3.6405764746872635 2.6450336353161292 2
      vertex 3.943380060197386 2.167891533457719 2
    endloop
  endfacet
  facet normal -0.7705132427757893 -0.6374239897486897 0
    outer loop
      vertex 3.6405764746872635 2.6450336353161292 5
      vertex 3.280358823396352 3.080461976679099 2
      vertex 3.6405764746872635 2.6450336353161292 2
    endloop
  endfacet
  facet normal -0.9048270524660198 -0.42577929156507194 0
    outer loop
      vertex 4.183994186497131 1.6565604870810509 5
      vertex 3.943380060197386 2.167891533457719 2
      vertex 4.183994186497131 1.6565604870810509 2
    endloop
  endfacet
  facet normal -0.9980267284282716 -0.06279051952931253 0
    outer loop
      vertex 4.464516155915151 0.5639995510393692 5
      vertex 4.464516155915151 0.5639995510393692 2
      vertex 4.5 0 5
    endloop
  endfacet
  facet normal -0.9822872507286885 -0.18738131458572582 0
    outer loop
      vertex 4.464516155915151 0.5639995510393692 5
      vertex 4.35862422507884 1.1191044922418465 5
      vertex 4.35862422507884 1.1191044922418465 2
    endloop
  endfacet
  facet normal -0.9510565162951534 -0.30901699437494784 0
    outer loop
      vertex 4.35862422507884 1.1191044922418465 5
      vertex 4.183994186497131 1.6565604870810509 5
      vertex 4.183994186497131 1.6565604870810509 2
    endloop
  endfacet
  facet normal -0.9048270524660198 -0.42577929156507194 0
    outer loop
      vertex 3.943380060197386 2.167891533457719 5
      vertex 3.943380060197386 2.167891533457719 2
      vertex 4.183994186497131 1.6565604870810509 5
    endloop
  endfacet
  facet normal -0.7705132427757893 -0.6374239897486897 0
    outer loop
      vertex 3.6405764746872635 2.6450336353161292 5
      vertex 3.280358823396352 3.080461976679099 5
      vertex 3.280358823396352 3.080461976679099 2
    endloop
  endfacet
  facet normal -0.8443279255020152 -0.5358267949789963 0
    outer loop
      vertex 3.6405764746872635 2.6450336353161292 5
      vertex 3.6405764746872635 2.6450336353161292 2
      vertex 3.943380060197386 2.167891533457719 5
    endloop
  endfacet
  facet normal -0.844327925502015 -0.5358267949789968 0
    outer loop
      vertex -5.258610463437158 -3.8206041399010755 0
      vertex -5.695993420285113 -3.1313988816611498 2
      vertex -5.695993420285113 -3.1313988816611498 0
    endloop
  endfacet
  facet normal -0.7705132427757897 -0.6374239897486892 0
    outer loop
      vertex -5.258610463437158 -3.8206041399010755 0
      vertex -4.738296078239176 -4.449556188536476 0
      vertex -5.258610463437158 -3.8206041399010755 2
    endloop
  endfacet
  facet normal 0 0 -1
    outer loop
      vertex -4.143255933366483 -5.008336078042631 0
      vertex -3.482874167363479 -4.254502636064033 0
      vertex -3.482874167363479 -5.488131515763097 0
    endloop
  endfacet
  facet normal -0.5877852522924726 -0.8090169943749479 0
    outer loop
      vertex -4.143255933366483 -5.008336078042631 0
      vertex -3.482874167363479 -5.488131515763097 0
      vertex -3.482874167363479 -5.488131515763097 2
    endloop
  endfacet
  facet normal 0 0 -1
    outer loop
      vertex -4.143255933366483 -5.008336078042631 0
      vertex -4.738296078239176 -4.449556188536476 0
      vertex -4.143255933366483 -3.6031173574009294 0
    endloop
  endfacet
  facet normal 0 0 -1
    outer loop
      vertex -4.143255933366483 -5.008336078042631 0
      vertex -4.143255933366483 -3.6031173574009294 0
      vertex -4.061095434238156 -3.7024323402530857 0
    endloop
  endfacet
  facet normal 0 0 -1
    outer loop
      vertex -4.143255933366483 -5.008336078042631 0
      vertex -4.061095434238156 -3.7024323402530857 0
      vertex -3.482874167363479 -4.254502636064033 0
    endloop
  endfacet
  facet normal 0 0 -1
    outer loop
      vertex -3.482874167363479 -5.488131515763097 0
      vertex -3.482874167363479 -4.254502636064033 0
      vertex -3.4086534589285518 -4.3084271372006935 0
    endloop
  endfacet
  facet normal 0 0 -1
    outer loop
      vertex -4.061095434238156 -3.7024323402530857 0
      vertex -3.482874167363479 -3.87291943107722 0
      vertex -3.482874167363479 -4.254502636064033 0
    endloop
  endfacet
  facet normal 0 0 -1
    outer loop
      vertex -4.061095434238156 -3.7024323402530857 0
      vertex -4.009327450817764 -2.8796038063011906 0
      vertex -3.482874167363479 -3.87291943107722 0
    endloop
  endfacet
  facet normal -0.6845471059286887 -0.7289686274214114 0
    outer loop
      vertex -4.143255933366483 -5.008336078042631 0
      vertex -4.143255933366483 -5.008336078042631 2
      vertex -4.738296078239176 -4.449556188536476 0
    endloop
  endfacet
  facet normal -0.7705132427757897 -0.6374239897486892 0
    outer loop
      vertex -4.738296078239176 -4.449556188536476 0
      vertex -4.738296078239176 -4.449556188536476 2
      vertex -5.258610463437158 -3.8206041399010755 2
    endloop
  endfacet
  facet normal -0.844327925502015 -0.5358267949789968 0
    outer loop
      vertex -5.258610463437158 -3.8206041399010755 0
      vertex -5.258610463437158 -3.8206041399010755 2
      vertex -5.695993420285113 -3.1313988816611498 2
    endloop
  endfacet
  facet normal 0 0 1
    outer loop
      vertex -5.258610463437158 -3.8206041399010755 2
      vertex -4.738296078239176 -4.449556188536476 2
      vertex -5.113770672385383 -2.0246850397657283 2
    endloop
  endfacet
  facet normal -0.5877852522924726 -0.8090169943749479 0
    outer loop
      vertex -4.143255933366483 -5.008336078042631 0
      vertex -3.482874167363479 -5.488131515763097 2
      vertex -4.143255933366483 -5.008336078042631 2
    endloop
  endfacet
  facet normal -0.6845471059286887 -0.7289686274214114 0
    outer loop
      vertex -4.738296078239176 -4.449556188536476 0
      vertex -4.143255933366483 -5.008336078042631 2
      vertex -4.738296078239176 -4.449556188536476 2
    endloop
  endfacet
  facet normal 0 0 1
    outer loop
      vertex -4.143255933366483 -5.008336078042631 2
      vertex -4.449593469062211 -3.232818887608602 2
      vertex -4.738296078239176 -4.449556188536476 2
    endloop
  endfacet
  facet normal 0 0 1
    outer loop
      vertex -4.738296078239176 -4.449556188536476 2
      vertex -4.449593469062211 -3.232818887608602 2
      vertex -4.819686740241249 -2.6496452075594346 2
    endloop
  endfacet
  facet normal 0 0 1
    outer loop
      vertex -4.143255933366483 -5.008336078042631 2
      vertex -4.009327450817764 -3.765009082607787 2
      vertex -4.449593469062211 -3.232818887608602 2
    endloop
  endfacet
  facet normal 0 0 1
    outer loop
      vertex -4.143255933366483 -5.008336078042631 2
      vertex -3.482874167363479 -5.488131515763097 2
      vertex -4.009327450817764 -3.765009082607787 2
    endloop
  endfacet
  facet normal 0 0 1
    outer loop
      vertex -3.482874167363479 -5.488131515763097 2
      vertex -3.505831943617793 -4.237822835266842 2
      vertex -4.009327450817764 -3.765009082607787 2
    endloop
  endfacet
  facet normal 0 0 1
    outer loop
      vertex -3.482874167363479 -5.488131515763097 2
      vertex -2.9470473723844823 -4.643803590261082 2
      vertex -3.505831943617793 -4.237822835266842 2
    endloop
  endfacet
  facet normal -0.9048270524660194 -0.4257792915650727 0
    outer loop
      vertex -5.695993420285113 -3.1313988816611498 0
      vertex -6.043547158273634 -2.3928095924504063 2
      vertex -6.043547158273634 -2.3928095924504063 0
    endloop
  endfacet
  facet normal -0.9510565162951536 -0.3090169943749471 0
    outer loop
      vertex -6.043547158273634 -2.3928095924504063 0
      vertex -6.295790547336102 -1.6164842665715566 2
      vertex -6.295790547336102 -1.6164842665715566 0
    endloop
  endfacet
  facet normal 0 0 -1
    outer loop
      vertex -6.043547158273634 -2.3928095924504063 0
      vertex -6.295790547336102 -1.6164842665715566 0
      vertex -6.043547158273634 2.3928095924504063 0
    endloop
  endfacet
  facet normal 0 0 -1
    outer loop
      vertex -6.295790547336102 -1.6164842665715566 0
      vertex -6.448745558544106 -0.8146660181679765 0
      vertex -6.295790547336102 1.6164842665715566 0
    endloop
  endfacet
  facet normal 0 0 -1
    outer loop
      vertex -5.695993420285113 -3.1313988816611498 0
      vertex -6.043547158273634 -2.3928095924504063 0
      vertex -5.695993420285113 3.1313988816611498 0
    endloop
  endfacet
  facet normal 0 0 -1
    outer loop
      vertex -5.695993420285113 -3.1313988816611498 0
      vertex -5.695993420285113 3.1313988816611498 0
      vertex -5.258610463437158 -3.8206041399010755 0
    endloop
  endfacet
  facet normal 0 0 -1
    outer loop
      vertex -5.258610463437158 3.8206041399010755 0
      vertex -4.738296078239176 -4.449556188536476 0
      vertex -5.258610463437158 -3.8206041399010755 0
    endloop
  endfacet
  facet normal -0.9822872507286887 -0.18738131458572446 0
    outer loop
      vertex -6.295790547336102 -1.6164842665715566 0
      vertex -6.448745558544106 -0.8146660181679765 2
      vertex -6.448745558544106 -0.8146660181679765 0
    endloop
  endfacet
  facet normal -0.9980267284282716 -0.06279051952931358 0
    outer loop
      vertex -6.448745558544106 -0.8146660181679765 0
      vertex -6.5 0 2
      vertex -6.5 0 0
    endloop
  endfacet
  facet normal 0 0 -1
    outer loop
      vertex -4.738296078239176 -4.449556188536476 0
      vertex -4.449593469062211 0.13924037956769553 0
      vertex -4.143255933366483 -3.6031173574009294 0
    endloop
  endfacet
  facet normal 0 0 -1
    outer loop
      vertex -4.143255933366483 -3.6031173574009294 0
      vertex -4.449593469062211 0.13924037956769553 0
      vertex -4.143255933366483 1.6362768108663497 0
    endloop
  endfacet
  facet normal 0 0 -1
    outer loop
      vertex -3.482874167363479 5.488131515763097 0
      vertex -3.482874167363479 -3.87291943107722 0
      vertex -4.009327450817764 -2.8796038063011906 0
    endloop
  endfacet
  facet normal -0.9048270524660194 -0.4257792915650727 0
    outer loop
      vertex -5.695993420285113 -3.1313988816611498 0
      vertex -5.695993420285113 -3.1313988816611498 2
      vertex -6.043547158273634 -2.3928095924504063 2
    endloop
  endfacet
  facet normal -0.9510565162951536 -0.3090169943749471 0
    outer loop
      vertex -6.043547158273634 -2.3928095924504063 0
      vertex -6.043547158273634 -2.3928095924504063 2
      vertex -6.295790547336102 -1.6164842665715566 2
    endloop
  endfacet
  facet normal 0 0 1
    outer loop
      vertex -5.258610463437158 -3.8206041399010755 2
      vertex -5.456630857229628 -0.6893327846036723 2
      vertex -5.695993420285113 -3.1313988816611498 2
    endloop
  endfacet
  facet normal 0 0 1
    outer loop
      vertex -4.738296078239176 -4.449556188536476 2
      vertex -4.819686740241249 -2.6496452075594346 2
      vertex -5.113770672385383 -2.0246850397657283 2
    endloop
  endfacet
  facet normal 0 0 1
    outer loop
      vertex -5.258610463437158 -3.8206041399010755 2
      vertex -5.327207386207471 -1.3677943794067016 2
      vertex -5.456630857229628 -0.6893327846036723 2
    endloop
  endfacet
  facet normal 0 0 1
    outer loop
      vertex -5.258610463437158 -3.8206041399010755 2
      vertex -5.113770672385383 -2.0246850397657283 2
      vertex -5.327207386207471 -1.3677943794067016 2
    endloop
  endfacet
  facet normal -0.9822872507286887 -0.18738131458572446 0
    outer loop
      vertex -6.295790547336102 -1.6164842665715566 0
      vertex -6.295790547336102 -1.6164842665715566 2
      vertex -6.448745558544106 -0.8146660181679765 2
    endloop
  endfacet
  facet normal -0.9980267284282716 -0.06279051952931358 0
    outer loop
      vertex -6.448745558544106 -0.8146660181679765 0
      vertex -6.448745558544106 -0.8146660181679765 2
      vertex -6.5 0 2
    endloop
  endfacet
  facet normal 0 0 1
    outer loop
      vertex -5.695993420285113 -3.1313988816611498 2
      vertex -6.043547158273634 2.3928095924504063 2
      vertex -6.043547158273634 -2.3928095924504063 2
    endloop
  endfacet
  facet normal 0 0 1
    outer loop
      vertex -6.295790547336102 -1.6164842665715566 2
      vertex -6.448745558544106 0.8146660181679765 2
      vertex -6.448745558544106 -0.8146660181679765 2
    endloop
  endfacet
  facet normal 0 0 1
    outer loop
      vertex -6.043547158273634 -2.3928095924504063 2
      vertex -6.295790547336102 1.6164842665715566 2
      vertex -6.295790547336102 -1.6164842665715566 2
    endloop
  endfacet
  facet normal 0 0 1
    outer loop
      vertex -5.695993420285113 -3.1313988816611498 2
      vertex -5.456630857229628 -0.6893327846036723 2
      vertex -5.5 0 2
    endloop
  endfacet
  facet normal 0 0 1
    outer loop
      vertex -3.9433800601973856 -2.1678915334577193 2
      vertex -4.35862422507884 1.119104492241847 2
      vertex -4.183994186497132 -1.6565604870810504 2
    endloop
  endfacet
  facet normal 0 0 1
    outer loop
      vertex -4.35862422507884 -1.119104492241847 2
      vertex -4.5 0 2
      vertex -4.464516155915151 -0.5639995510393683 2
    endloop
  endfacet
  facet normal 0 0 1
    outer loop
      vertex -4.35862422507884 -1.119104492241847 2
      vertex -4.183994186497132 -1.6565604870810504 2
      vertex -4.35862422507884 1.119104492241847 2
    endloop
  endfacet
  facet normal 0 0 1
    outer loop
      vertex -4.35862422507884 -1.119104492241847 2
      vertex -4.464516155915151 0.5639995510393683 2
      vertex -4.5 0 2
    endloop
  endfacet
  facet normal 0 0 1
    outer loop
      vertex -3.6405764746872635 -2.6450336353161292 2
      vertex -4.183994186497132 1.6565604870810504 2
      vertex -3.9433800601973856 -2.1678915334577193 2
    endloop
  endfacet
  facet normal 0 0 1
    outer loop
      vertex -2.868407953869103 -3.467309592491052 2
      vertex -3.6405764746872635 2.6450336353161292 2
      vertex -3.2803588233963525 -3.080461976679098 2
    endloop
  endfacet
  facet normal 0 0 1
    outer loop
      vertex -3.2803588233963525 -3.080461976679098 2
      vertex -3.9433800601973856 2.1678915334577193 2
      vertex -3.6405764746872635 -2.6450336353161292 2
    endloop
  endfacet
  facet normal 0 0 -1
    outer loop
      vertex -3.482874167363479 -5.488131515763097 0
      vertex -2.767565395172971 -4.742474642217867 0
      vertex -2.767565395172971 -5.8813758410291275 0
    endloop
  endfacet
  facet normal 0 0 -1
    outer loop
      vertex -2.767565395172971 -5.8813758410291275 0
      vertex -2.767565395172971 -4.742474642217867 0
      vertex -2.6983072793691165 -4.780549613583141 0
    endloop
  endfacet
  facet normal 0 0 -1
    outer loop
      vertex -2.767565395172971 -5.8813758410291275 0
      vertex -2.6983072793691165 -4.780549613583141 0
      vertex -2.008610463437158 -5.1084623563558145 0
    endloop
  endfacet
  facet normal 0 0 -1
    outer loop
      vertex -2.767565395172971 -5.8813758410291275 0
      vertex -2.008610463437158 -5.1084623563558145 0
      vertex -2.008610463437158 -6.181867355918498 0
    endloop
  endfacet
  facet normal 0 0 -1
    outer loop
      vertex -2.008610463437158 -6.181867355918498 0
      vertex -2.008610463437158 -5.1084623563558145 0
      vertex -1.9427188831699091 -5.134550678527561 0
    endloop
  endfacet
  facet normal 0 0 -1
    outer loop
      vertex -2.008610463437158 -6.181867355918498 0
      vertex -1.9427188831699091 -5.134550678527561 0
      vertex -1.2179785448072111 -5.3544685346738365 0
    endloop
  endfacet
  facet normal -0.4817536741017155 -0.8763066800438634 0
    outer loop
      vertex -3.482874167363479 -5.488131515763097 0
      vertex -2.767565395172971 -5.8813758410291275 0
      vertex -2.767565395172971 -5.8813758410291275 2
    endloop
  endfacet
  facet normal -0.3681245526846773 -0.9297764858882517 0
    outer loop
      vertex -2.767565395172971 -5.8813758410291275 0
      vertex -2.008610463437158 -6.181867355918498 0
      vertex -2.008610463437158 -6.181867355918498 2
    endloop
  endfacet
  facet normal 0 0 -1
    outer loop
      vertex -3.482874167363479 -5.488131515763097 0
      vertex -3.4086534589285518 -4.3084271372006935 0
      vertex -2.767565395172971 -4.742474642217867 0
    endloop
  endfacet
  facet normal 0 0 -1
    outer loop
      vertex -3.4086534589285518 -4.3084271372006935 0
      vertex -2.7675653951729715 -1.7910192548071182 0
      vertex -2.767565395172971 -4.742474642217867 0
    endloop
  endfacet
  facet normal 0 0 -1
    outer loop
      vertex -2.008610463437158 -6.181867355918498 0
      vertex -1.2179785448072111 -5.3544685346738365 0
      vertex -1.2179785448072113 -6.384867129736476 0
    endloop
  endfacet
  facet normal 0 0 -1
    outer loop
      vertex -1.2179785448072113 -6.384867129736476 0
      vertex -1.2179785448072111 -5.3544685346738365 0
      vertex -1.1541819143046121 -5.370848725325409 0
    endloop
  endfacet
  facet normal 0 0 -1
    outer loop
      vertex -1.2179785448072113 -6.384867129736476 0
      vertex -1.1541819143046121 -5.370848725325409 0
      vertex -0.40813837694053945 -6.487173734783765 0
    endloop
  endfacet
  facet normal 0 0 -1
    outer loop
      vertex -1.1541819143046121 -5.370848725325409 0
      vertex -1.0305972302214863 -3.4065264221512446 0
      vertex -0.40813837694053945 -6.487173734783765 0
    endloop
  endfacet
  facet normal -0.24868988716485482 -0.9685831611286311 0
    outer loop
      vertex -2.008610463437158 -6.181867355918498 0
      vertex -1.2179785448072113 -6.384867129736476 0
      vertex -1.2179785448072113 -6.384867129736476 2
    endloop
  endfacet
  facet normal -0.12533323356430498 -0.9921147013144778 0
    outer loop
      vertex -1.2179785448072113 -6.384867129736476 0
      vertex -0.40813837694053945 -6.487173734783765 0
      vertex -0.40813837694053945 -6.487173734783765 2
    endloop
  endfacet
  facet normal 0 0 -1
    outer loop
      vertex -1.9427188831699091 -5.134550678527561 0
      vertex -1.6995934690622108 -1.2701828813094274 0
      vertex -1.2179785448072111 -5.3544685346738365 0
    endloop
  endfacet
  facet normal -0.3681245526846773 -0.9297764858882517 0
    outer loop
      vertex -2.767565395172971 -5.8813758410291275 0
      vertex -2.008610463437158 -6.181867355918498 2
      vertex -2.767565395172971 -5.8813758410291275 2
    endloop
  endfacet
  facet normal -0.4817536741017155 -0.8763066800438634 0
    outer loop
      vertex -3.482874167363479 -5.488131515763097 0
      vertex -2.767565395172971 -5.8813758410291275 2
      vertex -3.482874167363479 -5.488131515763097 2
    endloop
  endfacet
  facet normal -0.24868988716485482 -0.9685831611286311 0
    outer loop
      vertex -2.008610463437158 -6.181867355918498 0
      vertex -1.2179785448072113 -6.384867129736476 2
      vertex -2.008610463437158 -6.181867355918498 2
    endloop
  endfacet
  facet normal 0 0 1
    outer loop
      vertex -3.482874167363479 -5.488131515763097 2
      vertex -2.767565395172971 -5.8813758410291275 2
      vertex -2.9470473723844823 -4.643803590261082 2
    endloop
  endfacet
  facet normal 0 0 1
    outer loop
      vertex -2.767565395172971 -5.8813758410291275 2
      vertex -2.341786103607898 -4.9765487885631075 2
      vertex -2.9470473723844823 -4.643803590261082 2
    endloop
  endfacet
  facet normal 0 0 1
    outer loop
      vertex -2.767565395172971 -5.8813758410291275 2
      vertex -2.008610463437158 -6.181867355918498 2
      vertex -2.341786103607898 -4.9765487885631075 2
    endloop
  endfacet
  facet normal 0 0 1
    outer loop
      vertex -2.008610463437158 -6.181867355918498 2
      vertex -1.2179785448072113 -6.384867129736476 2
      vertex -1.6995934690622108 -5.230810839623344 2
    endloop
  endfacet
  facet normal 0 0 1
    outer loop
      vertex -2.008610463437158 -6.181867355918498 2
      vertex -1.6995934690622108 -5.230810839623344 2
      vertex -2.341786103607898 -4.9765487885631075 2
    endloop
  endfacet
  facet normal -0.12533323356430498 -0.9921147013144778 0
    outer loop
      vertex -1.2179785448072113 -6.384867129736476 0
      vertex -0.40813837694053945 -6.487173734783765 2
      vertex -1.2179785448072113 -6.384867129736476 2
    endloop
  endfacet
  facet normal 0 -1 0
    outer loop
      vertex -0.40813837694053945 -6.487173734783765 0
      vertex 0.40813837694053945 -6.487173734783765 2
      vertex -0.40813837694053945 -6.487173734783765 2
    endloop
  endfacet
  facet normal 0 0 1
    outer loop
      vertex -1.2179785448072113 -6.384867129736476 2
      vertex -0.40813837694053945 -6.487173734783765 2
      vertex -1.0305972302214865 -5.402579879007788 2
    endloop
  endfacet
  facet normal 0 0 1
    outer loop
      vertex -1.2179785448072113 -6.384867129736476 2
      vertex -1.0305972302214865 -5.402579879007788 2
      vertex -1.6995934690622108 -5.230810839623344 2
    endloop
  endfacet
  facet normal 0 0 1
    outer loop
      vertex -0.40813837694053945 -6.487173734783765 2
      vertex -0.3453478574112257 -5.489147006355494 2
      vertex -1.0305972302214865 -5.402579879007788 2
    endloop
  endfacet
  facet normal 0 0 1
    outer loop
      vertex -0.40813837694053945 -6.487173734783765 2
      vertex 0.40813837694053945 -6.487173734783765 2
      vertex -0.3453478574112257 -5.489147006355494 2
    endloop
  endfacet
  facet normal 0 0 -1
    outer loop
      vertex -2.6983072793691165 -4.780549613583141 0
      vertex -2.008610463437158 0.31912636501426306 0
      vertex -2.008610463437158 -5.1084623563558145 0
    endloop
  endfacet
  facet normal 0 0 -1
    outer loop
      vertex -3.4086534589285518 -4.3084271372006935 0
      vertex -2.9470473723844823 3.02859150557518 0
      vertex -2.7675653951729715 -1.7910192548071182 0
    endloop
  endfacet
  facet normal 0 0 -1
    outer loop
      vertex -2.6983072793691165 -4.780549613583141 0
      vertex -2.341786103607899 0.886192202341115 0
      vertex -2.008610463437158 0.31912636501426306 0
    endloop
  endfacet
  facet normal 0 0 -1
    outer loop
      vertex -0.40813837694053945 -6.487173734783765 0
      vertex -0.4081383769405368 4.491120277927219 0
      vertex 0.40813837694053945 -6.487173734783765 0
    endloop
  endfacet
  facet normal 0 0 -1
    outer loop
      vertex -0.40813837694053945 -6.487173734783765 0
      vertex -1.0305972302214863 -3.4065264221512446 0
      vertex -0.4081383769405368 4.491120277927219 0
    endloop
  endfacet
  facet normal 0 0 -1
    outer loop
      vertex -1.2179785448072111 -5.3544685346738365 0
      vertex -1.6995934690622108 -1.2701828813094274 0
      vertex -1.2179785448072102 2.42423917142255 0
    endloop
  endfacet
  facet normal 0 0 1
    outer loop
      vertex -2.4112205774054853 -3.7994756647590675 2
      vertex -3.2803588233963525 3.080461976679098 2
      vertex -2.868407953869103 -3.467309592491052 2
    endloop
  endfacet
  facet normal 0 0 1
    outer loop
      vertex -1.916006812042826 -4.071721736097088 2
      vertex -2.868407953869103 3.467309592491052 2
      vertex -2.4112205774054853 -3.7994756647590675 2
    endloop
  endfacet
  facet normal 0 0 1
    outer loop
      vertex -1.9160068120428273 4.071721736097087 2
      vertex -1.916006812042826 -4.071721736097088 2
      vertex -1.3905764746872633 -4.2797543233281905 2
    endloop
  endfacet
  facet normal 0 0 1
    outer loop
      vertex -0.8432159156357617 -4.420292628279099 2
      vertex -1.9160068120428273 4.071721736097087 2
      vertex -1.3905764746872633 -4.2797543233281905 2
    endloop
  endfacet
  facet normal 0 0 1
    outer loop
      vertex -0.28255733788191195 -4.491120277927222 2
      vertex -1.3905764746872633 4.2797543233281905 2
      vertex -0.8432159156357617 -4.420292628279099 2
    endloop
  endfacet
  facet normal 0 0 1
    outer loop
      vertex 0.28255733788191245 -4.491120277927222 2
      vertex -0.28255733788190973 4.491120277927222 2
      vertex -0.28255733788191195 -4.491120277927222 2
    endloop
  endfacet
  facet normal 0 0 -1
    outer loop
      vertex -6.448745558544106 -0.8146660181679765 0
      vertex -6.5 0 0
      vertex -6.448745558544106 0.8146660181679765 0
    endloop
  endfacet
  facet normal 0 0 -1
    outer loop
      vertex -6.448745558544106 -0.8146660181679765 0
      vertex -6.448745558544106 0.8146660181679765 0
      vertex -6.295790547336102 1.6164842665715566 0
    endloop
  endfacet
  facet normal 0 0 -1
    outer loop
      vertex -6.295790547336102 -1.6164842665715566 0
      vertex -6.295790547336102 1.6164842665715566 0
      vertex -6.043547158273634 2.3928095924504063 0
    endloop
  endfacet
  facet normal 0 0 -1
    outer loop
      vertex -6.043547158273634 -2.3928095924504063 0
      vertex -6.043547158273634 2.3928095924504063 0
      vertex -5.695993420285113 3.1313988816611498 0
    endloop
  endfacet
  facet normal 0 0 -1
    outer loop
      vertex -5.695993420285113 3.1313988816611498 0
      vertex -5.258610463437158 3.8206041399010755 0
      vertex -5.258610463437158 -3.8206041399010755 0
    endloop
  endfacet
  facet normal 0 0 -1
    outer loop
      vertex -5.258610463437158 3.8206041399010755 0
      vertex -4.738296078239176 4.449556188536476 0
      vertex -4.738296078239176 -4.449556188536476 0
    endloop
  endfacet
  facet normal -0.9980267284282716 0.06279051952931358 0
    outer loop
      vertex -6.5 0 0
      vertex -6.448745558544106 0.8146660181679765 2
      vertex -6.448745558544106 0.8146660181679765 0
    endloop
  endfacet
  facet normal -0.9822872507286887 0.18738131458572446 0
    outer loop
      vertex -6.448745558544106 0.8146660181679765 0
      vertex -6.295790547336102 1.6164842665715566 2
      vertex -6.295790547336102 1.6164842665715566 0
    endloop
  endfacet
  facet normal -0.9510565162951536 0.3090169943749471 0
    outer loop
      vertex -6.295790547336102 1.6164842665715566 0
      vertex -6.043547158273634 2.3928095924504063 2
      vertex -6.043547158273634 2.3928095924504063 0
    endloop
  endfacet
  facet normal -0.9048270524660194 0.4257792915650727 0
    outer loop
      vertex -6.043547158273634 2.3928095924504063 0
      vertex -5.695993420285113 3.1313988816611498 2
      vertex -5.695993420285113 3.1313988816611498 0
    endloop
  endfacet
  facet normal 0 0 -1
    outer loop
      vertex -4.738296078239176 4.449556188536476 0
      vertex -4.449593469062211 0.13924037956769553 0
      vertex -4.738296078239176 -4.449556188536476 0
    endloop
  endfacet
  facet normal 0 0 -1
    outer loop
      vertex -3.482874167363479 5.488131515763097 0
      vertex -4.009327450817764 -2.8796038063011906 0
      vertex -4.143255933366483 1.6362768108663497 0
    endloop
  endfacet
  facet normal 0 0 -1
    outer loop
      vertex -4.738296078239176 4.449556188536476 0
      vertex -4.238941784075727 3.48745303302116 0
      vertex -4.449593469062211 0.13924037956769553 0
    endloop
  endfacet
  facet normal -0.9980267284282716 0.06279051952931358 0
    outer loop
      vertex -6.5 0 0
      vertex -6.5 0 2
      vertex -6.448745558544106 0.8146660181679765 2
    endloop
  endfacet
  facet normal -0.9822872507286887 0.18738131458572446 0
    outer loop
      vertex -6.448745558544106 0.8146660181679765 0
      vertex -6.448745558544106 0.8146660181679765 2
      vertex -6.295790547336102 1.6164842665715566 2
    endloop
  endfacet
  facet normal 0 0 1
    outer loop
      vertex -6.448745558544106 -0.8146660181679765 2
      vertex -6.448745558544106 0.8146660181679765 2
      vertex -6.5 0 2
    endloop
  endfacet
  facet normal 0 0 1
    outer loop
      vertex -6.295790547336102 -1.6164842665715566 2
      vertex -6.295790547336102 1.6164842665715566 2
      vertex -6.448745558544106 0.8146660181679765 2
    endloop
  endfacet
  facet normal 0 0 1
    outer loop
      vertex -6.043547158273634 -2.3928095924504063 2
      vertex -6.043547158273634 2.3928095924504063 2
      vertex -6.295790547336102 1.6164842665715566 2
    endloop
  endfacet
  facet normal 0 0 1
    outer loop
      vertex -5.695993420285113 -3.1313988816611498 2
      vertex -5.695993420285113 3.1313988816611498 2
      vertex -6.043547158273634 2.3928095924504063 2
    endloop
  endfacet
  facet normal 0 0 1
    outer loop
      vertex -5.695993420285113 -3.1313988816611498 2
      vertex -5.5 0 2
      vertex -5.695993420285113 3.1313988816611498 2
    endloop
  endfacet
  facet normal 0 0 1
    outer loop
      vertex -5.695993420285113 3.1313988816611498 2
      vertex -5.5 0 2
      vertex -5.456630857229628 0.6893327846036723 2
    endloop
  endfacet
  facet normal -0.9510565162951536 0.3090169943749471 0
    outer loop
      vertex -6.295790547336102 1.6164842665715566 0
      vertex -6.295790547336102 1.6164842665715566 2
      vertex -6.043547158273634 2.3928095924504063 2
    endloop
  endfacet
  facet normal -0.9048270524660194 0.4257792915650727 0
    outer loop
      vertex -6.043547158273634 2.3928095924504063 0
      vertex -6.043547158273634 2.3928095924504063 2
      vertex -5.695993420285113 3.1313988816611498 2
    endloop
  endfacet
  facet normal 0 0 1
    outer loop
      vertex -5.695993420285113 3.1313988816611498 2
      vertex -5.456630857229628 0.6893327846036723 2
      vertex -5.327207386207471 1.3677943794067016 2
    endloop
  endfacet
  facet normal 0 0 1
    outer loop
      vertex -5.695993420285113 3.1313988816611498 2
      vertex -5.327207386207471 1.3677943794067016 2
      vertex -5.113770672385383 2.0246850397657283 2
    endloop
  endfacet
  facet normal 0 0 1
    outer loop
      vertex -5.695993420285113 3.1313988816611498 2
      vertex -5.113770672385383 2.0246850397657283 2
      vertex -5.258610463437158 3.8206041399010755 2
    endloop
  endfacet
  facet normal 0 0 1
    outer loop
      vertex -5.258610463437158 3.8206041399010755 2
      vertex -5.113770672385383 2.0246850397657283 2
      vertex -4.819686740241249 2.6496452075594346 2
    endloop
  endfacet
  facet normal 0 0 1
    outer loop
      vertex -4.35862422507884 -1.119104492241847 2
      vertex -4.35862422507884 1.119104492241847 2
      vertex -4.464516155915151 0.5639995510393683 2
    endloop
  endfacet
  facet normal 0 0 1
    outer loop
      vertex -3.9433800601973856 -2.1678915334577193 2
      vertex -4.183994186497132 1.6565604870810504 2
      vertex -4.35862422507884 1.119104492241847 2
    endloop
  endfacet
  facet normal 0 0 1
    outer loop
      vertex -4.183994186497132 1.6565604870810504 2
      vertex -3.6405764746872635 -2.6450336353161292 2
      vertex -3.9433800601973856 2.1678915334577193 2
    endloop
  endfacet
  facet normal 0 0 1
    outer loop
      vertex -3.2803588233963525 -3.080461976679098 2
      vertex -3.6405764746872635 2.6450336353161292 2
      vertex -3.9433800601973856 2.1678915334577193 2
    endloop
  endfacet
  facet normal 0 0 1
    outer loop
      vertex -2.868407953869103 -3.467309592491052 2
      vertex -3.2803588233963525 3.080461976679098 2
      vertex -3.6405764746872635 2.6450336353161292 2
    endloop
  endfacet
  facet normal 0 0 1
    outer loop
      vertex -5.258610463437158 3.8206041399010755 2
      vertex -4.819686740241249 2.6496452075594346 2
      vertex -4.449593469062211 3.232818887608602 2
    endloop
  endfacet
  facet normal -0.844327925502015 0.5358267949789968 0
    outer loop
      vertex -5.695993420285113 3.1313988816611498 0
      vertex -5.258610463437158 3.8206041399010755 2
      vertex -5.258610463437158 3.8206041399010755 0
    endloop
  endfacet
  facet normal -0.7705132427757897 0.6374239897486892 0
    outer loop
      vertex -5.258610463437158 3.8206041399010755 0
      vertex -4.738296078239176 4.449556188536476 2
      vertex -4.738296078239176 4.449556188536476 0
    endloop
  endfacet
  facet normal 0 0 -1
    outer loop
      vertex -4.143255933366483 5.008336078042631 0
      vertex -4.143255933366483 1.6362768108663497 0
      vertex -4.238941784075727 3.48745303302116 0
    endloop
  endfacet
  facet normal 0 0 -1
    outer loop
      vertex -4.738296078239176 4.449556188536476 0
      vertex -4.143255933366483 5.008336078042631 0
      vertex -4.238941784075727 3.48745303302116 0
    endloop
  endfacet
  facet normal 0 0 -1
    outer loop
      vertex -4.143255933366483 5.008336078042631 0
      vertex -3.482874167363479 5.488131515763097 0
      vertex -4.143255933366483 1.6362768108663497 0
    endloop
  endfacet
  facet normal -0.6845471059286887 0.7289686274214114 0
    outer loop
      vertex -4.738296078239176 4.449556188536476 0
      vertex -4.738296078239176 4.449556188536476 2
      vertex -4.143255933366483 5.008336078042631 0
    endloop
  endfacet
  facet normal -0.5877852522924726 0.8090169943749479 0
    outer loop
      vertex -4.143255933366483 5.008336078042631 0
      vertex -4.143255933366483 5.008336078042631 2
      vertex -3.482874167363479 5.488131515763097 0
    endloop
  endfacet
  facet normal -0.844327925502015 0.5358267949789968 0
    outer loop
      vertex -5.695993420285113 3.1313988816611498 0
      vertex -5.695993420285113 3.1313988816611498 2
      vertex -5.258610463437158 3.8206041399010755 2
    endloop
  endfacet
  facet normal -0.7705132427757897 0.6374239897486892 0
    outer loop
      vertex -5.258610463437158 3.8206041399010755 0
      vertex -5.258610463437158 3.8206041399010755 2
      vertex -4.738296078239176 4.449556188536476 2
    endloop
  endfacet
  facet normal -0.6845471059286887 0.7289686274214114 0
    outer loop
      vertex -4.143255933366483 5.008336078042631 0
      vertex -4.738296078239176 4.449556188536476 2
      vertex -4.143255933366483 5.008336078042631 2
    endloop
  endfacet
  facet normal 0 0 1
    outer loop
      vertex -5.258610463437158 3.8206041399010755 2
      vertex -4.449593469062211 3.232818887608602 2
      vertex -4.738296078239176 4.449556188536476 2
    endloop
  endfacet
  facet normal 0 0 1
    outer loop
      vertex -4.738296078239176 4.449556188536476 2
      vertex -4.449593469062211 3.232818887608602 2
      vertex -4.009327450817764 3.765009082607787 2
    endloop
  endfacet
  facet normal 0 0 1
    outer loop
      vertex -4.738296078239176 4.449556188536476 2
      vertex -4.009327450817764 3.765009082607787 2
      vertex -4.143255933366483 5.008336078042631 2
    endloop
  endfacet
  facet normal 0 0 1
    outer loop
      vertex -4.143255933366483 5.008336078042631 2
      vertex -4.009327450817764 3.765009082607787 2
      vertex -3.505831943617793 4.237822835266842 2
    endloop
  endfacet
  facet normal 0 0 1
    outer loop
      vertex -4.143255933366483 5.008336078042631 2
      vertex -3.505831943617793 4.237822835266842 2
      vertex -2.9470473723844823 4.643803590261082 2
    endloop
  endfacet
  facet normal -0.5877852522924726 0.8090169943749479 0
    outer loop
      vertex -3.482874167363479 5.488131515763097 0
      vertex -4.143255933366483 5.008336078042631 2
      vertex -3.482874167363479 5.488131515763097 2
    endloop
  endfacet
  facet normal 0 0 1
    outer loop
      vertex -4.143255933366483 5.008336078042631 2
      vertex -2.9470473723844823 4.643803590261082 2
      vertex -3.482874167363479 5.488131515763097 2
    endloop
  endfacet
  facet normal 0 0 -1
    outer loop
      vertex -1.2838701250744586 5.33755045234554 0
      vertex -1.6995934690622108 -1.2701828813094274 0
      vertex -2.008610463437158 0.31912636501426306 0
    endloop
  endfacet
  facet normal 0 0 -1
    outer loop
      vertex -2.767565395172973 5.881375841029127 0
      vertex -2.9470473723844823 3.02859150557518 0
      vertex -3.482874167363479 -3.87291943107722 0
    endloop
  endfacet
  facet normal 0 0 -1
    outer loop
      vertex -2.767565395172973 5.881375841029127 0
      vertex -2.341786103607899 0.886192202341115 0
      vertex -2.7675653951729715 -1.7910192548071182 0
    endloop
  endfacet
  facet normal 0 0 -1
    outer loop
      vertex -2.767565395172973 5.881375841029127 0
      vertex -2.7675653951729715 -1.7910192548071182 0
      vertex -2.9470473723844823 3.02859150557518 0
    endloop
  endfacet
  facet normal 0 0 -1
    outer loop
      vertex -3.482874167363479 5.488131515763097 0
      vertex -2.767565395172973 5.881375841029127 0
      vertex -3.482874167363479 -3.87291943107722 0
    endloop
  endfacet
  facet normal 0 0 -1
    outer loop
      vertex -2.008610463437158 6.181867355918498 0
      vertex -2.008610463437158 0.31912636501426306 0
      vertex -2.341786103607899 0.886192202341115 0
    endloop
  endfacet
  facet normal 0 0 -1
    outer loop
      vertex -0.47193500744313555 5.473155330372698 0
      vertex -1.0305972302214863 -3.4065264221512446 0
      vertex -1.2179785448072102 2.42423917142255 0
    endloop
  endfacet
  facet normal 0 0 -1
    outer loop
      vertex -0.4081383769405363 6.487173734783765 0
      vertex 0.40813837694053895 -4.491120277927221 0
      vertex -0.4081383769405368 4.491120277927219 0
    endloop
  endfacet
  facet normal 0 0 1
    outer loop
      vertex -2.4112205774054853 -3.7994756647590675 2
      vertex -2.868407953869103 3.467309592491052 2
      vertex -3.2803588233963525 3.080461976679098 2
    endloop
  endfacet
  facet normal 0 0 1
    outer loop
      vertex -2.868407953869103 3.467309592491052 2
      vertex -1.916006812042826 -4.071721736097088 2
      vertex -2.4112205774054853 3.7994756647590675 2
    endloop
  endfacet
  facet normal 0 0 1
    outer loop
      vertex -1.916006812042826 -4.071721736097088 2
      vertex -1.9160068120428273 4.071721736097087 2
      vertex -2.4112205774054853 3.7994756647590675 2
    endloop
  endfacet
  facet normal 0 0 1
    outer loop
      vertex -1.9160068120428273 4.071721736097087 2
      vertex -0.8432159156357617 -4.420292628279099 2
      vertex -1.3905764746872633 4.2797543233281905 2
    endloop
  endfacet
  facet normal 0 0 1
    outer loop
      vertex -1.3905764746872633 4.2797543233281905 2
      vertex -0.28255733788191195 -4.491120277927222 2
      vertex -0.8432159156357606 4.420292628279099 2
    endloop
  endfacet
  facet normal 0 0 1
    outer loop
      vertex -0.28255733788191195 -4.491120277927222 2
      vertex -0.28255733788190973 4.491120277927222 2
      vertex -0.8432159156357606 4.420292628279099 2
    endloop
  endfacet
  facet normal 0 0 -1
    outer loop
      vertex -2.008610463437158 6.181867355918498 0
      vertex -1.2838701250744586 5.33755045234554 0
      vertex -2.008610463437158 0.31912636501426306 0
    endloop
  endfacet
  facet normal 0 0 -1
    outer loop
      vertex -2.767565395172973 5.881375841029127 0
      vertex -2.008610463437158 6.181867355918498 0
      vertex -2.341786103607899 0.886192202341115 0
    endloop
  endfacet
  facet normal -0.4817536741017156 0.8763066800438635 0
    outer loop
      vertex -3.482874167363479 5.488131515763097 0
      vertex -3.482874167363479 5.488131515763097 2
      vertex -2.767565395172973 5.881375841029127 0
    endloop
  endfacet
  facet normal -0.3681245526846775 0.9297764858882516 0
    outer loop
      vertex -2.767565395172973 5.881375841029127 0
      vertex -2.767565395172973 5.881375841029127 2
      vertex -2.008610463437158 6.181867355918498 0
    endloop
  endfacet
  facet normal -0.2486898871648554 0.968583161128631 0
    outer loop
      vertex -2.008610463437158 6.181867355918498 0
      vertex -2.008610463437158 6.181867355918498 2
      vertex -1.2179785448072098 6.3848671297364765 0
    endloop
  endfacet
  facet normal 0 0 -1
    outer loop
      vertex -1.2179785448072098 6.3848671297364765 0
      vertex -1.2179785448072102 2.42423917142255 0
      vertex -1.2838701250744586 5.33755045234554 0
    endloop
  endfacet
  facet normal 0 0 -1
    outer loop
      vertex -1.2179785448072098 6.3848671297364765 0
      vertex -0.47193500744313555 5.473155330372698 0
      vertex -1.2179785448072102 2.42423917142255 0
    endloop
  endfacet
  facet normal 0 0 -1
    outer loop
      vertex -2.008610463437158 6.181867355918498 0
      vertex -1.2179785448072098 6.3848671297364765 0
      vertex -1.2838701250744586 5.33755045234554 0
    endloop
  endfacet
  facet normal 0 0 -1
    outer loop
      vertex -0.4081383769405363 6.487173734783765 0
      vertex -0.4081383769405368 4.491120277927219 0
      vertex -0.47193500744313555 5.473155330372698 0
    endloop
  endfacet
  facet normal 0 0 -1
    outer loop
      vertex -1.2179785448072098 6.3848671297364765 0
      vertex -0.4081383769405363 6.487173734783765 0
      vertex -0.47193500744313555 5.473155330372698 0
    endloop
  endfacet
  facet normal -0.12533323356430365 0.9921147013144779 0
    outer loop
      vertex -1.2179785448072098 6.3848671297364765 0
      vertex -1.2179785448072098 6.3848671297364765 2
      vertex -0.4081383769405363 6.487173734783765 0
    endloop
  endfacet
  facet normal 0 1 0
    outer loop
      vertex -0.4081383769405363 6.487173734783765 0
      vertex -0.4081383769405363 6.487173734783765 2
      vertex 0.4081383769405363 6.487173734783765 0
    endloop
  endfacet
  facet normal -0.4817536741017156 0.8763066800438635 0
    outer loop
      vertex -2.767565395172973 5.881375841029127 0
      vertex -3.482874167363479 5.488131515763097 2
      vertex -2.767565395172973 5.881375841029127 2
    endloop
  endfacet
  facet normal -0.3681245526846775 0.9297764858882516 0
    outer loop
      vertex -2.008610463437158 6.181867355918498 0
      vertex -2.767565395172973 5.881375841029127 2
      vertex -2.008610463437158 6.181867355918498 2
    endloop
  endfacet
  facet normal 0 0 1
    outer loop
      vertex -3.482874167363479 5.488131515763097 2
      vertex -2.9470473723844823 4.643803590261082 2
      vertex -2.3417861036079 4.9765487885631075 2
    endloop
  endfacet
  facet normal 0 0 1
    outer loop
      vertex -3.482874167363479 5.488131515763097 2
      vertex -2.3417861036079 4.9765487885631075 2
      vertex -2.767565395172973 5.881375841029127 2
    endloop
  endfacet
  facet normal 0 0 1
    outer loop
      vertex -2.767565395172973 5.881375841029127 2
      vertex -2.3417861036079 4.9765487885631075 2
      vertex -1.6995934690622108 5.230810839623344 2
    endloop
  endfacet
  facet normal 0 0 1
    outer loop
      vertex -2.767565395172973 5.881375841029127 2
      vertex -1.6995934690622108 5.230810839623344 2
      vertex -2.008610463437158 6.181867355918498 2
    endloop
  endfacet
  facet normal -0.2486898871648554 0.968583161128631 0
    outer loop
      vertex -1.2179785448072098 6.3848671297364765 0
      vertex -2.008610463437158 6.181867355918498 2
      vertex -1.2179785448072098 6.3848671297364765 2
    endloop
  endfacet
  facet normal -0.12533323356430365 0.9921147013144779 0
    outer loop
      vertex -0.4081383769405363 6.487173734783765 0
      vertex -1.2179785448072098 6.3848671297364765 2
      vertex -0.4081383769405363 6.487173734783765 2
    endloop
  endfacet
  facet normal 0 0 1
    outer loop
      vertex -2.008610463437158 6.181867355918498 2
      vertex -1.6995934690622108 5.230810839623344 2
      vertex -1.0305972302214852 5.402579879007788 2
    endloop
  endfacet
  facet normal 0 0 1
    outer loop
      vertex -2.008610463437158 6.181867355918498 2
      vertex -1.0305972302214852 5.402579879007788 2
      vertex -1.2179785448072098 6.3848671297364765 2
    endloop
  endfacet
  facet normal 0 0 1
    outer loop
      vertex -1.2179785448072098 6.3848671297364765 2
      vertex -1.0305972302214852 5.402579879007788 2
      vertex -0.3453478574112228 5.489147006355494 2
    endloop
  endfacet
  facet normal 0 0 1
    outer loop
      vertex -1.2179785448072098 6.3848671297364765 2
      vertex -0.3453478574112228 5.489147006355494 2
      vertex -0.4081383769405363 6.487173734783765 2
    endloop
  endfacet
  facet normal 0 0 1
    outer loop
      vertex -0.4081383769405363 6.487173734783765 2
      vertex -0.3453478574112228 5.489147006355494 2
      vertex 0.34534785741122304 5.489147006355494 2
    endloop
  endfacet
  facet normal 0 0 -1
    outer loop
      vertex 0.40813837694053945 -6.487173734783765 0
      vertex 0.4719350074431383 -5.473155330372698 0
      vertex 1.2179785448072113 -6.384867129736476 0
    endloop
  endfacet
  facet normal 0 0 -1
    outer loop
      vertex 0.40813837694053945 -6.487173734783765 0
      vertex 0.4081383769405392 -5.481214719051048 0
      vertex 0.4719350074431383 -5.473155330372698 0
    endloop
  endfacet
  facet normal 0 0 -1
    outer loop
      vertex 1.2179785448072113 -6.384867129736476 0
      vertex 0.4719350074431383 -5.473155330372698 0
      vertex 1.2179785448072111 -5.3544685346738365 0
    endloop
  endfacet
  facet normal 0 0 -1
    outer loop
      vertex 1.2179785448072113 -6.384867129736476 0
      vertex 1.2179785448072111 -5.3544685346738365 0
      vertex 1.28387012507446 -5.33755045234554 0
    endloop
  endfacet
  facet normal 0 0 -1
    outer loop
      vertex 1.2179785448072113 -6.384867129736476 0
      vertex 1.28387012507446 -5.33755045234554 0
      vertex 2.008610463437158 -6.181867355918498 0
    endloop
  endfacet
  facet normal 0 -1 0
    outer loop
      vertex -0.40813837694053945 -6.487173734783765 0
      vertex 0.40813837694053945 -6.487173734783765 0
      vertex 0.40813837694053945 -6.487173734783765 2
    endloop
  endfacet
  facet normal 0.12533323356430498 -0.9921147013144778 0
    outer loop
      vertex 0.40813837694053945 -6.487173734783765 0
      vertex 1.2179785448072113 -6.384867129736476 0
      vertex 1.2179785448072113 -6.384867129736476 2
    endloop
  endfacet
  facet normal 0 0 -1
    outer loop
      vertex 0.4719350074431383 -5.473155330372698 0
      vertex 1.217978544807211 -2.4242391714225553 0
      vertex 1.2179785448072111 -5.3544685346738365 0
    endloop
  endfacet
  facet normal 0 0 -1
    outer loop
      vertex 2.008610463437158 -6.181867355918498 0
      vertex 2.077868579241013 -5.0810411284725125 0
      vertex 2.767565395172971 -5.8813758410291275 0
    endloop
  endfacet
  facet normal 0 0 -1
    outer loop
      vertex 2.008610463437158 -6.181867355918498 0
      vertex 1.28387012507446 -5.33755045234554 0
      vertex 2.008610463437158 -5.1084623563558145 0
    endloop
  endfacet
  facet normal 0 0 -1
    outer loop
      vertex 2.008610463437158 -6.181867355918498 0
      vertex 2.008610463437158 -5.1084623563558145 0
      vertex 2.077868579241013 -5.0810411284725125 0
    endloop
  endfacet
  facet normal 0 0 -1
    outer loop
      vertex 2.767565395172971 -5.8813758410291275 0
      vertex 2.077868579241013 -5.0810411284725125 0
      vertex 2.767565395172971 -4.742474642217868 0
    endloop
  endfacet
  facet normal 0 0 -1
    outer loop
      vertex 2.767565395172971 -5.8813758410291275 0
      vertex 2.767565395172971 -4.742474642217868 0
      vertex 2.8417861036078986 -4.701671462466724 0
    endloop
  endfacet
  facet normal 0 0 -1
    outer loop
      vertex 2.767565395172971 -5.8813758410291275 0
      vertex 2.8417861036078986 -4.701671462466724 0
      vertex 3.4828741673634753 -5.488131515763099 0
    endloop
  endfacet
  facet normal 0.24868988716485482 -0.9685831611286311 0
    outer loop
      vertex 1.2179785448072113 -6.384867129736476 0
      vertex 2.008610463437158 -6.181867355918498 0
      vertex 2.008610463437158 -6.181867355918498 2
    endloop
  endfacet
  facet normal 0.3681245526846773 -0.9297764858882517 0
    outer loop
      vertex 2.008610463437158 -6.181867355918498 0
      vertex 2.767565395172971 -5.8813758410291275 0
      vertex 2.767565395172971 -5.8813758410291275 2
    endloop
  endfacet
  facet normal 0.48175367410171566 -0.8763066800438634 0
    outer loop
      vertex 2.767565395172971 -5.8813758410291275 0
      vertex 3.4828741673634753 -5.488131515763099 0
      vertex 3.4828741673634753 -5.488131515763099 2
    endloop
  endfacet
  facet normal 0 0 -1
    outer loop
      vertex 1.28387012507446 -5.33755045234554 0
      vertex 2.008610463437158 -0.3191263650142764 0
      vertex 2.008610463437158 -5.1084623563558145 0
    endloop
  endfacet
  facet normal 0 0 -1
    outer loop
      vertex 2.077868579241013 -5.0810411284725125 0
      vertex 2.341786103607899 -0.8861922023411325 0
      vertex 2.767565395172971 -4.742474642217868 0
    endloop
  endfacet
  facet normal 0 0 -1
    outer loop
      vertex 3.4828741673634753 -5.488131515763099 0
      vertex 2.8417861036078986 -4.701671462466724 0
      vertex 2.9470473723844797 -3.0285915055752004 0
    endloop
  endfacet
  facet normal 0.12533323356430498 -0.9921147013144778 0
    outer loop
      vertex 0.40813837694053945 -6.487173734783765 0
      vertex 1.2179785448072113 -6.384867129736476 2
      vertex 0.40813837694053945 -6.487173734783765 2
    endloop
  endfacet
  facet normal 0.24868988716485482 -0.9685831611286311 0
    outer loop
      vertex 1.2179785448072113 -6.384867129736476 0
      vertex 2.008610463437158 -6.181867355918498 2
      vertex 1.2179785448072113 -6.384867129736476 2
    endloop
  endfacet
  facet normal 0 0 1
    outer loop
      vertex 0.40813837694053945 -6.487173734783765 2
      vertex 0.3453478574112257 -5.489147006355494 2
      vertex -0.3453478574112257 -5.489147006355494 2
    endloop
  endfacet
  facet normal 0 0 1
    outer loop
      vertex 0.40813837694053945 -6.487173734783765 2
      vertex 1.2179785448072113 -6.384867129736476 2
      vertex 0.3453478574112257 -5.489147006355494 2
    endloop
  endfacet
  facet normal 0 0 1
    outer loop
      vertex 1.2179785448072113 -6.384867129736476 2
      vertex 1.0305972302214865 -5.402579879007788 2
      vertex 0.3453478574112257 -5.489147006355494 2
    endloop
  endfacet
  facet normal 0 0 1
    outer loop
      vertex 1.2179785448072113 -6.384867129736476 2
      vertex 2.008610463437158 -6.181867355918498 2
      vertex 1.0305972302214865 -5.402579879007788 2
    endloop
  endfacet
  facet normal 0 0 1
    outer loop
      vertex 2.008610463437158 -6.181867355918498 2
      vertex 1.6995934690622108 -5.230810839623344 2
      vertex 1.0305972302214865 -5.402579879007788 2
    endloop
  endfacet
  facet normal 0.3681245526846773 -0.9297764858882517 0
    outer loop
      vertex 2.008610463437158 -6.181867355918498 0
      vertex 2.767565395172971 -5.8813758410291275 2
      vertex 2.008610463437158 -6.181867355918498 2
    endloop
  endfacet
  facet normal 0.48175367410171566 -0.8763066800438634 0
    outer loop
      vertex 2.767565395172971 -5.8813758410291275 0
      vertex 3.4828741673634753 -5.488131515763099 2
      vertex 2.767565395172971 -5.8813758410291275 2
    endloop
  endfacet
  facet normal 0 0 1
    outer loop
      vertex 2.008610463437158 -6.181867355918498 2
      vertex 2.767565395172971 -5.8813758410291275 2
      vertex 1.6995934690622108 -5.230810839623344 2
    endloop
  endfacet
  facet normal 0 0 1
    outer loop
      vertex 2.767565395172971 -5.8813758410291275 2
      vertex 2.341786103607898 -4.9765487885631075 2
      vertex 1.6995934690622108 -5.230810839623344 2
    endloop
  endfacet
  facet normal 0 0 1
    outer loop
      vertex 2.767565395172971 -5.8813758410291275 2
      vertex 3.4828741673634753 -5.488131515763099 2
      vertex 2.341786103607898 -4.9765487885631075 2
    endloop
  endfacet
  facet normal 0 0 1
    outer loop
      vertex 3.4828741673634753 -5.488131515763099 2
      vertex 2.9470473723844792 -4.643803590261085 2
      vertex 2.341786103607898 -4.9765487885631075 2
    endloop
  endfacet
  facet normal 0 0 -1
    outer loop
      vertex 0.40813837694053945 -6.487173734783765 0
      vertex -0.4081383769405368 4.491120277927219 0
      vertex 0.4081383769405392 -5.481214719051048 0
    endloop
  endfacet
  facet normal 0 0 -1
    outer loop
      vertex 0.4081383769405392 -5.481214719051048 0
      vertex -0.4081383769405368 4.491120277927219 0
      vertex 0.40813837694053895 -4.491120277927221 0
    endloop
  endfacet
  facet normal 0 0 -1
    outer loop
      vertex 0.4719350074431383 -5.473155330372698 0
      vertex 1.0305972302214854 3.4065264221512392 0
      vertex 1.217978544807211 -2.4242391714225553 0
    endloop
  endfacet
  facet normal 0 0 -1
    outer loop
      vertex 1.28387012507446 -5.33755045234554 0
      vertex 1.6995934690622108 1.2701828813094185 0
      vertex 2.008610463437158 -0.3191263650142764 0
    endloop
  endfacet
  facet normal 0 0 -1
    outer loop
      vertex 2.767565395172971 -4.742474642217868 0
      vertex 2.341786103607899 -0.8861922023411325 0
      vertex 2.7675653951729724 1.7910192548071455 0
    endloop
  endfacet
  facet normal 0 0 1
    outer loop
      vertex 0.28255733788191245 -4.491120277927222 2
      vertex 0.8432159156357617 -4.420292628279099 2
      vertex 0.28255733788190973 4.491120277927222 2
    endloop
  endfacet
  facet normal 0 0 1
    outer loop
      vertex 1.3905764746872633 -4.2797543233281905 2
      vertex 0.28255733788190973 4.491120277927222 2
      vertex 0.8432159156357617 -4.420292628279099 2
    endloop
  endfacet
  facet normal 0 0 1
    outer loop
      vertex 1.916006812042826 -4.071721736097088 2
      vertex 0.8432159156357606 4.420292628279099 2
      vertex 1.3905764746872633 -4.2797543233281905 2
    endloop
  endfacet
  facet normal 0 0 1
    outer loop
      vertex 2.411220577405483 -3.799475664759069 2
      vertex 1.9160068120428273 4.071721736097087 2
      vertex 1.916006812042826 -4.071721736097088 2
    endloop
  endfacet
  facet normal 0 0 1
    outer loop
      vertex 2.868407953869105 -3.4673095924910506 2
      vertex 1.9160068120428273 4.071721736097087 2
      vertex 2.411220577405483 -3.799475664759069 2
    endloop
  endfacet
  facet normal 0 0 1
    outer loop
      vertex 2.411220577405485 3.799475664759068 2
      vertex 2.868407953869105 -3.4673095924910506 2
      vertex 3.2803588233963525 -3.080461976679098 2
    endloop
  endfacet
  facet normal 0.5877852522924729 -0.8090169943749476 0
    outer loop
      vertex 3.4828741673634753 -5.488131515763099 0
      vertex 4.1432559333664845 -5.008336078042628 0
      vertex 4.1432559333664845 -5.008336078042628 2
    endloop
  endfacet
  facet normal 0 0 -1
    outer loop
      vertex 3.4828741673634753 -5.488131515763099 0
      vertex 2.9470473723844797 -3.0285915055752004 0
      vertex 4.1432559333664845 -5.008336078042628 0
    endloop
  endfacet
  facet normal 0 0 -1
    outer loop
      vertex 4.1432559333664845 -5.008336078042628 0
      vertex 2.9470473723844797 -3.0285915055752004 0
      vertex 4.1432559333664845 -3.603117357400927 0
    endloop
  endfacet
  facet normal 0 0 -1
    outer loop
      vertex 4.1432559333664845 -5.008336078042628 0
      vertex 4.2389417840757275 -3.487453033021158 0
      vertex 4.738296078239176 -4.449556188536476 0
    endloop
  endfacet
  facet normal 0 0 -1
    outer loop
      vertex 4.1432559333664845 -5.008336078042628 0
      vertex 4.1432559333664845 -3.603117357400927 0
      vertex 4.2389417840757275 -3.487453033021158 0
    endloop
  endfacet
  facet normal 0.6845471059286882 -0.728968627421412 0
    outer loop
      vertex 4.1432559333664845 -5.008336078042628 0
      vertex 4.738296078239176 -4.449556188536476 0
      vertex 4.738296078239176 -4.449556188536476 2
    endloop
  endfacet
  facet normal 0.7705132427757897 -0.6374239897486892 0
    outer loop
      vertex 4.738296078239176 -4.449556188536476 0
      vertex 5.258610463437158 -3.8206041399010755 0
      vertex 4.738296078239176 -4.449556188536476 2
    endloop
  endfacet
  facet normal 0.844327925502015 -0.5358267949789968 0
    outer loop
      vertex 5.258610463437158 -3.8206041399010755 0
      vertex 5.695993420285113 -3.1313988816611498 0
      vertex 5.258610463437158 -3.8206041399010755 2
    endloop
  endfacet
  facet normal 0.5877852522924729 -0.8090169943749476 0
    outer loop
      vertex 3.4828741673634753 -5.488131515763099 0
      vertex 4.1432559333664845 -5.008336078042628 2
      vertex 3.4828741673634753 -5.488131515763099 2
    endloop
  endfacet
  facet normal 0 0 1
    outer loop
      vertex 3.4828741673634753 -5.488131515763099 2
      vertex 4.1432559333664845 -5.008336078042628 2
      vertex 2.9470473723844792 -4.643803590261085 2
    endloop
  endfacet
  facet normal 0.6845471059286882 -0.728968627421412 0
    outer loop
      vertex 4.1432559333664845 -5.008336078042628 0
      vertex 4.738296078239176 -4.449556188536476 2
      vertex 4.1432559333664845 -5.008336078042628 2
    endloop
  endfacet
  facet normal 0 0 1
    outer loop
      vertex 4.1432559333664845 -5.008336078042628 2
      vertex 3.5058319436177947 -4.23782283526684 2
      vertex 2.9470473723844792 -4.643803590261085 2
    endloop
  endfacet
  facet normal 0 0 1
    outer loop
      vertex 4.1432559333664845 -5.008336078042628 2
      vertex 4.009327450817764 -3.765009082607787 2
      vertex 3.5058319436177947 -4.23782283526684 2
    endloop
  endfacet
  facet normal 0 0 1
    outer loop
      vertex 4.1432559333664845 -5.008336078042628 2
      vertex 4.738296078239176 -4.449556188536476 2
      vertex 4.009327450817764 -3.765009082607787 2
    endloop
  endfacet
  facet normal 0 0 1
    outer loop
      vertex 4.738296078239176 -4.449556188536476 2
      vertex 4.449593469062211 -3.232818887608602 2
      vertex 4.009327450817764 -3.765009082607787 2
    endloop
  endfacet
  facet normal 0 0 1
    outer loop
      vertex 4.738296078239176 -4.449556188536476 2
      vertex 5.258610463437158 -3.8206041399010755 2
      vertex 4.449593469062211 -3.232818887608602 2
    endloop
  endfacet
  facet normal 0.7705132427757897 -0.6374239897486892 0
    outer loop
      vertex 5.258610463437158 -3.8206041399010755 0
      vertex 5.258610463437158 -3.8206041399010755 2
      vertex 4.738296078239176 -4.449556188536476 2
    endloop
  endfacet
  facet normal 0.844327925502015 -0.5358267949789968 0
    outer loop
      vertex 5.695993420285113 -3.1313988816611498 0
      vertex 5.695993420285113 -3.1313988816611498 2
      vertex 5.258610463437158 -3.8206041399010755 2
    endloop
  endfacet
  facet normal 0 0 -1
    outer loop
      vertex 2.9470473723844797 -3.0285915055752004 0
      vertex 4.1432559333664845 -1.6362768108663264 0
      vertex 4.1432559333664845 -3.603117357400927 0
    endloop
  endfacet
  facet normal 0 0 -1
    outer loop
      vertex 4.738296078239176 -4.449556188536476 0
      vertex 4.2389417840757275 -3.487453033021158 0
      vertex 4.449593469062211 -0.13924037956769997 0
    endloop
  endfacet
  facet normal 0 0 -1
    outer loop
      vertex 4.738296078239176 -4.449556188536476 0
      vertex 4.449593469062211 -0.13924037956769997 0
      vertex 5.258610463437158 -3.8206041399010755 0
    endloop
  endfacet
  facet normal 0 0 -1
    outer loop
      vertex 5.258610463437158 -3.8206041399010755 0
      vertex 4.449593469062211 -0.13924037956769997 0
      vertex 4.738296078239175 1.3559776804955819 0
    endloop
  endfacet
  facet normal 0.9048270524660197 -0.42577929156507255 0
    outer loop
      vertex 5.695993420285113 -3.1313988816611498 0
      vertex 6.043547158273633 -2.3928095924504094 0
      vertex 5.695993420285113 -3.1313988816611498 2
    endloop
  endfacet
  facet normal 0.9510565162951534 -0.30901699437494795 0
    outer loop
      vertex 6.043547158273633 -2.3928095924504094 0
      vertex 6.295790547336103 -1.6164842665715538 0
      vertex 6.043547158273633 -2.3928095924504094 2
    endloop
  endfacet
  facet normal 0 0 -1
    outer loop
      vertex 5.695993420285113 -3.1313988816611498 0
      vertex 5.258610463437158 -3.8206041399010755 0
      vertex 5.695993420285113 3.1313988816611498 0
    endloop
  endfacet
  facet normal 0 0 -1
    outer loop
      vertex 5.695993420285113 -3.1313988816611498 0
      vertex 6.0435471582736335 2.3928095924504067 0
      vertex 6.043547158273633 -2.3928095924504094 0
    endloop
  endfacet
  facet normal 0 0 -1
    outer loop
      vertex 6.043547158273633 -2.3928095924504094 0
      vertex 6.295790547336102 1.6164842665715562 0
      vertex 6.295790547336103 -1.6164842665715538 0
    endloop
  endfacet
  facet normal 0 0 -1
    outer loop
      vertex 6.295790547336103 -1.6164842665715538 0
      vertex 6.448745558544106 0.8146660181679777 0
      vertex 6.448745558544106 -0.8146660181679765 0
    endloop
  endfacet
  facet normal 0.9822872507286887 -0.18738131458572407 0
    outer loop
      vertex 6.295790547336103 -1.6164842665715538 0
      vertex 6.448745558544106 -0.8146660181679765 0
      vertex 6.295790547336103 -1.6164842665715538 2
    endloop
  endfacet
  facet normal 0.9980267284282716 -0.06279051952931358 0
    outer loop
      vertex 6.448745558544106 -0.8146660181679765 0
      vertex 6.5 0 0
      vertex 6.448745558544106 -0.8146660181679765 2
    endloop
  endfacet
  facet normal 0 0 1
    outer loop
      vertex 5.258610463437158 -3.8206041399010755 2
      vertex 4.819686740241249 -2.6496452075594346 2
      vertex 4.449593469062211 -3.232818887608602 2
    endloop
  endfacet
  facet normal 0 0 1
    outer loop
      vertex 3.6405764746872635 -2.6450336353161292 2
      vertex 2.868407953869104 3.467309592491051 2
      vertex 3.2803588233963525 -3.080461976679098 2
    endloop
  endfacet
  facet normal 0 0 1
    outer loop
      vertex 3.280358823396352 3.080461976679099 2
      vertex 3.6405764746872635 -2.6450336353161292 2
      vertex 3.9433800601973856 -2.1678915334577193 2
    endloop
  endfacet
  facet normal 0 0 1
    outer loop
      vertex 4.183994186497131 -1.6565604870810526 2
      vertex 3.6405764746872635 2.6450336353161292 2
      vertex 3.9433800601973856 -2.1678915334577193 2
    endloop
  endfacet
  facet normal 0 0 1
    outer loop
      vertex 3.943380060197386 2.167891533457719 2
      vertex 4.183994186497131 -1.6565604870810526 2
      vertex 4.358624225078841 -1.119104492241845 2
    endloop
  endfacet
  facet normal 0 0 1
    outer loop
      vertex 4.358624225078841 -1.119104492241845 2
      vertex 4.464516155915151 -0.5639995510393683 2
      vertex 4.35862422507884 1.1191044922418465 2
    endloop
  endfacet
  facet normal 0.9048270524660197 -0.42577929156507255 0
    outer loop
      vertex 6.043547158273633 -2.3928095924504094 0
      vertex 6.043547158273633 -2.3928095924504094 2
      vertex 5.695993420285113 -3.1313988816611498 2
    endloop
  endfacet
  facet normal 0.9510565162951534 -0.30901699437494795 0
    outer loop
      vertex 6.295790547336103 -1.6164842665715538 0
      vertex 6.295790547336103 -1.6164842665715538 2
      vertex 6.043547158273633 -2.3928095924504094 2
    endloop
  endfacet
  facet normal 0 0 1
    outer loop
      vertex 5.258610463437158 -3.8206041399010755 2
      vertex 5.113770672385382 -2.024685039765731 2
      vertex 4.819686740241249 -2.6496452075594346 2
    endloop
  endfacet
  facet normal 0 0 1
    outer loop
      vertex 5.258610463437158 -3.8206041399010755 2
      vertex 5.695993420285113 -3.1313988816611498 2
      vertex 5.113770672385382 -2.024685039765731 2
    endloop
  endfacet
  facet normal 0 0 1
    outer loop
      vertex 5.695993420285113 -3.1313988816611498 2
      vertex 5.327207386207472 -1.3677943794066993 2
      vertex 5.113770672385382 -2.024685039765731 2
    endloop
  endfacet
  facet normal 0 0 1
    outer loop
      vertex 5.695993420285113 -3.1313988816611498 2
      vertex 5.456630857229628 -0.6893327846036723 2
      vertex 5.327207386207472 -1.3677943794066993 2
    endloop
  endfacet
  facet normal 0.9822872507286887 -0.18738131458572407 0
    outer loop
      vertex 6.448745558544106 -0.8146660181679765 0
      vertex 6.448745558544106 -0.8146660181679765 2
      vertex 6.295790547336103 -1.6164842665715538 2
    endloop
  endfacet
  facet normal 0.9980267284282716 -0.06279051952931358 0
    outer loop
      vertex 6.448745558544106 -0.8146660181679765 2
      vertex 6.5 0 0
      vertex 6.5 0 2
    endloop
  endfacet
  facet normal 0 0 1
    outer loop
      vertex 5.695993420285113 -3.1313988816611498 2
      vertex 5.5 0 2
      vertex 5.456630857229628 -0.6893327846036723 2
    endloop
  endfacet
  facet normal 0 0 1
    outer loop
      vertex 5.695993420285113 -3.1313988816611498 2
      vertex 6.043547158273633 -2.3928095924504094 2
      vertex 5.695993420285113 3.1313988816611498 2
    endloop
  endfacet
  facet normal 0 0 1
    outer loop
      vertex 6.043547158273633 -2.3928095924504094 2
      vertex 6.295790547336103 -1.6164842665715538 2
      vertex 6.0435471582736335 2.3928095924504067 2
    endloop
  endfacet
  facet normal 0 0 1
    outer loop
      vertex 6.295790547336103 -1.6164842665715538 2
      vertex 6.448745558544106 -0.8146660181679765 2
      vertex 6.295790547336102 1.6164842665715562 2
    endloop
  endfacet
  facet normal 0 0 -1
    outer loop
      vertex 0.4081383769405363 6.487173734783765 0
      vertex 0.40813837694053895 -4.491120277927221 0
      vertex -0.4081383769405363 6.487173734783765 0
    endloop
  endfacet
  facet normal 0 0 -1
    outer loop
      vertex 0.4081383769405363 6.487173734783765 0
      vertex 1.2179785448072098 6.3848671297364765 0
      vertex 0.40813837694053895 -4.491120277927221 0
    endloop
  endfacet
  facet normal 0 0 -1
    outer loop
      vertex 1.2179785448072098 6.3848671297364765 0
      vertex 1.0305972302214854 3.4065264221512392 0
      vertex 0.40813837694053895 -4.491120277927221 0
    endloop
  endfacet
  facet normal 0 0 -1
    outer loop
      vertex 1.2179785448072098 6.3848671297364765 0
      vertex 1.6995934690622108 1.2701828813094185 0
      vertex 1.217978544807211 -2.4242391714225553 0
    endloop
  endfacet
  facet normal 0 0 -1
    outer loop
      vertex 1.2179785448072098 6.3848671297364765 0
      vertex 1.217978544807211 -2.4242391714225553 0
      vertex 1.0305972302214854 3.4065264221512392 0
    endloop
  endfacet
  facet normal 0 0 -1
    outer loop
      vertex 2.698307279369118 4.780549613583141 0
      vertex 2.341786103607899 -0.8861922023411325 0
      vertex 2.008610463437158 -0.3191263650142764 0
    endloop
  endfacet
  facet normal 0 0 -1
    outer loop
      vertex 3.408653458928551 4.308427137200693 0
      vertex 2.9470473723844797 -3.0285915055752004 0
      vertex 2.7675653951729724 1.7910192548071455 0
    endloop
  endfacet
  facet normal 0 0 -1
    outer loop
      vertex 2.008610463437158 6.181867355918498 0
      vertex 2.008610463437158 -0.3191263650142764 0
      vertex 1.6995934690622108 1.2701828813094185 0
    endloop
  endfacet
  facet normal 0 0 1
    outer loop
      vertex 0.28255733788191245 -4.491120277927222 2
      vertex 0.28255733788190973 4.491120277927222 2
      vertex -0.28255733788190973 4.491120277927222 2
    endloop
  endfacet
  facet normal 0 0 1
    outer loop
      vertex 1.3905764746872633 -4.2797543233281905 2
      vertex 0.8432159156357606 4.420292628279099 2
      vertex 0.28255733788190973 4.491120277927222 2
    endloop
  endfacet
  facet normal 0 0 1
    outer loop
      vertex 1.916006812042826 -4.071721736097088 2
      vertex 1.3905764746872633 4.2797543233281905 2
      vertex 0.8432159156357606 4.420292628279099 2
    endloop
  endfacet
  facet normal 0 0 1
    outer loop
      vertex 1.916006812042826 -4.071721736097088 2
      vertex 1.9160068120428273 4.071721736097087 2
      vertex 1.3905764746872633 4.2797543233281905 2
    endloop
  endfacet
  facet normal 0 0 1
    outer loop
      vertex 2.868407953869105 -3.4673095924910506 2
      vertex 2.411220577405485 3.799475664759068 2
      vertex 1.9160068120428273 4.071721736097087 2
    endloop
  endfacet
  facet normal 0 0 1
    outer loop
      vertex 2.411220577405485 3.799475664759068 2
      vertex 3.2803588233963525 -3.080461976679098 2
      vertex 2.868407953869104 3.467309592491051 2
    endloop
  endfacet
  facet normal 0.12533323356430365 0.9921147013144779 0
    outer loop
      vertex 0.4081383769405363 6.487173734783765 0
      vertex 0.4081383769405363 6.487173734783765 2
      vertex 1.2179785448072098 6.3848671297364765 0
    endloop
  endfacet
  facet normal 0.2486898871648554 0.968583161128631 0
    outer loop
      vertex 1.2179785448072098 6.3848671297364765 0
      vertex 1.2179785448072098 6.3848671297364765 2
      vertex 2.008610463437158 6.181867355918498 0
    endloop
  endfacet
  facet normal 0 0 -1
    outer loop
      vertex 2.008610463437158 6.181867355918498 0
      vertex 2.698307279369118 4.780549613583141 0
      vertex 2.008610463437158 -0.3191263650142764 0
    endloop
  endfacet
  facet normal 0 0 -1
    outer loop
      vertex 1.2179785448072098 6.3848671297364765 0
      vertex 2.008610463437158 6.181867355918498 0
      vertex 1.6995934690622108 1.2701828813094185 0
    endloop
  endfacet
  facet normal 0 0 -1
    outer loop
      vertex 2.767565395172973 5.881375841029127 0
      vertex 3.408653458928551 4.308427137200693 0
      vertex 2.7675653951729724 1.7910192548071455 0
    endloop
  endfacet
  facet normal 0 0 -1
    outer loop
      vertex 2.767565395172973 5.881375841029127 0
      vertex 2.7675653951729724 1.7910192548071455 0
      vertex 2.698307279369118 4.780549613583141 0
    endloop
  endfacet
  facet normal 0 0 -1
    outer loop
      vertex 2.008610463437158 6.181867355918498 0
      vertex 2.767565395172973 5.881375841029127 0
      vertex 2.698307279369118 4.780549613583141 0
    endloop
  endfacet
  facet normal 0 0 -1
    outer loop
      vertex 2.767565395172973 5.881375841029127 0
      vertex 3.4828741673634784 5.488131515763098 0
      vertex 3.408653458928551 4.308427137200693 0
    endloop
  endfacet
  facet normal 0.3681245526846775 0.9297764858882516 0
    outer loop
      vertex 2.008610463437158 6.181867355918498 0
      vertex 2.008610463437158 6.181867355918498 2
      vertex 2.767565395172973 5.881375841029127 0
    endloop
  endfacet
  facet normal 0.481753674101715 0.8763066800438638 0
    outer loop
      vertex 2.767565395172973 5.881375841029127 0
      vertex 2.767565395172973 5.881375841029127 2
      vertex 3.4828741673634784 5.488131515763098 0
    endloop
  endfacet
  facet normal 0 1 0
    outer loop
      vertex -0.4081383769405363 6.487173734783765 2
      vertex 0.4081383769405363 6.487173734783765 2
      vertex 0.4081383769405363 6.487173734783765 0
    endloop
  endfacet
  facet normal 0.12533323356430365 0.9921147013144779 0
    outer loop
      vertex 1.2179785448072098 6.3848671297364765 0
      vertex 0.4081383769405363 6.487173734783765 2
      vertex 1.2179785448072098 6.3848671297364765 2
    endloop
  endfacet
  facet normal 0 0 1
    outer loop
      vertex -0.4081383769405363 6.487173734783765 2
      vertex 0.34534785741122304 5.489147006355494 2
      vertex 0.4081383769405363 6.487173734783765 2
    endloop
  endfacet
  facet normal 0 0 1
    outer loop
      vertex 0.4081383769405363 6.487173734783765 2
      vertex 0.34534785741122304 5.489147006355494 2
      vertex 1.0305972302214852 5.402579879007788 2
    endloop
  endfacet
  facet normal 0 0 1
    outer loop
      vertex 1.2179785448072098 6.3848671297364765 2
      vertex 1.0305972302214852 5.402579879007788 2
      vertex 1.6995934690622108 5.230810839623344 2
    endloop
  endfacet
  facet normal 0 0 1
    outer loop
      vertex 0.4081383769405363 6.487173734783765 2
      vertex 1.0305972302214852 5.402579879007788 2
      vertex 1.2179785448072098 6.3848671297364765 2
    endloop
  endfacet
  facet normal 0.2486898871648554 0.968583161128631 0
    outer loop
      vertex 2.008610463437158 6.181867355918498 0
      vertex 1.2179785448072098 6.3848671297364765 2
      vertex 2.008610463437158 6.181867355918498 2
    endloop
  endfacet
  facet normal 0.481753674101715 0.8763066800438638 0
    outer loop
      vertex 3.4828741673634784 5.488131515763098 0
      vertex 2.767565395172973 5.881375841029127 2
      vertex 3.4828741673634784 5.488131515763098 2
    endloop
  endfacet
  facet normal 0.3681245526846775 0.9297764858882516 0
    outer loop
      vertex 2.767565395172973 5.881375841029127 0
      vertex 2.008610463437158 6.181867355918498 2
      vertex 2.767565395172973 5.881375841029127 2
    endloop
  endfacet
  facet normal 0 0 1
    outer loop
      vertex 2.008610463437158 6.181867355918498 2
      vertex 1.6995934690622108 5.230810839623344 2
      vertex 2.3417861036079 4.9765487885631075 2
    endloop
  endfacet
  facet normal 0 0 1
    outer loop
      vertex 1.2179785448072098 6.3848671297364765 2
      vertex 1.6995934690622108 5.230810839623344 2
      vertex 2.008610463437158 6.181867355918498 2
    endloop
  endfacet
  facet normal 0 0 1
    outer loop
      vertex 2.008610463437158 6.181867355918498 2
      vertex 2.3417861036079 4.9765487885631075 2
      vertex 2.767565395172973 5.881375841029127 2
    endloop
  endfacet
  facet normal 0 0 1
    outer loop
      vertex 2.767565395172973 5.881375841029127 2
      vertex 2.3417861036079 4.9765487885631075 2
      vertex 2.9470473723844814 4.643803590261083 2
    endloop
  endfacet
  facet normal 0 0 1
    outer loop
      vertex 2.767565395172973 5.881375841029127 2
      vertex 2.9470473723844814 4.643803590261083 2
      vertex 3.4828741673634784 5.488131515763098 2
    endloop
  endfacet
  facet normal 0 0 -1
    outer loop
      vertex 2.9470473723844797 -3.0285915055752004 0
      vertex 4.143255933366484 5.008336078042629 0
      vertex 4.1432559333664845 -1.6362768108663264 0
    endloop
  endfacet
  facet normal 0 0 -1
    outer loop
      vertex 4.642610227529932 2.928673143515005 0
      vertex 4.449593469062211 -0.13924037956769997 0
      vertex 4.1432559333664845 -1.6362768108663264 0
    endloop
  endfacet
  facet normal 0 0 -1
    outer loop
      vertex 2.9470473723844797 -3.0285915055752004 0
      vertex 3.482874167363478 3.8729194310771993 0
      vertex 4.143255933366484 5.008336078042629 0
    endloop
  endfacet
  facet normal 0 0 -1
    outer loop
      vertex 4.143255933366484 5.008336078042629 0
      vertex 4.642610227529932 2.928673143515005 0
      vertex 4.1432559333664845 -1.6362768108663264 0
    endloop
  endfacet
  facet normal 0 0 -1
    outer loop
      vertex 4.738296078239175 4.4495561885364765 0
      vertex 4.738296078239175 1.3559776804955819 0
      vertex 4.642610227529932 2.928673143515005 0
    endloop
  endfacet
  facet normal 0 0 -1
    outer loop
      vertex 4.738296078239175 4.4495561885364765 0
      vertex 5.258610463437158 -3.8206041399010755 0
      vertex 4.738296078239175 1.3559776804955819 0
    endloop
  endfacet
  facet normal 0 0 -1
    outer loop
      vertex 4.738296078239175 4.4495561885364765 0
      vertex 5.258610463437158 3.8206041399010755 0
      vertex 5.258610463437158 -3.8206041399010755 0
    endloop
  endfacet
  facet normal 0 0 -1
    outer loop
      vertex 5.695993420285113 3.1313988816611498 0
      vertex 5.258610463437158 -3.8206041399010755 0
      vertex 5.258610463437158 3.8206041399010755 0
    endloop
  endfacet
  facet normal 0 0 -1
    outer loop
      vertex 5.695993420285113 -3.1313988816611498 0
      vertex 5.695993420285113 3.1313988816611498 0
      vertex 6.0435471582736335 2.3928095924504067 0
    endloop
  endfacet
  facet normal 0 0 -1
    outer loop
      vertex 6.448745558544106 -0.8146660181679765 0
      vertex 6.448745558544106 0.8146660181679777 0
      vertex 6.5 0 0
    endloop
  endfacet
  facet normal 0 0 -1
    outer loop
      vertex 6.295790547336103 -1.6164842665715538 0
      vertex 6.295790547336102 1.6164842665715562 0
      vertex 6.448745558544106 0.8146660181679777 0
    endloop
  endfacet
  facet normal 0 0 -1
    outer loop
      vertex 6.043547158273633 -2.3928095924504094 0
      vertex 6.0435471582736335 2.3928095924504067 0
      vertex 6.295790547336102 1.6164842665715562 0
    endloop
  endfacet
  facet normal 0.9980267284282716 0.06279051952931348 0
    outer loop
      vertex 6.5 0 0
      vertex 6.448745558544106 0.8146660181679777 0
      vertex 6.5 0 2
    endloop
  endfacet
  facet normal 0.9822872507286886 0.18738131458572485 0
    outer loop
      vertex 6.448745558544106 0.8146660181679777 0
      vertex 6.295790547336102 1.6164842665715562 0
      vertex 6.448745558544106 0.8146660181679777 2
    endloop
  endfacet
  facet normal 0.9510565162951534 0.3090169943749478 0
    outer loop
      vertex 6.295790547336102 1.6164842665715562 0
      vertex 6.0435471582736335 2.3928095924504067 0
      vertex 6.295790547336102 1.6164842665715562 2
    endloop
  endfacet
  facet normal 0.9048270524660198 0.4257792915650721 0
    outer loop
      vertex 6.0435471582736335 2.3928095924504067 0
      vertex 5.695993420285113 3.1313988816611498 0
      vertex 6.0435471582736335 2.3928095924504067 2
    endloop
  endfacet
  facet normal 0 0 1
    outer loop
      vertex 3.280358823396352 3.080461976679099 2
      vertex 3.9433800601973856 -2.1678915334577193 2
      vertex 3.6405764746872635 2.6450336353161292 2
    endloop
  endfacet
  facet normal 0 0 1
    outer loop
      vertex 3.6405764746872635 -2.6450336353161292 2
      vertex 3.280358823396352 3.080461976679099 2
      vertex 2.868407953869104 3.467309592491051 2
    endloop
  endfacet
  facet normal 0 0 1
    outer loop
      vertex 4.183994186497131 -1.6565604870810526 2
      vertex 3.943380060197386 2.167891533457719 2
      vertex 3.6405764746872635 2.6450336353161292 2
    endloop
  endfacet
  facet normal 0 0 1
    outer loop
      vertex 4.5 0 2
      vertex 4.35862422507884 1.1191044922418465 2
      vertex 4.464516155915151 -0.5639995510393683 2
    endloop
  endfacet
  facet normal 0 0 1
    outer loop
      vertex 4.358624225078841 -1.119104492241845 2
      vertex 4.35862422507884 1.1191044922418465 2
      vertex 4.183994186497131 1.6565604870810509 2
    endloop
  endfacet
  facet normal 0 0 1
    outer loop
      vertex 4.35862422507884 1.1191044922418465 2
      vertex 4.5 0 2
      vertex 4.464516155915151 0.5639995510393692 2
    endloop
  endfacet
  facet normal 0 0 1
    outer loop
      vertex 3.943380060197386 2.167891533457719 2
      vertex 4.358624225078841 -1.119104492241845 2
      vertex 4.183994186497131 1.6565604870810509 2
    endloop
  endfacet
  facet normal 0.9980267284282716 0.06279051952931348 0
    outer loop
      vertex 6.448745558544106 0.8146660181679777 0
      vertex 6.448745558544106 0.8146660181679777 2
      vertex 6.5 0 2
    endloop
  endfacet
  facet normal 0.9822872507286886 0.18738131458572485 0
    outer loop
      vertex 6.295790547336102 1.6164842665715562 0
      vertex 6.295790547336102 1.6164842665715562 2
      vertex 6.448745558544106 0.8146660181679777 2
    endloop
  endfacet
  facet normal 0 0 1
    outer loop
      vertex 5.695993420285113 -3.1313988816611498 2
      vertex 5.695993420285113 3.1313988816611498 2
      vertex 5.5 0 2
    endloop
  endfacet
  facet normal 0 0 1
    outer loop
      vertex 5.695993420285113 3.1313988816611498 2
      vertex 5.456630857229628 0.6893327846036734 2
      vertex 5.5 0 2
    endloop
  endfacet
  facet normal 0 0 1
    outer loop
      vertex 6.448745558544106 -0.8146660181679765 2
      vertex 6.5 0 2
      vertex 6.448745558544106 0.8146660181679777 2
    endloop
  endfacet
  facet normal 0 0 1
    outer loop
      vertex 6.295790547336103 -1.6164842665715538 2
      vertex 6.295790547336102 1.6164842665715562 2
      vertex 6.0435471582736335 2.3928095924504067 2
    endloop
  endfacet
  facet normal 0 0 1
    outer loop
      vertex 6.448745558544106 -0.8146660181679765 2
      vertex 6.448745558544106 0.8146660181679777 2
      vertex 6.295790547336102 1.6164842665715562 2
    endloop
  endfacet
  facet normal 0 0 1
    outer loop
      vertex 6.043547158273633 -2.3928095924504094 2
      vertex 6.0435471582736335 2.3928095924504067 2
      vertex 5.695993420285113 3.1313988816611498 2
    endloop
  endfacet
  facet normal 0.9510565162951534 0.3090169943749478 0
    outer loop
      vertex 6.0435471582736335 2.3928095924504067 0
      vertex 6.0435471582736335 2.3928095924504067 2
      vertex 6.295790547336102 1.6164842665715562 2
    endloop
  endfacet
  facet normal 0.9048270524660198 0.4257792915650721 0
    outer loop
      vertex 5.695993420285113 3.1313988816611498 0
      vertex 5.695993420285113 3.1313988816611498 2
      vertex 6.0435471582736335 2.3928095924504067 2
    endloop
  endfacet
  facet normal 0 0 1
    outer loop
      vertex 5.258610463437158 3.8206041399010755 2
      vertex 5.113770672385383 2.0246850397657288 2
      vertex 5.327207386207471 1.3677943794067013 2
    endloop
  endfacet
  facet normal 0 0 1
    outer loop
      vertex 5.258610463437158 3.8206041399010755 2
      vertex 5.327207386207471 1.3677943794067013 2
      vertex 5.456630857229628 0.6893327846036734 2
    endloop
  endfacet
  facet normal 0 0 1
    outer loop
      vertex 4.738296078239175 4.4495561885364765 2
      vertex 4.8196867402412495 2.649645207559434 2
      vertex 5.113770672385383 2.0246850397657288 2
    endloop
  endfacet
  facet normal 0 0 1
    outer loop
      vertex 5.695993420285113 3.1313988816611498 2
      vertex 5.258610463437158 3.8206041399010755 2
      vertex 5.456630857229628 0.6893327846036734 2
    endloop
  endfacet
  facet normal 0 0 -1
    outer loop
      vertex 3.4828741673634784 5.488131515763098 0
      vertex 3.482874167363478 3.8729194310771993 0
      vertex 3.408653458928551 4.308427137200693 0
    endloop
  endfacet
  facet normal 0 0 -1
    outer loop
      vertex 3.4828741673634784 5.488131515763098 0
      vertex 4.143255933366484 5.008336078042629 0
      vertex 3.482874167363478 3.8729194310771993 0
    endloop
  endfacet
  facet normal 0 0 -1
    outer loop
      vertex 4.738296078239175 4.4495561885364765 0
      vertex 4.642610227529932 2.928673143515005 0
      vertex 4.143255933366484 5.008336078042629 0
    endloop
  endfacet
  facet normal 0.6845471059286882 0.728968627421412 0
    outer loop
      vertex 4.738296078239175 4.4495561885364765 0
      vertex 4.143255933366484 5.008336078042629 0
      vertex 4.143255933366484 5.008336078042629 2
    endloop
  endfacet
  facet normal 0.5877852522924738 0.8090169943749468 0
    outer loop
      vertex 3.4828741673634784 5.488131515763098 0
      vertex 3.4828741673634784 5.488131515763098 2
      vertex 4.143255933366484 5.008336078042629 0
    endloop
  endfacet
  facet normal 0.7705132427757896 0.6374239897486893 0
    outer loop
      vertex 4.738296078239175 4.4495561885364765 0
      vertex 5.258610463437158 3.8206041399010755 2
      vertex 5.258610463437158 3.8206041399010755 0
    endloop
  endfacet
  facet normal 0.844327925502015 0.5358267949789968 0
    outer loop
      vertex 5.695993420285113 3.1313988816611498 0
      vertex 5.258610463437158 3.8206041399010755 0
      vertex 5.695993420285113 3.1313988816611498 2
    endloop
  endfacet
  facet normal 0.6845471059286882 0.728968627421412 0
    outer loop
      vertex 4.738296078239175 4.4495561885364765 0
      vertex 4.143255933366484 5.008336078042629 2
      vertex 4.738296078239175 4.4495561885364765 2
    endloop
  endfacet
  facet normal 0 0 1
    outer loop
      vertex 3.4828741673634784 5.488131515763098 2
      vertex 2.9470473723844814 4.643803590261083 2
      vertex 3.5058319436177934 4.23782283526684 2
    endloop
  endfacet
  facet normal 0 0 1
    outer loop
      vertex 3.4828741673634784 5.488131515763098 2
      vertex 3.5058319436177934 4.23782283526684 2
      vertex 4.009327450817763 3.765009082607788 2
    endloop
  endfacet
  facet normal 0 0 1
    outer loop
      vertex 3.4828741673634784 5.488131515763098 2
      vertex 4.009327450817763 3.765009082607788 2
      vertex 4.143255933366484 5.008336078042629 2
    endloop
  endfacet
  facet normal 0 0 1
    outer loop
      vertex 4.143255933366484 5.008336078042629 2
      vertex 4.009327450817763 3.765009082607788 2
      vertex 4.449593469062211 3.232818887608602 2
    endloop
  endfacet
  facet normal 0 0 1
    outer loop
      vertex 4.738296078239175 4.4495561885364765 2
      vertex 4.449593469062211 3.232818887608602 2
      vertex 4.8196867402412495 2.649645207559434 2
    endloop
  endfacet
  facet normal 0 0 1
    outer loop
      vertex 4.738296078239175 4.4495561885364765 2
      vertex 4.143255933366484 5.008336078042629 2
      vertex 4.449593469062211 3.232818887608602 2
    endloop
  endfacet
  facet normal 0.5877852522924738 0.8090169943749468 0
    outer loop
      vertex 4.143255933366484 5.008336078042629 0
      vertex 3.4828741673634784 5.488131515763098 2
      vertex 4.143255933366484 5.008336078042629 2
    endloop
  endfacet
  facet normal 0.844327925502015 0.5358267949789968 0
    outer loop
      vertex 5.258610463437158 3.8206041399010755 0
      vertex 5.258610463437158 3.8206041399010755 2
      vertex 5.695993420285113 3.1313988816611498 2
    endloop
  endfacet
  facet normal 0.7705132427757896 0.6374239897486893 0
    outer loop
      vertex 4.738296078239175 4.4495561885364765 0
      vertex 4.738296078239175 4.4495561885364765 2
      vertex 5.258610463437158 3.8206041399010755 2
    endloop
  endfacet
  facet normal 0 0 1
    outer loop
      vertex 4.738296078239175 4.4495561885364765 2
      vertex 5.113770672385383 2.0246850397657288 2
      vertex 5.258610463437158 3.8206041399010755 2
    endloop
  endfacet
endsolid OpenSCAD_Model
