solid OpenSCAD_Model
  facet normal 0 0 -1
    outer loop
      vertex -1.095041255281616 -6.913818384165964 0
      vertex -0.8773326349501287 -4.9218335702506515 0
      vertex -0.8773326349501285 -6.9448029092013455 0
    endloop
  endfacet
  facet normal 0 0 -1
    outer loop
      vertex -0.8773326349501285 -6.9448029092013455 0
      vertex -0.6587581932295979 -4.9560061349948255 0
      vertex -0.6587581932295975 -6.9689337522215595 0
    endloop
  endfacet
  facet normal 0 0 -1
    outer loop
      vertex -0.6587581932295975 -6.9689337522215595 0
      vertex -0.43953363670519585 -4.980250200022635 0
      vertex -0.43953363670519635 -6.986187098997901 0
    endloop
  endfacet
  facet normal 0 0 -1
    outer loop
      vertex -0.43953363670519635 -6.986187098997901 0
      vertex -0.21987531354689918 -4.994570214237463 0
      vertex -0.2198753135468994 -6.996545922560121 0
    endloop
  endfacet
  facet normal 0 0 -1
    outer loop
      vertex -0.2198753135468994 -6.996545922560121 0
      vertex -0.18844904750354807 -4.996052239322976 0
      vertex 0 -7 0
    endloop
  endfacet
  facet normal -0.17192910027941102 -0.9851093261547736 0
    outer loop
      vertex -1.3116692021000738 -6.87601075510082 0
      vertex -1.095041255281616 -6.913818384165964 0
      vertex -1.095041255281616 -6.913818384165964 4
    endloop
  endfacet
  facet normal -0.10973431109103911 -0.9939609554551804 0
    outer loop
      vertex -0.8773326349501285 -6.9448029092013455 0
      vertex -0.6587581932295975 -6.9689337522215595 0
      vertex -0.6587581932295975 -6.9689337522215595 4
    endloop
  endfacet
  facet normal -0.1409012319375854 -0.9900236577165571 0
    outer loop
      vertex -1.095041255281616 -6.913818384165964 0
      vertex -0.8773326349501285 -6.9448029092013455 0
      vertex -0.8773326349501285 -6.9448029092013455 4
    endloop
  endfacet
  facet normal -0.07845909572784833 -0.9969173337331277 0
    outer loop
      vertex -0.6587581932295975 -6.9689337522215595 0
      vertex -0.43953363670519635 -6.986187098997901 0
      vertex -0.43953363670519635 -6.986187098997901 4
    endloop
  endfacet
  facet normal -0.047106450709643824 -0.9988898749619698 0
    outer loop
      vertex -0.43953363670519635 -6.986187098997901 0
      vertex -0.2198753135468994 -6.996545922560121 0
      vertex -0.2198753135468994 -6.996545922560121 4
    endloop
  endfacet
  facet normal -0.01570731731182022 -0.9998766324816606 0
    outer loop
      vertex -0.2198753135468994 -6.996545922560121 0
      vertex 0 -7 0
      vertex 0 -7 4
    endloop
  endfacet
  facet normal -0.26387304996536914 -0.9645574184577992 0
    outer loop
      vertex -1.9529377422746035 -6.722055799738603 0
      vertex -1.740829210153984 -6.7800821279004175 0
      vertex -1.740829210153984 -6.7800821279004175 4
    endloop
  endfacet
  facet normal -0.32391741819814635 -0.9460853588275464 0
    outer loop
      vertex -2.1631189606246317 -6.657395614066075 0
      vertex -2.1631189606246317 -6.657395614066075 4
      vertex -2.371165441717041 -6.586165382679578 0
    endloop
  endfacet
  facet normal -0.2940403252323087 -0.9557930147983287 0
    outer loop
      vertex -1.9529377422746035 -6.722055799738603 0
      vertex -1.9529377422746035 -6.722055799738603 4
      vertex -2.1631189606246317 -6.657395614066075 0
    endloop
  endfacet
  facet normal -0.38268343236508845 -0.9238795325112874 0
    outer loop
      vertex -2.576871868792745 -6.50843540121776 0
      vertex -2.576871868792745 -6.50843540121776 4
      vertex -2.7800352344434653 -6.424282379787868 0
    endloop
  endfacet
  facet normal -0.43993916985591297 -0.8980275757606168 0
    outer loop
      vertex -2.980455040955507 -6.333789367262137 0
      vertex -2.980455040955507 -6.333789367262137 4
      vertex -3.1779334981768272 -6.237045669318575 0
    endloop
  endfacet
  facet normal -0.41151435860511215 -0.9114032766354437 0
    outer loop
      vertex -2.7800352344434653 -6.424282379787868 0
      vertex -2.7800352344434653 -6.424282379787868 4
      vertex -2.980455040955507 -6.333789367262137 0
    endloop
  endfacet
  facet normal -0.3534748437792593 -0.9354440308298665 0
    outer loop
      vertex -2.371165441717041 -6.586165382679578 0
      vertex -2.371165441717041 -6.586165382679578 4
      vertex -2.576871868792745 -6.50843540121776 0
    endloop
  endfacet
  facet normal -0.2334453638559062 -0.9723699203976764 0
    outer loop
      vertex -1.740829210153984 -6.7800821279004175 0
      vertex -1.5270026897758004 -6.831417333571231 0
      vertex -1.5270026897758004 -6.831417333571231 4
    endloop
  endfacet
  facet normal -0.20278729535651102 -0.9792228106217662 0
    outer loop
      vertex -1.3116692021000738 -6.87601075510082 0
      vertex -1.3116692021000738 -6.87601075510082 4
      vertex -1.5270026897758004 -6.831417333571231 0
    endloop
  endfacet
  facet normal 0 0 -1
    outer loop
      vertex -3.5632899102525983 -6.025194189027606 0
      vertex -3.3722757187120074 -3.69075803227135 0
      vertex -3.372275718712008 -6.134146760307044 0
    endloop
  endfacet
  facet normal 0 0 -1
    outer loop
      vertex -1.9529377422746035 -6.722055799738603 0
      vertex -1.740829210153984 -4.686591270899989 0
      vertex -1.740829210153984 -6.7800821279004175 0
    endloop
  endfacet
  facet normal 0 0 -1
    outer loop
      vertex -1.9529377422746035 -6.722055799738603 0
      vertex -2.1631189606246317 -6.657395614066075 0
      vertex -1.9529377422746037 -4.602360041943437 0
    endloop
  endfacet
  facet normal 0 0 -1
    outer loop
      vertex -2.576871868792745 -6.50843540121776 0
      vertex -2.7800352344434653 -6.424282379787868 0
      vertex -2.744756197929072 -4.178533883915645 0
    endloop
  endfacet
  facet normal 0 0 -1
    outer loop
      vertex -2.7800352344434653 -6.424282379787868 0
      vertex -2.980455040955507 -6.333789367262137 0
      vertex -2.7800352344434653 -4.155359888401078 0
    endloop
  endfacet
  facet normal 0 0 -1
    outer loop
      vertex -2.1631189606246317 -6.657395614066075 0
      vertex -2.371165441717041 -6.586165382679578 0
      vertex -2.1631189606246317 -4.507369831202719 0
    endloop
  endfacet
  facet normal 0 0 -1
    outer loop
      vertex -2.371165441717041 -6.586165382679578 0
      vertex -2.576871868792745 -6.50843540121776 0
      vertex -2.3711654417170407 -4.401443126153456 0
    endloop
  endfacet
  facet normal 0 0 -1
    outer loop
      vertex -1.3116692021000738 -6.87601075510082 0
      vertex -1.5270026897758004 -6.831417333571231 0
      vertex -1.3116692021000735 -4.824252989463791 0
    endloop
  endfacet
  facet normal 0 0 -1
    outer loop
      vertex -1.3116692021000738 -6.87601075510082 0
      vertex -1.2795755401261646 -4.833032821858998 0
      vertex -1.095041255281616 -6.913818384165964 0
    endloop
  endfacet
  facet normal 0 0 -1
    outer loop
      vertex -1.740829210153984 -6.7800821279004175 0
      vertex -1.5270026897758 -4.760845417808523 0
      vertex -1.5270026897758004 -6.831417333571231 0
    endloop
  endfacet
  facet normal 0 0 -1
    outer loop
      vertex -0.6587581932295975 -6.9689337522215595 0
      vertex -0.6587581932295979 -4.9560061349948255 0
      vertex -0.6272071398661572 -4.960496514849072 0
    endloop
  endfacet
  facet normal 0 0 -1
    outer loop
      vertex -0.6587581932295975 -6.9689337522215595 0
      vertex -0.6272071398661572 -4.960496514849072 0
      vertex -0.43953363670519585 -4.980250200022635 0
    endloop
  endfacet
  facet normal 0 0 -1
    outer loop
      vertex -0.43953363670519635 -6.986187098997901 0
      vertex -0.43953363670519585 -4.980250200022635 0
      vertex -0.4080607731200742 -4.982727168105442 0
    endloop
  endfacet
  facet normal 0 0 -1
    outer loop
      vertex -0.43953363670519635 -6.986187098997901 0
      vertex -0.4080607731200742 -4.982727168105442 0
      vertex -0.21987531354689918 -4.994570214237463 0
    endloop
  endfacet
  facet normal 0 0 -1
    outer loop
      vertex -0.2198753135468994 -6.996545922560121 0
      vertex -0.21987531354689918 -4.994570214237463 0
      vertex -0.18844904750354807 -4.996052239322976 0
    endloop
  endfacet
  facet normal 0 0 -1
    outer loop
      vertex -2.980455040955507 -6.333789367262137 0
      vertex -3.1779334981768272 -6.237045669318575 0
      vertex -2.9804550409555075 -4.013904282241458 0
    endloop
  endfacet
  facet normal 0 0 -1
    outer loop
      vertex -3.1779334981768272 -6.237045669318575 0
      vertex -3.372275718712008 -6.134146760307044 0
      vertex -3.1779334981768272 -3.8599259485850306 0
    endloop
  endfacet
  facet normal 0 0 -1
    outer loop
      vertex -1.740829210153984 -6.7800821279004175 0
      vertex -1.7081360951707392 -4.698944969604023 0
      vertex -1.5270026897758 -4.760845417808523 0
    endloop
  endfacet
  facet normal 0 0 -1
    outer loop
      vertex -1.9529377422746035 -6.722055799738603 0
      vertex -1.9198541747378775 -4.616063704308836 0
      vertex -1.740829210153984 -4.686591270899989 0
    endloop
  endfacet
  facet normal 0 0 -1
    outer loop
      vertex -1.9529377422746035 -6.722055799738603 0
      vertex -1.9529377422746037 -4.602360041943437 0
      vertex -1.9198541747378775 -4.616063704308836 0
    endloop
  endfacet
  facet normal 0 0 -1
    outer loop
      vertex -1.740829210153984 -6.7800821279004175 0
      vertex -1.740829210153984 -4.686591270899989 0
      vertex -1.7081360951707392 -4.698944969604023 0
    endloop
  endfacet
  facet normal 0 0 -1
    outer loop
      vertex -2.1631189606246317 -6.657395614066075 0
      vertex -2.129601602376149 -4.523789815579158 0
      vertex -1.9529377422746037 -4.602360041943437 0
    endloop
  endfacet
  facet normal 0 0 -1
    outer loop
      vertex -2.371165441717041 -6.586165382679578 0
      vertex -2.337128190981926 -4.419464922738626 0
      vertex -2.1631189606246317 -4.507369831202719 0
    endloop
  endfacet
  facet normal 0 0 -1
    outer loop
      vertex -2.1631189606246317 -6.657395614066075 0
      vertex -2.1631189606246317 -4.507369831202719 0
      vertex -2.129601602376149 -4.523789815579158 0
    endloop
  endfacet
  facet normal 0 0 -1
    outer loop
      vertex -2.371165441717041 -6.586165382679578 0
      vertex -2.3711654417170407 -4.401443126153456 0
      vertex -2.337128190981926 -4.419464922738626 0
    endloop
  endfacet
  facet normal 0 0 -1
    outer loop
      vertex -1.5270026897758004 -6.831417333571231 0
      vertex -1.4946319879472554 -4.770803946011067 0
      vertex -1.3116692021000735 -4.824252989463791 0
    endloop
  endfacet
  facet normal 0 0 -1
    outer loop
      vertex -1.3116692021000738 -6.87601075510082 0
      vertex -1.3116692021000735 -4.824252989463791 0
      vertex -1.2795755401261646 -4.833032821858998 0
    endloop
  endfacet
  facet normal 0 0 -1
    outer loop
      vertex -0.8773326349501285 -6.9448029092013455 0
      vertex -0.8773326349501287 -4.9218335702506515 0
      vertex -0.8456401844095406 -4.927364788322012 0
    endloop
  endfacet
  facet normal 0 0 -1
    outer loop
      vertex -0.8773326349501285 -6.9448029092013455 0
      vertex -0.8456401844095406 -4.927364788322012 0
      vertex -0.6587581932295979 -4.9560061349948255 0
    endloop
  endfacet
  facet normal 0 0 -1
    outer loop
      vertex -1.5270026897758004 -6.831417333571231 0
      vertex -1.5270026897758 -4.760845417808523 0
      vertex -1.4946319879472554 -4.770803946011067 0
    endloop
  endfacet
  facet normal -0.4954586684324063 -0.8686315144381919 0
    outer loop
      vertex -3.5632899102525983 -6.025194189027606 0
      vertex -3.372275718712008 -6.134146760307044 0
      vertex -3.372275718712008 -6.134146760307044 4
    endloop
  endfacet
  facet normal -0.5224985647159501 -0.8526401643540915 0
    outer loop
      vertex -3.5632899102525983 -6.025194189027606 0
      vertex -3.5632899102525983 -6.025194189027606 4
      vertex -3.7507875648529776 -5.910295478514104 0
    endloop
  endfacet
  facet normal -0.5490228179981291 -0.8358073613682719 0
    outer loop
      vertex -3.9345836449649134 -5.789564019921934 0
      vertex -3.7507875648529776 -5.910295478514104 0
      vertex -3.7507875648529776 -5.910295478514104 4
    endloop
  endfacet
  facet normal -0.5750052520432798 -0.8181497174250225 0
    outer loop
      vertex -3.9345836449649134 -5.789564019921934 0
      vertex -3.9345836449649134 -5.789564019921934 4
      vertex -4.114496766047312 -5.663118960624632 0
    endloop
  endfacet
  facet normal -0.6252426563357013 -0.7804304073383328 0
    outer loop
      vertex -4.461967928240828 -5.393592699430526 0
      vertex -4.290349375570837 -5.531085086629831 0
      vertex -4.290349375570837 -5.531085086629831 4
    endloop
  endfacet
  facet normal -0.6494480483301864 -0.7604059656000284 0
    outer loop
      vertex -4.461967928240828 -5.393592699430526 0
      vertex -4.461967928240828 -5.393592699430526 4
      vertex -4.629183057265563 -5.250777487413217 0
    endloop
  endfacet
  facet normal -0.6004202253258852 -0.7996846584870897 0
    outer loop
      vertex -4.114496766047312 -5.663118960624632 0
      vertex -4.114496766047312 -5.663118960624632 4
      vertex -4.290349375570837 -5.531085086629831 0
    endloop
  endfacet
  facet normal -0.6730125135097733 -0.7396310949786097 0
    outer loop
      vertex -4.629183057265563 -5.250777487413217 0
      vertex -4.629183057265563 -5.250777487413217 4
      vertex -4.79182974150082 -5.1027803919498815 0
    endloop
  endfacet
  facet normal -0.6959127965923142 -0.718126297763189 0
    outer loop
      vertex -4.79182974150082 -5.1027803919498815 0
      vertex -4.79182974150082 -5.1027803919498815 4
      vertex -4.949747468305833 -4.949747468305833 0
    endloop
  endfacet
  facet normal -0.4679298142605737 -0.8837656300886932 0
    outer loop
      vertex -3.1779334981768272 -6.237045669318575 0
      vertex -3.1779334981768272 -6.237045669318575 4
      vertex -3.372275718712008 -6.134146760307044 0
    endloop
  endfacet
  facet normal -0.17192910027941102 -0.9851093261547736 0
    outer loop
      vertex -1.3116692021000738 -6.87601075510082 0
      vertex -1.095041255281616 -6.913818384165964 4
      vertex -1.3116692021000738 -6.87601075510082 4
    endloop
  endfacet
  facet normal -0.1409012319375854 -0.9900236577165571 0
    outer loop
      vertex -1.095041255281616 -6.913818384165964 0
      vertex -0.8773326349501285 -6.9448029092013455 4
      vertex -1.095041255281616 -6.913818384165964 4
    endloop
  endfacet
  facet normal -0.10973431109103911 -0.9939609554551804 0
    outer loop
      vertex -0.8773326349501285 -6.9448029092013455 0
      vertex -0.6587581932295975 -6.9689337522215595 4
      vertex -0.8773326349501285 -6.9448029092013455 4
    endloop
  endfacet
  facet normal -0.07845909572784833 -0.9969173337331277 0
    outer loop
      vertex -0.6587581932295975 -6.9689337522215595 0
      vertex -0.43953363670519635 -6.986187098997901 4
      vertex -0.6587581932295975 -6.9689337522215595 4
    endloop
  endfacet
  facet normal -0.047106450709643824 -0.9988898749619698 0
    outer loop
      vertex -0.43953363670519635 -6.986187098997901 0
      vertex -0.2198753135468994 -6.996545922560121 4
      vertex -0.43953363670519635 -6.986187098997901 4
    endloop
  endfacet
  facet normal -0.01570731731182022 -0.9998766324816606 0
    outer loop
      vertex -0.2198753135468994 -6.996545922560121 0
      vertex 0 -7 4
      vertex -0.2198753135468994 -6.996545922560121 4
    endloop
  endfacet
  facet normal -0.2334453638559062 -0.9723699203976764 0
    outer loop
      vertex -1.740829210153984 -6.7800821279004175 0
      vertex -1.5270026897758004 -6.831417333571231 4
      vertex -1.740829210153984 -6.7800821279004175 4
    endloop
  endfacet
  facet normal -0.26387304996536914 -0.9645574184577992 0
    outer loop
      vertex -1.9529377422746035 -6.722055799738603 0
      vertex -1.740829210153984 -6.7800821279004175 4
      vertex -1.9529377422746035 -6.722055799738603 4
    endloop
  endfacet
  facet normal -0.2940403252323087 -0.9557930147983287 0
    outer loop
      vertex -2.1631189606246317 -6.657395614066075 0
      vertex -1.9529377422746035 -6.722055799738603 4
      vertex -2.1631189606246317 -6.657395614066075 4
    endloop
  endfacet
  facet normal -0.32391741819814635 -0.9460853588275464 0
    outer loop
      vertex -2.371165441717041 -6.586165382679578 0
      vertex -2.1631189606246317 -6.657395614066075 4
      vertex -2.371165441717041 -6.586165382679578 4
    endloop
  endfacet
  facet normal -0.3534748437792593 -0.9354440308298665 0
    outer loop
      vertex -2.576871868792745 -6.50843540121776 0
      vertex -2.371165441717041 -6.586165382679578 4
      vertex -2.576871868792745 -6.50843540121776 4
    endloop
  endfacet
  facet normal -0.38268343236508845 -0.9238795325112874 0
    outer loop
      vertex -2.7800352344434653 -6.424282379787868 0
      vertex -2.576871868792745 -6.50843540121776 4
      vertex -2.7800352344434653 -6.424282379787868 4
    endloop
  endfacet
  facet normal -0.43993916985591297 -0.8980275757606168 0
    outer loop
      vertex -3.1779334981768272 -6.237045669318575 0
      vertex -2.980455040955507 -6.333789367262137 4
      vertex -3.1779334981768272 -6.237045669318575 4
    endloop
  endfacet
  facet normal -0.41151435860511215 -0.9114032766354437 0
    outer loop
      vertex -2.980455040955507 -6.333789367262137 0
      vertex -2.7800352344434653 -6.424282379787868 4
      vertex -2.980455040955507 -6.333789367262137 4
    endloop
  endfacet
  facet normal -0.20278729535651102 -0.9792228106217662 0
    outer loop
      vertex -1.5270026897758004 -6.831417333571231 0
      vertex -1.3116692021000738 -6.87601075510082 4
      vertex -1.5270026897758004 -6.831417333571231 4
    endloop
  endfacet
  facet normal 0 0 1
    outer loop
      vertex -1.095041255281616 -6.913818384165964 4
      vertex -0.8773326349501285 -6.9448029092013455 4
      vertex -0.9369065729286241 -4.911436253643443 4
    endloop
  endfacet
  facet normal 0 0 1
    outer loop
      vertex -0.8773326349501285 -6.9448029092013455 4
      vertex -0.6587581932295975 -6.9689337522215595 4
      vertex -0.7821723252011543 -4.938441702975689 4
    endloop
  endfacet
  facet normal 0 0 1
    outer loop
      vertex -0.6587581932295975 -6.9689337522215595 4
      vertex -0.43953363670519635 -6.986187098997901 4
      vertex -0.6266661678215203 -4.9605735065723895 4
    endloop
  endfacet
  facet normal 0 0 1
    outer loop
      vertex -0.43953363670519635 -6.986187098997901 4
      vertex -0.2198753135468994 -6.996545922560121 4
      vertex -0.3139525976465688 -4.990133642141358 4
    endloop
  endfacet
  facet normal 0 0 1
    outer loop
      vertex -0.2198753135468994 -6.996545922560121 4
      vertex 0 -7 4
      vertex -0.15705379539064243 -4.997532801828658 4
    endloop
  endfacet
  facet normal -0.4954586684324063 -0.8686315144381919 0
    outer loop
      vertex -3.5632899102525983 -6.025194189027606 0
      vertex -3.372275718712008 -6.134146760307044 4
      vertex -3.5632899102525983 -6.025194189027606 4
    endloop
  endfacet
  facet normal -0.5224985647159501 -0.8526401643540915 0
    outer loop
      vertex -3.7507875648529776 -5.910295478514104 0
      vertex -3.5632899102525983 -6.025194189027606 4
      vertex -3.7507875648529776 -5.910295478514104 4
    endloop
  endfacet
  facet normal -0.5490228179981291 -0.8358073613682719 0
    outer loop
      vertex -3.9345836449649134 -5.789564019921934 0
      vertex -3.7507875648529776 -5.910295478514104 4
      vertex -3.9345836449649134 -5.789564019921934 4
    endloop
  endfacet
  facet normal -0.5750052520432798 -0.8181497174250225 0
    outer loop
      vertex -4.114496766047312 -5.663118960624632 0
      vertex -3.9345836449649134 -5.789564019921934 4
      vertex -4.114496766047312 -5.663118960624632 4
    endloop
  endfacet
  facet normal -0.6252426563357013 -0.7804304073383328 0
    outer loop
      vertex -4.461967928240828 -5.393592699430526 0
      vertex -4.290349375570837 -5.531085086629831 4
      vertex -4.461967928240828 -5.393592699430526 4
    endloop
  endfacet
  facet normal -0.6004202253258852 -0.7996846584870897 0
    outer loop
      vertex -4.290349375570837 -5.531085086629831 0
      vertex -4.114496766047312 -5.663118960624632 4
      vertex -4.290349375570837 -5.531085086629831 4
    endloop
  endfacet
  facet normal -0.6494480483301864 -0.7604059656000284 0
    outer loop
      vertex -4.629183057265563 -5.250777487413217 0
      vertex -4.461967928240828 -5.393592699430526 4
      vertex -4.629183057265563 -5.250777487413217 4
    endloop
  endfacet
  facet normal -0.6959127965923142 -0.718126297763189 0
    outer loop
      vertex -4.79182974150082 -5.1027803919498815 4
      vertex -4.949747468305833 -4.949747468305833 4
      vertex -4.949747468305833 -4.949747468305833 0
    endloop
  endfacet
  facet normal -0.6730125135097733 -0.7396310949786097 0
    outer loop
      vertex -4.79182974150082 -5.1027803919498815 0
      vertex -4.629183057265563 -5.250777487413217 4
      vertex -4.79182974150082 -5.1027803919498815 4
    endloop
  endfacet
  facet normal -0.4679298142605737 -0.8837656300886932 0
    outer loop
      vertex -3.372275718712008 -6.134146760307044 0
      vertex -3.1779334981768272 -6.237045669318575 4
      vertex -3.372275718712008 -6.134146760307044 4
    endloop
  endfacet
  facet normal 0 0 1
    outer loop
      vertex -3.5632899102525983 -6.025194189027606 4
      vertex -3.372275718712008 -6.134146760307044 4
      vertex -3.4227355296434423 -3.6448431371070584 4
    endloop
  endfacet
  facet normal 0 0 1
    outer loop
      vertex -3.5632899102525983 -6.025194189027606 4
      vertex -3.6448431371070584 -3.4227355296434423 4
      vertex -3.7507875648529776 -5.910295478514104 4
    endloop
  endfacet
  facet normal 0 0 1
    outer loop
      vertex -1.740829210153984 -6.7800821279004175 4
      vertex -1.5270026897758004 -6.831417333571231 4
      vertex -1.693689601226458 -4.704403844771127 4
    endloop
  endfacet
  facet normal 0 0 1
    outer loop
      vertex -1.9529377422746035 -6.722055799738603 4
      vertex -2.128896457825362 -4.524135262330098 4
      vertex -2.1631189606246317 -6.657395614066075 4
    endloop
  endfacet
  facet normal 0 0 1
    outer loop
      vertex -1.9529377422746035 -6.722055799738603 4
      vertex -1.740829210153984 -6.7800821279004175 4
      vertex -1.8406227634233894 -4.648882429441257 4
    endloop
  endfacet
  facet normal 0 0 1
    outer loop
      vertex -2.576871868792745 -6.50843540121776 4
      vertex -2.6791339748949836 -4.221639627510075 4
      vertex -2.7800352344434653 -6.424282379787868 4
    endloop
  endfacet
  facet normal 0 0 1
    outer loop
      vertex -2.1631189606246317 -6.657395614066075 4
      vertex -2.2699524986977337 -4.455032620941839 4
      vertex -2.371165441717041 -6.586165382679578 4
    endloop
  endfacet
  facet normal 0 0 1
    outer loop
      vertex -2.371165441717041 -6.586165382679578 4
      vertex -2.408768370508577 -4.381533400219317 4
      vertex -2.576871868792745 -6.50843540121776 4
    endloop
  endfacet
  facet normal 0 0 1
    outer loop
      vertex -1.3116692021000738 -6.87601075510082 4
      vertex -1.095041255281616 -6.913818384165964 4
      vertex -1.2434494358242743 -4.842915805643155 4
    endloop
  endfacet
  facet normal 0 0 1
    outer loop
      vertex -1.3116692021000738 -6.87601075510082 4
      vertex -1.3949555301961452 -4.801468428384716 4
      vertex -1.5270026897758004 -6.831417333571231 4
    endloop
  endfacet
  facet normal 0 0 1
    outer loop
      vertex -0.43953363670519635 -6.986187098997901 4
      vertex -0.4705415665925696 -4.9778098230154 4
      vertex -0.6266661678215203 -4.9605735065723895 4
    endloop
  endfacet
  facet normal 0 0 1
    outer loop
      vertex -0.43953363670519635 -6.986187098997901 4
      vertex -0.3139525976465688 -4.990133642141358 4
      vertex -0.4705415665925696 -4.9778098230154 4
    endloop
  endfacet
  facet normal 0 0 1
    outer loop
      vertex 0 -7 4
      vertex 0 -5 4
      vertex -0.15705379539064243 -4.997532801828658 4
    endloop
  endfacet
  facet normal 0 0 1
    outer loop
      vertex -0.2198753135468994 -6.996545922560121 4
      vertex -0.15705379539064243 -4.997532801828658 4
      vertex -0.3139525976465688 -4.990133642141358 4
    endloop
  endfacet
  facet normal 0 0 1
    outer loop
      vertex -2.980455040955507 -6.333789367262137 4
      vertex -3.0645352682648834 -3.950775061878451 4
      vertex -3.1779334981768272 -6.237045669318575 4
    endloop
  endfacet
  facet normal 0 0 1
    outer loop
      vertex -2.7800352344434653 -6.424282379787868 4
      vertex -2.938926261462366 -4.045084971874737 4
      vertex -2.980455040955507 -6.333789367262137 4
    endloop
  endfacet
  facet normal 0 0 1
    outer loop
      vertex -3.1779334981768272 -6.237045669318575 4
      vertex -3.3065593266182596 -3.7505553481522975 4
      vertex -3.372275718712008 -6.134146760307044 4
    endloop
  endfacet
  facet normal 0 0 1
    outer loop
      vertex -1.9529377422746035 -6.722055799738603 4
      vertex -1.8406227634233894 -4.648882429441257 4
      vertex -1.9857394531739037 -4.588773128419906 4
    endloop
  endfacet
  facet normal 0 0 1
    outer loop
      vertex -1.740829210153984 -6.7800821279004175 4
      vertex -1.693689601226458 -4.704403844771127 4
      vertex -1.8406227634233894 -4.648882429441257 4
    endloop
  endfacet
  facet normal 0 0 1
    outer loop
      vertex -2.576871868792745 -6.50843540121776 4
      vertex -2.408768370508577 -4.381533400219317 4
      vertex -2.545207078751856 -4.303710135019719 4
    endloop
  endfacet
  facet normal 0 0 1
    outer loop
      vertex -2.576871868792745 -6.50843540121776 4
      vertex -2.545207078751856 -4.303710135019719 4
      vertex -2.6791339748949836 -4.221639627510075 4
    endloop
  endfacet
  facet normal 0 0 1
    outer loop
      vertex -2.1631189606246317 -6.657395614066075 4
      vertex -2.128896457825362 -4.524135262330098 4
      vertex -2.2699524986977337 -4.455032620941839 4
    endloop
  endfacet
  facet normal 0 0 1
    outer loop
      vertex -1.9529377422746035 -6.722055799738603 4
      vertex -1.9857394531739037 -4.588773128419906 4
      vertex -2.128896457825362 -4.524135262330098 4
    endloop
  endfacet
  facet normal 0 0 1
    outer loop
      vertex -2.371165441717041 -6.586165382679578 4
      vertex -2.2699524986977337 -4.455032620941839 4
      vertex -2.408768370508577 -4.381533400219317 4
    endloop
  endfacet
  facet normal 0 0 1
    outer loop
      vertex -1.3116692021000738 -6.87601075510082 4
      vertex -1.2434494358242743 -4.842915805643155 4
      vertex -1.3949555301961452 -4.801468428384716 4
    endloop
  endfacet
  facet normal 0 0 1
    outer loop
      vertex -1.095041255281616 -6.913818384165964 4
      vertex -0.9369065729286241 -4.911436253643443 4
      vertex -1.0907162069827145 -4.879583809693736 4
    endloop
  endfacet
  facet normal 0 0 1
    outer loop
      vertex -0.8773326349501285 -6.9448029092013455 4
      vertex -0.7821723252011543 -4.938441702975689 4
      vertex -0.9369065729286241 -4.911436253643443 4
    endloop
  endfacet
  facet normal 0 0 1
    outer loop
      vertex -1.095041255281616 -6.913818384165964 4
      vertex -1.0907162069827145 -4.879583809693736 4
      vertex -1.2434494358242743 -4.842915805643155 4
    endloop
  endfacet
  facet normal 0 0 1
    outer loop
      vertex -1.5270026897758004 -6.831417333571231 4
      vertex -1.545084971874737 -4.755282581475767 4
      vertex -1.693689601226458 -4.704403844771127 4
    endloop
  endfacet
  facet normal 0 0 1
    outer loop
      vertex -1.5270026897758004 -6.831417333571231 4
      vertex -1.3949555301961452 -4.801468428384716 4
      vertex -1.545084971874737 -4.755282581475767 4
    endloop
  endfacet
  facet normal 0 0 1
    outer loop
      vertex -0.6587581932295975 -6.9689337522215595 4
      vertex -0.6266661678215203 -4.9605735065723895 4
      vertex -0.7821723252011543 -4.938441702975689 4
    endloop
  endfacet
  facet normal 0 0 -1
    outer loop
      vertex -4.79182974150082 -5.1027803919498815 0
      vertex -4.949747468305833 -4.949747468305833 0
      vertex -5.1027803919498815 -4.79182974150082 0
    endloop
  endfacet
  facet normal 0 0 -1
    outer loop
      vertex -3.9345836449649134 -5.789564019921934 0
      vertex -3.8929101091286396 -3.136762535850577 0
      vertex -3.7507875648529776 -5.910295478514104 0
    endloop
  endfacet
  facet normal 0 0 -1
    outer loop
      vertex -3.9345836449649134 -5.789564019921934 0
      vertex -4.114496766047312 -5.663118960624632 0
      vertex -3.9345836449649134 -3.084745460210636 0
    endloop
  endfacet
  facet normal 0 0 -1
    outer loop
      vertex -4.461967928240828 -5.393592699430526 0
      vertex -4.290349375570836 -2.567009856599837 0
      vertex -4.290349375570837 -5.531085086629831 0
    endloop
  endfacet
  facet normal 0 0 -1
    outer loop
      vertex -4.114496766047312 -5.663118960624632 0
      vertex -4.290349375570837 -5.531085086629831 0
      vertex -4.114496766047312 -2.840163268278468 0
    endloop
  endfacet
  facet normal 0 0 -1
    outer loop
      vertex -3.9345836449649134 -5.789564019921934 0
      vertex -3.9345836449649134 -3.084745460210636 0
      vertex -3.8929101091286396 -3.136762535850577 0
    endloop
  endfacet
  facet normal 0 0 -1
    outer loop
      vertex -4.114496766047312 -5.663118960624632 0
      vertex -4.071119796735063 -2.901882452684977 0
      vertex -3.9345836449649134 -3.084745460210636 0
    endloop
  endfacet
  facet normal 0 0 -1
    outer loop
      vertex -4.114496766047312 -5.663118960624632 0
      vertex -4.114496766047312 -2.840163268278468 0
      vertex -4.071119796735063 -2.901882452684977 0
    endloop
  endfacet
  facet normal 0 0 -1
    outer loop
      vertex -2.7800352344434653 -6.424282379787868 0
      vertex -2.7800352344434653 -4.155359888401078 0
      vertex -2.744756197929072 -4.178533883915645 0
    endloop
  endfacet
  facet normal 0 0 -1
    outer loop
      vertex -2.980455040955507 -6.333789367262137 0
      vertex -2.9804550409555075 -4.013904282241458 0
      vertex -2.9444362102694406 -4.040947985289879 0
    endloop
  endfacet
  facet normal 0 0 -1
    outer loop
      vertex -3.1779334981768272 -6.237045669318575 0
      vertex -3.1410548532449556 -3.8894713144529556 0
      vertex -2.9804550409555075 -4.013904282241458 0
    endloop
  endfacet
  facet normal 0 0 -1
    outer loop
      vertex -2.980455040955507 -6.333789367262137 0
      vertex -2.9444362102694406 -4.040947985289879 0
      vertex -2.7800352344434653 -4.155359888401078 0
    endloop
  endfacet
  facet normal 0 0 -1
    outer loop
      vertex -3.1779334981768272 -6.237045669318575 0
      vertex -3.1779334981768272 -3.8599259485850306 0
      vertex -3.1410548532449556 -3.8894713144529556 0
    endloop
  endfacet
  facet normal 0 0 -1
    outer loop
      vertex -3.372275718712008 -6.134146760307044 0
      vertex -3.334432839646436 -3.725192402772097 0
      vertex -3.1779334981768272 -3.8599259485850306 0
    endloop
  endfacet
  facet normal 0 0 -1
    outer loop
      vertex -3.372275718712008 -6.134146760307044 0
      vertex -3.3722757187120074 -3.69075803227135 0
      vertex -3.334432839646436 -3.725192402772097 0
    endloop
  endfacet
  facet normal 0 0 -1
    outer loop
      vertex -1.7081360951707392 -4.698944969604023 0
      vertex -1.6936896012264577 -3.779328243881913 0
      vertex -1.5270026897758 -4.760845417808523 0
    endloop
  endfacet
  facet normal 0 0 -1
    outer loop
      vertex -1.095041255281616 -6.913818384165964 0
      vertex -1.2795755401261646 -4.833032821858998 0
      vertex -1.2434494358242743 -2.533362751090684 0
    endloop
  endfacet
  facet normal 0 0 -1
    outer loop
      vertex -1.095041255281616 -6.913818384165964 0
      vertex -0.9203113817116947 -2.3244412147206286 0
      vertex -0.8773326349501287 -4.9218335702506515 0
    endloop
  endfacet
  facet normal 0 0 -1
    outer loop
      vertex -0.6272071398661572 -4.960496514849072 0
      vertex -0.6266661678215203 -4.926059997427272 0
      vertex -0.43953363670519585 -4.980250200022635 0
    endloop
  endfacet
  facet normal 0 0 -1
    outer loop
      vertex 0 -7 0
      vertex -0.18844904750354807 -4.996052239322976 0
      vertex -0.15705379539064218 -2.997532801828643 0
    endloop
  endfacet
  facet normal 0 0 -1
    outer loop
      vertex -2.7800352344434653 -4.155359888401078 0
      vertex -2.9444362102694406 -4.040947985289879 0
      vertex -2.938926261462366 -3.6902026002572477 0
    endloop
  endfacet
  facet normal 0 0 -1
    outer loop
      vertex -2.129601602376149 -4.523789815579158 0
      vertex -2.128896457825362 -4.478902611427318 0
      vertex -1.9529377422746041 -2.5007231080038608 0
    endloop
  endfacet
  facet normal 0 0 -1
    outer loop
      vertex -1.9529377422746037 -4.602360041943437 0
      vertex -2.129601602376149 -4.523789815579158 0
      vertex -1.9529377422746041 -2.5007231080038608 0
    endloop
  endfacet
  facet normal 0 0 -1
    outer loop
      vertex -0.8456401844095406 -4.927364788322012 0
      vertex -0.6974777650980726 -2.400734214192358 0
      vertex -0.6587581932295979 -4.9560061349948255 0
    endloop
  endfacet
  facet normal 0 0 -1
    outer loop
      vertex -0.6266661678215203 -4.926059997427272 0
      vertex -0.4395336367051954 -3.003946056178331 0
      vertex -0.43953363670519585 -4.980250200022635 0
    endloop
  endfacet
  facet normal 0 0 -1
    outer loop
      vertex -0.4080607731200742 -4.982727168105442 0
      vertex -0.21987531354689888 -2.4901165612543434 0
      vertex -0.21987531354689918 -4.994570214237463 0
    endloop
  endfacet
  facet normal 0 0 -1
    outer loop
      vertex 0 -7 0
      vertex -0.15705379539064218 -2.997532801828643 0
      vertex -0.07852689769532122 -2.498766400914329 0
    endloop
  endfacet
  facet normal 0 0 -1
    outer loop
      vertex -1.5270026897758 -4.760845417808523 0
      vertex -1.6936896012264577 -3.779328243881913 0
      vertex -1.5270026897757996 -3.6042234302696805 0
    endloop
  endfacet
  facet normal 0 0 -1
    outer loop
      vertex -1.4946319879472554 -4.770803946011067 0
      vertex -1.311669202100073 -2.1279155986032943 0
      vertex -1.3116692021000735 -4.824252989463791 0
    endloop
  endfacet
  facet normal 0 0 -1
    outer loop
      vertex -1.095041255281616 -6.913818384165964 0
      vertex -1.2434494358242743 -2.533362751090684 0
      vertex -1.064448228912681 -2.262067631165049 0
    endloop
  endfacet
  facet normal 0 0 -1
    outer loop
      vertex -1.095041255281616 -6.913818384165964 0
      vertex -0.9928697265869518 -2.294386564209953 0
      vertex -0.9203113817116947 -2.3244412147206286 0
    endloop
  endfacet
  facet normal 0 0 -1
    outer loop
      vertex -1.095041255281616 -6.913818384165964 0
      vertex -1.064448228912681 -2.262067631165049 0
      vertex -0.9928697265869518 -2.294386564209953 0
    endloop
  endfacet
  facet normal 0 0 -1
    outer loop
      vertex 0 -7 0
      vertex -0.07852689769532122 -2.498766400914329 0
      vertex 0 -2.5 0
    endloop
  endfacet
  facet normal -0.7604059656000284 -0.6494480483301864 0
    outer loop
      vertex -5.250777487413217 -4.629183057265563 0
      vertex -5.393592699430526 -4.461967928240828 4
      vertex -5.393592699430526 -4.461967928240828 0
    endloop
  endfacet
  facet normal -0.718126297763189 -0.6959127965923142 0
    outer loop
      vertex -4.949747468305833 -4.949747468305833 0
      vertex -5.1027803919498815 -4.79182974150082 4
      vertex -5.1027803919498815 -4.79182974150082 0
    endloop
  endfacet
  facet normal -0.7396310949786097 -0.6730125135097733 0
    outer loop
      vertex -5.250777487413217 -4.629183057265563 0
      vertex -5.1027803919498815 -4.79182974150082 0
      vertex -5.250777487413217 -4.629183057265563 4
    endloop
  endfacet
  facet normal -0.7804304073383328 -0.6252426563357013 0
    outer loop
      vertex -5.393592699430526 -4.461967928240828 0
      vertex -5.531085086629831 -4.290349375570837 4
      vertex -5.531085086629831 -4.290349375570837 0
    endloop
  endfacet
  facet normal -0.7996846584870897 -0.6004202253258852 0
    outer loop
      vertex -5.531085086629831 -4.290349375570837 0
      vertex -5.663118960624632 -4.114496766047312 4
      vertex -5.663118960624632 -4.114496766047312 0
    endloop
  endfacet
  facet normal -0.8181497174250225 -0.5750052520432798 0
    outer loop
      vertex -5.663118960624632 -4.114496766047312 0
      vertex -5.789564019921934 -3.9345836449649134 4
      vertex -5.789564019921934 -3.9345836449649134 0
    endloop
  endfacet
  facet normal -0.8358073613682719 -0.5490228179981291 0
    outer loop
      vertex -5.789564019921934 -3.9345836449649134 0
      vertex -5.910295478514104 -3.7507875648529776 4
      vertex -5.910295478514104 -3.7507875648529776 0
    endloop
  endfacet
  facet normal 0 0 -1
    outer loop
      vertex -4.290349375570837 -5.531085086629831 0
      vertex -4.244949787363446 -2.6410952512110186 0
      vertex -4.114496766047312 -2.840163268278468 0
    endloop
  endfacet
  facet normal 0 0 -1
    outer loop
      vertex -3.5632899102525983 -6.025194189027606 0
      vertex -3.7507875648529776 -5.910295478514104 0
      vertex -3.6448431371070584 0.8337815361563488 0
    endloop
  endfacet
  facet normal 0 0 -1
    outer loop
      vertex -4.290349375570837 -5.531085086629831 0
      vertex -4.290349375570836 -2.567009856599837 0
      vertex -4.244949787363446 -2.6410952512110186 0
    endloop
  endfacet
  facet normal 0 0 -1
    outer loop
      vertex -4.461967928240828 -5.393592699430526 0
      vertex -4.290349375570836 -1.694704672774954 0
      vertex -4.290349375570836 -2.567009856599837 0
    endloop
  endfacet
  facet normal 0 0 -1
    outer loop
      vertex -3.5632899102525983 -6.025194189027606 0
      vertex -3.3722757187120074 -0.432736013517221 0
      vertex -3.3722757187120074 -3.69075803227135 0
    endloop
  endfacet
  facet normal 0 0 -1
    outer loop
      vertex -3.7507875648529776 -5.910295478514104 0
      vertex -3.8929101091286396 -3.136762535850577 0
      vertex -3.852566213878947 -0.5686016384388495 0
    endloop
  endfacet
  facet normal 0 0 -1
    outer loop
      vertex -3.9345836449649134 -3.084745460210636 0
      vertex -4.071119796735063 -2.901882452684977 0
      vertex -3.934583644964914 -2.0338424327396845 0
    endloop
  endfacet
  facet normal 0 0 -1
    outer loop
      vertex -3.1779334981768272 -3.8599259485850306 0
      vertex -3.334432839646436 -3.725192402772097 0
      vertex -3.1779334981768272 -3.267786707954039 0
    endloop
  endfacet
  facet normal 0 0 -1
    outer loop
      vertex -2.576871868792745 -6.50843540121776 0
      vertex -2.744756197929072 -4.178533883915645 0
      vertex -2.6791339748949836 -0.0012370177024978446 0
    endloop
  endfacet
  facet normal 0 0 -1
    outer loop
      vertex -1.9198541747378775 -4.616063704308836 0
      vertex -1.7677669529663689 -1.7677669529663689 0
      vertex -1.740829210153984 -4.686591270899989 0
    endloop
  endfacet
  facet normal 0 0 -1
    outer loop
      vertex -2.7800352344434653 -4.155359888401078 0
      vertex -2.938926261462366 -3.6902026002572477 0
      vertex -2.7800352344434653 -2.201405734575413 0
    endloop
  endfacet
  facet normal 0 0 -1
    outer loop
      vertex -2.1631189606246317 -4.507369831202719 0
      vertex -2.337128190981926 -4.419464922738626 0
      vertex -2.2275163104709197 -1.1349762493488669 0
    endloop
  endfacet
  facet normal 0 0 -1
    outer loop
      vertex -0.6266661678215203 -4.926059997427272 0
      vertex -0.5453581034913573 -2.439791904846868 0
      vertex -0.4395336367051954 -3.003946056178331 0
    endloop
  endfacet
  facet normal 0 0 -1
    outer loop
      vertex -0.8456401844095406 -4.927364788322012 0
      vertex -0.8054091542545047 -2.3663885150271855 0
      vertex -0.7725424859373685 -2.3776412907378837 0
    endloop
  endfacet
  facet normal 0 0 -1
    outer loop
      vertex -0.8456401844095406 -4.927364788322012 0
      vertex -0.7725424859373685 -2.3776412907378837 0
      vertex -0.6974777650980726 -2.400734214192358 0
    endloop
  endfacet
  facet normal 0 0 -1
    outer loop
      vertex -0.8773326349501287 -4.9218335702506515 0
      vertex -0.9203113817116947 -2.3244412147206286 0
      vertex -0.877332634950129 -2.3406815297974113 0
    endloop
  endfacet
  facet normal 0 0 -1
    outer loop
      vertex -0.4080607731200742 -4.982727168105442 0
      vertex -0.2352707832962848 -2.4889049115077 0
      vertex -0.21987531354689888 -2.4901165612543434 0
    endloop
  endfacet
  facet normal 0 0 -1
    outer loop
      vertex -0.4080607731200742 -4.982727168105442 0
      vertex -0.31333308391076015 -2.4802867532861947 0
      vertex -0.2352707832962848 -2.4889049115077 0
    endloop
  endfacet
  facet normal 0 0 -1
    outer loop
      vertex -0.4080607731200742 -4.982727168105442 0
      vertex -0.3686256768479974 -2.4724174519809625 0
      vertex -0.31333308391076015 -2.4802867532861947 0
    endloop
  endfacet
  facet normal 0 0 -1
    outer loop
      vertex -0.6587581932295979 -4.9560061349948255 0
      vertex -0.6974777650980726 -2.400734214192358 0
      vertex -0.6587581932295986 -2.41132669041697 0
    endloop
  endfacet
  facet normal 0 0 -1
    outer loop
      vertex -0.6266661678215203 -4.926059997427272 0
      vertex -0.636930537763147 -2.417298061235656 0
      vertex -0.6217247179121371 -2.4214579028215777 0
    endloop
  endfacet
  facet normal 0 0 -1
    outer loop
      vertex -0.6266661678215203 -4.926059997427272 0
      vertex -0.6217247179121371 -2.4214579028215777 0
      vertex -0.5453581034913573 -2.439791904846868 0
    endloop
  endfacet
  facet normal 0 0 -1
    outer loop
      vertex -3.334432839646436 -3.725192402772097 0
      vertex -3.3065593266182596 -1.9508553986375583 0
      vertex -3.1779334981768272 -3.267786707954039 0
    endloop
  endfacet
  facet normal 0 0 -1
    outer loop
      vertex -2.576871868792745 -6.50843540121776 0
      vertex -2.576871868792745 2.2880327914101968 0
      vertex -2.3711654417170407 -4.401443126153456 0
    endloop
  endfacet
  facet normal 0 0 -1
    outer loop
      vertex -1.6936896012264577 -3.779328243881913 0
      vertex -1.6532796633091298 -1.8752776740761488 0
      vertex -1.5270026897757996 -3.6042234302696805 0
    endloop
  endfacet
  facet normal 0 0 -1
    outer loop
      vertex -2.128896457825362 -4.478902611427318 0
      vertex -2.0677014356864047 -1.4052084446303261 0
      vertex -1.9529377422746041 -2.5007231080038608 0
    endloop
  endfacet
  facet normal 0 0 -1
    outer loop
      vertex -1.740829210153984 -4.686591270899989 0
      vertex -1.7677669529663689 -1.7677669529663689 0
      vertex -1.740829210153984 -1.7938714418185973 0
    endloop
  endfacet
  facet normal 0 0 -1
    outer loop
      vertex -1.9198541747378775 -4.616063704308836 0
      vertex -1.8224215685535292 -1.7113677648217211 0
      vertex -1.7677669529663689 -1.7677669529663689 0
    endloop
  endfacet
  facet normal 0 0 -1
    outer loop
      vertex -1.9198541747378775 -4.616063704308836 0
      vertex -1.8733444199441989 -1.655404281858983 0
      vertex -1.8224215685535292 -1.7113677648217211 0
    endloop
  endfacet
  facet normal 0 0 -1
    outer loop
      vertex -1.4946319879472554 -4.770803946011067 0
      vertex -1.4052084446303261 -2.0677014356864047 0
      vertex -1.3395669874474918 -2.1108198137550374 0
    endloop
  endfacet
  facet normal 0 0 -1
    outer loop
      vertex -1.4946319879472554 -4.770803946011067 0
      vertex -1.3395669874474918 -2.1108198137550374 0
      vertex -1.311669202100073 -2.1279155986032943 0
    endloop
  endfacet
  facet normal 0 0 -1
    outer loop
      vertex -1.4946319879472554 -4.770803946011067 0
      vertex -1.451655455278896 -2.0350579298636635 0
      vertex -1.4052084446303261 -2.0677014356864047 0
    endloop
  endfacet
  facet normal 0 0 -1
    outer loop
      vertex -1.5270026897757996 -3.6042234302696805 0
      vertex -1.5322676341324417 -1.9753875309392255 0
      vertex -1.4863479472335324 -2.009865007107017 0
    endloop
  endfacet
  facet normal 0 0 -1
    outer loop
      vertex -1.5270026897757996 -3.6042234302696805 0
      vertex -1.5935599743717241 -1.9262831069394735 0
      vertex -1.5322676341324417 -1.9753875309392255 0
    endloop
  endfacet
  facet normal 0 0 -1
    outer loop
      vertex -0.15705379539064218 -2.997532801828643 0
      vertex -0.16496289139608447 -2.4944382626034867 0
      vertex -0.1569762988232844 -2.495066821070679 0
    endloop
  endfacet
  facet normal 0 0 -1
    outer loop
      vertex -0.15705379539064218 -2.997532801828643 0
      vertex -0.1569762988232844 -2.495066821070679 0
      vertex -0.07852689769532122 -2.498766400914329 0
    endloop
  endfacet
  facet normal 0 0 -1
    outer loop
      vertex -0.4395336367051954 -3.003946056178331 0
      vertex -0.46845328646431206 -2.4557181268217216 0
      vertex -0.42262304802718176 -2.4637167838751917 0
    endloop
  endfacet
  facet normal 0 0 -1
    outer loop
      vertex -0.4395336367051954 -3.003946056178331 0
      vertex -0.5453581034913573 -2.439791904846868 0
      vertex -0.46845328646431206 -2.4557181268217216 0
    endloop
  endfacet
  facet normal -0.8526401643540915 -0.5224985647159501 0
    outer loop
      vertex -5.910295478514104 -3.7507875648529776 0
      vertex -6.025194189027606 -3.5632899102525983 4
      vertex -6.025194189027606 -3.5632899102525983 0
    endloop
  endfacet
  facet normal -0.8837656300886932 -0.4679298142605737 0
    outer loop
      vertex -6.134146760307044 -3.372275718712008 0
      vertex -6.237045669318575 -3.1779334981768272 4
      vertex -6.237045669318575 -3.1779334981768272 0
    endloop
  endfacet
  facet normal -0.8686315144381919 -0.4954586684324063 0
    outer loop
      vertex -6.025194189027606 -3.5632899102525983 0
      vertex -6.134146760307044 -3.372275718712008 4
      vertex -6.134146760307044 -3.372275718712008 0
    endloop
  endfacet
  facet normal -0.8980275757606168 -0.43993916985591297 0
    outer loop
      vertex -6.237045669318575 -3.1779334981768272 0
      vertex -6.333789367262137 -2.980455040955507 4
      vertex -6.333789367262137 -2.980455040955507 0
    endloop
  endfacet
  facet normal -0.9114032766354437 -0.41151435860511215 0
    outer loop
      vertex -6.333789367262137 -2.980455040955507 0
      vertex -6.424282379787868 -2.7800352344434653 4
      vertex -6.424282379787868 -2.7800352344434653 0
    endloop
  endfacet
  facet normal -0.9238795325112874 -0.38268343236508845 0
    outer loop
      vertex -6.424282379787868 -2.7800352344434653 0
      vertex -6.50843540121776 -2.576871868792745 4
      vertex -6.50843540121776 -2.576871868792745 0
    endloop
  endfacet
  facet normal -0.7604059656000284 -0.6494480483301864 0
    outer loop
      vertex -5.250777487413217 -4.629183057265563 0
      vertex -5.250777487413217 -4.629183057265563 4
      vertex -5.393592699430526 -4.461967928240828 4
    endloop
  endfacet
  facet normal -0.7804304073383328 -0.6252426563357013 0
    outer loop
      vertex -5.393592699430526 -4.461967928240828 0
      vertex -5.393592699430526 -4.461967928240828 4
      vertex -5.531085086629831 -4.290349375570837 4
    endloop
  endfacet
  facet normal -0.718126297763189 -0.6959127965923142 0
    outer loop
      vertex -4.949747468305833 -4.949747468305833 0
      vertex -4.949747468305833 -4.949747468305833 4
      vertex -5.1027803919498815 -4.79182974150082 4
    endloop
  endfacet
  facet normal -0.7396310949786097 -0.6730125135097733 0
    outer loop
      vertex -5.1027803919498815 -4.79182974150082 0
      vertex -5.1027803919498815 -4.79182974150082 4
      vertex -5.250777487413217 -4.629183057265563 4
    endloop
  endfacet
  facet normal -0.7996846584870897 -0.6004202253258852 0
    outer loop
      vertex -5.531085086629831 -4.290349375570837 0
      vertex -5.531085086629831 -4.290349375570837 4
      vertex -5.663118960624632 -4.114496766047312 4
    endloop
  endfacet
  facet normal -0.8181497174250225 -0.5750052520432798 0
    outer loop
      vertex -5.663118960624632 -4.114496766047312 0
      vertex -5.663118960624632 -4.114496766047312 4
      vertex -5.789564019921934 -3.9345836449649134 4
    endloop
  endfacet
  facet normal -0.8358073613682719 -0.5490228179981291 0
    outer loop
      vertex -5.789564019921934 -3.9345836449649134 0
      vertex -5.789564019921934 -3.9345836449649134 4
      vertex -5.910295478514104 -3.7507875648529776 4
    endloop
  endfacet
  facet normal 0 0 1
    outer loop
      vertex -3.9345836449649134 -5.789564019921934 4
      vertex -3.7507875648529776 -5.910295478514104 4
      vertex -3.852566213878947 -3.1871199487434483 4
    endloop
  endfacet
  facet normal 0 0 1
    outer loop
      vertex -3.9345836449649134 -5.789564019921934 4
      vertex -4.045084971874737 -2.938926261462366 4
      vertex -4.114496766047312 -5.663118960624632 4
    endloop
  endfacet
  facet normal 0 0 1
    outer loop
      vertex -4.461967928240828 -5.393592699430526 4
      vertex -4.290349375570837 -5.531085086629831 4
      vertex -4.381533400219317 -2.408768370508577 4
    endloop
  endfacet
  facet normal 0 0 1
    outer loop
      vertex -4.114496766047312 -5.663118960624632 4
      vertex -4.221639627510075 -2.6791339748949836 4
      vertex -4.290349375570837 -5.531085086629831 4
    endloop
  endfacet
  facet normal 0 0 1
    outer loop
      vertex -3.5632899102525983 -6.025194189027606 4
      vertex -3.4227355296434423 -3.6448431371070584 4
      vertex -3.5355339059327378 -3.5355339059327378 4
    endloop
  endfacet
  facet normal 0 0 1
    outer loop
      vertex -4.461967928240828 -5.393592699430526 4
      vertex -4.524135262330098 -2.128896457825362 4
      vertex -4.629183057265563 -5.250777487413217 4
    endloop
  endfacet
  facet normal 0 0 1
    outer loop
      vertex -3.5632899102525983 -6.025194189027606 4
      vertex -3.5355339059327378 -3.5355339059327378 4
      vertex -3.6448431371070584 -3.4227355296434423 4
    endloop
  endfacet
  facet normal 0 0 1
    outer loop
      vertex -3.7507875648529776 -5.910295478514104 4
      vertex -3.6448431371070584 -3.4227355296434423 4
      vertex -3.7505553481522975 -3.3065593266182596 4
    endloop
  endfacet
  facet normal 0 0 1
    outer loop
      vertex -3.7507875648529776 -5.910295478514104 4
      vertex -3.7505553481522975 -3.3065593266182596 4
      vertex -3.852566213878947 -3.1871199487434483 4
    endloop
  endfacet
  facet normal 0 0 1
    outer loop
      vertex -4.629183057265563 -5.250777487413217 4
      vertex -4.704403844771127 -1.693689601226458 4
      vertex -4.79182974150082 -5.1027803919498815 4
    endloop
  endfacet
  facet normal 0 0 1
    outer loop
      vertex -3.9345836449649134 -5.789564019921934 4
      vertex -3.852566213878947 -3.1871199487434483 4
      vertex -3.950775061878451 -3.0645352682648834 4
    endloop
  endfacet
  facet normal 0 0 1
    outer loop
      vertex -3.9345836449649134 -5.789564019921934 4
      vertex -3.950775061878451 -3.0645352682648834 4
      vertex -4.045084971874737 -2.938926261462366 4
    endloop
  endfacet
  facet normal 0 0 1
    outer loop
      vertex -4.114496766047312 -5.663118960624632 4
      vertex -4.045084971874737 -2.938926261462366 4
      vertex -4.1354028713728095 -2.8104168892606523 4
    endloop
  endfacet
  facet normal 0 0 1
    outer loop
      vertex -2.7800352344434653 -6.424282379787868 4
      vertex -2.6791339748949836 -4.221639627510075 4
      vertex -2.8104168892606523 -4.1354028713728095 4
    endloop
  endfacet
  facet normal 0 0 1
    outer loop
      vertex -2.7800352344434653 -6.424282379787868 4
      vertex -2.8104168892606523 -4.1354028713728095 4
      vertex -2.938926261462366 -4.045084971874737 4
    endloop
  endfacet
  facet normal 0 0 1
    outer loop
      vertex -2.980455040955507 -6.333789367262137 4
      vertex -2.938926261462366 -4.045084971874737 4
      vertex -3.0645352682648834 -3.950775061878451 4
    endloop
  endfacet
  facet normal 0 0 1
    outer loop
      vertex -3.1779334981768272 -6.237045669318575 4
      vertex -3.1871199487434483 -3.852566213878947 4
      vertex -3.3065593266182596 -3.7505553481522975 4
    endloop
  endfacet
  facet normal 0 0 1
    outer loop
      vertex -3.1779334981768272 -6.237045669318575 4
      vertex -3.0645352682648834 -3.950775061878451 4
      vertex -3.1871199487434483 -3.852566213878947 4
    endloop
  endfacet
  facet normal 0 0 1
    outer loop
      vertex -3.372275718712008 -6.134146760307044 4
      vertex -3.3065593266182596 -3.7505553481522975 4
      vertex -3.4227355296434423 -3.6448431371070584 4
    endloop
  endfacet
  facet normal -0.8526401643540915 -0.5224985647159501 0
    outer loop
      vertex -5.910295478514104 -3.7507875648529776 0
      vertex -5.910295478514104 -3.7507875648529776 4
      vertex -6.025194189027606 -3.5632899102525983 4
    endloop
  endfacet
  facet normal -0.8686315144381919 -0.4954586684324063 0
    outer loop
      vertex -6.025194189027606 -3.5632899102525983 0
      vertex -6.025194189027606 -3.5632899102525983 4
      vertex -6.134146760307044 -3.372275718712008 4
    endloop
  endfacet
  facet normal -0.8837656300886932 -0.4679298142605737 0
    outer loop
      vertex -6.134146760307044 -3.372275718712008 0
      vertex -6.134146760307044 -3.372275718712008 4
      vertex -6.237045669318575 -3.1779334981768272 4
    endloop
  endfacet
  facet normal -0.8980275757606168 -0.43993916985591297 0
    outer loop
      vertex -6.237045669318575 -3.1779334981768272 0
      vertex -6.237045669318575 -3.1779334981768272 4
      vertex -6.333789367262137 -2.980455040955507 4
    endloop
  endfacet
  facet normal -0.9114032766354437 -0.41151435860511215 0
    outer loop
      vertex -6.333789367262137 -2.980455040955507 0
      vertex -6.333789367262137 -2.980455040955507 4
      vertex -6.424282379787868 -2.7800352344434653 4
    endloop
  endfacet
  facet normal -0.9238795325112874 -0.38268343236508845 0
    outer loop
      vertex -6.424282379787868 -2.7800352344434653 0
      vertex -6.424282379787868 -2.7800352344434653 4
      vertex -6.50843540121776 -2.576871868792745 4
    endloop
  endfacet
  facet normal -0.9354440308298665 -0.3534748437792593 0
    outer loop
      vertex -6.50843540121776 -2.576871868792745 0
      vertex -6.50843540121776 -2.576871868792745 4
      vertex -6.586165382679578 -2.371165441717041 4
    endloop
  endfacet
  facet normal 0 0 1
    outer loop
      vertex -4.79182974150082 -5.1027803919498815 4
      vertex -4.879583809693737 -1.0907162069827123 4
      vertex -4.949747468305833 -4.949747468305833 4
    endloop
  endfacet
  facet normal 0 0 1
    outer loop
      vertex -4.290349375570837 -5.531085086629831 4
      vertex -4.303710135019719 -2.545207078751856 4
      vertex -4.381533400219317 -2.408768370508577 4
    endloop
  endfacet
  facet normal 0 0 1
    outer loop
      vertex -4.114496766047312 -5.663118960624632 4
      vertex -4.1354028713728095 -2.8104168892606523 4
      vertex -4.221639627510075 -2.6791339748949836 4
    endloop
  endfacet
  facet normal 0 0 1
    outer loop
      vertex -4.290349375570837 -5.531085086629831 4
      vertex -4.221639627510075 -2.6791339748949836 4
      vertex -4.303710135019719 -2.545207078751856 4
    endloop
  endfacet
  facet normal 0 0 1
    outer loop
      vertex -4.461967928240828 -5.393592699430526 4
      vertex -4.381533400219317 -2.408768370508577 4
      vertex -4.455032620941839 -2.2699524986977337 4
    endloop
  endfacet
  facet normal 0 0 1
    outer loop
      vertex -4.461967928240828 -5.393592699430526 4
      vertex -4.455032620941839 -2.2699524986977337 4
      vertex -4.524135262330098 -2.128896457825362 4
    endloop
  endfacet
  facet normal 0 0 1
    outer loop
      vertex -4.629183057265563 -5.250777487413217 4
      vertex -4.524135262330098 -2.128896457825362 4
      vertex -4.588773128419906 -1.9857394531739037 4
    endloop
  endfacet
  facet normal 0 0 1
    outer loop
      vertex -4.629183057265563 -5.250777487413217 4
      vertex -4.588773128419906 -1.9857394531739037 4
      vertex -4.648882429441257 -1.8406227634233894 4
    endloop
  endfacet
  facet normal 0 0 1
    outer loop
      vertex -4.629183057265563 -5.250777487413217 4
      vertex -4.648882429441257 -1.8406227634233894 4
      vertex -4.704403844771127 -1.693689601226458 4
    endloop
  endfacet
  facet normal 0 0 1
    outer loop
      vertex -4.79182974150082 -5.1027803919498815 4
      vertex -4.755282581475767 -1.545084971874737 4
      vertex -4.801468428384716 -1.3949555301961452 4
    endloop
  endfacet
  facet normal 0 0 1
    outer loop
      vertex -4.79182974150082 -5.1027803919498815 4
      vertex -4.704403844771127 -1.693689601226458 4
      vertex -4.755282581475767 -1.545084971874737 4
    endloop
  endfacet
  facet normal 0 0 1
    outer loop
      vertex -4.79182974150082 -5.1027803919498815 4
      vertex -4.801468428384716 -1.3949555301961452 4
      vertex -4.842915805643155 -1.2434494358242743 4
    endloop
  endfacet
  facet normal 0 0 -1
    outer loop
      vertex -4.114496766047312 -2.840163268278468 0
      vertex -4.244949787363446 -2.6410952512110186 0
      vertex -4.114496766047312 -1.4796023538317145 0
    endloop
  endfacet
  facet normal 0 0 -1
    outer loop
      vertex -4.071119796735063 -2.901882452684977 0
      vertex -4.045084971874737 -1.2445903453305327 0
      vertex -3.934583644964914 -2.0338424327396845 0
    endloop
  endfacet
  facet normal 0 0 -1
    outer loop
      vertex -5.250777487413217 -4.629183057265563 0
      vertex -5.393592699430526 -4.461967928240828 0
      vertex -5.250777487413217 4.629183057265563 0
    endloop
  endfacet
  facet normal 0 0 -1
    outer loop
      vertex -5.393592699430526 -4.461967928240828 0
      vertex -5.531085086629831 -4.290349375570837 0
      vertex -5.393592699430526 4.461967928240828 0
    endloop
  endfacet
  facet normal 0 0 -1
    outer loop
      vertex -5.663118960624632 -4.114496766047312 0
      vertex -5.789564019921934 -3.9345836449649134 0
      vertex -5.663118960624632 4.114496766047312 0
    endloop
  endfacet
  facet normal 0 0 -1
    outer loop
      vertex -5.789564019921934 -3.9345836449649134 0
      vertex -5.910295478514104 -3.7507875648529776 0
      vertex -5.789564019921934 3.9345836449649134 0
    endloop
  endfacet
  facet normal 0 0 -1
    outer loop
      vertex -5.531085086629831 -4.290349375570837 0
      vertex -5.663118960624632 -4.114496766047312 0
      vertex -5.531085086629831 4.290349375570837 0
    endloop
  endfacet
  facet normal 0 0 -1
    outer loop
      vertex -4.461967928240828 -5.393592699430526 0
      vertex -4.629183057265563 -5.250777487413217 0
      vertex -4.79182974150082 5.1027803919498815 0
    endloop
  endfacet
  facet normal 0 0 -1
    outer loop
      vertex -4.629183057265563 -5.250777487413217 0
      vertex -4.79182974150082 -5.1027803919498815 0
      vertex -4.79182974150082 5.1027803919498815 0
    endloop
  endfacet
  facet normal 0 0 -1
    outer loop
      vertex -4.461967928240828 -5.393592699430526 0
      vertex -4.461967928240828 1.8284734370810598 0
      vertex -4.290349375570836 -1.694704672774954 0
    endloop
  endfacet
  facet normal 0 0 -1
    outer loop
      vertex -4.79182974150082 -5.1027803919498815 0
      vertex -5.1027803919498815 -4.79182974150082 0
      vertex -4.949747468305833 4.949747468305833 0
    endloop
  endfacet
  facet normal 0 0 -1
    outer loop
      vertex -4.244949787363446 -2.6410952512110186 0
      vertex -4.221639627510075 -1.1572464389598265 0
      vertex -4.114496766047312 -1.4796023538317145 0
    endloop
  endfacet
  facet normal 0 0 -1
    outer loop
      vertex -3.5632899102525983 -6.025194189027606 0
      vertex -3.5632899102525983 1.7686771232278384 0
      vertex -3.3722757187120074 -0.432736013517221 0
    endloop
  endfacet
  facet normal 0 0 -1
    outer loop
      vertex -5.250777487413217 -4.629183057265563 0
      vertex -5.1027803919498815 4.79182974150082 0
      vertex -5.1027803919498815 -4.79182974150082 0
    endloop
  endfacet
  facet normal 0 0 -1
    outer loop
      vertex -2.9804550409555075 -4.013904282241458 0
      vertex -3.1410548532449556 -3.8894713144529556 0
      vertex -3.0645352682648825 0.9815161005139272 0
    endloop
  endfacet
  facet normal 0 0 -1
    outer loop
      vertex -2.128896457825362 -4.478902611427318 0
      vertex -2.1108198137550374 -1.3395669874474918 0
      vertex -2.0677014356864047 -1.4052084446303261 0
    endloop
  endfacet
  facet normal 0 0 -1
    outer loop
      vertex -2.128896457825362 -4.478902611427318 0
      vertex -2.144918064662597 -1.28392369917585 0
      vertex -2.1108198137550374 -1.3395669874474918 0
    endloop
  endfacet
  facet normal 0 0 -1
    outer loop
      vertex -1.6936896012264577 -3.779328243881913 0
      vertex -1.7105072689338645 -1.8232045595665936 0
      vertex -1.6532796633091298 -1.8752776740761488 0
    endloop
  endfacet
  facet normal 0 0 -1
    outer loop
      vertex -2.1631189606246317 -4.507369831202719 0
      vertex -2.1907667001096587 -1.2043841852542885 0
      vertex -2.1631189606246317 -1.252855832537513 0
    endloop
  endfacet
  facet normal 0 0 -1
    outer loop
      vertex -2.1631189606246317 -4.507369831202719 0
      vertex -2.2275163104709197 -1.1349762493488669 0
      vertex -2.1907667001096587 -1.2043841852542885 0
    endloop
  endfacet
  facet normal 0 0 -1
    outer loop
      vertex -2.3711654417170407 -4.401443126153456 0
      vertex -2.4802867532861947 -0.31333308391076015 0
      vertex -2.3711654417170407 -1.9878534951706044 0
    endloop
  endfacet
  facet normal 0 0 -1
    outer loop
      vertex -2.337128190981926 -4.419464922738626 0
      vertex -2.262067631165049 -1.064448228912681 0
      vertex -2.2275163104709197 -1.1349762493488669 0
    endloop
  endfacet
  facet normal 0 0 -1
    outer loop
      vertex -2.337128190981926 -4.419464922738626 0
      vertex -2.2836717244030074 -1.0166004662427335 0
      vertex -2.262067631165049 -1.064448228912681 0
    endloop
  endfacet
  facet normal 0 0 -1
    outer loop
      vertex -1.9529377422746041 -2.5007231080038608 0
      vertex -1.9753875309392255 -1.5322676341324417 0
      vertex -1.9262831069394735 -1.5935599743717241 0
    endloop
  endfacet
  facet normal 0 0 -1
    outer loop
      vertex -1.9529377422746041 -2.5007231080038608 0
      vertex -1.9262831069394735 -1.5935599743717241 0
      vertex -1.9184930082033562 -1.602681008096881 0
    endloop
  endfacet
  facet normal 0 0 -1
    outer loop
      vertex -1.5270026897757996 -3.6042234302696805 0
      vertex -1.6532796633091298 -1.8752776740761488 0
      vertex -1.5935599743717241 -1.9262831069394735 0
    endloop
  endfacet
  facet normal 0 0 -1
    outer loop
      vertex -1.2434494358242743 -2.533362751090684 0
      vertex -1.2043841852542885 -2.1907667001096587 0
      vertex -1.1349762493488669 -2.2275163104709197 0
    endloop
  endfacet
  facet normal 0 0 -1
    outer loop
      vertex -1.2434494358242743 -2.533362751090684 0
      vertex -1.2359516704064801 -2.1727609244737374 0
      vertex -1.2043841852542885 -2.1907667001096587 0
    endloop
  endfacet
  facet normal 0 0 -1
    outer loop
      vertex -1.2434494358242743 -2.533362751090684 0
      vertex -1.2517613766121405 -2.1637432272629353 0
      vertex -1.2377683712912724 -2.1717246965838233 0
    endloop
  endfacet
  facet normal 0 0 -1
    outer loop
      vertex -1.2434494358242743 -2.533362751090684 0
      vertex -1.1349762493488669 -2.2275163104709197 0
      vertex -1.064448228912681 -2.262067631165049 0
    endloop
  endfacet
  facet normal 0 0 -1
    outer loop
      vertex -1.9529377422746041 -2.5007231080038608 0
      vertex -2.0225424859373686 -1.469463130731183 0
      vertex -1.9753875309392255 -1.5322676341324417 0
    endloop
  endfacet
  facet normal 0 0 -1
    outer loop
      vertex -1.9529377422746041 -2.5007231080038608 0
      vertex -2.0677014356864047 -1.4052084446303261 0
      vertex -2.0225424859373686 -1.469463130731183 0
    endloop
  endfacet
  facet normal 0 0 -1
    outer loop
      vertex -2.3711654417170407 -4.401443126153456 0
      vertex -2.4889049115077 -0.23527078329628606 0
      vertex -2.4802867532861947 -0.31333308391076015 0
    endloop
  endfacet
  facet normal 0 0 -1
    outer loop
      vertex -2.3711654417170407 -4.401443126153456 0
      vertex -2.495066821070679 -0.15697629882328318 0
      vertex -2.4889049115077 -0.23527078329628606 0
    endloop
  endfacet
  facet normal 0 0 -1
    outer loop
      vertex -2.576871868792745 -6.50843540121776 0
      vertex -2.6791339748949836 -0.0012370177024978446 0
      vertex -2.576871868792745 2.2880327914101968 0
    endloop
  endfacet
  facet normal 0 0 -1
    outer loop
      vertex -2.3711654417170407 -4.401443126153456 0
      vertex -2.498766400914329 -0.07852689769532122 0
      vertex -2.495066821070679 -0.15697629882328318 0
    endloop
  endfacet
  facet normal 0 0 -1
    outer loop
      vertex -2.3711654417170407 -1.9878534951706044 0
      vertex -2.3244412147206286 -0.9203113817116947 0
      vertex -2.3139751684212007 -0.945578652632198 0
    endloop
  endfacet
  facet normal 0 0 -1
    outer loop
      vertex -2.3711654417170407 -1.9878534951706044 0
      vertex -2.3522019223855635 -0.846844800613229 0
      vertex -2.3244412147206286 -0.9203113817116947 0
    endloop
  endfacet
  facet normal -0.9354440308298665 -0.3534748437792593 0
    outer loop
      vertex -6.50843540121776 -2.576871868792745 0
      vertex -6.586165382679578 -2.371165441717041 4
      vertex -6.586165382679578 -2.371165441717041 0
    endloop
  endfacet
  facet normal -0.9460853588275464 -0.32391741819814635 0
    outer loop
      vertex -6.586165382679578 -2.371165441717041 0
      vertex -6.657395614066075 -2.1631189606246317 4
      vertex -6.657395614066075 -2.1631189606246317 0
    endloop
  endfacet
  facet normal -0.9557930147983287 -0.2940403252323087 0
    outer loop
      vertex -6.657395614066075 -2.1631189606246317 0
      vertex -6.722055799738603 -1.9529377422746035 4
      vertex -6.722055799738603 -1.9529377422746035 0
    endloop
  endfacet
  facet normal -0.9645574184577992 -0.26387304996536914 0
    outer loop
      vertex -6.722055799738603 -1.9529377422746035 0
      vertex -6.7800821279004175 -1.740829210153984 4
      vertex -6.7800821279004175 -1.740829210153984 0
    endloop
  endfacet
  facet normal -0.9723699203976762 -0.23344536385590656 0
    outer loop
      vertex -6.7800821279004175 -1.740829210153984 0
      vertex -6.831417333571232 -1.5270026897757971 4
      vertex -6.831417333571232 -1.5270026897757971 0
    endloop
  endfacet
  facet normal -0.9792228106217663 -0.20278729535651016 0
    outer loop
      vertex -6.831417333571232 -1.5270026897757971 0
      vertex -6.87601075510082 -1.3116692021000738 4
      vertex -6.87601075510082 -1.3116692021000738 0
    endloop
  endfacet
  facet normal 0 0 -1
    outer loop
      vertex -6.134146760307044 -3.372275718712008 0
      vertex -6.237045669318575 -3.1779334981768272 0
      vertex -6.134146760307044 3.372275718712008 0
    endloop
  endfacet
  facet normal 0 0 -1
    outer loop
      vertex -6.237045669318575 -3.1779334981768272 0
      vertex -6.333789367262137 -2.980455040955507 0
      vertex -6.237045669318575 3.1779334981768272 0
    endloop
  endfacet
  facet normal 0 0 -1
    outer loop
      vertex -5.910295478514104 -3.7507875648529776 0
      vertex -6.025194189027606 -3.5632899102525983 0
      vertex -5.910295478514104 3.7507875648529776 0
    endloop
  endfacet
  facet normal 0 0 -1
    outer loop
      vertex -6.025194189027606 -3.5632899102525983 0
      vertex -6.134146760307044 -3.372275718712008 0
      vertex -6.025194189027606 3.5632899102525983 0
    endloop
  endfacet
  facet normal 0 0 -1
    outer loop
      vertex -6.333789367262137 -2.980455040955507 0
      vertex -6.424282379787868 -2.7800352344434653 0
      vertex -6.333789367262137 2.980455040955507 0
    endloop
  endfacet
  facet normal 0 0 -1
    outer loop
      vertex -6.424282379787868 -2.7800352344434653 0
      vertex -6.50843540121776 -2.576871868792745 0
      vertex -6.424282379787868 2.7800352344434653 0
    endloop
  endfacet
  facet normal 0 0 -1
    outer loop
      vertex -6.50843540121776 -2.576871868792745 0
      vertex -6.586165382679578 -2.371165441717041 0
      vertex -6.50843540121776 2.576871868792745 0
    endloop
  endfacet
  facet normal 0 0 -1
    outer loop
      vertex -6.586165382679578 -2.371165441717041 0
      vertex -6.657395614066075 -2.1631189606246317 0
      vertex -6.586165382679578 2.371165441717041 0
    endloop
  endfacet
  facet normal 0 0 -1
    outer loop
      vertex -6.657395614066075 -2.1631189606246317 0
      vertex -6.722055799738603 -1.9529377422746035 0
      vertex -6.657395614066075 2.1631189606246317 0
    endloop
  endfacet
  facet normal 0 0 -1
    outer loop
      vertex -3.5632899102525983 -6.025194189027606 0
      vertex -3.6448431371070584 0.8337815361563488 0
      vertex -3.5632899102525983 1.7686771232278384 0
    endloop
  endfacet
  facet normal 0 0 -1
    outer loop
      vertex -4.461967928240828 -5.393592699430526 0
      vertex -4.524135262330098 1.436222804524074 0
      vertex -4.461967928240828 1.8284734370810598 0
    endloop
  endfacet
  facet normal 0 0 -1
    outer loop
      vertex -6.722055799738603 -1.9529377422746035 0
      vertex -6.7800821279004175 -1.740829210153984 0
      vertex -6.722055799738603 1.9529377422746035 0
    endloop
  endfacet
  facet normal 0 0 -1
    outer loop
      vertex -6.7800821279004175 -1.740829210153984 0
      vertex -6.831417333571232 -1.5270026897757971 0
      vertex -6.7800821279004175 1.740829210153984 0
    endloop
  endfacet
  facet normal 0 0 -1
    outer loop
      vertex -6.831417333571232 -1.5270026897757971 0
      vertex -6.87601075510082 -1.3116692021000738 0
      vertex -6.831417333571232 1.5270026897757971 0
    endloop
  endfacet
  facet normal 0 0 -1
    outer loop
      vertex -6.87601075510082 -1.3116692021000738 0
      vertex -6.913818384165964 -1.095041255281616 0
      vertex -6.87601075510082 1.3116692021000738 0
    endloop
  endfacet
  facet normal 0 0 -1
    outer loop
      vertex -6.913818384165964 -1.095041255281616 0
      vertex -6.9448029092013455 -0.8773326349501285 0
      vertex -6.913818384165964 1.095041255281616 0
    endloop
  endfacet
  facet normal 0 0 -1
    outer loop
      vertex -6.9448029092013455 -0.8773326349501285 0
      vertex -6.9689337522215595 -0.6587581932296009 0
      vertex -6.9448029092013455 0.8773326349501285 0
    endloop
  endfacet
  facet normal 0 0 -1
    outer loop
      vertex -6.9689337522215595 -0.6587581932296009 0
      vertex -6.986187098997901 -0.43953363670519296 0
      vertex -6.9689337522215595 0.6587581932296009 0
    endloop
  endfacet
  facet normal 0 0 -1
    outer loop
      vertex -6.986187098997901 -0.43953363670519296 0
      vertex -6.996545922560121 -0.2198753135468994 0
      vertex -6.986187098997901 0.43953363670519296 0
    endloop
  endfacet
  facet normal 0 0 -1
    outer loop
      vertex -3.7507875648529776 -5.910295478514104 0
      vertex -3.852566213878947 -0.5686016384388495 0
      vertex -3.9345836449649143 5.789564019921933 0
    endloop
  endfacet
  facet normal 0 0 -1
    outer loop
      vertex -2.3711654417170407 -1.9878534951706044 0
      vertex -2.3776412907378837 -0.7725424859373685 0
      vertex -2.3522019223855635 -0.846844800613229 0
    endloop
  endfacet
  facet normal 0 0 -1
    outer loop
      vertex -2.3711654417170407 -1.9878534951706044 0
      vertex -2.400734214192358 -0.6974777650980726 0
      vertex -2.3776412907378837 -0.7725424859373685 0
    endloop
  endfacet
  facet normal 0 0 -1
    outer loop
      vertex -2.3711654417170407 -1.9878534951706044 0
      vertex -2.4214579028215777 -0.6217247179121371 0
      vertex -2.400734214192358 -0.6974777650980726 0
    endloop
  endfacet
  facet normal 0 0 -1
    outer loop
      vertex -2.3711654417170407 -1.9878534951706044 0
      vertex -2.4397919048468686 -0.5453581034913562 0
      vertex -2.4214579028215777 -0.6217247179121371 0
    endloop
  endfacet
  facet normal 0 0 -1
    outer loop
      vertex -2.3711654417170407 -1.9878534951706044 0
      vertex -2.4557181268217216 -0.46845328646431206 0
      vertex -2.4397919048468686 -0.5453581034913562 0
    endloop
  endfacet
  facet normal 0 0 -1
    outer loop
      vertex -2.3711654417170407 -1.9878534951706044 0
      vertex -2.4692208514878446 -0.39108616260057716 0
      vertex -2.4557181268217216 -0.46845328646431206 0
    endloop
  endfacet
  facet normal 0 0 -1
    outer loop
      vertex -2.3711654417170407 -1.9878534951706044 0
      vertex -2.4802867532861947 -0.31333308391076015 0
      vertex -2.4692208514878446 -0.39108616260057716 0
    endloop
  endfacet
  facet normal 0 0 -1
    outer loop
      vertex -2.3711654417170407 -4.401443126153456 0
      vertex -2.576871868792745 2.2880327914101968 0
      vertex -2.498766400914329 -0.07852689769532122 0
    endloop
  endfacet
  facet normal 0 0 -1
    outer loop
      vertex -2.9804550409555075 -4.013904282241458 0
      vertex -3.0645352682648825 0.9815161005139272 0
      vertex -2.980455040955508 1.4014982048698277 0
    endloop
  endfacet
  facet normal -0.9851093261547736 -0.17192910027941102 0
    outer loop
      vertex -6.87601075510082 -1.3116692021000738 0
      vertex -6.913818384165964 -1.095041255281616 4
      vertex -6.913818384165964 -1.095041255281616 0
    endloop
  endfacet
  facet normal -0.9900236577165571 -0.1409012319375854 0
    outer loop
      vertex -6.913818384165964 -1.095041255281616 0
      vertex -6.9448029092013455 -0.8773326349501285 4
      vertex -6.9448029092013455 -0.8773326349501285 0
    endloop
  endfacet
  facet normal -0.9939609554551802 -0.10973431109104081 0
    outer loop
      vertex -6.9448029092013455 -0.8773326349501285 0
      vertex -6.9689337522215595 -0.6587581932296009 4
      vertex -6.9689337522215595 -0.6587581932296009 0
    endloop
  endfacet
  facet normal -0.9969173337331279 -0.07845909572784589 0
    outer loop
      vertex -6.9689337522215595 -0.6587581932296009 0
      vertex -6.986187098997901 -0.43953363670519296 4
      vertex -6.986187098997901 -0.43953363670519296 0
    endloop
  endfacet
  facet normal -0.9988898749619698 -0.04710645070964455 0
    outer loop
      vertex -6.986187098997901 -0.43953363670519296 0
      vertex -6.996545922560121 -0.2198753135468994 4
      vertex -6.996545922560121 -0.2198753135468994 0
    endloop
  endfacet
  facet normal -0.9998766324816606 -0.01570731731182022 0
    outer loop
      vertex -6.996545922560121 -0.2198753135468994 0
      vertex -7 0 4
      vertex -7 0 0
    endloop
  endfacet
  facet normal -0.9460853588275464 -0.32391741819814635 0
    outer loop
      vertex -6.586165382679578 -2.371165441717041 0
      vertex -6.586165382679578 -2.371165441717041 4
      vertex -6.657395614066075 -2.1631189606246317 4
    endloop
  endfacet
  facet normal -0.9557930147983287 -0.2940403252323087 0
    outer loop
      vertex -6.657395614066075 -2.1631189606246317 0
      vertex -6.657395614066075 -2.1631189606246317 4
      vertex -6.722055799738603 -1.9529377422746035 4
    endloop
  endfacet
  facet normal -0.9645574184577992 -0.26387304996536914 0
    outer loop
      vertex -6.722055799738603 -1.9529377422746035 0
      vertex -6.722055799738603 -1.9529377422746035 4
      vertex -6.7800821279004175 -1.740829210153984 4
    endloop
  endfacet
  facet normal -0.9723699203976762 -0.23344536385590656 0
    outer loop
      vertex -6.7800821279004175 -1.740829210153984 0
      vertex -6.7800821279004175 -1.740829210153984 4
      vertex -6.831417333571232 -1.5270026897757971 4
    endloop
  endfacet
  facet normal -0.9792228106217663 -0.20278729535651016 0
    outer loop
      vertex -6.831417333571232 -1.5270026897757971 0
      vertex -6.831417333571232 -1.5270026897757971 4
      vertex -6.87601075510082 -1.3116692021000738 4
    endloop
  endfacet
  facet normal 0 0 1
    outer loop
      vertex -4.79182974150082 -5.1027803919498815 4
      vertex -4.842915805643155 -1.2434494358242743 4
      vertex -4.879583809693737 -1.0907162069827123 4
    endloop
  endfacet
  facet normal 0 0 1
    outer loop
      vertex -4.949747468305833 -4.949747468305833 4
      vertex -4.879583809693737 -1.0907162069827123 4
      vertex -4.911436253643443 -0.9369065729286241 4
    endloop
  endfacet
  facet normal 0 0 1
    outer loop
      vertex -4.949747468305833 -4.949747468305833 4
      vertex -4.911436253643443 -0.9369065729286241 4
      vertex -4.938441702975689 -0.7821723252011543 4
    endloop
  endfacet
  facet normal 0 0 1
    outer loop
      vertex -4.949747468305833 -4.949747468305833 4
      vertex -4.938441702975689 -0.7821723252011543 4
      vertex -4.9605735065723895 -0.6266661678215203 4
    endloop
  endfacet
  facet normal 0 0 1
    outer loop
      vertex -4.949747468305833 -4.949747468305833 4
      vertex -4.9605735065723895 -0.6266661678215203 4
      vertex -4.9778098230154 -0.4705415665925721 4
    endloop
  endfacet
  facet normal 0 0 1
    outer loop
      vertex -4.949747468305833 -4.949747468305833 4
      vertex -4.9778098230154 -0.4705415665925721 4
      vertex -4.990133642141358 -0.31395259764656636 4
    endloop
  endfacet
  facet normal 0 0 1
    outer loop
      vertex -5.393592699430526 -4.461967928240828 4
      vertex -5.531085086629831 4.290349375570837 4
      vertex -5.531085086629831 -4.290349375570837 4
    endloop
  endfacet
  facet normal 0 0 1
    outer loop
      vertex -5.250777487413217 -4.629183057265563 4
      vertex -5.393592699430526 4.461967928240828 4
      vertex -5.393592699430526 -4.461967928240828 4
    endloop
  endfacet
  facet normal 0 0 1
    outer loop
      vertex -5.531085086629831 -4.290349375570837 4
      vertex -5.663118960624632 4.114496766047312 4
      vertex -5.663118960624632 -4.114496766047312 4
    endloop
  endfacet
  facet normal 0 0 1
    outer loop
      vertex -5.663118960624632 -4.114496766047312 4
      vertex -5.789564019921934 3.9345836449649134 4
      vertex -5.789564019921934 -3.9345836449649134 4
    endloop
  endfacet
  facet normal 0 0 1
    outer loop
      vertex -5.910295478514104 -3.7507875648529776 4
      vertex -6.025194189027606 3.5632899102525983 4
      vertex -6.025194189027606 -3.5632899102525983 4
    endloop
  endfacet
  facet normal 0 0 1
    outer loop
      vertex -5.789564019921934 -3.9345836449649134 4
      vertex -5.910295478514104 3.7507875648529776 4
      vertex -5.910295478514104 -3.7507875648529776 4
    endloop
  endfacet
  facet normal 0 0 1
    outer loop
      vertex -4.949747468305833 -4.949747468305833 4
      vertex -4.990133642141358 -0.31395259764656636 4
      vertex -4.997532801828658 -0.15705379539064243 4
    endloop
  endfacet
  facet normal 0 0 1
    outer loop
      vertex -4.949747468305833 -4.949747468305833 4
      vertex -5.1027803919498815 4.79182974150082 4
      vertex -5.1027803919498815 -4.79182974150082 4
    endloop
  endfacet
  facet normal 0 0 1
    outer loop
      vertex -5.250777487413217 -4.629183057265563 4
      vertex -5.1027803919498815 -4.79182974150082 4
      vertex -5.250777487413217 4.629183057265563 4
    endloop
  endfacet
  facet normal -0.9851093261547736 -0.17192910027941102 0
    outer loop
      vertex -6.87601075510082 -1.3116692021000738 0
      vertex -6.87601075510082 -1.3116692021000738 4
      vertex -6.913818384165964 -1.095041255281616 4
    endloop
  endfacet
  facet normal -0.9900236577165571 -0.1409012319375854 0
    outer loop
      vertex -6.913818384165964 -1.095041255281616 0
      vertex -6.913818384165964 -1.095041255281616 4
      vertex -6.9448029092013455 -0.8773326349501285 4
    endloop
  endfacet
  facet normal -0.9939609554551802 -0.10973431109104081 0
    outer loop
      vertex -6.9448029092013455 -0.8773326349501285 0
      vertex -6.9448029092013455 -0.8773326349501285 4
      vertex -6.9689337522215595 -0.6587581932296009 4
    endloop
  endfacet
  facet normal -0.9969173337331279 -0.07845909572784589 0
    outer loop
      vertex -6.9689337522215595 -0.6587581932296009 0
      vertex -6.9689337522215595 -0.6587581932296009 4
      vertex -6.986187098997901 -0.43953363670519296 4
    endloop
  endfacet
  facet normal -0.9988898749619698 -0.04710645070964455 0
    outer loop
      vertex -6.986187098997901 -0.43953363670519296 0
      vertex -6.986187098997901 -0.43953363670519296 4
      vertex -6.996545922560121 -0.2198753135468994 4
    endloop
  endfacet
  facet normal -0.9998766324816606 -0.01570731731182022 0
    outer loop
      vertex -6.996545922560121 -0.2198753135468994 0
      vertex -6.996545922560121 -0.2198753135468994 4
      vertex -7 0 4
    endloop
  endfacet
  facet normal 0 0 1
    outer loop
      vertex -6.134146760307044 -3.372275718712008 4
      vertex -6.237045669318575 3.1779334981768272 4
      vertex -6.237045669318575 -3.1779334981768272 4
    endloop
  endfacet
  facet normal 0 0 1
    outer loop
      vertex -6.237045669318575 -3.1779334981768272 4
      vertex -6.333789367262137 2.980455040955507 4
      vertex -6.333789367262137 -2.980455040955507 4
    endloop
  endfacet
  facet normal 0 0 1
    outer loop
      vertex -6.333789367262137 -2.980455040955507 4
      vertex -6.424282379787868 2.7800352344434653 4
      vertex -6.424282379787868 -2.7800352344434653 4
    endloop
  endfacet
  facet normal 0 0 1
    outer loop
      vertex -6.025194189027606 -3.5632899102525983 4
      vertex -6.134146760307044 3.372275718712008 4
      vertex -6.134146760307044 -3.372275718712008 4
    endloop
  endfacet
  facet normal 0 0 1
    outer loop
      vertex -6.50843540121776 -2.576871868792745 4
      vertex -6.586165382679578 2.371165441717041 4
      vertex -6.586165382679578 -2.371165441717041 4
    endloop
  endfacet
  facet normal 0 0 1
    outer loop
      vertex -6.586165382679578 -2.371165441717041 4
      vertex -6.657395614066075 2.1631189606246317 4
      vertex -6.657395614066075 -2.1631189606246317 4
    endloop
  endfacet
  facet normal 0 0 1
    outer loop
      vertex -6.424282379787868 -2.7800352344434653 4
      vertex -6.50843540121776 2.576871868792745 4
      vertex -6.50843540121776 -2.576871868792745 4
    endloop
  endfacet
  facet normal 0 0 1
    outer loop
      vertex -6.657395614066075 -2.1631189606246317 4
      vertex -6.722055799738603 1.9529377422746035 4
      vertex -6.722055799738603 -1.9529377422746035 4
    endloop
  endfacet
  facet normal 0 0 1
    outer loop
      vertex -6.722055799738603 -1.9529377422746035 4
      vertex -6.7800821279004175 1.740829210153984 4
      vertex -6.7800821279004175 -1.740829210153984 4
    endloop
  endfacet
  facet normal 0 0 1
    outer loop
      vertex -6.7800821279004175 -1.740829210153984 4
      vertex -6.831417333571232 1.5270026897757971 4
      vertex -6.831417333571232 -1.5270026897757971 4
    endloop
  endfacet
  facet normal 0 0 1
    outer loop
      vertex -6.831417333571232 -1.5270026897757971 4
      vertex -6.87601075510082 1.3116692021000738 4
      vertex -6.87601075510082 -1.3116692021000738 4
    endloop
  endfacet
  facet normal 0 0 1
    outer loop
      vertex -6.87601075510082 -1.3116692021000738 4
      vertex -6.913818384165964 1.095041255281616 4
      vertex -6.913818384165964 -1.095041255281616 4
    endloop
  endfacet
  facet normal 0 0 1
    outer loop
      vertex -6.913818384165964 -1.095041255281616 4
      vertex -6.9448029092013455 0.8773326349501285 4
      vertex -6.9448029092013455 -0.8773326349501285 4
    endloop
  endfacet
  facet normal 0 0 1
    outer loop
      vertex -6.9448029092013455 -0.8773326349501285 4
      vertex -6.9689337522215595 0.6587581932296009 4
      vertex -6.9689337522215595 -0.6587581932296009 4
    endloop
  endfacet
  facet normal 0 0 1
    outer loop
      vertex -6.9689337522215595 -0.6587581932296009 4
      vertex -6.986187098997901 0.43953363670519296 4
      vertex -6.986187098997901 -0.43953363670519296 4
    endloop
  endfacet
  facet normal 0 0 1
    outer loop
      vertex -6.986187098997901 -0.43953363670519296 4
      vertex -6.996545922560121 0.2198753135468994 4
      vertex -6.996545922560121 -0.2198753135468994 4
    endloop
  endfacet
  facet normal 0 0 1
    outer loop
      vertex -4.949747468305833 -4.949747468305833 4
      vertex -4.997532801828658 -0.15705379539064243 4
      vertex -5.1027803919498815 4.79182974150082 4
    endloop
  endfacet
  facet normal 0 0 -1
    outer loop
      vertex -6.996545922560121 -0.2198753135468994 0
      vertex -7 0 0
      vertex -6.996545922560121 0.2198753135468994 0
    endloop
  endfacet
  facet normal 0 0 -1
    outer loop
      vertex -6.996545922560121 -0.2198753135468994 0
      vertex -6.996545922560121 0.2198753135468994 0
      vertex -6.986187098997901 0.43953363670519296 0
    endloop
  endfacet
  facet normal 0 0 -1
    outer loop
      vertex -6.986187098997901 -0.43953363670519296 0
      vertex -6.986187098997901 0.43953363670519296 0
      vertex -6.9689337522215595 0.6587581932296009 0
    endloop
  endfacet
  facet normal 0 0 -1
    outer loop
      vertex -6.9689337522215595 -0.6587581932296009 0
      vertex -6.9689337522215595 0.6587581932296009 0
      vertex -6.9448029092013455 0.8773326349501285 0
    endloop
  endfacet
  facet normal 0 0 -1
    outer loop
      vertex -6.9448029092013455 -0.8773326349501285 0
      vertex -6.9448029092013455 0.8773326349501285 0
      vertex -6.913818384165964 1.095041255281616 0
    endloop
  endfacet
  facet normal 0 0 -1
    outer loop
      vertex -6.913818384165964 -1.095041255281616 0
      vertex -6.913818384165964 1.095041255281616 0
      vertex -6.87601075510082 1.3116692021000738 0
    endloop
  endfacet
  facet normal 0 0 -1
    outer loop
      vertex -6.87601075510082 -1.3116692021000738 0
      vertex -6.87601075510082 1.3116692021000738 0
      vertex -6.831417333571232 1.5270026897757971 0
    endloop
  endfacet
  facet normal 0 0 -1
    outer loop
      vertex -6.831417333571232 -1.5270026897757971 0
      vertex -6.831417333571232 1.5270026897757971 0
      vertex -6.7800821279004175 1.740829210153984 0
    endloop
  endfacet
  facet normal 0 0 -1
    outer loop
      vertex -3.7507875648529776 -5.910295478514104 0
      vertex -3.9345836449649143 5.789564019921933 0
      vertex -3.6448431371070584 0.8337815361563488 0
    endloop
  endfacet
  facet normal 0 0 -1
    outer loop
      vertex -4.461967928240828 -5.393592699430526 0
      vertex -4.79182974150082 5.1027803919498815 0
      vertex -4.524135262330098 1.436222804524074 0
    endloop
  endfacet
  facet normal 0 0 -1
    outer loop
      vertex -6.7800821279004175 -1.740829210153984 0
      vertex -6.7800821279004175 1.740829210153984 0
      vertex -6.722055799738603 1.9529377422746035 0
    endloop
  endfacet
  facet normal 0 0 -1
    outer loop
      vertex -6.722055799738603 -1.9529377422746035 0
      vertex -6.722055799738603 1.9529377422746035 0
      vertex -6.657395614066075 2.1631189606246317 0
    endloop
  endfacet
  facet normal 0 0 -1
    outer loop
      vertex -6.657395614066075 -2.1631189606246317 0
      vertex -6.657395614066075 2.1631189606246317 0
      vertex -6.586165382679578 2.371165441717041 0
    endloop
  endfacet
  facet normal 0 0 -1
    outer loop
      vertex -6.586165382679578 -2.371165441717041 0
      vertex -6.586165382679578 2.371165441717041 0
      vertex -6.50843540121776 2.576871868792745 0
    endloop
  endfacet
  facet normal 0 0 -1
    outer loop
      vertex -6.50843540121776 -2.576871868792745 0
      vertex -6.50843540121776 2.576871868792745 0
      vertex -6.424282379787868 2.7800352344434653 0
    endloop
  endfacet
  facet normal 0 0 -1
    outer loop
      vertex -6.424282379787868 -2.7800352344434653 0
      vertex -6.424282379787868 2.7800352344434653 0
      vertex -6.333789367262137 2.980455040955507 0
    endloop
  endfacet
  facet normal 0 0 -1
    outer loop
      vertex -6.333789367262137 -2.980455040955507 0
      vertex -6.333789367262137 2.980455040955507 0
      vertex -6.237045669318575 3.1779334981768272 0
    endloop
  endfacet
  facet normal 0 0 -1
    outer loop
      vertex -6.237045669318575 -3.1779334981768272 0
      vertex -6.237045669318575 3.1779334981768272 0
      vertex -6.134146760307044 3.372275718712008 0
    endloop
  endfacet
  facet normal 0 0 -1
    outer loop
      vertex -6.134146760307044 -3.372275718712008 0
      vertex -6.134146760307044 3.372275718712008 0
      vertex -6.025194189027606 3.5632899102525983 0
    endloop
  endfacet
  facet normal 0 0 -1
    outer loop
      vertex -3.934583644964914 -2.0338424327396845 0
      vertex -4.045084971874737 -1.2445903453305327 0
      vertex -3.9345836449649143 5.789564019921933 0
    endloop
  endfacet
  facet normal 0 0 -1
    outer loop
      vertex -4.290349375570836 -1.694704672774954 0
      vertex -4.114496766047312 5.663118960624632 0
      vertex -4.221639627510075 -1.1572464389598265 0
    endloop
  endfacet
  facet normal 0 0 -1
    outer loop
      vertex -4.114496766047312 -1.4796023538317145 0
      vertex -4.221639627510075 -1.1572464389598265 0
      vertex -4.114496766047312 5.663118960624632 0
    endloop
  endfacet
  facet normal 0 0 -1
    outer loop
      vertex -4.114496766047312 -1.4796023538317145 0
      vertex -3.9345836449649143 5.789564019921933 0
      vertex -4.045084971874737 -1.2445903453305327 0
    endloop
  endfacet
  facet normal 0 0 -1
    outer loop
      vertex -3.934583644964914 -2.0338424327396845 0
      vertex -3.9345836449649143 5.789564019921933 0
      vertex -3.852566213878947 -0.5686016384388495 0
    endloop
  endfacet
  facet normal 0 0 -1
    outer loop
      vertex -2.938926261462366 -3.6902026002572477 0
      vertex -2.7800352344434653 6.424282379787868 0
      vertex -2.7800352344434653 -2.201405734575413 0
    endloop
  endfacet
  facet normal 0 0 -1
    outer loop
      vertex -3.1779334981768272 -3.267786707954039 0
      vertex -3.3065593266182596 -1.9508553986375583 0
      vertex -3.1779334981768272 6.237045669318575 0
    endloop
  endfacet
  facet normal 0 0 -1
    outer loop
      vertex -3.1779334981768272 -3.267786707954039 0
      vertex -3.0173336858873805 3.986215012396516 0
      vertex -3.0645352682648825 0.9815161005139272 0
    endloop
  endfacet
  facet normal 0 0 -1
    outer loop
      vertex -2.576871868792745 2.2880327914101968 0
      vertex -2.5 0 0
      vertex -2.498766400914329 -0.07852689769532122 0
    endloop
  endfacet
  facet normal 0 0 -1
    outer loop
      vertex -2.576871868792745 2.2880327914101968 0
      vertex -2.498766400914329 0.07852689769532122 0
      vertex -2.5 0 0
    endloop
  endfacet
  facet normal 0 0 -1
    outer loop
      vertex -2.576871868792745 2.2880327914101968 0
      vertex -2.495066821070679 0.15697629882328318 0
      vertex -2.498766400914329 0.07852689769532122 0
    endloop
  endfacet
  facet normal 0 0 -1
    outer loop
      vertex -2.576871868792745 2.2880327914101968 0
      vertex -2.4889049115077 0.23527078329628606 0
      vertex -2.495066821070679 0.15697629882328318 0
    endloop
  endfacet
  facet normal 0 0 -1
    outer loop
      vertex -2.576871868792745 2.2880327914101968 0
      vertex -2.4802867532861947 0.31333308391076015 0
      vertex -2.4889049115077 0.23527078329628606 0
    endloop
  endfacet
  facet normal 0 0 -1
    outer loop
      vertex -2.576871868792745 2.2880327914101968 0
      vertex -2.4692208514878446 0.39108616260057716 0
      vertex -2.4802867532861947 0.31333308391076015 0
    endloop
  endfacet
  facet normal 0 0 -1
    outer loop
      vertex -2.576871868792745 2.2880327914101968 0
      vertex -2.4557181268217216 0.46845328646431206 0
      vertex -2.4692208514878446 0.39108616260057716 0
    endloop
  endfacet
  facet normal 0 0 -1
    outer loop
      vertex -2.576871868792745 2.2880327914101968 0
      vertex -2.4397919048468686 0.5453581034913562 0
      vertex -2.4557181268217216 0.46845328646431206 0
    endloop
  endfacet
  facet normal 0 0 -1
    outer loop
      vertex -2.576871868792745 2.2880327914101968 0
      vertex -2.4214579028215777 0.6217247179121371 0
      vertex -2.4397919048468686 0.5453581034913562 0
    endloop
  endfacet
  facet normal 0 0 -1
    outer loop
      vertex -2.576871868792745 2.2880327914101968 0
      vertex -2.400734214192358 0.6974777650980726 0
      vertex -2.4214579028215777 0.6217247179121371 0
    endloop
  endfacet
  facet normal -0.9998766324816606 0.01570731731182022 0
    outer loop
      vertex -7 0 0
      vertex -6.996545922560121 0.2198753135468994 4
      vertex -6.996545922560121 0.2198753135468994 0
    endloop
  endfacet
  facet normal -0.9988898749619698 0.04710645070964455 0
    outer loop
      vertex -6.996545922560121 0.2198753135468994 0
      vertex -6.986187098997901 0.43953363670519296 4
      vertex -6.986187098997901 0.43953363670519296 0
    endloop
  endfacet
  facet normal -0.9969173337331279 0.07845909572784589 0
    outer loop
      vertex -6.986187098997901 0.43953363670519296 0
      vertex -6.9689337522215595 0.6587581932296009 4
      vertex -6.9689337522215595 0.6587581932296009 0
    endloop
  endfacet
  facet normal -0.9939609554551802 0.10973431109104081 0
    outer loop
      vertex -6.9689337522215595 0.6587581932296009 0
      vertex -6.9448029092013455 0.8773326349501285 4
      vertex -6.9448029092013455 0.8773326349501285 0
    endloop
  endfacet
  facet normal -0.9900236577165571 0.1409012319375854 0
    outer loop
      vertex -6.9448029092013455 0.8773326349501285 0
      vertex -6.913818384165964 1.095041255281616 4
      vertex -6.913818384165964 1.095041255281616 0
    endloop
  endfacet
  facet normal -0.9851093261547736 0.17192910027941102 0
    outer loop
      vertex -6.913818384165964 1.095041255281616 0
      vertex -6.87601075510082 1.3116692021000738 4
      vertex -6.87601075510082 1.3116692021000738 0
    endloop
  endfacet
  facet normal 0 0 -1
    outer loop
      vertex -6.025194189027606 -3.5632899102525983 0
      vertex -6.025194189027606 3.5632899102525983 0
      vertex -5.910295478514104 3.7507875648529776 0
    endloop
  endfacet
  facet normal 0 0 -1
    outer loop
      vertex -5.910295478514104 -3.7507875648529776 0
      vertex -5.910295478514104 3.7507875648529776 0
      vertex -5.789564019921934 3.9345836449649134 0
    endloop
  endfacet
  facet normal 0 0 -1
    outer loop
      vertex -5.789564019921934 -3.9345836449649134 0
      vertex -5.789564019921934 3.9345836449649134 0
      vertex -5.663118960624632 4.114496766047312 0
    endloop
  endfacet
  facet normal 0 0 -1
    outer loop
      vertex -5.663118960624632 -4.114496766047312 0
      vertex -5.663118960624632 4.114496766047312 0
      vertex -5.531085086629831 4.290349375570837 0
    endloop
  endfacet
  facet normal 0 0 -1
    outer loop
      vertex -5.531085086629831 -4.290349375570837 0
      vertex -5.531085086629831 4.290349375570837 0
      vertex -5.393592699430526 4.461967928240828 0
    endloop
  endfacet
  facet normal 0 0 -1
    outer loop
      vertex -5.393592699430526 -4.461967928240828 0
      vertex -5.393592699430526 4.461967928240828 0
      vertex -5.250777487413217 4.629183057265563 0
    endloop
  endfacet
  facet normal 0 0 -1
    outer loop
      vertex -5.250777487413217 -4.629183057265563 0
      vertex -5.250777487413217 4.629183057265563 0
      vertex -5.1027803919498815 4.79182974150082 0
    endloop
  endfacet
  facet normal 0 0 -1
    outer loop
      vertex -5.1027803919498815 -4.79182974150082 0
      vertex -5.1027803919498815 4.79182974150082 0
      vertex -4.949747468305833 4.949747468305833 0
    endloop
  endfacet
  facet normal 0 0 -1
    outer loop
      vertex -4.79182974150082 -5.1027803919498815 0
      vertex -4.949747468305833 4.949747468305833 0
      vertex -4.79182974150082 5.1027803919498815 0
    endloop
  endfacet
  facet normal 0 0 -1
    outer loop
      vertex -4.290349375570836 -1.694704672774954 0
      vertex -4.461967928240828 1.8284734370810598 0
      vertex -4.290349375570835 5.531085086629833 0
    endloop
  endfacet
  facet normal 0 0 -1
    outer loop
      vertex -3.3722757187120074 -0.432736013517221 0
      vertex -3.5632899102525983 1.7686771232278384 0
      vertex -3.5632899102525983 6.025194189027606 0
    endloop
  endfacet
  facet normal 0 0 -1
    outer loop
      vertex -3.3065593266182596 -1.9508553986375583 0
      vertex -3.3722757187120074 -0.432736013517221 0
      vertex -3.1779334981768272 6.237045669318575 0
    endloop
  endfacet
  facet normal 0 0 -1
    outer loop
      vertex -2.938926261462366 -3.6902026002572477 0
      vertex -2.980455040955508 1.4014982048698277 0
      vertex -2.7800352344434653 6.424282379787868 0
    endloop
  endfacet
  facet normal 0 0 -1
    outer loop
      vertex -2.7800352344434653 -2.201405734575413 0
      vertex -2.7800352344434653 6.424282379787868 0
      vertex -2.6791339748949836 -0.0012370177024978446 0
    endloop
  endfacet
  facet normal 0 0 -1
    outer loop
      vertex -2.576871868792745 2.2880327914101968 0
      vertex -2.3776412907378837 0.7725424859373685 0
      vertex -2.400734214192358 0.6974777650980726 0
    endloop
  endfacet
  facet normal 0 0 -1
    outer loop
      vertex -2.1631189606246317 2.345642259691426 0
      vertex -2.1907667001096587 1.2043841852542885 0
      vertex -2.213988451402521 1.160525929084975 0
    endloop
  endfacet
  facet normal 0 0 -1
    outer loop
      vertex -2.1631189606246317 2.345642259691426 0
      vertex -2.1631189606246317 1.252855832537513 0
      vertex -2.1907667001096587 1.2043841852542885 0
    endloop
  endfacet
  facet normal 0 0 -1
    outer loop
      vertex -2.1631189606246317 2.345642259691426 0
      vertex -2.1518550675098593 1.272603539375928 0
      vertex -2.1576868084974024 1.2623794090325269 0
    endloop
  endfacet
  facet normal 0 0 -1
    outer loop
      vertex -2.1631189606246317 2.345642259691426 0
      vertex -2.1108198137550374 1.3395669874474918 0
      vertex -2.1518550675098593 1.272603539375928 0
    endloop
  endfacet
  facet normal 0 0 -1
    outer loop
      vertex -2.1631189606246317 2.345642259691426 0
      vertex -2.0677014356864047 1.4052084446303261 0
      vertex -2.1108198137550374 1.3395669874474918 0
    endloop
  endfacet
  facet normal 0 0 -1
    outer loop
      vertex -2.1971562113597467 4.490695154125123 0
      vertex -2.3522019223855635 0.846844800613229 0
      vertex -2.3776412907378837 0.7725424859373685 0
    endloop
  endfacet
  facet normal 0 0 -1
    outer loop
      vertex -2.1971562113597467 4.490695154125123 0
      vertex -2.3244412147206286 0.9203113817116947 0
      vertex -2.3522019223855635 0.846844800613229 0
    endloop
  endfacet
  facet normal 0 0 -1
    outer loop
      vertex -2.1971562113597467 4.490695154125123 0
      vertex -2.294386564209953 0.9928697265869518 0
      vertex -2.3244412147206286 0.9203113817116947 0
    endloop
  endfacet
  facet normal 0 0 -1
    outer loop
      vertex -2.1971562113597467 4.490695154125123 0
      vertex -2.262067631165049 1.064448228912681 0
      vertex -2.294386564209953 0.9928697265869518 0
    endloop
  endfacet
  facet normal 0 0 -1
    outer loop
      vertex -3.1779334981768272 -3.267786707954039 0
      vertex -3.1779334981768272 6.237045669318575 0
      vertex -3.0173336858873805 3.986215012396516 0
    endloop
  endfacet
  facet normal 0 0 -1
    outer loop
      vertex -2.1971562113597467 4.490695154125123 0
      vertex -2.2506126779386655 1.0878306976292307 0
      vertex -2.262067631165049 1.064448228912681 0
    endloop
  endfacet
  facet normal -0.9792228106217663 0.20278729535651016 0
    outer loop
      vertex -6.87601075510082 1.3116692021000738 0
      vertex -6.831417333571232 1.5270026897757971 4
      vertex -6.831417333571232 1.5270026897757971 0
    endloop
  endfacet
  facet normal -0.9723699203976762 0.23344536385590656 0
    outer loop
      vertex -6.831417333571232 1.5270026897757971 0
      vertex -6.7800821279004175 1.740829210153984 4
      vertex -6.7800821279004175 1.740829210153984 0
    endloop
  endfacet
  facet normal -0.9645574184577992 0.26387304996536914 0
    outer loop
      vertex -6.7800821279004175 1.740829210153984 0
      vertex -6.722055799738603 1.9529377422746035 4
      vertex -6.722055799738603 1.9529377422746035 0
    endloop
  endfacet
  facet normal -0.9557930147983287 0.2940403252323087 0
    outer loop
      vertex -6.722055799738603 1.9529377422746035 0
      vertex -6.657395614066075 2.1631189606246317 4
      vertex -6.657395614066075 2.1631189606246317 0
    endloop
  endfacet
  facet normal -0.9460853588275464 0.32391741819814635 0
    outer loop
      vertex -6.657395614066075 2.1631189606246317 0
      vertex -6.586165382679578 2.371165441717041 4
      vertex -6.586165382679578 2.371165441717041 0
    endloop
  endfacet
  facet normal -0.9998766324816606 0.01570731731182022 0
    outer loop
      vertex -7 0 0
      vertex -7 0 4
      vertex -6.996545922560121 0.2198753135468994 4
    endloop
  endfacet
  facet normal -0.9988898749619698 0.04710645070964455 0
    outer loop
      vertex -6.996545922560121 0.2198753135468994 0
      vertex -6.996545922560121 0.2198753135468994 4
      vertex -6.986187098997901 0.43953363670519296 4
    endloop
  endfacet
  facet normal -0.9969173337331279 0.07845909572784589 0
    outer loop
      vertex -6.986187098997901 0.43953363670519296 0
      vertex -6.986187098997901 0.43953363670519296 4
      vertex -6.9689337522215595 0.6587581932296009 4
    endloop
  endfacet
  facet normal -0.9939609554551802 0.10973431109104081 0
    outer loop
      vertex -6.9689337522215595 0.6587581932296009 0
      vertex -6.9689337522215595 0.6587581932296009 4
      vertex -6.9448029092013455 0.8773326349501285 4
    endloop
  endfacet
  facet normal -0.9900236577165571 0.1409012319375854 0
    outer loop
      vertex -6.9448029092013455 0.8773326349501285 0
      vertex -6.9448029092013455 0.8773326349501285 4
      vertex -6.913818384165964 1.095041255281616 4
    endloop
  endfacet
  facet normal -0.9851093261547736 0.17192910027941102 0
    outer loop
      vertex -6.913818384165964 1.095041255281616 0
      vertex -6.913818384165964 1.095041255281616 4
      vertex -6.87601075510082 1.3116692021000738 4
    endloop
  endfacet
  facet normal 0 0 1
    outer loop
      vertex -6.996545922560121 -0.2198753135468994 4
      vertex -6.996545922560121 0.2198753135468994 4
      vertex -7 0 4
    endloop
  endfacet
  facet normal 0 0 1
    outer loop
      vertex -6.986187098997901 -0.43953363670519296 4
      vertex -6.986187098997901 0.43953363670519296 4
      vertex -6.996545922560121 0.2198753135468994 4
    endloop
  endfacet
  facet normal 0 0 1
    outer loop
      vertex -6.9689337522215595 -0.6587581932296009 4
      vertex -6.9689337522215595 0.6587581932296009 4
      vertex -6.986187098997901 0.43953363670519296 4
    endloop
  endfacet
  facet normal 0 0 1
    outer loop
      vertex -6.9448029092013455 -0.8773326349501285 4
      vertex -6.9448029092013455 0.8773326349501285 4
      vertex -6.9689337522215595 0.6587581932296009 4
    endloop
  endfacet
  facet normal 0 0 1
    outer loop
      vertex -6.913818384165964 -1.095041255281616 4
      vertex -6.913818384165964 1.095041255281616 4
      vertex -6.9448029092013455 0.8773326349501285 4
    endloop
  endfacet
  facet normal 0 0 1
    outer loop
      vertex -6.87601075510082 -1.3116692021000738 4
      vertex -6.87601075510082 1.3116692021000738 4
      vertex -6.913818384165964 1.095041255281616 4
    endloop
  endfacet
  facet normal 0 0 1
    outer loop
      vertex -6.831417333571232 -1.5270026897757971 4
      vertex -6.831417333571232 1.5270026897757971 4
      vertex -6.87601075510082 1.3116692021000738 4
    endloop
  endfacet
  facet normal 0 0 1
    outer loop
      vertex -6.7800821279004175 -1.740829210153984 4
      vertex -6.7800821279004175 1.740829210153984 4
      vertex -6.831417333571232 1.5270026897757971 4
    endloop
  endfacet
  facet normal 0 0 1
    outer loop
      vertex -6.722055799738603 -1.9529377422746035 4
      vertex -6.722055799738603 1.9529377422746035 4
      vertex -6.7800821279004175 1.740829210153984 4
    endloop
  endfacet
  facet normal 0 0 1
    outer loop
      vertex -6.657395614066075 -2.1631189606246317 4
      vertex -6.657395614066075 2.1631189606246317 4
      vertex -6.722055799738603 1.9529377422746035 4
    endloop
  endfacet
  facet normal 0 0 1
    outer loop
      vertex -6.586165382679578 -2.371165441717041 4
      vertex -6.586165382679578 2.371165441717041 4
      vertex -6.657395614066075 2.1631189606246317 4
    endloop
  endfacet
  facet normal 0 0 1
    outer loop
      vertex -6.50843540121776 -2.576871868792745 4
      vertex -6.50843540121776 2.576871868792745 4
      vertex -6.586165382679578 2.371165441717041 4
    endloop
  endfacet
  facet normal 0 0 1
    outer loop
      vertex -6.424282379787868 -2.7800352344434653 4
      vertex -6.424282379787868 2.7800352344434653 4
      vertex -6.50843540121776 2.576871868792745 4
    endloop
  endfacet
  facet normal 0 0 1
    outer loop
      vertex -6.333789367262137 -2.980455040955507 4
      vertex -6.333789367262137 2.980455040955507 4
      vertex -6.424282379787868 2.7800352344434653 4
    endloop
  endfacet
  facet normal 0 0 1
    outer loop
      vertex -6.237045669318575 -3.1779334981768272 4
      vertex -6.237045669318575 3.1779334981768272 4
      vertex -6.333789367262137 2.980455040955507 4
    endloop
  endfacet
  facet normal 0 0 1
    outer loop
      vertex -6.134146760307044 -3.372275718712008 4
      vertex -6.134146760307044 3.372275718712008 4
      vertex -6.237045669318575 3.1779334981768272 4
    endloop
  endfacet
  facet normal 0 0 1
    outer loop
      vertex -6.025194189027606 -3.5632899102525983 4
      vertex -6.025194189027606 3.5632899102525983 4
      vertex -6.134146760307044 3.372275718712008 4
    endloop
  endfacet
  facet normal 0 0 1
    outer loop
      vertex -5.910295478514104 -3.7507875648529776 4
      vertex -5.910295478514104 3.7507875648529776 4
      vertex -6.025194189027606 3.5632899102525983 4
    endloop
  endfacet
  facet normal -0.9792228106217663 0.20278729535651016 0
    outer loop
      vertex -6.87601075510082 1.3116692021000738 0
      vertex -6.87601075510082 1.3116692021000738 4
      vertex -6.831417333571232 1.5270026897757971 4
    endloop
  endfacet
  facet normal -0.9723699203976762 0.23344536385590656 0
    outer loop
      vertex -6.831417333571232 1.5270026897757971 0
      vertex -6.831417333571232 1.5270026897757971 4
      vertex -6.7800821279004175 1.740829210153984 4
    endloop
  endfacet
  facet normal -0.9645574184577992 0.26387304996536914 0
    outer loop
      vertex -6.7800821279004175 1.740829210153984 0
      vertex -6.7800821279004175 1.740829210153984 4
      vertex -6.722055799738603 1.9529377422746035 4
    endloop
  endfacet
  facet normal -0.9557930147983287 0.2940403252323087 0
    outer loop
      vertex -6.722055799738603 1.9529377422746035 0
      vertex -6.722055799738603 1.9529377422746035 4
      vertex -6.657395614066075 2.1631189606246317 4
    endloop
  endfacet
  facet normal -0.9460853588275464 0.32391741819814635 0
    outer loop
      vertex -6.657395614066075 2.1631189606246317 0
      vertex -6.657395614066075 2.1631189606246317 4
      vertex -6.586165382679578 2.371165441717041 4
    endloop
  endfacet
  facet normal -0.9354440308298665 0.3534748437792593 0
    outer loop
      vertex -6.586165382679578 2.371165441717041 0
      vertex -6.586165382679578 2.371165441717041 4
      vertex -6.50843540121776 2.576871868792745 4
    endloop
  endfacet
  facet normal 0 0 1
    outer loop
      vertex -5.789564019921934 -3.9345836449649134 4
      vertex -5.789564019921934 3.9345836449649134 4
      vertex -5.910295478514104 3.7507875648529776 4
    endloop
  endfacet
  facet normal 0 0 1
    outer loop
      vertex -5.663118960624632 -4.114496766047312 4
      vertex -5.663118960624632 4.114496766047312 4
      vertex -5.789564019921934 3.9345836449649134 4
    endloop
  endfacet
  facet normal 0 0 1
    outer loop
      vertex -5.531085086629831 -4.290349375570837 4
      vertex -5.531085086629831 4.290349375570837 4
      vertex -5.663118960624632 4.114496766047312 4
    endloop
  endfacet
  facet normal 0 0 1
    outer loop
      vertex -5.393592699430526 -4.461967928240828 4
      vertex -5.393592699430526 4.461967928240828 4
      vertex -5.531085086629831 4.290349375570837 4
    endloop
  endfacet
  facet normal 0 0 1
    outer loop
      vertex -5.250777487413217 -4.629183057265563 4
      vertex -5.250777487413217 4.629183057265563 4
      vertex -5.393592699430526 4.461967928240828 4
    endloop
  endfacet
  facet normal 0 0 1
    outer loop
      vertex -5.1027803919498815 -4.79182974150082 4
      vertex -5.1027803919498815 4.79182974150082 4
      vertex -5.250777487413217 4.629183057265563 4
    endloop
  endfacet
  facet normal 0 0 1
    outer loop
      vertex -4.997532801828658 -0.15705379539064243 4
      vertex -5 0 4
      vertex -5.1027803919498815 4.79182974150082 4
    endloop
  endfacet
  facet normal 0 0 1
    outer loop
      vertex -5 0 4
      vertex -4.997532801828658 0.15705379539064243 4
      vertex -5.1027803919498815 4.79182974150082 4
    endloop
  endfacet
  facet normal 0 0 1
    outer loop
      vertex -4.997532801828658 0.15705379539064243 4
      vertex -4.990133642141358 0.31395259764656636 4
      vertex -5.1027803919498815 4.79182974150082 4
    endloop
  endfacet
  facet normal 0 0 1
    outer loop
      vertex -4.990133642141358 0.31395259764656636 4
      vertex -4.9778098230154 0.4705415665925721 4
      vertex -5.1027803919498815 4.79182974150082 4
    endloop
  endfacet
  facet normal 0 0 1
    outer loop
      vertex -4.9778098230154 0.4705415665925721 4
      vertex -4.9605735065723895 0.6266661678215203 4
      vertex -5.1027803919498815 4.79182974150082 4
    endloop
  endfacet
  facet normal 0 0 1
    outer loop
      vertex -4.9605735065723895 0.6266661678215203 4
      vertex -4.938441702975689 0.7821723252011543 4
      vertex -5.1027803919498815 4.79182974150082 4
    endloop
  endfacet
  facet normal 0 0 1
    outer loop
      vertex -4.938441702975689 0.7821723252011543 4
      vertex -4.911436253643443 0.9369065729286241 4
      vertex -4.949747468305833 4.949747468305833 4
    endloop
  endfacet
  facet normal 0 0 1
    outer loop
      vertex -4.911436253643443 0.9369065729286241 4
      vertex -4.879583809693737 1.0907162069827123 4
      vertex -4.949747468305833 4.949747468305833 4
    endloop
  endfacet
  facet normal 0 0 1
    outer loop
      vertex -4.879583809693737 1.0907162069827123 4
      vertex -4.842915805643155 1.2434494358242743 4
      vertex -4.949747468305833 4.949747468305833 4
    endloop
  endfacet
  facet normal 0 0 1
    outer loop
      vertex 4.582334244633835 2 4
      vertex 6.586165382679578 2 4
      vertex 4.532247432321624 2.3699793822303366 4
    endloop
  endfacet
  facet normal 0 0 1
    outer loop
      vertex 4.532247432321624 2.3699793822303366 4
      vertex 6.586165382679578 2 4
      vertex 6.509150371132828 2.5313592139700267 4
    endloop
  endfacet
  facet normal 0 0 -1
    outer loop
      vertex -4.524135262330098 1.436222804524074 0
      vertex -4.79182974150082 5.1027803919498815 0
      vertex -4.51289338654811 2.1518439813632346 0
    endloop
  endfacet
  facet normal 0 0 -1
    outer loop
      vertex -4.461967928240828 1.8284734370810598 0
      vertex -4.51289338654811 2.1518439813632346 0
      vertex -4.461967928240828 5.393592699430526 0
    endloop
  endfacet
  facet normal 0 0 -1
    outer loop
      vertex -4.290349375570836 -1.694704672774954 0
      vertex -4.290349375570835 5.531085086629833 0
      vertex -4.114496766047312 5.663118960624632 0
    endloop
  endfacet
  facet normal 0 0 -1
    outer loop
      vertex -4.114496766047312 -1.4796023538317145 0
      vertex -4.114496766047312 5.663118960624632 0
      vertex -3.9345836449649143 5.789564019921933 0
    endloop
  endfacet
  facet normal 0 0 -1
    outer loop
      vertex -3.6448431371070584 0.8337815361563488 0
      vertex -3.9345836449649143 5.789564019921933 0
      vertex -3.603502436354283 3.4653958234674667 0
    endloop
  endfacet
  facet normal 0 0 -1
    outer loop
      vertex -1.77391277769071 4.674090032470651 0
      vertex -1.8224215685535292 1.7113677648217211 0
      vertex -1.8752776740761488 1.6532796633091298 0
    endloop
  endfacet
  facet normal 0 0 -1
    outer loop
      vertex -1.77391277769071 4.674090032470651 0
      vertex -1.8204225324843886 1.7134306100207986 0
      vertex -1.8224215685535292 1.7113677648217211 0
    endloop
  endfacet
  facet normal 0 0 -1
    outer loop
      vertex -0.6587581932295999 2.917699751778033 0
      vertex -0.6587581932295998 2.4113266904169697 0
      vertex -0.6753297090509942 2.4067932366912888 0
    endloop
  endfacet
  facet normal 0 0 -1
    outer loop
      vertex -0.6587581932295999 2.917699751778033 0
      vertex -0.6217247179121371 2.4214579028215777 0
      vertex -0.6566887304897023 2.4118928313584176 0
    endloop
  endfacet
  facet normal 0 0 -1
    outer loop
      vertex -0.6587581932295999 2.917699751778033 0
      vertex -0.5453581034913562 2.4397919048468686 0
      vertex -0.6217247179121371 2.4214579028215777 0
    endloop
  endfacet
  facet normal 0 0 -1
    outer loop
      vertex -1.1271349172555252 4.870840450924142 0
      vertex -1.272603539375928 2.1518550675098593 0
      vertex -1.3395669874474918 2.1108198137550374 0
    endloop
  endfacet
  facet normal 0 0 -1
    outer loop
      vertex -1.1271349172555252 4.870840450924142 0
      vertex -1.204384185254288 2.190766700109659 0
      vertex -1.272603539375928 2.1518550675098593 0
    endloop
  endfacet
  facet normal 0 0 -1
    outer loop
      vertex -1.1271349172555252 4.870840450924142 0
      vertex -1.1689420860904172 2.2095323256489667 0
      vertex -1.204384185254288 2.190766700109659 0
    endloop
  endfacet
  facet normal 0 0 -1
    outer loop
      vertex -1.095041255281616 4.604265329613509 0
      vertex -1.1349762493488669 2.2275163104709197 0
      vertex -1.1445650555676068 2.222439298919265 0
    endloop
  endfacet
  facet normal 0 0 -1
    outer loop
      vertex -1.095041255281616 4.604265329613509 0
      vertex -1.0644482289126818 2.2620676311650487 0
      vertex -1.1349762493488669 2.2275163104709197 0
    endloop
  endfacet
  facet normal 0 0 -1
    outer loop
      vertex -1.095041255281616 4.604265329613509 0
      vertex -0.9928697265869518 2.294386564209953 0
      vertex -1.0644482289126818 2.2620676311650487 0
    endloop
  endfacet
  facet normal 0 0 -1
    outer loop
      vertex -1.095041255281616 4.604265329613509 0
      vertex -0.9203113817116947 2.3244412147206286 0
      vertex -0.9928697265869518 2.294386564209953 0
    endloop
  endfacet
  facet normal 0 0 -1
    outer loop
      vertex -2.576871868792745 2.2880327914101968 0
      vertex -2.3711654417170394 6.586165382679578 0
      vertex -2.3776412907378837 0.7725424859373685 0
    endloop
  endfacet
  facet normal 0 0 -1
    outer loop
      vertex -1.9529377422746053 6.722055799738602 0
      vertex -2.0225424859373686 1.469463130731183 0
      vertex -2.0677014356864047 1.4052084446303261 0
    endloop
  endfacet
  facet normal 0 0 -1
    outer loop
      vertex -1.9529377422746053 6.722055799738602 0
      vertex -1.9753875309392255 1.5322676341324417 0
      vertex -2.0225424859373686 1.469463130731183 0
    endloop
  endfacet
  facet normal 0 0 -1
    outer loop
      vertex -1.9529377422746053 6.722055799738602 0
      vertex -1.9262831069394735 1.5935599743717241 0
      vertex -1.9753875309392255 1.5322676341324417 0
    endloop
  endfacet
  facet normal 0 0 -1
    outer loop
      vertex -1.9529377422746053 6.722055799738602 0
      vertex -1.8752776740761488 1.6532796633091298 0
      vertex -1.9262831069394735 1.5935599743717241 0
    endloop
  endfacet
  facet normal 0 0 -1
    outer loop
      vertex -2.6791339748949836 -0.0012370177024978446 0
      vertex -2.7800352344434653 6.424282379787868 0
      vertex -2.6121509053071383 4.2626869053455385 0
    endloop
  endfacet
  facet normal 0 0 -1
    outer loop
      vertex -2.1631189606246317 2.345642259691426 0
      vertex -1.9529377422746053 6.722055799738602 0
      vertex -2.0677014356864047 1.4052084446303261 0
    endloop
  endfacet
  facet normal 0 0 -1
    outer loop
      vertex -1.5270026897757971 6.831417333571232 0
      vertex -1.7113677648217211 1.8224215685535292 0
      vertex -1.7418233311147469 1.7929080715867725 0
    endloop
  endfacet
  facet normal 0 0 -1
    outer loop
      vertex -1.5270026897757971 6.831417333571232 0
      vertex -1.6532796633091298 1.8752776740761488 0
      vertex -1.7113677648217211 1.8224215685535292 0
    endloop
  endfacet
  facet normal 0 0 -1
    outer loop
      vertex -0.6904506437701888 4.951495631342227 0
      vertex -0.8468448006132283 2.3522019223855635 0
      vertex -0.9203113817116947 2.3244412147206286 0
    endloop
  endfacet
  facet normal 0 0 -1
    outer loop
      vertex -0.6904506437701888 4.951495631342227 0
      vertex -0.7306816739252248 2.390519358047401 0
      vertex -0.7725424859373685 2.3776412907378837 0
    endloop
  endfacet
  facet normal 0 0 -1
    outer loop
      vertex -0.6904506437701888 4.951495631342227 0
      vertex -0.7725424859373685 2.3776412907378837 0
      vertex -0.8468448006132283 2.3522019223855635 0
    endloop
  endfacet
  facet normal 0 0 -1
    outer loop
      vertex -1.5270026897757971 6.831417333571232 0
      vertex -1.5935599743717241 1.9262831069394735 0
      vertex -1.6532796633091298 1.8752776740761488 0
    endloop
  endfacet
  facet normal 0 0 -1
    outer loop
      vertex -1.5270026897757971 6.831417333571232 0
      vertex -1.5322676341324408 1.975387530939226 0
      vertex -1.5935599743717241 1.9262831069394735 0
    endloop
  endfacet
  facet normal 0 0 -1
    outer loop
      vertex -1.5270026897757971 6.831417333571232 0
      vertex -1.469463130731183 2.0225424859373686 0
      vertex -1.5322676341324408 1.975387530939226 0
    endloop
  endfacet
  facet normal 0 0 -1
    outer loop
      vertex -1.5270026897757971 6.831417333571232 0
      vertex -1.4052084446303263 2.0677014356864047 0
      vertex -1.469463130731183 2.0225424859373686 0
    endloop
  endfacet
  facet normal 0 0 -1
    outer loop
      vertex -1.311669202100072 6.876010755100821 0
      vertex -1.3395669874474918 2.1108198137550374 0
      vertex -1.4052084446303263 2.0677014356864047 0
    endloop
  endfacet
  facet normal -0.9354440308298665 0.3534748437792593 0
    outer loop
      vertex -6.586165382679578 2.371165441717041 0
      vertex -6.50843540121776 2.576871868792745 4
      vertex -6.50843540121776 2.576871868792745 0
    endloop
  endfacet
  facet normal -0.9238795325112874 0.38268343236508845 0
    outer loop
      vertex -6.50843540121776 2.576871868792745 0
      vertex -6.424282379787868 2.7800352344434653 4
      vertex -6.424282379787868 2.7800352344434653 0
    endloop
  endfacet
  facet normal -0.9114032766354437 0.41151435860511215 0
    outer loop
      vertex -6.424282379787868 2.7800352344434653 0
      vertex -6.333789367262137 2.980455040955507 4
      vertex -6.333789367262137 2.980455040955507 0
    endloop
  endfacet
  facet normal -0.8980275757606168 0.43993916985591297 0
    outer loop
      vertex -6.333789367262137 2.980455040955507 0
      vertex -6.237045669318575 3.1779334981768272 4
      vertex -6.237045669318575 3.1779334981768272 0
    endloop
  endfacet
  facet normal -0.8837656300886932 0.4679298142605737 0
    outer loop
      vertex -6.237045669318575 3.1779334981768272 0
      vertex -6.134146760307044 3.372275718712008 4
      vertex -6.134146760307044 3.372275718712008 0
    endloop
  endfacet
  facet normal -0.8686315144381919 0.4954586684324063 0
    outer loop
      vertex -6.134146760307044 3.372275718712008 0
      vertex -6.025194189027606 3.5632899102525983 4
      vertex -6.025194189027606 3.5632899102525983 0
    endloop
  endfacet
  facet normal -0.8526401643540915 0.5224985647159501 0
    outer loop
      vertex -6.025194189027606 3.5632899102525983 0
      vertex -5.910295478514104 3.7507875648529776 4
      vertex -5.910295478514104 3.7507875648529776 0
    endloop
  endfacet
  facet normal 0 0 -1
    outer loop
      vertex -3.5632899102525983 1.7686771232278384 0
      vertex -3.603502436354283 3.4653958234674667 0
      vertex -3.5632899102525983 6.025194189027606 0
    endloop
  endfacet
  facet normal 0 0 -1
    outer loop
      vertex -3.3722757187120074 -0.432736013517221 0
      vertex -3.5632899102525983 6.025194189027606 0
      vertex -3.3722757187120065 6.134146760307045 0
    endloop
  endfacet
  facet normal 0 0 -1
    outer loop
      vertex -4.51289338654811 2.1518439813632346 0
      vertex -4.79182974150082 5.1027803919498815 0
      vertex -4.629183057265563 5.250777487413217 0
    endloop
  endfacet
  facet normal 0 0 -1
    outer loop
      vertex -4.51289338654811 2.1518439813632346 0
      vertex -4.629183057265563 5.250777487413217 0
      vertex -4.461967928240828 5.393592699430526 0
    endloop
  endfacet
  facet normal 0 0 -1
    outer loop
      vertex -4.461967928240828 1.8284734370810598 0
      vertex -4.461967928240828 5.393592699430526 0
      vertex -4.290349375570835 5.531085086629833 0
    endloop
  endfacet
  facet normal 0 0 -1
    outer loop
      vertex -3.3722757187120074 -0.432736013517221 0
      vertex -3.3722757187120065 6.134146760307045 0
      vertex -3.1779334981768272 6.237045669318575 0
    endloop
  endfacet
  facet normal 0 0 -1
    outer loop
      vertex -2.980455040955508 1.4014982048698277 0
      vertex -3.0173336858873805 3.986215012396516 0
      vertex -2.980455040955509 6.333789367262137 0
    endloop
  endfacet
  facet normal 0 0 -1
    outer loop
      vertex -2.1971562113597467 4.490695154125123 0
      vertex -2.3776412907378837 0.7725424859373685 0
      vertex -2.3711654417170394 6.586165382679578 0
    endloop
  endfacet
  facet normal 0 0 -1
    outer loop
      vertex -2.576871868792745 2.2880327914101968 0
      vertex -2.6121509053071383 4.2626869053455385 0
      vertex -2.576871868792745 6.50843540121776 0
    endloop
  endfacet
  facet normal 0 0 -1
    outer loop
      vertex -1.77391277769071 4.674090032470651 0
      vertex -1.8752776740761488 1.6532796633091298 0
      vertex -1.9529377422746053 6.722055799738602 0
    endloop
  endfacet
  facet normal 0 0 -1
    outer loop
      vertex -0.43953363670519296 6.986187098997901 0
      vertex -0.46845328646431145 2.4557181268217216 0
      vertex -0.5453581034913562 2.4397919048468686 0
    endloop
  endfacet
  facet normal 0 0 -1
    outer loop
      vertex -0.43953363670519296 6.986187098997901 0
      vertex -0.39108616260057716 2.4692208514878446 0
      vertex -0.46845328646431145 2.4557181268217216 0
    endloop
  endfacet
  facet normal 0 0 -1
    outer loop
      vertex -0.43953363670519296 6.986187098997901 0
      vertex -0.3133330839107607 2.4802867532861947 0
      vertex -0.39108616260057716 2.4692208514878446 0
    endloop
  endfacet
  facet normal 0 0 -1
    outer loop
      vertex -0.21987531354689777 6.996545922560121 0
      vertex -0.15697629882328318 2.495066821070679 0
      vertex -0.23527078329628606 2.4889049115077 0
    endloop
  endfacet
  facet normal 0 0 -1
    outer loop
      vertex -0.21987531354689777 6.996545922560121 0
      vertex -0.07852689769532062 2.498766400914329 0
      vertex -0.15697629882328318 2.495066821070679 0
    endloop
  endfacet
  facet normal 0 0 -1
    outer loop
      vertex -0.21987531354689777 6.996545922560121 0
      vertex -0.23527078329628606 2.4889049115077 0
      vertex -0.3133330839107607 2.4802867532861947 0
    endloop
  endfacet
  facet normal 0 0 -1
    outer loop
      vertex -0.21987531354689777 6.996545922560121 0
      vertex 0 2.5 0
      vertex -0.07852689769532062 2.498766400914329 0
    endloop
  endfacet
  facet normal 0 0 -1
    outer loop
      vertex -0.6587581932295999 2.917699751778033 0
      vertex -0.43953363670519296 6.986187098997901 0
      vertex -0.5453581034913562 2.4397919048468686 0
    endloop
  endfacet
  facet normal 0 0 -1
    outer loop
      vertex -2.1631189606246317 2.345642259691426 0
      vertex -2.1971562113597467 4.490695154125123 0
      vertex -2.1631189606246317 6.657395614066075 0
    endloop
  endfacet
  facet normal 0 0 -1
    outer loop
      vertex -1.77391277769071 4.674090032470651 0
      vertex -1.740829210153984 6.7800821279004175 0
      vertex -1.7418233311147469 1.7929080715867725 0
    endloop
  endfacet
  facet normal 0 0 -1
    outer loop
      vertex -2.980455040955508 1.4014982048698277 0
      vertex -2.980455040955509 6.333789367262137 0
      vertex -2.7800352344434653 6.424282379787868 0
    endloop
  endfacet
  facet normal 0 0 -1
    outer loop
      vertex -1.1271349172555252 4.870840450924142 0
      vertex -1.3395669874474918 2.1108198137550374 0
      vertex -1.311669202100072 6.876010755100821 0
    endloop
  endfacet
  facet normal 0 0 -1
    outer loop
      vertex -1.095041255281616 4.604265329613509 0
      vertex -0.87733263495013 6.9448029092013455 0
      vertex -0.9203113817116947 2.3244412147206286 0
    endloop
  endfacet
  facet normal 0 0 -1
    outer loop
      vertex -0.6904506437701888 4.951495631342227 0
      vertex -0.9203113817116947 2.3244412147206286 0
      vertex -0.87733263495013 6.9448029092013455 0
    endloop
  endfacet
  facet normal 0 0 -1
    outer loop
      vertex -0.6587581932295999 2.917699751778033 0
      vertex -0.6904506437701888 4.951495631342227 0
      vertex -0.6587581932296009 6.9689337522215595 0
    endloop
  endfacet
  facet normal -0.8358073613682719 0.5490228179981291 0
    outer loop
      vertex -5.910295478514104 3.7507875648529776 0
      vertex -5.789564019921934 3.9345836449649134 4
      vertex -5.789564019921934 3.9345836449649134 0
    endloop
  endfacet
  facet normal -0.8181497174250225 0.5750052520432798 0
    outer loop
      vertex -5.789564019921934 3.9345836449649134 0
      vertex -5.663118960624632 4.114496766047312 4
      vertex -5.663118960624632 4.114496766047312 0
    endloop
  endfacet
  facet normal -0.7996846584870897 0.6004202253258852 0
    outer loop
      vertex -5.663118960624632 4.114496766047312 0
      vertex -5.531085086629831 4.290349375570837 4
      vertex -5.531085086629831 4.290349375570837 0
    endloop
  endfacet
  facet normal -0.7804304073383328 0.6252426563357013 0
    outer loop
      vertex -5.531085086629831 4.290349375570837 0
      vertex -5.393592699430526 4.461967928240828 4
      vertex -5.393592699430526 4.461967928240828 0
    endloop
  endfacet
  facet normal -0.7604059656000284 0.6494480483301864 0
    outer loop
      vertex -5.393592699430526 4.461967928240828 0
      vertex -5.250777487413217 4.629183057265563 4
      vertex -5.250777487413217 4.629183057265563 0
    endloop
  endfacet
  facet normal -0.7396310949786097 0.6730125135097733 0
    outer loop
      vertex -5.250777487413217 4.629183057265563 0
      vertex -5.1027803919498815 4.79182974150082 4
      vertex -5.1027803919498815 4.79182974150082 0
    endloop
  endfacet
  facet normal -0.718126297763189 0.6959127965923142 0
    outer loop
      vertex -5.1027803919498815 4.79182974150082 0
      vertex -4.949747468305833 4.949747468305833 4
      vertex -4.949747468305833 4.949747468305833 0
    endloop
  endfacet
  facet normal -0.9238795325112874 0.38268343236508845 0
    outer loop
      vertex -6.50843540121776 2.576871868792745 0
      vertex -6.50843540121776 2.576871868792745 4
      vertex -6.424282379787868 2.7800352344434653 4
    endloop
  endfacet
  facet normal -0.9114032766354437 0.41151435860511215 0
    outer loop
      vertex -6.424282379787868 2.7800352344434653 0
      vertex -6.424282379787868 2.7800352344434653 4
      vertex -6.333789367262137 2.980455040955507 4
    endloop
  endfacet
  facet normal -0.8980275757606168 0.43993916985591297 0
    outer loop
      vertex -6.333789367262137 2.980455040955507 0
      vertex -6.333789367262137 2.980455040955507 4
      vertex -6.237045669318575 3.1779334981768272 4
    endloop
  endfacet
  facet normal -0.8837656300886932 0.4679298142605737 0
    outer loop
      vertex -6.237045669318575 3.1779334981768272 0
      vertex -6.237045669318575 3.1779334981768272 4
      vertex -6.134146760307044 3.372275718712008 4
    endloop
  endfacet
  facet normal -0.8686315144381919 0.4954586684324063 0
    outer loop
      vertex -6.134146760307044 3.372275718712008 0
      vertex -6.134146760307044 3.372275718712008 4
      vertex -6.025194189027606 3.5632899102525983 4
    endloop
  endfacet
  facet normal -0.8526401643540915 0.5224985647159501 0
    outer loop
      vertex -6.025194189027606 3.5632899102525983 0
      vertex -6.025194189027606 3.5632899102525983 4
      vertex -5.910295478514104 3.7507875648529776 4
    endloop
  endfacet
  facet normal 0 0 1
    outer loop
      vertex -4.842915805643155 1.2434494358242743 4
      vertex -4.801468428384716 1.3949555301961452 4
      vertex -4.949747468305833 4.949747468305833 4
    endloop
  endfacet
  facet normal 0 0 1
    outer loop
      vertex -4.801468428384716 1.3949555301961452 4
      vertex -4.755282581475767 1.545084971874737 4
      vertex -4.949747468305833 4.949747468305833 4
    endloop
  endfacet
  facet normal 0 0 1
    outer loop
      vertex -4.755282581475767 1.545084971874737 4
      vertex -4.704403844771127 1.693689601226458 4
      vertex -4.79182974150082 5.1027803919498815 4
    endloop
  endfacet
  facet normal 0 0 1
    outer loop
      vertex -4.704403844771127 1.693689601226458 4
      vertex -4.648882429441257 1.8406227634233894 4
      vertex -4.79182974150082 5.1027803919498815 4
    endloop
  endfacet
  facet normal 0 0 1
    outer loop
      vertex -4.648882429441257 1.8406227634233894 4
      vertex -4.588773128419906 1.9857394531739037 4
      vertex -4.79182974150082 5.1027803919498815 4
    endloop
  endfacet
  facet normal 0 0 1
    outer loop
      vertex -4.588773128419906 1.9857394531739037 4
      vertex -4.524135262330098 2.128896457825362 4
      vertex -4.629183057265563 5.250777487413217 4
    endloop
  endfacet
  facet normal 0 0 1
    outer loop
      vertex -4.524135262330098 2.128896457825362 4
      vertex -4.455032620941839 2.2699524986977337 4
      vertex -4.629183057265563 5.250777487413217 4
    endloop
  endfacet
  facet normal 0 0 1
    outer loop
      vertex -4.455032620941839 2.2699524986977337 4
      vertex -4.381533400219317 2.408768370508577 4
      vertex -4.461967928240828 5.393592699430526 4
    endloop
  endfacet
  facet normal 0 0 1
    outer loop
      vertex -4.938441702975689 0.7821723252011543 4
      vertex -4.949747468305833 4.949747468305833 4
      vertex -5.1027803919498815 4.79182974150082 4
    endloop
  endfacet
  facet normal 0 0 1
    outer loop
      vertex -4.381533400219317 2.408768370508577 4
      vertex -4.303710135019719 2.545207078751856 4
      vertex -4.461967928240828 5.393592699430526 4
    endloop
  endfacet
  facet normal 0 0 1
    outer loop
      vertex -4.303710135019719 2.545207078751856 4
      vertex -4.221639627510075 2.6791339748949836 4
      vertex -4.461967928240828 5.393592699430526 4
    endloop
  endfacet
  facet normal 0 0 1
    outer loop
      vertex -4.221639627510075 2.6791339748949836 4
      vertex -4.1354028713728095 2.8104168892606523 4
      vertex -4.290349375570835 5.531085086629833 4
    endloop
  endfacet
  facet normal -0.8358073613682719 0.5490228179981291 0
    outer loop
      vertex -5.910295478514104 3.7507875648529776 0
      vertex -5.910295478514104 3.7507875648529776 4
      vertex -5.789564019921934 3.9345836449649134 4
    endloop
  endfacet
  facet normal -0.8181497174250225 0.5750052520432798 0
    outer loop
      vertex -5.789564019921934 3.9345836449649134 0
      vertex -5.789564019921934 3.9345836449649134 4
      vertex -5.663118960624632 4.114496766047312 4
    endloop
  endfacet
  facet normal -0.7996846584870897 0.6004202253258852 0
    outer loop
      vertex -5.663118960624632 4.114496766047312 0
      vertex -5.663118960624632 4.114496766047312 4
      vertex -5.531085086629831 4.290349375570837 4
    endloop
  endfacet
  facet normal -0.7804304073383328 0.6252426563357013 0
    outer loop
      vertex -5.531085086629831 4.290349375570837 0
      vertex -5.531085086629831 4.290349375570837 4
      vertex -5.393592699430526 4.461967928240828 4
    endloop
  endfacet
  facet normal -0.7604059656000284 0.6494480483301864 0
    outer loop
      vertex -5.393592699430526 4.461967928240828 0
      vertex -5.393592699430526 4.461967928240828 4
      vertex -5.250777487413217 4.629183057265563 4
    endloop
  endfacet
  facet normal -0.7396310949786097 0.6730125135097733 0
    outer loop
      vertex -5.250777487413217 4.629183057265563 0
      vertex -5.250777487413217 4.629183057265563 4
      vertex -5.1027803919498815 4.79182974150082 4
    endloop
  endfacet
  facet normal -0.718126297763189 0.6959127965923142 0
    outer loop
      vertex -5.1027803919498815 4.79182974150082 0
      vertex -5.1027803919498815 4.79182974150082 4
      vertex -4.949747468305833 4.949747468305833 4
    endloop
  endfacet
  facet normal 0 0 1
    outer loop
      vertex -4.755282581475767 1.545084971874737 4
      vertex -4.79182974150082 5.1027803919498815 4
      vertex -4.949747468305833 4.949747468305833 4
    endloop
  endfacet
  facet normal 0 0 1
    outer loop
      vertex -4.1354028713728095 2.8104168892606523 4
      vertex -4.045084971874737 2.938926261462366 4
      vertex -4.290349375570835 5.531085086629833 4
    endloop
  endfacet
  facet normal 0 0 1
    outer loop
      vertex -4.045084971874737 2.938926261462366 4
      vertex -3.950775061878451 3.0645352682648834 4
      vertex -4.114496766047312 5.663118960624632 4
    endloop
  endfacet
  facet normal 0 0 1
    outer loop
      vertex -3.950775061878451 3.0645352682648834 4
      vertex -3.852566213878947 3.1871199487434483 4
      vertex -4.114496766047312 5.663118960624632 4
    endloop
  endfacet
  facet normal 0 0 1
    outer loop
      vertex -4.588773128419906 1.9857394531739037 4
      vertex -4.629183057265563 5.250777487413217 4
      vertex -4.79182974150082 5.1027803919498815 4
    endloop
  endfacet
  facet normal 0 0 1
    outer loop
      vertex -4.455032620941839 2.2699524986977337 4
      vertex -4.461967928240828 5.393592699430526 4
      vertex -4.629183057265563 5.250777487413217 4
    endloop
  endfacet
  facet normal 0 0 1
    outer loop
      vertex -3.852566213878947 3.1871199487434483 4
      vertex -3.7505553481522975 3.3065593266182596 4
      vertex -3.9345836449649143 5.789564019921933 4
    endloop
  endfacet
  facet normal 0 0 1
    outer loop
      vertex -3.7505553481522975 3.3065593266182596 4
      vertex -3.6448431371070584 3.4227355296434423 4
      vertex -3.7507875648529776 5.910295478514104 4
    endloop
  endfacet
  facet normal 0 0 1
    outer loop
      vertex -3.6448431371070584 3.4227355296434423 4
      vertex -3.5355339059327378 3.5355339059327378 4
      vertex -3.7507875648529776 5.910295478514104 4
    endloop
  endfacet
  facet normal 0 0 1
    outer loop
      vertex -4.221639627510075 2.6791339748949836 4
      vertex -4.290349375570835 5.531085086629833 4
      vertex -4.461967928240828 5.393592699430526 4
    endloop
  endfacet
  facet normal 0 0 1
    outer loop
      vertex -3.5355339059327378 3.5355339059327378 4
      vertex -3.4227355296434423 3.6448431371070584 4
      vertex -3.5632899102525983 6.025194189027606 4
    endloop
  endfacet
  facet normal 0 0 1
    outer loop
      vertex -3.4227355296434423 3.6448431371070584 4
      vertex -3.3065593266182596 3.7505553481522975 4
      vertex -3.5632899102525983 6.025194189027606 4
    endloop
  endfacet
  facet normal 0 0 1
    outer loop
      vertex -4.045084971874737 2.938926261462366 4
      vertex -4.114496766047312 5.663118960624632 4
      vertex -4.290349375570835 5.531085086629833 4
    endloop
  endfacet
  facet normal 0 0 1
    outer loop
      vertex -3.852566213878947 3.1871199487434483 4
      vertex -3.9345836449649143 5.789564019921933 4
      vertex -4.114496766047312 5.663118960624632 4
    endloop
  endfacet
  facet normal 0 0 1
    outer loop
      vertex -3.3065593266182596 3.7505553481522975 4
      vertex -3.1871199487434483 3.852566213878947 4
      vertex -3.3722757187120065 6.134146760307045 4
    endloop
  endfacet
  facet normal 0 0 1
    outer loop
      vertex -3.1871199487434483 3.852566213878947 4
      vertex -3.0645352682648817 3.950775061878452 4
      vertex -3.3722757187120065 6.134146760307045 4
    endloop
  endfacet
  facet normal 0 0 1
    outer loop
      vertex -3.0645352682648817 3.950775061878452 4
      vertex -2.938926261462366 4.045084971874737 4
      vertex -3.1779334981768272 6.237045669318575 4
    endloop
  endfacet
  facet normal 0 0 1
    outer loop
      vertex -2.938926261462366 4.045084971874737 4
      vertex -2.8104168892606527 4.1354028713728095 4
      vertex -2.980455040955509 6.333789367262137 4
    endloop
  endfacet
  facet normal 0 0 1
    outer loop
      vertex -2.8104168892606527 4.1354028713728095 4
      vertex -2.6791339748949836 4.221639627510075 4
      vertex -2.980455040955509 6.333789367262137 4
    endloop
  endfacet
  facet normal 0 0 1
    outer loop
      vertex -2.6791339748949836 4.221639627510075 4
      vertex -2.545207078751856 4.303710135019719 4
      vertex -2.7800352344434653 6.424282379787868 4
    endloop
  endfacet
  facet normal 0 0 -1
    outer loop
      vertex -3.603502436354283 3.4653958234674667 0
      vertex -3.9345836449649143 5.789564019921933 0
      vertex -3.7507875648529776 5.910295478514104 0
    endloop
  endfacet
  facet normal 0 0 -1
    outer loop
      vertex -3.603502436354283 3.4653958234674667 0
      vertex -3.7507875648529776 5.910295478514104 0
      vertex -3.5632899102525983 6.025194189027606 0
    endloop
  endfacet
  facet normal 0 0 -1
    outer loop
      vertex -2.576871868792745 2.2880327914101968 0
      vertex -2.576871868792745 6.50843540121776 0
      vertex -2.3711654417170394 6.586165382679578 0
    endloop
  endfacet
  facet normal 0 0 -1
    outer loop
      vertex -1.740829210153984 6.7800821279004175 0
      vertex -1.5270026897757971 6.831417333571232 0
      vertex -1.7418233311147469 1.7929080715867725 0
    endloop
  endfacet
  facet normal 0 0 -1
    outer loop
      vertex -2.1631189606246317 2.345642259691426 0
      vertex -2.1631189606246317 6.657395614066075 0
      vertex -1.9529377422746053 6.722055799738602 0
    endloop
  endfacet
  facet normal 0 0 -1
    outer loop
      vertex -3.0173336858873805 3.986215012396516 0
      vertex -3.1779334981768272 6.237045669318575 0
      vertex -2.980455040955509 6.333789367262137 0
    endloop
  endfacet
  facet normal 0 0 -1
    outer loop
      vertex -1.5270026897757971 6.831417333571232 0
      vertex -1.311669202100072 6.876010755100821 0
      vertex -1.4052084446303263 2.0677014356864047 0
    endloop
  endfacet
  facet normal 0 0 -1
    outer loop
      vertex -1.095041255281616 4.604265329613509 0
      vertex -1.1271349172555252 4.870840450924142 0
      vertex -1.095041255281616 6.913818384165964 0
    endloop
  endfacet
  facet normal 0 0 -1
    outer loop
      vertex -0.43953363670519296 6.986187098997901 0
      vertex -0.21987531354689777 6.996545922560121 0
      vertex -0.3133330839107607 2.4802867532861947 0
    endloop
  endfacet
  facet normal 0 0 -1
    outer loop
      vertex -0.6587581932295999 2.917699751778033 0
      vertex -0.6587581932296009 6.9689337522215595 0
      vertex -0.43953363670519296 6.986187098997901 0
    endloop
  endfacet
  facet normal 0 0 -1
    outer loop
      vertex -0.21987531354689777 6.996545922560121 0
      vertex 0 7 0
      vertex 0 2.5 0
    endloop
  endfacet
  facet normal 0 0 -1
    outer loop
      vertex -2.6121509053071383 4.2626869053455385 0
      vertex -2.7800352344434653 6.424282379787868 0
      vertex -2.576871868792745 6.50843540121776 0
    endloop
  endfacet
  facet normal 0 0 -1
    outer loop
      vertex -2.1971562113597467 4.490695154125123 0
      vertex -2.3711654417170394 6.586165382679578 0
      vertex -2.1631189606246317 6.657395614066075 0
    endloop
  endfacet
  facet normal 0 0 -1
    outer loop
      vertex -1.77391277769071 4.674090032470651 0
      vertex -1.9529377422746053 6.722055799738602 0
      vertex -1.740829210153984 6.7800821279004175 0
    endloop
  endfacet
  facet normal 0 0 -1
    outer loop
      vertex -1.1271349172555252 4.870840450924142 0
      vertex -1.311669202100072 6.876010755100821 0
      vertex -1.095041255281616 6.913818384165964 0
    endloop
  endfacet
  facet normal 0 0 -1
    outer loop
      vertex -1.095041255281616 4.604265329613509 0
      vertex -1.095041255281616 6.913818384165964 0
      vertex -0.87733263495013 6.9448029092013455 0
    endloop
  endfacet
  facet normal -0.6959127965923142 0.718126297763189 0
    outer loop
      vertex -4.949747468305833 4.949747468305833 0
      vertex -4.949747468305833 4.949747468305833 4
      vertex -4.79182974150082 5.1027803919498815 0
    endloop
  endfacet
  facet normal -0.6730125135097733 0.7396310949786097 0
    outer loop
      vertex -4.79182974150082 5.1027803919498815 0
      vertex -4.79182974150082 5.1027803919498815 4
      vertex -4.629183057265563 5.250777487413217 0
    endloop
  endfacet
  facet normal -0.6494480483301864 0.7604059656000284 0
    outer loop
      vertex -4.629183057265563 5.250777487413217 0
      vertex -4.629183057265563 5.250777487413217 4
      vertex -4.461967928240828 5.393592699430526 0
    endloop
  endfacet
  facet normal -0.6252426563357023 0.780430407338332 0
    outer loop
      vertex -4.461967928240828 5.393592699430526 0
      vertex -4.461967928240828 5.393592699430526 4
      vertex -4.290349375570835 5.531085086629833 0
    endloop
  endfacet
  facet normal -0.6004202253258839 0.7996846584870906 0
    outer loop
      vertex -4.290349375570835 5.531085086629833 0
      vertex -4.290349375570835 5.531085086629833 4
      vertex -4.114496766047312 5.663118960624632 0
    endloop
  endfacet
  facet normal -0.575005252043279 0.8181497174250231 0
    outer loop
      vertex -4.114496766047312 5.663118960624632 0
      vertex -4.114496766047312 5.663118960624632 4
      vertex -3.9345836449649143 5.789564019921933 0
    endloop
  endfacet
  facet normal -0.5490228179981301 0.8358073613682714 0
    outer loop
      vertex -3.9345836449649143 5.789564019921933 0
      vertex -3.9345836449649143 5.789564019921933 4
      vertex -3.7507875648529776 5.910295478514104 0
    endloop
  endfacet
  facet normal -0.5224985647159501 0.8526401643540915 0
    outer loop
      vertex -3.7507875648529776 5.910295478514104 0
      vertex -3.7507875648529776 5.910295478514104 4
      vertex -3.5632899102525983 6.025194189027606 0
    endloop
  endfacet
  facet normal -0.49545866843240677 0.8686315144381916 0
    outer loop
      vertex -3.5632899102525983 6.025194189027606 0
      vertex -3.5632899102525983 6.025194189027606 4
      vertex -3.3722757187120065 6.134146760307045 0
    endloop
  endfacet
  facet normal -0.46792981426057306 0.8837656300886936 0
    outer loop
      vertex -3.3722757187120065 6.134146760307045 0
      vertex -3.3722757187120065 6.134146760307045 4
      vertex -3.1779334981768272 6.237045669318575 0
    endloop
  endfacet
  facet normal 0 0 -1
    outer loop
      vertex -0.6904506437701888 4.951495631342227 0
      vertex -0.87733263495013 6.9448029092013455 0
      vertex -0.6587581932296009 6.9689337522215595 0
    endloop
  endfacet
  facet normal -0.43993916985591613 0.8980275757606151 0
    outer loop
      vertex -3.1779334981768272 6.237045669318575 0
      vertex -3.1779334981768272 6.237045669318575 4
      vertex -2.980455040955509 6.333789367262137 0
    endloop
  endfacet
  facet normal -0.41151435860510915 0.9114032766354451 0
    outer loop
      vertex -2.980455040955509 6.333789367262137 0
      vertex -2.980455040955509 6.333789367262137 4
      vertex -2.7800352344434653 6.424282379787868 0
    endloop
  endfacet
  facet normal -0.38268343236508845 0.9238795325112874 0
    outer loop
      vertex -2.7800352344434653 6.424282379787868 0
      vertex -2.7800352344434653 6.424282379787868 4
      vertex -2.576871868792745 6.50843540121776 0
    endloop
  endfacet
  facet normal -0.35347484377925664 0.9354440308298675 0
    outer loop
      vertex -2.576871868792745 6.50843540121776 0
      vertex -2.576871868792745 6.50843540121776 4
      vertex -2.3711654417170394 6.586165382679578 0
    endloop
  endfacet
  facet normal -0.3239174181981488 0.9460853588275455 0
    outer loop
      vertex -2.3711654417170394 6.586165382679578 0
      vertex -2.3711654417170394 6.586165382679578 4
      vertex -2.1631189606246317 6.657395614066075 0
    endloop
  endfacet
  facet normal -0.2940403252323073 0.955793014798329 0
    outer loop
      vertex -2.1631189606246317 6.657395614066075 0
      vertex -2.1631189606246317 6.657395614066075 4
      vertex -1.9529377422746053 6.722055799738602 0
    endloop
  endfacet
  facet normal -0.2638730499653708 0.9645574184577986 0
    outer loop
      vertex -1.9529377422746053 6.722055799738602 0
      vertex -1.9529377422746053 6.722055799738602 4
      vertex -1.740829210153984 6.7800821279004175 0
    endloop
  endfacet
  facet normal -0.23344536385590656 0.9723699203976762 0
    outer loop
      vertex -1.740829210153984 6.7800821279004175 0
      vertex -1.740829210153984 6.7800821279004175 4
      vertex -1.5270026897757971 6.831417333571232 0
    endloop
  endfacet
  facet normal -0.2027872953565124 0.9792228106217657 0
    outer loop
      vertex -1.5270026897757971 6.831417333571232 0
      vertex -1.5270026897757971 6.831417333571232 4
      vertex -1.311669202100072 6.876010755100821 0
    endloop
  endfacet
  facet normal -0.17192910027940844 0.985109326154774 0
    outer loop
      vertex -1.311669202100072 6.876010755100821 0
      vertex -1.311669202100072 6.876010755100821 4
      vertex -1.095041255281616 6.913818384165964 0
    endloop
  endfacet
  facet normal -0.14090123193758639 0.990023657716557 0
    outer loop
      vertex -1.095041255281616 6.913818384165964 0
      vertex -1.095041255281616 6.913818384165964 4
      vertex -0.87733263495013 6.9448029092013455 0
    endloop
  endfacet
  facet normal -0.10973431109104005 0.9939609554551803 0
    outer loop
      vertex -0.87733263495013 6.9448029092013455 0
      vertex -0.87733263495013 6.9448029092013455 4
      vertex -0.6587581932296009 6.9689337522215595 0
    endloop
  endfacet
  facet normal -0.07845909572784589 0.9969173337331279 0
    outer loop
      vertex -0.6587581932296009 6.9689337522215595 0
      vertex -0.6587581932296009 6.9689337522215595 4
      vertex -0.43953363670519296 6.986187098997901 0
    endloop
  endfacet
  facet normal -0.0471064507096442 0.9988898749619698 0
    outer loop
      vertex -0.43953363670519296 6.986187098997901 0
      vertex -0.43953363670519296 6.986187098997901 4
      vertex -0.21987531354689777 6.996545922560121 0
    endloop
  endfacet
  facet normal -0.015707317311820335 0.9998766324816606 0
    outer loop
      vertex -0.21987531354689777 6.996545922560121 0
      vertex -0.21987531354689777 6.996545922560121 4
      vertex 0 7 0
    endloop
  endfacet
  facet normal -0.6959127965923142 0.718126297763189 0
    outer loop
      vertex -4.949747468305833 4.949747468305833 4
      vertex -4.79182974150082 5.1027803919498815 4
      vertex -4.79182974150082 5.1027803919498815 0
    endloop
  endfacet
  facet normal -0.6730125135097733 0.7396310949786097 0
    outer loop
      vertex -4.629183057265563 5.250777487413217 0
      vertex -4.79182974150082 5.1027803919498815 4
      vertex -4.629183057265563 5.250777487413217 4
    endloop
  endfacet
  facet normal -0.6494480483301864 0.7604059656000284 0
    outer loop
      vertex -4.461967928240828 5.393592699430526 0
      vertex -4.629183057265563 5.250777487413217 4
      vertex -4.461967928240828 5.393592699430526 4
    endloop
  endfacet
  facet normal -0.6252426563357023 0.780430407338332 0
    outer loop
      vertex -4.290349375570835 5.531085086629833 0
      vertex -4.461967928240828 5.393592699430526 4
      vertex -4.290349375570835 5.531085086629833 4
    endloop
  endfacet
  facet normal -0.6004202253258839 0.7996846584870906 0
    outer loop
      vertex -4.114496766047312 5.663118960624632 0
      vertex -4.290349375570835 5.531085086629833 4
      vertex -4.114496766047312 5.663118960624632 4
    endloop
  endfacet
  facet normal -0.575005252043279 0.8181497174250231 0
    outer loop
      vertex -3.9345836449649143 5.789564019921933 0
      vertex -4.114496766047312 5.663118960624632 4
      vertex -3.9345836449649143 5.789564019921933 4
    endloop
  endfacet
  facet normal -0.5490228179981301 0.8358073613682714 0
    outer loop
      vertex -3.7507875648529776 5.910295478514104 0
      vertex -3.9345836449649143 5.789564019921933 4
      vertex -3.7507875648529776 5.910295478514104 4
    endloop
  endfacet
  facet normal -0.5224985647159501 0.8526401643540915 0
    outer loop
      vertex -3.5632899102525983 6.025194189027606 0
      vertex -3.7507875648529776 5.910295478514104 4
      vertex -3.5632899102525983 6.025194189027606 4
    endloop
  endfacet
  facet normal -0.49545866843240677 0.8686315144381916 0
    outer loop
      vertex -3.3722757187120065 6.134146760307045 0
      vertex -3.5632899102525983 6.025194189027606 4
      vertex -3.3722757187120065 6.134146760307045 4
    endloop
  endfacet
  facet normal -0.46792981426057306 0.8837656300886936 0
    outer loop
      vertex -3.1779334981768272 6.237045669318575 0
      vertex -3.3722757187120065 6.134146760307045 4
      vertex -3.1779334981768272 6.237045669318575 4
    endloop
  endfacet
  facet normal 0 0 1
    outer loop
      vertex -3.7505553481522975 3.3065593266182596 4
      vertex -3.7507875648529776 5.910295478514104 4
      vertex -3.9345836449649143 5.789564019921933 4
    endloop
  endfacet
  facet normal 0 0 1
    outer loop
      vertex -3.5355339059327378 3.5355339059327378 4
      vertex -3.5632899102525983 6.025194189027606 4
      vertex -3.7507875648529776 5.910295478514104 4
    endloop
  endfacet
  facet normal 0 0 1
    outer loop
      vertex -3.3065593266182596 3.7505553481522975 4
      vertex -3.3722757187120065 6.134146760307045 4
      vertex -3.5632899102525983 6.025194189027606 4
    endloop
  endfacet
  facet normal 0 0 1
    outer loop
      vertex -2.545207078751856 4.303710135019719 4
      vertex -2.408768370508576 4.381533400219318 4
      vertex -2.576871868792745 6.50843540121776 4
    endloop
  endfacet
  facet normal 0 0 1
    outer loop
      vertex -2.408768370508576 4.381533400219318 4
      vertex -2.2699524986977337 4.455032620941839 4
      vertex -2.576871868792745 6.50843540121776 4
    endloop
  endfacet
  facet normal 0 0 1
    outer loop
      vertex -2.2699524986977337 4.455032620941839 4
      vertex -2.1288964578253635 4.524135262330097 4
      vertex -2.3711654417170394 6.586165382679578 4
    endloop
  endfacet
  facet normal 0 0 1
    outer loop
      vertex -2.1288964578253635 4.524135262330097 4
      vertex -1.9857394531739037 4.588773128419906 4
      vertex -2.1631189606246317 6.657395614066075 4
    endloop
  endfacet
  facet normal 0 0 1
    outer loop
      vertex -1.9857394531739037 4.588773128419906 4
      vertex -1.8406227634233894 4.648882429441257 4
      vertex -2.1631189606246317 6.657395614066075 4
    endloop
  endfacet
  facet normal 0 0 1
    outer loop
      vertex -3.0645352682648817 3.950775061878452 4
      vertex -3.1779334981768272 6.237045669318575 4
      vertex -3.3722757187120065 6.134146760307045 4
    endloop
  endfacet
  facet normal 0 0 1
    outer loop
      vertex -2.938926261462366 4.045084971874737 4
      vertex -2.980455040955509 6.333789367262137 4
      vertex -3.1779334981768272 6.237045669318575 4
    endloop
  endfacet
  facet normal 0 0 1
    outer loop
      vertex -1.8406227634233894 4.648882429441257 4
      vertex -1.6936896012264566 4.704403844771127 4
      vertex -1.9529377422746053 6.722055799738602 4
    endloop
  endfacet
  facet normal 0 0 1
    outer loop
      vertex -1.6936896012264566 4.704403844771127 4
      vertex -1.545084971874737 4.755282581475767 4
      vertex -1.740829210153984 6.7800821279004175 4
    endloop
  endfacet
  facet normal 0 0 1
    outer loop
      vertex -1.545084971874737 4.755282581475767 4
      vertex -1.3949555301961467 4.801468428384715 4
      vertex -1.740829210153984 6.7800821279004175 4
    endloop
  endfacet
  facet normal 0 0 1
    outer loop
      vertex -1.3949555301961467 4.801468428384715 4
      vertex -1.2434494358242743 4.842915805643155 4
      vertex -1.5270026897757971 6.831417333571232 4
    endloop
  endfacet
  facet normal 0 0 1
    outer loop
      vertex -1.2434494358242743 4.842915805643155 4
      vertex -1.0907162069827123 4.879583809693737 4
      vertex -1.311669202100072 6.876010755100821 4
    endloop
  endfacet
  facet normal 0 0 1
    outer loop
      vertex -1.0907162069827123 4.879583809693737 4
      vertex -0.9369065729286229 4.911436253643443 4
      vertex -1.095041255281616 6.913818384165964 4
    endloop
  endfacet
  facet normal 0 0 1
    outer loop
      vertex -0.9369065729286229 4.911436253643443 4
      vertex -0.7821723252011543 4.938441702975689 4
      vertex -1.095041255281616 6.913818384165964 4
    endloop
  endfacet
  facet normal 0 0 1
    outer loop
      vertex -0.7821723252011543 4.938441702975689 4
      vertex -0.6266661678215214 4.9605735065723895 4
      vertex -0.87733263495013 6.9448029092013455 4
    endloop
  endfacet
  facet normal 0 0 1
    outer loop
      vertex -2.6791339748949836 4.221639627510075 4
      vertex -2.7800352344434653 6.424282379787868 4
      vertex -2.980455040955509 6.333789367262137 4
    endloop
  endfacet
  facet normal 0 0 1
    outer loop
      vertex -2.545207078751856 4.303710135019719 4
      vertex -2.576871868792745 6.50843540121776 4
      vertex -2.7800352344434653 6.424282379787868 4
    endloop
  endfacet
  facet normal 0 0 1
    outer loop
      vertex -2.2699524986977337 4.455032620941839 4
      vertex -2.3711654417170394 6.586165382679578 4
      vertex -2.576871868792745 6.50843540121776 4
    endloop
  endfacet
  facet normal 0 0 1
    outer loop
      vertex -2.1288964578253635 4.524135262330097 4
      vertex -2.1631189606246317 6.657395614066075 4
      vertex -2.3711654417170394 6.586165382679578 4
    endloop
  endfacet
  facet normal 0 0 1
    outer loop
      vertex -1.8406227634233894 4.648882429441257 4
      vertex -1.9529377422746053 6.722055799738602 4
      vertex -2.1631189606246317 6.657395614066075 4
    endloop
  endfacet
  facet normal 0 0 1
    outer loop
      vertex -1.6936896012264566 4.704403844771127 4
      vertex -1.740829210153984 6.7800821279004175 4
      vertex -1.9529377422746053 6.722055799738602 4
    endloop
  endfacet
  facet normal 0 0 1
    outer loop
      vertex -0.6266661678215214 4.9605735065723895 4
      vertex -0.4705415665925721 4.9778098230154 4
      vertex -0.6587581932296009 6.9689337522215595 4
    endloop
  endfacet
  facet normal 0 0 1
    outer loop
      vertex -0.4705415665925721 4.9778098230154 4
      vertex -0.31395259764656636 4.990133642141358 4
      vertex -0.6587581932296009 6.9689337522215595 4
    endloop
  endfacet
  facet normal 0 0 1
    outer loop
      vertex -0.31395259764656636 4.990133642141358 4
      vertex -0.15705379539064124 4.997532801828658 4
      vertex -0.43953363670519296 6.986187098997901 4
    endloop
  endfacet
  facet normal 0 0 1
    outer loop
      vertex -0.15705379539064124 4.997532801828658 4
      vertex 0 5 4
      vertex -0.21987531354689777 6.996545922560121 4
    endloop
  endfacet
  facet normal 0 0 1
    outer loop
      vertex -1.3949555301961467 4.801468428384715 4
      vertex -1.5270026897757971 6.831417333571232 4
      vertex -1.740829210153984 6.7800821279004175 4
    endloop
  endfacet
  facet normal 0 0 1
    outer loop
      vertex -1.2434494358242743 4.842915805643155 4
      vertex -1.311669202100072 6.876010755100821 4
      vertex -1.5270026897757971 6.831417333571232 4
    endloop
  endfacet
  facet normal 0 0 1
    outer loop
      vertex -1.0907162069827123 4.879583809693737 4
      vertex -1.095041255281616 6.913818384165964 4
      vertex -1.311669202100072 6.876010755100821 4
    endloop
  endfacet
  facet normal -0.43993916985591613 0.8980275757606151 0
    outer loop
      vertex -2.980455040955509 6.333789367262137 0
      vertex -3.1779334981768272 6.237045669318575 4
      vertex -2.980455040955509 6.333789367262137 4
    endloop
  endfacet
  facet normal -0.41151435860510915 0.9114032766354451 0
    outer loop
      vertex -2.7800352344434653 6.424282379787868 0
      vertex -2.980455040955509 6.333789367262137 4
      vertex -2.7800352344434653 6.424282379787868 4
    endloop
  endfacet
  facet normal -0.38268343236508845 0.9238795325112874 0
    outer loop
      vertex -2.576871868792745 6.50843540121776 0
      vertex -2.7800352344434653 6.424282379787868 4
      vertex -2.576871868792745 6.50843540121776 4
    endloop
  endfacet
  facet normal -0.35347484377925664 0.9354440308298675 0
    outer loop
      vertex -2.3711654417170394 6.586165382679578 0
      vertex -2.576871868792745 6.50843540121776 4
      vertex -2.3711654417170394 6.586165382679578 4
    endloop
  endfacet
  facet normal -0.3239174181981488 0.9460853588275455 0
    outer loop
      vertex -2.1631189606246317 6.657395614066075 0
      vertex -2.3711654417170394 6.586165382679578 4
      vertex -2.1631189606246317 6.657395614066075 4
    endloop
  endfacet
  facet normal -0.2940403252323073 0.955793014798329 0
    outer loop
      vertex -1.9529377422746053 6.722055799738602 0
      vertex -2.1631189606246317 6.657395614066075 4
      vertex -1.9529377422746053 6.722055799738602 4
    endloop
  endfacet
  facet normal -0.2638730499653708 0.9645574184577986 0
    outer loop
      vertex -1.740829210153984 6.7800821279004175 0
      vertex -1.9529377422746053 6.722055799738602 4
      vertex -1.740829210153984 6.7800821279004175 4
    endloop
  endfacet
  facet normal -0.23344536385590656 0.9723699203976762 0
    outer loop
      vertex -1.5270026897757971 6.831417333571232 0
      vertex -1.740829210153984 6.7800821279004175 4
      vertex -1.5270026897757971 6.831417333571232 4
    endloop
  endfacet
  facet normal -0.2027872953565124 0.9792228106217657 0
    outer loop
      vertex -1.311669202100072 6.876010755100821 0
      vertex -1.5270026897757971 6.831417333571232 4
      vertex -1.311669202100072 6.876010755100821 4
    endloop
  endfacet
  facet normal -0.17192910027940844 0.985109326154774 0
    outer loop
      vertex -1.095041255281616 6.913818384165964 0
      vertex -1.311669202100072 6.876010755100821 4
      vertex -1.095041255281616 6.913818384165964 4
    endloop
  endfacet
  facet normal -0.14090123193758639 0.990023657716557 0
    outer loop
      vertex -0.87733263495013 6.9448029092013455 0
      vertex -1.095041255281616 6.913818384165964 4
      vertex -0.87733263495013 6.9448029092013455 4
    endloop
  endfacet
  facet normal -0.10973431109104005 0.9939609554551803 0
    outer loop
      vertex -0.6587581932296009 6.9689337522215595 0
      vertex -0.87733263495013 6.9448029092013455 4
      vertex -0.6587581932296009 6.9689337522215595 4
    endloop
  endfacet
  facet normal -0.07845909572784589 0.9969173337331279 0
    outer loop
      vertex -0.43953363670519296 6.986187098997901 0
      vertex -0.6587581932296009 6.9689337522215595 4
      vertex -0.43953363670519296 6.986187098997901 4
    endloop
  endfacet
  facet normal -0.0471064507096442 0.9988898749619698 0
    outer loop
      vertex -0.21987531354689777 6.996545922560121 0
      vertex -0.43953363670519296 6.986187098997901 4
      vertex -0.21987531354689777 6.996545922560121 4
    endloop
  endfacet
  facet normal -0.015707317311820335 0.9998766324816606 0
    outer loop
      vertex 0 7 0
      vertex -0.21987531354689777 6.996545922560121 4
      vertex 0 7 4
    endloop
  endfacet
  facet normal 0 0 1
    outer loop
      vertex -0.7821723252011543 4.938441702975689 4
      vertex -0.87733263495013 6.9448029092013455 4
      vertex -1.095041255281616 6.913818384165964 4
    endloop
  endfacet
  facet normal 0 0 1
    outer loop
      vertex -0.6266661678215214 4.9605735065723895 4
      vertex -0.6587581932296009 6.9689337522215595 4
      vertex -0.87733263495013 6.9448029092013455 4
    endloop
  endfacet
  facet normal 0 0 1
    outer loop
      vertex -0.31395259764656636 4.990133642141358 4
      vertex -0.43953363670519296 6.986187098997901 4
      vertex -0.6587581932296009 6.9689337522215595 4
    endloop
  endfacet
  facet normal 0 0 1
    outer loop
      vertex -0.15705379539064124 4.997532801828658 4
      vertex -0.21987531354689777 6.996545922560121 4
      vertex -0.43953363670519296 6.986187098997901 4
    endloop
  endfacet
  facet normal 0 0 1
    outer loop
      vertex 0 5 4
      vertex 0 7 4
      vertex -0.21987531354689777 6.996545922560121 4
    endloop
  endfacet
  facet normal 0 0 -1
    outer loop
      vertex 97.4029851026711 -9.981724033755238 0
      vertex 98 -10 0
      vertex 97.68589240921871 -9.995065603657316 0
    endloop
  endfacet
  facet normal 0 0 -1
    outer loop
      vertex 98 -10 0
      vertex 98.31410759078129 -7.492595968253993 0
      vertex 98.31410759078129 -9.995065603657316 0
    endloop
  endfacet
  facet normal 0 0 -1
    outer loop
      vertex 98.31410759078129 -9.995065603657316 0
      vertex 98.3534486702627 -7.490740690041743 0
      vertex 98.62790519529314 -9.980267284282716 0
    endloop
  endfacet
  facet normal 0 0 -1
    outer loop
      vertex 98.62790519529314 -9.980267284282716 0
      vertex 98.6673436735031 -7.469742285013943 0
      vertex 98.94108313318515 -9.9556196460308 0
    endloop
  endfacet
  facet normal 0 0 -1
    outer loop
      vertex 98.94108313318515 -9.9556196460308 0
      vertex 98.98067908071792 -7.435070662837934 0
      vertex 99.25333233564304 -9.921147013144779 0
    endloop
  endfacet
  facet normal 0 0 -1
    outer loop
      vertex 99.25333233564304 -9.921147013144779 0
      vertex 99.29314600082492 -7.386738833916424 0
      vertex 99.5643446504023 -9.876883405951379 0
    endloop
  endfacet
  facet normal 0 0 -1
    outer loop
      vertex 99.5643446504023 -9.876883405951379 0
      vertex 99.60441820712168 -7.325931378390266 0
      vertex 99.87381314585724 -9.822872507286887 0
    endloop
  endfacet
  facet normal 0 0 -1
    outer loop
      vertex 99.87381314585724 -9.822872507286887 0
      vertex 99.91421601737636 -7.2509573727577825 0
      vertex 100.18143241396542 -9.759167619387473 0
    endloop
  endfacet
  facet normal 0 0 -1
    outer loop
      vertex 100.18143241396542 -9.759167619387473 0
      vertex 100.22222769977469 -7.162272669961796 0
      vertex 100.48689887164855 -9.685831611286313 0
    endloop
  endfacet
  facet normal 0 0 -1
    outer loop
      vertex 100.48689887164855 -9.685831611286313 0
      vertex 100.528135363756 -7.060850906738167 0
      vertex 100.78991106039228 -9.602936856769432 0
    endloop
  endfacet
  facet normal -0.047106450709643234 -0.9988898749619699 0
    outer loop
      vertex 97.4029851026711 -9.981724033755238 0
      vertex 97.68589240921871 -9.995065603657316 0
      vertex 97.68589240921871 -9.995065603657316 4
    endloop
  endfacet
  facet normal -0.015707317311817518 -0.9998766324816607 0
    outer loop
      vertex 97.68589240921871 -9.995065603657316 0
      vertex 98 -10 0
      vertex 98 -10 4
    endloop
  endfacet
  facet normal 0.015707317311817518 -0.9998766324816607 0
    outer loop
      vertex 98 -10 0
      vertex 98.31410759078129 -9.995065603657316 0
      vertex 98.31410759078129 -9.995065603657316 4
    endloop
  endfacet
  facet normal 0.04710645070964458 -0.99888987496197 0
    outer loop
      vertex 98.31410759078129 -9.995065603657316 0
      vertex 98.62790519529314 -9.980267284282716 0
      vertex 98.62790519529314 -9.980267284282716 4
    endloop
  endfacet
  facet normal 0.07845909572784451 -0.996917333733128 0
    outer loop
      vertex 98.62790519529314 -9.980267284282716 0
      vertex 98.94108313318515 -9.9556196460308 0
      vertex 98.94108313318515 -9.9556196460308 4
    endloop
  endfacet
  facet normal 0.10973431109104803 -0.9939609554551794 0
    outer loop
      vertex 98.94108313318515 -9.9556196460308 0
      vertex 99.25333233564304 -9.921147013144779 0
      vertex 99.25333233564304 -9.921147013144779 4
    endloop
  endfacet
  facet normal 0.14090123193758008 -0.9900236577165579 0
    outer loop
      vertex 99.25333233564304 -9.921147013144779 0
      vertex 99.5643446504023 -9.876883405951379 0
      vertex 99.5643446504023 -9.876883405951379 4
    endloop
  endfacet
  facet normal 0.17192910027941508 -0.9851093261547729 0
    outer loop
      vertex 99.5643446504023 -9.876883405951379 0
      vertex 99.87381314585724 -9.822872507286887 0
      vertex 99.87381314585724 -9.822872507286887 4
    endloop
  endfacet
  facet normal 0.2027872953565133 -0.9792228106217656 0
    outer loop
      vertex 99.87381314585724 -9.822872507286887 0
      vertex 100.18143241396542 -9.759167619387473 0
      vertex 100.18143241396542 -9.759167619387473 4
    endloop
  endfacet
  facet normal 0.23344536385589568 -0.9723699203976788 0
    outer loop
      vertex 100.18143241396542 -9.759167619387473 0
      vertex 100.48689887164855 -9.685831611286313 0
      vertex 100.48689887164855 -9.685831611286313 4
    endloop
  endfacet
  facet normal 0.2638730499653801 -0.9645574184577961 0
    outer loop
      vertex 100.48689887164855 -9.685831611286313 0
      vertex 100.78991106039228 -9.602936856769432 0
      vertex 100.78991106039228 -9.602936856769432 4
    endloop
  endfacet
  facet normal 0 0 -1
    outer loop
      vertex 98.31410759078129 -9.995065603657316 0
      vertex 98.31410759078129 -7.492595968253993 0
      vertex 98.3534486702627 -7.490740690041743 0
    endloop
  endfacet
  facet normal 0 0 -1
    outer loop
      vertex 98.62790519529314 -9.980267284282716 0
      vertex 98.3534486702627 -7.490740690041743 0
      vertex 98.62790519529314 -7.472846160563632 0
    endloop
  endfacet
  facet normal 0 0 -1
    outer loop
      vertex 98.62790519529314 -9.980267284282716 0
      vertex 98.62790519529314 -7.472846160563632 0
      vertex 98.6673436735031 -7.469742285013943 0
    endloop
  endfacet
  facet normal 0 0 -1
    outer loop
      vertex 98.94108313318515 -9.9556196460308 0
      vertex 98.6673436735031 -7.469742285013943 0
      vertex 98.94108313318515 -7.440706000684277 0
    endloop
  endfacet
  facet normal 0 0 -1
    outer loop
      vertex 98.94108313318515 -9.9556196460308 0
      vertex 98.94108313318515 -7.440706000684277 0
      vertex 98.98067908071792 -7.435070662837934 0
    endloop
  endfacet
  facet normal 0 0 -1
    outer loop
      vertex 99.25333233564304 -9.921147013144779 0
      vertex 98.98067908071792 -7.435070662837934 0
      vertex 99.25333233564304 -7.3936874308404485 0
    endloop
  endfacet
  facet normal 0 0 -1
    outer loop
      vertex 99.25333233564304 -9.921147013144779 0
      vertex 99.25333233564304 -7.3936874308404485 0
      vertex 99.29314600082492 -7.386738833916424 0
    endloop
  endfacet
  facet normal 0 0 -1
    outer loop
      vertex 99.5643446504023 -9.876883405951379 0
      vertex 99.29314600082492 -7.386738833916424 0
      vertex 99.5643446504023 -7.334230213031668 0
    endloop
  endfacet
  facet normal 0 0 -1
    outer loop
      vertex 99.5643446504023 -9.876883405951379 0
      vertex 99.5643446504023 -7.334230213031668 0
      vertex 99.60441820712168 -7.325931378390266 0
    endloop
  endfacet
  facet normal 0 0 -1
    outer loop
      vertex 99.87381314585724 -9.822872507286887 0
      vertex 99.60441820712168 -7.325931378390266 0
      vertex 99.87381314585724 -7.262010347657042 0
    endloop
  endfacet
  facet normal 0 0 -1
    outer loop
      vertex 99.87381314585724 -9.822872507286887 0
      vertex 99.87381314585724 -7.262010347657042 0
      vertex 99.91421601737636 -7.2509573727577825 0
    endloop
  endfacet
  facet normal 0 0 -1
    outer loop
      vertex 100.18143241396542 -9.759167619387473 0
      vertex 99.91421601737636 -7.2509573727577825 0
      vertex 100.18143241396542 -7.1748229386094815 0
    endloop
  endfacet
  facet normal 0 0 -1
    outer loop
      vertex 100.18143241396542 -9.759167619387473 0
      vertex 100.18143241396542 -7.1748229386094815 0
      vertex 100.22222769977469 -7.162272669961796 0
    endloop
  endfacet
  facet normal 0 0 -1
    outer loop
      vertex 100.48689887164855 -9.685831611286313 0
      vertex 100.22222769977469 -7.162272669961796 0
      vertex 100.48689887164855 -7.0749693136391505 0
    endloop
  endfacet
  facet normal 0 0 -1
    outer loop
      vertex 100.48689887164855 -9.685831611286313 0
      vertex 100.48689887164855 -7.0749693136391505 0
      vertex 100.528135363756 -7.060850906738167 0
    endloop
  endfacet
  facet normal 0 0 -1
    outer loop
      vertex 100.78991106039228 -9.602936856769432 0
      vertex 100.528135363756 -7.060850906738167 0
      vertex 100.78991106039228 -6.961321012866614 0
    endloop
  endfacet
  facet normal 0 0 -1
    outer loop
      vertex 100.78991106039228 -9.602936856769432 0
      vertex 100.78991106039228 -6.961321012866614 0
      vertex 100.8316806724576 -6.944019473054099 0
    endloop
  endfacet
  facet normal 0.2940403252323054 -0.9557930147983297 0
    outer loop
      vertex 100.78991106039228 -9.602936856769432 0
      vertex 101.09016994374947 -9.510565162951535 0
      vertex 101.09016994374947 -9.510565162951535 4
    endloop
  endfacet
  facet normal 0.32391741819814174 -0.9460853588275479 0
    outer loop
      vertex 101.09016994374947 -9.510565162951535 0
      vertex 101.38737920245292 -9.408807689542254 0
      vertex 101.38737920245292 -9.408807689542254 4
    endloop
  endfacet
  facet normal 0.35347484377926425 -0.9354440308298646 0
    outer loop
      vertex 101.38737920245292 -9.408807689542254 0
      vertex 101.68124552684678 -9.297764858882513 0
      vertex 101.68124552684678 -9.297764858882513 4
    endloop
  endfacet
  facet normal 0.38268343236509134 -0.923879532511286 0
    outer loop
      vertex 101.68124552684678 -9.297764858882513 0
      vertex 101.9714789063478 -9.177546256839813 0
      vertex 101.9714789063478 -9.177546256839813 4
    endloop
  endfacet
  facet normal 0.41151435860510094 -0.9114032766354487 0
    outer loop
      vertex 101.9714789063478 -9.177546256839813 0
      vertex 102.25779291565073 -9.048270524660197 0
      vertex 102.25779291565073 -9.048270524660197 4
    endloop
  endfacet
  facet normal 0.4399391698559173 -0.8980275757606145 0
    outer loop
      vertex 102.25779291565073 -9.048270524660197 0
      vertex 102.53990499739547 -8.910065241883679 0
      vertex 102.53990499739547 -8.910065241883679 4
    endloop
  endfacet
  facet normal 0.4679298142605792 -0.8837656300886904 0
    outer loop
      vertex 102.53990499739547 -8.910065241883679 0
      vertex 102.81753674101715 -8.763066800438635 0
      vertex 102.81753674101715 -8.763066800438635 4
    endloop
  endfacet
  facet normal 0 0 -1
    outer loop
      vertex 100.78991106039228 -9.602936856769432 0
      vertex 100.8316806724576 -6.944019473054099 0
      vertex 101.09016994374947 -9.510565162951535 0
    endloop
  endfacet
  facet normal 0 0 -1
    outer loop
      vertex 101.09016994374947 -9.510565162951535 0
      vertex 101.13253633253227 -6.813658918199379 0
      vertex 101.38737920245292 -9.408807689542254 0
    endloop
  endfacet
  facet normal 0 0 -1
    outer loop
      vertex 101.38737920245292 -9.408807689542254 0
      vertex 101.68124552684678 -6.533460555341177 0
      vertex 101.68124552684678 -9.297764858882513 0
    endloop
  endfacet
  facet normal 0 0 -1
    outer loop
      vertex 101.68124552684678 -9.297764858882513 0
      vertex 101.72506331388796 -6.50846733087232 0
      vertex 101.9714789063478 -9.177546256839813 0
    endloop
  endfacet
  facet normal 0 0 -1
    outer loop
      vertex 101.9714789063478 -9.177546256839813 0
      vertex 102.01614853019593 -6.334023573696191 0
      vertex 102.25779291565073 -9.048270524660197 0
    endloop
  endfacet
  facet normal 0 0 -1
    outer loop
      vertex 102.25779291565073 -9.048270524660197 0
      vertex 102.3034580888688 -6.141374412960345 0
      vertex 102.53990499739547 -8.910065241883679 0
    endloop
  endfacet
  facet normal 0 0 -1
    outer loop
      vertex 101.09016994374947 -9.510565162951535 0
      vertex 100.8316806724576 -6.944019473054099 0
      vertex 101.09016994374947 -6.832788076227787 0
    endloop
  endfacet
  facet normal 0 0 -1
    outer loop
      vertex 101.09016994374947 -9.510565162951535 0
      vertex 101.09016994374947 -6.832788076227787 0
      vertex 101.13253633253227 -6.813658918199379 0
    endloop
  endfacet
  facet normal 0 0 -1
    outer loop
      vertex 102.53990499739547 -8.910065241883679 0
      vertex 102.5866602550422 -5.93377790786184 0
      vertex 102.81753674101715 -8.763066800438635 0
    endloop
  endfacet
  facet normal 0 0 -1
    outer loop
      vertex 102.81753674101715 -8.763066800438635 0
      vertex 102.86555534648694 -5.7063588610460565 0
      vertex 103.09041415750372 -8.607420270039434 0
    endloop
  endfacet
  facet normal 0.4954586684324038 -0.8686315144381933 0
    outer loop
      vertex 102.81753674101715 -8.763066800438635 0
      vertex 103.09041415750372 -8.607420270039434 0
      vertex 103.09041415750372 -8.607420270039434 4
    endloop
  endfacet
  facet normal 0.5224985647159478 -0.8526401643540927 0
    outer loop
      vertex 103.09041415750372 -8.607420270039434 0
      vertex 103.35826794978996 -8.443279255020153 0
      vertex 103.35826794978996 -8.443279255020153 4
    endloop
  endfacet
  facet normal 0.5490228179981348 -0.8358073613682683 0
    outer loop
      vertex 103.35826794978996 -8.443279255020153 0
      vertex 103.6208337785213 -8.270805742745619 0
      vertex 103.6208337785213 -8.270805742745619 4
    endloop
  endfacet
  facet normal 0.5750052520432805 -0.8181497174250221 0
    outer loop
      vertex 103.6208337785213 -8.270805742745619 0
      vertex 103.87785252292473 -8.090169943749475 0
      vertex 103.87785252292473 -8.090169943749475 4
    endloop
  endfacet
  facet normal 0.6004202253258778 -0.7996846584870951 0
    outer loop
      vertex 103.87785252292473 -8.090169943749475 0
      vertex 104.12907053652977 -7.901550123756902 0
      vertex 104.12907053652977 -7.901550123756902 4
    endloop
  endfacet
  facet normal 0.6252426563357012 -0.7804304073383329 0
    outer loop
      vertex 104.12907053652977 -7.901550123756902 0
      vertex 104.3742398974869 -7.70513242775789 0
      vertex 104.3742398974869 -7.70513242775789 4
    endloop
  endfacet
  facet normal 0.6494480483301922 -0.7604059656000236 0
    outer loop
      vertex 104.3742398974869 -7.70513242775789 0
      vertex 104.61311865323651 -7.501110696304599 0
      vertex 104.61311865323651 -7.501110696304599 4
    endloop
  endfacet
  facet normal -0.047106450709643234 -0.9988898749619699 0
    outer loop
      vertex 97.4029851026711 -9.981724033755238 0
      vertex 97.68589240921871 -9.995065603657316 4
      vertex 97.4029851026711 -9.981724033755238 4
    endloop
  endfacet
  facet normal -0.015707317311817518 -0.9998766324816607 0
    outer loop
      vertex 97.68589240921871 -9.995065603657316 0
      vertex 98 -10 4
      vertex 97.68589240921871 -9.995065603657316 4
    endloop
  endfacet
  facet normal 0.015707317311817518 -0.9998766324816607 0
    outer loop
      vertex 98 -10 0
      vertex 98.31410759078129 -9.995065603657316 4
      vertex 98 -10 4
    endloop
  endfacet
  facet normal 0.04710645070964458 -0.99888987496197 0
    outer loop
      vertex 98.31410759078129 -9.995065603657316 0
      vertex 98.62790519529314 -9.980267284282716 4
      vertex 98.31410759078129 -9.995065603657316 4
    endloop
  endfacet
  facet normal 0.07845909572784451 -0.996917333733128 0
    outer loop
      vertex 98.62790519529314 -9.980267284282716 0
      vertex 98.94108313318515 -9.9556196460308 4
      vertex 98.62790519529314 -9.980267284282716 4
    endloop
  endfacet
  facet normal 0.10973431109104803 -0.9939609554551794 0
    outer loop
      vertex 98.94108313318515 -9.9556196460308 0
      vertex 99.25333233564304 -9.921147013144779 4
      vertex 98.94108313318515 -9.9556196460308 4
    endloop
  endfacet
  facet normal 0.14090123193758008 -0.9900236577165579 0
    outer loop
      vertex 99.25333233564304 -9.921147013144779 0
      vertex 99.5643446504023 -9.876883405951379 4
      vertex 99.25333233564304 -9.921147013144779 4
    endloop
  endfacet
  facet normal 0.17192910027941508 -0.9851093261547729 0
    outer loop
      vertex 99.5643446504023 -9.876883405951379 0
      vertex 99.87381314585724 -9.822872507286887 4
      vertex 99.5643446504023 -9.876883405951379 4
    endloop
  endfacet
  facet normal 0.2027872953565133 -0.9792228106217656 0
    outer loop
      vertex 99.87381314585724 -9.822872507286887 0
      vertex 100.18143241396542 -9.759167619387473 4
      vertex 99.87381314585724 -9.822872507286887 4
    endloop
  endfacet
  facet normal 0.23344536385589568 -0.9723699203976788 0
    outer loop
      vertex 100.18143241396542 -9.759167619387473 0
      vertex 100.48689887164855 -9.685831611286313 4
      vertex 100.18143241396542 -9.759167619387473 4
    endloop
  endfacet
  facet normal 0.2638730499653801 -0.9645574184577961 0
    outer loop
      vertex 100.48689887164855 -9.685831611286313 0
      vertex 100.78991106039228 -9.602936856769432 4
      vertex 100.48689887164855 -9.685831611286313 4
    endloop
  endfacet
  facet normal 0 0 1
    outer loop
      vertex 97.4029851026711 -9.981724033755238 4
      vertex 97.68589240921871 -9.995065603657316 4
      vertex 97.46124206416559 -8.56331217110824 4
    endloop
  endfacet
  facet normal 0 0 1
    outer loop
      vertex 97.68589240921871 -9.995065603657316 4
      vertex 98 -10 4
      vertex 97.46124206416559 -8.56331217110824 4
    endloop
  endfacet
  facet normal 0 0 1
    outer loop
      vertex 98 -10 4
      vertex 98.31410759078129 -9.995065603657316 4
      vertex 98 -7.5 4
    endloop
  endfacet
  facet normal 0 0 1
    outer loop
      vertex 98.31410759078129 -9.995065603657316 4
      vertex 98.62790519529314 -9.980267284282716 4
      vertex 98.23558069308596 -7.496299202742987 4
    endloop
  endfacet
  facet normal 0 0 1
    outer loop
      vertex 98.62790519529314 -9.980267284282716 4
      vertex 98.94108313318515 -9.9556196460308 4
      vertex 98.47092889646986 -7.485200463212037 4
    endloop
  endfacet
  facet normal 0 0 1
    outer loop
      vertex 98.94108313318515 -9.9556196460308 4
      vertex 99.25333233564304 -9.921147013144779 4
      vertex 98.93999925173227 -7.440860259858584 4
    endloop
  endfacet
  facet normal 0 0 1
    outer loop
      vertex 99.25333233564304 -9.921147013144779 4
      vertex 99.5643446504023 -9.876883405951379 4
      vertex 99.17325848780173 -7.407662554463533 4
    endloop
  endfacet
  facet normal 0 0 1
    outer loop
      vertex 99.5643446504023 -9.876883405951379 4
      vertex 99.87381314585724 -9.822872507286887 4
      vertex 99.40535985939293 -7.3671543804651645 4
    endloop
  endfacet
  facet normal 0 0 1
    outer loop
      vertex 99.87381314585724 -9.822872507286887 4
      vertex 100.18143241396542 -9.759167619387473 4
      vertex 99.8651741537364 -7.264373708464734 4
    endloop
  endfacet
  facet normal 0 0 1
    outer loop
      vertex 100.18143241396542 -9.759167619387473 4
      vertex 100.48689887164855 -9.685831611286313 4
      vertex 100.09243329529421 -7.202202642577074 4
    endloop
  endfacet
  facet normal 0 0 1
    outer loop
      vertex 100.48689887164855 -9.685831611286313 4
      vertex 100.78991106039228 -9.602936856769432 4
      vertex 100.31762745781211 -7.132923872213651 4
    endloop
  endfacet
  facet normal 0 0 1
    outer loop
      vertex 98.31410759078129 -9.995065603657316 4
      vertex 98.23558069308596 -7.496299202742987 4
      vertex 98 -7.5 4
    endloop
  endfacet
  facet normal 0 0 1
    outer loop
      vertex 98.62790519529314 -9.980267284282716 4
      vertex 98.47092889646986 -7.485200463212037 4
      vertex 98.23558069308596 -7.496299202742987 4
    endloop
  endfacet
  facet normal 0 0 1
    outer loop
      vertex 98.94108313318515 -9.9556196460308 4
      vertex 98.70581234988886 -7.4667147345231 4
      vertex 98.47092889646986 -7.485200463212037 4
    endloop
  endfacet
  facet normal 0 0 1
    outer loop
      vertex 98.94108313318515 -9.9556196460308 4
      vertex 98.93999925173227 -7.440860259858584 4
      vertex 98.70581234988886 -7.4667147345231 4
    endloop
  endfacet
  facet normal 0 0 1
    outer loop
      vertex 99.25333233564304 -9.921147013144779 4
      vertex 99.17325848780173 -7.407662554463533 4
      vertex 98.93999925173227 -7.440860259858584 4
    endloop
  endfacet
  facet normal 0 0 1
    outer loop
      vertex 99.5643446504023 -9.876883405951379 4
      vertex 99.40535985939293 -7.3671543804651645 4
      vertex 99.17325848780173 -7.407662554463533 4
    endloop
  endfacet
  facet normal 0 0 1
    outer loop
      vertex 99.87381314585724 -9.822872507286887 4
      vertex 99.63607431047407 -7.319375714540605 4
      vertex 99.40535985939293 -7.3671543804651645 4
    endloop
  endfacet
  facet normal 0 0 1
    outer loop
      vertex 99.87381314585724 -9.822872507286887 4
      vertex 99.8651741537364 -7.264373708464734 4
      vertex 99.63607431047407 -7.319375714540605 4
    endloop
  endfacet
  facet normal 0 0 1
    outer loop
      vertex 100.18143241396542 -9.759167619387473 4
      vertex 100.09243329529421 -7.202202642577074 4
      vertex 99.8651741537364 -7.264373708464734 4
    endloop
  endfacet
  facet normal 0 0 1
    outer loop
      vertex 100.48689887164855 -9.685831611286313 4
      vertex 100.31762745781211 -7.132923872213651 4
      vertex 100.09243329529421 -7.202202642577074 4
    endloop
  endfacet
  facet normal 0 0 1
    outer loop
      vertex 100.78991106039228 -9.602936856769432 4
      vertex 100.5405344018397 -7.056605767156691 4
      vertex 100.31762745781211 -7.132923872213651 4
    endloop
  endfacet
  facet normal 0 0 1
    outer loop
      vertex 100.78991106039228 -9.602936856769432 4
      vertex 100.76093414513508 -6.973323644161884 4
      vertex 100.5405344018397 -7.056605767156691 4
    endloop
  endfacet
  facet normal 0.2940403252323054 -0.9557930147983297 0
    outer loop
      vertex 100.78991106039228 -9.602936856769432 0
      vertex 101.09016994374947 -9.510565162951535 4
      vertex 100.78991106039228 -9.602936856769432 4
    endloop
  endfacet
  facet normal 0.32391741819814174 -0.9460853588275479 0
    outer loop
      vertex 101.09016994374947 -9.510565162951535 0
      vertex 101.38737920245292 -9.408807689542254 4
      vertex 101.09016994374947 -9.510565162951535 4
    endloop
  endfacet
  facet normal 0.35347484377926425 -0.9354440308298646 0
    outer loop
      vertex 101.38737920245292 -9.408807689542254 0
      vertex 101.68124552684678 -9.297764858882513 4
      vertex 101.38737920245292 -9.408807689542254 4
    endloop
  endfacet
  facet normal 0.38268343236509134 -0.923879532511286 0
    outer loop
      vertex 101.68124552684678 -9.297764858882513 0
      vertex 101.9714789063478 -9.177546256839813 4
      vertex 101.68124552684678 -9.297764858882513 4
    endloop
  endfacet
  facet normal 0.41151435860510094 -0.9114032766354487 0
    outer loop
      vertex 101.9714789063478 -9.177546256839813 0
      vertex 102.25779291565073 -9.048270524660197 4
      vertex 101.9714789063478 -9.177546256839813 4
    endloop
  endfacet
  facet normal 0.4399391698559173 -0.8980275757606145 0
    outer loop
      vertex 102.25779291565073 -9.048270524660197 0
      vertex 102.53990499739547 -8.910065241883679 4
      vertex 102.25779291565073 -9.048270524660197 4
    endloop
  endfacet
  facet normal 0.4679298142605792 -0.8837656300886904 0
    outer loop
      vertex 102.53990499739547 -8.910065241883679 0
      vertex 102.81753674101715 -8.763066800438635 4
      vertex 102.53990499739547 -8.910065241883679 4
    endloop
  endfacet
  facet normal 0.4954586684324038 -0.8686315144381933 0
    outer loop
      vertex 102.81753674101715 -8.763066800438635 0
      vertex 103.09041415750372 -8.607420270039434 4
      vertex 102.81753674101715 -8.763066800438635 4
    endloop
  endfacet
  facet normal 0.5224985647159478 -0.8526401643540927 0
    outer loop
      vertex 103.09041415750372 -8.607420270039434 0
      vertex 103.35826794978996 -8.443279255020153 4
      vertex 103.09041415750372 -8.607420270039434 4
    endloop
  endfacet
  facet normal 0.5490228179981348 -0.8358073613682683 0
    outer loop
      vertex 103.35826794978996 -8.443279255020153 0
      vertex 103.6208337785213 -8.270805742745619 4
      vertex 103.35826794978996 -8.443279255020153 4
    endloop
  endfacet
  facet normal 0.5750052520432805 -0.8181497174250221 0
    outer loop
      vertex 103.6208337785213 -8.270805742745619 0
      vertex 103.87785252292473 -8.090169943749475 4
      vertex 103.6208337785213 -8.270805742745619 4
    endloop
  endfacet
  facet normal 0.6004202253258778 -0.7996846584870951 0
    outer loop
      vertex 103.87785252292473 -8.090169943749475 0
      vertex 104.12907053652977 -7.901550123756902 4
      vertex 103.87785252292473 -8.090169943749475 4
    endloop
  endfacet
  facet normal 0.6252426563357012 -0.7804304073383329 0
    outer loop
      vertex 104.12907053652977 -7.901550123756902 0
      vertex 104.3742398974869 -7.70513242775789 4
      vertex 104.12907053652977 -7.901550123756902 4
    endloop
  endfacet
  facet normal 0.6494480483301922 -0.7604059656000236 0
    outer loop
      vertex 104.3742398974869 -7.70513242775789 0
      vertex 104.61311865323651 -7.501110696304599 4
      vertex 104.3742398974869 -7.70513242775789 4
    endloop
  endfacet
  facet normal 0 0 1
    outer loop
      vertex 100.78991106039228 -9.602936856769432 4
      vertex 101.09016994374947 -9.510565162951535 4
      vertex 100.76093414513508 -6.973323644161884 4
    endloop
  endfacet
  facet normal 0 0 1
    outer loop
      vertex 101.09016994374947 -9.510565162951535 4
      vertex 101.38737920245292 -9.408807689542254 4
      vertex 100.97860917976085 -6.883159692629859 4
    endloop
  endfacet
  facet normal 0 0 1
    outer loop
      vertex 101.38737920245292 -9.408807689542254 4
      vertex 101.68124552684678 -9.297764858882513 4
      vertex 101.19334468673804 -6.786202893495147 4
    endloop
  endfacet
  facet normal 0 0 1
    outer loop
      vertex 101.68124552684678 -9.297764858882513 4
      vertex 101.9714789063478 -9.177546256839813 4
      vertex 101.61315255576287 -6.572300100328976 4
    endloop
  endfacet
  facet normal 0 0 1
    outer loop
      vertex 101.9714789063478 -9.177546256839813 4
      vertex 102.25779291565073 -9.048270524660197 4
      vertex 101.8178106181278 -6.455565202529575 4
    endloop
  endfacet
  facet normal 0 0 1
    outer loop
      vertex 102.25779291565073 -9.048270524660197 4
      vertex 102.53990499739547 -8.910065241883679 4
      vertex 102.21562533389098 -6.203104307059214 4
    endloop
  endfacet
  facet normal 0 0 1
    outer loop
      vertex 102.53990499739547 -8.910065241883679 4
      vertex 102.81753674101715 -8.763066800438635 4
      vertex 102.40838939219356 -6.067627457812106 4
    endloop
  endfacet
  facet normal 0 0 1
    outer loop
      vertex 101.09016994374947 -9.510565162951535 4
      vertex 100.97860917976085 -6.883159692629859 4
      vertex 100.76093414513508 -6.973323644161884 4
    endloop
  endfacet
  facet normal 0 0 1
    outer loop
      vertex 101.38737920245292 -9.408807689542254 4
      vertex 101.19334468673804 -6.786202893495147 4
      vertex 100.97860917976085 -6.883159692629859 4
    endloop
  endfacet
  facet normal 0 0 1
    outer loop
      vertex 101.68124552684678 -9.297764858882513 4
      vertex 101.4049287480466 -6.682548931412759 4
      vertex 101.19334468673804 -6.786202893495147 4
    endloop
  endfacet
  facet normal 0 0 1
    outer loop
      vertex 101.68124552684678 -9.297764858882513 4
      vertex 101.61315255576287 -6.572300100328976 4
      vertex 101.4049287480466 -6.682548931412759 4
    endloop
  endfacet
  facet normal 0 0 1
    outer loop
      vertex 102.81753674101715 -8.763066800438635 4
      vertex 103.09041415750372 -8.607420270039434 4
      vertex 102.78067992311517 -5.778849320818418 4
    endloop
  endfacet
  facet normal 0 0 1
    outer loop
      vertex 103.09041415750372 -8.607420270039434 4
      vertex 103.35826794978996 -8.443279255020153 4
      vertex 102.95983898992739 -5.6258330222284485 4
    endloop
  endfacet
  facet normal 0 0 -1
    outer loop
      vertex 98.6673436735031 -7.469742285013943 0
      vertex 98.94108313318515 -7.3718638987619345 0
      vertex 98.94108313318515 -7.440706000684277 0
    endloop
  endfacet
  facet normal 0 0 -1
    outer loop
      vertex 98 -10 0
      vertex 98.31410759078129 -4.330127018922193 0
      vertex 98.31410759078129 -7.492595968253993 0
    endloop
  endfacet
  facet normal 0 0 -1
    outer loop
      vertex 99.60441820712168 -7.325931378390266 0
      vertex 99.87381314585724 -6.714443623120558 0
      vertex 99.87381314585724 -7.262010347657042 0
    endloop
  endfacet
  facet normal 0 0 -1
    outer loop
      vertex 98.6673436735031 -7.469742285013943 0
      vertex 98.70581234988886 -5.020951709447059 0
      vertex 98.94108313318515 -7.3718638987619345 0
    endloop
  endfacet
  facet normal 0 0 -1
    outer loop
      vertex 98.3534486702627 -7.490740690041743 0
      vertex 98.40309955740177 -4.330127018922193 0
      vertex 98.62790519529314 -7.472846160563632 0
    endloop
  endfacet
  facet normal 0 0 -1
    outer loop
      vertex 100.528135363756 -7.060850906738167 0
      vertex 100.5405344018397 -6.2715685487753765 0
      vertex 100.78991106039228 -6.961321012866614 0
    endloop
  endfacet
  facet normal 0 0 -1
    outer loop
      vertex 99.60441820712168 -7.325931378390266 0
      vertex 99.63607431047407 -5.3108070010621 0
      vertex 99.87381314585724 -6.714443623120558 0
    endloop
  endfacet
  facet normal 0 0 -1
    outer loop
      vertex 98.98067908071792 -7.435070662837934 0
      vertex 99.25333233564304 -4.330127018922193 0
      vertex 99.25333233564304 -7.3936874308404485 0
    endloop
  endfacet
  facet normal 0 0 -1
    outer loop
      vertex 99.29314600082492 -7.386738833916424 0
      vertex 99.34116309625199 -4.330127018922193 0
      vertex 99.5643446504023 -7.334230213031668 0
    endloop
  endfacet
  facet normal 0 0 -1
    outer loop
      vertex 99.91421601737636 -7.2509573727577825 0
      vertex 100.18143241396542 -4.330127018922193 0
      vertex 100.18143241396542 -7.1748229386094815 0
    endloop
  endfacet
  facet normal 0 0 -1
    outer loop
      vertex 98 -10 0
      vertex 98 -4.330127018922193 0
      vertex 98.31410759078129 -4.330127018922193 0
    endloop
  endfacet
  facet normal 0 0 -1
    outer loop
      vertex 100.22222769977469 -7.162272669961796 0
      vertex 100.26671859892068 -4.330127018922193 0
      vertex 100.48689887164855 -7.0749693136391505 0
    endloop
  endfacet
  facet normal 0 0 -1
    outer loop
      vertex 100.78991106039228 -6.961321012866614 0
      vertex 100.5405344018397 -6.2715685487753765 0
      vertex 100.78991106039228 -5.128747649935414 0
    endloop
  endfacet
  facet normal 0 0 -1
    outer loop
      vertex 98.94108313318515 -7.3718638987619345 0
      vertex 98.70581234988886 -5.020951709447059 0
      vertex 98.99898979244877 -4.330127018922193 0
    endloop
  endfacet
  facet normal 0 0 -1
    outer loop
      vertex 98.62790519529314 -7.472846160563632 0
      vertex 98.40309955740177 -4.330127018922193 0
      vertex 98.62790519529314 -4.330127018922193 0
    endloop
  endfacet
  facet normal 0 0 -1
    outer loop
      vertex 98.98067908071792 -7.435070662837934 0
      vertex 99.02945543318579 -4.330127018922193 0
      vertex 99.25333233564304 -4.330127018922193 0
    endloop
  endfacet
  facet normal 0 0 -1
    outer loop
      vertex 99.87381314585724 -6.714443623120558 0
      vertex 99.63607431047407 -5.3108070010621 0
      vertex 99.92204123323876 -4.330127018922193 0
    endloop
  endfacet
  facet normal 0 0 -1
    outer loop
      vertex 99.5643446504023 -7.334230213031668 0
      vertex 99.34116309625199 -4.330127018922193 0
      vertex 99.5643446504023 -4.330127018922193 0
    endloop
  endfacet
  facet normal 0 0 -1
    outer loop
      vertex 99.91421601737636 -7.2509573727577825 0
      vertex 99.96010008716188 -4.330127018922193 0
      vertex 100.18143241396542 -4.330127018922193 0
    endloop
  endfacet
  facet normal 0 0 -1
    outer loop
      vertex 100.48689887164855 -7.0749693136391505 0
      vertex 100.26671859892068 -4.330127018922193 0
      vertex 100.48689887164855 -4.330127018922193 0
    endloop
  endfacet
  facet normal 0 0 -1
    outer loop
      vertex 100.5405344018397 -6.2715685487753765 0
      vertex 100.82395005402321 -3.7690290662392907 0
      vertex 100.78991106039228 -5.128747649935414 0
    endloop
  endfacet
  facet normal 0 0 -1
    outer loop
      vertex 101.68124552684678 -9.297764858882513 0
      vertex 101.68124552684678 -6.533460555341177 0
      vertex 101.72506331388796 -6.50846733087232 0
    endloop
  endfacet
  facet normal 0 0 -1
    outer loop
      vertex 101.9714789063478 -9.177546256839813 0
      vertex 101.72506331388796 -6.50846733087232 0
      vertex 101.9714789063478 -6.361397154396242 0
    endloop
  endfacet
  facet normal 0 0 -1
    outer loop
      vertex 101.9714789063478 -9.177546256839813 0
      vertex 101.9714789063478 -6.361397154396242 0
      vertex 102.01614853019593 -6.334023573696191 0
    endloop
  endfacet
  facet normal 0 0 -1
    outer loop
      vertex 102.25779291565073 -9.048270524660197 0
      vertex 102.01614853019593 -6.334023573696191 0
      vertex 102.25779291565073 -6.173468434233728 0
    endloop
  endfacet
  facet normal 0 0 -1
    outer loop
      vertex 102.25779291565073 -9.048270524660197 0
      vertex 102.25779291565073 -6.173468434233728 0
      vertex 102.3034580888688 -6.141374412960345 0
    endloop
  endfacet
  facet normal 0 0 -1
    outer loop
      vertex 102.53990499739547 -8.910065241883679 0
      vertex 102.3034580888688 -6.141374412960345 0
      vertex 102.53990499739547 -5.968882748292987 0
    endloop
  endfacet
  facet normal 0 0 -1
    outer loop
      vertex 102.53990499739547 -8.910065241883679 0
      vertex 102.53990499739547 -5.968882748292987 0
      vertex 102.5866602550422 -5.93377790786184 0
    endloop
  endfacet
  facet normal 0 0 -1
    outer loop
      vertex 103.35826794978996 -8.443279255020153 0
      vertex 103.40931320583728 -5.193904603223557 0
      vertex 103.6208337785213 -8.270805742745619 0
    endloop
  endfacet
  facet normal 0 0 -1
    outer loop
      vertex 102.81753674101715 -8.763066800438635 0
      vertex 102.5866602550422 -5.93377790786184 0
      vertex 102.81753674101715 -5.747370624520696 0
    endloop
  endfacet
  facet normal 0 0 -1
    outer loop
      vertex 102.81753674101715 -8.763066800438635 0
      vertex 102.81753674101715 -5.747370624520696 0
      vertex 102.86555534648694 -5.7063588610460565 0
    endloop
  endfacet
  facet normal 0 0 -1
    outer loop
      vertex 104.12907053652977 -7.901550123756902 0
      vertex 104.18660487469003 -4.23910165151165 0
      vertex 104.3742398974869 -7.70513242775789 0
    endloop
  endfacet
  facet normal 0 0 -1
    outer loop
      vertex 103.35826794978996 -8.443279255020153 0
      vertex 103.35826794978996 -5.246579221254917 0
      vertex 103.40931320583728 -5.193904603223557 0
    endloop
  endfacet
  facet normal 0 0 -1
    outer loop
      vertex 104.3742398974869 -7.70513242775789 0
      vertex 104.43477383805697 -3.8517390413201076 0
      vertex 104.61311865323651 -7.501110696304599 0
    endloop
  endfacet
  facet normal 0.6730125135097772 -0.7396310949786061 0
    outer loop
      vertex 104.61311865323651 -7.501110696304599 0
      vertex 104.84547105928688 -7.289686274214117 0
      vertex 104.84547105928688 -7.289686274214117 4
    endloop
  endfacet
  facet normal 0.6959127965923043 -0.7181262977631986 0
    outer loop
      vertex 104.84547105928688 -7.289686274214117 0
      vertex 105.07106781186548 -7.0710678118654755 0
      vertex 105.07106781186548 -7.0710678118654755 4
    endloop
  endfacet
  facet normal 0.718126297763186 -0.6959127965923171 0
    outer loop
      vertex 105.07106781186548 -7.0710678118654755 0
      vertex 105.28968627421412 -6.845471059286885 0
      vertex 105.07106781186548 -7.0710678118654755 4
    endloop
  endfacet
  facet normal 0.7396310949786227 -0.6730125135097591 0
    outer loop
      vertex 105.28968627421412 -6.845471059286885 0
      vertex 105.5011106963046 -6.613118653236515 0
      vertex 105.28968627421412 -6.845471059286885 4
    endloop
  endfacet
  facet normal 0.760405965600024 -0.6494480483301918 0
    outer loop
      vertex 105.5011106963046 -6.613118653236515 0
      vertex 105.70513242775789 -6.3742398974869 0
      vertex 105.5011106963046 -6.613118653236515 4
    endloop
  endfacet
  facet normal 0.7804304073383225 -0.6252426563357143 0
    outer loop
      vertex 105.70513242775789 -6.3742398974869 0
      vertex 105.9015501237569 -6.129070536529767 0
      vertex 105.70513242775789 -6.3742398974869 4
    endloop
  endfacet
  facet normal 0 0 -1
    outer loop
      vertex 101.38737920245292 -9.408807689542254 0
      vertex 101.13253633253227 -6.813658918199379 0
      vertex 101.68124552684678 -2.2841497502101036 0
    endloop
  endfacet
  facet normal 0 0 -1
    outer loop
      vertex 101.38737920245292 -9.408807689542254 0
      vertex 101.68124552684678 -2.2841497502101036 0
      vertex 101.68124552684678 -6.533460555341177 0
    endloop
  endfacet
  facet normal 0 0 -1
    outer loop
      vertex 102.01614853019593 -6.334023573696191 0
      vertex 102.01870096234248 -6.171544061207877 0
      vertex 102.25779291565073 -6.173468434233728 0
    endloop
  endfacet
  facet normal 0 0 -1
    outer loop
      vertex 100.8316806724576 -6.944019473054099 0
      vertex 101.09016994374947 -3.3079226912480397 0
      vertex 101.09016994374947 -6.832788076227787 0
    endloop
  endfacet
  facet normal 0 0 -1
    outer loop
      vertex 103.6208337785213 -8.270805742745619 0
      vertex 103.46726470566058 -1.504900978971353 0
      vertex 103.87785252292473 -8.090169943749475 0
    endloop
  endfacet
  facet normal 0 0 -1
    outer loop
      vertex 102.5866602550422 -5.93377790786184 0
      vertex 102.59680290239733 -5.288130030470517 0
      vertex 102.81753674101715 -5.747370624520696 0
    endloop
  endfacet
  facet normal 0 0 -1
    outer loop
      vertex 103.09041415750372 -8.607420270039434 0
      vertex 103 0 0
      vertex 103.35826794978996 -8.443279255020153 0
    endloop
  endfacet
  facet normal 0 0 -1
    outer loop
      vertex 103.87785252292473 -8.090169943749475 0
      vertex 103.46726470566058 -1.504900978971353 0
      vertex 104.12907053652977 -7.901550123756902 0
    endloop
  endfacet
  facet normal 0 0 -1
    outer loop
      vertex 102.01870096234248 -6.171544061207877 0
      vertex 102.25779291565073 -3.518853469515149 0
      vertex 102.25779291565073 -6.173468434233728 0
    endloop
  endfacet
  facet normal 0 0 -1
    outer loop
      vertex 104.12907053652977 -7.901550123756902 0
      vertex 104.12907053652977 -4.320964734224005 0
      vertex 104.18660487469003 -4.23910165151165 0
    endloop
  endfacet
  facet normal 0 0 -1
    outer loop
      vertex 104.3742398974869 -7.70513242775789 0
      vertex 104.18660487469003 -4.23910165151165 0
      vertex 104.3742398974869 -3.950521454367935 0
    endloop
  endfacet
  facet normal 0 0 -1
    outer loop
      vertex 104.3742398974869 -7.70513242775789 0
      vertex 104.3742398974869 -3.950521454367935 0
      vertex 104.43477383805697 -3.8517390413201076 0
    endloop
  endfacet
  facet normal 0 0 -1
    outer loop
      vertex 104.61311865323651 -7.501110696304599 0
      vertex 104.67731122041727 -3.4148210626995303 0
      vertex 104.84547105928688 -7.289686274214117 0
    endloop
  endfacet
  facet normal 0 0 -1
    outer loop
      vertex 104.84547105928688 -7.289686274214117 0
      vertex 104.68254893141275 -3.081405449573664 0
      vertex 105.07106781186548 -7.0710678118654755 0
    endloop
  endfacet
  facet normal 0 0 -1
    outer loop
      vertex 105.07106781186548 -7.0710678118654755 0
      vertex 104.68254893141275 -3.081405449573664 0
      vertex 105.28968627421412 -6.845471059286885 0
    endloop
  endfacet
  facet normal 0.7996846584870972 -0.6004202253258751 0
    outer loop
      vertex 105.9015501237569 -6.129070536529767 0
      vertex 106.09016994374947 -5.877852522924732 0
      vertex 105.9015501237569 -6.129070536529767 4
    endloop
  endfacet
  facet normal 0.8181497174250169 -0.5750052520432878 0
    outer loop
      vertex 106.09016994374947 -5.877852522924732 0
      vertex 106.27080574274562 -5.6208337785213045 0
      vertex 106.09016994374947 -5.877852522924732 4
    endloop
  endfacet
  facet normal 0.8358073613682682 -0.5490228179981349 0
    outer loop
      vertex 106.27080574274562 -5.6208337785213045 0
      vertex 106.44327925502016 -5.358267949789962 0
      vertex 106.27080574274562 -5.6208337785213045 4
    endloop
  endfacet
  facet normal 0.8526401643541096 -0.5224985647159204 0
    outer loop
      vertex 106.44327925502016 -5.358267949789962 0
      vertex 106.60742027003943 -5.090414157503717 0
      vertex 106.44327925502016 -5.358267949789962 4
    endloop
  endfacet
  facet normal 0.6730125135097772 -0.7396310949786061 0
    outer loop
      vertex 104.61311865323651 -7.501110696304599 0
      vertex 104.84547105928688 -7.289686274214117 4
      vertex 104.61311865323651 -7.501110696304599 4
    endloop
  endfacet
  facet normal 0.6959127965923043 -0.7181262977631986 0
    outer loop
      vertex 104.84547105928688 -7.289686274214117 0
      vertex 105.07106781186548 -7.0710678118654755 4
      vertex 104.84547105928688 -7.289686274214117 4
    endloop
  endfacet
  facet normal 0.718126297763186 -0.6959127965923171 0
    outer loop
      vertex 105.28968627421412 -6.845471059286885 0
      vertex 105.28968627421412 -6.845471059286885 4
      vertex 105.07106781186548 -7.0710678118654755 4
    endloop
  endfacet
  facet normal 0.7396310949786227 -0.6730125135097591 0
    outer loop
      vertex 105.5011106963046 -6.613118653236515 0
      vertex 105.5011106963046 -6.613118653236515 4
      vertex 105.28968627421412 -6.845471059286885 4
    endloop
  endfacet
  facet normal 0.760405965600024 -0.6494480483301918 0
    outer loop
      vertex 105.70513242775789 -6.3742398974869 0
      vertex 105.70513242775789 -6.3742398974869 4
      vertex 105.5011106963046 -6.613118653236515 4
    endloop
  endfacet
  facet normal 0 0 1
    outer loop
      vertex 101.9714789063478 -9.177546256839813 4
      vertex 101.8178106181278 -6.455565202529575 4
      vertex 101.61315255576287 -6.572300100328976 4
    endloop
  endfacet
  facet normal 0 0 1
    outer loop
      vertex 102.25779291565073 -9.048270524660197 4
      vertex 102.01870096234248 -6.332459441265115 4
      vertex 101.8178106181278 -6.455565202529575 4
    endloop
  endfacet
  facet normal 0 0 1
    outer loop
      vertex 102.25779291565073 -9.048270524660197 4
      vertex 102.21562533389098 -6.203104307059214 4
      vertex 102.01870096234248 -6.332459441265115 4
    endloop
  endfacet
  facet normal 0 0 1
    outer loop
      vertex 102.53990499739547 -8.910065241883679 4
      vertex 102.40838939219356 -6.067627457812106 4
      vertex 102.21562533389098 -6.203104307059214 4
    endloop
  endfacet
  facet normal 0 0 1
    outer loop
      vertex 102.81753674101715 -8.763066800438635 4
      vertex 102.59680290239733 -5.926162592817676 4
      vertex 102.40838939219356 -6.067627457812106 4
    endloop
  endfacet
  facet normal 0 0 1
    outer loop
      vertex 103.35826794978996 -8.443279255020153 4
      vertex 103.6208337785213 -8.270805742745619 4
      vertex 103.3033008588991 -5.303300858899107 4
    endloop
  endfacet
  facet normal 0 0 1
    outer loop
      vertex 103.6208337785213 -8.270805742745619 4
      vertex 103.87785252292473 -8.090169943749475 4
      vertex 103.46726470566058 -5.134103294465164 4
    endloop
  endfacet
  facet normal 0 0 1
    outer loop
      vertex 103.87785252292473 -8.090169943749475 4
      vertex 104.12907053652977 -7.901550123756902 4
      vertex 103.77884932081842 -4.780679923115175 4
    endloop
  endfacet
  facet normal 0 0 1
    outer loop
      vertex 102.81753674101715 -8.763066800438635 4
      vertex 102.78067992311517 -5.778849320818418 4
      vertex 102.59680290239733 -5.926162592817676 4
    endloop
  endfacet
  facet normal 0 0 1
    outer loop
      vertex 103.09041415750372 -8.607420270039434 4
      vertex 102.95983898992739 -5.6258330222284485 4
      vertex 102.78067992311517 -5.778849320818418 4
    endloop
  endfacet
  facet normal 0 0 1
    outer loop
      vertex 104.12907053652977 -7.901550123756902 4
      vertex 104.3742398974869 -7.70513242775789 4
      vertex 104.06762745781211 -4.408389392193548 4
    endloop
  endfacet
  facet normal 0 0 1
    outer loop
      vertex 103.35826794978996 -8.443279255020153 4
      vertex 103.13410329446516 -5.467264705660588 4
      vertex 102.95983898992739 -5.6258330222284485 4
    endloop
  endfacet
  facet normal 0 0 1
    outer loop
      vertex 103.35826794978996 -8.443279255020153 4
      vertex 103.3033008588991 -5.303300858899107 4
      vertex 103.13410329446516 -5.467264705660588 4
    endloop
  endfacet
  facet normal 0 0 1
    outer loop
      vertex 104.3742398974869 -7.70513242775789 4
      vertex 104.61311865323651 -7.501110696304599 4
      vertex 104.33245944126512 -4.018700962342471 4
    endloop
  endfacet
  facet normal 0.7804304073383225 -0.6252426563357143 0
    outer loop
      vertex 105.9015501237569 -6.129070536529767 0
      vertex 105.9015501237569 -6.129070536529767 4
      vertex 105.70513242775789 -6.3742398974869 4
    endloop
  endfacet
  facet normal 0.7996846584870972 -0.6004202253258751 0
    outer loop
      vertex 106.09016994374947 -5.877852522924732 0
      vertex 106.09016994374947 -5.877852522924732 4
      vertex 105.9015501237569 -6.129070536529767 4
    endloop
  endfacet
  facet normal 0.8181497174250169 -0.5750052520432878 0
    outer loop
      vertex 106.27080574274562 -5.6208337785213045 0
      vertex 106.27080574274562 -5.6208337785213045 4
      vertex 106.09016994374947 -5.877852522924732 4
    endloop
  endfacet
  facet normal 0.8358073613682682 -0.5490228179981349 0
    outer loop
      vertex 106.44327925502016 -5.358267949789962 0
      vertex 106.44327925502016 -5.358267949789962 4
      vertex 106.27080574274562 -5.6208337785213045 4
    endloop
  endfacet
  facet normal 0.8526401643541096 -0.5224985647159204 0
    outer loop
      vertex 106.60742027003943 -5.090414157503717 0
      vertex 106.60742027003943 -5.090414157503717 4
      vertex 106.44327925502016 -5.358267949789962 4
    endloop
  endfacet
  facet normal 0 0 1
    outer loop
      vertex 103.6208337785213 -8.270805742745619 4
      vertex 103.46726470566058 -5.134103294465164 4
      vertex 103.3033008588991 -5.303300858899107 4
    endloop
  endfacet
  facet normal 0 0 1
    outer loop
      vertex 103.87785252292473 -8.090169943749475 4
      vertex 103.62583302222845 -4.959838989927386 4
      vertex 103.46726470566058 -5.134103294465164 4
    endloop
  endfacet
  facet normal 0 0 1
    outer loop
      vertex 103.87785252292473 -8.090169943749475 4
      vertex 103.77884932081842 -4.780679923115175 4
      vertex 103.62583302222845 -4.959838989927386 4
    endloop
  endfacet
  facet normal 0 0 1
    outer loop
      vertex 104.12907053652977 -7.901550123756902 4
      vertex 103.92616259281768 -4.596802902397325 4
      vertex 103.77884932081842 -4.780679923115175 4
    endloop
  endfacet
  facet normal 0 0 1
    outer loop
      vertex 104.12907053652977 -7.901550123756902 4
      vertex 104.06762745781211 -4.408389392193548 4
      vertex 103.92616259281768 -4.596802902397325 4
    endloop
  endfacet
  facet normal 0 0 1
    outer loop
      vertex 104.3742398974869 -7.70513242775789 4
      vertex 104.20310430705922 -4.215625333890978 4
      vertex 104.06762745781211 -4.408389392193548 4
    endloop
  endfacet
  facet normal 0 0 1
    outer loop
      vertex 104.3742398974869 -7.70513242775789 4
      vertex 104.33245944126512 -4.018700962342471 4
      vertex 104.20310430705922 -4.215625333890978 4
    endloop
  endfacet
  facet normal 0 0 1
    outer loop
      vertex 104.61311865323651 -7.501110696304599 4
      vertex 104.84547105928688 -7.289686274214117 4
      vertex 104.57230010032897 -3.6131525557628654 4
    endloop
  endfacet
  facet normal 0 0 1
    outer loop
      vertex 104.84547105928688 -7.289686274214117 4
      vertex 105.07106781186548 -7.0710678118654755 4
      vertex 104.78620289349514 -3.193344686738043 4
    endloop
  endfacet
  facet normal 0 0 1
    outer loop
      vertex 105.07106781186548 -7.0710678118654755 4
      vertex 105.28968627421412 -6.845471059286885 4
      vertex 105.0566057671567 -2.540534401839687 4
    endloop
  endfacet
  facet normal 0 0 1
    outer loop
      vertex 104.61311865323651 -7.501110696304599 4
      vertex 104.45556520252957 -3.8178106181277873 4
      vertex 104.33245944126512 -4.018700962342471 4
    endloop
  endfacet
  facet normal 0 0 1
    outer loop
      vertex 105.28968627421412 -6.845471059286885 4
      vertex 105.5011106963046 -6.613118653236515 4
      vertex 105.26437370846473 -1.8651741537364082 4
    endloop
  endfacet
  facet normal 0 0 1
    outer loop
      vertex 88.28215909643322 -2.353570573871936 4
      vertex 90.79542557969567 -2.221293390542333 4
      vertex 88.24083238061253 -2 4
    endloop
  endfacet
  facet normal 0 0 1
    outer loop
      vertex 88.24083238061253 -2 4
      vertex 90.79542557969567 -2.221293390542333 4
      vertex 90.77251046928035 -2 4
    endloop
  endfacet
  facet normal 0 0 -1
    outer loop
      vertex 98.70581234988886 -5.020951709447059 0
      vertex 98.69866334914502 -4.330127018922193 0
      vertex 98.99898979244877 -4.330127018922193 0
    endloop
  endfacet
  facet normal 0 0 -1
    outer loop
      vertex 100.5405344018397 -6.2715685487753765 0
      vertex 100.52975215832359 -4.278594769070914 0
      vertex 100.82395005402321 -3.7690290662392907 0
    endloop
  endfacet
  facet normal 0 0 -1
    outer loop
      vertex 99.63607431047407 -5.3108070010621 0
      vertex 99.62735123081121 -4.330127018922193 0
      vertex 99.92204123323876 -4.330127018922193 0
    endloop
  endfacet
  facet normal 0 0 -1
    outer loop
      vertex 101.72506331388796 -6.50846733087232 0
      vertex 101.79450592537975 -2.0879769854654873 0
      vertex 101.9714789063478 -6.361397154396242 0
    endloop
  endfacet
  facet normal 0 0 -1
    outer loop
      vertex 100.8316806724576 -6.944019473054099 0
      vertex 100.8831687011005 -3.6664593607459435 0
      vertex 101.09016994374947 -3.3079226912480397 0
    endloop
  endfacet
  facet normal 0 0 -1
    outer loop
      vertex 102.3034580888688 -6.141374412960345 0
      vertex 102.3831505088868 -1.0684146592310715 0
      vertex 102.53990499739547 -5.968882748292987 0
    endloop
  endfacet
  facet normal 0 0 -1
    outer loop
      vertex 103.6208337785213 -8.270805742745619 0
      vertex 103.40931320583728 -5.193904603223557 0
      vertex 103.46726470566058 -1.504900978971353 0
    endloop
  endfacet
  facet normal 0 0 -1
    outer loop
      vertex 102.81753674101715 -5.747370624520696 0
      vertex 102.59680290239733 -5.288130030470517 0
      vertex 102.81753674101715 -3.4326644035451728 0
    endloop
  endfacet
  facet normal 0 0 -1
    outer loop
      vertex 103.09041415750372 -8.607420270039434 0
      vertex 102.86555534648694 -5.7063588610460565 0
      vertex 103 0 0
    endloop
  endfacet
  facet normal 0 0 -1
    outer loop
      vertex 101.13253633253227 -6.813658918199379 0
      vertex 101.19033423098475 -3.134433056652631 0
      vertex 101.68124552684678 -2.2841497502101036 0
    endloop
  endfacet
  facet normal 0 0 -1
    outer loop
      vertex 104.18660487469003 -4.23910165151165 0
      vertex 104.20310430705922 -3.1888015558521 0
      vertex 104.3742398974869 -3.950521454367935 0
    endloop
  endfacet
  facet normal 0 0 -1
    outer loop
      vertex 104.61311865323651 -7.501110696304599 0
      vertex 104.43477383805697 -3.8517390413201076 0
      vertex 104.61311865323651 -3.5360597246795447 0
    endloop
  endfacet
  facet normal 0 0 -1
    outer loop
      vertex 104.61311865323651 -7.501110696304599 0
      vertex 104.61311865323651 -3.5360597246795447 0
      vertex 104.67731122041727 -3.4148210626995303 0
    endloop
  endfacet
  facet normal 0 0 -1
    outer loop
      vertex 104.84547105928688 -7.289686274214117 0
      vertex 104.67731122041727 -3.4148210626995303 0
      vertex 104.68254893141275 -3.081405449573664 0
    endloop
  endfacet
  facet normal 0.8686315144381792 -0.49545866843242886 0
    outer loop
      vertex 106.60742027003943 -5.090414157503717 0
      vertex 106.76306680043864 -4.817536741017154 0
      vertex 106.60742027003943 -5.090414157503717 4
    endloop
  endfacet
  facet normal 0.8837656300887046 -0.4679298142605524 0
    outer loop
      vertex 106.76306680043864 -4.817536741017154 0
      vertex 106.91006524188367 -4.5399049973954675 0
      vertex 106.76306680043864 -4.817536741017154 4
    endloop
  endfacet
  facet normal 0.8980275757606062 -0.43993916985593445 0
    outer loop
      vertex 106.91006524188367 -4.5399049973954675 0
      vertex 107.0482705246602 -4.257792915650724 0
      vertex 106.91006524188367 -4.5399049973954675 4
    endloop
  endfacet
  facet normal 0.9114032766354392 -0.41151435860512187 0
    outer loop
      vertex 107.0482705246602 -4.257792915650724 0
      vertex 107.17754625683982 -3.971478906347803 0
      vertex 107.0482705246602 -4.257792915650724 4
    endloop
  endfacet
  facet normal 0.9238795325112887 -0.38268343236508506 0
    outer loop
      vertex 107.17754625683982 -3.971478906347803 0
      vertex 107.29776485888252 -3.6812455268467836 0
      vertex 107.17754625683982 -3.971478906347803 4
    endloop
  endfacet
  facet normal 0 0 -1
    outer loop
      vertex 102.01870096234248 -6.171544061207877 0
      vertex 102.34638862549008 -1.1320881090561041 0
      vertex 102.25779291565073 -3.518853469515149 0
    endloop
  endfacet
  facet normal 0 0 -1
    outer loop
      vertex 101.9714789063478 -6.361397154396242 0
      vertex 101.79450592537975 -2.0879769854654873 0
      vertex 101.9714789063478 -1.7814507908619095 0
    endloop
  endfacet
  facet normal 0 0 -1
    outer loop
      vertex 103.35826794978996 -8.443279255020153 0
      vertex 103.09041415750372 2.686156622476433 0
      vertex 103.35826794978996 -5.246579221254917 0
    endloop
  endfacet
  facet normal 0 0 -1
    outer loop
      vertex 102.01870096234248 -6.171544061207877 0
      vertex 101.99665752312609 -1.7378401473376157 0
      vertex 102.34638862549008 -1.1320881090561041 0
    endloop
  endfacet
  facet normal 0 0 -1
    outer loop
      vertex 102.53990499739547 -5.968882748292987 0
      vertex 102.3831505088868 -1.0684146592310715 0
      vertex 102.53990499739547 -0.7969079208195852 0
    endloop
  endfacet
  facet normal 0 0 -1
    outer loop
      vertex 102.59680290239733 -5.288130030470517 0
      vertex 102.94492090243648 -0.09539979541505625 0
      vertex 102.81753674101715 -3.4326644035451728 0
    endloop
  endfacet
  facet normal 0 0 -1
    outer loop
      vertex 104.3742398974869 -3.950521454367935 0
      vertex 104.20310430705922 -3.1888015558521 0
      vertex 104.3742398974869 -1.3590932749656122 0
    endloop
  endfacet
  facet normal 0 0 -1
    outer loop
      vertex 104.12907053652977 -7.901550123756902 0
      vertex 103.6208337785213 4.64160342725145 0
      vertex 104.12907053652977 -4.320964734224005 0
    endloop
  endfacet
  facet normal 0 0 -1
    outer loop
      vertex 104.43477383805697 -3.8517390413201076 0
      vertex 104.45556520252957 -2.528228534664791 0
      vertex 104.61311865323651 -3.5360597246795447 0
    endloop
  endfacet
  facet normal 0.9354440308298674 -0.35347484377925675 0
    outer loop
      vertex 107.29776485888252 -3.6812455268467836 0
      vertex 107.40880768954226 -3.387379202452916 0
      vertex 107.29776485888252 -3.6812455268467836 4
    endloop
  endfacet
  facet normal 0.946085358827548 -0.32391741819814146 0
    outer loop
      vertex 107.40880768954226 -3.387379202452916 0
      vertex 107.51056516295154 -3.090169943749474 0
      vertex 107.40880768954226 -3.387379202452916 4
    endloop
  endfacet
  facet normal 0.9557930147983301 -0.2940403252323038 0
    outer loop
      vertex 107.51056516295154 -3.090169943749474 0
      vertex 107.60293685676943 -2.7899110603922903 0
      vertex 107.51056516295154 -3.090169943749474 4
    endloop
  endfacet
  facet normal 0.964557418457794 -0.26387304996538796 0
    outer loop
      vertex 107.60293685676943 -2.7899110603922903 0
      vertex 107.68583161128632 -2.4868988716485445 0
      vertex 107.60293685676943 -2.7899110603922903 4
    endloop
  endfacet
  facet normal 0.8686315144381792 -0.49545866843242886 0
    outer loop
      vertex 106.60742027003943 -5.090414157503717 4
      vertex 106.76306680043864 -4.817536741017154 0
      vertex 106.76306680043864 -4.817536741017154 4
    endloop
  endfacet
  facet normal 0.8837656300887046 -0.4679298142605524 0
    outer loop
      vertex 106.91006524188367 -4.5399049973954675 0
      vertex 106.91006524188367 -4.5399049973954675 4
      vertex 106.76306680043864 -4.817536741017154 4
    endloop
  endfacet
  facet normal 0.8980275757606062 -0.43993916985593445 0
    outer loop
      vertex 107.0482705246602 -4.257792915650724 0
      vertex 107.0482705246602 -4.257792915650724 4
      vertex 106.91006524188367 -4.5399049973954675 4
    endloop
  endfacet
  facet normal 0.9114032766354392 -0.41151435860512187 0
    outer loop
      vertex 107.17754625683982 -3.971478906347803 0
      vertex 107.17754625683982 -3.971478906347803 4
      vertex 107.0482705246602 -4.257792915650724 4
    endloop
  endfacet
  facet normal 0.9238795325112887 -0.38268343236508506 0
    outer loop
      vertex 107.29776485888252 -3.6812455268467836 0
      vertex 107.29776485888252 -3.6812455268467836 4
      vertex 107.17754625683982 -3.971478906347803 4
    endloop
  endfacet
  facet normal 0 0 1
    outer loop
      vertex 104.61311865323651 -7.501110696304599 4
      vertex 104.57230010032897 -3.6131525557628654 4
      vertex 104.45556520252957 -3.8178106181277873 4
    endloop
  endfacet
  facet normal 0 0 1
    outer loop
      vertex 104.84547105928688 -7.289686274214117 4
      vertex 104.68254893141275 -3.4049287480466006 4
      vertex 104.57230010032897 -3.6131525557628654 4
    endloop
  endfacet
  facet normal 0 0 1
    outer loop
      vertex 104.84547105928688 -7.289686274214117 4
      vertex 104.78620289349514 -3.193344686738043 4
      vertex 104.68254893141275 -3.4049287480466006 4
    endloop
  endfacet
  facet normal 0 0 1
    outer loop
      vertex 105.07106781186548 -7.0710678118654755 4
      vertex 104.88315969262986 -2.978609179760852 4
      vertex 104.78620289349514 -3.193344686738043 4
    endloop
  endfacet
  facet normal 0 0 1
    outer loop
      vertex 105.07106781186548 -7.0710678118654755 4
      vertex 104.97332364416188 -2.7609341451350877 4
      vertex 104.88315969262986 -2.978609179760852 4
    endloop
  endfacet
  facet normal 0 0 1
    outer loop
      vertex 105.07106781186548 -7.0710678118654755 4
      vertex 105.0566057671567 -2.540534401839687 4
      vertex 104.97332364416188 -2.7609341451350877 4
    endloop
  endfacet
  facet normal 0 0 1
    outer loop
      vertex 105.28968627421412 -6.845471059286885 4
      vertex 105.13292387221365 -2.3176274578121054 4
      vertex 105.0566057671567 -2.540534401839687 4
    endloop
  endfacet
  facet normal 0 0 1
    outer loop
      vertex 105.28968627421412 -6.845471059286885 4
      vertex 105.20220264257708 -2.0924332952942177 4
      vertex 105.13292387221365 -2.3176274578121054 4
    endloop
  endfacet
  facet normal 0.9354440308298674 -0.35347484377925675 0
    outer loop
      vertex 107.40880768954226 -3.387379202452916 0
      vertex 107.40880768954226 -3.387379202452916 4
      vertex 107.29776485888252 -3.6812455268467836 4
    endloop
  endfacet
  facet normal 0.946085358827548 -0.32391741819814146 0
    outer loop
      vertex 107.51056516295154 -3.090169943749474 0
      vertex 107.51056516295154 -3.090169943749474 4
      vertex 107.40880768954226 -3.387379202452916 4
    endloop
  endfacet
  facet normal 0.9557930147983301 -0.2940403252323038 0
    outer loop
      vertex 107.60293685676943 -2.7899110603922903 0
      vertex 107.60293685676943 -2.7899110603922903 4
      vertex 107.51056516295154 -3.090169943749474 4
    endloop
  endfacet
  facet normal 0.964557418457794 -0.26387304996538796 0
    outer loop
      vertex 107.60293685676943 -2.7899110603922903 4
      vertex 107.68583161128632 -2.4868988716485445 0
      vertex 107.68583161128632 -2.4868988716485445 4
    endloop
  endfacet
  facet normal 0 0 1
    outer loop
      vertex 105.28968627421412 -6.845471059286885 4
      vertex 105.26437370846473 -1.8651741537364082 4
      vertex 105.20220264257708 -2.0924332952942177 4
    endloop
  endfacet
  facet normal 0 0 1
    outer loop
      vertex 105.5011106963046 -6.613118653236515 4
      vertex 105.3193757145406 -1.636074310474072 4
      vertex 105.26437370846473 -1.8651741537364082 4
    endloop
  endfacet
  facet normal 0 0 1
    outer loop
      vertex 105.5011106963046 -6.613118653236515 4
      vertex 105.36715438046517 -1.4053598593929362 4
      vertex 105.3193757145406 -1.636074310474072 4
    endloop
  endfacet
  facet normal 0 0 1
    outer loop
      vertex 105.5011106963046 -6.613118653236515 4
      vertex 105.40766255446353 -1.1732584878017316 4
      vertex 105.36715438046517 -1.4053598593929362 4
    endloop
  endfacet
  facet normal 0 0 1
    outer loop
      vertex 105.5011106963046 -6.613118653236515 4
      vertex 105.44086025985858 -0.9399992517322805 4
      vertex 105.40766255446353 -1.1732584878017316 4
    endloop
  endfacet
  facet normal 0 0 1
    outer loop
      vertex 105.5011106963046 -6.613118653236515 4
      vertex 105.4667147345231 -0.7058123498888544 4
      vertex 105.44086025985858 -0.9399992517322805 4
    endloop
  endfacet
  facet normal 0 0 1
    outer loop
      vertex 105.5011106963046 -6.613118653236515 4
      vertex 105.48520046321204 -0.4709288964698532 4
      vertex 105.4667147345231 -0.7058123498888544 4
    endloop
  endfacet
  facet normal 0 0 -1
    outer loop
      vertex 102.59680290239733 -5.288130030470517 0
      vertex 102.56284742680529 -0.7571704674327199 0
      vertex 102.94492090243648 -0.09539979541505625 0
    endloop
  endfacet
  facet normal 0 0 -1
    outer loop
      vertex 102.86555534648694 -5.7063588610460565 0
      vertex 102.95394487026091 -0.07976982465728084 0
      vertex 103 0 0
    endloop
  endfacet
  facet normal 0 0 -1
    outer loop
      vertex 103.35826794978996 -8.443279255020153 0
      vertex 103 0 0
      vertex 103.09041415750372 2.686156622476433 0
    endloop
  endfacet
  facet normal 0 0 -1
    outer loop
      vertex 104.12907053652977 -7.901550123756902 0
      vertex 103.46726470566058 -1.504900978971353 0
      vertex 103.6208337785213 4.64160342725145 0
    endloop
  endfacet
  facet normal 0 0 -1
    outer loop
      vertex 103.35826794978996 -5.246579221254917 0
      vertex 103.09041415750372 2.686156622476433 0
      vertex 103.35826794978996 -1.8042749815838084 0
    endloop
  endfacet
  facet normal 0 0 -1
    outer loop
      vertex 104.61311865323651 -3.5360597246795447 0
      vertex 104.45556520252957 -2.528228534664791 0
      vertex 104.61311865323651 -1.0147764986846752 0
    endloop
  endfacet
  facet normal 0 0 -1
    outer loop
      vertex 105.5011106963046 -6.613118653236515 0
      vertex 105.70513242775789 6.3742398974868975 0
      vertex 105.70513242775789 -6.3742398974869 0
    endloop
  endfacet
  facet normal 0 0 -1
    outer loop
      vertex 105.28968627421412 -6.845471059286885 0
      vertex 105.07106781186548 7.0710678118654755 0
      vertex 105.5011106963046 -6.613118653236515 0
    endloop
  endfacet
  facet normal 0 0 -1
    outer loop
      vertex 105.70513242775789 -6.3742398974869 0
      vertex 105.9015501237569 6.129070536529763 0
      vertex 105.9015501237569 -6.129070536529767 0
    endloop
  endfacet
  facet normal 0 0 -1
    outer loop
      vertex 105.9015501237569 -6.129070536529767 0
      vertex 106.09016994374947 5.877852522924732 0
      vertex 106.09016994374947 -5.877852522924732 0
    endloop
  endfacet
  facet normal 0 0 -1
    outer loop
      vertex 106.09016994374947 -5.877852522924732 0
      vertex 106.27080574274562 5.620833778521305 0
      vertex 106.27080574274562 -5.6208337785213045 0
    endloop
  endfacet
  facet normal 0 0 -1
    outer loop
      vertex 106.27080574274562 -5.6208337785213045 0
      vertex 106.44327925502014 5.358267949789966 0
      vertex 106.44327925502016 -5.358267949789962 0
    endloop
  endfacet
  facet normal 0 0 -1
    outer loop
      vertex 106.44327925502016 -5.358267949789962 0
      vertex 106.60742027003944 5.090414157503713 0
      vertex 106.60742027003943 -5.090414157503717 0
    endloop
  endfacet
  facet normal 0 0 -1
    outer loop
      vertex 106.60742027003943 -5.090414157503717 0
      vertex 106.76306680043864 4.817536741017153 0
      vertex 106.76306680043864 -4.817536741017154 0
    endloop
  endfacet
  facet normal 0 0 -1
    outer loop
      vertex 106.76306680043864 -4.817536741017154 0
      vertex 106.91006524188367 4.5399049973954675 0
      vertex 106.91006524188367 -4.5399049973954675 0
    endloop
  endfacet
  facet normal 0 0 -1
    outer loop
      vertex 106.91006524188367 -4.5399049973954675 0
      vertex 107.0482705246602 4.257792915650727 0
      vertex 107.0482705246602 -4.257792915650724 0
    endloop
  endfacet
  facet normal 0 0 -1
    outer loop
      vertex 107.0482705246602 -4.257792915650724 0
      vertex 107.1775462568398 3.9714789063478055 0
      vertex 107.17754625683982 -3.971478906347803 0
    endloop
  endfacet
  facet normal 0 0 -1
    outer loop
      vertex 107.17754625683982 -3.971478906347803 0
      vertex 107.29776485888252 3.6812455268467796 0
      vertex 107.29776485888252 -3.6812455268467836 0
    endloop
  endfacet
  facet normal 0.9723699203976837 -0.23344536385587536 0
    outer loop
      vertex 107.68583161128632 -2.4868988716485445 0
      vertex 107.75916761938747 -2.181432413965429 0
      vertex 107.68583161128632 -2.4868988716485445 4
    endloop
  endfacet
  facet normal 0.979222810621762 -0.20278729535653126 0
    outer loop
      vertex 107.75916761938747 -2.181432413965429 0
      vertex 107.82287250728689 -1.8738131458572482 0
      vertex 107.75916761938747 -2.181432413965429 4
    endloop
  endfacet
  facet normal 0.9851093261547762 -0.17192910027939695 0
    outer loop
      vertex 107.82287250728689 -1.8738131458572482 0
      vertex 107.87688340595138 -1.5643446504023086 0
      vertex 107.82287250728689 -1.8738131458572482 4
    endloop
  endfacet
  facet normal 0.9900236577165579 -0.14090123193757978 0
    outer loop
      vertex 107.87688340595138 -1.5643446504023086 0
      vertex 107.92114701314478 -1.2533323356430406 0
      vertex 107.87688340595138 -1.5643446504023086 4
    endloop
  endfacet
  facet normal 0 0 -1
    outer loop
      vertex 104.12907053652977 -4.320964734224005 0
      vertex 103.6208337785213 4.64160342725145 0
      vertex 104.12907053652977 -0.4971232340137268 0
    endloop
  endfacet
  facet normal 0 0 -1
    outer loop
      vertex 105.28968627421412 -6.845471059286885 0
      vertex 104.68254893141275 -3.081405449573664 0
      vertex 105.07106781186548 7.0710678118654755 0
    endloop
  endfacet
  facet normal 0 0 -1
    outer loop
      vertex 107.29776485888252 -3.6812455268467836 0
      vertex 107.40880768954226 3.387379202452914 0
      vertex 107.40880768954226 -3.387379202452916 0
    endloop
  endfacet
  facet normal 0 0 -1
    outer loop
      vertex 107.40880768954226 -3.387379202452916 0
      vertex 107.51056516295154 3.090169943749474 0
      vertex 107.51056516295154 -3.090169943749474 0
    endloop
  endfacet
  facet normal 0 0 -1
    outer loop
      vertex 107.51056516295154 -3.090169943749474 0
      vertex 107.60293685676943 2.789911060392293 0
      vertex 107.60293685676943 -2.7899110603922903 0
    endloop
  endfacet
  facet normal 0 0 -1
    outer loop
      vertex 107.60293685676943 -2.7899110603922903 0
      vertex 107.68583161128632 2.486898871648548 0
      vertex 107.68583161128632 -2.4868988716485445 0
    endloop
  endfacet
  facet normal 0 0 -1
    outer loop
      vertex 107.68583161128632 -2.4868988716485445 0
      vertex 107.75916761938747 2.1814324139654255 0
      vertex 107.75916761938747 -2.181432413965429 0
    endloop
  endfacet
  facet normal 0 0 -1
    outer loop
      vertex 107.75916761938747 -2.181432413965429 0
      vertex 107.82287250728689 1.8738131458572462 0
      vertex 107.82287250728689 -1.8738131458572482 0
    endloop
  endfacet
  facet normal 0 0 -1
    outer loop
      vertex 107.82287250728689 -1.8738131458572482 0
      vertex 107.87688340595138 1.5643446504023086 0
      vertex 107.87688340595138 -1.5643446504023086 0
    endloop
  endfacet
  facet normal 0 0 -1
    outer loop
      vertex 107.87688340595138 -1.5643446504023086 0
      vertex 107.92114701314478 1.2533323356430426 0
      vertex 107.92114701314478 -1.2533323356430406 0
    endloop
  endfacet
  facet normal 0 0 -1
    outer loop
      vertex 107.92114701314478 -1.2533323356430406 0
      vertex 107.9556196460308 0.9410831331851433 0
      vertex 107.9556196460308 -0.9410831331851393 0
    endloop
  endfacet
  facet normal 0 0 -1
    outer loop
      vertex 107.9556196460308 -0.9410831331851393 0
      vertex 107.98026728428272 0.6279051952931337 0
      vertex 107.98026728428272 -0.6279051952931376 0
    endloop
  endfacet
  facet normal 0 0 -1
    outer loop
      vertex 107.98026728428272 -0.6279051952931376 0
      vertex 107.99506560365731 0.3141075907812829 0
      vertex 107.99506560365731 -0.31410759078128486 0
    endloop
  endfacet
  facet normal 0.9939609554551797 -0.10973431109104471 0
    outer loop
      vertex 107.92114701314478 -1.2533323356430406 0
      vertex 107.9556196460308 -0.9410831331851393 0
      vertex 107.92114701314478 -1.2533323356430406 4
    endloop
  endfacet
  facet normal 0.9969173337331266 -0.07845909572786278 0
    outer loop
      vertex 107.9556196460308 -0.9410831331851393 0
      vertex 107.98026728428272 -0.6279051952931376 0
      vertex 107.9556196460308 -0.9410831331851393 4
    endloop
  endfacet
  facet normal 0.9988898749619712 -0.047106450709615624 0
    outer loop
      vertex 107.98026728428272 -0.6279051952931376 0
      vertex 107.99506560365731 -0.31410759078128486 0
      vertex 107.98026728428272 -0.6279051952931376 4
    endloop
  endfacet
  facet normal 0.9998766324816604 -0.01570731731184041 0
    outer loop
      vertex 107.99506560365731 -0.31410759078128486 0
      vertex 108 0 0
      vertex 107.99506560365731 -0.31410759078128486 4
    endloop
  endfacet
  facet normal 0.9723699203976837 -0.23344536385587536 0
    outer loop
      vertex 107.75916761938747 -2.181432413965429 0
      vertex 107.75916761938747 -2.181432413965429 4
      vertex 107.68583161128632 -2.4868988716485445 4
    endloop
  endfacet
  facet normal 0.979222810621762 -0.20278729535653126 0
    outer loop
      vertex 107.82287250728689 -1.8738131458572482 0
      vertex 107.82287250728689 -1.8738131458572482 4
      vertex 107.75916761938747 -2.181432413965429 4
    endloop
  endfacet
  facet normal 0.9851093261547762 -0.17192910027939695 0
    outer loop
      vertex 107.87688340595138 -1.5643446504023086 0
      vertex 107.87688340595138 -1.5643446504023086 4
      vertex 107.82287250728689 -1.8738131458572482 4
    endloop
  endfacet
  facet normal 0.9900236577165579 -0.14090123193757978 0
    outer loop
      vertex 107.92114701314478 -1.2533323356430406 0
      vertex 107.92114701314478 -1.2533323356430406 4
      vertex 107.87688340595138 -1.5643446504023086 4
    endloop
  endfacet
  facet normal 0 0 1
    outer loop
      vertex 105.5011106963046 -6.613118653236515 4
      vertex 105.49629920274299 -0.23558069308596363 4
      vertex 105.48520046321204 -0.4709288964698532 4
    endloop
  endfacet
  facet normal 0 0 1
    outer loop
      vertex 105.5011106963046 -6.613118653236515 4
      vertex 105.5 0 4
      vertex 105.49629920274299 -0.23558069308596363 4
    endloop
  endfacet
  facet normal 0 0 1
    outer loop
      vertex 105.5011106963046 -6.613118653236515 4
      vertex 105.70513242775789 -6.3742398974869 4
      vertex 105.5011106963046 6.613118653236518 4
    endloop
  endfacet
  facet normal 0 0 1
    outer loop
      vertex 105.70513242775789 -6.3742398974869 4
      vertex 105.9015501237569 -6.129070536529767 4
      vertex 105.70513242775789 6.3742398974868975 4
    endloop
  endfacet
  facet normal 0 0 1
    outer loop
      vertex 105.9015501237569 -6.129070536529767 4
      vertex 106.09016994374947 -5.877852522924732 4
      vertex 105.9015501237569 6.129070536529763 4
    endloop
  endfacet
  facet normal 0 0 1
    outer loop
      vertex 106.09016994374947 -5.877852522924732 4
      vertex 106.27080574274562 -5.6208337785213045 4
      vertex 106.09016994374947 5.877852522924732 4
    endloop
  endfacet
  facet normal 0 0 1
    outer loop
      vertex 106.27080574274562 -5.6208337785213045 4
      vertex 106.44327925502016 -5.358267949789962 4
      vertex 106.27080574274562 5.620833778521305 4
    endloop
  endfacet
  facet normal 0 0 1
    outer loop
      vertex 106.44327925502016 -5.358267949789962 4
      vertex 106.60742027003943 -5.090414157503717 4
      vertex 106.44327925502014 5.358267949789966 4
    endloop
  endfacet
  facet normal 0 0 1
    outer loop
      vertex 106.60742027003943 -5.090414157503717 4
      vertex 106.76306680043864 -4.817536741017154 4
      vertex 106.60742027003944 5.090414157503713 4
    endloop
  endfacet
  facet normal 0 0 1
    outer loop
      vertex 106.76306680043864 -4.817536741017154 4
      vertex 106.91006524188367 -4.5399049973954675 4
      vertex 106.76306680043864 4.817536741017153 4
    endloop
  endfacet
  facet normal 0 0 1
    outer loop
      vertex 106.91006524188367 -4.5399049973954675 4
      vertex 107.0482705246602 -4.257792915650724 4
      vertex 106.91006524188367 4.5399049973954675 4
    endloop
  endfacet
  facet normal 0 0 1
    outer loop
      vertex 107.0482705246602 -4.257792915650724 4
      vertex 107.17754625683982 -3.971478906347803 4
      vertex 107.0482705246602 4.257792915650727 4
    endloop
  endfacet
  facet normal 0.9939609554551797 -0.10973431109104471 0
    outer loop
      vertex 107.9556196460308 -0.9410831331851393 0
      vertex 107.9556196460308 -0.9410831331851393 4
      vertex 107.92114701314478 -1.2533323356430406 4
    endloop
  endfacet
  facet normal 0.9969173337331266 -0.07845909572786278 0
    outer loop
      vertex 107.98026728428272 -0.6279051952931376 0
      vertex 107.98026728428272 -0.6279051952931376 4
      vertex 107.9556196460308 -0.9410831331851393 4
    endloop
  endfacet
  facet normal 0.9988898749619712 -0.047106450709615624 0
    outer loop
      vertex 107.99506560365731 -0.31410759078128486 0
      vertex 107.99506560365731 -0.31410759078128486 4
      vertex 107.98026728428272 -0.6279051952931376 4
    endloop
  endfacet
  facet normal 0.9998766324816604 -0.01570731731184041 0
    outer loop
      vertex 107.99506560365731 -0.31410759078128486 4
      vertex 108 0 0
      vertex 108 0 4
    endloop
  endfacet
  facet normal 0 0 1
    outer loop
      vertex 107.17754625683982 -3.971478906347803 4
      vertex 107.29776485888252 -3.6812455268467836 4
      vertex 107.1775462568398 3.9714789063478055 4
    endloop
  endfacet
  facet normal 0 0 1
    outer loop
      vertex 107.29776485888252 -3.6812455268467836 4
      vertex 107.40880768954226 -3.387379202452916 4
      vertex 107.29776485888252 3.6812455268467796 4
    endloop
  endfacet
  facet normal 0 0 1
    outer loop
      vertex 107.40880768954226 -3.387379202452916 4
      vertex 107.51056516295154 -3.090169943749474 4
      vertex 107.40880768954226 3.387379202452914 4
    endloop
  endfacet
  facet normal 0 0 1
    outer loop
      vertex 107.51056516295154 -3.090169943749474 4
      vertex 107.60293685676943 -2.7899110603922903 4
      vertex 107.51056516295154 3.090169943749474 4
    endloop
  endfacet
  facet normal 0 0 1
    outer loop
      vertex 107.60293685676943 -2.7899110603922903 4
      vertex 107.68583161128632 -2.4868988716485445 4
      vertex 107.60293685676943 2.789911060392293 4
    endloop
  endfacet
  facet normal 0 0 1
    outer loop
      vertex 107.68583161128632 -2.4868988716485445 4
      vertex 107.75916761938747 -2.181432413965429 4
      vertex 107.68583161128632 2.486898871648548 4
    endloop
  endfacet
  facet normal 0 0 1
    outer loop
      vertex 107.75916761938747 -2.181432413965429 4
      vertex 107.82287250728689 -1.8738131458572482 4
      vertex 107.75916761938747 2.1814324139654255 4
    endloop
  endfacet
  facet normal 0 0 1
    outer loop
      vertex 107.82287250728689 -1.8738131458572482 4
      vertex 107.87688340595138 -1.5643446504023086 4
      vertex 107.82287250728689 1.8738131458572462 4
    endloop
  endfacet
  facet normal 0 0 1
    outer loop
      vertex 107.87688340595138 -1.5643446504023086 4
      vertex 107.92114701314478 -1.2533323356430406 4
      vertex 107.87688340595138 1.5643446504023086 4
    endloop
  endfacet
  facet normal 0 0 1
    outer loop
      vertex 107.92114701314478 -1.2533323356430406 4
      vertex 107.9556196460308 -0.9410831331851393 4
      vertex 107.92114701314478 1.2533323356430426 4
    endloop
  endfacet
  facet normal 0 0 1
    outer loop
      vertex 107.9556196460308 -0.9410831331851393 4
      vertex 107.98026728428272 -0.6279051952931376 4
      vertex 107.9556196460308 0.9410831331851433 4
    endloop
  endfacet
  facet normal 0 0 1
    outer loop
      vertex 107.98026728428272 -0.6279051952931376 4
      vertex 107.99506560365731 -0.31410759078128486 4
      vertex 107.98026728428272 0.6279051952931337 4
    endloop
  endfacet
  facet normal 0 0 -1
    outer loop
      vertex 102.95983898992739 0.29543062533491415 0
      vertex 102.95175213513501 0.08356775330287552 0
      vertex 102.55134955627925 0.7770853633626672 0
    endloop
  endfacet
  facet normal 0 0 -1
    outer loop
      vertex 103.35826794978996 -1.8042749815838084 0
      vertex 103.56978852247398 5.021431090949028 0
      vertex 103.46726470566058 -1.504900978971353 0
    endloop
  endfacet
  facet normal 0 0 -1
    outer loop
      vertex 103.09041415750372 2.686156622476433 0
      vertex 103 0 0
      vertex 102.95638473257533 0.0755438591652212 0
    endloop
  endfacet
  facet normal 0 0 -1
    outer loop
      vertex 102.95983898992739 0.29543062533491415 0
      vertex 103.09041415750372 2.686156622476433 0
      vertex 102.95638473257533 0.0755438591652212 0
    endloop
  endfacet
  facet normal 0 0 -1
    outer loop
      vertex 104.20310430705922 -3.1888015558521 0
      vertex 104.3742398974869 7.705132427757891 0
      vertex 104.3742398974869 -1.3590932749656122 0
    endloop
  endfacet
  facet normal 0 0 -1
    outer loop
      vertex 107.99506560365731 -0.31410759078128486 0
      vertex 107.99506560365731 0.3141075907812829 0
      vertex 108 0 0
    endloop
  endfacet
  facet normal 0 0 -1
    outer loop
      vertex 107.98026728428272 -0.6279051952931376 0
      vertex 107.98026728428272 0.6279051952931337 0
      vertex 107.99506560365731 0.3141075907812829 0
    endloop
  endfacet
  facet normal 0 0 -1
    outer loop
      vertex 107.9556196460308 -0.9410831331851393 0
      vertex 107.9556196460308 0.9410831331851433 0
      vertex 107.98026728428272 0.6279051952931337 0
    endloop
  endfacet
  facet normal 0 0 -1
    outer loop
      vertex 107.92114701314478 -1.2533323356430406 0
      vertex 107.92114701314478 1.2533323356430426 0
      vertex 107.9556196460308 0.9410831331851433 0
    endloop
  endfacet
  facet normal 0 0 -1
    outer loop
      vertex 107.87688340595138 -1.5643446504023086 0
      vertex 107.87688340595138 1.5643446504023086 0
      vertex 107.92114701314478 1.2533323356430426 0
    endloop
  endfacet
  facet normal 0 0 -1
    outer loop
      vertex 107.82287250728689 -1.8738131458572482 0
      vertex 107.82287250728689 1.8738131458572462 0
      vertex 107.87688340595138 1.5643446504023086 0
    endloop
  endfacet
  facet normal 0 0 -1
    outer loop
      vertex 107.75916761938747 -2.181432413965429 0
      vertex 107.75916761938747 2.1814324139654255 0
      vertex 107.82287250728689 1.8738131458572462 0
    endloop
  endfacet
  facet normal 0 0 -1
    outer loop
      vertex 104.68254893141275 -3.081405449573664 0
      vertex 104.61311865323651 -1.0147764986846752 0
      vertex 104.61311865323651 7.501110696304596 0
    endloop
  endfacet
  facet normal 0 0 -1
    outer loop
      vertex 104.45556520252957 -2.528228534664791 0
      vertex 104.3742398974869 -1.3590932749656122 0
      vertex 104.61311865323651 7.501110696304596 0
    endloop
  endfacet
  facet normal 0 0 -1
    outer loop
      vertex 107.68583161128632 -2.4868988716485445 0
      vertex 107.68583161128632 2.486898871648548 0
      vertex 107.75916761938747 2.1814324139654255 0
    endloop
  endfacet
  facet normal 0 0 -1
    outer loop
      vertex 107.51056516295154 -3.090169943749474 0
      vertex 107.51056516295154 3.090169943749474 0
      vertex 107.60293685676943 2.789911060392293 0
    endloop
  endfacet
  facet normal 0 0 -1
    outer loop
      vertex 107.60293685676943 -2.7899110603922903 0
      vertex 107.60293685676943 2.789911060392293 0
      vertex 107.68583161128632 2.486898871648548 0
    endloop
  endfacet
  facet normal 0 0 -1
    outer loop
      vertex 107.40880768954226 -3.387379202452916 0
      vertex 107.40880768954226 3.387379202452914 0
      vertex 107.51056516295154 3.090169943749474 0
    endloop
  endfacet
  facet normal 0 0 -1
    outer loop
      vertex 107.29776485888252 -3.6812455268467836 0
      vertex 107.29776485888252 3.6812455268467796 0
      vertex 107.40880768954226 3.387379202452914 0
    endloop
  endfacet
  facet normal 0 0 -1
    outer loop
      vertex 107.17754625683982 -3.971478906347803 0
      vertex 107.1775462568398 3.9714789063478055 0
      vertex 107.29776485888252 3.6812455268467796 0
    endloop
  endfacet
  facet normal 0.9998766324816604 0.015707317311840507 0
    outer loop
      vertex 108 0 0
      vertex 107.99506560365731 0.3141075907812829 0
      vertex 108 0 4
    endloop
  endfacet
  facet normal 0.9988898749619712 0.047106450709615916 0
    outer loop
      vertex 107.99506560365731 0.3141075907812829 0
      vertex 107.98026728428272 0.6279051952931337 0
      vertex 107.99506560365731 0.3141075907812829 4
    endloop
  endfacet
  facet normal 0.9969173337331267 0.0784590957278608 0
    outer loop
      vertex 107.98026728428272 0.6279051952931337 0
      vertex 107.9556196460308 0.9410831331851433 0
      vertex 107.98026728428272 0.6279051952931337 4
    endloop
  endfacet
  facet normal 0.9939609554551797 0.10973431109104541 0
    outer loop
      vertex 107.9556196460308 0.9410831331851433 0
      vertex 107.92114701314478 1.2533323356430426 0
      vertex 107.9556196460308 0.9410831331851433 4
    endloop
  endfacet
  facet normal 0 0 -1
    outer loop
      vertex 102.53990499739547 2.304227381404504 0
      vertex 102.53990499739547 0.7969079208195852 0
      vertex 102.44047919381082 0.9691184642115673 0
    endloop
  endfacet
  facet normal 0 0 -1
    outer loop
      vertex 104.20310430705922 -3.1888015558521 0
      vertex 104.12907053652977 -0.4971232340137268 0
      vertex 104.3742398974869 7.705132427757891 0
    endloop
  endfacet
  facet normal 0 0 -1
    outer loop
      vertex 101.97147890634781 3.3264572456336423 0
      vertex 101.97147890634781 1.7814507908619006 0
      vertex 101.91491156320896 1.8794283032275767 0
    endloop
  endfacet
  facet normal 0 0 -1
    outer loop
      vertex 104.45556520252957 -2.528228534664791 0
      vertex 104.61311865323651 7.501110696304596 0
      vertex 104.61311865323651 -1.0147764986846752 0
    endloop
  endfacet
  facet normal 0 0 -1
    outer loop
      vertex 106.09016994374947 -5.877852522924732 0
      vertex 106.09016994374947 5.877852522924732 0
      vertex 106.27080574274562 5.620833778521305 0
    endloop
  endfacet
  facet normal 0 0 -1
    outer loop
      vertex 107.0482705246602 -4.257792915650724 0
      vertex 107.0482705246602 4.257792915650727 0
      vertex 107.1775462568398 3.9714789063478055 0
    endloop
  endfacet
  facet normal 0 0 -1
    outer loop
      vertex 106.91006524188367 -4.5399049973954675 0
      vertex 106.91006524188367 4.5399049973954675 0
      vertex 107.0482705246602 4.257792915650727 0
    endloop
  endfacet
  facet normal 0 0 -1
    outer loop
      vertex 106.76306680043864 -4.817536741017154 0
      vertex 106.76306680043864 4.817536741017153 0
      vertex 106.91006524188367 4.5399049973954675 0
    endloop
  endfacet
  facet normal 0 0 -1
    outer loop
      vertex 106.44327925502016 -5.358267949789962 0
      vertex 106.44327925502014 5.358267949789966 0
      vertex 106.60742027003944 5.090414157503713 0
    endloop
  endfacet
  facet normal 0 0 -1
    outer loop
      vertex 106.60742027003943 -5.090414157503717 0
      vertex 106.60742027003944 5.090414157503713 0
      vertex 106.76306680043864 4.817536741017153 0
    endloop
  endfacet
  facet normal 0 0 -1
    outer loop
      vertex 106.27080574274562 -5.6208337785213045 0
      vertex 106.27080574274562 5.620833778521305 0
      vertex 106.44327925502014 5.358267949789966 0
    endloop
  endfacet
  facet normal 0 0 -1
    outer loop
      vertex 105.9015501237569 -6.129070536529767 0
      vertex 105.9015501237569 6.129070536529763 0
      vertex 106.09016994374947 5.877852522924732 0
    endloop
  endfacet
  facet normal 0 0 -1
    outer loop
      vertex 105.5011106963046 -6.613118653236515 0
      vertex 105.5011106963046 6.613118653236518 0
      vertex 105.70513242775789 6.3742398974868975 0
    endloop
  endfacet
  facet normal 0 0 -1
    outer loop
      vertex 105.70513242775789 -6.3742398974869 0
      vertex 105.70513242775789 6.3742398974868975 0
      vertex 105.9015501237569 6.129070536529763 0
    endloop
  endfacet
  facet normal 0 0 -1
    outer loop
      vertex 105.5011106963046 -6.613118653236515 0
      vertex 105.07106781186548 7.0710678118654755 0
      vertex 105.5011106963046 6.613118653236518 0
    endloop
  endfacet
  facet normal 0.9900236577165579 0.1409012319375807 0
    outer loop
      vertex 107.92114701314478 1.2533323356430426 0
      vertex 107.87688340595138 1.5643446504023086 0
      vertex 107.92114701314478 1.2533323356430426 4
    endloop
  endfacet
  facet normal 0.985109326154776 0.17192910027939803 0
    outer loop
      vertex 107.87688340595138 1.5643446504023086 0
      vertex 107.82287250728689 1.8738131458572462 0
      vertex 107.87688340595138 1.5643446504023086 4
    endloop
  endfacet
  facet normal 0.9792228106217618 0.20278729535653223 0
    outer loop
      vertex 107.82287250728689 1.8738131458572462 0
      vertex 107.75916761938747 2.1814324139654255 0
      vertex 107.82287250728689 1.8738131458572462 4
    endloop
  endfacet
  facet normal 0.972369920397685 0.23344536385587025 0
    outer loop
      vertex 107.75916761938747 2.1814324139654255 0
      vertex 107.68583161128632 2.486898871648548 0
      vertex 107.75916761938747 2.1814324139654255 4
    endloop
  endfacet
  facet normal 0.9998766324816604 0.015707317311840507 0
    outer loop
      vertex 107.99506560365731 0.3141075907812829 0
      vertex 107.99506560365731 0.3141075907812829 4
      vertex 108 0 4
    endloop
  endfacet
  facet normal 0.9988898749619712 0.047106450709615916 0
    outer loop
      vertex 107.98026728428272 0.6279051952931337 0
      vertex 107.98026728428272 0.6279051952931337 4
      vertex 107.99506560365731 0.3141075907812829 4
    endloop
  endfacet
  facet normal 0.9969173337331267 0.0784590957278608 0
    outer loop
      vertex 107.9556196460308 0.9410831331851433 0
      vertex 107.9556196460308 0.9410831331851433 4
      vertex 107.98026728428272 0.6279051952931337 4
    endloop
  endfacet
  facet normal 0.9939609554551797 0.10973431109104541 0
    outer loop
      vertex 107.92114701314478 1.2533323356430426 0
      vertex 107.92114701314478 1.2533323356430426 4
      vertex 107.9556196460308 0.9410831331851433 4
    endloop
  endfacet
  facet normal 0 0 1
    outer loop
      vertex 105.5011106963046 -6.613118653236515 4
      vertex 105.5011106963046 6.613118653236518 4
      vertex 105.5 0 4
    endloop
  endfacet
  facet normal 0 0 1
    outer loop
      vertex 107.99506560365731 -0.31410759078128486 4
      vertex 108 0 4
      vertex 107.99506560365731 0.3141075907812829 4
    endloop
  endfacet
  facet normal 0 0 1
    outer loop
      vertex 107.99506560365731 -0.31410759078128486 4
      vertex 107.99506560365731 0.3141075907812829 4
      vertex 107.98026728428272 0.6279051952931337 4
    endloop
  endfacet
  facet normal 0 0 1
    outer loop
      vertex 107.98026728428272 -0.6279051952931376 4
      vertex 107.98026728428272 0.6279051952931337 4
      vertex 107.9556196460308 0.9410831331851433 4
    endloop
  endfacet
  facet normal 0 0 1
    outer loop
      vertex 107.9556196460308 -0.9410831331851393 4
      vertex 107.9556196460308 0.9410831331851433 4
      vertex 107.92114701314478 1.2533323356430426 4
    endloop
  endfacet
  facet normal 0 0 1
    outer loop
      vertex 107.92114701314478 -1.2533323356430406 4
      vertex 107.92114701314478 1.2533323356430426 4
      vertex 107.87688340595138 1.5643446504023086 4
    endloop
  endfacet
  facet normal 0 0 1
    outer loop
      vertex 107.87688340595138 -1.5643446504023086 4
      vertex 107.87688340595138 1.5643446504023086 4
      vertex 107.82287250728689 1.8738131458572462 4
    endloop
  endfacet
  facet normal 0 0 1
    outer loop
      vertex 107.82287250728689 -1.8738131458572482 4
      vertex 107.82287250728689 1.8738131458572462 4
      vertex 107.75916761938747 2.1814324139654255 4
    endloop
  endfacet
  facet normal 0 0 1
    outer loop
      vertex 107.75916761938747 -2.181432413965429 4
      vertex 107.75916761938747 2.1814324139654255 4
      vertex 107.68583161128632 2.486898871648548 4
    endloop
  endfacet
  facet normal 0 0 1
    outer loop
      vertex 107.68583161128632 -2.4868988716485445 4
      vertex 107.68583161128632 2.486898871648548 4
      vertex 107.60293685676943 2.789911060392293 4
    endloop
  endfacet
  facet normal 0 0 1
    outer loop
      vertex 107.60293685676943 -2.7899110603922903 4
      vertex 107.60293685676943 2.789911060392293 4
      vertex 107.51056516295154 3.090169943749474 4
    endloop
  endfacet
  facet normal 0 0 1
    outer loop
      vertex 107.51056516295154 -3.090169943749474 4
      vertex 107.51056516295154 3.090169943749474 4
      vertex 107.40880768954226 3.387379202452914 4
    endloop
  endfacet
  facet normal 0 0 1
    outer loop
      vertex 107.40880768954226 -3.387379202452916 4
      vertex 107.40880768954226 3.387379202452914 4
      vertex 107.29776485888252 3.6812455268467796 4
    endloop
  endfacet
  facet normal 0.9900236577165579 0.1409012319375807 0
    outer loop
      vertex 107.87688340595138 1.5643446504023086 0
      vertex 107.87688340595138 1.5643446504023086 4
      vertex 107.92114701314478 1.2533323356430426 4
    endloop
  endfacet
  facet normal 0.985109326154776 0.17192910027939803 0
    outer loop
      vertex 107.82287250728689 1.8738131458572462 0
      vertex 107.82287250728689 1.8738131458572462 4
      vertex 107.87688340595138 1.5643446504023086 4
    endloop
  endfacet
  facet normal 0.9792228106217618 0.20278729535653223 0
    outer loop
      vertex 107.75916761938747 2.1814324139654255 0
      vertex 107.75916761938747 2.1814324139654255 4
      vertex 107.82287250728689 1.8738131458572462 4
    endloop
  endfacet
  facet normal 0.972369920397685 0.23344536385587025 0
    outer loop
      vertex 107.68583161128632 2.486898871648548 0
      vertex 107.68583161128632 2.486898871648548 4
      vertex 107.75916761938747 2.1814324139654255 4
    endloop
  endfacet
  facet normal 0 0 1
    outer loop
      vertex 107.0482705246602 -4.257792915650724 4
      vertex 107.0482705246602 4.257792915650727 4
      vertex 106.91006524188367 4.5399049973954675 4
    endloop
  endfacet
  facet normal 0 0 1
    outer loop
      vertex 107.29776485888252 -3.6812455268467836 4
      vertex 107.29776485888252 3.6812455268467796 4
      vertex 107.1775462568398 3.9714789063478055 4
    endloop
  endfacet
  facet normal 0 0 1
    outer loop
      vertex 107.17754625683982 -3.971478906347803 4
      vertex 107.1775462568398 3.9714789063478055 4
      vertex 107.0482705246602 4.257792915650727 4
    endloop
  endfacet
  facet normal 0 0 1
    outer loop
      vertex 106.91006524188367 -4.5399049973954675 4
      vertex 106.91006524188367 4.5399049973954675 4
      vertex 106.76306680043864 4.817536741017153 4
    endloop
  endfacet
  facet normal 0 0 1
    outer loop
      vertex 106.76306680043864 -4.817536741017154 4
      vertex 106.76306680043864 4.817536741017153 4
      vertex 106.60742027003944 5.090414157503713 4
    endloop
  endfacet
  facet normal 0 0 1
    outer loop
      vertex 106.60742027003943 -5.090414157503717 4
      vertex 106.60742027003944 5.090414157503713 4
      vertex 106.44327925502014 5.358267949789966 4
    endloop
  endfacet
  facet normal 0 0 1
    outer loop
      vertex 106.44327925502016 -5.358267949789962 4
      vertex 106.44327925502014 5.358267949789966 4
      vertex 106.27080574274562 5.620833778521305 4
    endloop
  endfacet
  facet normal 0 0 1
    outer loop
      vertex 106.09016994374947 -5.877852522924732 4
      vertex 106.09016994374947 5.877852522924732 4
      vertex 105.9015501237569 6.129070536529763 4
    endloop
  endfacet
  facet normal 0 0 1
    outer loop
      vertex 105.9015501237569 -6.129070536529767 4
      vertex 105.9015501237569 6.129070536529763 4
      vertex 105.70513242775789 6.3742398974868975 4
    endloop
  endfacet
  facet normal 0 0 1
    outer loop
      vertex 105.70513242775789 -6.3742398974869 4
      vertex 105.70513242775789 6.3742398974868975 4
      vertex 105.5011106963046 6.613118653236518 4
    endloop
  endfacet
  facet normal 0 0 1
    outer loop
      vertex 105.5 0 4
      vertex 105.5011106963046 6.613118653236518 4
      vertex 105.49629920274299 0.2355806930859622 4
    endloop
  endfacet
  facet normal 0 0 1
    outer loop
      vertex 105.49629920274299 0.2355806930859622 4
      vertex 105.5011106963046 6.613118653236518 4
      vertex 105.48520046321204 0.4709288964698503 4
    endloop
  endfacet
  facet normal 0 0 1
    outer loop
      vertex 106.27080574274562 -5.6208337785213045 4
      vertex 106.27080574274562 5.620833778521305 4
      vertex 106.09016994374947 5.877852522924732 4
    endloop
  endfacet
  facet normal 0 0 -1
    outer loop
      vertex 99.17325848780173 4.8239068071955264 0
      vertex 99.16385822108559 4.330127018922193 0
      vertex 98.61347277948468 4.330127018922193 0
    endloop
  endfacet
  facet normal 0 0 -1
    outer loop
      vertex 102.4942398241774 6.003169130183829 0
      vertex 102.41582934044294 1.0118132626438388 0
      vertex 101.97922707455388 1.7680305698634076 0
    endloop
  endfacet
  facet normal 0 0 -1
    outer loop
      vertex 103.35826794978996 -1.8042749815838084 0
      vertex 103.09041415750372 2.686156622476433 0
      vertex 103.35826794978996 8.443279255020151 0
    endloop
  endfacet
  facet normal 0 0 -1
    outer loop
      vertex 102.95983898992739 0.29543062533491415 0
      vertex 102.55134955627925 0.7770853633626672 0
      vertex 102.81753674101715 8.763066800438637 0
    endloop
  endfacet
  facet normal 0.9645574184577939 0.2638730499653887 0
    outer loop
      vertex 107.68583161128632 2.486898871648548 0
      vertex 107.60293685676943 2.789911060392293 0
      vertex 107.68583161128632 2.486898871648548 4
    endloop
  endfacet
  facet normal 0.9557930147983295 0.29404032523230617 0
    outer loop
      vertex 107.60293685676943 2.789911060392293 0
      vertex 107.51056516295154 3.090169943749474 0
      vertex 107.60293685676943 2.789911060392293 4
    endloop
  endfacet
  facet normal 0.9460853588275474 0.3239174181981432 0
    outer loop
      vertex 107.51056516295154 3.090169943749474 0
      vertex 107.40880768954226 3.387379202452914 0
      vertex 107.51056516295154 3.090169943749474 4
    endloop
  endfacet
  facet normal 0.9354440308298666 0.35347484377925914 0
    outer loop
      vertex 107.40880768954226 3.387379202452914 0
      vertex 107.29776485888252 3.6812455268467796 0
      vertex 107.40880768954226 3.387379202452914 4
    endloop
  endfacet
  facet normal 0 0 -1
    outer loop
      vertex 101.92766111930663 6.388248728829613 0
      vertex 101.85836937728172 1.9773622420245713 0
      vertex 101.32655859454015 2.8984855377459255 0
    endloop
  endfacet
  facet normal 0 0 -1
    outer loop
      vertex 103.35826794978996 -1.8042749815838084 0
      vertex 103.35826794978996 8.443279255020151 0
      vertex 103.56978852247398 5.021431090949028 0
    endloop
  endfacet
  facet normal 0 0 -1
    outer loop
      vertex 102.53990499739547 2.304227381404504 0
      vertex 102.81753674101715 8.763066800438637 0
      vertex 102.55134955627925 0.7770853633626672 0
    endloop
  endfacet
  facet normal 0 0 -1
    outer loop
      vertex 104.12907053652977 -0.4971232340137268 0
      vertex 103.6208337785213 4.64160342725145 0
      vertex 104.12907053652977 7.901550123756904 0
    endloop
  endfacet
  facet normal 0 0 -1
    outer loop
      vertex 101.34501281367012 6.711901444790095 0
      vertex 101.28620488288698 2.9683802166032156 0
      vertex 100.5 4.330127018922193 0
    endloop
  endfacet
  facet normal 0 0 -1
    outer loop
      vertex 101.97147890634781 3.3264572456336423 0
      vertex 102.25779291565073 9.048270524660195 0
      vertex 101.97922707455388 1.7680305698634076 0
    endloop
  endfacet
  facet normal 0 0 -1
    outer loop
      vertex 102.95983898992739 0.29543062533491415 0
      vertex 102.81753674101715 8.763066800438637 0
      vertex 103.04239555203392 5.550712330646854 0
    endloop
  endfacet
  facet normal 0 0 -1
    outer loop
      vertex 104.68254893141275 -3.081405449573664 0
      vertex 104.61311865323651 7.501110696304596 0
      vertex 104.8454710592869 7.289686274214116 0
    endloop
  endfacet
  facet normal 0 0 -1
    outer loop
      vertex 104.68254893141275 -3.081405449573664 0
      vertex 104.8454710592869 7.289686274214116 0
      vertex 105.07106781186548 7.0710678118654755 0
    endloop
  endfacet
  facet normal 0 0 -1
    outer loop
      vertex 104.3742398974869 -1.3590932749656122 0
      vertex 104.3742398974869 7.705132427757891 0
      vertex 104.61311865323651 7.501110696304596 0
    endloop
  endfacet
  facet normal 0.9238795325112759 0.38268343236511615 0
    outer loop
      vertex 107.29776485888252 3.6812455268467796 0
      vertex 107.1775462568398 3.9714789063478055 0
      vertex 107.29776485888252 3.6812455268467796 4
    endloop
  endfacet
  facet normal 0.8980275757606045 0.4399391698559378 0
    outer loop
      vertex 107.0482705246602 4.257792915650727 0
      vertex 106.91006524188367 4.5399049973954675 0
      vertex 107.0482705246602 4.257792915650727 4
    endloop
  endfacet
  facet normal 0.9114032766354563 0.41151435860508434 0
    outer loop
      vertex 107.1775462568398 3.9714789063478055 0
      vertex 107.0482705246602 4.257792915650727 0
      vertex 107.1775462568398 3.9714789063478055 4
    endloop
  endfacet
  facet normal 0.8837656300887039 0.4679298142605536 0
    outer loop
      vertex 106.91006524188367 4.5399049973954675 0
      vertex 106.76306680043864 4.817536741017153 0
      vertex 106.91006524188367 4.5399049973954675 4
    endloop
  endfacet
  facet normal 0.8686315144381965 0.49545866843239833 0
    outer loop
      vertex 106.76306680043864 4.817536741017153 0
      vertex 106.60742027003944 5.090414157503713 0
      vertex 106.76306680043864 4.817536741017153 4
    endloop
  endfacet
  facet normal 0.9645574184577939 0.2638730499653887 0
    outer loop
      vertex 107.68583161128632 2.486898871648548 4
      vertex 107.60293685676943 2.789911060392293 0
      vertex 107.60293685676943 2.789911060392293 4
    endloop
  endfacet
  facet normal 0.9557930147983295 0.29404032523230617 0
    outer loop
      vertex 107.51056516295154 3.090169943749474 0
      vertex 107.51056516295154 3.090169943749474 4
      vertex 107.60293685676943 2.789911060392293 4
    endloop
  endfacet
  facet normal 0.9460853588275474 0.3239174181981432 0
    outer loop
      vertex 107.40880768954226 3.387379202452914 0
      vertex 107.40880768954226 3.387379202452914 4
      vertex 107.51056516295154 3.090169943749474 4
    endloop
  endfacet
  facet normal 0.9354440308298666 0.35347484377925914 0
    outer loop
      vertex 107.29776485888252 3.6812455268467796 0
      vertex 107.29776485888252 3.6812455268467796 4
      vertex 107.40880768954226 3.387379202452914 4
    endloop
  endfacet
  facet normal 0 0 1
    outer loop
      vertex 105.48520046321204 0.4709288964698503 4
      vertex 105.5011106963046 6.613118653236518 4
      vertex 105.4667147345231 0.7058123498888574 4
    endloop
  endfacet
  facet normal 0 0 1
    outer loop
      vertex 105.4667147345231 0.7058123498888574 4
      vertex 105.5011106963046 6.613118653236518 4
      vertex 105.44086025985858 0.9399992517322819 4
    endloop
  endfacet
  facet normal 0 0 1
    outer loop
      vertex 105.44086025985858 0.9399992517322819 4
      vertex 105.5011106963046 6.613118653236518 4
      vertex 105.40766255446353 1.1732584878017316 4
    endloop
  endfacet
  facet normal 0 0 1
    outer loop
      vertex 105.40766255446353 1.1732584878017316 4
      vertex 105.28968627421412 6.845471059286887 4
      vertex 105.36715438046517 1.4053598593929346 4
    endloop
  endfacet
  facet normal 0 0 1
    outer loop
      vertex 105.36715438046517 1.4053598593929346 4
      vertex 105.28968627421412 6.845471059286887 4
      vertex 105.3193757145406 1.636074310474069 4
    endloop
  endfacet
  facet normal 0 0 1
    outer loop
      vertex 105.26437370846473 1.865174153736411 4
      vertex 105.3193757145406 1.636074310474069 4
      vertex 105.28968627421412 6.845471059286887 4
    endloop
  endfacet
  facet normal 0 0 1
    outer loop
      vertex 105.26437370846473 1.865174153736411 4
      vertex 105.28968627421412 6.845471059286887 4
      vertex 105.20220264257708 2.0924332952942195 4
    endloop
  endfacet
  facet normal 0.9238795325112759 0.38268343236511615 0
    outer loop
      vertex 107.1775462568398 3.9714789063478055 0
      vertex 107.1775462568398 3.9714789063478055 4
      vertex 107.29776485888252 3.6812455268467796 4
    endloop
  endfacet
  facet normal 0.9114032766354563 0.41151435860508434 0
    outer loop
      vertex 107.0482705246602 4.257792915650727 0
      vertex 107.0482705246602 4.257792915650727 4
      vertex 107.1775462568398 3.9714789063478055 4
    endloop
  endfacet
  facet normal 0.8980275757606045 0.4399391698559378 0
    outer loop
      vertex 106.91006524188367 4.5399049973954675 0
      vertex 106.91006524188367 4.5399049973954675 4
      vertex 107.0482705246602 4.257792915650727 4
    endloop
  endfacet
  facet normal 0.8837656300887039 0.4679298142605536 0
    outer loop
      vertex 106.76306680043864 4.817536741017153 0
      vertex 106.76306680043864 4.817536741017153 4
      vertex 106.91006524188367 4.5399049973954675 4
    endloop
  endfacet
  facet normal 0.8686315144381965 0.49545866843239833 0
    outer loop
      vertex 106.76306680043864 4.817536741017153 4
      vertex 106.60742027003944 5.090414157503713 0
      vertex 106.60742027003944 5.090414157503713 4
    endloop
  endfacet
  facet normal 0 0 1
    outer loop
      vertex 105.20220264257708 2.0924332952942195 4
      vertex 105.07106781186548 7.0710678118654755 4
      vertex 105.13292387221365 2.3176274578121054 4
    endloop
  endfacet
  facet normal 0 0 1
    outer loop
      vertex 105.13292387221365 2.3176274578121054 4
      vertex 105.07106781186548 7.0710678118654755 4
      vertex 105.0566057671567 2.5405344018396856 4
    endloop
  endfacet
  facet normal 0 0 1
    outer loop
      vertex 105.0566057671567 2.5405344018396856 4
      vertex 105.07106781186548 7.0710678118654755 4
      vertex 104.97332364416188 2.7609341451350846 4
    endloop
  endfacet
  facet normal 0 0 1
    outer loop
      vertex 104.97332364416188 2.7609341451350846 4
      vertex 104.8454710592869 7.289686274214116 4
      vertex 104.88315969262986 2.9786091797608543 4
    endloop
  endfacet
  facet normal 0 0 1
    outer loop
      vertex 104.88315969262986 2.9786091797608543 4
      vertex 104.8454710592869 7.289686274214116 4
      vertex 104.78620289349514 3.193344686738045 4
    endloop
  endfacet
  facet normal 0 0 1
    outer loop
      vertex 104.78620289349514 3.193344686738045 4
      vertex 104.8454710592869 7.289686274214116 4
      vertex 104.68254893141275 3.4049287480466006 4
    endloop
  endfacet
  facet normal 0 0 1
    outer loop
      vertex 104.68254893141275 3.4049287480466006 4
      vertex 104.61311865323651 7.501110696304596 4
      vertex 104.57230010032897 3.613152555762865 4
    endloop
  endfacet
  facet normal 0 0 1
    outer loop
      vertex 104.57230010032897 3.613152555762865 4
      vertex 104.61311865323651 7.501110696304596 4
      vertex 104.45556520252958 3.817810618127785 4
    endloop
  endfacet
  facet normal 0 0 1
    outer loop
      vertex 105.40766255446353 1.1732584878017316 4
      vertex 105.5011106963046 6.613118653236518 4
      vertex 105.28968627421412 6.845471059286887 4
    endloop
  endfacet
  facet normal 0 0 -1
    outer loop
      vertex 98.58856411581174 7.475942370667141 0
      vertex 98.53914569925007 4.330127018922193 0
      vertex 98 4.330127018922193 0
    endloop
  endfacet
  facet normal 0 0 -1
    outer loop
      vertex 100.44610358583928 7.0889366618606315 0
      vertex 100.40276474076897 4.330127018922193 0
      vertex 99.55066478900652 4.330127018922193 0
    endloop
  endfacet
  facet normal 0 0 -1
    outer loop
      vertex 99.52453098522042 7.342475226723024 0
      vertex 99.4772092381003 4.330127018922193 0
      vertex 99.16550157503409 4.330127018922193 0
    endloop
  endfacet
  facet normal 0 0 -1
    outer loop
      vertex 99.17325848780173 4.8239068071955264 0
      vertex 99.52453098522042 7.342475226723024 0
      vertex 99.16550157503409 4.330127018922193 0
    endloop
  endfacet
  facet normal 0 0 -1
    outer loop
      vertex 100.7899110603923 9.60293685676943 0
      vertex 100.5 4.330127018922193 0
      vertex 100.47875797718163 4.330127018922193 0
    endloop
  endfacet
  facet normal 0 0 -1
    outer loop
      vertex 99.17325848780173 4.8239068071955264 0
      vertex 98.61347277948468 4.330127018922193 0
      vertex 99.25333233564304 9.921147013144779 0
    endloop
  endfacet
  facet normal 0 0 -1
    outer loop
      vertex 98.58856411581174 7.475942370667141 0
      vertex 98 4.330127018922193 0
      vertex 98.31410759078128 9.995065603657316 0
    endloop
  endfacet
  facet normal 0 0 -1
    outer loop
      vertex 98.58856411581174 7.475942370667141 0
      vertex 98.62790519529314 9.980267284282716 0
      vertex 98.61347277948468 4.330127018922193 0
    endloop
  endfacet
  facet normal 0 0 -1
    outer loop
      vertex 99.52453098522042 7.342475226723024 0
      vertex 99.5643446504023 9.876883405951379 0
      vertex 99.55066478900652 4.330127018922193 0
    endloop
  endfacet
  facet normal 0 0 -1
    outer loop
      vertex 100.44610358583928 7.0889366618606315 0
      vertex 99.55066478900652 4.330127018922193 0
      vertex 100.18143241396542 9.759167619387474 0
    endloop
  endfacet
  facet normal 0 0 -1
    outer loop
      vertex 100.44610358583928 7.0889366618606315 0
      vertex 100.48689887164855 9.68583161128631 0
      vertex 100.47875797718163 4.330127018922193 0
    endloop
  endfacet
  facet normal 0 0 -1
    outer loop
      vertex 99.52453098522042 7.342475226723024 0
      vertex 99.17325848780173 4.8239068071955264 0
      vertex 99.25333233564304 9.921147013144779 0
    endloop
  endfacet
  facet normal 0 0 -1
    outer loop
      vertex 102.4942398241774 6.003169130183829 0
      vertex 101.97922707455388 1.7680305698634076 0
      vertex 102.25779291565073 9.048270524660195 0
    endloop
  endfacet
  facet normal 0 0 -1
    outer loop
      vertex 104.12907053652977 -0.4971232340137268 0
      vertex 104.12907053652977 7.901550123756904 0
      vertex 104.3742398974869 7.705132427757891 0
    endloop
  endfacet
  facet normal 0 0 -1
    outer loop
      vertex 103.09041415750372 2.686156622476433 0
      vertex 103.04239555203392 5.550712330646854 0
      vertex 103.09041415750372 8.607420270039437 0
    endloop
  endfacet
  facet normal 0 0 -1
    outer loop
      vertex 101.38737920245292 5.565402050029787 0
      vertex 101.68124552684678 9.297764858882514 0
      vertex 101.32655859454015 2.8984855377459255 0
    endloop
  endfacet
  facet normal 0 0 -1
    outer loop
      vertex 102.53990499739547 2.304227381404504 0
      vertex 102.4942398241774 6.003169130183829 0
      vertex 102.53990499739547 8.910065241883679 0
    endloop
  endfacet
  facet normal 0 0 -1
    outer loop
      vertex 101.92766111930663 6.388248728829613 0
      vertex 101.32655859454015 2.8984855377459255 0
      vertex 101.68124552684678 9.297764858882514 0
    endloop
  endfacet
  facet normal 0 0 -1
    outer loop
      vertex 103.6208337785213 4.64160342725145 0
      vertex 103.56978852247398 5.021431090949028 0
      vertex 103.6208337785213 8.270805742745619 0
    endloop
  endfacet
  facet normal 0.8526401643540763 0.5224985647159748 0
    outer loop
      vertex 106.60742027003944 5.090414157503713 0
      vertex 106.44327925502014 5.358267949789966 0
      vertex 106.60742027003944 5.090414157503713 4
    endloop
  endfacet
  facet normal 0.8358073613682855 0.5490228179981085 0
    outer loop
      vertex 106.44327925502014 5.358267949789966 0
      vertex 106.27080574274562 5.620833778521305 0
      vertex 106.44327925502014 5.358267949789966 4
    endloop
  endfacet
  facet normal 0.7996846584870931 0.6004202253258806 0
    outer loop
      vertex 106.09016994374947 5.877852522924732 0
      vertex 105.9015501237569 6.129070536529763 0
      vertex 106.09016994374947 5.877852522924732 4
    endloop
  endfacet
  facet normal 0.7804304073383235 0.6252426563357129 0
    outer loop
      vertex 105.9015501237569 6.129070536529763 0
      vertex 105.70513242775789 6.3742398974868975 0
      vertex 105.9015501237569 6.129070536529763 4
    endloop
  endfacet
  facet normal 0.8181497174250161 0.5750052520432892 0
    outer loop
      vertex 106.27080574274562 5.620833778521305 0
      vertex 106.09016994374947 5.877852522924732 0
      vertex 106.27080574274562 5.620833778521305 4
    endloop
  endfacet
  facet normal 0 0 -1
    outer loop
      vertex 101.97147890634781 3.3264572456336423 0
      vertex 101.92766111930663 6.388248728829613 0
      vertex 101.97147890634781 9.177546256839811 0
    endloop
  endfacet
  facet normal 0 0 -1
    outer loop
      vertex 101.34501281367012 6.711901444790095 0
      vertex 100.5 4.330127018922193 0
      vertex 101.09016994374947 9.510565162951535 0
    endloop
  endfacet
  facet normal 0 0 -1
    outer loop
      vertex 102.53990499739547 2.304227381404504 0
      vertex 102.53990499739547 8.910065241883679 0
      vertex 102.81753674101715 8.763066800438637 0
    endloop
  endfacet
  facet normal 0 0 -1
    outer loop
      vertex 103.09041415750372 2.686156622476433 0
      vertex 103.09041415750372 8.607420270039437 0
      vertex 103.35826794978996 8.443279255020151 0
    endloop
  endfacet
  facet normal 0 0 -1
    outer loop
      vertex 101.97147890634781 3.3264572456336423 0
      vertex 101.97147890634781 9.177546256839811 0
      vertex 102.25779291565073 9.048270524660195 0
    endloop
  endfacet
  facet normal 0 0 -1
    outer loop
      vertex 101.38737920245292 5.565402050029787 0
      vertex 101.34501281367012 6.711901444790095 0
      vertex 101.38737920245292 9.408807689542254 0
    endloop
  endfacet
  facet normal 0 0 -1
    outer loop
      vertex 103.6208337785213 4.64160342725145 0
      vertex 103.87785252292473 8.090169943749475 0
      vertex 104.12907053652977 7.901550123756904 0
    endloop
  endfacet
  facet normal 0 0 -1
    outer loop
      vertex 103.6208337785213 4.64160342725145 0
      vertex 103.6208337785213 8.270805742745619 0
      vertex 103.87785252292473 8.090169943749475 0
    endloop
  endfacet
  facet normal 0 0 -1
    outer loop
      vertex 103.56978852247398 5.021431090949028 0
      vertex 103.35826794978996 8.443279255020151 0
      vertex 103.6208337785213 8.270805742745619 0
    endloop
  endfacet
  facet normal 0 0 -1
    outer loop
      vertex 105.28968627421412 6.845471059286887 0
      vertex 105.5011106963046 6.613118653236518 0
      vertex 105.07106781186548 7.0710678118654755 0
    endloop
  endfacet
  facet normal 0.7604059656000324 0.6494480483301821 0
    outer loop
      vertex 105.70513242775789 6.3742398974868975 0
      vertex 105.5011106963046 6.613118653236518 0
      vertex 105.70513242775789 6.3742398974868975 4
    endloop
  endfacet
  facet normal 0.7396310949786215 0.6730125135097605 0
    outer loop
      vertex 105.28968627421412 6.845471059286887 0
      vertex 105.5011106963046 6.613118653236518 4
      vertex 105.5011106963046 6.613118653236518 0
    endloop
  endfacet
  facet normal 0.718126297763182 0.6959127965923213 0
    outer loop
      vertex 105.28968627421412 6.845471059286887 0
      vertex 105.07106781186548 7.0710678118654755 0
      vertex 105.28968627421412 6.845471059286887 4
    endloop
  endfacet
  facet normal 0.6959127965923254 0.718126297763178 0
    outer loop
      vertex 105.07106781186548 7.0710678118654755 0
      vertex 104.8454710592869 7.289686274214116 0
      vertex 104.8454710592869 7.289686274214116 4
    endloop
  endfacet
  facet normal 0.6730125135097516 0.7396310949786294 0
    outer loop
      vertex 104.8454710592869 7.289686274214116 0
      vertex 104.61311865323651 7.501110696304596 0
      vertex 104.61311865323651 7.501110696304596 4
    endloop
  endfacet
  facet normal 0.8526401643540763 0.5224985647159748 0
    outer loop
      vertex 106.44327925502014 5.358267949789966 0
      vertex 106.44327925502014 5.358267949789966 4
      vertex 106.60742027003944 5.090414157503713 4
    endloop
  endfacet
  facet normal 0.8358073613682855 0.5490228179981085 0
    outer loop
      vertex 106.27080574274562 5.620833778521305 0
      vertex 106.27080574274562 5.620833778521305 4
      vertex 106.44327925502014 5.358267949789966 4
    endloop
  endfacet
  facet normal 0.8181497174250161 0.5750052520432892 0
    outer loop
      vertex 106.09016994374947 5.877852522924732 0
      vertex 106.09016994374947 5.877852522924732 4
      vertex 106.27080574274562 5.620833778521305 4
    endloop
  endfacet
  facet normal 0.7996846584870931 0.6004202253258806 0
    outer loop
      vertex 105.9015501237569 6.129070536529763 0
      vertex 105.9015501237569 6.129070536529763 4
      vertex 106.09016994374947 5.877852522924732 4
    endloop
  endfacet
  facet normal 0 0 1
    outer loop
      vertex 104.33245944126512 4.018700962342475 4
      vertex 104.45556520252958 3.817810618127785 4
      vertex 104.3742398974869 7.705132427757891 4
    endloop
  endfacet
  facet normal 0 0 1
    outer loop
      vertex 104.33245944126512 4.018700962342475 4
      vertex 104.3742398974869 7.705132427757891 4
      vertex 104.20310430705922 4.215625333890979 4
    endloop
  endfacet
  facet normal 0 0 1
    outer loop
      vertex 104.20310430705922 4.215625333890979 4
      vertex 104.12907053652977 7.901550123756904 4
      vertex 104.06762745781211 4.408389392193548 4
    endloop
  endfacet
  facet normal 0 0 1
    outer loop
      vertex 104.06762745781211 4.408389392193548 4
      vertex 103.87785252292473 8.090169943749475 4
      vertex 103.92616259281768 4.5968029023973225 4
    endloop
  endfacet
  facet normal 0 0 1
    outer loop
      vertex 103.92616259281768 4.5968029023973225 4
      vertex 103.87785252292473 8.090169943749475 4
      vertex 103.77884932081842 4.780679923115173 4
    endloop
  endfacet
  facet normal 0 0 1
    outer loop
      vertex 103.77884932081842 4.780679923115173 4
      vertex 103.6208337785213 8.270805742745619 4
      vertex 103.62583302222845 4.9598389899273885 4
    endloop
  endfacet
  facet normal 0 0 1
    outer loop
      vertex 103.62583302222845 4.9598389899273885 4
      vertex 103.6208337785213 8.270805742745619 4
      vertex 103.46726470566058 5.134103294465166 4
    endloop
  endfacet
  facet normal 0 0 1
    outer loop
      vertex 105.20220264257708 2.0924332952942195 4
      vertex 105.28968627421412 6.845471059286887 4
      vertex 105.07106781186548 7.0710678118654755 4
    endloop
  endfacet
  facet normal 0 0 1
    outer loop
      vertex 104.97332364416188 2.7609341451350846 4
      vertex 105.07106781186548 7.0710678118654755 4
      vertex 104.8454710592869 7.289686274214116 4
    endloop
  endfacet
  facet normal 0 0 1
    outer loop
      vertex 104.68254893141275 3.4049287480466006 4
      vertex 104.8454710592869 7.289686274214116 4
      vertex 104.61311865323651 7.501110696304596 4
    endloop
  endfacet
  facet normal 0.7804304073383235 0.6252426563357129 0
    outer loop
      vertex 105.70513242775789 6.3742398974868975 0
      vertex 105.70513242775789 6.3742398974868975 4
      vertex 105.9015501237569 6.129070536529763 4
    endloop
  endfacet
  facet normal 0.7604059656000324 0.6494480483301821 0
    outer loop
      vertex 105.5011106963046 6.613118653236518 0
      vertex 105.5011106963046 6.613118653236518 4
      vertex 105.70513242775789 6.3742398974868975 4
    endloop
  endfacet
  facet normal 0.7396310949786215 0.6730125135097605 0
    outer loop
      vertex 105.28968627421412 6.845471059286887 0
      vertex 105.28968627421412 6.845471059286887 4
      vertex 105.5011106963046 6.613118653236518 4
    endloop
  endfacet
  facet normal 0.718126297763182 0.6959127965923213 0
    outer loop
      vertex 105.07106781186548 7.0710678118654755 0
      vertex 105.07106781186548 7.0710678118654755 4
      vertex 105.28968627421412 6.845471059286887 4
    endloop
  endfacet
  facet normal 0.6959127965923254 0.718126297763178 0
    outer loop
      vertex 105.07106781186548 7.0710678118654755 0
      vertex 104.8454710592869 7.289686274214116 4
      vertex 105.07106781186548 7.0710678118654755 4
    endloop
  endfacet
  facet normal 0.6730125135097516 0.7396310949786294 0
    outer loop
      vertex 104.8454710592869 7.289686274214116 0
      vertex 104.61311865323651 7.501110696304596 4
      vertex 104.8454710592869 7.289686274214116 4
    endloop
  endfacet
  facet normal 0 0 1
    outer loop
      vertex 103.46726470566058 5.134103294465166 4
      vertex 103.35826794978996 8.443279255020151 4
      vertex 103.3033008588991 5.303300858899107 4
    endloop
  endfacet
  facet normal 0 0 1
    outer loop
      vertex 103.3033008588991 5.303300858899107 4
      vertex 103.09041415750372 8.607420270039437 4
      vertex 103.13410329446516 5.467264705660587 4
    endloop
  endfacet
  facet normal 0 0 1
    outer loop
      vertex 103.13410329446516 5.467264705660587 4
      vertex 103.09041415750372 8.607420270039437 4
      vertex 102.95983898992739 5.625833022228447 4
    endloop
  endfacet
  facet normal 0 0 1
    outer loop
      vertex 102.95983898992739 5.625833022228447 4
      vertex 102.81753674101715 8.763066800438637 4
      vertex 102.78067992311517 5.778849320818418 4
    endloop
  endfacet
  facet normal 0 0 1
    outer loop
      vertex 102.59680290239733 5.926162592817678 4
      vertex 102.78067992311517 5.778849320818418 4
      vertex 102.81753674101715 8.763066800438637 4
    endloop
  endfacet
  facet normal 0 0 1
    outer loop
      vertex 104.20310430705922 4.215625333890979 4
      vertex 104.3742398974869 7.705132427757891 4
      vertex 104.12907053652977 7.901550123756904 4
    endloop
  endfacet
  facet normal 0 0 1
    outer loop
      vertex 104.06762745781211 4.408389392193548 4
      vertex 104.12907053652977 7.901550123756904 4
      vertex 103.87785252292473 8.090169943749475 4
    endloop
  endfacet
  facet normal 0 0 1
    outer loop
      vertex 102.59680290239733 5.926162592817678 4
      vertex 102.53990499739547 8.910065241883679 4
      vertex 102.40838939219356 6.067627457812106 4
    endloop
  endfacet
  facet normal 0 0 1
    outer loop
      vertex 102.40838939219356 6.067627457812106 4
      vertex 102.25779291565073 9.048270524660195 4
      vertex 102.21562533389098 6.203104307059213 4
    endloop
  endfacet
  facet normal 0 0 1
    outer loop
      vertex 101.81781061812778 6.455565202529577 4
      vertex 101.68124552684678 9.297764858882514 4
      vertex 101.61315255576287 6.5723001003289765 4
    endloop
  endfacet
  facet normal 0 0 1
    outer loop
      vertex 102.01870096234248 6.332459441265113 4
      vertex 101.97147890634781 9.177546256839811 4
      vertex 101.81781061812778 6.455565202529577 4
    endloop
  endfacet
  facet normal 0 0 1
    outer loop
      vertex 102.21562533389098 6.203104307059213 4
      vertex 102.25779291565073 9.048270524660195 4
      vertex 102.01870096234248 6.332459441265113 4
    endloop
  endfacet
  facet normal 0 0 1
    outer loop
      vertex 103.77884932081842 4.780679923115173 4
      vertex 103.87785252292473 8.090169943749475 4
      vertex 103.6208337785213 8.270805742745619 4
    endloop
  endfacet
  facet normal 0 0 1
    outer loop
      vertex 103.46726470566058 5.134103294465166 4
      vertex 103.6208337785213 8.270805742745619 4
      vertex 103.35826794978996 8.443279255020151 4
    endloop
  endfacet
  facet normal 0 0 1
    outer loop
      vertex 103.3033008588991 5.303300858899107 4
      vertex 103.35826794978996 8.443279255020151 4
      vertex 103.09041415750372 8.607420270039437 4
    endloop
  endfacet
  facet normal 0 0 1
    outer loop
      vertex 104.45556520252958 3.817810618127785 4
      vertex 104.61311865323651 7.501110696304596 4
      vertex 104.3742398974869 7.705132427757891 4
    endloop
  endfacet
  facet normal 0 0 -1
    outer loop
      vertex 98 10 0
      vertex 98.31410759078128 9.995065603657316 0
      vertex 98 4.330127018922193 0
    endloop
  endfacet
  facet normal 0 0 -1
    outer loop
      vertex 98.62790519529314 9.980267284282716 0
      vertex 98.94108313318515 9.9556196460308 0
      vertex 98.61347277948468 4.330127018922193 0
    endloop
  endfacet
  facet normal 0 0 -1
    outer loop
      vertex 98.94108313318515 9.9556196460308 0
      vertex 99.25333233564304 9.921147013144779 0
      vertex 98.61347277948468 4.330127018922193 0
    endloop
  endfacet
  facet normal 0 0 -1
    outer loop
      vertex 99.87381314585724 9.822872507286887 0
      vertex 99.55066478900652 4.330127018922193 0
      vertex 99.5643446504023 9.876883405951379 0
    endloop
  endfacet
  facet normal 0 0 -1
    outer loop
      vertex 99.87381314585724 9.822872507286887 0
      vertex 100.18143241396542 9.759167619387474 0
      vertex 99.55066478900652 4.330127018922193 0
    endloop
  endfacet
  facet normal 0 0 -1
    outer loop
      vertex 100.7899110603923 9.60293685676943 0
      vertex 100.47875797718163 4.330127018922193 0
      vertex 100.48689887164855 9.68583161128631 0
    endloop
  endfacet
  facet normal 0 0 -1
    outer loop
      vertex 100.7899110603923 9.60293685676943 0
      vertex 101.09016994374947 9.510565162951535 0
      vertex 100.5 4.330127018922193 0
    endloop
  endfacet
  facet normal 0 0 -1
    outer loop
      vertex 98.58856411581174 7.475942370667141 0
      vertex 98.31410759078128 9.995065603657316 0
      vertex 98.62790519529314 9.980267284282716 0
    endloop
  endfacet
  facet normal 0 0 -1
    outer loop
      vertex 99.52453098522042 7.342475226723024 0
      vertex 99.25333233564304 9.921147013144779 0
      vertex 99.5643446504023 9.876883405951379 0
    endloop
  endfacet
  facet normal 0 0 -1
    outer loop
      vertex 100.44610358583928 7.0889366618606315 0
      vertex 100.18143241396542 9.759167619387474 0
      vertex 100.48689887164855 9.68583161128631 0
    endloop
  endfacet
  facet normal 0 0 -1
    outer loop
      vertex 97.4029851026711 9.981724033755238 0
      vertex 97.68589240921872 9.995065603657316 0
      vertex 97.68581883658072 9.990382209283082 0
    endloop
  endfacet
  facet normal 0 0 -1
    outer loop
      vertex 97.68589240921872 9.995065603657316 0
      vertex 98 10 0
      vertex 97.68581883658072 9.990382209283082 0
    endloop
  endfacet
  facet normal -0.04710645070964087 0.99888987496197 0
    outer loop
      vertex 97.4029851026711 9.981724033755238 0
      vertex 97.4029851026711 9.981724033755238 4
      vertex 97.68589240921872 9.995065603657316 0
    endloop
  endfacet
  facet normal -0.01570731731181823 0.9998766324816607 0
    outer loop
      vertex 97.68589240921872 9.995065603657316 0
      vertex 97.68589240921872 9.995065603657316 4
      vertex 98 10 0
    endloop
  endfacet
  facet normal 0.01570731731181823 0.9998766324816607 0
    outer loop
      vertex 98 10 0
      vertex 98 10 4
      vertex 98.31410759078128 9.995065603657316 0
    endloop
  endfacet
  facet normal 0.04710645070964245 0.9988898749619701 0
    outer loop
      vertex 98.31410759078128 9.995065603657316 0
      vertex 98.31410759078128 9.995065603657316 4
      vertex 98.62790519529314 9.980267284282716 0
    endloop
  endfacet
  facet normal 0.07845909572784451 0.996917333733128 0
    outer loop
      vertex 98.62790519529314 9.980267284282716 0
      vertex 98.62790519529314 9.980267284282716 4
      vertex 98.94108313318515 9.9556196460308 0
    endloop
  endfacet
  facet normal 0.2638730499653686 0.9645574184577992 0
    outer loop
      vertex 100.7899110603923 9.60293685676943 0
      vertex 100.48689887164855 9.68583161128631 0
      vertex 100.48689887164855 9.68583161128631 4
    endloop
  endfacet
  facet normal 0.14090123193758008 0.9900236577165579 0
    outer loop
      vertex 99.25333233564304 9.921147013144779 0
      vertex 99.25333233564304 9.921147013144779 4
      vertex 99.5643446504023 9.876883405951379 0
    endloop
  endfacet
  facet normal 0.10973431109104803 0.9939609554551794 0
    outer loop
      vertex 98.94108313318515 9.9556196460308 0
      vertex 98.94108313318515 9.9556196460308 4
      vertex 99.25333233564304 9.921147013144779 0
    endloop
  endfacet
  facet normal 0.17192910027941508 0.9851093261547729 0
    outer loop
      vertex 99.87381314585724 9.822872507286887 0
      vertex 99.5643446504023 9.876883405951379 0
      vertex 99.5643446504023 9.876883405951379 4
    endloop
  endfacet
  facet normal 0.2334453638559064 0.9723699203976764 0
    outer loop
      vertex 100.48689887164855 9.68583161128631 0
      vertex 100.18143241396542 9.759167619387474 0
      vertex 100.18143241396542 9.759167619387474 4
    endloop
  endfacet
  facet normal 0.20278729535650786 0.9792228106217666 0
    outer loop
      vertex 99.87381314585724 9.822872507286887 0
      vertex 99.87381314585724 9.822872507286887 4
      vertex 100.18143241396542 9.759167619387474 0
    endloop
  endfacet
  facet normal 0 0 -1
    outer loop
      vertex 101.38737920245292 5.565402050029787 0
      vertex 101.38737920245292 9.408807689542254 0
      vertex 101.68124552684678 9.297764858882514 0
    endloop
  endfacet
  facet normal 0 0 -1
    outer loop
      vertex 102.4942398241774 6.003169130183829 0
      vertex 102.25779291565073 9.048270524660195 0
      vertex 102.53990499739547 8.910065241883679 0
    endloop
  endfacet
  facet normal 0 0 -1
    outer loop
      vertex 103.04239555203392 5.550712330646854 0
      vertex 102.81753674101715 8.763066800438637 0
      vertex 103.09041415750372 8.607420270039437 0
    endloop
  endfacet
  facet normal 0 0 -1
    outer loop
      vertex 101.92766111930663 6.388248728829613 0
      vertex 101.68124552684678 9.297764858882514 0
      vertex 101.97147890634781 9.177546256839811 0
    endloop
  endfacet
  facet normal 0 0 -1
    outer loop
      vertex 101.34501281367012 6.711901444790095 0
      vertex 101.09016994374947 9.510565162951535 0
      vertex 101.38737920245292 9.408807689542254 0
    endloop
  endfacet
  facet normal 0.625242656335703 0.7804304073383316 0
    outer loop
      vertex 104.3742398974869 7.705132427757891 0
      vertex 104.12907053652977 7.901550123756904 0
      vertex 104.12907053652977 7.901550123756904 4
    endloop
  endfacet
  facet normal 0.6004202253258742 0.7996846584870979 0
    outer loop
      vertex 104.12907053652977 7.901550123756904 0
      vertex 103.87785252292473 8.090169943749475 0
      vertex 103.87785252292473 8.090169943749475 4
    endloop
  endfacet
  facet normal 0.5490228179981309 0.8358073613682709 0
    outer loop
      vertex 103.6208337785213 8.270805742745619 0
      vertex 103.35826794978996 8.443279255020151 0
      vertex 103.35826794978996 8.443279255020151 4
    endloop
  endfacet
  facet normal 0.5750052520432805 0.8181497174250221 0
    outer loop
      vertex 103.87785252292473 8.090169943749475 0
      vertex 103.6208337785213 8.270805742745619 0
      vertex 103.6208337785213 8.270805742745619 4
    endloop
  endfacet
  facet normal 0.5224985647159602 0.8526401643540852 0
    outer loop
      vertex 103.35826794978996 8.443279255020151 0
      vertex 103.09041415750372 8.607420270039437 0
      vertex 103.09041415750372 8.607420270039437 4
    endloop
  endfacet
  facet normal 0.4954586684323996 0.8686315144381958 0
    outer loop
      vertex 103.09041415750372 8.607420270039437 0
      vertex 102.81753674101715 8.763066800438637 0
      vertex 102.81753674101715 8.763066800438637 4
    endloop
  endfacet
  facet normal 0.6494480483301988 0.760405965600018 0
    outer loop
      vertex 104.3742398974869 7.705132427757891 0
      vertex 104.3742398974869 7.705132427757891 4
      vertex 104.61311865323651 7.501110696304596 0
    endloop
  endfacet
  facet normal 0.4399391698559127 0.8980275757606168 0
    outer loop
      vertex 102.53990499739547 8.910065241883679 0
      vertex 102.25779291565073 9.048270524660195 0
      vertex 102.25779291565073 9.048270524660195 4
    endloop
  endfacet
  facet normal 0.3534748437792593 0.9354440308298664 0
    outer loop
      vertex 101.68124552684678 9.297764858882514 0
      vertex 101.38737920245292 9.408807689542254 0
      vertex 101.38737920245292 9.408807689542254 4
    endloop
  endfacet
  facet normal 0.4115143586051179 0.9114032766354412 0
    outer loop
      vertex 102.25779291565073 9.048270524660195 0
      vertex 101.97147890634781 9.177546256839811 0
      vertex 101.97147890634781 9.177546256839811 4
    endloop
  endfacet
  facet normal 0.38268343236508495 0.9238795325112886 0
    outer loop
      vertex 101.68124552684678 9.297764858882514 0
      vertex 101.68124552684678 9.297764858882514 4
      vertex 101.97147890634781 9.177546256839811 0
    endloop
  endfacet
  facet normal 0.46792981426057473 0.8837656300886926 0
    outer loop
      vertex 102.53990499739547 8.910065241883679 0
      vertex 102.53990499739547 8.910065241883679 4
      vertex 102.81753674101715 8.763066800438637 0
    endloop
  endfacet
  facet normal 0.32391741819814174 0.9460853588275479 0
    outer loop
      vertex 101.09016994374947 9.510565162951535 0
      vertex 101.09016994374947 9.510565162951535 4
      vertex 101.38737920245292 9.408807689542254 0
    endloop
  endfacet
  facet normal 0.29404032523231294 0.9557930147983273 0
    outer loop
      vertex 100.7899110603923 9.60293685676943 0
      vertex 100.7899110603923 9.60293685676943 4
      vertex 101.09016994374947 9.510565162951535 0
    endloop
  endfacet
  facet normal 0 0 1
    outer loop
      vertex 97.05504207505 7.480112200133331 4
      vertex 97.24503012732603 7.9867470062027435 4
      vertex 96.7474131029606 9.897748008404948 4
    endloop
  endfacet
  facet normal 0 0 1
    outer loop
      vertex 97.4608788880671 7.843515552268378 4
      vertex 96.7474131029606 9.897748008404948 4
      vertex 97.24503012732603 7.9867470062027435 4
    endloop
  endfacet
  facet normal 0 0 1
    outer loop
      vertex 100.76093414513508 6.973323644161886 4
      vertex 100.7899110603923 9.60293685676943 4
      vertex 100.54053440183968 7.056605767156691 4
    endloop
  endfacet
  facet normal 0 0 1
    outer loop
      vertex 100.31762745781211 7.132923872213651 4
      vertex 100.54053440183968 7.056605767156691 4
      vertex 100.48689887164855 9.68583161128631 4
    endloop
  endfacet
  facet normal 0 0 1
    outer loop
      vertex 100.31762745781211 7.132923872213651 4
      vertex 100.18143241396542 9.759167619387474 4
      vertex 100.09243329529421 7.202202642577073 4
    endloop
  endfacet
  facet normal 0 0 1
    outer loop
      vertex 99.8651741537364 7.264373708464733 4
      vertex 100.09243329529421 7.202202642577073 4
      vertex 99.87381314585724 9.822872507286887 4
    endloop
  endfacet
  facet normal 0 0 1
    outer loop
      vertex 98.23558069308596 7.496299202742987 4
      vertex 98 10 4
      vertex 98 7.5 4
    endloop
  endfacet
  facet normal 0 0 1
    outer loop
      vertex 98.23558069308596 7.496299202742987 4
      vertex 98.47092889646984 7.485200463212037 4
      vertex 98.31410759078128 9.995065603657316 4
    endloop
  endfacet
  facet normal 0 0 1
    outer loop
      vertex 98.47092889646984 7.485200463212037 4
      vertex 98.70581234988886 7.4667147345231 4
      vertex 98.62790519529314 9.980267284282716 4
    endloop
  endfacet
  facet normal 0 0 1
    outer loop
      vertex 98.70581234988886 7.4667147345231 4
      vertex 98.93999925173229 7.440860259858584 4
      vertex 98.94108313318515 9.9556196460308 4
    endloop
  endfacet
  facet normal 0 0 1
    outer loop
      vertex 98.93999925173229 7.440860259858584 4
      vertex 99.17325848780173 7.407662554463533 4
      vertex 98.94108313318515 9.9556196460308 4
    endloop
  endfacet
  facet normal 0 0 1
    outer loop
      vertex 99.17325848780173 7.407662554463533 4
      vertex 99.40535985939293 7.367154380465165 4
      vertex 99.25333233564304 9.921147013144779 4
    endloop
  endfacet
  facet normal 0 0 1
    outer loop
      vertex 99.63607431047407 7.319375714540605 4
      vertex 99.5643446504023 9.876883405951379 4
      vertex 99.40535985939293 7.367154380465165 4
    endloop
  endfacet
  facet normal 0 0 1
    outer loop
      vertex 99.8651741537364 7.264373708464733 4
      vertex 99.87381314585724 9.822872507286887 4
      vertex 99.63607431047407 7.319375714540605 4
    endloop
  endfacet
  facet normal -0.04710645070964087 0.99888987496197 0
    outer loop
      vertex 97.68589240921872 9.995065603657316 0
      vertex 97.4029851026711 9.981724033755238 4
      vertex 97.68589240921872 9.995065603657316 4
    endloop
  endfacet
  facet normal -0.01570731731181823 0.9998766324816607 0
    outer loop
      vertex 98 10 0
      vertex 97.68589240921872 9.995065603657316 4
      vertex 98 10 4
    endloop
  endfacet
  facet normal 0.01570731731181823 0.9998766324816607 0
    outer loop
      vertex 98.31410759078128 9.995065603657316 0
      vertex 98 10 4
      vertex 98.31410759078128 9.995065603657316 4
    endloop
  endfacet
  facet normal 0.04710645070964245 0.9988898749619701 0
    outer loop
      vertex 98.62790519529314 9.980267284282716 0
      vertex 98.31410759078128 9.995065603657316 4
      vertex 98.62790519529314 9.980267284282716 4
    endloop
  endfacet
  facet normal 0.07845909572784451 0.996917333733128 0
    outer loop
      vertex 98.94108313318515 9.9556196460308 0
      vertex 98.62790519529314 9.980267284282716 4
      vertex 98.94108313318515 9.9556196460308 4
    endloop
  endfacet
  facet normal 0.2638730499653686 0.9645574184577992 0
    outer loop
      vertex 100.7899110603923 9.60293685676943 0
      vertex 100.48689887164855 9.68583161128631 4
      vertex 100.7899110603923 9.60293685676943 4
    endloop
  endfacet
  facet normal 0.17192910027941508 0.9851093261547729 0
    outer loop
      vertex 99.87381314585724 9.822872507286887 0
      vertex 99.5643446504023 9.876883405951379 4
      vertex 99.87381314585724 9.822872507286887 4
    endloop
  endfacet
  facet normal 0.14090123193758008 0.9900236577165579 0
    outer loop
      vertex 99.5643446504023 9.876883405951379 0
      vertex 99.25333233564304 9.921147013144779 4
      vertex 99.5643446504023 9.876883405951379 4
    endloop
  endfacet
  facet normal 0.10973431109104803 0.9939609554551794 0
    outer loop
      vertex 99.25333233564304 9.921147013144779 0
      vertex 98.94108313318515 9.9556196460308 4
      vertex 99.25333233564304 9.921147013144779 4
    endloop
  endfacet
  facet normal 0.20278729535650786 0.9792228106217666 0
    outer loop
      vertex 100.18143241396542 9.759167619387474 0
      vertex 99.87381314585724 9.822872507286887 4
      vertex 100.18143241396542 9.759167619387474 4
    endloop
  endfacet
  facet normal 0.2334453638559064 0.9723699203976764 0
    outer loop
      vertex 100.48689887164855 9.68583161128631 0
      vertex 100.18143241396542 9.759167619387474 4
      vertex 100.48689887164855 9.68583161128631 4
    endloop
  endfacet
  facet normal 0 0 1
    outer loop
      vertex 97.4608788880671 7.843515552268378 4
      vertex 97.37701054328278 9.949143717819002 4
      vertex 96.7474131029606 9.897748008404948 4
    endloop
  endfacet
  facet normal 0 0 1
    outer loop
      vertex 97.4608788880671 7.843515552268378 4
      vertex 98 10 4
      vertex 97.37701054328278 9.949143717819002 4
    endloop
  endfacet
  facet normal 0 0 1
    outer loop
      vertex 98.23558069308596 7.496299202742987 4
      vertex 98.31410759078128 9.995065603657316 4
      vertex 98 10 4
    endloop
  endfacet
  facet normal 0 0 1
    outer loop
      vertex 98.47092889646984 7.485200463212037 4
      vertex 98.62790519529314 9.980267284282716 4
      vertex 98.31410759078128 9.995065603657316 4
    endloop
  endfacet
  facet normal 0 0 1
    outer loop
      vertex 98.70581234988886 7.4667147345231 4
      vertex 98.94108313318515 9.9556196460308 4
      vertex 98.62790519529314 9.980267284282716 4
    endloop
  endfacet
  facet normal 0 0 1
    outer loop
      vertex 99.40535985939293 7.367154380465165 4
      vertex 99.5643446504023 9.876883405951379 4
      vertex 99.25333233564304 9.921147013144779 4
    endloop
  endfacet
  facet normal 0 0 1
    outer loop
      vertex 99.63607431047407 7.319375714540605 4
      vertex 99.87381314585724 9.822872507286887 4
      vertex 99.5643446504023 9.876883405951379 4
    endloop
  endfacet
  facet normal 0 0 1
    outer loop
      vertex 100.31762745781211 7.132923872213651 4
      vertex 100.48689887164855 9.68583161128631 4
      vertex 100.18143241396542 9.759167619387474 4
    endloop
  endfacet
  facet normal 0 0 1
    outer loop
      vertex 100.54053440183968 7.056605767156691 4
      vertex 100.7899110603923 9.60293685676943 4
      vertex 100.48689887164855 9.68583161128631 4
    endloop
  endfacet
  facet normal 0 0 1
    outer loop
      vertex 100.09243329529421 7.202202642577073 4
      vertex 100.18143241396542 9.759167619387474 4
      vertex 99.87381314585724 9.822872507286887 4
    endloop
  endfacet
  facet normal 0 0 1
    outer loop
      vertex 99.17325848780173 7.407662554463533 4
      vertex 99.25333233564304 9.921147013144779 4
      vertex 98.94108313318515 9.9556196460308 4
    endloop
  endfacet
  facet normal 0 0 1
    outer loop
      vertex 97.37701054328278 9.949143717819002 4
      vertex 98 10 4
      vertex 97.4029851026711 9.981724033755238 4
    endloop
  endfacet
  facet normal 0 0 1
    outer loop
      vertex 97.4029851026711 9.981724033755238 4
      vertex 98 10 4
      vertex 97.68589240921872 9.995065603657316 4
    endloop
  endfacet
  facet normal 0.625242656335703 0.7804304073383316 0
    outer loop
      vertex 104.3742398974869 7.705132427757891 0
      vertex 104.12907053652977 7.901550123756904 4
      vertex 104.3742398974869 7.705132427757891 4
    endloop
  endfacet
  facet normal 0.6004202253258742 0.7996846584870979 0
    outer loop
      vertex 104.12907053652977 7.901550123756904 0
      vertex 103.87785252292473 8.090169943749475 4
      vertex 104.12907053652977 7.901550123756904 4
    endloop
  endfacet
  facet normal 0.5750052520432805 0.8181497174250221 0
    outer loop
      vertex 103.87785252292473 8.090169943749475 0
      vertex 103.6208337785213 8.270805742745619 4
      vertex 103.87785252292473 8.090169943749475 4
    endloop
  endfacet
  facet normal 0.5490228179981309 0.8358073613682709 0
    outer loop
      vertex 103.6208337785213 8.270805742745619 0
      vertex 103.35826794978996 8.443279255020151 4
      vertex 103.6208337785213 8.270805742745619 4
    endloop
  endfacet
  facet normal 0.5224985647159602 0.8526401643540852 0
    outer loop
      vertex 103.35826794978996 8.443279255020151 0
      vertex 103.09041415750372 8.607420270039437 4
      vertex 103.35826794978996 8.443279255020151 4
    endloop
  endfacet
  facet normal 0.4954586684323996 0.8686315144381958 0
    outer loop
      vertex 103.09041415750372 8.607420270039437 0
      vertex 102.81753674101715 8.763066800438637 4
      vertex 103.09041415750372 8.607420270039437 4
    endloop
  endfacet
  facet normal 0.6494480483301988 0.760405965600018 0
    outer loop
      vertex 104.61311865323651 7.501110696304596 0
      vertex 104.3742398974869 7.705132427757891 4
      vertex 104.61311865323651 7.501110696304596 4
    endloop
  endfacet
  facet normal 0 0 1
    outer loop
      vertex 101.61315255576287 6.5723001003289765 4
      vertex 101.38737920245292 9.408807689542254 4
      vertex 101.4049287480466 6.682548931412759 4
    endloop
  endfacet
  facet normal 0 0 1
    outer loop
      vertex 101.4049287480466 6.682548931412759 4
      vertex 101.38737920245292 9.408807689542254 4
      vertex 101.19334468673804 6.786202893495146 4
    endloop
  endfacet
  facet normal 0 0 1
    outer loop
      vertex 101.19334468673804 6.786202893495146 4
      vertex 101.09016994374947 9.510565162951535 4
      vertex 100.97860917976085 6.883159692629858 4
    endloop
  endfacet
  facet normal 0 0 1
    outer loop
      vertex 100.76093414513508 6.973323644161886 4
      vertex 100.97860917976085 6.883159692629858 4
      vertex 100.7899110603923 9.60293685676943 4
    endloop
  endfacet
  facet normal 0 0 1
    outer loop
      vertex 102.40838939219356 6.067627457812106 4
      vertex 102.53990499739547 8.910065241883679 4
      vertex 102.25779291565073 9.048270524660195 4
    endloop
  endfacet
  facet normal 0 0 1
    outer loop
      vertex 102.95983898992739 5.625833022228447 4
      vertex 103.09041415750372 8.607420270039437 4
      vertex 102.81753674101715 8.763066800438637 4
    endloop
  endfacet
  facet normal 0 0 1
    outer loop
      vertex 102.59680290239733 5.926162592817678 4
      vertex 102.81753674101715 8.763066800438637 4
      vertex 102.53990499739547 8.910065241883679 4
    endloop
  endfacet
  facet normal 0 0 1
    outer loop
      vertex 101.61315255576287 6.5723001003289765 4
      vertex 101.68124552684678 9.297764858882514 4
      vertex 101.38737920245292 9.408807689542254 4
    endloop
  endfacet
  facet normal 0 0 1
    outer loop
      vertex 102.01870096234248 6.332459441265113 4
      vertex 102.25779291565073 9.048270524660195 4
      vertex 101.97147890634781 9.177546256839811 4
    endloop
  endfacet
  facet normal 0 0 1
    outer loop
      vertex 101.81781061812778 6.455565202529577 4
      vertex 101.97147890634781 9.177546256839811 4
      vertex 101.68124552684678 9.297764858882514 4
    endloop
  endfacet
  facet normal 0 0 1
    outer loop
      vertex 101.19334468673804 6.786202893495146 4
      vertex 101.38737920245292 9.408807689542254 4
      vertex 101.09016994374947 9.510565162951535 4
    endloop
  endfacet
  facet normal 0 0 1
    outer loop
      vertex 100.97860917976085 6.883159692629858 4
      vertex 101.09016994374947 9.510565162951535 4
      vertex 100.7899110603923 9.60293685676943 4
    endloop
  endfacet
  facet normal 0.4399391698559127 0.8980275757606168 0
    outer loop
      vertex 102.53990499739547 8.910065241883679 0
      vertex 102.25779291565073 9.048270524660195 4
      vertex 102.53990499739547 8.910065241883679 4
    endloop
  endfacet
  facet normal 0.3534748437792593 0.9354440308298664 0
    outer loop
      vertex 101.68124552684678 9.297764858882514 0
      vertex 101.38737920245292 9.408807689542254 4
      vertex 101.68124552684678 9.297764858882514 4
    endloop
  endfacet
  facet normal 0.38268343236508495 0.9238795325112886 0
    outer loop
      vertex 101.97147890634781 9.177546256839811 0
      vertex 101.68124552684678 9.297764858882514 4
      vertex 101.97147890634781 9.177546256839811 4
    endloop
  endfacet
  facet normal 0.4115143586051179 0.9114032766354412 0
    outer loop
      vertex 102.25779291565073 9.048270524660195 0
      vertex 101.97147890634781 9.177546256839811 4
      vertex 102.25779291565073 9.048270524660195 4
    endloop
  endfacet
  facet normal 0.46792981426057473 0.8837656300886926 0
    outer loop
      vertex 102.81753674101715 8.763066800438637 0
      vertex 102.53990499739547 8.910065241883679 4
      vertex 102.81753674101715 8.763066800438637 4
    endloop
  endfacet
  facet normal 0.32391741819814174 0.9460853588275479 0
    outer loop
      vertex 101.38737920245292 9.408807689542254 0
      vertex 101.09016994374947 9.510565162951535 4
      vertex 101.38737920245292 9.408807689542254 4
    endloop
  endfacet
  facet normal 0.29404032523231294 0.9557930147983273 0
    outer loop
      vertex 101.09016994374947 9.510565162951535 0
      vertex 100.7899110603923 9.60293685676943 4
      vertex 101.09016994374947 9.510565162951535 4
    endloop
  endfacet
  facet normal 0 0 1
    outer loop
      vertex 0 -7 4
      vertex 0.15705379539064243 -4.997532801828658 4
      vertex 0 -5 4
    endloop
  endfacet
  facet normal 0 0 1
    outer loop
      vertex 0 -7 4
      vertex 0.3139525976465688 -4.990133642141358 4
      vertex 0.15705379539064243 -4.997532801828658 4
    endloop
  endfacet
  facet normal 0 0 1
    outer loop
      vertex 0 -7 4
      vertex 0.4705415665925696 -4.9778098230154 4
      vertex 0.3139525976465688 -4.990133642141358 4
    endloop
  endfacet
  facet normal 0 0 1
    outer loop
      vertex 0 -7 4
      vertex 0.6266661678215203 -4.9605735065723895 4
      vertex 0.4705415665925696 -4.9778098230154 4
    endloop
  endfacet
  facet normal 0 0 1
    outer loop
      vertex 0 -7 4
      vertex 0.7821723252011543 -4.938441702975689 4
      vertex 0.6266661678215203 -4.9605735065723895 4
    endloop
  endfacet
  facet normal 0 0 1
    outer loop
      vertex 0 -7 4
      vertex 0.9369065729286241 -4.911436253643443 4
      vertex 0.7821723252011543 -4.938441702975689 4
    endloop
  endfacet
  facet normal 0 0 -1
    outer loop
      vertex 0 -7 0
      vertex 0 -2.5 0
      vertex 0.07852689769532122 -2.498766400914329 0
    endloop
  endfacet
  facet normal 0 0 -1
    outer loop
      vertex 0 -7 0
      vertex 0.07852689769532122 -2.498766400914329 0
      vertex 0.1569762988232844 -2.495066821070679 0
    endloop
  endfacet
  facet normal -0.03059791145784341 -0.9995317742895512 0
    outer loop
      vertex 0 -7 0
      vertex 97.4029851026711 -9.981724033755238 0
      vertex 0 -7 4
    endloop
  endfacet
  facet normal 0 0 -1
    outer loop
      vertex 0 -7 0
      vertex 0.1569762988232844 -2.495066821070679 0
      vertex 97.4029851026711 -9.981724033755238 0
    endloop
  endfacet
  facet normal 0 0 -1
    outer loop
      vertex 97.4029851026711 -9.981724033755238 0
      vertex 0.1569762988232844 -2.495066821070679 0
      vertex 0.2352707832962848 -2.4889049115077 0
    endloop
  endfacet
  facet normal 0 0 -1
    outer loop
      vertex 97.4029851026711 -9.981724033755238 0
      vertex 0.2352707832962848 -2.4889049115077 0
      vertex 0.31333308391076015 -2.4802867532861947 0
    endloop
  endfacet
  facet normal 0 0 -1
    outer loop
      vertex 97.4029851026711 -9.981724033755238 0
      vertex 0.31333308391076015 -2.4802867532861947 0
      vertex 0.39108616260057716 -2.4692208514878446 0
    endloop
  endfacet
  facet normal 0 0 -1
    outer loop
      vertex 97.4029851026711 -9.981724033755238 0
      vertex 0.39108616260057716 -2.4692208514878446 0
      vertex 0.46845328646431206 -2.4557181268217216 0
    endloop
  endfacet
  facet normal 0 0 -1
    outer loop
      vertex 97.4029851026711 -9.981724033755238 0
      vertex 0.46845328646431206 -2.4557181268217216 0
      vertex 0.5453581034913573 -2.439791904846868 0
    endloop
  endfacet
  facet normal 0 0 -1
    outer loop
      vertex 97.4029851026711 -9.981724033755238 0
      vertex 0.5453581034913573 -2.439791904846868 0
      vertex 0.6217247179121361 -2.421457902821578 0
    endloop
  endfacet
  facet normal 0 0 -1
    outer loop
      vertex 97.4029851026711 -9.981724033755238 0
      vertex 0.6217247179121361 -2.421457902821578 0
      vertex 0.6974777650980726 -2.400734214192358 0
    endloop
  endfacet
  facet normal 0 0 -1
    outer loop
      vertex 97.4029851026711 -9.981724033755238 0
      vertex 0.6974777650980726 -2.400734214192358 0
      vertex 0.7725424859373685 -2.3776412907378837 0
    endloop
  endfacet
  facet normal 0 0 -1
    outer loop
      vertex 97.4029851026711 -9.981724033755238 0
      vertex 0.7725424859373685 -2.3776412907378837 0
      vertex 0.846844800613229 -2.3522019223855635 0
    endloop
  endfacet
  facet normal 0 0 -1
    outer loop
      vertex 97.4029851026711 -9.981724033755238 0
      vertex 0.846844800613229 -2.3522019223855635 0
      vertex 0.9203113817116959 -2.324441214720628 0
    endloop
  endfacet
  facet normal 0 0 -1
    outer loop
      vertex 97.4029851026711 -9.981724033755238 0
      vertex 0.9203113817116959 -2.324441214720628 0
      vertex 0.9928697265869507 -2.2943865642099532 0
    endloop
  endfacet
  facet normal 0 0 -1
    outer loop
      vertex 97.4029851026711 -9.981724033755238 0
      vertex 0.9928697265869507 -2.2943865642099532 0
      vertex 1.064448228912681 -2.262067631165049 0
    endloop
  endfacet
  facet normal 0 0 -1
    outer loop
      vertex 97.4029851026711 -9.981724033755238 0
      vertex 1.064448228912681 -2.262067631165049 0
      vertex 1.1349762493488669 -2.2275163104709197 0
    endloop
  endfacet
  facet normal 0 0 -1
    outer loop
      vertex 97.4029851026711 -9.981724033755238 0
      vertex 1.1349762493488669 -2.2275163104709197 0
      vertex 1.2043841852542885 -2.1907667001096587 0
    endloop
  endfacet
  facet normal 0 0 -1
    outer loop
      vertex 97.4029851026711 -9.981724033755238 0
      vertex 1.2043841852542885 -2.1907667001096587 0
      vertex 1.2726035393759292 -2.1518550675098584 0
    endloop
  endfacet
  facet normal 0 0 -1
    outer loop
      vertex 97.4029851026711 -9.981724033755238 0
      vertex 1.2726035393759292 -2.1518550675098584 0
      vertex 1.3395669874474905 -2.1108198137550382 0
    endloop
  endfacet
  facet normal 0 0 -1
    outer loop
      vertex 97.4029851026711 -9.981724033755238 0
      vertex 1.3395669874474905 -2.1108198137550382 0
      vertex 1.4052084446303261 -2.0677014356864047 0
    endloop
  endfacet
  facet normal 0 0 -1
    outer loop
      vertex 97.4029851026711 -9.981724033755238 0
      vertex 1.4052084446303261 -2.0677014356864047 0
      vertex 1.469463130731183 -2.0225424859373686 0
    endloop
  endfacet
  facet normal 0 0 -1
    outer loop
      vertex 97.4029851026711 -9.981724033755238 0
      vertex 1.469463130731183 -2.0225424859373686 0
      vertex 1.5322676341324417 -1.9753875309392255 0
    endloop
  endfacet
  facet normal 0 0 -1
    outer loop
      vertex 97.4029851026711 -9.981724033755238 0
      vertex 1.5322676341324417 -1.9753875309392255 0
      vertex 1.593559974371725 -1.9262831069394726 0
    endloop
  endfacet
  facet normal 0 0 -1
    outer loop
      vertex 97.4029851026711 -9.981724033755238 0
      vertex 1.593559974371725 -1.9262831069394726 0
      vertex 1.6532796633091287 -1.8752776740761496 0
    endloop
  endfacet
  facet normal 0 0 -1
    outer loop
      vertex 97.4029851026711 -9.981724033755238 0
      vertex 1.6532796633091287 -1.8752776740761496 0
      vertex 1.7113677648217211 -1.8224215685535292 0
    endloop
  endfacet
  facet normal 0 0 -1
    outer loop
      vertex 97.4029851026711 -9.981724033755238 0
      vertex 1.7113677648217211 -1.8224215685535292 0
      vertex 1.7677669529663689 -1.7677669529663689 0
    endloop
  endfacet
  facet normal 0 0 -1
    outer loop
      vertex 97.4029851026711 -9.981724033755238 0
      vertex 1.7677669529663689 -1.7677669529663689 0
      vertex 1.8224215685535292 -1.7113677648217211 0
    endloop
  endfacet
  facet normal 0 0 -1
    outer loop
      vertex 97.4029851026711 -9.981724033755238 0
      vertex 1.8224215685535292 -1.7113677648217211 0
      vertex 1.8752776740761496 -1.6532796633091287 0
    endloop
  endfacet
  facet normal 0 0 -1
    outer loop
      vertex 97.4029851026711 -9.981724033755238 0
      vertex 1.8752776740761496 -1.6532796633091287 0
      vertex 1.9262831069394726 -1.593559974371725 0
    endloop
  endfacet
  facet normal 0 0 -1
    outer loop
      vertex 97.4029851026711 -9.981724033755238 0
      vertex 1.9262831069394726 -1.593559974371725 0
      vertex 1.9753875309392255 -1.5322676341324417 0
    endloop
  endfacet
  facet normal 0 0 -1
    outer loop
      vertex 97.4029851026711 -9.981724033755238 0
      vertex 1.9753875309392255 -1.5322676341324417 0
      vertex 2.0225424859373686 -1.469463130731183 0
    endloop
  endfacet
  facet normal 0 0 -1
    outer loop
      vertex 97.4029851026711 -9.981724033755238 0
      vertex 2.0225424859373686 -1.469463130731183 0
      vertex 2.0677014356864047 -1.4052084446303261 0
    endloop
  endfacet
  facet normal 0 0 -1
    outer loop
      vertex 97.4029851026711 -9.981724033755238 0
      vertex 2.0677014356864047 -1.4052084446303261 0
      vertex 2.1108198137550382 -1.3395669874474905 0
    endloop
  endfacet
  facet normal 0 0 -1
    outer loop
      vertex 97.4029851026711 -9.981724033755238 0
      vertex 2.1108198137550382 -1.3395669874474905 0
      vertex 2.1518550675098584 -1.2726035393759292 0
    endloop
  endfacet
  facet normal 0 0 -1
    outer loop
      vertex 97.4029851026711 -9.981724033755238 0
      vertex 2.1518550675098584 -1.2726035393759292 0
      vertex 2.1907667001096587 -1.2043841852542885 0
    endloop
  endfacet
  facet normal 0 0 -1
    outer loop
      vertex 97.4029851026711 -9.981724033755238 0
      vertex 2.1907667001096587 -1.2043841852542885 0
      vertex 2.2275163104709197 -1.1349762493488669 0
    endloop
  endfacet
  facet normal 0 0 -1
    outer loop
      vertex 97.4029851026711 -9.981724033755238 0
      vertex 2.2275163104709197 -1.1349762493488669 0
      vertex 2.262067631165049 -1.064448228912681 0
    endloop
  endfacet
  facet normal 0 0 -1
    outer loop
      vertex 97.4029851026711 -9.981724033755238 0
      vertex 2.262067631165049 -1.064448228912681 0
      vertex 2.2943865642099532 -0.9928697265869507 0
    endloop
  endfacet
  facet normal 0 0 -1
    outer loop
      vertex 97.4029851026711 -9.981724033755238 0
      vertex 2.2943865642099532 -0.9928697265869507 0
      vertex 2.324441214720628 -0.9203113817116959 0
    endloop
  endfacet
  facet normal 0 0 -1
    outer loop
      vertex 97.4029851026711 -9.981724033755238 0
      vertex 2.324441214720628 -0.9203113817116959 0
      vertex 2.3522019223855635 -0.846844800613229 0
    endloop
  endfacet
  facet normal 0 0 -1
    outer loop
      vertex 97.4029851026711 -9.981724033755238 0
      vertex 2.3522019223855635 -0.846844800613229 0
      vertex 2.3776412907378837 -0.7725424859373685 0
    endloop
  endfacet
  facet normal 0 0 -1
    outer loop
      vertex 97.4029851026711 -9.981724033755238 0
      vertex 2.3776412907378837 -0.7725424859373685 0
      vertex 2.400734214192358 -0.6974777650980726 0
    endloop
  endfacet
  facet normal 0 0 -1
    outer loop
      vertex 97.4029851026711 -9.981724033755238 0
      vertex 2.400734214192358 -0.6974777650980726 0
      vertex 2.421457902821578 -0.6217247179121361 0
    endloop
  endfacet
  facet normal 0 0 -1
    outer loop
      vertex 97.4029851026711 -9.981724033755238 0
      vertex 2.421457902821578 -0.6217247179121361 0
      vertex 2.439791904846868 -0.5453581034913573 0
    endloop
  endfacet
  facet normal 0 0 -1
    outer loop
      vertex 97.4029851026711 -9.981724033755238 0
      vertex 2.439791904846868 -0.5453581034913573 0
      vertex 2.4557181268217216 -0.46845328646431206 0
    endloop
  endfacet
  facet normal 0 0 -1
    outer loop
      vertex 97.4029851026711 -9.981724033755238 0
      vertex 2.4557181268217216 -0.46845328646431206 0
      vertex 2.4692208514878446 -0.39108616260057716 0
    endloop
  endfacet
  facet normal 0 0 -1
    outer loop
      vertex 97.4029851026711 -9.981724033755238 0
      vertex 2.4692208514878446 -0.39108616260057716 0
      vertex 2.4802867532861947 -0.31333308391076015 0
    endloop
  endfacet
  facet normal 0 0 -1
    outer loop
      vertex 97.4029851026711 -9.981724033755238 0
      vertex 2.4802867532861947 -0.31333308391076015 0
      vertex 2.4889049115077 -0.2352707832962848 0
    endloop
  endfacet
  facet normal 0 0 -1
    outer loop
      vertex 97.4029851026711 -9.981724033755238 0
      vertex 2.4889049115077 -0.2352707832962848 0
      vertex 2.495066821070679 -0.1569762988232844 0
    endloop
  endfacet
  facet normal 0 0 -1
    outer loop
      vertex 97.4029851026711 -9.981724033755238 0
      vertex 2.495066821070679 -0.1569762988232844 0
      vertex 2.498766400914329 -0.07852689769532122 0
    endloop
  endfacet
  facet normal 0 0 -1
    outer loop
      vertex 97.4029851026711 -9.981724033755238 0
      vertex 2.498766400914329 -0.07852689769532122 0
      vertex 2.5 0 0
    endloop
  endfacet
  facet normal 0 0 -1
    outer loop
      vertex 97.4029851026711 -9.981724033755238 0
      vertex 2.5 0 0
      vertex 2.498766400914329 0.07852689769532073 0
    endloop
  endfacet
  facet normal 0 0 -1
    outer loop
      vertex 97.4029851026711 -9.981724033755238 0
      vertex 2.498766400914329 0.07852689769532073 0
      vertex 2.495066821070679 0.15697629882328343 0
    endloop
  endfacet
  facet normal 0 0 -1
    outer loop
      vertex 97.4029851026711 -9.981724033755238 0
      vertex 2.495066821070679 0.15697629882328343 0
      vertex 2.4889049115077 0.2352707832962858 0
    endloop
  endfacet
  facet normal 0 0 -1
    outer loop
      vertex 97.4029851026711 -9.981724033755238 0
      vertex 2.4889049115077 0.2352707832962858 0
      vertex 2.4802867532861947 0.31333308391076065 0
    endloop
  endfacet
  facet normal 0 0 -1
    outer loop
      vertex 97.4029851026711 -9.981724033755238 0
      vertex 2.4802867532861947 0.31333308391076065 0
      vertex 2.4692208514878446 0.39108616260057716 0
    endloop
  endfacet
  facet normal 0 0 -1
    outer loop
      vertex 97.4029851026711 -9.981724033755238 0
      vertex 2.4557181268217216 0.46845328646431156 0
      vertex 2.4397919048468686 0.5453581034913564 0
    endloop
  endfacet
  facet normal 0 0 -1
    outer loop
      vertex 97.4029851026711 -9.981724033755238 0
      vertex 2.4692208514878446 0.39108616260057716 0
      vertex 2.4557181268217216 0.46845328646431156 0
    endloop
  endfacet
  facet normal 0 0 -1
    outer loop
      vertex 97.4029851026711 -9.981724033755238 0
      vertex 2.4397919048468686 0.5453581034913564 0
      vertex 2.4214579028215777 0.621724717912137 0
    endloop
  endfacet
  facet normal 0 0 -1
    outer loop
      vertex 97.4029851026711 -9.981724033755238 0
      vertex 2.4214579028215777 0.621724717912137 0
      vertex 2.4007342141923576 0.6974777650980732 0
    endloop
  endfacet
  facet normal 0 0 -1
    outer loop
      vertex 97.4029851026711 -9.981724033755238 0
      vertex 2.4007342141923576 0.6974777650980732 0
      vertex 2.3776412907378837 0.7725424859373685 0
    endloop
  endfacet
  facet normal 0 0 -1
    outer loop
      vertex 97.4029851026711 -9.981724033755238 0
      vertex 2.3776412907378837 0.7725424859373685 0
      vertex 2.3522019223855635 0.8468448006132285 0
    endloop
  endfacet
  facet normal 0 0 -1
    outer loop
      vertex 97.4029851026711 -9.981724033755238 0
      vertex 2.3522019223855635 0.8468448006132285 0
      vertex 2.324441214720628 0.9203113817116949 0
    endloop
  endfacet
  facet normal 0 0 -1
    outer loop
      vertex 97.4029851026711 -9.981724033755238 0
      vertex 2.324441214720628 0.9203113817116949 0
      vertex 2.294386564209953 0.9928697265869514 0
    endloop
  endfacet
  facet normal 0 0 -1
    outer loop
      vertex 97.4029851026711 -9.981724033755238 0
      vertex 2.294386564209953 0.9928697265869514 0
      vertex 2.262067631165049 1.0644482289126818 0
    endloop
  endfacet
  facet normal 0 0 -1
    outer loop
      vertex 97.4029851026711 -9.981724033755238 0
      vertex 2.262067631165049 1.0644482289126818 0
      vertex 2.2275163104709197 1.1349762493488669 0
    endloop
  endfacet
  facet normal 0 0 -1
    outer loop
      vertex 97.4029851026711 -9.981724033755238 0
      vertex 2.2275163104709197 1.1349762493488669 0
      vertex 2.190766700109659 1.2043841852542883 0
    endloop
  endfacet
  facet normal 0 0 -1
    outer loop
      vertex 97.4029851026711 -9.981724033755238 0
      vertex 2.190766700109659 1.2043841852542883 0
      vertex 2.1518550675098593 1.2726035393759283 0
    endloop
  endfacet
  facet normal 0 0 1
    outer loop
      vertex 0 -7 4
      vertex 88.28215909643322 -2.353570573871936 4
      vertex 0.9369065729286241 -4.911436253643443 4
    endloop
  endfacet
  facet normal 0 0 1
    outer loop
      vertex 0.9369065729286241 -4.911436253643443 4
      vertex 88.28215909643322 -2.353570573871936 4
      vertex 1.0907162069827145 -4.879583809693736 4
    endloop
  endfacet
  facet normal 0 0 1
    outer loop
      vertex 1.0907162069827145 -4.879583809693736 4
      vertex 88.28215909643322 -2.353570573871936 4
      vertex 1.2434494358242723 -4.842915805643156 4
    endloop
  endfacet
  facet normal 0 0 1
    outer loop
      vertex 1.2434494358242723 -4.842915805643156 4
      vertex 88.28215909643322 -2.353570573871936 4
      vertex 1.3949555301961452 -4.801468428384716 4
    endloop
  endfacet
  facet normal 0 0 1
    outer loop
      vertex 1.3949555301961452 -4.801468428384716 4
      vertex 88.28215909643322 -2.353570573871936 4
      vertex 1.545084971874737 -4.755282581475767 4
    endloop
  endfacet
  facet normal 0 0 1
    outer loop
      vertex 1.545084971874737 -4.755282581475767 4
      vertex 88.28215909643322 -2.353570573871936 4
      vertex 1.693689601226458 -4.704403844771127 4
    endloop
  endfacet
  facet normal 0 0 1
    outer loop
      vertex 1.693689601226458 -4.704403844771127 4
      vertex 88.28215909643322 -2.353570573871936 4
      vertex 1.8406227634233918 -4.648882429441256 4
    endloop
  endfacet
  facet normal 0 0 1
    outer loop
      vertex 1.8406227634233918 -4.648882429441256 4
      vertex 88.28215909643322 -2.353570573871936 4
      vertex 1.9857394531739014 -4.5887731284199065 4
    endloop
  endfacet
  facet normal 0 0 1
    outer loop
      vertex 1.9857394531739014 -4.5887731284199065 4
      vertex 88.28215909643322 -2.353570573871936 4
      vertex 2.128896457825362 -4.524135262330098 4
    endloop
  endfacet
  facet normal 0 0 1
    outer loop
      vertex 2.128896457825362 -4.524135262330098 4
      vertex 88.28215909643322 -2.353570573871936 4
      vertex 2.2699524986977337 -4.455032620941839 4
    endloop
  endfacet
  facet normal 0 0 1
    outer loop
      vertex 2.2699524986977337 -4.455032620941839 4
      vertex 88.28215909643322 -2.353570573871936 4
      vertex 2.408768370508577 -4.381533400219317 4
    endloop
  endfacet
  facet normal 0 0 1
    outer loop
      vertex 2.408768370508577 -4.381533400219317 4
      vertex 88.28215909643322 -2.353570573871936 4
      vertex 2.5452070787518584 -4.303710135019717 4
    endloop
  endfacet
  facet normal 0 0 1
    outer loop
      vertex 2.5452070787518584 -4.303710135019717 4
      vertex 88.28215909643322 -2.353570573871936 4
      vertex 2.679133974894981 -4.2216396275100765 4
    endloop
  endfacet
  facet normal 0 0 1
    outer loop
      vertex 2.679133974894981 -4.2216396275100765 4
      vertex 88.28215909643322 -2.353570573871936 4
      vertex 2.8104168892606523 -4.1354028713728095 4
    endloop
  endfacet
  facet normal 0 0 1
    outer loop
      vertex 2.8104168892606523 -4.1354028713728095 4
      vertex 88.28215909643322 -2.353570573871936 4
      vertex 2.938926261462366 -4.045084971874737 4
    endloop
  endfacet
  facet normal 0 0 1
    outer loop
      vertex 2.938926261462366 -4.045084971874737 4
      vertex 88.28215909643322 -2.353570573871936 4
      vertex 3.0645352682648834 -3.950775061878451 4
    endloop
  endfacet
  facet normal 0 0 1
    outer loop
      vertex 3.0645352682648834 -3.950775061878451 4
      vertex 88.28215909643322 -2.353570573871936 4
      vertex 3.18711994874345 -3.852566213878945 4
    endloop
  endfacet
  facet normal 0 0 1
    outer loop
      vertex 3.18711994874345 -3.852566213878945 4
      vertex 88.28215909643322 -2.353570573871936 4
      vertex 3.3065593266182574 -3.7505553481522993 4
    endloop
  endfacet
  facet normal 0 0 1
    outer loop
      vertex 3.3065593266182574 -3.7505553481522993 4
      vertex 88.28215909643322 -2.353570573871936 4
      vertex 3.4227355296434423 -3.6448431371070584 4
    endloop
  endfacet
  facet normal 0 0 1
    outer loop
      vertex 3.4227355296434423 -3.6448431371070584 4
      vertex 88.28215909643322 -2.353570573871936 4
      vertex 3.5355339059327378 -3.5355339059327378 4
    endloop
  endfacet
  facet normal 0 0 1
    outer loop
      vertex 3.5355339059327378 -3.5355339059327378 4
      vertex 88.28215909643322 -2.353570573871936 4
      vertex 3.6448431371070584 -3.4227355296434423 4
    endloop
  endfacet
  facet normal 0 0 1
    outer loop
      vertex 3.6448431371070584 -3.4227355296434423 4
      vertex 88.28215909643322 -2.353570573871936 4
      vertex 3.7505553481522993 -3.3065593266182574 4
    endloop
  endfacet
  facet normal 0 0 1
    outer loop
      vertex 3.7505553481522993 -3.3065593266182574 4
      vertex 88.28215909643322 -2.353570573871936 4
      vertex 3.852566213878945 -3.18711994874345 4
    endloop
  endfacet
  facet normal 0 0 1
    outer loop
      vertex 3.852566213878945 -3.18711994874345 4
      vertex 88.28215909643322 -2.353570573871936 4
      vertex 3.950775061878451 -3.0645352682648834 4
    endloop
  endfacet
  facet normal 0 0 1
    outer loop
      vertex 3.950775061878451 -3.0645352682648834 4
      vertex 88.28215909643322 -2.353570573871936 4
      vertex 4.045084971874737 -2.938926261462366 4
    endloop
  endfacet
  facet normal 0 0 1
    outer loop
      vertex 4.045084971874737 -2.938926261462366 4
      vertex 88.28215909643322 -2.353570573871936 4
      vertex 4.1354028713728095 -2.8104168892606523 4
    endloop
  endfacet
  facet normal 0 0 1
    outer loop
      vertex 4.1354028713728095 -2.8104168892606523 4
      vertex 88.28215909643322 -2.353570573871936 4
      vertex 4.2216396275100765 -2.679133974894981 4
    endloop
  endfacet
  facet normal 0 0 1
    outer loop
      vertex 4.2216396275100765 -2.679133974894981 4
      vertex 88.28215909643322 -2.353570573871936 4
      vertex 4.303710135019717 -2.5452070787518584 4
    endloop
  endfacet
  facet normal 0 0 -1
    outer loop
      vertex 97.4029851026711 -9.981724033755238 0
      vertex 2.110819813755038 1.3395669874474916 0
      vertex 2.0677014356864047 1.4052084446303263 0
    endloop
  endfacet
  facet normal 0 0 -1
    outer loop
      vertex 97.4029851026711 -9.981724033755238 0
      vertex 2.0677014356864047 1.4052084446303263 0
      vertex 2.0225424859373686 1.469463130731183 0
    endloop
  endfacet
  facet normal 0 0 -1
    outer loop
      vertex 97.4029851026711 -9.981724033755238 0
      vertex 2.1518550675098593 1.2726035393759283 0
      vertex 2.110819813755038 1.3395669874474916 0
    endloop
  endfacet
  facet normal 0 0 -1
    outer loop
      vertex 97.4029851026711 -9.981724033755238 0
      vertex 2.0225424859373686 1.469463130731183 0
      vertex 1.975387530939226 1.5322676341324408 0
    endloop
  endfacet
  facet normal 0 0 -1
    outer loop
      vertex 97.4029851026711 -9.981724033755238 0
      vertex 1.975387530939226 1.5322676341324408 0
      vertex 1.9262831069394728 1.5935599743717244 0
    endloop
  endfacet
  facet normal 0 0 -1
    outer loop
      vertex 97.4029851026711 -9.981724033755238 0
      vertex 1.9262831069394728 1.5935599743717244 0
      vertex 1.875277674076149 1.6532796633091296 0
    endloop
  endfacet
  facet normal 0 0 -1
    outer loop
      vertex 97.4029851026711 -9.981724033755238 0
      vertex 1.875277674076149 1.6532796633091296 0
      vertex 1.822421568553529 1.7113677648217218 0
    endloop
  endfacet
  facet normal 0 0 -1
    outer loop
      vertex 97.4029851026711 -9.981724033755238 0
      vertex 1.469463130731183 2.0225424859373686 0
      vertex 1.4052084446303263 2.0677014356864047 0
    endloop
  endfacet
  facet normal 0 0 -1
    outer loop
      vertex 97.4029851026711 -9.981724033755238 0
      vertex 1.4052084446303263 2.0677014356864047 0
      vertex 1.3395669874474916 2.110819813755038 0
    endloop
  endfacet
  facet normal 0 0 -1
    outer loop
      vertex 97.4029851026711 -9.981724033755238 0
      vertex 1.2726035393759283 2.1518550675098593 0
      vertex 1.204384185254288 2.190766700109659 0
    endloop
  endfacet
  facet normal 0 0 -1
    outer loop
      vertex 97.4029851026711 -9.981724033755238 0
      vertex 1.3395669874474916 2.110819813755038 0
      vertex 1.2726035393759283 2.1518550675098593 0
    endloop
  endfacet
  facet normal 0 0 -1
    outer loop
      vertex 97.4029851026711 -9.981724033755238 0
      vertex 1.7677669529663689 1.7677669529663689 0
      vertex 1.7113677648217218 1.822421568553529 0
    endloop
  endfacet
  facet normal 0 0 -1
    outer loop
      vertex 97.4029851026711 -9.981724033755238 0
      vertex 1.822421568553529 1.7113677648217218 0
      vertex 1.7677669529663689 1.7677669529663689 0
    endloop
  endfacet
  facet normal 0 0 -1
    outer loop
      vertex 97.4029851026711 -9.981724033755238 0
      vertex 1.7113677648217218 1.822421568553529 0
      vertex 1.6532796633091296 1.875277674076149 0
    endloop
  endfacet
  facet normal 0 0 -1
    outer loop
      vertex 97.4029851026711 -9.981724033755238 0
      vertex 1.6532796633091296 1.875277674076149 0
      vertex 1.5935599743717244 1.9262831069394728 0
    endloop
  endfacet
  facet normal 0 0 -1
    outer loop
      vertex 97.4029851026711 -9.981724033755238 0
      vertex 1.5935599743717244 1.9262831069394728 0
      vertex 1.5322676341324408 1.975387530939226 0
    endloop
  endfacet
  facet normal 0 0 -1
    outer loop
      vertex 97.4029851026711 -9.981724033755238 0
      vertex 1.5322676341324408 1.975387530939226 0
      vertex 1.469463130731183 2.0225424859373686 0
    endloop
  endfacet
  facet normal 0 0 -1
    outer loop
      vertex 97.4029851026711 -9.981724033755238 0
      vertex 0.6974777650980734 2.4007342141923576 0
      vertex 0.6217247179121371 2.4214579028215777 0
    endloop
  endfacet
  facet normal 0 0 -1
    outer loop
      vertex 97.4029851026711 -9.981724033755238 0
      vertex 0.7725424859373685 2.3776412907378837 0
      vertex 0.6974777650980734 2.4007342141923576 0
    endloop
  endfacet
  facet normal 0 0 -1
    outer loop
      vertex 97.4029851026711 -9.981724033755238 0
      vertex 1.1349762493488669 2.2275163104709197 0
      vertex 1.0644482289126818 2.2620676311650487 0
    endloop
  endfacet
  facet normal 0 0 -1
    outer loop
      vertex 97.4029851026711 -9.981724033755238 0
      vertex 1.0644482289126818 2.2620676311650487 0
      vertex 0.9928697265869518 2.294386564209953 0
    endloop
  endfacet
  facet normal 0 0 -1
    outer loop
      vertex 97.4029851026711 -9.981724033755238 0
      vertex 1.204384185254288 2.190766700109659 0
      vertex 1.1349762493488669 2.2275163104709197 0
    endloop
  endfacet
  facet normal 0 0 -1
    outer loop
      vertex 97.4029851026711 -9.981724033755238 0
      vertex 0.9203113817116947 2.3244412147206286 0
      vertex 0.8468448006132283 2.3522019223855635 0
    endloop
  endfacet
  facet normal 0 0 -1
    outer loop
      vertex 97.4029851026711 -9.981724033755238 0
      vertex 0.9928697265869518 2.294386564209953 0
      vertex 0.9203113817116947 2.3244412147206286 0
    endloop
  endfacet
  facet normal 0 0 -1
    outer loop
      vertex 97.4029851026711 -9.981724033755238 0
      vertex 0.8468448006132283 2.3522019223855635 0
      vertex 0.7725424859373685 2.3776412907378837 0
    endloop
  endfacet
  facet normal 0 0 -1
    outer loop
      vertex 97.4029851026711 -9.981724033755238 0
      vertex 0.46845328646431145 2.4557181268217216 0
      vertex 0.39108616260057716 2.4692208514878446 0
    endloop
  endfacet
  facet normal 0 0 -1
    outer loop
      vertex 97.4029851026711 -9.981724033755238 0
      vertex 0.39108616260057716 2.4692208514878446 0
      vertex 0.3133330839107607 2.4802867532861947 0
    endloop
  endfacet
  facet normal 0 0 -1
    outer loop
      vertex 97.4029851026711 -9.981724033755238 0
      vertex 0.6217247179121371 2.4214579028215777 0
      vertex 0.5453581034913562 2.4397919048468686 0
    endloop
  endfacet
  facet normal 0 0 -1
    outer loop
      vertex 97.4029851026711 -9.981724033755238 0
      vertex 0.5453581034913562 2.4397919048468686 0
      vertex 0.46845328646431145 2.4557181268217216 0
    endloop
  endfacet
  facet normal 0 0 -1
    outer loop
      vertex 0 7 0
      vertex 97.4029851026711 -9.981724033755238 0
      vertex 0.3133330839107607 2.4802867532861947 0
    endloop
  endfacet
  facet normal 0 0 1
    outer loop
      vertex 4.303710135019717 -2.5452070787518584 4
      vertex 88.28215909643322 -2.353570573871936 4
      vertex 4.381533400219317 -2.408768370508577 4
    endloop
  endfacet
  facet normal 0 0 1
    outer loop
      vertex 4.381533400219317 -2.408768370508577 4
      vertex 88.28215909643322 -2.353570573871936 4
      vertex 4.455032620941839 -2.2699524986977337 4
    endloop
  endfacet
  facet normal 0 0 1
    outer loop
      vertex 4.455032620941839 -2.2699524986977337 4
      vertex 88.28215909643322 -2.353570573871936 4
      vertex 4.524135262330098 -2.128896457825362 4
    endloop
  endfacet
  facet normal 0 0 1
    outer loop
      vertex 4.524135262330098 -2.128896457825362 4
      vertex 88.28215909643322 -2.353570573871936 4
      vertex 4.582334244633835 -2 4
    endloop
  endfacet
  facet normal 0 0 1
    outer loop
      vertex 4.582334244633835 2 4
      vertex 4.532247432321624 2.3699793822303366 4
      vertex 4.524135262330098 2.1288964578253635 4
    endloop
  endfacet
  facet normal 0 0 1
    outer loop
      vertex 4.524135262330098 2.1288964578253635 4
      vertex 4.532247432321624 2.3699793822303366 4
      vertex 4.455032620941839 2.2699524986977337 4
    endloop
  endfacet
  facet normal 0 0 1
    outer loop
      vertex 4.455032620941839 2.2699524986977337 4
      vertex 4.532247432321624 2.3699793822303366 4
      vertex 4.381533400219318 2.4087683705085765 4
    endloop
  endfacet
  facet normal 0 0 -1
    outer loop
      vertex 0 7 0
      vertex 0.07852689769532062 2.498766400914329 0
      vertex 0 2.5 0
    endloop
  endfacet
  facet normal 0 0 -1
    outer loop
      vertex 0 7 0
      vertex 0.15697629882328318 2.495066821070679 0
      vertex 0.07852689769532062 2.498766400914329 0
    endloop
  endfacet
  facet normal 0 0 -1
    outer loop
      vertex 0 7 0
      vertex 0.23527078329628606 2.4889049115077 0
      vertex 0.15697629882328318 2.495066821070679 0
    endloop
  endfacet
  facet normal 0 0 -1
    outer loop
      vertex 0 7 0
      vertex 0.3133330839107607 2.4802867532861947 0
      vertex 0.23527078329628606 2.4889049115077 0
    endloop
  endfacet
  facet normal 0 0 1
    outer loop
      vertex 0.15705379539064124 4.997532801828658 4
      vertex 0.31395259764656636 4.990133642141358 4
      vertex 0 7 4
    endloop
  endfacet
  facet normal 0 0 1
    outer loop
      vertex 0.15705379539064124 4.997532801828658 4
      vertex 0 7 4
      vertex 0 5 4
    endloop
  endfacet
  facet normal 0 0 1
    outer loop
      vertex 4.381533400219318 2.4087683705085765 4
      vertex 4.532247432321624 2.3699793822303366 4
      vertex 97.4029851026711 9.981724033755238 4
    endloop
  endfacet
  facet normal 0 0 1
    outer loop
      vertex 4.381533400219318 2.4087683705085765 4
      vertex 97.4029851026711 9.981724033755238 4
      vertex 4.303710135019719 2.5452070787518566 4
    endloop
  endfacet
  facet normal 0 0 1
    outer loop
      vertex 6.586165382679578 2 4
      vertex 96.7474131029606 9.897748008404948 4
      vertex 6.509150371132828 2.5313592139700267 4
    endloop
  endfacet
  facet normal 0 0 1
    outer loop
      vertex 4.532247432321624 2.3699793822303366 4
      vertex 6.509150371132828 2.5313592139700267 4
      vertex 97.4029851026711 9.981724033755238 4
    endloop
  endfacet
  facet normal 0 0 1
    outer loop
      vertex 4.1354028713728095 2.8104168892606527 4
      vertex 97.4029851026711 9.981724033755238 4
      vertex 4.045084971874737 2.938926261462366 4
    endloop
  endfacet
  facet normal 0 0 1
    outer loop
      vertex 4.303710135019719 2.5452070787518566 4
      vertex 97.4029851026711 9.981724033755238 4
      vertex 4.221639627510076 2.679133974894983 4
    endloop
  endfacet
  facet normal 0 0 1
    outer loop
      vertex 4.221639627510076 2.679133974894983 4
      vertex 97.4029851026711 9.981724033755238 4
      vertex 4.1354028713728095 2.8104168892606527 4
    endloop
  endfacet
  facet normal 0 0 1
    outer loop
      vertex 4.045084971874737 2.938926261462366 4
      vertex 97.4029851026711 9.981724033755238 4
      vertex 3.950775061878452 3.0645352682648817 4
    endloop
  endfacet
  facet normal 0 0 1
    outer loop
      vertex 3.950775061878452 3.0645352682648817 4
      vertex 97.4029851026711 9.981724033755238 4
      vertex 3.8525662138789456 3.1871199487434487 4
    endloop
  endfacet
  facet normal 0 0 1
    outer loop
      vertex 3.750555348152298 3.306559326618259 4
      vertex 3.8525662138789456 3.1871199487434487 4
      vertex 97.4029851026711 9.981724033755238 4
    endloop
  endfacet
  facet normal 0 0 1
    outer loop
      vertex 3.750555348152298 3.306559326618259 4
      vertex 97.4029851026711 9.981724033755238 4
      vertex 3.644843137107058 3.4227355296434436 4
    endloop
  endfacet
  facet normal 0 0 1
    outer loop
      vertex 2.8104168892606527 4.1354028713728095 4
      vertex 97.4029851026711 9.981724033755238 4
      vertex 2.679133974894983 4.221639627510076 4
    endloop
  endfacet
  facet normal 0 0 1
    outer loop
      vertex 2.679133974894983 4.221639627510076 4
      vertex 97.4029851026711 9.981724033755238 4
      vertex 2.5452070787518566 4.303710135019719 4
    endloop
  endfacet
  facet normal 0 0 1
    outer loop
      vertex 2.5452070787518566 4.303710135019719 4
      vertex 97.4029851026711 9.981724033755238 4
      vertex 2.408768370508576 4.381533400219318 4
    endloop
  endfacet
  facet normal 0 0 1
    outer loop
      vertex 3.644843137107058 3.4227355296434436 4
      vertex 97.4029851026711 9.981724033755238 4
      vertex 3.5355339059327378 3.5355339059327378 4
    endloop
  endfacet
  facet normal 0 0 1
    outer loop
      vertex 3.5355339059327378 3.5355339059327378 4
      vertex 97.4029851026711 9.981724033755238 4
      vertex 3.4227355296434436 3.644843137107058 4
    endloop
  endfacet
  facet normal 0 0 1
    outer loop
      vertex 3.4227355296434436 3.644843137107058 4
      vertex 97.4029851026711 9.981724033755238 4
      vertex 3.306559326618259 3.750555348152298 4
    endloop
  endfacet
  facet normal 0 0 1
    outer loop
      vertex 3.1871199487434487 3.8525662138789456 4
      vertex 97.4029851026711 9.981724033755238 4
      vertex 3.0645352682648817 3.950775061878452 4
    endloop
  endfacet
  facet normal 0 0 1
    outer loop
      vertex 3.306559326618259 3.750555348152298 4
      vertex 97.4029851026711 9.981724033755238 4
      vertex 3.1871199487434487 3.8525662138789456 4
    endloop
  endfacet
  facet normal 0 0 1
    outer loop
      vertex 3.0645352682648817 3.950775061878452 4
      vertex 97.4029851026711 9.981724033755238 4
      vertex 2.938926261462366 4.045084971874737 4
    endloop
  endfacet
  facet normal 0 0 1
    outer loop
      vertex 2.938926261462366 4.045084971874737 4
      vertex 97.4029851026711 9.981724033755238 4
      vertex 2.8104168892606527 4.1354028713728095 4
    endloop
  endfacet
  facet normal 0 0 1
    outer loop
      vertex 1.2434494358242743 4.842915805643155 4
      vertex 1.3949555301961467 4.801468428384715 4
      vertex 97.4029851026711 9.981724033755238 4
    endloop
  endfacet
  facet normal 0 0 1
    outer loop
      vertex 2.1288964578253635 4.524135262330097 4
      vertex 97.4029851026711 9.981724033755238 4
      vertex 1.9857394531739037 4.588773128419906 4
    endloop
  endfacet
  facet normal 0 0 1
    outer loop
      vertex 2.408768370508576 4.381533400219318 4
      vertex 97.4029851026711 9.981724033755238 4
      vertex 2.2699524986977337 4.455032620941839 4
    endloop
  endfacet
  facet normal 0 0 1
    outer loop
      vertex 2.1288964578253635 4.524135262330097 4
      vertex 2.2699524986977337 4.455032620941839 4
      vertex 97.4029851026711 9.981724033755238 4
    endloop
  endfacet
  facet normal 0 0 1
    outer loop
      vertex 1.8406227634233894 4.648882429441257 4
      vertex 97.4029851026711 9.981724033755238 4
      vertex 1.6936896012264566 4.704403844771127 4
    endloop
  endfacet
  facet normal 0 0 1
    outer loop
      vertex 1.6936896012264566 4.704403844771127 4
      vertex 97.4029851026711 9.981724033755238 4
      vertex 1.545084971874737 4.755282581475767 4
    endloop
  endfacet
  facet normal 0 0 1
    outer loop
      vertex 1.8406227634233894 4.648882429441257 4
      vertex 1.9857394531739037 4.588773128419906 4
      vertex 97.4029851026711 9.981724033755238 4
    endloop
  endfacet
  facet normal 0 0 1
    outer loop
      vertex 1.3949555301961467 4.801468428384715 4
      vertex 1.545084971874737 4.755282581475767 4
      vertex 97.4029851026711 9.981724033755238 4
    endloop
  endfacet
  facet normal 0 0 1
    outer loop
      vertex 0.6266661678215214 4.9605735065723895 4
      vertex 97.4029851026711 9.981724033755238 4
      vertex 0.4705415665925721 4.9778098230154 4
    endloop
  endfacet
  facet normal 0 0 1
    outer loop
      vertex 0.6266661678215214 4.9605735065723895 4
      vertex 0.7821723252011543 4.938441702975689 4
      vertex 97.4029851026711 9.981724033755238 4
    endloop
  endfacet
  facet normal 0 0 1
    outer loop
      vertex 0.31395259764656636 4.990133642141358 4
      vertex 0.4705415665925721 4.9778098230154 4
      vertex 97.4029851026711 9.981724033755238 4
    endloop
  endfacet
  facet normal 0 0 1
    outer loop
      vertex 0.9369065729286229 4.911436253643443 4
      vertex 1.0907162069827123 4.879583809693737 4
      vertex 97.4029851026711 9.981724033755238 4
    endloop
  endfacet
  facet normal 0 0 1
    outer loop
      vertex 0.9369065729286229 4.911436253643443 4
      vertex 97.4029851026711 9.981724033755238 4
      vertex 0.7821723252011543 4.938441702975689 4
    endloop
  endfacet
  facet normal 0 0 1
    outer loop
      vertex 1.2434494358242743 4.842915805643155 4
      vertex 97.4029851026711 9.981724033755238 4
      vertex 1.0907162069827123 4.879583809693737 4
    endloop
  endfacet
  facet normal 0 0 1
    outer loop
      vertex 0.31395259764656636 4.990133642141358 4
      vertex 97.4029851026711 9.981724033755238 4
      vertex 0 7 4
    endloop
  endfacet
  facet normal -0.03059791145784341 0.9995317742895512 0
    outer loop
      vertex 0 7 0
      vertex 0 7 4
      vertex 97.4029851026711 9.981724033755238 4
    endloop
  endfacet
  facet normal 0 0 1
    outer loop
      vertex 0 -7 4
      vertex 97.46124206416559 -8.56331217110824 4
      vertex 97.06000074826773 -7.440860259858584 4
    endloop
  endfacet
  facet normal 0 0 1
    outer loop
      vertex 0 -7 4
      vertex 96.36392568952593 -7.319375714540605 4
      vertex 96.1348258462636 -7.264373708464733 4
    endloop
  endfacet
  facet normal 0 0 1
    outer loop
      vertex 0 -7 4
      vertex 96.59464014060707 -7.3671543804651645 4
      vertex 96.36392568952593 -7.319375714540605 4
    endloop
  endfacet
  facet normal 0 0 1
    outer loop
      vertex 0 -7 4
      vertex 97.06000074826773 -7.440860259858584 4
      vertex 96.82674151219827 -7.407662554463533 4
    endloop
  endfacet
  facet normal 0 0 1
    outer loop
      vertex 0 -7 4
      vertex 96.82674151219827 -7.407662554463533 4
      vertex 96.59464014060707 -7.3671543804651645 4
    endloop
  endfacet
  facet normal 0 0 1
    outer loop
      vertex 0 -7 4
      vertex 95.90756670470579 -7.202202642577074 4
      vertex 95.68237254218789 -7.132923872213651 4
    endloop
  endfacet
  facet normal 0 0 1
    outer loop
      vertex 0 -7 4
      vertex 95.68237254218789 -7.132923872213651 4
      vertex 95.4594655981603 -7.056605767156691 4
    endloop
  endfacet
  facet normal 0 0 1
    outer loop
      vertex 0 -7 4
      vertex 95.02139082023915 -6.883159692629858 4
      vertex 94.80665531326196 -6.786202893495147 4
    endloop
  endfacet
  facet normal 0 0 1
    outer loop
      vertex 0 -7 4
      vertex 95.23906585486492 -6.973323644161886 4
      vertex 95.02139082023915 -6.883159692629858 4
    endloop
  endfacet
  facet normal 0 0 1
    outer loop
      vertex 0 -7 4
      vertex 95.4594655981603 -7.056605767156691 4
      vertex 95.23906585486492 -6.973323644161886 4
    endloop
  endfacet
  facet normal 0 0 1
    outer loop
      vertex 0 -7 4
      vertex 96.1348258462636 -7.264373708464733 4
      vertex 95.90756670470579 -7.202202642577074 4
    endloop
  endfacet
  facet normal 0 0 1
    outer loop
      vertex 0 -7 4
      vertex 94.5950712519534 -6.682548931412759 4
      vertex 94.38684744423713 -6.572300100328976 4
    endloop
  endfacet
  facet normal 0 0 1
    outer loop
      vertex 0 -7 4
      vertex 94.38684744423713 -6.572300100328976 4
      vertex 94.18218938187222 -6.455565202529578 4
    endloop
  endfacet
  facet normal 0 0 1
    outer loop
      vertex 0 -7 4
      vertex 94.18218938187222 -6.455565202529578 4
      vertex 93.98129903765752 -6.3324594412651125 4
    endloop
  endfacet
  facet normal 0 0 1
    outer loop
      vertex 0 -7 4
      vertex 93.98129903765752 -6.3324594412651125 4
      vertex 93.78437466610902 -6.203104307059214 4
    endloop
  endfacet
  facet normal 0 0 1
    outer loop
      vertex 0 -7 4
      vertex 93.78437466610902 -6.203104307059214 4
      vertex 93.59161060780644 -6.067627457812106 4
    endloop
  endfacet
  facet normal 0 0 1
    outer loop
      vertex 0 -7 4
      vertex 93.59161060780644 -6.067627457812106 4
      vertex 93.40319709760267 -5.926162592817676 4
    endloop
  endfacet
  facet normal 0 0 1
    outer loop
      vertex 0 -7 4
      vertex 94.80665531326196 -6.786202893495147 4
      vertex 94.5950712519534 -6.682548931412759 4
    endloop
  endfacet
  facet normal 0 0 1
    outer loop
      vertex 0 -7 4
      vertex 91.93237254218789 -4.408389392193548 4
      vertex 91.79689569294078 -4.215625333890978 4
    endloop
  endfacet
  facet normal 0 0 1
    outer loop
      vertex 0 -7 4
      vertex 91.79689569294078 -4.215625333890978 4
      vertex 91.66754055873488 -4.018700962342476 4
    endloop
  endfacet
  facet normal 0 0 1
    outer loop
      vertex 0 -7 4
      vertex 93.21932007688483 -5.77884932081842 4
      vertex 93.04016101007261 -5.625833022228446 4
    endloop
  endfacet
  facet normal 0 0 1
    outer loop
      vertex 0 -7 4
      vertex 93.04016101007261 -5.625833022228446 4
      vertex 92.86589670553484 -5.467264705660588 4
    endloop
  endfacet
  facet normal 0 0 1
    outer loop
      vertex 0 -7 4
      vertex 93.40319709760267 -5.926162592817676 4
      vertex 93.21932007688483 -5.77884932081842 4
    endloop
  endfacet
  facet normal 0 0 1
    outer loop
      vertex 0 -7 4
      vertex 92.86589670553484 -5.467264705660588 4
      vertex 92.6966991411009 -5.303300858899107 4
    endloop
  endfacet
  facet normal 0 0 1
    outer loop
      vertex 0 -7 4
      vertex 92.6966991411009 -5.303300858899107 4
      vertex 92.53273529433942 -5.134103294465164 4
    endloop
  endfacet
  facet normal 0 0 1
    outer loop
      vertex 0 -7 4
      vertex 92.53273529433942 -5.134103294465164 4
      vertex 92.37416697777155 -4.959838989927389 4
    endloop
  endfacet
  facet normal 0 0 1
    outer loop
      vertex 0 -7 4
      vertex 92.37416697777155 -4.959838989927389 4
      vertex 92.22115067918158 -4.780679923115172 4
    endloop
  endfacet
  facet normal 0 0 1
    outer loop
      vertex 0 -7 4
      vertex 92.22115067918158 -4.780679923115172 4
      vertex 92.07383740718232 -4.596802902397325 4
    endloop
  endfacet
  facet normal 0 0 1
    outer loop
      vertex 0 -7 4
      vertex 92.07383740718232 -4.596802902397325 4
      vertex 91.93237254218789 -4.408389392193548 4
    endloop
  endfacet
  facet normal -0.03059791145784341 -0.9995317742895512 0
    outer loop
      vertex 0 -7 4
      vertex 97.4029851026711 -9.981724033755238 0
      vertex 97.4029851026711 -9.981724033755238 4
    endloop
  endfacet
  facet normal 0 0 1
    outer loop
      vertex 0 -7 4
      vertex 97.4029851026711 -9.981724033755238 4
      vertex 97.46124206416559 -8.56331217110824 4
    endloop
  endfacet
  facet normal 0 0 1
    outer loop
      vertex 0 -7 4
      vertex 91.66754055873488 -4.018700962342476 4
      vertex 91.54443479747042 -3.817810618127784 4
    endloop
  endfacet
  facet normal 0 0 1
    outer loop
      vertex 0 -7 4
      vertex 91.54443479747042 -3.817810618127784 4
      vertex 91.42769989967103 -3.6131525557628654 4
    endloop
  endfacet
  facet normal 0 0 1
    outer loop
      vertex 0 -7 4
      vertex 91.42769989967103 -3.6131525557628654 4
      vertex 91.31745106858725 -3.4049287480466006 4
    endloop
  endfacet
  facet normal 0 0 1
    outer loop
      vertex 0 -7 4
      vertex 91.31745106858725 -3.4049287480466006 4
      vertex 91.21379710650486 -3.193344686738043 4
    endloop
  endfacet
  facet normal 0 0 1
    outer loop
      vertex 0 -7 4
      vertex 91.21379710650486 -3.193344686738043 4
      vertex 91.11684030737014 -2.9786091797608556 4
    endloop
  endfacet
  facet normal 0 0 1
    outer loop
      vertex 0 -7 4
      vertex 91.11684030737014 -2.9786091797608556 4
      vertex 91.02667635583812 -2.760934145135084 4
    endloop
  endfacet
  facet normal 0 0 1
    outer loop
      vertex 0 -7 4
      vertex 91.02667635583812 -2.760934145135084 4
      vertex 90.9433942328433 -2.540534401839687 4
    endloop
  endfacet
  facet normal 0 0 1
    outer loop
      vertex 0 -7 4
      vertex 90.86707612778635 -2.3176274578121054 4
      vertex 88.28215909643322 -2.353570573871936 4
    endloop
  endfacet
  facet normal 0 0 1
    outer loop
      vertex 0 -7 4
      vertex 90.9433942328433 -2.540534401839687 4
      vertex 90.86707612778635 -2.3176274578121054 4
    endloop
  endfacet
  facet normal 0 0 -1
    outer loop
      vertex 0 7 0
      vertex 95.5 -4.330127018922193 0
      vertex 98 -10 0
    endloop
  endfacet
  facet normal 0 0 1
    outer loop
      vertex 4.582334244633835 -2 4
      vertex 88.28215909643322 -2.353570573871936 4
      vertex 88.24083238061253 -2 4
    endloop
  endfacet
  facet normal 0 0 -1
    outer loop
      vertex 0 7 0
      vertex 98 -10 0
      vertex 97.4029851026711 -9.981724033755238 0
    endloop
  endfacet
  facet normal 0 0 1
    outer loop
      vertex 98 -10 4
      vertex 98 -7.5 4
      vertex 97.46124206416559 -8.56331217110824 4
    endloop
  endfacet
  facet normal 0 0 1
    outer loop
      vertex 97.46124206416559 -8.56331217110824 4
      vertex 97.29418765011114 -7.4667147345231 4
      vertex 97.06000074826773 -7.440860259858584 4
    endloop
  endfacet
  facet normal 0 0 1
    outer loop
      vertex 97.46124206416559 -8.56331217110824 4
      vertex 97.52907110353014 -7.485200463212037 4
      vertex 97.29418765011114 -7.4667147345231 4
    endloop
  endfacet
  facet normal 0 0 1
    outer loop
      vertex 97.46124206416559 -8.56331217110824 4
      vertex 97.76441930691404 -7.496299202742987 4
      vertex 97.52907110353014 -7.485200463212037 4
    endloop
  endfacet
  facet normal 0 0 1
    outer loop
      vertex 97.46124206416559 -8.56331217110824 4
      vertex 98 -7.5 4
      vertex 97.76441930691404 -7.496299202742987 4
    endloop
  endfacet
  facet normal 0 0 -1
    outer loop
      vertex 98 -10 0
      vertex 95.5 -4.330127018922193 0
      vertex 98 -4.330127018922193 0
    endloop
  endfacet
  facet normal 0 0 1
    outer loop
      vertex 88.28215909643322 -2.353570573871936 4
      vertex 90.86707612778635 -2.3176274578121054 4
      vertex 90.79542557969567 -2.221293390542333 4
    endloop
  endfacet
  facet normal 0 0 1
    outer loop
      vertex 90.86707612778635 -2.3176274578121054 4
      vertex 90.79779735742292 -2.0924332952942177 4
      vertex 90.79542557969567 -2.221293390542333 4
    endloop
  endfacet
  facet normal 0 0 1
    outer loop
      vertex 90.79542557969567 -2.221293390542333 4
      vertex 90.79779735742292 -2.0924332952942177 4
      vertex 90.77251046928035 -2 4
    endloop
  endfacet
  facet normal 0 0 -1
    outer loop
      vertex 0 7 0
      vertex 93 0 0
      vertex 95.5 -4.330127018922193 0
    endloop
  endfacet
  facet normal 0 0 1
    outer loop
      vertex 6.586165382679578 2 4
      vertex 90.77251046928035 2 4
      vertex 90.79779735742292 2.0924332952942177 4
    endloop
  endfacet
  facet normal 0 0 1
    outer loop
      vertex 6.586165382679578 2 4
      vertex 90.79779735742292 2.0924332952942177 4
      vertex 90.86707612778635 2.3176274578121054 4
    endloop
  endfacet
  facet normal 0 0 1
    outer loop
      vertex 6.586165382679578 2 4
      vertex 90.86707612778635 2.3176274578121054 4
      vertex 90.9433942328433 2.540534401839687 4
    endloop
  endfacet
  facet normal 0 0 1
    outer loop
      vertex 6.586165382679578 2 4
      vertex 90.9433942328433 2.540534401839687 4
      vertex 91.02667635583812 2.760934145135084 4
    endloop
  endfacet
  facet normal 0 0 -1
    outer loop
      vertex 0 7 0
      vertex 95.5 4.330127018922193 0
      vertex 93 0 0
    endloop
  endfacet
  facet normal 0 0 1
    outer loop
      vertex 6.586165382679578 2 4
      vertex 91.02667635583812 2.760934145135084 4
      vertex 91.11684030737014 2.9786091797608556 4
    endloop
  endfacet
  facet normal 0 0 1
    outer loop
      vertex 6.586165382679578 2 4
      vertex 91.11684030737014 2.9786091797608556 4
      vertex 91.21379710650486 3.193344686738043 4
    endloop
  endfacet
  facet normal 0 0 1
    outer loop
      vertex 6.586165382679578 2 4
      vertex 91.21379710650486 3.193344686738043 4
      vertex 91.31745106858725 3.4049287480466006 4
    endloop
  endfacet
  facet normal 0 0 1
    outer loop
      vertex 6.586165382679578 2 4
      vertex 91.31745106858725 3.4049287480466006 4
      vertex 91.42769989967103 3.6131525557628654 4
    endloop
  endfacet
  facet normal 0 0 1
    outer loop
      vertex 6.586165382679578 2 4
      vertex 91.42769989967103 3.6131525557628654 4
      vertex 91.54443479747042 3.817810618127784 4
    endloop
  endfacet
  facet normal 0 0 1
    outer loop
      vertex 6.586165382679578 2 4
      vertex 91.54443479747042 3.817810618127784 4
      vertex 91.66754055873488 4.018700962342476 4
    endloop
  endfacet
  facet normal 0 0 1
    outer loop
      vertex 6.586165382679578 2 4
      vertex 91.66754055873488 4.018700962342476 4
      vertex 91.79689569294078 4.215625333890978 4
    endloop
  endfacet
  facet normal 0 0 1
    outer loop
      vertex 6.586165382679578 2 4
      vertex 91.79689569294078 4.215625333890978 4
      vertex 91.93237254218789 4.408389392193548 4
    endloop
  endfacet
  facet normal 0 0 1
    outer loop
      vertex 6.586165382679578 2 4
      vertex 91.93237254218789 4.408389392193548 4
      vertex 92.07383740718232 4.596802902397325 4
    endloop
  endfacet
  facet normal 0 0 1
    outer loop
      vertex 6.586165382679578 2 4
      vertex 92.07383740718232 4.596802902397325 4
      vertex 92.22115067918158 4.780679923115172 4
    endloop
  endfacet
  facet normal 0 0 1
    outer loop
      vertex 6.586165382679578 2 4
      vertex 92.22115067918158 4.780679923115172 4
      vertex 92.37416697777155 4.959838989927389 4
    endloop
  endfacet
  facet normal 0 0 1
    outer loop
      vertex 6.586165382679578 2 4
      vertex 92.37416697777155 4.959838989927389 4
      vertex 92.53273529433942 5.134103294465164 4
    endloop
  endfacet
  facet normal 0 0 1
    outer loop
      vertex 6.586165382679578 2 4
      vertex 92.53273529433942 5.134103294465164 4
      vertex 92.6966991411009 5.303300858899107 4
    endloop
  endfacet
  facet normal 0 0 1
    outer loop
      vertex 6.586165382679578 2 4
      vertex 92.6966991411009 5.303300858899107 4
      vertex 92.86589670553484 5.467264705660588 4
    endloop
  endfacet
  facet normal 0 0 1
    outer loop
      vertex 6.586165382679578 2 4
      vertex 92.86589670553484 5.467264705660588 4
      vertex 93.04016101007261 5.625833022228446 4
    endloop
  endfacet
  facet normal 0 0 1
    outer loop
      vertex 6.586165382679578 2 4
      vertex 93.04016101007261 5.625833022228446 4
      vertex 93.21932007688483 5.77884932081842 4
    endloop
  endfacet
  facet normal 0 0 1
    outer loop
      vertex 6.586165382679578 2 4
      vertex 93.21932007688483 5.77884932081842 4
      vertex 93.40319709760267 5.926162592817678 4
    endloop
  endfacet
  facet normal 0 0 1
    outer loop
      vertex 6.586165382679578 2 4
      vertex 93.40319709760267 5.926162592817678 4
      vertex 93.59161060780644 6.067627457812106 4
    endloop
  endfacet
  facet normal 0 0 1
    outer loop
      vertex 6.586165382679578 2 4
      vertex 93.59161060780644 6.067627457812106 4
      vertex 93.78437466610902 6.203104307059213 4
    endloop
  endfacet
  facet normal 0 0 1
    outer loop
      vertex 6.586165382679578 2 4
      vertex 93.78437466610902 6.203104307059213 4
      vertex 93.98129903765752 6.3324594412651125 4
    endloop
  endfacet
  facet normal 0 0 1
    outer loop
      vertex 6.586165382679578 2 4
      vertex 93.98129903765752 6.3324594412651125 4
      vertex 94.18218938187222 6.455565202529578 4
    endloop
  endfacet
  facet normal 0 0 -1
    outer loop
      vertex 0 7 0
      vertex 97.4029851026711 9.981724033755238 0
      vertex 95.5 4.330127018922193 0
    endloop
  endfacet
  facet normal 0 0 1
    outer loop
      vertex 6.586165382679578 2 4
      vertex 94.18218938187222 6.455565202529578 4
      vertex 94.38684744423713 6.5723001003289765 4
    endloop
  endfacet
  facet normal 0 0 1
    outer loop
      vertex 6.586165382679578 2 4
      vertex 94.38684744423713 6.5723001003289765 4
      vertex 94.5950712519534 6.682548931412759 4
    endloop
  endfacet
  facet normal 0 0 1
    outer loop
      vertex 6.586165382679578 2 4
      vertex 94.5950712519534 6.682548931412759 4
      vertex 94.80665531326196 6.786202893495146 4
    endloop
  endfacet
  facet normal 0 0 1
    outer loop
      vertex 6.586165382679578 2 4
      vertex 94.80665531326196 6.786202893495146 4
      vertex 95.02139082023915 6.883159692629858 4
    endloop
  endfacet
  facet normal 0 0 1
    outer loop
      vertex 6.586165382679578 2 4
      vertex 95.02139082023915 6.883159692629858 4
      vertex 95.23906585486492 6.973323644161886 4
    endloop
  endfacet
  facet normal 0 0 1
    outer loop
      vertex 6.586165382679578 2 4
      vertex 95.23906585486492 6.973323644161886 4
      vertex 95.45946559816032 7.056605767156691 4
    endloop
  endfacet
  facet normal 0 0 1
    outer loop
      vertex 6.586165382679578 2 4
      vertex 95.45946559816032 7.056605767156691 4
      vertex 95.68237254218789 7.132923872213651 4
    endloop
  endfacet
  facet normal 0 0 1
    outer loop
      vertex 6.586165382679578 2 4
      vertex 95.68237254218789 7.132923872213651 4
      vertex 95.90756670470579 7.202202642577073 4
    endloop
  endfacet
  facet normal 0 0 1
    outer loop
      vertex 6.586165382679578 2 4
      vertex 95.90756670470579 7.202202642577073 4
      vertex 96.1348258462636 7.264373708464733 4
    endloop
  endfacet
  facet normal 0 0 1
    outer loop
      vertex 6.586165382679578 2 4
      vertex 96.1348258462636 7.264373708464733 4
      vertex 96.36392568952593 7.319375714540605 4
    endloop
  endfacet
  facet normal 0 0 1
    outer loop
      vertex 6.586165382679578 2 4
      vertex 96.36392568952593 7.319375714540605 4
      vertex 96.59464014060707 7.367154380465165 4
    endloop
  endfacet
  facet normal 0 0 1
    outer loop
      vertex 6.586165382679578 2 4
      vertex 96.59464014060707 7.367154380465165 4
      vertex 96.82674151219827 7.407662554463533 4
    endloop
  endfacet
  facet normal 0 0 1
    outer loop
      vertex 6.586165382679578 2 4
      vertex 96.82674151219827 7.407662554463533 4
      vertex 97.05504207505 7.480112200133331 4
    endloop
  endfacet
  facet normal 0 0 1
    outer loop
      vertex 6.586165382679578 2 4
      vertex 97.05504207505 7.480112200133331 4
      vertex 96.7474131029606 9.897748008404948 4
    endloop
  endfacet
  facet normal 0 0 1
    outer loop
      vertex 6.509150371132828 2.5313592139700267 4
      vertex 96.7474131029606 9.897748008404948 4
      vertex 97.4029851026711 9.981724033755238 4
    endloop
  endfacet
  facet normal -0.03059791145784341 0.9995317742895512 0
    outer loop
      vertex 0 7 0
      vertex 97.4029851026711 9.981724033755238 4
      vertex 97.4029851026711 9.981724033755238 0
    endloop
  endfacet
  facet normal 0 0 -1
    outer loop
      vertex 97.68581883658072 9.990382209283082 0
      vertex 98 4.330127018922193 0
      vertex 95.5 4.330127018922193 0
    endloop
  endfacet
  facet normal 0 0 1
    outer loop
      vertex 96.82674151219827 7.407662554463533 4
      vertex 97.06000074826771 7.440860259858584 4
      vertex 97.05504207505 7.480112200133331 4
    endloop
  endfacet
  facet normal 0 0 1
    outer loop
      vertex 97.06000074826771 7.440860259858584 4
      vertex 97.29418765011114 7.4667147345231 4
      vertex 97.05504207505 7.480112200133331 4
    endloop
  endfacet
  facet normal 0 0 -1
    outer loop
      vertex 97.4029851026711 9.981724033755238 0
      vertex 97.68581883658072 9.990382209283082 0
      vertex 95.5 4.330127018922193 0
    endloop
  endfacet
  facet normal 0 0 -1
    outer loop
      vertex 97.68581883658072 9.990382209283082 0
      vertex 98 10 0
      vertex 98 4.330127018922193 0
    endloop
  endfacet
  facet normal 0 0 1
    outer loop
      vertex 97.05504207505 7.480112200133331 4
      vertex 97.29418765011114 7.4667147345231 4
      vertex 97.24503012732603 7.9867470062027435 4
    endloop
  endfacet
  facet normal 0 0 1
    outer loop
      vertex 97.29418765011114 7.4667147345231 4
      vertex 97.52907110353016 7.485200463212037 4
      vertex 97.4608788880671 7.843515552268378 4
    endloop
  endfacet
  facet normal 0 0 1
    outer loop
      vertex 97.52907110353016 7.485200463212037 4
      vertex 97.76441930691404 7.496299202742987 4
      vertex 97.4608788880671 7.843515552268378 4
    endloop
  endfacet
  facet normal 0 0 1
    outer loop
      vertex 97.29418765011114 7.4667147345231 4
      vertex 97.4608788880671 7.843515552268378 4
      vertex 97.24503012732603 7.9867470062027435 4
    endloop
  endfacet
  facet normal 0 0 1
    outer loop
      vertex 97.76441930691404 7.496299202742987 4
      vertex 98 7.5 4
      vertex 98 10 4
    endloop
  endfacet
  facet normal 0 0 1
    outer loop
      vertex 97.76441930691404 7.496299202742987 4
      vertex 98 10 4
      vertex 97.4608788880671 7.843515552268378 4
    endloop
  endfacet
  facet normal 0 0 1
    outer loop
      vertex 96.7474131029606 9.897748008404948 4
      vertex 97.37701054328278 9.949143717819002 4
      vertex 97.4029851026711 9.981724033755238 4
    endloop
  endfacet
  facet normal 0 0 -1
    outer loop
      vertex -2.129601602376149 -4.523789815579158 0
      vertex -2.1631189606246317 -4.507369831202719 0
      vertex -2.128896457825362 -4.478902611427318 0
    endloop
  endfacet
  facet normal 0 0 -1
    outer loop
      vertex -1.7081360951707392 -4.698944969604023 0
      vertex -1.740829210153984 -4.686591270899989 0
      vertex -1.6936896012264577 -3.779328243881913 0
    endloop
  endfacet
  facet normal 0 0 -1
    outer loop
      vertex -0.6272071398661572 -4.960496514849072 0
      vertex -0.6587581932295979 -4.9560061349948255 0
      vertex -0.6266661678215203 -4.926059997427272 0
    endloop
  endfacet
  facet normal 0 0 -1
    outer loop
      vertex -1.4946319879472554 -4.770803946011067 0
      vertex -1.5270026897758 -4.760845417808523 0
      vertex -1.5270026897757996 -3.6042234302696805 0
    endloop
  endfacet
  facet normal 0 0 -1
    outer loop
      vertex -2.9804550409555075 -4.013904282241458 0
      vertex -2.938926261462366 -3.6902026002572477 0
      vertex -2.9444362102694406 -4.040947985289879 0
    endloop
  endfacet
  facet normal 0 0 -1
    outer loop
      vertex -1.9198541747378775 -4.616063704308836 0
      vertex -1.9529377422746037 -4.602360041943437 0
      vertex -1.9529377422746041 -2.5007231080038608 0
    endloop
  endfacet
  facet normal 0 0 -1
    outer loop
      vertex -1.2795755401261646 -4.833032821858998 0
      vertex -1.3116692021000735 -4.824252989463791 0
      vertex -1.2434494358242743 -2.533362751090684 0
    endloop
  endfacet
  facet normal 0 0 -1
    outer loop
      vertex -0.8456401844095406 -4.927364788322012 0
      vertex -0.8773326349501287 -4.9218335702506515 0
      vertex -0.846844800613229 -2.3522019223855635 0
    endloop
  endfacet
  facet normal 0 0 -1
    outer loop
      vertex -0.4080607731200742 -4.982727168105442 0
      vertex -0.43953363670519585 -4.980250200022635 0
      vertex -0.4395336367051954 -3.003946056178331 0
    endloop
  endfacet
  facet normal 0 0 -1
    outer loop
      vertex -0.18844904750354807 -4.996052239322976 0
      vertex -0.21987531354689918 -4.994570214237463 0
      vertex -0.15705379539064218 -2.997532801828643 0
    endloop
  endfacet
  facet normal 0 0 -1
    outer loop
      vertex -0.6587581932295979 -4.9560061349948255 0
      vertex -0.6587581932295986 -2.41132669041697 0
      vertex -0.6266661678215203 -4.926059997427272 0
    endloop
  endfacet
  facet normal 0 0 -1
    outer loop
      vertex -3.8929101091286396 -3.136762535850577 0
      vertex -3.9345836449649134 -3.084745460210636 0
      vertex -3.934583644964914 -2.0338424327396845 0
    endloop
  endfacet
  facet normal 0 0 -1
    outer loop
      vertex -3.1410548532449556 -3.8894713144529556 0
      vertex -3.1779334981768272 -3.8599259485850306 0
      vertex -3.1779334981768272 -3.267786707954039 0
    endloop
  endfacet
  facet normal 0 0 -1
    outer loop
      vertex -2.744756197929072 -4.178533883915645 0
      vertex -2.7800352344434653 -4.155359888401078 0
      vertex -2.7800352344434653 -2.201405734575413 0
    endloop
  endfacet
  facet normal 0 0 -1
    outer loop
      vertex -2.337128190981926 -4.419464922738626 0
      vertex -2.3711654417170407 -4.401443126153456 0
      vertex -2.3711654417170407 -1.9878534951706044 0
    endloop
  endfacet
  facet normal 0 0 -1
    outer loop
      vertex -2.1631189606246317 -4.507369831202719 0
      vertex -2.1518550675098593 -1.272603539375928 0
      vertex -2.128896457825362 -4.478902611427318 0
    endloop
  endfacet
  facet normal 0 0 -1
    outer loop
      vertex -1.740829210153984 -4.686591270899989 0
      vertex -1.740829210153984 -1.7938714418185973 0
      vertex -1.6936896012264577 -3.779328243881913 0
    endloop
  endfacet
  facet normal 0 0 -1
    outer loop
      vertex -1.4946319879472554 -4.770803946011067 0
      vertex -1.5270026897757996 -3.6042234302696805 0
      vertex -1.451655455278896 -2.0350579298636635 0
    endloop
  endfacet
  facet normal 0 0 -1
    outer loop
      vertex -0.4080607731200742 -4.982727168105442 0
      vertex -0.4395336367051954 -3.003946056178331 0
      vertex -0.3686256768479974 -2.4724174519809625 0
    endloop
  endfacet
  facet normal 0 0 -1
    outer loop
      vertex -0.21987531354689918 -4.994570214237463 0
      vertex -0.21987531354689888 -2.4901165612543434 0
      vertex -0.15705379539064218 -2.997532801828643 0
    endloop
  endfacet
  facet normal 0 0 -1
    outer loop
      vertex -1.3116692021000735 -4.824252989463791 0
      vertex -1.311669202100073 -2.1279155986032943 0
      vertex -1.2434494358242743 -2.533362751090684 0
    endloop
  endfacet
  facet normal 0 0 -1
    outer loop
      vertex -0.8773326349501287 -4.9218335702506515 0
      vertex -0.877332634950129 -2.3406815297974113 0
      vertex -0.846844800613229 -2.3522019223855635 0
    endloop
  endfacet
  facet normal 0 0 -1
    outer loop
      vertex -0.8456401844095406 -4.927364788322012 0
      vertex -0.846844800613229 -2.3522019223855635 0
      vertex -0.8054091542545047 -2.3663885150271855 0
    endloop
  endfacet
  facet normal 0 0 -1
    outer loop
      vertex -0.6266661678215203 -4.926059997427272 0
      vertex -0.6587581932295986 -2.41132669041697 0
      vertex -0.636930537763147 -2.417298061235656 0
    endloop
  endfacet
  facet normal 0 0 -1
    outer loop
      vertex -3.334432839646436 -3.725192402772097 0
      vertex -3.3722757187120074 -3.69075803227135 0
      vertex -3.3065593266182596 -1.9508553986375583 0
    endloop
  endfacet
  facet normal 0 0 -1
    outer loop
      vertex -1.9198541747378775 -4.616063704308836 0
      vertex -1.9529377422746041 -2.5007231080038608 0
      vertex -1.8733444199441989 -1.655404281858983 0
    endloop
  endfacet
  facet normal 0 0 -1
    outer loop
      vertex -1.5270026897757996 -3.6042234302696805 0
      vertex -1.4863479472335324 -2.009865007107017 0
      vertex -1.469463130731183 -2.0225424859373686 0
    endloop
  endfacet
  facet normal 0 0 -1
    outer loop
      vertex -1.5270026897757996 -3.6042234302696805 0
      vertex -1.469463130731183 -2.0225424859373686 0
      vertex -1.451655455278896 -2.0350579298636635 0
    endloop
  endfacet
  facet normal 0 0 -1
    outer loop
      vertex -0.15705379539064218 -2.997532801828643 0
      vertex -0.21987531354689888 -2.4901165612543434 0
      vertex -0.16496289139608447 -2.4944382626034867 0
    endloop
  endfacet
  facet normal 0 0 -1
    outer loop
      vertex -0.4395336367051954 -3.003946056178331 0
      vertex -0.42262304802718176 -2.4637167838751917 0
      vertex -0.39108616260057716 -2.4692208514878446 0
    endloop
  endfacet
  facet normal 0 0 -1
    outer loop
      vertex -0.4395336367051954 -3.003946056178331 0
      vertex -0.39108616260057716 -2.4692208514878446 0
      vertex -0.3686256768479974 -2.4724174519809625 0
    endloop
  endfacet
  facet normal 0 0 -1
    outer loop
      vertex -4.071119796735063 -2.901882452684977 0
      vertex -4.114496766047312 -2.840163268278468 0
      vertex -4.114496766047312 -1.4796023538317145 0
    endloop
  endfacet
  facet normal 0 0 -1
    outer loop
      vertex -4.244949787363446 -2.6410952512110186 0
      vertex -4.290349375570836 -2.567009856599837 0
      vertex -4.290349375570836 -1.694704672774954 0
    endloop
  endfacet
  facet normal 0 0 -1
    outer loop
      vertex -4.071119796735063 -2.901882452684977 0
      vertex -4.114496766047312 -1.4796023538317145 0
      vertex -4.045084971874737 -1.2445903453305327 0
    endloop
  endfacet
  facet normal 0 0 -1
    outer loop
      vertex -3.8929101091286396 -3.136762535850577 0
      vertex -3.934583644964914 -2.0338424327396845 0
      vertex -3.852566213878947 -0.5686016384388495 0
    endloop
  endfacet
  facet normal 0 0 -1
    outer loop
      vertex -4.244949787363446 -2.6410952512110186 0
      vertex -4.290349375570836 -1.694704672774954 0
      vertex -4.221639627510075 -1.1572464389598265 0
    endloop
  endfacet
  facet normal 0 0 -1
    outer loop
      vertex -2.337128190981926 -4.419464922738626 0
      vertex -2.3711654417170407 -1.9878534951706044 0
      vertex -2.2836717244030074 -1.0166004662427335 0
    endloop
  endfacet
  facet normal 0 0 -1
    outer loop
      vertex -2.1631189606246317 -4.507369831202719 0
      vertex -2.1631189606246317 -1.252855832537513 0
      vertex -2.1518550675098593 -1.272603539375928 0
    endloop
  endfacet
  facet normal 0 0 -1
    outer loop
      vertex -2.128896457825362 -4.478902611427318 0
      vertex -2.1518550675098593 -1.272603539375928 0
      vertex -2.144918064662597 -1.28392369917585 0
    endloop
  endfacet
  facet normal 0 0 -1
    outer loop
      vertex -1.6936896012264577 -3.779328243881913 0
      vertex -1.740829210153984 -1.7938714418185973 0
      vertex -1.7113677648217211 -1.8224215685535292 0
    endloop
  endfacet
  facet normal 0 0 -1
    outer loop
      vertex -1.6936896012264577 -3.779328243881913 0
      vertex -1.7113677648217211 -1.8224215685535292 0
      vertex -1.7105072689338645 -1.8232045595665936 0
    endloop
  endfacet
  facet normal 0 0 -1
    outer loop
      vertex -2.9804550409555075 -4.013904282241458 0
      vertex -2.980455040955508 1.4014982048698277 0
      vertex -2.938926261462366 -3.6902026002572477 0
    endloop
  endfacet
  facet normal 0 0 -1
    outer loop
      vertex -3.1410548532449556 -3.8894713144529556 0
      vertex -3.1779334981768272 -3.267786707954039 0
      vertex -3.0645352682648825 0.9815161005139272 0
    endloop
  endfacet
  facet normal 0 0 -1
    outer loop
      vertex -2.744756197929072 -4.178533883915645 0
      vertex -2.7800352344434653 -2.201405734575413 0
      vertex -2.6791339748949836 -0.0012370177024978446 0
    endloop
  endfacet
  facet normal 0 0 -1
    outer loop
      vertex -3.3722757187120074 -3.69075803227135 0
      vertex -3.3722757187120074 -0.432736013517221 0
      vertex -3.3065593266182596 -1.9508553986375583 0
    endloop
  endfacet
  facet normal 0 0 -1
    outer loop
      vertex -1.9529377422746041 -2.5007231080038608 0
      vertex -1.8752776740761488 -1.6532796633091298 0
      vertex -1.8733444199441989 -1.655404281858983 0
    endloop
  endfacet
  facet normal 0 0 -1
    outer loop
      vertex -1.9529377422746041 -2.5007231080038608 0
      vertex -1.9184930082033562 -1.602681008096881 0
      vertex -1.8752776740761488 -1.6532796633091298 0
    endloop
  endfacet
  facet normal 0 0 -1
    outer loop
      vertex -1.2434494358242743 -2.533362751090684 0
      vertex -1.311669202100073 -2.1279155986032943 0
      vertex -1.272603539375928 -2.1518550675098593 0
    endloop
  endfacet
  facet normal 0 0 -1
    outer loop
      vertex -1.2434494358242743 -2.533362751090684 0
      vertex -1.2377683712912724 -2.1717246965838233 0
      vertex -1.2359516704064801 -2.1727609244737374 0
    endloop
  endfacet
  facet normal 0 0 -1
    outer loop
      vertex -1.2434494358242743 -2.533362751090684 0
      vertex -1.272603539375928 -2.1518550675098593 0
      vertex -1.2517613766121405 -2.1637432272629353 0
    endloop
  endfacet
  facet normal 0 0 -1
    outer loop
      vertex -2.3711654417170407 -1.9878534951706044 0
      vertex -2.294386564209953 -0.9928697265869518 0
      vertex -2.2836717244030074 -1.0166004662427335 0
    endloop
  endfacet
  facet normal 0 0 -1
    outer loop
      vertex -2.3711654417170407 -1.9878534951706044 0
      vertex -2.3139751684212007 -0.945578652632198 0
      vertex -2.294386564209953 -0.9928697265869518 0
    endloop
  endfacet
  facet normal -0.382683432365089 -0.923879532511287 0
    outer loop
      vertex -1.8406227634233894 -4.648882429441257 4
      vertex -1.8406227634233894 -4.648882429441257 14
      vertex -1.9857394531739037 -4.588773128419906 4
    endloop
  endfacet
  facet normal -0.3534748437792569 -0.9354440308298673 0
    outer loop
      vertex -1.693689601226458 -4.704403844771127 4
      vertex -1.693689601226458 -4.704403844771127 14
      vertex -1.8406227634233894 -4.648882429441257 4
    endloop
  endfacet
  facet normal -0.41151435860510843 -0.9114032766354454 0
    outer loop
      vertex -1.9857394531739037 -4.588773128419906 4
      vertex -1.9857394531739037 -4.588773128419906 14
      vertex -2.128896457825362 -4.524135262330098 4
    endloop
  endfacet
  facet normal -0.4399391698559162 -0.8980275757606151 0
    outer loop
      vertex -2.128896457825362 -4.524135262330098 4
      vertex -2.128896457825362 -4.524135262330098 14
      vertex -2.2699524986977337 -4.455032620941839 4
    endloop
  endfacet
  facet normal -0.46792981426057445 -0.8837656300886928 0
    outer loop
      vertex -2.2699524986977337 -4.455032620941839 4
      vertex -2.2699524986977337 -4.455032620941839 14
      vertex -2.408768370508577 -4.381533400219317 4
    endloop
  endfacet
  facet normal -0.1719291002794134 -0.9851093261547732 0
    outer loop
      vertex -0.7821723252011543 -4.938441702975689 4
      vertex -0.7821723252011543 -4.938441702975689 14
      vertex -0.9369065729286241 -4.911436253643443 4
    endloop
  endfacet
  facet normal -0.20278729535651496 -0.9792228106217653 0
    outer loop
      vertex -0.9369065729286241 -4.911436253643443 4
      vertex -0.9369065729286241 -4.911436253643443 14
      vertex -1.0907162069827145 -4.879583809693736 4
    endloop
  endfacet
  facet normal -0.2334453638559046 -0.9723699203976768 0
    outer loop
      vertex -1.0907162069827145 -4.879583809693736 4
      vertex -1.0907162069827145 -4.879583809693736 14
      vertex -1.2434494358242743 -4.842915805643155 4
    endloop
  endfacet
  facet normal -0.29404032523230894 -0.9557930147983286 0
    outer loop
      vertex -1.3949555301961452 -4.801468428384716 4
      vertex -1.3949555301961452 -4.801468428384716 14
      vertex -1.545084971874737 -4.755282581475767 4
    endloop
  endfacet
  facet normal -0.26387304996537014 -0.9645574184577989 0
    outer loop
      vertex -1.3949555301961452 -4.801468428384716 4
      vertex -1.2434494358242743 -4.842915805643155 4
      vertex -1.2434494358242743 -4.842915805643155 14
    endloop
  endfacet
  facet normal -0.32391741819814657 -0.9460853588275463 0
    outer loop
      vertex -1.693689601226458 -4.704403844771127 4
      vertex -1.545084971874737 -4.755282581475767 4
      vertex -1.545084971874737 -4.755282581475767 14
    endloop
  endfacet
  facet normal -0.10973431109104471 -0.9939609554551797 0
    outer loop
      vertex -0.6266661678215203 -4.9605735065723895 4
      vertex -0.4705415665925696 -4.9778098230154 4
      vertex -0.4705415665925696 -4.9778098230154 14
    endloop
  endfacet
  facet normal -0.1409012319375798 -0.990023657716558 0
    outer loop
      vertex -0.7821723252011543 -4.938441702975689 4
      vertex -0.6266661678215203 -4.9605735065723895 4
      vertex -0.6266661678215203 -4.9605735065723895 14
    endloop
  endfacet
  facet normal -0.0784590957278459 -0.9969173337331279 0
    outer loop
      vertex -0.4705415665925696 -4.9778098230154 4
      vertex -0.3139525976465688 -4.990133642141358 4
      vertex -0.3139525976465688 -4.990133642141358 14
    endloop
  endfacet
  facet normal -0.04710645070964384 -0.9988898749619699 0
    outer loop
      vertex -0.3139525976465688 -4.990133642141358 4
      vertex -0.15705379539064243 -4.997532801828658 4
      vertex -0.15705379539064243 -4.997532801828658 14
    endloop
  endfacet
  facet normal -0.015707317311817796 -0.9998766324816606 0
    outer loop
      vertex -0.15705379539064243 -4.997532801828658 4
      vertex 0 -5 4
      vertex 0 -5 14
    endloop
  endfacet
  facet normal 0.015707317311817796 -0.9998766324816606 0
    outer loop
      vertex 0 -5 4
      vertex 0.15705379539064243 -4.997532801828658 4
      vertex 0.15705379539064243 -4.997532801828658 14
    endloop
  endfacet
  facet normal -0.5224985647159517 -0.8526401643540904 0
    outer loop
      vertex -2.545207078751856 -4.303710135019719 4
      vertex -2.545207078751856 -4.303710135019719 14
      vertex -2.6791339748949836 -4.221639627510075 4
    endloop
  endfacet
  facet normal -0.5490228179981308 -0.8358073613682708 0
    outer loop
      vertex -2.6791339748949836 -4.221639627510075 4
      vertex -2.6791339748949836 -4.221639627510075 14
      vertex -2.8104168892606523 -4.1354028713728095 4
    endloop
  endfacet
  facet normal -0.5750052520432765 -0.8181497174250248 0
    outer loop
      vertex -2.8104168892606523 -4.1354028713728095 4
      vertex -2.8104168892606523 -4.1354028713728095 14
      vertex -2.938926261462366 -4.045084971874737 4
    endloop
  endfacet
  facet normal -0.49545866843240505 -0.8686315144381926 0
    outer loop
      vertex -2.408768370508577 -4.381533400219317 4
      vertex -2.408768370508577 -4.381533400219317 14
      vertex -2.545207078751856 -4.303710135019719 4
    endloop
  endfacet
  facet normal -0.600420225325886 -0.799684658487089 0
    outer loop
      vertex -3.0645352682648834 -3.950775061878451 4
      vertex -2.938926261462366 -4.045084971874737 4
      vertex -2.938926261462366 -4.045084971874737 14
    endloop
  endfacet
  facet normal -0.6252426563357026 -0.7804304073383318 0
    outer loop
      vertex -3.0645352682648834 -3.950775061878451 4
      vertex -3.0645352682648834 -3.950775061878451 14
      vertex -3.1871199487434483 -3.852566213878947 4
    endloop
  endfacet
  facet normal -0.6494480483301858 -0.760405965600029 0
    outer loop
      vertex -3.1871199487434483 -3.852566213878947 4
      vertex -3.1871199487434483 -3.852566213878947 14
      vertex -3.3065593266182596 -3.7505553481522975 4
    endloop
  endfacet
  facet normal -0.6959127965923129 -0.7181262977631905 0
    outer loop
      vertex -3.4227355296434423 -3.6448431371070584 4
      vertex -3.4227355296434423 -3.6448431371070584 14
      vertex -3.5355339059327378 -3.5355339059327378 4
    endloop
  endfacet
  facet normal -0.7181262977631905 -0.6959127965923129 0
    outer loop
      vertex -3.5355339059327378 -3.5355339059327378 4
      vertex -3.5355339059327378 -3.5355339059327378 14
      vertex -3.6448431371070584 -3.4227355296434423 4
    endloop
  endfacet
  facet normal -0.7396310949786092 -0.6730125135097739 0
    outer loop
      vertex -3.6448431371070584 -3.4227355296434423 4
      vertex -3.6448431371070584 -3.4227355296434423 14
      vertex -3.7505553481522975 -3.3065593266182596 4
    endloop
  endfacet
  facet normal -0.7804304073383318 -0.6252426563357026 0
    outer loop
      vertex -3.852566213878947 -3.1871199487434483 4
      vertex -3.852566213878947 -3.1871199487434483 14
      vertex -3.950775061878451 -3.0645352682648834 4
    endloop
  endfacet
  facet normal -0.760405965600029 -0.6494480483301858 0
    outer loop
      vertex -3.7505553481522975 -3.3065593266182596 4
      vertex -3.7505553481522975 -3.3065593266182596 14
      vertex -3.852566213878947 -3.1871199487434483 4
    endloop
  endfacet
  facet normal -0.799684658487089 -0.600420225325886 0
    outer loop
      vertex -3.950775061878451 -3.0645352682648834 4
      vertex -3.950775061878451 -3.0645352682648834 14
      vertex -4.045084971874737 -2.938926261462366 4
    endloop
  endfacet
  facet normal -0.8181497174250248 -0.5750052520432765 0
    outer loop
      vertex -4.045084971874737 -2.938926261462366 4
      vertex -4.045084971874737 -2.938926261462366 14
      vertex -4.1354028713728095 -2.8104168892606523 4
    endloop
  endfacet
  facet normal -0.8358073613682708 -0.5490228179981308 0
    outer loop
      vertex -4.1354028713728095 -2.8104168892606523 4
      vertex -4.1354028713728095 -2.8104168892606523 14
      vertex -4.221639627510075 -2.6791339748949836 4
    endloop
  endfacet
  facet normal -0.8526401643540904 -0.5224985647159517 0
    outer loop
      vertex -4.221639627510075 -2.6791339748949836 4
      vertex -4.221639627510075 -2.6791339748949836 14
      vertex -4.303710135019719 -2.545207078751856 4
    endloop
  endfacet
  facet normal -0.6730125135097739 -0.7396310949786092 0
    outer loop
      vertex -3.3065593266182596 -3.7505553481522975 4
      vertex -3.3065593266182596 -3.7505553481522975 14
      vertex -3.4227355296434423 -3.6448431371070584 4
    endloop
  endfacet
  facet normal 0.04710645070964384 -0.9988898749619699 0
    outer loop
      vertex 0.15705379539064243 -4.997532801828658 4
      vertex 0.3139525976465688 -4.990133642141358 4
      vertex 0.3139525976465688 -4.990133642141358 14
    endloop
  endfacet
  facet normal 0.0784590957278459 -0.9969173337331279 0
    outer loop
      vertex 0.3139525976465688 -4.990133642141358 4
      vertex 0.4705415665925696 -4.9778098230154 4
      vertex 0.4705415665925696 -4.9778098230154 14
    endloop
  endfacet
  facet normal 0.10973431109104471 -0.9939609554551797 0
    outer loop
      vertex 0.4705415665925696 -4.9778098230154 4
      vertex 0.6266661678215203 -4.9605735065723895 4
      vertex 0.6266661678215203 -4.9605735065723895 14
    endloop
  endfacet
  facet normal 0.1409012319375798 -0.990023657716558 0
    outer loop
      vertex 0.6266661678215203 -4.9605735065723895 4
      vertex 0.7821723252011543 -4.938441702975689 4
      vertex 0.7821723252011543 -4.938441702975689 14
    endloop
  endfacet
  facet normal 0.1719291002794134 -0.9851093261547732 0
    outer loop
      vertex 0.7821723252011543 -4.938441702975689 4
      vertex 0.9369065729286241 -4.911436253643443 4
      vertex 0.9369065729286241 -4.911436253643443 14
    endloop
  endfacet
  facet normal 0.20278729535651496 -0.9792228106217653 0
    outer loop
      vertex 0.9369065729286241 -4.911436253643443 4
      vertex 1.0907162069827145 -4.879583809693736 4
      vertex 1.0907162069827145 -4.879583809693736 14
    endloop
  endfacet
  facet normal 0.23344536385590212 -0.9723699203976774 0
    outer loop
      vertex 1.0907162069827145 -4.879583809693736 4
      vertex 1.2434494358242723 -4.842915805643156 4
      vertex 1.2434494358242723 -4.842915805643156 14
    endloop
  endfacet
  facet normal 0.26387304996537214 -0.9645574184577982 0
    outer loop
      vertex 1.2434494358242723 -4.842915805643156 4
      vertex 1.3949555301961452 -4.801468428384716 4
      vertex 1.3949555301961452 -4.801468428384716 14
    endloop
  endfacet
  facet normal 0.29404032523230894 -0.9557930147983286 0
    outer loop
      vertex 1.3949555301961452 -4.801468428384716 4
      vertex 1.545084971874737 -4.755282581475767 4
      vertex 1.545084971874737 -4.755282581475767 14
    endloop
  endfacet
  facet normal 0.32391741819814657 -0.9460853588275463 0
    outer loop
      vertex 1.545084971874737 -4.755282581475767 4
      vertex 1.693689601226458 -4.704403844771127 4
      vertex 1.693689601226458 -4.704403844771127 14
    endloop
  endfacet
  facet normal 0.35347484377925675 -0.9354440308298674 0
    outer loop
      vertex 1.693689601226458 -4.704403844771127 4
      vertex 1.8406227634233918 -4.648882429441256 4
      vertex 1.8406227634233918 -4.648882429441256 14
    endloop
  endfacet
  facet normal 0.38268343236508984 -0.9238795325112867 0
    outer loop
      vertex 1.8406227634233918 -4.648882429441256 4
      vertex 1.9857394531739014 -4.5887731284199065 4
      vertex 1.9857394531739014 -4.5887731284199065 14
    endloop
  endfacet
  facet normal 0.4115143586051078 -0.9114032766354456 0
    outer loop
      vertex 1.9857394531739014 -4.5887731284199065 4
      vertex 2.128896457825362 -4.524135262330098 4
      vertex 2.128896457825362 -4.524135262330098 14
    endloop
  endfacet
  facet normal 0.4399391698559162 -0.8980275757606151 0
    outer loop
      vertex 2.128896457825362 -4.524135262330098 4
      vertex 2.2699524986977337 -4.455032620941839 4
      vertex 2.2699524986977337 -4.455032620941839 14
    endloop
  endfacet
  facet normal 0.46792981426057445 -0.8837656300886928 0
    outer loop
      vertex 2.2699524986977337 -4.455032620941839 4
      vertex 2.408768370508577 -4.381533400219317 4
      vertex 2.408768370508577 -4.381533400219317 14
    endloop
  endfacet
  facet normal 0.4954586684324075 -0.8686315144381913 0
    outer loop
      vertex 2.408768370508577 -4.381533400219317 4
      vertex 2.5452070787518584 -4.303710135019717 4
      vertex 2.5452070787518584 -4.303710135019717 14
    endloop
  endfacet
  facet normal 0.5224985647159492 -0.8526401643540922 0
    outer loop
      vertex 2.5452070787518584 -4.303710135019717 4
      vertex 2.679133974894981 -4.2216396275100765 4
      vertex 2.679133974894981 -4.2216396275100765 14
    endloop
  endfacet
  facet normal 0.5490228179981309 -0.8358073613682708 0
    outer loop
      vertex 2.679133974894981 -4.2216396275100765 4
      vertex 2.8104168892606523 -4.1354028713728095 4
      vertex 2.8104168892606523 -4.1354028713728095 14
    endloop
  endfacet
  facet normal 0.5750052520432765 -0.8181497174250248 0
    outer loop
      vertex 2.8104168892606523 -4.1354028713728095 4
      vertex 2.938926261462366 -4.045084971874737 4
      vertex 2.938926261462366 -4.045084971874737 14
    endloop
  endfacet
  facet normal 0.600420225325886 -0.799684658487089 0
    outer loop
      vertex 2.938926261462366 -4.045084971874737 4
      vertex 3.0645352682648834 -3.950775061878451 4
      vertex 3.0645352682648834 -3.950775061878451 14
    endloop
  endfacet
  facet normal 0.625242656335704 -0.7804304073383308 0
    outer loop
      vertex 3.0645352682648834 -3.950775061878451 4
      vertex 3.18711994874345 -3.852566213878945 4
      vertex 3.18711994874345 -3.852566213878945 14
    endloop
  endfacet
  facet normal 0.6494480483301852 -0.7604059656000296 0
    outer loop
      vertex 3.18711994874345 -3.852566213878945 4
      vertex 3.3065593266182574 -3.7505553481522993 4
      vertex 3.3065593266182574 -3.7505553481522993 14
    endloop
  endfacet
  facet normal 0.673012513509773 -0.73963109497861 0
    outer loop
      vertex 3.3065593266182574 -3.7505553481522993 4
      vertex 3.4227355296434423 -3.6448431371070584 4
      vertex 3.4227355296434423 -3.6448431371070584 14
    endloop
  endfacet
  facet normal 0.6959127965923129 -0.7181262977631905 0
    outer loop
      vertex 3.4227355296434423 -3.6448431371070584 4
      vertex 3.5355339059327378 -3.5355339059327378 4
      vertex 3.5355339059327378 -3.5355339059327378 14
    endloop
  endfacet
  facet normal 0.7181262977631905 -0.6959127965923129 0
    outer loop
      vertex 3.5355339059327378 -3.5355339059327378 4
      vertex 3.6448431371070584 -3.4227355296434423 4
      vertex 3.6448431371070584 -3.4227355296434423 14
    endloop
  endfacet
  facet normal 0.73963109497861 -0.673012513509773 0
    outer loop
      vertex 3.6448431371070584 -3.4227355296434423 4
      vertex 3.7505553481522993 -3.3065593266182574 4
      vertex 3.7505553481522993 -3.3065593266182574 14
    endloop
  endfacet
  facet normal 0.7604059656000296 -0.6494480483301852 0
    outer loop
      vertex 3.7505553481522993 -3.3065593266182574 4
      vertex 3.852566213878945 -3.18711994874345 4
      vertex 3.852566213878945 -3.18711994874345 14
    endloop
  endfacet
  facet normal 0.7804304073383308 -0.625242656335704 0
    outer loop
      vertex 3.852566213878945 -3.18711994874345 4
      vertex 3.950775061878451 -3.0645352682648834 4
      vertex 3.950775061878451 -3.0645352682648834 14
    endloop
  endfacet
  facet normal 0.799684658487089 -0.600420225325886 0
    outer loop
      vertex 3.950775061878451 -3.0645352682648834 4
      vertex 4.045084971874737 -2.938926261462366 4
      vertex 4.045084971874737 -2.938926261462366 14
    endloop
  endfacet
  facet normal 0.8181497174250248 -0.5750052520432765 0
    outer loop
      vertex 4.045084971874737 -2.938926261462366 4
      vertex 4.1354028713728095 -2.8104168892606523 4
      vertex 4.1354028713728095 -2.8104168892606523 14
    endloop
  endfacet
  facet normal 0.8358073613682708 -0.5490228179981309 0
    outer loop
      vertex 4.1354028713728095 -2.8104168892606523 4
      vertex 4.2216396275100765 -2.679133974894981 4
      vertex 4.2216396275100765 -2.679133974894981 14
    endloop
  endfacet
  facet normal 0.8526401643540922 -0.5224985647159492 0
    outer loop
      vertex 4.2216396275100765 -2.679133974894981 4
      vertex 4.303710135019717 -2.5452070787518584 4
      vertex 4.303710135019717 -2.5452070787518584 14
    endloop
  endfacet
  facet normal 0.9114032766354458 -0.4115143586051076 0
    outer loop
      vertex 4.524135262330098 -2.128896457825362 4
      vertex 4.582334244633835 -2 4
      vertex 4.582334244633835 -2 13.19294038924774
    endloop
  endfacet
  facet normal -0.8686315144381926 -0.49545866843240505 0
    outer loop
      vertex -4.303710135019719 -2.545207078751856 4
      vertex -4.303710135019719 -2.545207078751856 14
      vertex -4.381533400219317 -2.408768370508577 4
    endloop
  endfacet
  facet normal -0.8837656300886928 -0.46792981426057445 0
    outer loop
      vertex -4.381533400219317 -2.408768370508577 4
      vertex -4.381533400219317 -2.408768370508577 14
      vertex -4.455032620941839 -2.2699524986977337 4
    endloop
  endfacet
  facet normal -0.8980275757606151 -0.4399391698559162 0
    outer loop
      vertex -4.455032620941839 -2.2699524986977337 4
      vertex -4.455032620941839 -2.2699524986977337 14
      vertex -4.524135262330098 -2.128896457825362 4
    endloop
  endfacet
  facet normal -0.9114032766354454 -0.41151435860510843 0
    outer loop
      vertex -4.524135262330098 -2.128896457825362 4
      vertex -4.524135262330098 -2.128896457825362 14
      vertex -4.588773128419906 -1.9857394531739037 4
    endloop
  endfacet
  facet normal -0.923879532511287 -0.382683432365089 0
    outer loop
      vertex -4.588773128419906 -1.9857394531739037 4
      vertex -4.588773128419906 -1.9857394531739037 14
      vertex -4.648882429441257 -1.8406227634233894 4
    endloop
  endfacet
  facet normal -0.9354440308298673 -0.3534748437792569 0
    outer loop
      vertex -4.648882429441257 -1.8406227634233894 4
      vertex -4.648882429441257 -1.8406227634233894 14
      vertex -4.704403844771127 -1.693689601226458 4
    endloop
  endfacet
  facet normal -0.9460853588275463 -0.32391741819814657 0
    outer loop
      vertex -4.704403844771127 -1.693689601226458 4
      vertex -4.704403844771127 -1.693689601226458 14
      vertex -4.755282581475767 -1.545084971874737 4
    endloop
  endfacet
  facet normal -0.9557930147983286 -0.29404032523230894 0
    outer loop
      vertex -4.755282581475767 -1.545084971874737 4
      vertex -4.755282581475767 -1.545084971874737 14
      vertex -4.801468428384716 -1.3949555301961452 4
    endloop
  endfacet
  facet normal -0.9645574184577989 -0.26387304996537014 0
    outer loop
      vertex -4.801468428384716 -1.3949555301961452 4
      vertex -4.801468428384716 -1.3949555301961452 14
      vertex -4.842915805643155 -1.2434494358242743 4
    endloop
  endfacet
  facet normal -0.9723699203976762 -0.2334453638559067 0
    outer loop
      vertex -4.842915805643155 -1.2434494358242743 4
      vertex -4.842915805643155 -1.2434494358242743 14
      vertex -4.879583809693737 -1.0907162069827123 4
    endloop
  endfacet
  facet normal -0.9792228106217659 -0.20278729535651235 0
    outer loop
      vertex -4.879583809693737 -1.0907162069827123 4
      vertex -4.879583809693737 -1.0907162069827123 14
      vertex -4.911436253643443 -0.9369065729286241 4
    endloop
  endfacet
  facet normal -0.9851093261547732 -0.1719291002794134 0
    outer loop
      vertex -4.911436253643443 -0.9369065729286241 4
      vertex -4.911436253643443 -0.9369065729286241 14
      vertex -4.938441702975689 -0.7821723252011543 4
    endloop
  endfacet
  facet normal -0.990023657716558 -0.1409012319375798 0
    outer loop
      vertex -4.938441702975689 -0.7821723252011543 4
      vertex -4.938441702975689 -0.7821723252011543 14
      vertex -4.9605735065723895 -0.6266661678215203 4
    endloop
  endfacet
  facet normal -0.9939609554551795 -0.10973431109104645 0
    outer loop
      vertex -4.9605735065723895 -0.6266661678215203 4
      vertex -4.9605735065723895 -0.6266661678215203 14
      vertex -4.9778098230154 -0.4705415665925721 4
    endloop
  endfacet
  facet normal -0.9969173337331281 -0.07845909572784344 0
    outer loop
      vertex -4.9778098230154 -0.4705415665925721 4
      vertex -4.9778098230154 -0.4705415665925721 14
      vertex -4.990133642141358 -0.31395259764656636 4
    endloop
  endfacet
  facet normal -0.9988898749619699 -0.047106450709644566 0
    outer loop
      vertex -4.990133642141358 -0.31395259764656636 4
      vertex -4.990133642141358 -0.31395259764656636 14
      vertex -4.997532801828658 -0.15705379539064243 4
    endloop
  endfacet
  facet normal -0.9998766324816606 -0.015707317311817796 0
    outer loop
      vertex -4.997532801828658 -0.15705379539064243 4
      vertex -4.997532801828658 -0.15705379539064243 14
      vertex -5 0 4
    endloop
  endfacet
  facet normal 0.8686315144381913 -0.4954586684324075 0
    outer loop
      vertex 4.303710135019717 -2.5452070787518584 4
      vertex 4.381533400219317 -2.408768370508577 4
      vertex 4.381533400219317 -2.408768370508577 14
    endloop
  endfacet
  facet normal 0.8837656300886928 -0.46792981426057445 0
    outer loop
      vertex 4.381533400219317 -2.408768370508577 4
      vertex 4.455032620941839 -2.2699524986977337 4
      vertex 4.455032620941839 -2.2699524986977337 14
    endloop
  endfacet
  facet normal 0.8980275757606151 -0.4399391698559162 0
    outer loop
      vertex 4.455032620941839 -2.2699524986977337 4
      vertex 4.524135262330098 -2.128896457825362 4
      vertex 4.524135262330098 -2.128896457825362 14
    endloop
  endfacet
  facet normal -0.32391741819814657 -0.9460853588275463 0
    outer loop
      vertex -1.693689601226458 -4.704403844771127 4
      vertex -1.545084971874737 -4.755282581475767 14
      vertex -1.693689601226458 -4.704403844771127 14
    endloop
  endfacet
  facet normal -0.41151435860510843 -0.9114032766354454 0
    outer loop
      vertex -2.128896457825362 -4.524135262330098 4
      vertex -1.9857394531739037 -4.588773128419906 14
      vertex -2.128896457825362 -4.524135262330098 14
    endloop
  endfacet
  facet normal -0.3534748437792569 -0.9354440308298673 0
    outer loop
      vertex -1.8406227634233894 -4.648882429441257 4
      vertex -1.693689601226458 -4.704403844771127 14
      vertex -1.8406227634233894 -4.648882429441257 14
    endloop
  endfacet
  facet normal -0.382683432365089 -0.923879532511287 0
    outer loop
      vertex -1.9857394531739037 -4.588773128419906 4
      vertex -1.8406227634233894 -4.648882429441257 14
      vertex -1.9857394531739037 -4.588773128419906 14
    endloop
  endfacet
  facet normal -0.4399391698559162 -0.8980275757606151 0
    outer loop
      vertex -2.2699524986977337 -4.455032620941839 4
      vertex -2.128896457825362 -4.524135262330098 14
      vertex -2.2699524986977337 -4.455032620941839 14
    endloop
  endfacet
  facet normal -0.46792981426057445 -0.8837656300886928 0
    outer loop
      vertex -2.408768370508577 -4.381533400219317 4
      vertex -2.2699524986977337 -4.455032620941839 14
      vertex -2.408768370508577 -4.381533400219317 14
    endloop
  endfacet
  facet normal -0.2334453638559046 -0.9723699203976768 0
    outer loop
      vertex -1.2434494358242743 -4.842915805643155 4
      vertex -1.0907162069827145 -4.879583809693736 14
      vertex -1.2434494358242743 -4.842915805643155 14
    endloop
  endfacet
  facet normal -0.1409012319375798 -0.990023657716558 0
    outer loop
      vertex -0.7821723252011543 -4.938441702975689 4
      vertex -0.6266661678215203 -4.9605735065723895 14
      vertex -0.7821723252011543 -4.938441702975689 14
    endloop
  endfacet
  facet normal -0.20278729535651496 -0.9792228106217653 0
    outer loop
      vertex -1.0907162069827145 -4.879583809693736 4
      vertex -0.9369065729286241 -4.911436253643443 14
      vertex -1.0907162069827145 -4.879583809693736 14
    endloop
  endfacet
  facet normal -0.1719291002794134 -0.9851093261547732 0
    outer loop
      vertex -0.9369065729286241 -4.911436253643443 4
      vertex -0.7821723252011543 -4.938441702975689 14
      vertex -0.9369065729286241 -4.911436253643443 14
    endloop
  endfacet
  facet normal -0.29404032523230894 -0.9557930147983286 0
    outer loop
      vertex -1.545084971874737 -4.755282581475767 4
      vertex -1.3949555301961452 -4.801468428384716 14
      vertex -1.545084971874737 -4.755282581475767 14
    endloop
  endfacet
  facet normal -0.26387304996537014 -0.9645574184577989 0
    outer loop
      vertex -1.3949555301961452 -4.801468428384716 4
      vertex -1.2434494358242743 -4.842915805643155 14
      vertex -1.3949555301961452 -4.801468428384716 14
    endloop
  endfacet
  facet normal -0.10973431109104471 -0.9939609554551797 0
    outer loop
      vertex -0.6266661678215203 -4.9605735065723895 4
      vertex -0.4705415665925696 -4.9778098230154 14
      vertex -0.6266661678215203 -4.9605735065723895 14
    endloop
  endfacet
  facet normal -0.0784590957278459 -0.9969173337331279 0
    outer loop
      vertex -0.4705415665925696 -4.9778098230154 4
      vertex -0.3139525976465688 -4.990133642141358 14
      vertex -0.4705415665925696 -4.9778098230154 14
    endloop
  endfacet
  facet normal -0.04710645070964384 -0.9988898749619699 0
    outer loop
      vertex -0.3139525976465688 -4.990133642141358 4
      vertex -0.15705379539064243 -4.997532801828658 14
      vertex -0.3139525976465688 -4.990133642141358 14
    endloop
  endfacet
  facet normal -0.015707317311817796 -0.9998766324816606 0
    outer loop
      vertex -0.15705379539064243 -4.997532801828658 4
      vertex 0 -5 14
      vertex -0.15705379539064243 -4.997532801828658 14
    endloop
  endfacet
  facet normal 0.015707317311817796 -0.9998766324816606 0
    outer loop
      vertex 0 -5 4
      vertex 0.15705379539064243 -4.997532801828658 14
      vertex 0 -5 14
    endloop
  endfacet
  facet normal -0.5224985647159517 -0.8526401643540904 0
    outer loop
      vertex -2.6791339748949836 -4.221639627510075 4
      vertex -2.545207078751856 -4.303710135019719 14
      vertex -2.6791339748949836 -4.221639627510075 14
    endloop
  endfacet
  facet normal -0.5490228179981308 -0.8358073613682708 0
    outer loop
      vertex -2.8104168892606523 -4.1354028713728095 4
      vertex -2.6791339748949836 -4.221639627510075 14
      vertex -2.8104168892606523 -4.1354028713728095 14
    endloop
  endfacet
  facet normal -0.5750052520432765 -0.8181497174250248 0
    outer loop
      vertex -2.938926261462366 -4.045084971874737 4
      vertex -2.8104168892606523 -4.1354028713728095 14
      vertex -2.938926261462366 -4.045084971874737 14
    endloop
  endfacet
  facet normal -0.49545866843240505 -0.8686315144381926 0
    outer loop
      vertex -2.545207078751856 -4.303710135019719 4
      vertex -2.408768370508577 -4.381533400219317 14
      vertex -2.545207078751856 -4.303710135019719 14
    endloop
  endfacet
  facet normal -0.600420225325886 -0.799684658487089 0
    outer loop
      vertex -3.0645352682648834 -3.950775061878451 4
      vertex -2.938926261462366 -4.045084971874737 14
      vertex -3.0645352682648834 -3.950775061878451 14
    endloop
  endfacet
  facet normal -0.6252426563357026 -0.7804304073383318 0
    outer loop
      vertex -3.1871199487434483 -3.852566213878947 4
      vertex -3.0645352682648834 -3.950775061878451 14
      vertex -3.1871199487434483 -3.852566213878947 14
    endloop
  endfacet
  facet normal -0.6494480483301858 -0.760405965600029 0
    outer loop
      vertex -3.3065593266182596 -3.7505553481522975 4
      vertex -3.1871199487434483 -3.852566213878947 14
      vertex -3.3065593266182596 -3.7505553481522975 14
    endloop
  endfacet
  facet normal -0.6959127965923129 -0.7181262977631905 0
    outer loop
      vertex -3.5355339059327378 -3.5355339059327378 4
      vertex -3.4227355296434423 -3.6448431371070584 14
      vertex -3.5355339059327378 -3.5355339059327378 14
    endloop
  endfacet
  facet normal -0.7181262977631905 -0.6959127965923129 0
    outer loop
      vertex -3.6448431371070584 -3.4227355296434423 4
      vertex -3.5355339059327378 -3.5355339059327378 14
      vertex -3.6448431371070584 -3.4227355296434423 14
    endloop
  endfacet
  facet normal -0.7396310949786092 -0.6730125135097739 0
    outer loop
      vertex -3.7505553481522975 -3.3065593266182596 4
      vertex -3.6448431371070584 -3.4227355296434423 14
      vertex -3.7505553481522975 -3.3065593266182596 14
    endloop
  endfacet
  facet normal -0.760405965600029 -0.6494480483301858 0
    outer loop
      vertex -3.852566213878947 -3.1871199487434483 4
      vertex -3.7505553481522975 -3.3065593266182596 14
      vertex -3.852566213878947 -3.1871199487434483 14
    endloop
  endfacet
  facet normal -0.7804304073383318 -0.6252426563357026 0
    outer loop
      vertex -3.950775061878451 -3.0645352682648834 4
      vertex -3.852566213878947 -3.1871199487434483 14
      vertex -3.950775061878451 -3.0645352682648834 14
    endloop
  endfacet
  facet normal -0.799684658487089 -0.600420225325886 0
    outer loop
      vertex -4.045084971874737 -2.938926261462366 4
      vertex -3.950775061878451 -3.0645352682648834 14
      vertex -4.045084971874737 -2.938926261462366 14
    endloop
  endfacet
  facet normal -0.8181497174250248 -0.5750052520432765 0
    outer loop
      vertex -4.1354028713728095 -2.8104168892606523 4
      vertex -4.045084971874737 -2.938926261462366 14
      vertex -4.1354028713728095 -2.8104168892606523 14
    endloop
  endfacet
  facet normal -0.8358073613682708 -0.5490228179981308 0
    outer loop
      vertex -4.221639627510075 -2.6791339748949836 4
      vertex -4.1354028713728095 -2.8104168892606523 14
      vertex -4.221639627510075 -2.6791339748949836 14
    endloop
  endfacet
  facet normal -0.8526401643540904 -0.5224985647159517 0
    outer loop
      vertex -4.303710135019719 -2.545207078751856 4
      vertex -4.221639627510075 -2.6791339748949836 14
      vertex -4.303710135019719 -2.545207078751856 14
    endloop
  endfacet
  facet normal -0.6730125135097739 -0.7396310949786092 0
    outer loop
      vertex -3.4227355296434423 -3.6448431371070584 4
      vertex -3.3065593266182596 -3.7505553481522975 14
      vertex -3.4227355296434423 -3.6448431371070584 14
    endloop
  endfacet
  facet normal 0.04710645070964384 -0.9988898749619699 0
    outer loop
      vertex 0.15705379539064243 -4.997532801828658 4
      vertex 0.3139525976465688 -4.990133642141358 14
      vertex 0.15705379539064243 -4.997532801828658 14
    endloop
  endfacet
  facet normal 0.0784590957278459 -0.9969173337331279 0
    outer loop
      vertex 0.3139525976465688 -4.990133642141358 4
      vertex 0.4705415665925696 -4.9778098230154 14
      vertex 0.3139525976465688 -4.990133642141358 14
    endloop
  endfacet
  facet normal 0.10973431109104471 -0.9939609554551797 0
    outer loop
      vertex 0.4705415665925696 -4.9778098230154 4
      vertex 0.6266661678215203 -4.9605735065723895 14
      vertex 0.4705415665925696 -4.9778098230154 14
    endloop
  endfacet
  facet normal 0.1409012319375798 -0.990023657716558 0
    outer loop
      vertex 0.6266661678215203 -4.9605735065723895 4
      vertex 0.7821723252011543 -4.938441702975689 14
      vertex 0.6266661678215203 -4.9605735065723895 14
    endloop
  endfacet
  facet normal 0.1719291002794134 -0.9851093261547732 0
    outer loop
      vertex 0.7821723252011543 -4.938441702975689 4
      vertex 0.9369065729286241 -4.911436253643443 14
      vertex 0.7821723252011543 -4.938441702975689 14
    endloop
  endfacet
  facet normal 0.20278729535651496 -0.9792228106217653 0
    outer loop
      vertex 0.9369065729286241 -4.911436253643443 4
      vertex 1.0907162069827145 -4.879583809693736 14
      vertex 0.9369065729286241 -4.911436253643443 14
    endloop
  endfacet
  facet normal 0.23344536385590212 -0.9723699203976774 0
    outer loop
      vertex 1.0907162069827145 -4.879583809693736 4
      vertex 1.2434494358242723 -4.842915805643156 14
      vertex 1.0907162069827145 -4.879583809693736 14
    endloop
  endfacet
  facet normal 0.26387304996537214 -0.9645574184577982 0
    outer loop
      vertex 1.2434494358242723 -4.842915805643156 4
      vertex 1.3949555301961452 -4.801468428384716 14
      vertex 1.2434494358242723 -4.842915805643156 14
    endloop
  endfacet
  facet normal 0.29404032523230894 -0.9557930147983286 0
    outer loop
      vertex 1.3949555301961452 -4.801468428384716 4
      vertex 1.545084971874737 -4.755282581475767 14
      vertex 1.3949555301961452 -4.801468428384716 14
    endloop
  endfacet
  facet normal 0.32391741819814657 -0.9460853588275463 0
    outer loop
      vertex 1.545084971874737 -4.755282581475767 4
      vertex 1.693689601226458 -4.704403844771127 14
      vertex 1.545084971874737 -4.755282581475767 14
    endloop
  endfacet
  facet normal 0.35347484377925675 -0.9354440308298674 0
    outer loop
      vertex 1.693689601226458 -4.704403844771127 4
      vertex 1.8406227634233918 -4.648882429441256 14
      vertex 1.693689601226458 -4.704403844771127 14
    endloop
  endfacet
  facet normal 0.38268343236508984 -0.9238795325112867 0
    outer loop
      vertex 1.8406227634233918 -4.648882429441256 4
      vertex 1.9857394531739014 -4.5887731284199065 14
      vertex 1.8406227634233918 -4.648882429441256 14
    endloop
  endfacet
  facet normal 0.4115143586051078 -0.9114032766354456 0
    outer loop
      vertex 1.9857394531739014 -4.5887731284199065 4
      vertex 2.128896457825362 -4.524135262330098 14
      vertex 1.9857394531739014 -4.5887731284199065 14
    endloop
  endfacet
  facet normal 0.4399391698559162 -0.8980275757606151 0
    outer loop
      vertex 2.128896457825362 -4.524135262330098 4
      vertex 2.2699524986977337 -4.455032620941839 14
      vertex 2.128896457825362 -4.524135262330098 14
    endloop
  endfacet
  facet normal 0.46792981426057445 -0.8837656300886928 0
    outer loop
      vertex 2.2699524986977337 -4.455032620941839 4
      vertex 2.408768370508577 -4.381533400219317 14
      vertex 2.2699524986977337 -4.455032620941839 14
    endloop
  endfacet
  facet normal 0.4954586684324075 -0.8686315144381913 0
    outer loop
      vertex 2.408768370508577 -4.381533400219317 4
      vertex 2.5452070787518584 -4.303710135019717 14
      vertex 2.408768370508577 -4.381533400219317 14
    endloop
  endfacet
  facet normal 0.5224985647159492 -0.8526401643540922 0
    outer loop
      vertex 2.5452070787518584 -4.303710135019717 4
      vertex 2.679133974894981 -4.2216396275100765 14
      vertex 2.5452070787518584 -4.303710135019717 14
    endloop
  endfacet
  facet normal 0.5490228179981309 -0.8358073613682708 0
    outer loop
      vertex 2.679133974894981 -4.2216396275100765 4
      vertex 2.8104168892606523 -4.1354028713728095 14
      vertex 2.679133974894981 -4.2216396275100765 14
    endloop
  endfacet
  facet normal 0.5750052520432765 -0.8181497174250248 0
    outer loop
      vertex 2.8104168892606523 -4.1354028713728095 4
      vertex 2.938926261462366 -4.045084971874737 14
      vertex 2.8104168892606523 -4.1354028713728095 14
    endloop
  endfacet
  facet normal 0.600420225325886 -0.799684658487089 0
    outer loop
      vertex 2.938926261462366 -4.045084971874737 4
      vertex 3.0645352682648834 -3.950775061878451 14
      vertex 2.938926261462366 -4.045084971874737 14
    endloop
  endfacet
  facet normal 0.625242656335704 -0.7804304073383308 0
    outer loop
      vertex 3.0645352682648834 -3.950775061878451 4
      vertex 3.18711994874345 -3.852566213878945 14
      vertex 3.0645352682648834 -3.950775061878451 14
    endloop
  endfacet
  facet normal 0.6494480483301852 -0.7604059656000296 0
    outer loop
      vertex 3.18711994874345 -3.852566213878945 4
      vertex 3.3065593266182574 -3.7505553481522993 14
      vertex 3.18711994874345 -3.852566213878945 14
    endloop
  endfacet
  facet normal 0.673012513509773 -0.73963109497861 0
    outer loop
      vertex 3.3065593266182574 -3.7505553481522993 4
      vertex 3.4227355296434423 -3.6448431371070584 14
      vertex 3.3065593266182574 -3.7505553481522993 14
    endloop
  endfacet
  facet normal 0.6959127965923129 -0.7181262977631905 0
    outer loop
      vertex 3.4227355296434423 -3.6448431371070584 4
      vertex 3.5355339059327378 -3.5355339059327378 14
      vertex 3.4227355296434423 -3.6448431371070584 14
    endloop
  endfacet
  facet normal 0.7181262977631905 -0.6959127965923129 0
    outer loop
      vertex 3.5355339059327378 -3.5355339059327378 4
      vertex 3.6448431371070584 -3.4227355296434423 14
      vertex 3.5355339059327378 -3.5355339059327378 14
    endloop
  endfacet
  facet normal 0.73963109497861 -0.673012513509773 0
    outer loop
      vertex 3.6448431371070584 -3.4227355296434423 4
      vertex 3.7505553481522993 -3.3065593266182574 14
      vertex 3.6448431371070584 -3.4227355296434423 14
    endloop
  endfacet
  facet normal 0.7604059656000296 -0.6494480483301852 0
    outer loop
      vertex 3.7505553481522993 -3.3065593266182574 4
      vertex 3.852566213878945 -3.18711994874345 14
      vertex 3.7505553481522993 -3.3065593266182574 14
    endloop
  endfacet
  facet normal 0.7804304073383308 -0.625242656335704 0
    outer loop
      vertex 3.852566213878945 -3.18711994874345 4
      vertex 3.950775061878451 -3.0645352682648834 14
      vertex 3.852566213878945 -3.18711994874345 14
    endloop
  endfacet
  facet normal 0.799684658487089 -0.600420225325886 0
    outer loop
      vertex 3.950775061878451 -3.0645352682648834 4
      vertex 4.045084971874737 -2.938926261462366 14
      vertex 3.950775061878451 -3.0645352682648834 14
    endloop
  endfacet
  facet normal 0.8181497174250248 -0.5750052520432765 0
    outer loop
      vertex 4.045084971874737 -2.938926261462366 4
      vertex 4.1354028713728095 -2.8104168892606523 14
      vertex 4.045084971874737 -2.938926261462366 14
    endloop
  endfacet
  facet normal 0.8358073613682708 -0.5490228179981309 0
    outer loop
      vertex 4.1354028713728095 -2.8104168892606523 4
      vertex 4.2216396275100765 -2.679133974894981 14
      vertex 4.1354028713728095 -2.8104168892606523 14
    endloop
  endfacet
  facet normal 0.8526401643540922 -0.5224985647159492 0
    outer loop
      vertex 4.2216396275100765 -2.679133974894981 4
      vertex 4.303710135019717 -2.5452070787518584 14
      vertex 4.2216396275100765 -2.679133974894981 14
    endloop
  endfacet
  facet normal 0 0 1
    outer loop
      vertex -1.693689601226458 -4.704403844771127 14
      vertex -1.545084971874737 -4.755282581475767 14
      vertex -1.5935599743717241 -1.9262831069394735 14
    endloop
  endfacet
  facet normal 0 0 1
    outer loop
      vertex -0.7821723252011543 -4.938441702975689 14
      vertex -0.846844800613229 -2.3522019223855635 14
      vertex -0.9369065729286241 -4.911436253643443 14
    endloop
  endfacet
  facet normal 0 0 1
    outer loop
      vertex -0.4705415665925696 -4.9778098230154 14
      vertex -0.3139525976465688 -4.990133642141358 14
      vertex -0.39108616260057716 -2.4692208514878446 14
    endloop
  endfacet
  facet normal 0 0 1
    outer loop
      vertex -0.6266661678215203 -4.9605735065723895 14
      vertex -0.4705415665925696 -4.9778098230154 14
      vertex -0.5453581034913573 -2.439791904846868 14
    endloop
  endfacet
  facet normal 0 0 1
    outer loop
      vertex -0.7821723252011543 -4.938441702975689 14
      vertex -0.6266661678215203 -4.9605735065723895 14
      vertex -0.6974777650980726 -2.400734214192358 14
    endloop
  endfacet
  facet normal 0 0 1
    outer loop
      vertex -0.3139525976465688 -4.990133642141358 14
      vertex -0.15705379539064243 -4.997532801828658 14
      vertex -0.2352707832962848 -2.4889049115077 14
    endloop
  endfacet
  facet normal 0 0 1
    outer loop
      vertex -0.15705379539064243 -4.997532801828658 14
      vertex 0 -5 14
      vertex -0.07852689769532122 -2.498766400914329 14
    endloop
  endfacet
  facet normal 0 0 1
    outer loop
      vertex 0 -5 14
      vertex 0.15705379539064243 -4.997532801828658 14
      vertex 0.07852689769532122 -2.498766400914329 14
    endloop
  endfacet
  facet normal 0 0 1
    outer loop
      vertex -1.3949555301961452 -4.801468428384716 14
      vertex -1.2434494358242743 -4.842915805643155 14
      vertex -1.3395669874474918 -2.1108198137550374 14
    endloop
  endfacet
  facet normal 0 0 1
    outer loop
      vertex -0.9369065729286241 -4.911436253643443 14
      vertex -0.9928697265869518 -2.294386564209953 14
      vertex -1.0907162069827145 -4.879583809693736 14
    endloop
  endfacet
  facet normal 0 0 1
    outer loop
      vertex -1.0907162069827145 -4.879583809693736 14
      vertex -1.1349762493488669 -2.2275163104709197 14
      vertex -1.2434494358242743 -4.842915805643155 14
    endloop
  endfacet
  facet normal 0 0 1
    outer loop
      vertex -1.3949555301961452 -4.801468428384716 14
      vertex -1.469463130731183 -2.0225424859373686 14
      vertex -1.545084971874737 -4.755282581475767 14
    endloop
  endfacet
  facet normal 0 0 1
    outer loop
      vertex -1.693689601226458 -4.704403844771127 14
      vertex -1.7677669529663689 -1.7677669529663689 14
      vertex -1.8406227634233894 -4.648882429441257 14
    endloop
  endfacet
  facet normal 0 0 1
    outer loop
      vertex -1.8406227634233894 -4.648882429441257 14
      vertex -1.9262831069394735 -1.5935599743717241 14
      vertex -1.9857394531739037 -4.588773128419906 14
    endloop
  endfacet
  facet normal 0 0 1
    outer loop
      vertex -1.9857394531739037 -4.588773128419906 14
      vertex -2.0677014356864047 -1.4052084446303261 14
      vertex -2.128896457825362 -4.524135262330098 14
    endloop
  endfacet
  facet normal 0 0 1
    outer loop
      vertex -2.128896457825362 -4.524135262330098 14
      vertex -2.1907667001096587 -1.2043841852542885 14
      vertex -2.2699524986977337 -4.455032620941839 14
    endloop
  endfacet
  facet normal 0 0 1
    outer loop
      vertex -2.2699524986977337 -4.455032620941839 14
      vertex -2.3522019223855635 -0.846844800613229 14
      vertex -2.408768370508577 -4.381533400219317 14
    endloop
  endfacet
  facet normal 0 0 1
    outer loop
      vertex -0.7821723252011543 -4.938441702975689 14
      vertex -0.7725424859373685 -2.3776412907378837 14
      vertex -0.846844800613229 -2.3522019223855635 14
    endloop
  endfacet
  facet normal 0 0 1
    outer loop
      vertex -0.7821723252011543 -4.938441702975689 14
      vertex -0.6974777650980726 -2.400734214192358 14
      vertex -0.7725424859373685 -2.3776412907378837 14
    endloop
  endfacet
  facet normal 0 0 1
    outer loop
      vertex -0.9369065729286241 -4.911436253643443 14
      vertex -0.9203113817116947 -2.3244412147206286 14
      vertex -0.9928697265869518 -2.294386564209953 14
    endloop
  endfacet
  facet normal 0 0 1
    outer loop
      vertex -1.0907162069827145 -4.879583809693736 14
      vertex -0.9928697265869518 -2.294386564209953 14
      vertex -1.064448228912681 -2.262067631165049 14
    endloop
  endfacet
  facet normal 0 0 1
    outer loop
      vertex -0.9369065729286241 -4.911436253643443 14
      vertex -0.846844800613229 -2.3522019223855635 14
      vertex -0.9203113817116947 -2.3244412147206286 14
    endloop
  endfacet
  facet normal 0 0 1
    outer loop
      vertex -0.4705415665925696 -4.9778098230154 14
      vertex -0.46845328646431206 -2.4557181268217216 14
      vertex -0.5453581034913573 -2.439791904846868 14
    endloop
  endfacet
  facet normal 0 0 1
    outer loop
      vertex -0.4705415665925696 -4.9778098230154 14
      vertex -0.39108616260057716 -2.4692208514878446 14
      vertex -0.46845328646431206 -2.4557181268217216 14
    endloop
  endfacet
  facet normal 0 0 1
    outer loop
      vertex -0.3139525976465688 -4.990133642141358 14
      vertex -0.31333308391076015 -2.4802867532861947 14
      vertex -0.39108616260057716 -2.4692208514878446 14
    endloop
  endfacet
  facet normal 0 0 1
    outer loop
      vertex -0.3139525976465688 -4.990133642141358 14
      vertex -0.2352707832962848 -2.4889049115077 14
      vertex -0.31333308391076015 -2.4802867532861947 14
    endloop
  endfacet
  facet normal 0 0 1
    outer loop
      vertex -0.15705379539064243 -4.997532801828658 14
      vertex -0.1569762988232844 -2.495066821070679 14
      vertex -0.2352707832962848 -2.4889049115077 14
    endloop
  endfacet
  facet normal 0 0 1
    outer loop
      vertex -0.15705379539064243 -4.997532801828658 14
      vertex -0.07852689769532122 -2.498766400914329 14
      vertex -0.1569762988232844 -2.495066821070679 14
    endloop
  endfacet
  facet normal 0 0 1
    outer loop
      vertex 0 -5 14
      vertex 0.07852689769532122 -2.498766400914329 14
      vertex 0 -2.5 14
    endloop
  endfacet
  facet normal 0 0 1
    outer loop
      vertex 0 -5 14
      vertex 0 -2.5 14
      vertex -0.07852689769532122 -2.498766400914329 14
    endloop
  endfacet
  facet normal 0 0 1
    outer loop
      vertex 0.15705379539064243 -4.997532801828658 14
      vertex 0.1569762988232844 -2.495066821070679 14
      vertex 0.07852689769532122 -2.498766400914329 14
    endloop
  endfacet
  facet normal 0 0 1
    outer loop
      vertex -0.6266661678215203 -4.9605735065723895 14
      vertex -0.6217247179121371 -2.4214579028215777 14
      vertex -0.6974777650980726 -2.400734214192358 14
    endloop
  endfacet
  facet normal 0 0 1
    outer loop
      vertex -0.6266661678215203 -4.9605735065723895 14
      vertex -0.5453581034913573 -2.439791904846868 14
      vertex -0.6217247179121371 -2.4214579028215777 14
    endloop
  endfacet
  facet normal 0 0 1
    outer loop
      vertex -2.408768370508577 -4.381533400219317 14
      vertex -2.4802867532861947 -0.31333308391076015 14
      vertex -2.545207078751856 -4.303710135019719 14
    endloop
  endfacet
  facet normal 0 0 1
    outer loop
      vertex -1.693689601226458 -4.704403844771127 14
      vertex -1.5935599743717241 -1.9262831069394735 14
      vertex -1.6532796633091298 -1.8752776740761488 14
    endloop
  endfacet
  facet normal 0 0 1
    outer loop
      vertex -1.693689601226458 -4.704403844771127 14
      vertex -1.6532796633091298 -1.8752776740761488 14
      vertex -1.7113677648217211 -1.8224215685535292 14
    endloop
  endfacet
  facet normal 0 0 1
    outer loop
      vertex -1.693689601226458 -4.704403844771127 14
      vertex -1.7113677648217211 -1.8224215685535292 14
      vertex -1.7677669529663689 -1.7677669529663689 14
    endloop
  endfacet
  facet normal 0 0 1
    outer loop
      vertex -1.8406227634233894 -4.648882429441257 14
      vertex -1.8224215685535292 -1.7113677648217211 14
      vertex -1.8752776740761488 -1.6532796633091298 14
    endloop
  endfacet
  facet normal 0 0 1
    outer loop
      vertex -1.8406227634233894 -4.648882429441257 14
      vertex -1.7677669529663689 -1.7677669529663689 14
      vertex -1.8224215685535292 -1.7113677648217211 14
    endloop
  endfacet
  facet normal 0 0 1
    outer loop
      vertex -1.8406227634233894 -4.648882429441257 14
      vertex -1.8752776740761488 -1.6532796633091298 14
      vertex -1.9262831069394735 -1.5935599743717241 14
    endloop
  endfacet
  facet normal 0 0 1
    outer loop
      vertex -1.9857394531739037 -4.588773128419906 14
      vertex -1.9262831069394735 -1.5935599743717241 14
      vertex -1.9753875309392255 -1.5322676341324417 14
    endloop
  endfacet
  facet normal 0 0 1
    outer loop
      vertex -1.9857394531739037 -4.588773128419906 14
      vertex -1.9753875309392255 -1.5322676341324417 14
      vertex -2.0225424859373686 -1.469463130731183 14
    endloop
  endfacet
  facet normal 0 0 1
    outer loop
      vertex -1.2434494358242743 -4.842915805643155 14
      vertex -1.1349762493488669 -2.2275163104709197 14
      vertex -1.2043841852542885 -2.1907667001096587 14
    endloop
  endfacet
  facet normal 0 0 1
    outer loop
      vertex -1.2434494358242743 -4.842915805643155 14
      vertex -1.2043841852542885 -2.1907667001096587 14
      vertex -1.272603539375928 -2.1518550675098593 14
    endloop
  endfacet
  facet normal 0 0 1
    outer loop
      vertex -1.2434494358242743 -4.842915805643155 14
      vertex -1.272603539375928 -2.1518550675098593 14
      vertex -1.3395669874474918 -2.1108198137550374 14
    endloop
  endfacet
  facet normal 0 0 1
    outer loop
      vertex -1.3949555301961452 -4.801468428384716 14
      vertex -1.3395669874474918 -2.1108198137550374 14
      vertex -1.4052084446303261 -2.0677014356864047 14
    endloop
  endfacet
  facet normal 0 0 1
    outer loop
      vertex -1.0907162069827145 -4.879583809693736 14
      vertex -1.064448228912681 -2.262067631165049 14
      vertex -1.1349762493488669 -2.2275163104709197 14
    endloop
  endfacet
  facet normal 0 0 1
    outer loop
      vertex -1.3949555301961452 -4.801468428384716 14
      vertex -1.4052084446303261 -2.0677014356864047 14
      vertex -1.469463130731183 -2.0225424859373686 14
    endloop
  endfacet
  facet normal 0 0 1
    outer loop
      vertex -1.545084971874737 -4.755282581475767 14
      vertex -1.469463130731183 -2.0225424859373686 14
      vertex -1.5322676341324417 -1.9753875309392255 14
    endloop
  endfacet
  facet normal 0 0 1
    outer loop
      vertex -1.545084971874737 -4.755282581475767 14
      vertex -1.5322676341324417 -1.9753875309392255 14
      vertex -1.5935599743717241 -1.9262831069394735 14
    endloop
  endfacet
  facet normal 0 0 1
    outer loop
      vertex 0.15705379539064243 -4.997532801828658 14
      vertex 0.3139525976465688 -4.990133642141358 14
      vertex 0.1569762988232844 -2.495066821070679 14
    endloop
  endfacet
  facet normal 0 0 1
    outer loop
      vertex 0.3139525976465688 -4.990133642141358 14
      vertex 0.4705415665925696 -4.9778098230154 14
      vertex 0.31333308391076015 -2.4802867532861947 14
    endloop
  endfacet
  facet normal 0 0 1
    outer loop
      vertex 0.4705415665925696 -4.9778098230154 14
      vertex 0.6266661678215203 -4.9605735065723895 14
      vertex 0.46845328646431206 -2.4557181268217216 14
    endloop
  endfacet
  facet normal 0 0 1
    outer loop
      vertex 0.6266661678215203 -4.9605735065723895 14
      vertex 0.7821723252011543 -4.938441702975689 14
      vertex 0.6217247179121361 -2.421457902821578 14
    endloop
  endfacet
  facet normal 0 0 1
    outer loop
      vertex 0.7821723252011543 -4.938441702975689 14
      vertex 0.9369065729286241 -4.911436253643443 14
      vertex 0.7725424859373685 -2.3776412907378837 14
    endloop
  endfacet
  facet normal 0 0 1
    outer loop
      vertex 0.9369065729286241 -4.911436253643443 14
      vertex 1.0907162069827145 -4.879583809693736 14
      vertex 0.9203113817116959 -2.324441214720628 14
    endloop
  endfacet
  facet normal 0 0 1
    outer loop
      vertex 1.0907162069827145 -4.879583809693736 14
      vertex 1.2434494358242723 -4.842915805643156 14
      vertex 1.064448228912681 -2.262067631165049 14
    endloop
  endfacet
  facet normal 0 0 1
    outer loop
      vertex 1.2434494358242723 -4.842915805643156 14
      vertex 1.3949555301961452 -4.801468428384716 14
      vertex 1.2043841852542885 -2.1907667001096587 14
    endloop
  endfacet
  facet normal 0 0 1
    outer loop
      vertex 1.3949555301961452 -4.801468428384716 14
      vertex 1.545084971874737 -4.755282581475767 14
      vertex 1.3395669874474905 -2.1108198137550382 14
    endloop
  endfacet
  facet normal 0 0 1
    outer loop
      vertex 1.545084971874737 -4.755282581475767 14
      vertex 1.693689601226458 -4.704403844771127 14
      vertex 1.5322676341324417 -1.9753875309392255 14
    endloop
  endfacet
  facet normal 0 0 1
    outer loop
      vertex 1.693689601226458 -4.704403844771127 14
      vertex 1.8406227634233918 -4.648882429441256 14
      vertex 1.6532796633091287 -1.8752776740761496 14
    endloop
  endfacet
  facet normal 0 0 1
    outer loop
      vertex 1.8406227634233918 -4.648882429441256 14
      vertex 1.9857394531739014 -4.5887731284199065 14
      vertex 1.8224215685535292 -1.7113677648217211 14
    endloop
  endfacet
  facet normal 0 0 1
    outer loop
      vertex 0.3139525976465688 -4.990133642141358 14
      vertex 0.2352707832962848 -2.4889049115077 14
      vertex 0.1569762988232844 -2.495066821070679 14
    endloop
  endfacet
  facet normal 0 0 1
    outer loop
      vertex 0.3139525976465688 -4.990133642141358 14
      vertex 0.31333308391076015 -2.4802867532861947 14
      vertex 0.2352707832962848 -2.4889049115077 14
    endloop
  endfacet
  facet normal 0 0 1
    outer loop
      vertex 0.4705415665925696 -4.9778098230154 14
      vertex 0.39108616260057716 -2.4692208514878446 14
      vertex 0.31333308391076015 -2.4802867532861947 14
    endloop
  endfacet
  facet normal 0 0 1
    outer loop
      vertex 0.4705415665925696 -4.9778098230154 14
      vertex 0.46845328646431206 -2.4557181268217216 14
      vertex 0.39108616260057716 -2.4692208514878446 14
    endloop
  endfacet
  facet normal 0 0 1
    outer loop
      vertex 0.6266661678215203 -4.9605735065723895 14
      vertex 0.5453581034913573 -2.439791904846868 14
      vertex 0.46845328646431206 -2.4557181268217216 14
    endloop
  endfacet
  facet normal 0 0 1
    outer loop
      vertex 0.6266661678215203 -4.9605735065723895 14
      vertex 0.6217247179121361 -2.421457902821578 14
      vertex 0.5453581034913573 -2.439791904846868 14
    endloop
  endfacet
  facet normal 0 0 1
    outer loop
      vertex 0.7821723252011543 -4.938441702975689 14
      vertex 0.6974777650980726 -2.400734214192358 14
      vertex 0.6217247179121361 -2.421457902821578 14
    endloop
  endfacet
  facet normal 0 0 1
    outer loop
      vertex 0.7821723252011543 -4.938441702975689 14
      vertex 0.7725424859373685 -2.3776412907378837 14
      vertex 0.6974777650980726 -2.400734214192358 14
    endloop
  endfacet
  facet normal 0 0 1
    outer loop
      vertex 0.9369065729286241 -4.911436253643443 14
      vertex 0.846844800613229 -2.3522019223855635 14
      vertex 0.7725424859373685 -2.3776412907378837 14
    endloop
  endfacet
  facet normal 0 0 1
    outer loop
      vertex 0.9369065729286241 -4.911436253643443 14
      vertex 0.9203113817116959 -2.324441214720628 14
      vertex 0.846844800613229 -2.3522019223855635 14
    endloop
  endfacet
  facet normal 0 0 1
    outer loop
      vertex 1.0907162069827145 -4.879583809693736 14
      vertex 0.9928697265869507 -2.2943865642099532 14
      vertex 0.9203113817116959 -2.324441214720628 14
    endloop
  endfacet
  facet normal 0 0 1
    outer loop
      vertex 1.0907162069827145 -4.879583809693736 14
      vertex 1.064448228912681 -2.262067631165049 14
      vertex 0.9928697265869507 -2.2943865642099532 14
    endloop
  endfacet
  facet normal 0 0 1
    outer loop
      vertex 1.9857394531739014 -4.5887731284199065 14
      vertex 2.128896457825362 -4.524135262330098 14
      vertex 1.9753875309392255 -1.5322676341324417 14
    endloop
  endfacet
  facet normal 0 0 1
    outer loop
      vertex 2.128896457825362 -4.524135262330098 14
      vertex 2.2699524986977337 -4.455032620941839 14
      vertex 2.1108198137550382 -1.3395669874474905 14
    endloop
  endfacet
  facet normal 0 0 1
    outer loop
      vertex 2.2699524986977337 -4.455032620941839 14
      vertex 2.408768370508577 -4.381533400219317 14
      vertex 2.262067631165049 -1.064448228912681 14
    endloop
  endfacet
  facet normal 0 0 1
    outer loop
      vertex 2.408768370508577 -4.381533400219317 14
      vertex 2.5452070787518584 -4.303710135019717 14
      vertex 2.400734214192358 -0.6974777650980726 14
    endloop
  endfacet
  facet normal 0 0 1
    outer loop
      vertex 1.2434494358242723 -4.842915805643156 14
      vertex 1.1349762493488669 -2.2275163104709197 14
      vertex 1.064448228912681 -2.262067631165049 14
    endloop
  endfacet
  facet normal 0 0 1
    outer loop
      vertex 1.2434494358242723 -4.842915805643156 14
      vertex 1.2043841852542885 -2.1907667001096587 14
      vertex 1.1349762493488669 -2.2275163104709197 14
    endloop
  endfacet
  facet normal 0 0 1
    outer loop
      vertex 1.3949555301961452 -4.801468428384716 14
      vertex 1.2726035393759292 -2.1518550675098584 14
      vertex 1.2043841852542885 -2.1907667001096587 14
    endloop
  endfacet
  facet normal 0 0 1
    outer loop
      vertex 1.3949555301961452 -4.801468428384716 14
      vertex 1.3395669874474905 -2.1108198137550382 14
      vertex 1.2726035393759292 -2.1518550675098584 14
    endloop
  endfacet
  facet normal 0 0 1
    outer loop
      vertex 1.545084971874737 -4.755282581475767 14
      vertex 1.4052084446303261 -2.0677014356864047 14
      vertex 1.3395669874474905 -2.1108198137550382 14
    endloop
  endfacet
  facet normal 0 0 1
    outer loop
      vertex 1.545084971874737 -4.755282581475767 14
      vertex 1.469463130731183 -2.0225424859373686 14
      vertex 1.4052084446303261 -2.0677014356864047 14
    endloop
  endfacet
  facet normal 0 0 1
    outer loop
      vertex 1.545084971874737 -4.755282581475767 14
      vertex 1.5322676341324417 -1.9753875309392255 14
      vertex 1.469463130731183 -2.0225424859373686 14
    endloop
  endfacet
  facet normal 0 0 1
    outer loop
      vertex 1.693689601226458 -4.704403844771127 14
      vertex 1.593559974371725 -1.9262831069394726 14
      vertex 1.5322676341324417 -1.9753875309392255 14
    endloop
  endfacet
  facet normal 0 0 1
    outer loop
      vertex 1.693689601226458 -4.704403844771127 14
      vertex 1.6532796633091287 -1.8752776740761496 14
      vertex 1.593559974371725 -1.9262831069394726 14
    endloop
  endfacet
  facet normal 0 0 1
    outer loop
      vertex 1.8406227634233918 -4.648882429441256 14
      vertex 1.7113677648217211 -1.8224215685535292 14
      vertex 1.6532796633091287 -1.8752776740761496 14
    endloop
  endfacet
  facet normal 0 0 1
    outer loop
      vertex 1.8406227634233918 -4.648882429441256 14
      vertex 1.7677669529663689 -1.7677669529663689 14
      vertex 1.7113677648217211 -1.8224215685535292 14
    endloop
  endfacet
  facet normal 0 0 1
    outer loop
      vertex 1.8406227634233918 -4.648882429441256 14
      vertex 1.8224215685535292 -1.7113677648217211 14
      vertex 1.7677669529663689 -1.7677669529663689 14
    endloop
  endfacet
  facet normal 0 0 1
    outer loop
      vertex 1.9857394531739014 -4.5887731284199065 14
      vertex 1.8752776740761496 -1.6532796633091287 14
      vertex 1.8224215685535292 -1.7113677648217211 14
    endloop
  endfacet
  facet normal 0 0 1
    outer loop
      vertex 1.9857394531739014 -4.5887731284199065 14
      vertex 1.9262831069394726 -1.593559974371725 14
      vertex 1.8752776740761496 -1.6532796633091287 14
    endloop
  endfacet
  facet normal 0 0 1
    outer loop
      vertex 1.9857394531739014 -4.5887731284199065 14
      vertex 1.9753875309392255 -1.5322676341324417 14
      vertex 1.9262831069394726 -1.593559974371725 14
    endloop
  endfacet
  facet normal 0 0 1
    outer loop
      vertex 2.128896457825362 -4.524135262330098 14
      vertex 2.0225424859373686 -1.469463130731183 14
      vertex 1.9753875309392255 -1.5322676341324417 14
    endloop
  endfacet
  facet normal -0.8686315144381926 -0.49545866843240505 0
    outer loop
      vertex -4.381533400219317 -2.408768370508577 4
      vertex -4.303710135019719 -2.545207078751856 14
      vertex -4.381533400219317 -2.408768370508577 14
    endloop
  endfacet
  facet normal -0.8837656300886928 -0.46792981426057445 0
    outer loop
      vertex -4.455032620941839 -2.2699524986977337 4
      vertex -4.381533400219317 -2.408768370508577 14
      vertex -4.455032620941839 -2.2699524986977337 14
    endloop
  endfacet
  facet normal -0.8980275757606151 -0.4399391698559162 0
    outer loop
      vertex -4.524135262330098 -2.128896457825362 4
      vertex -4.455032620941839 -2.2699524986977337 14
      vertex -4.524135262330098 -2.128896457825362 14
    endloop
  endfacet
  facet normal -0.9114032766354454 -0.41151435860510843 0
    outer loop
      vertex -4.588773128419906 -1.9857394531739037 4
      vertex -4.524135262330098 -2.128896457825362 14
      vertex -4.588773128419906 -1.9857394531739037 14
    endloop
  endfacet
  facet normal -0.923879532511287 -0.382683432365089 0
    outer loop
      vertex -4.648882429441257 -1.8406227634233894 4
      vertex -4.588773128419906 -1.9857394531739037 14
      vertex -4.648882429441257 -1.8406227634233894 14
    endloop
  endfacet
  facet normal -0.9354440308298673 -0.3534748437792569 0
    outer loop
      vertex -4.704403844771127 -1.693689601226458 4
      vertex -4.648882429441257 -1.8406227634233894 14
      vertex -4.704403844771127 -1.693689601226458 14
    endloop
  endfacet
  facet normal -0.9460853588275463 -0.32391741819814657 0
    outer loop
      vertex -4.755282581475767 -1.545084971874737 4
      vertex -4.704403844771127 -1.693689601226458 14
      vertex -4.755282581475767 -1.545084971874737 14
    endloop
  endfacet
  facet normal -0.9557930147983286 -0.29404032523230894 0
    outer loop
      vertex -4.801468428384716 -1.3949555301961452 4
      vertex -4.755282581475767 -1.545084971874737 14
      vertex -4.801468428384716 -1.3949555301961452 14
    endloop
  endfacet
  facet normal -0.9645574184577989 -0.26387304996537014 0
    outer loop
      vertex -4.842915805643155 -1.2434494358242743 4
      vertex -4.801468428384716 -1.3949555301961452 14
      vertex -4.842915805643155 -1.2434494358242743 14
    endloop
  endfacet
  facet normal -0.9723699203976762 -0.2334453638559067 0
    outer loop
      vertex -4.879583809693737 -1.0907162069827123 4
      vertex -4.842915805643155 -1.2434494358242743 14
      vertex -4.879583809693737 -1.0907162069827123 14
    endloop
  endfacet
  facet normal -0.9792228106217659 -0.20278729535651235 0
    outer loop
      vertex -4.911436253643443 -0.9369065729286241 4
      vertex -4.879583809693737 -1.0907162069827123 14
      vertex -4.911436253643443 -0.9369065729286241 14
    endloop
  endfacet
  facet normal -0.9851093261547732 -0.1719291002794134 0
    outer loop
      vertex -4.938441702975689 -0.7821723252011543 4
      vertex -4.911436253643443 -0.9369065729286241 14
      vertex -4.938441702975689 -0.7821723252011543 14
    endloop
  endfacet
  facet normal -0.990023657716558 -0.1409012319375798 0
    outer loop
      vertex -4.9605735065723895 -0.6266661678215203 4
      vertex -4.938441702975689 -0.7821723252011543 14
      vertex -4.9605735065723895 -0.6266661678215203 14
    endloop
  endfacet
  facet normal -0.9939609554551795 -0.10973431109104645 0
    outer loop
      vertex -4.9778098230154 -0.4705415665925721 4
      vertex -4.9605735065723895 -0.6266661678215203 14
      vertex -4.9778098230154 -0.4705415665925721 14
    endloop
  endfacet
  facet normal -0.9969173337331281 -0.07845909572784344 0
    outer loop
      vertex -4.990133642141358 -0.31395259764656636 4
      vertex -4.9778098230154 -0.4705415665925721 14
      vertex -4.990133642141358 -0.31395259764656636 14
    endloop
  endfacet
  facet normal -0.9988898749619699 -0.047106450709644566 0
    outer loop
      vertex -4.997532801828658 -0.15705379539064243 4
      vertex -4.990133642141358 -0.31395259764656636 14
      vertex -4.997532801828658 -0.15705379539064243 14
    endloop
  endfacet
  facet normal -0.9998766324816606 -0.015707317311817796 0
    outer loop
      vertex -4.997532801828658 -0.15705379539064243 14
      vertex -5 0 14
      vertex -5 0 4
    endloop
  endfacet
  facet normal 0.8686315144381913 -0.4954586684324075 0
    outer loop
      vertex 4.303710135019717 -2.5452070787518584 4
      vertex 4.381533400219317 -2.408768370508577 14
      vertex 4.303710135019717 -2.5452070787518584 14
    endloop
  endfacet
  facet normal 0.8837656300886928 -0.46792981426057445 0
    outer loop
      vertex 4.381533400219317 -2.408768370508577 4
      vertex 4.455032620941839 -2.2699524986977337 14
      vertex 4.381533400219317 -2.408768370508577 14
    endloop
  endfacet
  facet normal 0.8980275757606151 -0.4399391698559162 0
    outer loop
      vertex 4.455032620941839 -2.2699524986977337 4
      vertex 4.524135262330098 -2.128896457825362 14
      vertex 4.455032620941839 -2.2699524986977337 14
    endloop
  endfacet
  facet normal 0.9114032766354458 -0.4115143586051076 0
    outer loop
      vertex 4.524135262330098 -2.128896457825362 4
      vertex 4.582334244633835 -2 13.19294038924774
      vertex 4.524135262330098 -2.128896457825362 14
    endloop
  endfacet
  facet normal 0 0 1
    outer loop
      vertex -2.128896457825362 -4.524135262330098 14
      vertex -2.0677014356864047 -1.4052084446303261 14
      vertex -2.1108198137550374 -1.3395669874474918 14
    endloop
  endfacet
  facet normal 0 0 1
    outer loop
      vertex -2.128896457825362 -4.524135262330098 14
      vertex -2.1108198137550374 -1.3395669874474918 14
      vertex -2.1518550675098593 -1.272603539375928 14
    endloop
  endfacet
  facet normal 0 0 1
    outer loop
      vertex -1.9857394531739037 -4.588773128419906 14
      vertex -2.0225424859373686 -1.469463130731183 14
      vertex -2.0677014356864047 -1.4052084446303261 14
    endloop
  endfacet
  facet normal 0 0 1
    outer loop
      vertex -2.128896457825362 -4.524135262330098 14
      vertex -2.1518550675098593 -1.272603539375928 14
      vertex -2.1907667001096587 -1.2043841852542885 14
    endloop
  endfacet
  facet normal 0 0 1
    outer loop
      vertex -2.2699524986977337 -4.455032620941839 14
      vertex -2.1907667001096587 -1.2043841852542885 14
      vertex -2.2275163104709197 -1.1349762493488669 14
    endloop
  endfacet
  facet normal 0 0 1
    outer loop
      vertex -2.2699524986977337 -4.455032620941839 14
      vertex -2.2275163104709197 -1.1349762493488669 14
      vertex -2.262067631165049 -1.064448228912681 14
    endloop
  endfacet
  facet normal 0 0 1
    outer loop
      vertex -2.2699524986977337 -4.455032620941839 14
      vertex -2.294386564209953 -0.9928697265869518 14
      vertex -2.3244412147206286 -0.9203113817116947 14
    endloop
  endfacet
  facet normal 0 0 1
    outer loop
      vertex -2.2699524986977337 -4.455032620941839 14
      vertex -2.262067631165049 -1.064448228912681 14
      vertex -2.294386564209953 -0.9928697265869518 14
    endloop
  endfacet
  facet normal 0 0 1
    outer loop
      vertex -2.2699524986977337 -4.455032620941839 14
      vertex -2.3244412147206286 -0.9203113817116947 14
      vertex -2.3522019223855635 -0.846844800613229 14
    endloop
  endfacet
  facet normal 0 0 1
    outer loop
      vertex -2.408768370508577 -4.381533400219317 14
      vertex -2.3522019223855635 -0.846844800613229 14
      vertex -2.3776412907378837 -0.7725424859373685 14
    endloop
  endfacet
  facet normal 0 0 1
    outer loop
      vertex -2.408768370508577 -4.381533400219317 14
      vertex -2.3776412907378837 -0.7725424859373685 14
      vertex -2.400734214192358 -0.6974777650980726 14
    endloop
  endfacet
  facet normal 0 0 1
    outer loop
      vertex -2.408768370508577 -4.381533400219317 14
      vertex -2.400734214192358 -0.6974777650980726 14
      vertex -2.4214579028215777 -0.6217247179121371 14
    endloop
  endfacet
  facet normal 0 0 1
    outer loop
      vertex -2.545207078751856 -4.303710135019719 14
      vertex -2.4889049115077 -0.23527078329628606 14
      vertex -2.495066821070679 -0.15697629882328318 14
    endloop
  endfacet
  facet normal 0 0 1
    outer loop
      vertex -2.408768370508577 -4.381533400219317 14
      vertex -2.4214579028215777 -0.6217247179121371 14
      vertex -2.4397919048468686 -0.5453581034913562 14
    endloop
  endfacet
  facet normal 0 0 1
    outer loop
      vertex -2.408768370508577 -4.381533400219317 14
      vertex -2.4397919048468686 -0.5453581034913562 14
      vertex -2.4557181268217216 -0.46845328646431206 14
    endloop
  endfacet
  facet normal 0 0 1
    outer loop
      vertex -2.408768370508577 -4.381533400219317 14
      vertex -2.4557181268217216 -0.46845328646431206 14
      vertex -2.4692208514878446 -0.39108616260057716 14
    endloop
  endfacet
  facet normal 0 0 1
    outer loop
      vertex -2.408768370508577 -4.381533400219317 14
      vertex -2.4692208514878446 -0.39108616260057716 14
      vertex -2.4802867532861947 -0.31333308391076015 14
    endloop
  endfacet
  facet normal 0 0 1
    outer loop
      vertex -2.545207078751856 -4.303710135019719 14
      vertex -2.4802867532861947 -0.31333308391076015 14
      vertex -2.4889049115077 -0.23527078329628606 14
    endloop
  endfacet
  facet normal 0 0 1
    outer loop
      vertex -2.545207078751856 -4.303710135019719 14
      vertex -2.495066821070679 -0.15697629882328318 14
      vertex -2.498766400914329 -0.07852689769532122 14
    endloop
  endfacet
  facet normal 0 0 1
    outer loop
      vertex -2.6791339748949836 -4.221639627510075 14
      vertex -2.8104168892606527 4.1354028713728095 14
      vertex -2.8104168892606523 -4.1354028713728095 14
    endloop
  endfacet
  facet normal 0 0 1
    outer loop
      vertex -2.545207078751856 -4.303710135019719 14
      vertex -2.498766400914329 -0.07852689769532122 14
      vertex -2.5 0 14
    endloop
  endfacet
  facet normal 0 0 1
    outer loop
      vertex -2.545207078751856 -4.303710135019719 14
      vertex -2.6791339748949836 4.221639627510075 14
      vertex -2.6791339748949836 -4.221639627510075 14
    endloop
  endfacet
  facet normal 0 0 1
    outer loop
      vertex -3.0645352682648834 -3.950775061878451 14
      vertex -2.938926261462366 -4.045084971874737 14
      vertex -3.0645352682648817 3.950775061878452 14
    endloop
  endfacet
  facet normal 0 0 1
    outer loop
      vertex -3.3065593266182596 -3.7505553481522975 14
      vertex -3.4227355296434423 3.6448431371070584 14
      vertex -3.4227355296434423 -3.6448431371070584 14
    endloop
  endfacet
  facet normal 0 0 1
    outer loop
      vertex -3.1871199487434483 -3.852566213878947 14
      vertex -3.3065593266182596 3.7505553481522975 14
      vertex -3.3065593266182596 -3.7505553481522975 14
    endloop
  endfacet
  facet normal 0 0 1
    outer loop
      vertex -3.0645352682648834 -3.950775061878451 14
      vertex -3.1871199487434483 3.852566213878947 14
      vertex -3.1871199487434483 -3.852566213878947 14
    endloop
  endfacet
  facet normal 0 0 1
    outer loop
      vertex -2.8104168892606523 -4.1354028713728095 14
      vertex -2.938926261462366 4.045084971874737 14
      vertex -2.938926261462366 -4.045084971874737 14
    endloop
  endfacet
  facet normal 0 0 1
    outer loop
      vertex -3.4227355296434423 -3.6448431371070584 14
      vertex -3.5355339059327378 3.5355339059327378 14
      vertex -3.5355339059327378 -3.5355339059327378 14
    endloop
  endfacet
  facet normal 0 0 1
    outer loop
      vertex -3.5355339059327378 -3.5355339059327378 14
      vertex -3.6448431371070584 3.4227355296434423 14
      vertex -3.6448431371070584 -3.4227355296434423 14
    endloop
  endfacet
  facet normal 0 0 1
    outer loop
      vertex -3.6448431371070584 -3.4227355296434423 14
      vertex -3.7505553481522975 3.3065593266182596 14
      vertex -3.7505553481522975 -3.3065593266182596 14
    endloop
  endfacet
  facet normal 0 0 1
    outer loop
      vertex -3.7505553481522975 -3.3065593266182596 14
      vertex -3.852566213878947 3.1871199487434483 14
      vertex -3.852566213878947 -3.1871199487434483 14
    endloop
  endfacet
  facet normal 0 0 1
    outer loop
      vertex -3.852566213878947 -3.1871199487434483 14
      vertex -3.950775061878451 3.0645352682648834 14
      vertex -3.950775061878451 -3.0645352682648834 14
    endloop
  endfacet
  facet normal 0 0 1
    outer loop
      vertex -3.950775061878451 -3.0645352682648834 14
      vertex -4.045084971874737 2.938926261462366 14
      vertex -4.045084971874737 -2.938926261462366 14
    endloop
  endfacet
  facet normal 0 0 1
    outer loop
      vertex -4.045084971874737 -2.938926261462366 14
      vertex -4.1354028713728095 2.8104168892606523 14
      vertex -4.1354028713728095 -2.8104168892606523 14
    endloop
  endfacet
  facet normal 0 0 1
    outer loop
      vertex -4.303710135019719 -2.545207078751856 14
      vertex -4.381533400219317 2.408768370508577 14
      vertex -4.381533400219317 -2.408768370508577 14
    endloop
  endfacet
  facet normal 0 0 1
    outer loop
      vertex -4.381533400219317 -2.408768370508577 14
      vertex -4.455032620941839 2.2699524986977337 14
      vertex -4.455032620941839 -2.2699524986977337 14
    endloop
  endfacet
  facet normal 0 0 1
    outer loop
      vertex -4.524135262330098 -2.128896457825362 14
      vertex -4.588773128419906 1.9857394531739037 14
      vertex -4.588773128419906 -1.9857394531739037 14
    endloop
  endfacet
  facet normal 0 0 1
    outer loop
      vertex -4.455032620941839 -2.2699524986977337 14
      vertex -4.524135262330098 2.128896457825362 14
      vertex -4.524135262330098 -2.128896457825362 14
    endloop
  endfacet
  facet normal 0 0 1
    outer loop
      vertex -4.588773128419906 -1.9857394531739037 14
      vertex -4.648882429441257 1.8406227634233894 14
      vertex -4.648882429441257 -1.8406227634233894 14
    endloop
  endfacet
  facet normal 0 0 1
    outer loop
      vertex -4.1354028713728095 -2.8104168892606523 14
      vertex -4.221639627510075 2.6791339748949836 14
      vertex -4.221639627510075 -2.6791339748949836 14
    endloop
  endfacet
  facet normal 0 0 1
    outer loop
      vertex -4.221639627510075 -2.6791339748949836 14
      vertex -4.303710135019719 2.545207078751856 14
      vertex -4.303710135019719 -2.545207078751856 14
    endloop
  endfacet
  facet normal 0 0 1
    outer loop
      vertex -4.755282581475767 -1.545084971874737 14
      vertex -4.801468428384716 1.3949555301961452 14
      vertex -4.801468428384716 -1.3949555301961452 14
    endloop
  endfacet
  facet normal 0 0 1
    outer loop
      vertex -4.648882429441257 -1.8406227634233894 14
      vertex -4.704403844771127 1.693689601226458 14
      vertex -4.704403844771127 -1.693689601226458 14
    endloop
  endfacet
  facet normal 0 0 1
    outer loop
      vertex -4.704403844771127 -1.693689601226458 14
      vertex -4.755282581475767 1.545084971874737 14
      vertex -4.755282581475767 -1.545084971874737 14
    endloop
  endfacet
  facet normal 0 0 1
    outer loop
      vertex -4.801468428384716 -1.3949555301961452 14
      vertex -4.842915805643155 1.2434494358242743 14
      vertex -4.842915805643155 -1.2434494358242743 14
    endloop
  endfacet
  facet normal 0 0 1
    outer loop
      vertex -4.842915805643155 -1.2434494358242743 14
      vertex -4.879583809693737 1.0907162069827123 14
      vertex -4.879583809693737 -1.0907162069827123 14
    endloop
  endfacet
  facet normal 0 0 1
    outer loop
      vertex -4.879583809693737 -1.0907162069827123 14
      vertex -4.911436253643443 0.9369065729286241 14
      vertex -4.911436253643443 -0.9369065729286241 14
    endloop
  endfacet
  facet normal 0 0 1
    outer loop
      vertex -4.911436253643443 -0.9369065729286241 14
      vertex -4.938441702975689 0.7821723252011543 14
      vertex -4.938441702975689 -0.7821723252011543 14
    endloop
  endfacet
  facet normal 0 0 1
    outer loop
      vertex -4.938441702975689 -0.7821723252011543 14
      vertex -4.9605735065723895 0.6266661678215203 14
      vertex -4.9605735065723895 -0.6266661678215203 14
    endloop
  endfacet
  facet normal 0 0 1
    outer loop
      vertex -4.9778098230154 -0.4705415665925721 14
      vertex -4.990133642141358 0.31395259764656636 14
      vertex -4.990133642141358 -0.31395259764656636 14
    endloop
  endfacet
  facet normal 0 0 1
    outer loop
      vertex -4.9605735065723895 -0.6266661678215203 14
      vertex -4.9778098230154 0.4705415665925721 14
      vertex -4.9778098230154 -0.4705415665925721 14
    endloop
  endfacet
  facet normal 0 0 1
    outer loop
      vertex -4.990133642141358 -0.31395259764656636 14
      vertex -4.997532801828658 0.15705379539064243 14
      vertex -4.997532801828658 -0.15705379539064243 14
    endloop
  endfacet
  facet normal 0 0 1
    outer loop
      vertex 2.128896457825362 -4.524135262330098 14
      vertex 2.0677014356864047 -1.4052084446303261 14
      vertex 2.0225424859373686 -1.469463130731183 14
    endloop
  endfacet
  facet normal 0 0 1
    outer loop
      vertex 2.128896457825362 -4.524135262330098 14
      vertex 2.1108198137550382 -1.3395669874474905 14
      vertex 2.0677014356864047 -1.4052084446303261 14
    endloop
  endfacet
  facet normal 0 0 1
    outer loop
      vertex 2.2699524986977337 -4.455032620941839 14
      vertex 2.1518550675098584 -1.2726035393759292 14
      vertex 2.1108198137550382 -1.3395669874474905 14
    endloop
  endfacet
  facet normal 0 0 1
    outer loop
      vertex 2.2699524986977337 -4.455032620941839 14
      vertex 2.1907667001096587 -1.2043841852542885 14
      vertex 2.1518550675098584 -1.2726035393759292 14
    endloop
  endfacet
  facet normal 0 0 1
    outer loop
      vertex 2.2699524986977337 -4.455032620941839 14
      vertex 2.2275163104709197 -1.1349762493488669 14
      vertex 2.1907667001096587 -1.2043841852542885 14
    endloop
  endfacet
  facet normal 0 0 1
    outer loop
      vertex 2.2699524986977337 -4.455032620941839 14
      vertex 2.262067631165049 -1.064448228912681 14
      vertex 2.2275163104709197 -1.1349762493488669 14
    endloop
  endfacet
  facet normal 0 0 1
    outer loop
      vertex 2.408768370508577 -4.381533400219317 14
      vertex 2.2943865642099532 -0.9928697265869507 14
      vertex 2.262067631165049 -1.064448228912681 14
    endloop
  endfacet
  facet normal 0 0 1
    outer loop
      vertex 2.408768370508577 -4.381533400219317 14
      vertex 2.324441214720628 -0.9203113817116959 14
      vertex 2.2943865642099532 -0.9928697265869507 14
    endloop
  endfacet
  facet normal 0 0 1
    outer loop
      vertex 2.408768370508577 -4.381533400219317 14
      vertex 2.3522019223855635 -0.846844800613229 14
      vertex 2.324441214720628 -0.9203113817116959 14
    endloop
  endfacet
  facet normal 0 0 1
    outer loop
      vertex 2.408768370508577 -4.381533400219317 14
      vertex 2.3776412907378837 -0.7725424859373685 14
      vertex 2.3522019223855635 -0.846844800613229 14
    endloop
  endfacet
  facet normal 0 0 1
    outer loop
      vertex 2.408768370508577 -4.381533400219317 14
      vertex 2.400734214192358 -0.6974777650980726 14
      vertex 2.3776412907378837 -0.7725424859373685 14
    endloop
  endfacet
  facet normal 0 0 1
    outer loop
      vertex 2.5452070787518584 -4.303710135019717 14
      vertex 2.421457902821578 -0.6217247179121361 14
      vertex 2.400734214192358 -0.6974777650980726 14
    endloop
  endfacet
  facet normal 0 0 1
    outer loop
      vertex 2.5452070787518584 -4.303710135019717 14
      vertex 2.439791904846868 -0.5453581034913573 14
      vertex 2.421457902821578 -0.6217247179121361 14
    endloop
  endfacet
  facet normal 0 0 1
    outer loop
      vertex 2.5452070787518584 -4.303710135019717 14
      vertex 2.4557181268217216 -0.46845328646431206 14
      vertex 2.439791904846868 -0.5453581034913573 14
    endloop
  endfacet
  facet normal 0 0 1
    outer loop
      vertex 2.5452070787518584 -4.303710135019717 14
      vertex 2.4692208514878446 -0.39108616260057716 14
      vertex 2.4557181268217216 -0.46845328646431206 14
    endloop
  endfacet
  facet normal 0 0 1
    outer loop
      vertex 2.5452070787518584 -4.303710135019717 14
      vertex 2.4802867532861947 -0.31333308391076015 14
      vertex 2.4692208514878446 -0.39108616260057716 14
    endloop
  endfacet
  facet normal 0 0 1
    outer loop
      vertex 2.5452070787518584 -4.303710135019717 14
      vertex 2.4889049115077 -0.2352707832962848 14
      vertex 2.4802867532861947 -0.31333308391076015 14
    endloop
  endfacet
  facet normal 0 0 1
    outer loop
      vertex 2.5452070787518584 -4.303710135019717 14
      vertex 2.495066821070679 -0.1569762988232844 14
      vertex 2.4889049115077 -0.2352707832962848 14
    endloop
  endfacet
  facet normal 0 0 1
    outer loop
      vertex 2.5452070787518584 -4.303710135019717 14
      vertex 2.498766400914329 -0.07852689769532122 14
      vertex 2.495066821070679 -0.1569762988232844 14
    endloop
  endfacet
  facet normal 0 0 1
    outer loop
      vertex 2.5452070787518584 -4.303710135019717 14
      vertex 2.5 0 14
      vertex 2.498766400914329 -0.07852689769532122 14
    endloop
  endfacet
  facet normal 0 0 1
    outer loop
      vertex 2.5452070787518584 -4.303710135019717 14
      vertex 2.679133974894981 -4.2216396275100765 14
      vertex 2.5452070787518566 4.303710135019719 14
    endloop
  endfacet
  facet normal 0 0 1
    outer loop
      vertex 2.679133974894981 -4.2216396275100765 14
      vertex 2.8104168892606523 -4.1354028713728095 14
      vertex 2.679133974894983 4.221639627510076 14
    endloop
  endfacet
  facet normal 0 0 1
    outer loop
      vertex 2.8104168892606523 -4.1354028713728095 14
      vertex 2.938926261462366 -4.045084971874737 14
      vertex 2.8104168892606527 4.1354028713728095 14
    endloop
  endfacet
  facet normal 0 0 1
    outer loop
      vertex 2.938926261462366 -4.045084971874737 14
      vertex 3.0645352682648834 -3.950775061878451 14
      vertex 2.938926261462366 4.045084971874737 14
    endloop
  endfacet
  facet normal 0 0 1
    outer loop
      vertex 3.0645352682648834 -3.950775061878451 14
      vertex 3.18711994874345 -3.852566213878945 14
      vertex 3.0645352682648817 3.950775061878452 14
    endloop
  endfacet
  facet normal 0 0 1
    outer loop
      vertex 3.18711994874345 -3.852566213878945 14
      vertex 3.3065593266182574 -3.7505553481522993 14
      vertex 3.1871199487434487 3.8525662138789456 14
    endloop
  endfacet
  facet normal 0.9114032766354446 -0.4115143586051103 -5.135865734382241e-16
    outer loop
      vertex 4.582334244633835 -2 13.19294038924774
      vertex 4.5887731284199065 -1.9857394531739014 13.193211500143995
      vertex 4.524135262330098 -2.128896457825362 14
    endloop
  endfacet
  facet normal 0.9238795325112866 -0.3826834323650899 0
    outer loop
      vertex 4.5887731284199065 -1.9857394531739014 13.193211500143995
      vertex 4.648882429441256 -1.8406227634233918 13.195742418081737
      vertex 4.5887731284199065 -1.9857394531739014 14
    endloop
  endfacet
  facet normal 0.9114032766354457 -0.4115143586051079 0
    outer loop
      vertex 4.5887731284199065 -1.9857394531739014 13.193211500143995
      vertex 4.5887731284199065 -1.9857394531739014 14
      vertex 4.524135262330098 -2.128896457825362 14
    endloop
  endfacet
  facet normal 0.9238795325112866 -0.3826834323650898 0
    outer loop
      vertex 4.5887731284199065 -1.9857394531739014 14
      vertex 4.648882429441256 -1.8406227634233918 13.195742418081737
      vertex 4.648882429441256 -1.8406227634233918 14
    endloop
  endfacet
  facet normal 0.9354440308298675 -0.3534748437792568 0
    outer loop
      vertex 4.648882429441256 -1.8406227634233918 13.195742418081737
      vertex 4.704403844771127 -1.693689601226458 13.1980801618851
      vertex 4.648882429441256 -1.8406227634233918 14
    endloop
  endfacet
  facet normal 0.9460853588275462 -0.3239174181981465 0
    outer loop
      vertex 4.704403844771127 -1.693689601226458 13.1980801618851
      vertex 4.755282581475767 -1.545084971874737 13.20022242448319
      vertex 4.704403844771127 -1.693689601226458 14
    endloop
  endfacet
  facet normal 0.9557930147983286 -0.29404032523230894 0
    outer loop
      vertex 4.755282581475767 -1.545084971874737 13.20022242448319
      vertex 4.801468428384716 -1.3949555301961452 13.202167091721462
      vertex 4.755282581475767 -1.545084971874737 14
    endloop
  endfacet
  facet normal 0.9645574184577984 -0.2638730499653722 0
    outer loop
      vertex 4.801468428384716 -1.3949555301961452 13.202167091721462
      vertex 4.842915805643156 -1.2434494358242723 13.203912244448134
      vertex 4.801468428384716 -1.3949555301961452 14
    endloop
  endfacet
  facet normal 0.9354440308298675 -0.3534748437792568 0
    outer loop
      vertex 4.704403844771127 -1.693689601226458 13.1980801618851
      vertex 4.704403844771127 -1.693689601226458 14
      vertex 4.648882429441256 -1.8406227634233918 14
    endloop
  endfacet
  facet normal 0.9460853588275464 -0.32391741819814657 0
    outer loop
      vertex 4.755282581475767 -1.545084971874737 13.20022242448319
      vertex 4.755282581475767 -1.545084971874737 14
      vertex 4.704403844771127 -1.693689601226458 14
    endloop
  endfacet
  facet normal 0.9557930147983285 -0.29404032523230894 0
    outer loop
      vertex 4.801468428384716 -1.3949555301961452 13.202167091721462
      vertex 4.801468428384716 -1.3949555301961452 14
      vertex 4.755282581475767 -1.545084971874737 14
    endloop
  endfacet
  facet normal 0.9645574184577982 -0.26387304996537214 0
    outer loop
      vertex 4.801468428384716 -1.3949555301961452 14
      vertex 4.842915805643156 -1.2434494358242723 13.203912244448134
      vertex 4.842915805643156 -1.2434494358242723 14
    endloop
  endfacet
  facet normal 0 0 1
    outer loop
      vertex 3.3065593266182574 -3.7505553481522993 14
      vertex 3.4227355296434423 -3.6448431371070584 14
      vertex 3.306559326618259 3.750555348152298 14
    endloop
  endfacet
  facet normal 0 0 1
    outer loop
      vertex 3.4227355296434423 -3.6448431371070584 14
      vertex 3.5355339059327378 -3.5355339059327378 14
      vertex 3.4227355296434436 3.644843137107058 14
    endloop
  endfacet
  facet normal 0 0 1
    outer loop
      vertex 3.5355339059327378 -3.5355339059327378 14
      vertex 3.6448431371070584 -3.4227355296434423 14
      vertex 3.5355339059327378 3.5355339059327378 14
    endloop
  endfacet
  facet normal 0 0 1
    outer loop
      vertex 3.6448431371070584 -3.4227355296434423 14
      vertex 3.7505553481522993 -3.3065593266182574 14
      vertex 3.644843137107058 3.4227355296434436 14
    endloop
  endfacet
  facet normal 0.9723699203976773 -0.23344536385590212 0
    outer loop
      vertex 4.842915805643156 -1.2434494358242723 13.203912244448134
      vertex 4.879583809693736 -1.0907162069827145 13.205456160408158
      vertex 4.842915805643156 -1.2434494358242723 14
    endloop
  endfacet
  facet normal 0.9792228106217653 -0.202787295356515 0
    outer loop
      vertex 4.879583809693736 -1.0907162069827145 13.205456160408158
      vertex 4.911436253643443 -0.9369065729286241 13.206797315942882
      vertex 4.879583809693736 -1.0907162069827145 14
    endloop
  endfacet
  facet normal 0.9851093261547733 -0.1719291002794134 0
    outer loop
      vertex 4.911436253643443 -0.9369065729286241 13.206797315942882
      vertex 4.938441702975689 -0.7821723252011543 13.207934387493713
      vertex 4.911436253643443 -0.9369065729286241 14
    endloop
  endfacet
  facet normal 0.9900236577165579 -0.1409012319375798 0
    outer loop
      vertex 4.938441702975689 -0.7821723252011543 13.207934387493713
      vertex 4.9605735065723895 -0.6266661678215203 13.208866252908312
      vertex 4.938441702975689 -0.7821723252011543 14
    endloop
  endfacet
  facet normal 0.9723699203976774 -0.23344536385590212 0
    outer loop
      vertex 4.879583809693736 -1.0907162069827145 13.205456160408158
      vertex 4.879583809693736 -1.0907162069827145 14
      vertex 4.842915805643156 -1.2434494358242723 14
    endloop
  endfacet
  facet normal 0.9792228106217653 -0.20278729535651496 0
    outer loop
      vertex 4.911436253643443 -0.9369065729286241 13.206797315942882
      vertex 4.911436253643443 -0.9369065729286241 14
      vertex 4.879583809693736 -1.0907162069827145 14
    endloop
  endfacet
  facet normal 0 0 1
    outer loop
      vertex 3.7505553481522993 -3.3065593266182574 14
      vertex 3.852566213878945 -3.18711994874345 14
      vertex 3.750555348152298 3.306559326618259 14
    endloop
  endfacet
  facet normal 0 0 1
    outer loop
      vertex 3.852566213878945 -3.18711994874345 14
      vertex 3.950775061878451 -3.0645352682648834 14
      vertex 3.8525662138789456 3.1871199487434487 14
    endloop
  endfacet
  facet normal 0 0 1
    outer loop
      vertex 3.950775061878451 -3.0645352682648834 14
      vertex 4.045084971874737 -2.938926261462366 14
      vertex 3.950775061878452 3.0645352682648817 14
    endloop
  endfacet
  facet normal 0.9851093261547733 -0.1719291002794134 0
    outer loop
      vertex 4.938441702975689 -0.7821723252011543 13.207934387493713
      vertex 4.938441702975689 -0.7821723252011543 14
      vertex 4.911436253643443 -0.9369065729286241 14
    endloop
  endfacet
  facet normal 0.990023657716558 -0.1409012319375798 0
    outer loop
      vertex 4.9605735065723895 -0.6266661678215203 13.208866252908312
      vertex 4.9605735065723895 -0.6266661678215203 14
      vertex 4.938441702975689 -0.7821723252011543 14
    endloop
  endfacet
  facet normal 0 0 1
    outer loop
      vertex 4.045084971874737 -2.938926261462366 14
      vertex 4.1354028713728095 -2.8104168892606523 14
      vertex 4.045084971874737 2.938926261462366 14
    endloop
  endfacet
  facet normal 0 0 1
    outer loop
      vertex 4.1354028713728095 -2.8104168892606523 14
      vertex 4.2216396275100765 -2.679133974894981 14
      vertex 4.1354028713728095 2.8104168892606527 14
    endloop
  endfacet
  facet normal 0 0 1
    outer loop
      vertex 4.2216396275100765 -2.679133974894981 14
      vertex 4.303710135019717 -2.5452070787518584 14
      vertex 4.221639627510076 2.679133974894983 14
    endloop
  endfacet
  facet normal 0 0 1
    outer loop
      vertex 4.303710135019717 -2.5452070787518584 14
      vertex 4.381533400219317 -2.408768370508577 14
      vertex 4.303710135019719 2.5452070787518566 14
    endloop
  endfacet
  facet normal 0 0 1
    outer loop
      vertex 4.381533400219317 -2.408768370508577 14
      vertex 4.455032620941839 -2.2699524986977337 14
      vertex 4.381533400219318 2.4087683705085765 14
    endloop
  endfacet
  facet normal 0 0 1
    outer loop
      vertex 4.455032620941839 -2.2699524986977337 14
      vertex 4.524135262330098 -2.128896457825362 14
      vertex 4.455032620941839 2.2699524986977337 14
    endloop
  endfacet
  facet normal 0 0 1
    outer loop
      vertex 4.524135262330098 -2.128896457825362 14
      vertex 4.5887731284199065 -1.9857394531739014 14
      vertex 4.524135262330098 2.1288964578253635 14
    endloop
  endfacet
  facet normal 0.9939609554551797 -0.1097343110910447 0
    outer loop
      vertex 4.9605735065723895 -0.6266661678215203 13.208866252908312
      vertex 4.9778098230154 -0.4705415665925696 13.209591992548017
      vertex 4.9605735065723895 -0.6266661678215203 14
    endloop
  endfacet
  facet normal 0.9969173337331279 -0.0784590957278459 0
    outer loop
      vertex 4.9778098230154 -0.4705415665925696 13.209591992548017
      vertex 4.990133642141358 -0.3139525976465688 13.210110890195425
      vertex 4.9778098230154 -0.4705415665925696 14
    endloop
  endfacet
  facet normal 0.9988898749619699 -0.04710645070964383 0
    outer loop
      vertex 4.990133642141358 -0.3139525976465688 13.210110890195425
      vertex 4.997532801828658 -0.15705379539064243 13.210422433761206
      vertex 4.990133642141358 -0.3139525976465688 14
    endloop
  endfacet
  facet normal 0.9998766324816606 -0.015707317311817796 0
    outer loop
      vertex 4.997532801828658 -0.15705379539064243 13.210422433761206
      vertex 5 0 13.210526315789474
      vertex 4.997532801828658 -0.15705379539064243 14
    endloop
  endfacet
  facet normal 0.9939609554551797 -0.1097343110910447 0
    outer loop
      vertex 4.9605735065723895 -0.6266661678215203 14
      vertex 4.9778098230154 -0.4705415665925696 13.209591992548017
      vertex 4.9778098230154 -0.4705415665925696 14
    endloop
  endfacet
  facet normal 0.9969173337331279 -0.07845909572784589 0
    outer loop
      vertex 4.990133642141358 -0.3139525976465688 13.210110890195425
      vertex 4.990133642141358 -0.3139525976465688 14
      vertex 4.9778098230154 -0.4705415665925696 14
    endloop
  endfacet
  facet normal 0 0 1
    outer loop
      vertex 4.5887731284199065 -1.9857394531739014 14
      vertex 4.648882429441256 -1.8406227634233918 14
      vertex 4.588773128419906 1.9857394531739028 14
    endloop
  endfacet
  facet normal 0 0 1
    outer loop
      vertex 4.648882429441256 -1.8406227634233918 14
      vertex 4.704403844771127 -1.693689601226458 14
      vertex 4.648882429441256 1.8406227634233898 14
    endloop
  endfacet
  facet normal 0 0 1
    outer loop
      vertex 4.704403844771127 -1.693689601226458 14
      vertex 4.755282581475767 -1.545084971874737 14
      vertex 4.704403844771127 1.693689601226457 14
    endloop
  endfacet
  facet normal 0 0 1
    outer loop
      vertex 4.755282581475767 -1.545084971874737 14
      vertex 4.801468428384716 -1.3949555301961452 14
      vertex 4.755282581475767 1.545084971874737 14
    endloop
  endfacet
  facet normal 0 0 1
    outer loop
      vertex 4.801468428384716 -1.3949555301961452 14
      vertex 4.842915805643156 -1.2434494358242723 14
      vertex 4.801468428384715 1.3949555301961465 14
    endloop
  endfacet
  facet normal 0 0 1
    outer loop
      vertex 4.842915805643156 -1.2434494358242723 14
      vertex 4.879583809693736 -1.0907162069827145 14
      vertex 4.842915805643155 1.243449435824274 14
    endloop
  endfacet
  facet normal 0.9988898749619699 -0.047106450709643824 0
    outer loop
      vertex 4.997532801828658 -0.15705379539064243 13.210422433761206
      vertex 4.997532801828658 -0.15705379539064243 14
      vertex 4.990133642141358 -0.3139525976465688 14
    endloop
  endfacet
  facet normal 0.9998766324816606 -0.015707317311817796 0
    outer loop
      vertex 4.997532801828658 -0.15705379539064243 14
      vertex 5 0 13.210526315789474
      vertex 5 0 14
    endloop
  endfacet
  facet normal 0 0 1
    outer loop
      vertex 4.879583809693736 -1.0907162069827145 14
      vertex 4.911436253643443 -0.9369065729286241 14
      vertex 4.879583809693737 1.0907162069827128 14
    endloop
  endfacet
  facet normal 0 0 1
    outer loop
      vertex 4.911436253643443 -0.9369065729286241 14
      vertex 4.938441702975689 -0.7821723252011543 14
      vertex 4.911436253643443 0.9369065729286231 14
    endloop
  endfacet
  facet normal 0 0 1
    outer loop
      vertex 4.938441702975689 -0.7821723252011543 14
      vertex 4.9605735065723895 -0.6266661678215203 14
      vertex 4.938441702975689 0.7821723252011543 14
    endloop
  endfacet
  facet normal 0 0 1
    outer loop
      vertex 4.9605735065723895 -0.6266661678215203 14
      vertex 4.9778098230154 -0.4705415665925696 14
      vertex 4.9605735065723895 0.6266661678215213 14
    endloop
  endfacet
  facet normal 0 0 1
    outer loop
      vertex 4.9778098230154 -0.4705415665925696 14
      vertex 4.990133642141358 -0.3139525976465688 14
      vertex 4.9778098230154 0.4705415665925716 14
    endloop
  endfacet
  facet normal 0 0 1
    outer loop
      vertex 4.990133642141358 -0.3139525976465688 14
      vertex 4.997532801828658 -0.15705379539064243 14
      vertex 4.990133642141358 0.31395259764656686 14
    endloop
  endfacet
  facet normal 0 0 -1
    outer loop
      vertex -4.524135262330098 1.436222804524074 0
      vertex -4.51289338654811 2.1518439813632346 0
      vertex -4.461967928240828 1.8284734370810598 0
    endloop
  endfacet
  facet normal 0 0 -1
    outer loop
      vertex -3.6448431371070584 0.8337815361563488 0
      vertex -3.603502436354283 3.4653958234674667 0
      vertex -3.5632899102525983 1.7686771232278384 0
    endloop
  endfacet
  facet normal 0 0 -1
    outer loop
      vertex -2.1631189606246317 2.345642259691426 0
      vertex -2.2275163104709197 1.1349762493488669 0
      vertex -2.2506126779386655 1.0878306976292307 0
    endloop
  endfacet
  facet normal 0 0 -1
    outer loop
      vertex -2.1631189606246317 2.345642259691426 0
      vertex -2.213988451402521 1.160525929084975 0
      vertex -2.2275163104709197 1.1349762493488669 0
    endloop
  endfacet
  facet normal 0 0 -1
    outer loop
      vertex -2.1631189606246317 2.345642259691426 0
      vertex -2.1576868084974024 1.2623794090325269 0
      vertex -2.1631189606246317 1.252855832537513 0
    endloop
  endfacet
  facet normal 0 0 -1
    outer loop
      vertex -3.0645352682648825 0.9815161005139272 0
      vertex -3.0173336858873805 3.986215012396516 0
      vertex -2.980455040955508 1.4014982048698277 0
    endloop
  endfacet
  facet normal 0 0 -1
    outer loop
      vertex -2.6791339748949836 -0.0012370177024978446 0
      vertex -2.6121509053071383 4.2626869053455385 0
      vertex -2.576871868792745 2.2880327914101968 0
    endloop
  endfacet
  facet normal 0 0 -1
    outer loop
      vertex -2.1631189606246317 2.345642259691426 0
      vertex -2.2506126779386655 1.0878306976292307 0
      vertex -2.1971562113597467 4.490695154125123 0
    endloop
  endfacet
  facet normal 0 0 -1
    outer loop
      vertex -1.77391277769071 4.674090032470651 0
      vertex -1.7677669529663689 1.7677669529663689 0
      vertex -1.8204225324843886 1.7134306100207986 0
    endloop
  endfacet
  facet normal 0 0 -1
    outer loop
      vertex -1.77391277769071 4.674090032470651 0
      vertex -1.7418233311147469 1.7929080715867725 0
      vertex -1.7677669529663689 1.7677669529663689 0
    endloop
  endfacet
  facet normal 0 0 -1
    outer loop
      vertex -0.6587581932295999 2.917699751778033 0
      vertex -0.6974777650980734 2.4007342141923576 0
      vertex -0.7306816739252248 2.390519358047401 0
    endloop
  endfacet
  facet normal 0 0 -1
    outer loop
      vertex -0.6587581932295999 2.917699751778033 0
      vertex -0.6753297090509942 2.4067932366912888 0
      vertex -0.6974777650980734 2.4007342141923576 0
    endloop
  endfacet
  facet normal 0 0 -1
    outer loop
      vertex -0.6587581932295999 2.917699751778033 0
      vertex -0.6566887304897023 2.4118928313584176 0
      vertex -0.6587581932295998 2.4113266904169697 0
    endloop
  endfacet
  facet normal 0 0 -1
    outer loop
      vertex -1.095041255281616 4.604265329613509 0
      vertex -1.1445650555676068 2.222439298919265 0
      vertex -1.1689420860904172 2.2095323256489667 0
    endloop
  endfacet
  facet normal 0 0 -1
    outer loop
      vertex -0.6587581932295999 2.917699751778033 0
      vertex -0.7306816739252248 2.390519358047401 0
      vertex -0.6904506437701888 4.951495631342227 0
    endloop
  endfacet
  facet normal 0 0 -1
    outer loop
      vertex -1.095041255281616 4.604265329613509 0
      vertex -1.1689420860904172 2.2095323256489667 0
      vertex -1.1271349172555252 4.870840450924142 0
    endloop
  endfacet
  facet normal -0.9998766324816606 0.015707317311817796 0
    outer loop
      vertex -5 0 4
      vertex -5 0 14
      vertex -4.997532801828658 0.15705379539064243 4
    endloop
  endfacet
  facet normal -0.9988898749619699 0.047106450709644566 0
    outer loop
      vertex -4.997532801828658 0.15705379539064243 4
      vertex -4.997532801828658 0.15705379539064243 14
      vertex -4.990133642141358 0.31395259764656636 4
    endloop
  endfacet
  facet normal -0.9969173337331281 0.07845909572784344 0
    outer loop
      vertex -4.990133642141358 0.31395259764656636 4
      vertex -4.990133642141358 0.31395259764656636 14
      vertex -4.9778098230154 0.4705415665925721 4
    endloop
  endfacet
  facet normal -0.9939609554551795 0.10973431109104645 0
    outer loop
      vertex -4.9778098230154 0.4705415665925721 4
      vertex -4.9778098230154 0.4705415665925721 14
      vertex -4.9605735065723895 0.6266661678215203 4
    endloop
  endfacet
  facet normal -0.990023657716558 0.1409012319375798 0
    outer loop
      vertex -4.9605735065723895 0.6266661678215203 4
      vertex -4.9605735065723895 0.6266661678215203 14
      vertex -4.938441702975689 0.7821723252011543 4
    endloop
  endfacet
  facet normal -0.9851093261547732 0.1719291002794134 0
    outer loop
      vertex -4.938441702975689 0.7821723252011543 4
      vertex -4.938441702975689 0.7821723252011543 14
      vertex -4.911436253643443 0.9369065729286241 4
    endloop
  endfacet
  facet normal -0.9792228106217659 0.20278729535651235 0
    outer loop
      vertex -4.911436253643443 0.9369065729286241 4
      vertex -4.911436253643443 0.9369065729286241 14
      vertex -4.879583809693737 1.0907162069827123 4
    endloop
  endfacet
  facet normal -0.9723699203976762 0.2334453638559067 0
    outer loop
      vertex -4.879583809693737 1.0907162069827123 4
      vertex -4.879583809693737 1.0907162069827123 14
      vertex -4.842915805643155 1.2434494358242743 4
    endloop
  endfacet
  facet normal -0.9645574184577989 0.26387304996537014 0
    outer loop
      vertex -4.842915805643155 1.2434494358242743 4
      vertex -4.842915805643155 1.2434494358242743 14
      vertex -4.801468428384716 1.3949555301961452 4
    endloop
  endfacet
  facet normal -0.9557930147983286 0.29404032523230894 0
    outer loop
      vertex -4.801468428384716 1.3949555301961452 4
      vertex -4.801468428384716 1.3949555301961452 14
      vertex -4.755282581475767 1.545084971874737 4
    endloop
  endfacet
  facet normal -0.9460853588275463 0.32391741819814657 0
    outer loop
      vertex -4.755282581475767 1.545084971874737 4
      vertex -4.755282581475767 1.545084971874737 14
      vertex -4.704403844771127 1.693689601226458 4
    endloop
  endfacet
  facet normal -0.9354440308298673 0.3534748437792569 0
    outer loop
      vertex -4.704403844771127 1.693689601226458 4
      vertex -4.704403844771127 1.693689601226458 14
      vertex -4.648882429441257 1.8406227634233894 4
    endloop
  endfacet
  facet normal -0.923879532511287 0.382683432365089 0
    outer loop
      vertex -4.648882429441257 1.8406227634233894 4
      vertex -4.648882429441257 1.8406227634233894 14
      vertex -4.588773128419906 1.9857394531739037 4
    endloop
  endfacet
  facet normal -0.9114032766354454 0.41151435860510843 0
    outer loop
      vertex -4.588773128419906 1.9857394531739037 4
      vertex -4.588773128419906 1.9857394531739037 14
      vertex -4.524135262330098 2.128896457825362 4
    endloop
  endfacet
  facet normal -0.8980275757606151 0.4399391698559162 0
    outer loop
      vertex -4.524135262330098 2.128896457825362 4
      vertex -4.524135262330098 2.128896457825362 14
      vertex -4.455032620941839 2.2699524986977337 4
    endloop
  endfacet
  facet normal -0.8837656300886928 0.46792981426057445 0
    outer loop
      vertex -4.455032620941839 2.2699524986977337 4
      vertex -4.455032620941839 2.2699524986977337 14
      vertex -4.381533400219317 2.408768370508577 4
    endloop
  endfacet
  facet normal -0.8686315144381926 0.49545866843240505 0
    outer loop
      vertex -4.381533400219317 2.408768370508577 4
      vertex -4.381533400219317 2.408768370508577 14
      vertex -4.303710135019719 2.545207078751856 4
    endloop
  endfacet
  facet normal 0.9114032766354474 0.41151435860510405 0
    outer loop
      vertex 4.582334244633835 2 4
      vertex 4.524135262330098 2.1288964578253635 4
      vertex 4.524135262330098 2.1288964578253635 14
    endloop
  endfacet
  facet normal 0.8980275757606135 0.4399391698559196 0
    outer loop
      vertex 4.524135262330098 2.1288964578253635 4
      vertex 4.455032620941839 2.2699524986977337 4
      vertex 4.455032620941839 2.2699524986977337 14
    endloop
  endfacet
  facet normal 0.8837656300886946 0.4679298142605713 0
    outer loop
      vertex 4.455032620941839 2.2699524986977337 4
      vertex 4.381533400219318 2.4087683705085765 4
      vertex 4.381533400219318 2.4087683705085765 14
    endloop
  endfacet
  facet normal 0.8686315144381916 0.4954586684324069 0
    outer loop
      vertex 4.381533400219318 2.4087683705085765 4
      vertex 4.303710135019719 2.5452070787518566 4
      vertex 4.303710135019719 2.5452070787518566 14
    endloop
  endfacet
  facet normal -0.8526401643540904 0.5224985647159517 0
    outer loop
      vertex -4.303710135019719 2.545207078751856 4
      vertex -4.303710135019719 2.545207078751856 14
      vertex -4.221639627510075 2.6791339748949836 4
    endloop
  endfacet
  facet normal -0.8358073613682708 0.5490228179981308 0
    outer loop
      vertex -4.221639627510075 2.6791339748949836 4
      vertex -4.221639627510075 2.6791339748949836 14
      vertex -4.1354028713728095 2.8104168892606523 4
    endloop
  endfacet
  facet normal -0.8181497174250248 0.5750052520432765 0
    outer loop
      vertex -4.1354028713728095 2.8104168892606523 4
      vertex -4.1354028713728095 2.8104168892606523 14
      vertex -4.045084971874737 2.938926261462366 4
    endloop
  endfacet
  facet normal -0.799684658487089 0.600420225325886 0
    outer loop
      vertex -4.045084971874737 2.938926261462366 4
      vertex -4.045084971874737 2.938926261462366 14
      vertex -3.950775061878451 3.0645352682648834 4
    endloop
  endfacet
  facet normal -0.7804304073383318 0.6252426563357026 0
    outer loop
      vertex -3.950775061878451 3.0645352682648834 4
      vertex -3.950775061878451 3.0645352682648834 14
      vertex -3.852566213878947 3.1871199487434483 4
    endloop
  endfacet
  facet normal -0.760405965600029 0.6494480483301858 0
    outer loop
      vertex -3.852566213878947 3.1871199487434483 4
      vertex -3.852566213878947 3.1871199487434483 14
      vertex -3.7505553481522975 3.3065593266182596 4
    endloop
  endfacet
  facet normal -0.7396310949786092 0.6730125135097739 0
    outer loop
      vertex -3.7505553481522975 3.3065593266182596 4
      vertex -3.7505553481522975 3.3065593266182596 14
      vertex -3.6448431371070584 3.4227355296434423 4
    endloop
  endfacet
  facet normal -0.7181262977631905 0.6959127965923129 0
    outer loop
      vertex -3.6448431371070584 3.4227355296434423 4
      vertex -3.6448431371070584 3.4227355296434423 14
      vertex -3.5355339059327378 3.5355339059327378 4
    endloop
  endfacet
  facet normal -0.6959127965923129 0.7181262977631905 0
    outer loop
      vertex -3.5355339059327378 3.5355339059327378 4
      vertex -3.5355339059327378 3.5355339059327378 14
      vertex -3.4227355296434423 3.6448431371070584 4
    endloop
  endfacet
  facet normal -0.6730125135097739 0.7396310949786092 0
    outer loop
      vertex -3.4227355296434423 3.6448431371070584 4
      vertex -3.4227355296434423 3.6448431371070584 14
      vertex -3.3065593266182596 3.7505553481522975 4
    endloop
  endfacet
  facet normal -0.6494480483301858 0.760405965600029 0
    outer loop
      vertex -3.3065593266182596 3.7505553481522975 4
      vertex -3.3065593266182596 3.7505553481522975 14
      vertex -3.1871199487434483 3.852566213878947 4
    endloop
  endfacet
  facet normal -0.6252426563357004 0.7804304073383334 0
    outer loop
      vertex -3.1871199487434483 3.852566213878947 4
      vertex -3.1871199487434483 3.852566213878947 14
      vertex -3.0645352682648817 3.950775061878452 4
    endloop
  endfacet
  facet normal -0.6004202253258878 0.7996846584870877 0
    outer loop
      vertex -3.0645352682648817 3.950775061878452 4
      vertex -3.0645352682648817 3.950775061878452 14
      vertex -2.938926261462366 4.045084971874737 4
    endloop
  endfacet
  facet normal -0.5750052520432779 0.818149717425024 0
    outer loop
      vertex -2.938926261462366 4.045084971874737 4
      vertex -2.938926261462366 4.045084971874737 14
      vertex -2.8104168892606527 4.1354028713728095 4
    endloop
  endfacet
  facet normal -0.5490228179981295 0.8358073613682717 0
    outer loop
      vertex -2.8104168892606527 4.1354028713728095 4
      vertex -2.8104168892606527 4.1354028713728095 14
      vertex -2.6791339748949836 4.221639627510075 4
    endloop
  endfacet
  facet normal -0.5224985647159517 0.8526401643540904 0
    outer loop
      vertex -2.6791339748949836 4.221639627510075 4
      vertex -2.6791339748949836 4.221639627510075 14
      vertex -2.545207078751856 4.303710135019719 4
    endloop
  endfacet
  facet normal -0.4954586684324069 0.8686315144381916 0
    outer loop
      vertex -2.545207078751856 4.303710135019719 4
      vertex -2.545207078751856 4.303710135019719 14
      vertex -2.408768370508576 4.381533400219318 4
    endloop
  endfacet
  facet normal -0.4679298142605724 0.8837656300886939 0
    outer loop
      vertex -2.408768370508576 4.381533400219318 4
      vertex -2.408768370508576 4.381533400219318 14
      vertex -2.2699524986977337 4.455032620941839 4
    endloop
  endfacet
  facet normal -0.43993916985591497 0.8980275757606156 0
    outer loop
      vertex -2.2699524986977337 4.455032620941839 4
      vertex -2.2699524986977337 4.455032620941839 14
      vertex -2.1288964578253635 4.524135262330097 4
    endloop
  endfacet
  facet normal -0.41151435860510993 0.9114032766354446 0
    outer loop
      vertex -2.1288964578253635 4.524135262330097 4
      vertex -2.1288964578253635 4.524135262330097 14
      vertex -1.9857394531739037 4.588773128419906 4
    endloop
  endfacet
  facet normal -0.382683432365089 0.923879532511287 0
    outer loop
      vertex -1.9857394531739037 4.588773128419906 4
      vertex -1.9857394531739037 4.588773128419906 14
      vertex -1.8406227634233894 4.648882429441257 4
    endloop
  endfacet
  facet normal -0.35347484377925414 0.9354440308298684 0
    outer loop
      vertex -1.8406227634233894 4.648882429441257 4
      vertex -1.8406227634233894 4.648882429441257 14
      vertex -1.6936896012264566 4.704403844771127 4
    endloop
  endfacet
  facet normal -0.3239174181981492 0.9460853588275455 0
    outer loop
      vertex -1.6936896012264566 4.704403844771127 4
      vertex -1.6936896012264566 4.704403844771127 14
      vertex -1.545084971874737 4.755282581475767 4
    endloop
  endfacet
  facet normal -0.29404032523230655 0.9557930147983293 0
    outer loop
      vertex -1.545084971874737 4.755282581475767 4
      vertex -1.545084971874737 4.755282581475767 14
      vertex -1.3949555301961467 4.801468428384715 4
    endloop
  endfacet
  facet normal -0.2638730499653729 0.9645574184577981 0
    outer loop
      vertex -1.3949555301961467 4.801468428384715 4
      vertex -1.3949555301961467 4.801468428384715 14
      vertex -1.2434494358242743 4.842915805643155 4
    endloop
  endfacet
  facet normal -0.2334453638559067 0.9723699203976762 0
    outer loop
      vertex -1.2434494358242743 4.842915805643155 4
      vertex -1.2434494358242743 4.842915805643155 14
      vertex -1.0907162069827123 4.879583809693737 4
    endloop
  endfacet
  facet normal -0.2027872953565108 0.9792228106217661 0
    outer loop
      vertex -1.0907162069827123 4.879583809693737 4
      vertex -1.0907162069827123 4.879583809693737 14
      vertex -0.9369065729286229 4.911436253643443 4
    endloop
  endfacet
  facet normal -0.17192910027941471 0.985109326154773 0
    outer loop
      vertex -0.9369065729286229 4.911436253643443 4
      vertex -0.9369065729286229 4.911436253643443 14
      vertex -0.7821723252011543 4.938441702975689 4
    endloop
  endfacet
  facet normal -0.14090123193758078 0.9900236577165578 0
    outer loop
      vertex -0.7821723252011543 4.938441702975689 4
      vertex -0.7821723252011543 4.938441702975689 14
      vertex -0.6266661678215214 4.9605735065723895 4
    endloop
  endfacet
  facet normal -0.10973431109104567 0.9939609554551796 0
    outer loop
      vertex -0.6266661678215214 4.9605735065723895 4
      vertex -0.6266661678215214 4.9605735065723895 14
      vertex -0.4705415665925721 4.9778098230154 4
    endloop
  endfacet
  facet normal -0.07845909572784344 0.9969173337331281 0
    outer loop
      vertex -0.4705415665925721 4.9778098230154 4
      vertex -0.4705415665925721 4.9778098230154 14
      vertex -0.31395259764656636 4.990133642141358 4
    endloop
  endfacet
  facet normal -0.04710645070964421 0.9988898749619699 0
    outer loop
      vertex -0.31395259764656636 4.990133642141358 4
      vertex -0.31395259764656636 4.990133642141358 14
      vertex -0.15705379539064124 4.997532801828658 4
    endloop
  endfacet
  facet normal -0.015707317311817917 0.9998766324816606 0
    outer loop
      vertex -0.15705379539064124 4.997532801828658 4
      vertex -0.15705379539064124 4.997532801828658 14
      vertex 0 5 4
    endloop
  endfacet
  facet normal 0.015707317311817917 0.9998766324816606 0
    outer loop
      vertex 0.15705379539064124 4.997532801828658 4
      vertex 0 5 4
      vertex 0 5 14
    endloop
  endfacet
  facet normal 0.7396310949786116 0.6730125135097713 0
    outer loop
      vertex 3.750555348152298 3.306559326618259 4
      vertex 3.644843137107058 3.4227355296434436 4
      vertex 3.644843137107058 3.4227355296434436 14
    endloop
  endfacet
  facet normal 0.7181262977631877 0.6959127965923155 0
    outer loop
      vertex 3.644843137107058 3.4227355296434436 4
      vertex 3.5355339059327378 3.5355339059327378 4
      vertex 3.5355339059327378 3.5355339059327378 14
    endloop
  endfacet
  facet normal 0.6959127965923155 0.7181262977631877 0
    outer loop
      vertex 3.5355339059327378 3.5355339059327378 4
      vertex 3.4227355296434436 3.644843137107058 4
      vertex 3.4227355296434436 3.644843137107058 14
    endloop
  endfacet
  facet normal 0.6730125135097713 0.7396310949786116 0
    outer loop
      vertex 3.4227355296434436 3.644843137107058 4
      vertex 3.306559326618259 3.750555348152298 4
      vertex 3.306559326618259 3.750555348152298 14
    endloop
  endfacet
  facet normal 0.8526401643540914 0.5224985647159501 0
    outer loop
      vertex 4.303710135019719 2.5452070787518566 4
      vertex 4.221639627510076 2.679133974894983 4
      vertex 4.221639627510076 2.679133974894983 14
    endloop
  endfacet
  facet normal 0.83580736136827 0.5490228179981322 0
    outer loop
      vertex 4.221639627510076 2.679133974894983 4
      vertex 4.1354028713728095 2.8104168892606527 4
      vertex 4.1354028713728095 2.8104168892606527 14
    endloop
  endfacet
  facet normal 0.818149717425024 0.5750052520432779 0
    outer loop
      vertex 4.1354028713728095 2.8104168892606527 4
      vertex 4.045084971874737 2.938926261462366 4
      vertex 4.045084971874737 2.938926261462366 14
    endloop
  endfacet
  facet normal 0.7996846584870877 0.6004202253258878 0
    outer loop
      vertex 4.045084971874737 2.938926261462366 4
      vertex 3.950775061878452 3.0645352682648817 4
      vertex 3.950775061878452 3.0645352682648817 14
    endloop
  endfacet
  facet normal 0.7804304073383305 0.6252426563357043 0
    outer loop
      vertex 3.950775061878452 3.0645352682648817 4
      vertex 3.8525662138789456 3.1871199487434487 4
      vertex 3.8525662138789456 3.1871199487434487 14
    endloop
  endfacet
  facet normal 0.7604059656000324 0.6494480483301821 0
    outer loop
      vertex 3.750555348152298 3.306559326618259 4
      vertex 3.750555348152298 3.306559326618259 14
      vertex 3.8525662138789456 3.1871199487434487 4
    endloop
  endfacet
  facet normal 0.6494480483301821 0.7604059656000324 0
    outer loop
      vertex 3.306559326618259 3.750555348152298 4
      vertex 3.1871199487434487 3.8525662138789456 4
      vertex 3.1871199487434487 3.8525662138789456 14
    endloop
  endfacet
  facet normal 0.6252426563357043 0.7804304073383305 0
    outer loop
      vertex 3.1871199487434487 3.8525662138789456 4
      vertex 3.0645352682648817 3.950775061878452 4
      vertex 3.0645352682648817 3.950775061878452 14
    endloop
  endfacet
  facet normal 0.6004202253258878 0.7996846584870877 0
    outer loop
      vertex 3.0645352682648817 3.950775061878452 4
      vertex 2.938926261462366 4.045084971874737 4
      vertex 2.938926261462366 4.045084971874737 14
    endloop
  endfacet
  facet normal 0.5750052520432779 0.818149717425024 0
    outer loop
      vertex 2.938926261462366 4.045084971874737 4
      vertex 2.8104168892606527 4.1354028713728095 4
      vertex 2.8104168892606527 4.1354028713728095 14
    endloop
  endfacet
  facet normal 0.5490228179981322 0.83580736136827 0
    outer loop
      vertex 2.8104168892606527 4.1354028713728095 4
      vertex 2.679133974894983 4.221639627510076 4
      vertex 2.679133974894983 4.221639627510076 14
    endloop
  endfacet
  facet normal 0.5224985647159501 0.8526401643540914 0
    outer loop
      vertex 2.679133974894983 4.221639627510076 4
      vertex 2.5452070787518566 4.303710135019719 4
      vertex 2.5452070787518566 4.303710135019719 14
    endloop
  endfacet
  facet normal 0.49545866843240566 0.8686315144381923 0
    outer loop
      vertex 2.5452070787518566 4.303710135019719 4
      vertex 2.408768370508576 4.381533400219318 4
      vertex 2.408768370508576 4.381533400219318 14
    endloop
  endfacet
  facet normal 0.35347484377925414 0.9354440308298684 0
    outer loop
      vertex 1.8406227634233894 4.648882429441257 4
      vertex 1.6936896012264566 4.704403844771127 4
      vertex 1.6936896012264566 4.704403844771127 14
    endloop
  endfacet
  facet normal 0.382683432365089 0.923879532511287 0
    outer loop
      vertex 1.8406227634233894 4.648882429441257 4
      vertex 1.8406227634233894 4.648882429441257 14
      vertex 1.9857394531739037 4.588773128419906 4
    endloop
  endfacet
  facet normal 0.04710645070964421 0.9988898749619699 0
    outer loop
      vertex 0.15705379539064124 4.997532801828658 4
      vertex 0.15705379539064124 4.997532801828658 14
      vertex 0.31395259764656636 4.990133642141358 4
    endloop
  endfacet
  facet normal 0.07845909572784344 0.9969173337331281 0
    outer loop
      vertex 0.31395259764656636 4.990133642141358 4
      vertex 0.31395259764656636 4.990133642141358 14
      vertex 0.4705415665925721 4.9778098230154 4
    endloop
  endfacet
  facet normal 0.10973431109104567 0.9939609554551796 0
    outer loop
      vertex 0.6266661678215214 4.9605735065723895 4
      vertex 0.4705415665925721 4.9778098230154 4
      vertex 0.4705415665925721 4.9778098230154 14
    endloop
  endfacet
  facet normal 0.2027872953565108 0.9792228106217661 0
    outer loop
      vertex 0.9369065729286229 4.911436253643443 4
      vertex 0.9369065729286229 4.911436253643443 14
      vertex 1.0907162069827123 4.879583809693737 4
    endloop
  endfacet
  facet normal 0.14090123193758078 0.9900236577165578 0
    outer loop
      vertex 0.6266661678215214 4.9605735065723895 4
      vertex 0.6266661678215214 4.9605735065723895 14
      vertex 0.7821723252011543 4.938441702975689 4
    endloop
  endfacet
  facet normal 0.17192910027941471 0.985109326154773 0
    outer loop
      vertex 0.9369065729286229 4.911436253643443 4
      vertex 0.7821723252011543 4.938441702975689 4
      vertex 0.7821723252011543 4.938441702975689 14
    endloop
  endfacet
  facet normal 0.2638730499653729 0.9645574184577981 0
    outer loop
      vertex 1.2434494358242743 4.842915805643155 4
      vertex 1.2434494358242743 4.842915805643155 14
      vertex 1.3949555301961467 4.801468428384715 4
    endloop
  endfacet
  facet normal 0.29404032523230655 0.9557930147983293 0
    outer loop
      vertex 1.3949555301961467 4.801468428384715 4
      vertex 1.3949555301961467 4.801468428384715 14
      vertex 1.545084971874737 4.755282581475767 4
    endloop
  endfacet
  facet normal 0.3239174181981492 0.9460853588275455 0
    outer loop
      vertex 1.6936896012264566 4.704403844771127 4
      vertex 1.545084971874737 4.755282581475767 4
      vertex 1.545084971874737 4.755282581475767 14
    endloop
  endfacet
  facet normal 0.2334453638559067 0.9723699203976762 0
    outer loop
      vertex 1.2434494358242743 4.842915805643155 4
      vertex 1.0907162069827123 4.879583809693737 4
      vertex 1.0907162069827123 4.879583809693737 14
    endloop
  endfacet
  facet normal 0.4679298142605724 0.8837656300886939 0
    outer loop
      vertex 2.408768370508576 4.381533400219318 4
      vertex 2.2699524986977337 4.455032620941839 4
      vertex 2.2699524986977337 4.455032620941839 14
    endloop
  endfacet
  facet normal 0.43993916985591497 0.8980275757606156 0
    outer loop
      vertex 2.1288964578253635 4.524135262330097 4
      vertex 2.1288964578253635 4.524135262330097 14
      vertex 2.2699524986977337 4.455032620941839 4
    endloop
  endfacet
  facet normal 0.41151435860510993 0.9114032766354446 0
    outer loop
      vertex 2.1288964578253635 4.524135262330097 4
      vertex 1.9857394531739037 4.588773128419906 4
      vertex 1.9857394531739037 4.588773128419906 14
    endloop
  endfacet
  facet normal -0.9998766324816606 0.015707317311817796 0
    outer loop
      vertex -4.997532801828658 0.15705379539064243 4
      vertex -5 0 14
      vertex -4.997532801828658 0.15705379539064243 14
    endloop
  endfacet
  facet normal -0.9988898749619699 0.047106450709644566 0
    outer loop
      vertex -4.990133642141358 0.31395259764656636 4
      vertex -4.997532801828658 0.15705379539064243 14
      vertex -4.990133642141358 0.31395259764656636 14
    endloop
  endfacet
  facet normal -0.9969173337331281 0.07845909572784344 0
    outer loop
      vertex -4.9778098230154 0.4705415665925721 4
      vertex -4.990133642141358 0.31395259764656636 14
      vertex -4.9778098230154 0.4705415665925721 14
    endloop
  endfacet
  facet normal -0.9939609554551795 0.10973431109104645 0
    outer loop
      vertex -4.9605735065723895 0.6266661678215203 4
      vertex -4.9778098230154 0.4705415665925721 14
      vertex -4.9605735065723895 0.6266661678215203 14
    endloop
  endfacet
  facet normal -0.990023657716558 0.1409012319375798 0
    outer loop
      vertex -4.938441702975689 0.7821723252011543 4
      vertex -4.9605735065723895 0.6266661678215203 14
      vertex -4.938441702975689 0.7821723252011543 14
    endloop
  endfacet
  facet normal -0.9851093261547732 0.1719291002794134 0
    outer loop
      vertex -4.911436253643443 0.9369065729286241 4
      vertex -4.938441702975689 0.7821723252011543 14
      vertex -4.911436253643443 0.9369065729286241 14
    endloop
  endfacet
  facet normal -0.9792228106217659 0.20278729535651235 0
    outer loop
      vertex -4.879583809693737 1.0907162069827123 4
      vertex -4.911436253643443 0.9369065729286241 14
      vertex -4.879583809693737 1.0907162069827123 14
    endloop
  endfacet
  facet normal -0.9723699203976762 0.2334453638559067 0
    outer loop
      vertex -4.842915805643155 1.2434494358242743 4
      vertex -4.879583809693737 1.0907162069827123 14
      vertex -4.842915805643155 1.2434494358242743 14
    endloop
  endfacet
  facet normal -0.9645574184577989 0.26387304996537014 0
    outer loop
      vertex -4.801468428384716 1.3949555301961452 4
      vertex -4.842915805643155 1.2434494358242743 14
      vertex -4.801468428384716 1.3949555301961452 14
    endloop
  endfacet
  facet normal -0.9557930147983286 0.29404032523230894 0
    outer loop
      vertex -4.755282581475767 1.545084971874737 4
      vertex -4.801468428384716 1.3949555301961452 14
      vertex -4.755282581475767 1.545084971874737 14
    endloop
  endfacet
  facet normal -0.9460853588275463 0.32391741819814657 0
    outer loop
      vertex -4.704403844771127 1.693689601226458 4
      vertex -4.755282581475767 1.545084971874737 14
      vertex -4.704403844771127 1.693689601226458 14
    endloop
  endfacet
  facet normal -0.9354440308298673 0.3534748437792569 0
    outer loop
      vertex -4.648882429441257 1.8406227634233894 4
      vertex -4.704403844771127 1.693689601226458 14
      vertex -4.648882429441257 1.8406227634233894 14
    endloop
  endfacet
  facet normal -0.923879532511287 0.382683432365089 0
    outer loop
      vertex -4.588773128419906 1.9857394531739037 4
      vertex -4.648882429441257 1.8406227634233894 14
      vertex -4.588773128419906 1.9857394531739037 14
    endloop
  endfacet
  facet normal -0.9114032766354454 0.41151435860510843 0
    outer loop
      vertex -4.524135262330098 2.128896457825362 4
      vertex -4.588773128419906 1.9857394531739037 14
      vertex -4.524135262330098 2.128896457825362 14
    endloop
  endfacet
  facet normal -0.8980275757606151 0.4399391698559162 0
    outer loop
      vertex -4.455032620941839 2.2699524986977337 4
      vertex -4.524135262330098 2.128896457825362 14
      vertex -4.455032620941839 2.2699524986977337 14
    endloop
  endfacet
  facet normal -0.8837656300886928 0.46792981426057445 0
    outer loop
      vertex -4.381533400219317 2.408768370508577 4
      vertex -4.455032620941839 2.2699524986977337 14
      vertex -4.381533400219317 2.408768370508577 14
    endloop
  endfacet
  facet normal -0.8686315144381926 0.49545866843240505 0
    outer loop
      vertex -4.303710135019719 2.545207078751856 4
      vertex -4.381533400219317 2.408768370508577 14
      vertex -4.303710135019719 2.545207078751856 14
    endloop
  endfacet
  facet normal 0.9114032766354475 0.41151435860510405 0
    outer loop
      vertex 4.582334244633835 2 4
      vertex 4.524135262330098 2.1288964578253635 14
      vertex 4.582334244633835 2 13.19294038924774
    endloop
  endfacet
  facet normal 0.8980275757606135 0.4399391698559196 0
    outer loop
      vertex 4.524135262330098 2.1288964578253635 4
      vertex 4.455032620941839 2.2699524986977337 14
      vertex 4.524135262330098 2.1288964578253635 14
    endloop
  endfacet
  facet normal 0.8837656300886946 0.4679298142605713 0
    outer loop
      vertex 4.455032620941839 2.2699524986977337 4
      vertex 4.381533400219318 2.4087683705085765 14
      vertex 4.455032620941839 2.2699524986977337 14
    endloop
  endfacet
  facet normal 0.8686315144381916 0.4954586684324069 0
    outer loop
      vertex 4.381533400219318 2.4087683705085765 4
      vertex 4.303710135019719 2.5452070787518566 14
      vertex 4.381533400219318 2.4087683705085765 14
    endloop
  endfacet
  facet normal 0 0 1
    outer loop
      vertex -4.997532801828658 -0.15705379539064243 14
      vertex -4.997532801828658 0.15705379539064243 14
      vertex -5 0 14
    endloop
  endfacet
  facet normal 0 0 1
    outer loop
      vertex -4.990133642141358 -0.31395259764656636 14
      vertex -4.990133642141358 0.31395259764656636 14
      vertex -4.997532801828658 0.15705379539064243 14
    endloop
  endfacet
  facet normal 0 0 1
    outer loop
      vertex -4.9778098230154 -0.4705415665925721 14
      vertex -4.9778098230154 0.4705415665925721 14
      vertex -4.990133642141358 0.31395259764656636 14
    endloop
  endfacet
  facet normal 0 0 1
    outer loop
      vertex -4.9605735065723895 -0.6266661678215203 14
      vertex -4.9605735065723895 0.6266661678215203 14
      vertex -4.9778098230154 0.4705415665925721 14
    endloop
  endfacet
  facet normal 0 0 1
    outer loop
      vertex -4.938441702975689 -0.7821723252011543 14
      vertex -4.938441702975689 0.7821723252011543 14
      vertex -4.9605735065723895 0.6266661678215203 14
    endloop
  endfacet
  facet normal 0 0 1
    outer loop
      vertex -4.911436253643443 -0.9369065729286241 14
      vertex -4.911436253643443 0.9369065729286241 14
      vertex -4.938441702975689 0.7821723252011543 14
    endloop
  endfacet
  facet normal 0 0 1
    outer loop
      vertex -4.879583809693737 -1.0907162069827123 14
      vertex -4.879583809693737 1.0907162069827123 14
      vertex -4.911436253643443 0.9369065729286241 14
    endloop
  endfacet
  facet normal 0 0 1
    outer loop
      vertex -4.842915805643155 -1.2434494358242743 14
      vertex -4.842915805643155 1.2434494358242743 14
      vertex -4.879583809693737 1.0907162069827123 14
    endloop
  endfacet
  facet normal 0 0 1
    outer loop
      vertex -4.801468428384716 -1.3949555301961452 14
      vertex -4.801468428384716 1.3949555301961452 14
      vertex -4.842915805643155 1.2434494358242743 14
    endloop
  endfacet
  facet normal 0 0 1
    outer loop
      vertex -4.755282581475767 -1.545084971874737 14
      vertex -4.755282581475767 1.545084971874737 14
      vertex -4.801468428384716 1.3949555301961452 14
    endloop
  endfacet
  facet normal 0 0 1
    outer loop
      vertex -4.704403844771127 -1.693689601226458 14
      vertex -4.704403844771127 1.693689601226458 14
      vertex -4.755282581475767 1.545084971874737 14
    endloop
  endfacet
  facet normal 0 0 1
    outer loop
      vertex -4.648882429441257 -1.8406227634233894 14
      vertex -4.648882429441257 1.8406227634233894 14
      vertex -4.704403844771127 1.693689601226458 14
    endloop
  endfacet
  facet normal 0 0 1
    outer loop
      vertex -4.588773128419906 -1.9857394531739037 14
      vertex -4.588773128419906 1.9857394531739037 14
      vertex -4.648882429441257 1.8406227634233894 14
    endloop
  endfacet
  facet normal 0 0 1
    outer loop
      vertex -4.524135262330098 -2.128896457825362 14
      vertex -4.524135262330098 2.128896457825362 14
      vertex -4.588773128419906 1.9857394531739037 14
    endloop
  endfacet
  facet normal 0 0 1
    outer loop
      vertex -4.455032620941839 -2.2699524986977337 14
      vertex -4.455032620941839 2.2699524986977337 14
      vertex -4.524135262330098 2.128896457825362 14
    endloop
  endfacet
  facet normal 0 0 1
    outer loop
      vertex -4.381533400219317 -2.408768370508577 14
      vertex -4.381533400219317 2.408768370508577 14
      vertex -4.455032620941839 2.2699524986977337 14
    endloop
  endfacet
  facet normal 0 0 1
    outer loop
      vertex -4.303710135019719 -2.545207078751856 14
      vertex -4.303710135019719 2.545207078751856 14
      vertex -4.381533400219317 2.408768370508577 14
    endloop
  endfacet
  facet normal 0 0 1
    outer loop
      vertex -4.221639627510075 -2.6791339748949836 14
      vertex -4.221639627510075 2.6791339748949836 14
      vertex -4.303710135019719 2.545207078751856 14
    endloop
  endfacet
  facet normal 0 0 1
    outer loop
      vertex -4.1354028713728095 -2.8104168892606523 14
      vertex -4.1354028713728095 2.8104168892606523 14
      vertex -4.221639627510075 2.6791339748949836 14
    endloop
  endfacet
  facet normal 0 0 1
    outer loop
      vertex -4.045084971874737 -2.938926261462366 14
      vertex -4.045084971874737 2.938926261462366 14
      vertex -4.1354028713728095 2.8104168892606523 14
    endloop
  endfacet
  facet normal 0 0 1
    outer loop
      vertex -3.950775061878451 -3.0645352682648834 14
      vertex -3.950775061878451 3.0645352682648834 14
      vertex -4.045084971874737 2.938926261462366 14
    endloop
  endfacet
  facet normal 0 0 1
    outer loop
      vertex -3.852566213878947 -3.1871199487434483 14
      vertex -3.852566213878947 3.1871199487434483 14
      vertex -3.950775061878451 3.0645352682648834 14
    endloop
  endfacet
  facet normal 0 0 1
    outer loop
      vertex -3.7505553481522975 -3.3065593266182596 14
      vertex -3.7505553481522975 3.3065593266182596 14
      vertex -3.852566213878947 3.1871199487434483 14
    endloop
  endfacet
  facet normal 0 0 1
    outer loop
      vertex -3.6448431371070584 -3.4227355296434423 14
      vertex -3.6448431371070584 3.4227355296434423 14
      vertex -3.7505553481522975 3.3065593266182596 14
    endloop
  endfacet
  facet normal 0 0 1
    outer loop
      vertex -3.5355339059327378 -3.5355339059327378 14
      vertex -3.5355339059327378 3.5355339059327378 14
      vertex -3.6448431371070584 3.4227355296434423 14
    endloop
  endfacet
  facet normal 0 0 1
    outer loop
      vertex -3.4227355296434423 -3.6448431371070584 14
      vertex -3.4227355296434423 3.6448431371070584 14
      vertex -3.5355339059327378 3.5355339059327378 14
    endloop
  endfacet
  facet normal 0 0 1
    outer loop
      vertex -2.545207078751856 -4.303710135019719 14
      vertex -2.5 0 14
      vertex -2.545207078751856 4.303710135019719 14
    endloop
  endfacet
  facet normal 0 0 1
    outer loop
      vertex -3.3065593266182596 -3.7505553481522975 14
      vertex -3.3065593266182596 3.7505553481522975 14
      vertex -3.4227355296434423 3.6448431371070584 14
    endloop
  endfacet
  facet normal 0 0 1
    outer loop
      vertex -3.1871199487434483 -3.852566213878947 14
      vertex -3.1871199487434483 3.852566213878947 14
      vertex -3.3065593266182596 3.7505553481522975 14
    endloop
  endfacet
  facet normal 0 0 1
    outer loop
      vertex -3.0645352682648834 -3.950775061878451 14
      vertex -3.0645352682648817 3.950775061878452 14
      vertex -3.1871199487434483 3.852566213878947 14
    endloop
  endfacet
  facet normal 0 0 1
    outer loop
      vertex -2.938926261462366 -4.045084971874737 14
      vertex -2.938926261462366 4.045084971874737 14
      vertex -3.0645352682648817 3.950775061878452 14
    endloop
  endfacet
  facet normal 0 0 1
    outer loop
      vertex -2.8104168892606523 -4.1354028713728095 14
      vertex -2.8104168892606527 4.1354028713728095 14
      vertex -2.938926261462366 4.045084971874737 14
    endloop
  endfacet
  facet normal 0 0 1
    outer loop
      vertex -2.6791339748949836 -4.221639627510075 14
      vertex -2.6791339748949836 4.221639627510075 14
      vertex -2.8104168892606527 4.1354028713728095 14
    endloop
  endfacet
  facet normal 0 0 1
    outer loop
      vertex -2.545207078751856 -4.303710135019719 14
      vertex -2.545207078751856 4.303710135019719 14
      vertex -2.6791339748949836 4.221639627510075 14
    endloop
  endfacet
  facet normal 0 0 1
    outer loop
      vertex -2.545207078751856 4.303710135019719 14
      vertex -2.5 0 14
      vertex -2.498766400914329 0.07852689769532122 14
    endloop
  endfacet
  facet normal 0 0 1
    outer loop
      vertex -2.545207078751856 4.303710135019719 14
      vertex -2.498766400914329 0.07852689769532122 14
      vertex -2.495066821070679 0.15697629882328318 14
    endloop
  endfacet
  facet normal 0 0 1
    outer loop
      vertex -2.545207078751856 4.303710135019719 14
      vertex -2.495066821070679 0.15697629882328318 14
      vertex -2.4889049115077 0.23527078329628606 14
    endloop
  endfacet
  facet normal 0 0 1
    outer loop
      vertex -2.545207078751856 4.303710135019719 14
      vertex -2.4889049115077 0.23527078329628606 14
      vertex -2.4802867532861947 0.31333308391076015 14
    endloop
  endfacet
  facet normal 0 0 1
    outer loop
      vertex -2.545207078751856 4.303710135019719 14
      vertex -2.4802867532861947 0.31333308391076015 14
      vertex -2.4692208514878446 0.39108616260057716 14
    endloop
  endfacet
  facet normal 0 0 1
    outer loop
      vertex -2.545207078751856 4.303710135019719 14
      vertex -2.4692208514878446 0.39108616260057716 14
      vertex -2.4557181268217216 0.46845328646431206 14
    endloop
  endfacet
  facet normal 0 0 1
    outer loop
      vertex -2.545207078751856 4.303710135019719 14
      vertex -2.4557181268217216 0.46845328646431206 14
      vertex -2.4397919048468686 0.5453581034913562 14
    endloop
  endfacet
  facet normal 0 0 1
    outer loop
      vertex -2.545207078751856 4.303710135019719 14
      vertex -2.4397919048468686 0.5453581034913562 14
      vertex -2.4214579028215777 0.6217247179121371 14
    endloop
  endfacet
  facet normal 0 0 1
    outer loop
      vertex -2.545207078751856 4.303710135019719 14
      vertex -2.4214579028215777 0.6217247179121371 14
      vertex -2.400734214192358 0.6974777650980726 14
    endloop
  endfacet
  facet normal 0 0 1
    outer loop
      vertex -2.408768370508576 4.381533400219318 14
      vertex -2.400734214192358 0.6974777650980726 14
      vertex -2.3776412907378837 0.7725424859373685 14
    endloop
  endfacet
  facet normal 0 0 1
    outer loop
      vertex -2.408768370508576 4.381533400219318 14
      vertex -2.3776412907378837 0.7725424859373685 14
      vertex -2.3522019223855635 0.846844800613229 14
    endloop
  endfacet
  facet normal 0 0 1
    outer loop
      vertex -2.408768370508576 4.381533400219318 14
      vertex -2.3522019223855635 0.846844800613229 14
      vertex -2.3244412147206286 0.9203113817116947 14
    endloop
  endfacet
  facet normal 0 0 1
    outer loop
      vertex -2.408768370508576 4.381533400219318 14
      vertex -2.3244412147206286 0.9203113817116947 14
      vertex -2.294386564209953 0.9928697265869518 14
    endloop
  endfacet
  facet normal 0 0 1
    outer loop
      vertex -2.408768370508576 4.381533400219318 14
      vertex -2.294386564209953 0.9928697265869518 14
      vertex -2.262067631165049 1.064448228912681 14
    endloop
  endfacet
  facet normal 0 0 1
    outer loop
      vertex -2.2699524986977337 4.455032620941839 14
      vertex -2.262067631165049 1.064448228912681 14
      vertex -2.2275163104709197 1.1349762493488669 14
    endloop
  endfacet
  facet normal 0 0 1
    outer loop
      vertex -2.2699524986977337 4.455032620941839 14
      vertex -2.2275163104709197 1.1349762493488669 14
      vertex -2.1907667001096587 1.2043841852542885 14
    endloop
  endfacet
  facet normal 0 0 1
    outer loop
      vertex -2.2699524986977337 4.455032620941839 14
      vertex -2.1907667001096587 1.2043841852542885 14
      vertex -2.1518550675098593 1.272603539375928 14
    endloop
  endfacet
  facet normal 0 0 1
    outer loop
      vertex -2.2699524986977337 4.455032620941839 14
      vertex -2.1518550675098593 1.272603539375928 14
      vertex -2.1108198137550374 1.3395669874474918 14
    endloop
  endfacet
  facet normal 0 0 1
    outer loop
      vertex -2.1288964578253635 4.524135262330097 14
      vertex -2.1108198137550374 1.3395669874474918 14
      vertex -2.0677014356864047 1.4052084446303261 14
    endloop
  endfacet
  facet normal 0 0 1
    outer loop
      vertex -2.1288964578253635 4.524135262330097 14
      vertex -2.0677014356864047 1.4052084446303261 14
      vertex -2.0225424859373686 1.469463130731183 14
    endloop
  endfacet
  facet normal 0 0 1
    outer loop
      vertex 2.5452070787518584 -4.303710135019717 14
      vertex 2.5452070787518566 4.303710135019719 14
      vertex 2.5 0 14
    endloop
  endfacet
  facet normal 0 0 1
    outer loop
      vertex 3.7505553481522993 -3.3065593266182574 14
      vertex 3.750555348152298 3.306559326618259 14
      vertex 3.644843137107058 3.4227355296434436 14
    endloop
  endfacet
  facet normal 0 0 1
    outer loop
      vertex 3.5355339059327378 -3.5355339059327378 14
      vertex 3.5355339059327378 3.5355339059327378 14
      vertex 3.4227355296434436 3.644843137107058 14
    endloop
  endfacet
  facet normal 0 0 1
    outer loop
      vertex 3.6448431371070584 -3.4227355296434423 14
      vertex 3.644843137107058 3.4227355296434436 14
      vertex 3.5355339059327378 3.5355339059327378 14
    endloop
  endfacet
  facet normal 0.9998766324816606 0.015707317311817893 0
    outer loop
      vertex 5 0 13.210526315789474
      vertex 4.997532801828658 0.15705379539064146 13.210422433761206
      vertex 5 0 14
    endloop
  endfacet
  facet normal 0.9988898749619699 0.04710645070964412 0
    outer loop
      vertex 4.997532801828658 0.15705379539064146 13.210422433761206
      vertex 4.990133642141358 0.31395259764656686 13.210110890195425
      vertex 4.997532801828658 0.15705379539064146 14
    endloop
  endfacet
  facet normal 0.996917333733128 0.07845909572784393 0
    outer loop
      vertex 4.990133642141358 0.31395259764656686 13.210110890195425
      vertex 4.9778098230154 0.4705415665925716 13.209591992548017
      vertex 4.990133642141358 0.31395259764656686 14
    endloop
  endfacet
  facet normal 0.9939609554551796 0.1097343110910454 0
    outer loop
      vertex 4.9778098230154 0.4705415665925716 13.209591992548017
      vertex 4.9605735065723895 0.6266661678215213 13.208866252908312
      vertex 4.9778098230154 0.4705415665925716 14
    endloop
  endfacet
  facet normal 0.9998766324816606 0.015707317311817893 0
    outer loop
      vertex 4.997532801828658 0.15705379539064146 13.210422433761206
      vertex 4.997532801828658 0.15705379539064146 14
      vertex 5 0 14
    endloop
  endfacet
  facet normal 0.9988898749619699 0.04710645070964412 0
    outer loop
      vertex 4.990133642141358 0.31395259764656686 13.210110890195425
      vertex 4.990133642141358 0.31395259764656686 14
      vertex 4.997532801828658 0.15705379539064146 14
    endloop
  endfacet
  facet normal 0 0 1
    outer loop
      vertex 4.997532801828658 -0.15705379539064243 14
      vertex 5 0 14
      vertex 4.997532801828658 0.15705379539064146 14
    endloop
  endfacet
  facet normal 0 0 1
    outer loop
      vertex 4.997532801828658 -0.15705379539064243 14
      vertex 4.997532801828658 0.15705379539064146 14
      vertex 4.990133642141358 0.31395259764656686 14
    endloop
  endfacet
  facet normal 0 0 1
    outer loop
      vertex 4.990133642141358 -0.3139525976465688 14
      vertex 4.990133642141358 0.31395259764656686 14
      vertex 4.9778098230154 0.4705415665925716 14
    endloop
  endfacet
  facet normal 0 0 1
    outer loop
      vertex 4.9778098230154 -0.4705415665925696 14
      vertex 4.9778098230154 0.4705415665925716 14
      vertex 4.9605735065723895 0.6266661678215213 14
    endloop
  endfacet
  facet normal 0 0 1
    outer loop
      vertex 4.9605735065723895 -0.6266661678215203 14
      vertex 4.9605735065723895 0.6266661678215213 14
      vertex 4.938441702975689 0.7821723252011543 14
    endloop
  endfacet
  facet normal 0 0 1
    outer loop
      vertex 4.938441702975689 -0.7821723252011543 14
      vertex 4.938441702975689 0.7821723252011543 14
      vertex 4.911436253643443 0.9369065729286231 14
    endloop
  endfacet
  facet normal 0.9969173337331281 0.07845909572784393 0
    outer loop
      vertex 4.9778098230154 0.4705415665925716 13.209591992548017
      vertex 4.9778098230154 0.4705415665925716 14
      vertex 4.990133642141358 0.31395259764656686 14
    endloop
  endfacet
  facet normal 0.9939609554551797 0.1097343110910454 0
    outer loop
      vertex 4.9778098230154 0.4705415665925716 14
      vertex 4.9605735065723895 0.6266661678215213 13.208866252908312
      vertex 4.9605735065723895 0.6266661678215213 14
    endloop
  endfacet
  facet normal 0 0 1
    outer loop
      vertex 4.911436253643443 -0.9369065729286241 14
      vertex 4.911436253643443 0.9369065729286231 14
      vertex 4.879583809693737 1.0907162069827128 14
    endloop
  endfacet
  facet normal 0 0 1
    outer loop
      vertex 4.879583809693736 -1.0907162069827145 14
      vertex 4.879583809693737 1.0907162069827128 14
      vertex 4.842915805643155 1.243449435824274 14
    endloop
  endfacet
  facet normal 0 0 1
    outer loop
      vertex 4.842915805643156 -1.2434494358242723 14
      vertex 4.842915805643155 1.243449435824274 14
      vertex 4.801468428384715 1.3949555301961465 14
    endloop
  endfacet
  facet normal 0 0 1
    outer loop
      vertex 4.801468428384716 -1.3949555301961452 14
      vertex 4.801468428384715 1.3949555301961465 14
      vertex 4.755282581475767 1.545084971874737 14
    endloop
  endfacet
  facet normal 0 0 1
    outer loop
      vertex 4.755282581475767 -1.545084971874737 14
      vertex 4.755282581475767 1.545084971874737 14
      vertex 4.704403844771127 1.693689601226457 14
    endloop
  endfacet
  facet normal 0 0 1
    outer loop
      vertex 4.704403844771127 -1.693689601226458 14
      vertex 4.704403844771127 1.693689601226457 14
      vertex 4.648882429441256 1.8406227634233898 14
    endloop
  endfacet
  facet normal 0.9900236577165579 0.1409012319375807 0
    outer loop
      vertex 4.9605735065723895 0.6266661678215213 13.208866252908312
      vertex 4.938441702975689 0.7821723252011543 13.207934387493713
      vertex 4.9605735065723895 0.6266661678215213 14
    endloop
  endfacet
  facet normal 0.9851093261547731 0.1719291002794145 0
    outer loop
      vertex 4.938441702975689 0.7821723252011543 13.207934387493713
      vertex 4.911436253643443 0.9369065729286231 13.206797315942882
      vertex 4.938441702975689 0.7821723252011543 14
    endloop
  endfacet
  facet normal 0.9792228106217662 0.20278729535651052 0
    outer loop
      vertex 4.911436253643443 0.9369065729286231 13.206797315942882
      vertex 4.879583809693737 1.0907162069827128 13.205456160408158
      vertex 4.911436253643443 0.9369065729286231 14
    endloop
  endfacet
  facet normal 0.9723699203976761 0.2334453638559077 0
    outer loop
      vertex 4.879583809693737 1.0907162069827128 13.205456160408158
      vertex 4.842915805643155 1.243449435824274 13.203912244448134
      vertex 4.879583809693737 1.0907162069827128 14
    endloop
  endfacet
  facet normal 0.9900236577165579 0.1409012319375807 0
    outer loop
      vertex 4.938441702975689 0.7821723252011543 13.207934387493713
      vertex 4.938441702975689 0.7821723252011543 14
      vertex 4.9605735065723895 0.6266661678215213 14
    endloop
  endfacet
  facet normal 0.9851093261547731 0.1719291002794145 0
    outer loop
      vertex 4.911436253643443 0.9369065729286231 13.206797315942882
      vertex 4.911436253643443 0.9369065729286231 14
      vertex 4.938441702975689 0.7821723252011543 14
    endloop
  endfacet
  facet normal 0 0 1
    outer loop
      vertex 4.648882429441256 -1.8406227634233918 14
      vertex 4.648882429441256 1.8406227634233898 14
      vertex 4.588773128419906 1.9857394531739028 14
    endloop
  endfacet
  facet normal 0 0 1
    outer loop
      vertex 4.5887731284199065 -1.9857394531739014 14
      vertex 4.588773128419906 1.9857394531739028 14
      vertex 4.524135262330098 2.1288964578253635 14
    endloop
  endfacet
  facet normal 0 0 1
    outer loop
      vertex 4.524135262330098 -2.128896457825362 14
      vertex 4.524135262330098 2.1288964578253635 14
      vertex 4.455032620941839 2.2699524986977337 14
    endloop
  endfacet
  facet normal 0 0 1
    outer loop
      vertex 4.2216396275100765 -2.679133974894981 14
      vertex 4.221639627510076 2.679133974894983 14
      vertex 4.1354028713728095 2.8104168892606527 14
    endloop
  endfacet
  facet normal 0 0 1
    outer loop
      vertex 4.455032620941839 -2.2699524986977337 14
      vertex 4.455032620941839 2.2699524986977337 14
      vertex 4.381533400219318 2.4087683705085765 14
    endloop
  endfacet
  facet normal 0 0 1
    outer loop
      vertex 4.381533400219317 -2.408768370508577 14
      vertex 4.381533400219318 2.4087683705085765 14
      vertex 4.303710135019719 2.5452070787518566 14
    endloop
  endfacet
  facet normal 0 0 1
    outer loop
      vertex 4.303710135019717 -2.5452070787518584 14
      vertex 4.303710135019719 2.5452070787518566 14
      vertex 4.221639627510076 2.679133974894983 14
    endloop
  endfacet
  facet normal 0.9792228106217662 0.20278729535651052 0
    outer loop
      vertex 4.879583809693737 1.0907162069827128 13.205456160408158
      vertex 4.879583809693737 1.0907162069827128 14
      vertex 4.911436253643443 0.9369065729286231 14
    endloop
  endfacet
  facet normal 0.9723699203976761 0.23344536385590767 0
    outer loop
      vertex 4.842915805643155 1.243449435824274 13.203912244448134
      vertex 4.842915805643155 1.243449435824274 14
      vertex 4.879583809693737 1.0907162069827128 14
    endloop
  endfacet
  facet normal 0 0 1
    outer loop
      vertex 4.1354028713728095 -2.8104168892606523 14
      vertex 4.1354028713728095 2.8104168892606527 14
      vertex 4.045084971874737 2.938926261462366 14
    endloop
  endfacet
  facet normal 0 0 1
    outer loop
      vertex 3.950775061878451 -3.0645352682648834 14
      vertex 3.950775061878452 3.0645352682648817 14
      vertex 3.8525662138789456 3.1871199487434487 14
    endloop
  endfacet
  facet normal 0 0 1
    outer loop
      vertex 4.045084971874737 -2.938926261462366 14
      vertex 4.045084971874737 2.938926261462366 14
      vertex 3.950775061878452 3.0645352682648817 14
    endloop
  endfacet
  facet normal 0 0 1
    outer loop
      vertex 3.852566213878945 -3.18711994874345 14
      vertex 3.8525662138789456 3.1871199487434487 14
      vertex 3.750555348152298 3.306559326618259 14
    endloop
  endfacet
  facet normal 0 0 1
    outer loop
      vertex 2.679133974894981 -4.2216396275100765 14
      vertex 2.679133974894983 4.221639627510076 14
      vertex 2.5452070787518566 4.303710135019719 14
    endloop
  endfacet
  facet normal 0 0 1
    outer loop
      vertex 2.5452070787518566 4.303710135019719 14
      vertex 2.498766400914329 0.07852689769532073 14
      vertex 2.5 0 14
    endloop
  endfacet
  facet normal 0 0 1
    outer loop
      vertex 2.8104168892606523 -4.1354028713728095 14
      vertex 2.8104168892606527 4.1354028713728095 14
      vertex 2.679133974894983 4.221639627510076 14
    endloop
  endfacet
  facet normal 0 0 1
    outer loop
      vertex 2.5452070787518566 4.303710135019719 14
      vertex 2.495066821070679 0.15697629882328343 14
      vertex 2.498766400914329 0.07852689769532073 14
    endloop
  endfacet
  facet normal 0 0 1
    outer loop
      vertex 3.3065593266182574 -3.7505553481522993 14
      vertex 3.306559326618259 3.750555348152298 14
      vertex 3.1871199487434487 3.8525662138789456 14
    endloop
  endfacet
  facet normal 0 0 1
    outer loop
      vertex 3.18711994874345 -3.852566213878945 14
      vertex 3.1871199487434487 3.8525662138789456 14
      vertex 3.0645352682648817 3.950775061878452 14
    endloop
  endfacet
  facet normal 0 0 1
    outer loop
      vertex 3.0645352682648834 -3.950775061878451 14
      vertex 3.0645352682648817 3.950775061878452 14
      vertex 2.938926261462366 4.045084971874737 14
    endloop
  endfacet
  facet normal 0 0 1
    outer loop
      vertex 2.938926261462366 -4.045084971874737 14
      vertex 2.938926261462366 4.045084971874737 14
      vertex 2.8104168892606527 4.1354028713728095 14
    endloop
  endfacet
  facet normal 0 0 1
    outer loop
      vertex 3.4227355296434423 -3.6448431371070584 14
      vertex 3.4227355296434436 3.644843137107058 14
      vertex 3.306559326618259 3.750555348152298 14
    endloop
  endfacet
  facet normal 0 0 1
    outer loop
      vertex 2.5452070787518566 4.303710135019719 14
      vertex 2.4889049115077 0.2352707832962858 14
      vertex 2.495066821070679 0.15697629882328343 14
    endloop
  endfacet
  facet normal 0 0 1
    outer loop
      vertex 2.5452070787518566 4.303710135019719 14
      vertex 2.4802867532861947 0.31333308391076065 14
      vertex 2.4889049115077 0.2352707832962858 14
    endloop
  endfacet
  facet normal 0 0 1
    outer loop
      vertex 2.408768370508576 4.381533400219318 14
      vertex 2.4692208514878446 0.39108616260057716 14
      vertex 2.4802867532861947 0.31333308391076065 14
    endloop
  endfacet
  facet normal 0 0 1
    outer loop
      vertex 2.408768370508576 4.381533400219318 14
      vertex 2.4214579028215777 0.621724717912137 14
      vertex 2.4397919048468686 0.5453581034913564 14
    endloop
  endfacet
  facet normal 0 0 1
    outer loop
      vertex 2.408768370508576 4.381533400219318 14
      vertex 2.4557181268217216 0.46845328646431156 14
      vertex 2.4692208514878446 0.39108616260057716 14
    endloop
  endfacet
  facet normal 0 0 1
    outer loop
      vertex 2.408768370508576 4.381533400219318 14
      vertex 2.4397919048468686 0.5453581034913564 14
      vertex 2.4557181268217216 0.46845328646431156 14
    endloop
  endfacet
  facet normal 0 0 1
    outer loop
      vertex 2.408768370508576 4.381533400219318 14
      vertex 2.4007342141923576 0.6974777650980732 14
      vertex 2.4214579028215777 0.621724717912137 14
    endloop
  endfacet
  facet normal 0 0 1
    outer loop
      vertex 2.408768370508576 4.381533400219318 14
      vertex 2.3776412907378837 0.7725424859373685 14
      vertex 2.4007342141923576 0.6974777650980732 14
    endloop
  endfacet
  facet normal 0 0 1
    outer loop
      vertex 2.408768370508576 4.381533400219318 14
      vertex 2.3522019223855635 0.8468448006132285 14
      vertex 2.3776412907378837 0.7725424859373685 14
    endloop
  endfacet
  facet normal 0 0 1
    outer loop
      vertex 2.2699524986977337 4.455032620941839 14
      vertex 2.324441214720628 0.9203113817116949 14
      vertex 2.3522019223855635 0.8468448006132285 14
    endloop
  endfacet
  facet normal 0 0 1
    outer loop
      vertex 2.2699524986977337 4.455032620941839 14
      vertex 2.294386564209953 0.9928697265869514 14
      vertex 2.324441214720628 0.9203113817116949 14
    endloop
  endfacet
  facet normal 0 0 1
    outer loop
      vertex 2.2699524986977337 4.455032620941839 14
      vertex 2.262067631165049 1.0644482289126818 14
      vertex 2.294386564209953 0.9928697265869514 14
    endloop
  endfacet
  facet normal 0 0 1
    outer loop
      vertex 2.2699524986977337 4.455032620941839 14
      vertex 2.2275163104709197 1.1349762493488669 14
      vertex 2.262067631165049 1.0644482289126818 14
    endloop
  endfacet
  facet normal 0 0 1
    outer loop
      vertex 2.2699524986977337 4.455032620941839 14
      vertex 2.190766700109659 1.2043841852542883 14
      vertex 2.2275163104709197 1.1349762493488669 14
    endloop
  endfacet
  facet normal 0 0 1
    outer loop
      vertex 2.1288964578253635 4.524135262330097 14
      vertex 2.1518550675098593 1.2726035393759283 14
      vertex 2.190766700109659 1.2043841852542883 14
    endloop
  endfacet
  facet normal 0 0 1
    outer loop
      vertex 2.1288964578253635 4.524135262330097 14
      vertex 2.110819813755038 1.3395669874474916 14
      vertex 2.1518550675098593 1.2726035393759283 14
    endloop
  endfacet
  facet normal 0 0 1
    outer loop
      vertex 2.1288964578253635 4.524135262330097 14
      vertex 2.0677014356864047 1.4052084446303263 14
      vertex 2.110819813755038 1.3395669874474916 14
    endloop
  endfacet
  facet normal 0 0 1
    outer loop
      vertex 1.9857394531739037 4.588773128419906 14
      vertex 2.0225424859373686 1.469463130731183 14
      vertex 2.0677014356864047 1.4052084446303263 14
    endloop
  endfacet
  facet normal 0.9645574184577981 0.26387304996537286 0
    outer loop
      vertex 4.842915805643155 1.243449435824274 13.203912244448134
      vertex 4.801468428384715 1.3949555301961465 13.202167091721462
      vertex 4.842915805643155 1.243449435824274 14
    endloop
  endfacet
  facet normal 0.9557930147983293 0.2940403252323061 0
    outer loop
      vertex 4.801468428384715 1.3949555301961465 13.202167091721462
      vertex 4.755282581475767 1.545084971874737 13.20022242448319
      vertex 4.801468428384715 1.3949555301961465 14
    endloop
  endfacet
  facet normal 0.9460853588275457 0.3239174181981483 0
    outer loop
      vertex 4.755282581475767 1.545084971874737 13.20022242448319
      vertex 4.704403844771127 1.693689601226457 13.1980801618851
      vertex 4.755282581475767 1.545084971874737 14
    endloop
  endfacet
  facet normal 0.9354440308298666 0.35347484377925914 0
    outer loop
      vertex 4.648882429441256 1.8406227634233898 13.195742418081737
      vertex 4.704403844771127 1.693689601226457 14
      vertex 4.704403844771127 1.693689601226457 13.1980801618851
    endloop
  endfacet
  facet normal 0.9645574184577981 0.2638730499653729 0
    outer loop
      vertex 4.842915805643155 1.243449435824274 14
      vertex 4.801468428384715 1.3949555301961465 13.202167091721462
      vertex 4.801468428384715 1.3949555301961465 14
    endloop
  endfacet
  facet normal 0.9557930147983293 0.2940403252323061 0
    outer loop
      vertex 4.755282581475767 1.545084971874737 13.20022242448319
      vertex 4.755282581475767 1.545084971874737 14
      vertex 4.801468428384715 1.3949555301961465 14
    endloop
  endfacet
  facet normal 0.9354440308298666 0.35347484377925914 0
    outer loop
      vertex 4.648882429441256 1.8406227634233898 13.195742418081737
      vertex 4.648882429441256 1.8406227634233898 14
      vertex 4.704403844771127 1.693689601226457 14
    endloop
  endfacet
  facet normal 0.9460853588275459 0.3239174181981483 0
    outer loop
      vertex 4.704403844771127 1.693689601226457 13.1980801618851
      vertex 4.704403844771127 1.693689601226457 14
      vertex 4.755282581475767 1.545084971874737 14
    endloop
  endfacet
  facet normal 0.9238795325112877 0.3826834323650871 0
    outer loop
      vertex 4.648882429441256 1.8406227634233898 13.195742418081737
      vertex 4.588773128419906 1.9857394531739028 13.193211500143995
      vertex 4.648882429441256 1.8406227634233898 14
    endloop
  endfacet
  facet normal 0.9114032766354514 0.41151435860509505 1.7205150210182235e-15
    outer loop
      vertex 4.588773128419906 1.9857394531739028 13.193211500143995
      vertex 4.582334244633835 2 13.19294038924774
      vertex 4.524135262330098 2.1288964578253635 14
    endloop
  endfacet
  facet normal 0.9238795325112878 0.38268343236508723 0
    outer loop
      vertex 4.648882429441256 1.8406227634233898 14
      vertex 4.588773128419906 1.9857394531739028 13.193211500143995
      vertex 4.588773128419906 1.9857394531739028 14
    endloop
  endfacet
  facet normal 0.9114032766354477 0.41151435860510305 0
    outer loop
      vertex 4.588773128419906 1.9857394531739028 13.193211500143995
      vertex 4.524135262330098 2.1288964578253635 14
      vertex 4.588773128419906 1.9857394531739028 14
    endloop
  endfacet
  facet normal -0.8526401643540904 0.5224985647159517 0
    outer loop
      vertex -4.221639627510075 2.6791339748949836 4
      vertex -4.303710135019719 2.545207078751856 14
      vertex -4.221639627510075 2.6791339748949836 14
    endloop
  endfacet
  facet normal -0.8358073613682708 0.5490228179981308 0
    outer loop
      vertex -4.1354028713728095 2.8104168892606523 4
      vertex -4.221639627510075 2.6791339748949836 14
      vertex -4.1354028713728095 2.8104168892606523 14
    endloop
  endfacet
  facet normal -0.8181497174250248 0.5750052520432765 0
    outer loop
      vertex -4.045084971874737 2.938926261462366 4
      vertex -4.1354028713728095 2.8104168892606523 14
      vertex -4.045084971874737 2.938926261462366 14
    endloop
  endfacet
  facet normal -0.799684658487089 0.600420225325886 0
    outer loop
      vertex -3.950775061878451 3.0645352682648834 4
      vertex -4.045084971874737 2.938926261462366 14
      vertex -3.950775061878451 3.0645352682648834 14
    endloop
  endfacet
  facet normal -0.7804304073383318 0.6252426563357026 0
    outer loop
      vertex -3.852566213878947 3.1871199487434483 4
      vertex -3.950775061878451 3.0645352682648834 14
      vertex -3.852566213878947 3.1871199487434483 14
    endloop
  endfacet
  facet normal -0.760405965600029 0.6494480483301858 0
    outer loop
      vertex -3.7505553481522975 3.3065593266182596 4
      vertex -3.852566213878947 3.1871199487434483 14
      vertex -3.7505553481522975 3.3065593266182596 14
    endloop
  endfacet
  facet normal -0.7396310949786092 0.6730125135097739 0
    outer loop
      vertex -3.6448431371070584 3.4227355296434423 4
      vertex -3.7505553481522975 3.3065593266182596 14
      vertex -3.6448431371070584 3.4227355296434423 14
    endloop
  endfacet
  facet normal -0.7181262977631905 0.6959127965923129 0
    outer loop
      vertex -3.5355339059327378 3.5355339059327378 4
      vertex -3.6448431371070584 3.4227355296434423 14
      vertex -3.5355339059327378 3.5355339059327378 14
    endloop
  endfacet
  facet normal -0.6959127965923129 0.7181262977631905 0
    outer loop
      vertex -3.4227355296434423 3.6448431371070584 4
      vertex -3.5355339059327378 3.5355339059327378 14
      vertex -3.4227355296434423 3.6448431371070584 14
    endloop
  endfacet
  facet normal -0.6730125135097739 0.7396310949786092 0
    outer loop
      vertex -3.3065593266182596 3.7505553481522975 4
      vertex -3.4227355296434423 3.6448431371070584 14
      vertex -3.3065593266182596 3.7505553481522975 14
    endloop
  endfacet
  facet normal -0.6494480483301858 0.760405965600029 0
    outer loop
      vertex -3.1871199487434483 3.852566213878947 4
      vertex -3.3065593266182596 3.7505553481522975 14
      vertex -3.1871199487434483 3.852566213878947 14
    endloop
  endfacet
  facet normal -0.6252426563357004 0.7804304073383334 0
    outer loop
      vertex -3.0645352682648817 3.950775061878452 4
      vertex -3.1871199487434483 3.852566213878947 14
      vertex -3.0645352682648817 3.950775061878452 14
    endloop
  endfacet
  facet normal -0.6004202253258878 0.7996846584870877 0
    outer loop
      vertex -2.938926261462366 4.045084971874737 4
      vertex -3.0645352682648817 3.950775061878452 14
      vertex -2.938926261462366 4.045084971874737 14
    endloop
  endfacet
  facet normal -0.5750052520432779 0.818149717425024 0
    outer loop
      vertex -2.8104168892606527 4.1354028713728095 4
      vertex -2.938926261462366 4.045084971874737 14
      vertex -2.8104168892606527 4.1354028713728095 14
    endloop
  endfacet
  facet normal -0.5490228179981295 0.8358073613682717 0
    outer loop
      vertex -2.6791339748949836 4.221639627510075 4
      vertex -2.8104168892606527 4.1354028713728095 14
      vertex -2.6791339748949836 4.221639627510075 14
    endloop
  endfacet
  facet normal -0.5224985647159517 0.8526401643540904 0
    outer loop
      vertex -2.545207078751856 4.303710135019719 4
      vertex -2.6791339748949836 4.221639627510075 14
      vertex -2.545207078751856 4.303710135019719 14
    endloop
  endfacet
  facet normal -0.4954586684324069 0.8686315144381916 0
    outer loop
      vertex -2.408768370508576 4.381533400219318 4
      vertex -2.545207078751856 4.303710135019719 14
      vertex -2.408768370508576 4.381533400219318 14
    endloop
  endfacet
  facet normal -0.4679298142605724 0.8837656300886939 0
    outer loop
      vertex -2.2699524986977337 4.455032620941839 4
      vertex -2.408768370508576 4.381533400219318 14
      vertex -2.2699524986977337 4.455032620941839 14
    endloop
  endfacet
  facet normal -0.43993916985591497 0.8980275757606156 0
    outer loop
      vertex -2.1288964578253635 4.524135262330097 4
      vertex -2.2699524986977337 4.455032620941839 14
      vertex -2.1288964578253635 4.524135262330097 14
    endloop
  endfacet
  facet normal -0.41151435860510993 0.9114032766354446 0
    outer loop
      vertex -1.9857394531739037 4.588773128419906 4
      vertex -2.1288964578253635 4.524135262330097 14
      vertex -1.9857394531739037 4.588773128419906 14
    endloop
  endfacet
  facet normal -0.382683432365089 0.923879532511287 0
    outer loop
      vertex -1.8406227634233894 4.648882429441257 4
      vertex -1.9857394531739037 4.588773128419906 14
      vertex -1.8406227634233894 4.648882429441257 14
    endloop
  endfacet
  facet normal -0.35347484377925414 0.9354440308298684 0
    outer loop
      vertex -1.6936896012264566 4.704403844771127 4
      vertex -1.8406227634233894 4.648882429441257 14
      vertex -1.6936896012264566 4.704403844771127 14
    endloop
  endfacet
  facet normal -0.3239174181981492 0.9460853588275455 0
    outer loop
      vertex -1.545084971874737 4.755282581475767 4
      vertex -1.6936896012264566 4.704403844771127 14
      vertex -1.545084971874737 4.755282581475767 14
    endloop
  endfacet
  facet normal -0.29404032523230655 0.9557930147983293 0
    outer loop
      vertex -1.3949555301961467 4.801468428384715 4
      vertex -1.545084971874737 4.755282581475767 14
      vertex -1.3949555301961467 4.801468428384715 14
    endloop
  endfacet
  facet normal -0.2638730499653729 0.9645574184577981 0
    outer loop
      vertex -1.2434494358242743 4.842915805643155 4
      vertex -1.3949555301961467 4.801468428384715 14
      vertex -1.2434494358242743 4.842915805643155 14
    endloop
  endfacet
  facet normal -0.2334453638559067 0.9723699203976762 0
    outer loop
      vertex -1.0907162069827123 4.879583809693737 4
      vertex -1.2434494358242743 4.842915805643155 14
      vertex -1.0907162069827123 4.879583809693737 14
    endloop
  endfacet
  facet normal -0.2027872953565108 0.9792228106217661 0
    outer loop
      vertex -0.9369065729286229 4.911436253643443 4
      vertex -1.0907162069827123 4.879583809693737 14
      vertex -0.9369065729286229 4.911436253643443 14
    endloop
  endfacet
  facet normal -0.17192910027941471 0.985109326154773 0
    outer loop
      vertex -0.7821723252011543 4.938441702975689 4
      vertex -0.9369065729286229 4.911436253643443 14
      vertex -0.7821723252011543 4.938441702975689 14
    endloop
  endfacet
  facet normal -0.14090123193758078 0.9900236577165578 0
    outer loop
      vertex -0.6266661678215214 4.9605735065723895 4
      vertex -0.7821723252011543 4.938441702975689 14
      vertex -0.6266661678215214 4.9605735065723895 14
    endloop
  endfacet
  facet normal -0.10973431109104567 0.9939609554551796 0
    outer loop
      vertex -0.4705415665925721 4.9778098230154 4
      vertex -0.6266661678215214 4.9605735065723895 14
      vertex -0.4705415665925721 4.9778098230154 14
    endloop
  endfacet
  facet normal -0.07845909572784344 0.9969173337331281 0
    outer loop
      vertex -0.31395259764656636 4.990133642141358 4
      vertex -0.4705415665925721 4.9778098230154 14
      vertex -0.31395259764656636 4.990133642141358 14
    endloop
  endfacet
  facet normal -0.04710645070964421 0.9988898749619699 0
    outer loop
      vertex -0.15705379539064124 4.997532801828658 4
      vertex -0.31395259764656636 4.990133642141358 14
      vertex -0.15705379539064124 4.997532801828658 14
    endloop
  endfacet
  facet normal -0.015707317311817917 0.9998766324816606 0
    outer loop
      vertex 0 5 4
      vertex -0.15705379539064124 4.997532801828658 14
      vertex 0 5 14
    endloop
  endfacet
  facet normal 0.015707317311817917 0.9998766324816606 0
    outer loop
      vertex 0.15705379539064124 4.997532801828658 4
      vertex 0 5 14
      vertex 0.15705379539064124 4.997532801828658 14
    endloop
  endfacet
  facet normal 0.7396310949786116 0.6730125135097713 0
    outer loop
      vertex 3.750555348152298 3.306559326618259 4
      vertex 3.644843137107058 3.4227355296434436 14
      vertex 3.750555348152298 3.306559326618259 14
    endloop
  endfacet
  facet normal 0.7181262977631877 0.6959127965923155 0
    outer loop
      vertex 3.644843137107058 3.4227355296434436 4
      vertex 3.5355339059327378 3.5355339059327378 14
      vertex 3.644843137107058 3.4227355296434436 14
    endloop
  endfacet
  facet normal 0.6959127965923155 0.7181262977631877 0
    outer loop
      vertex 3.5355339059327378 3.5355339059327378 4
      vertex 3.4227355296434436 3.644843137107058 14
      vertex 3.5355339059327378 3.5355339059327378 14
    endloop
  endfacet
  facet normal 0.6730125135097713 0.7396310949786116 0
    outer loop
      vertex 3.4227355296434436 3.644843137107058 4
      vertex 3.306559326618259 3.750555348152298 14
      vertex 3.4227355296434436 3.644843137107058 14
    endloop
  endfacet
  facet normal 0.8526401643540914 0.5224985647159501 0
    outer loop
      vertex 4.303710135019719 2.5452070787518566 4
      vertex 4.221639627510076 2.679133974894983 14
      vertex 4.303710135019719 2.5452070787518566 14
    endloop
  endfacet
  facet normal 0.83580736136827 0.5490228179981322 0
    outer loop
      vertex 4.221639627510076 2.679133974894983 4
      vertex 4.1354028713728095 2.8104168892606527 14
      vertex 4.221639627510076 2.679133974894983 14
    endloop
  endfacet
  facet normal 0.818149717425024 0.5750052520432779 0
    outer loop
      vertex 4.1354028713728095 2.8104168892606527 4
      vertex 4.045084971874737 2.938926261462366 14
      vertex 4.1354028713728095 2.8104168892606527 14
    endloop
  endfacet
  facet normal 0.7996846584870877 0.6004202253258878 0
    outer loop
      vertex 4.045084971874737 2.938926261462366 4
      vertex 3.950775061878452 3.0645352682648817 14
      vertex 4.045084971874737 2.938926261462366 14
    endloop
  endfacet
  facet normal 0.7804304073383305 0.6252426563357043 0
    outer loop
      vertex 3.950775061878452 3.0645352682648817 4
      vertex 3.8525662138789456 3.1871199487434487 14
      vertex 3.950775061878452 3.0645352682648817 14
    endloop
  endfacet
  facet normal 0.7604059656000324 0.6494480483301821 0
    outer loop
      vertex 3.8525662138789456 3.1871199487434487 4
      vertex 3.750555348152298 3.306559326618259 14
      vertex 3.8525662138789456 3.1871199487434487 14
    endloop
  endfacet
  facet normal 0.6494480483301821 0.7604059656000324 0
    outer loop
      vertex 3.306559326618259 3.750555348152298 4
      vertex 3.1871199487434487 3.8525662138789456 14
      vertex 3.306559326618259 3.750555348152298 14
    endloop
  endfacet
  facet normal 0.6252426563357043 0.7804304073383305 0
    outer loop
      vertex 3.1871199487434487 3.8525662138789456 4
      vertex 3.0645352682648817 3.950775061878452 14
      vertex 3.1871199487434487 3.8525662138789456 14
    endloop
  endfacet
  facet normal 0.6004202253258878 0.7996846584870877 0
    outer loop
      vertex 3.0645352682648817 3.950775061878452 4
      vertex 2.938926261462366 4.045084971874737 14
      vertex 3.0645352682648817 3.950775061878452 14
    endloop
  endfacet
  facet normal 0.5490228179981322 0.83580736136827 0
    outer loop
      vertex 2.8104168892606527 4.1354028713728095 4
      vertex 2.679133974894983 4.221639627510076 14
      vertex 2.8104168892606527 4.1354028713728095 14
    endloop
  endfacet
  facet normal 0.5224985647159501 0.8526401643540914 0
    outer loop
      vertex 2.679133974894983 4.221639627510076 4
      vertex 2.5452070787518566 4.303710135019719 14
      vertex 2.679133974894983 4.221639627510076 14
    endloop
  endfacet
  facet normal 0.49545866843240566 0.8686315144381923 0
    outer loop
      vertex 2.5452070787518566 4.303710135019719 4
      vertex 2.408768370508576 4.381533400219318 14
      vertex 2.5452070787518566 4.303710135019719 14
    endloop
  endfacet
  facet normal 0.5750052520432779 0.818149717425024 0
    outer loop
      vertex 2.938926261462366 4.045084971874737 4
      vertex 2.8104168892606527 4.1354028713728095 14
      vertex 2.938926261462366 4.045084971874737 14
    endloop
  endfacet
  facet normal 0.382683432365089 0.923879532511287 0
    outer loop
      vertex 1.9857394531739037 4.588773128419906 4
      vertex 1.8406227634233894 4.648882429441257 14
      vertex 1.9857394531739037 4.588773128419906 14
    endloop
  endfacet
  facet normal 0.35347484377925414 0.9354440308298684 0
    outer loop
      vertex 1.8406227634233894 4.648882429441257 4
      vertex 1.6936896012264566 4.704403844771127 14
      vertex 1.8406227634233894 4.648882429441257 14
    endloop
  endfacet
  facet normal 0.04710645070964421 0.9988898749619699 0
    outer loop
      vertex 0.31395259764656636 4.990133642141358 4
      vertex 0.15705379539064124 4.997532801828658 14
      vertex 0.31395259764656636 4.990133642141358 14
    endloop
  endfacet
  facet normal 0.07845909572784344 0.9969173337331281 0
    outer loop
      vertex 0.4705415665925721 4.9778098230154 4
      vertex 0.31395259764656636 4.990133642141358 14
      vertex 0.4705415665925721 4.9778098230154 14
    endloop
  endfacet
  facet normal 0.10973431109104567 0.9939609554551796 0
    outer loop
      vertex 0.6266661678215214 4.9605735065723895 4
      vertex 0.4705415665925721 4.9778098230154 14
      vertex 0.6266661678215214 4.9605735065723895 14
    endloop
  endfacet
  facet normal 0.17192910027941471 0.985109326154773 0
    outer loop
      vertex 0.9369065729286229 4.911436253643443 4
      vertex 0.7821723252011543 4.938441702975689 14
      vertex 0.9369065729286229 4.911436253643443 14
    endloop
  endfacet
  facet normal 0.2027872953565108 0.9792228106217661 0
    outer loop
      vertex 1.0907162069827123 4.879583809693737 4
      vertex 0.9369065729286229 4.911436253643443 14
      vertex 1.0907162069827123 4.879583809693737 14
    endloop
  endfacet
  facet normal 0.14090123193758078 0.9900236577165578 0
    outer loop
      vertex 0.7821723252011543 4.938441702975689 4
      vertex 0.6266661678215214 4.9605735065723895 14
      vertex 0.7821723252011543 4.938441702975689 14
    endloop
  endfacet
  facet normal 0.29404032523230655 0.9557930147983293 0
    outer loop
      vertex 1.545084971874737 4.755282581475767 4
      vertex 1.3949555301961467 4.801468428384715 14
      vertex 1.545084971874737 4.755282581475767 14
    endloop
  endfacet
  facet normal 0.2638730499653729 0.9645574184577981 0
    outer loop
      vertex 1.3949555301961467 4.801468428384715 4
      vertex 1.2434494358242743 4.842915805643155 14
      vertex 1.3949555301961467 4.801468428384715 14
    endloop
  endfacet
  facet normal 0.3239174181981492 0.9460853588275455 0
    outer loop
      vertex 1.6936896012264566 4.704403844771127 4
      vertex 1.545084971874737 4.755282581475767 14
      vertex 1.6936896012264566 4.704403844771127 14
    endloop
  endfacet
  facet normal 0.2334453638559067 0.9723699203976762 0
    outer loop
      vertex 1.2434494358242743 4.842915805643155 4
      vertex 1.0907162069827123 4.879583809693737 14
      vertex 1.2434494358242743 4.842915805643155 14
    endloop
  endfacet
  facet normal 0.4679298142605724 0.8837656300886939 0
    outer loop
      vertex 2.408768370508576 4.381533400219318 4
      vertex 2.2699524986977337 4.455032620941839 14
      vertex 2.408768370508576 4.381533400219318 14
    endloop
  endfacet
  facet normal 0.43993916985591497 0.8980275757606156 0
    outer loop
      vertex 2.2699524986977337 4.455032620941839 4
      vertex 2.1288964578253635 4.524135262330097 14
      vertex 2.2699524986977337 4.455032620941839 14
    endloop
  endfacet
  facet normal 0.41151435860510993 0.9114032766354446 0
    outer loop
      vertex 2.1288964578253635 4.524135262330097 4
      vertex 1.9857394531739037 4.588773128419906 14
      vertex 2.1288964578253635 4.524135262330097 14
    endloop
  endfacet
  facet normal 0 0 1
    outer loop
      vertex -2.1288964578253635 4.524135262330097 14
      vertex -2.0225424859373686 1.469463130731183 14
      vertex -1.9753875309392255 1.5322676341324417 14
    endloop
  endfacet
  facet normal 0 0 1
    outer loop
      vertex -1.9857394531739037 4.588773128419906 14
      vertex -1.9753875309392255 1.5322676341324417 14
      vertex -1.9262831069394735 1.5935599743717241 14
    endloop
  endfacet
  facet normal 0 0 1
    outer loop
      vertex -1.9857394531739037 4.588773128419906 14
      vertex -1.9262831069394735 1.5935599743717241 14
      vertex -1.8752776740761488 1.6532796633091298 14
    endloop
  endfacet
  facet normal 0 0 1
    outer loop
      vertex -1.9857394531739037 4.588773128419906 14
      vertex -1.8752776740761488 1.6532796633091298 14
      vertex -1.8224215685535292 1.7113677648217211 14
    endloop
  endfacet
  facet normal 0 0 1
    outer loop
      vertex -1.8406227634233894 4.648882429441257 14
      vertex -1.8224215685535292 1.7113677648217211 14
      vertex -1.7677669529663689 1.7677669529663689 14
    endloop
  endfacet
  facet normal 0 0 1
    outer loop
      vertex -1.8406227634233894 4.648882429441257 14
      vertex -1.7677669529663689 1.7677669529663689 14
      vertex -1.7113677648217211 1.8224215685535292 14
    endloop
  endfacet
  facet normal 0 0 1
    outer loop
      vertex -1.8406227634233894 4.648882429441257 14
      vertex -1.7113677648217211 1.8224215685535292 14
      vertex -1.6532796633091298 1.8752776740761488 14
    endloop
  endfacet
  facet normal 0 0 1
    outer loop
      vertex -1.6936896012264566 4.704403844771127 14
      vertex -1.6532796633091298 1.8752776740761488 14
      vertex -1.5935599743717241 1.9262831069394735 14
    endloop
  endfacet
  facet normal 0 0 1
    outer loop
      vertex -1.6936896012264566 4.704403844771127 14
      vertex -1.5935599743717241 1.9262831069394735 14
      vertex -1.5322676341324408 1.975387530939226 14
    endloop
  endfacet
  facet normal 0 0 1
    outer loop
      vertex -1.545084971874737 4.755282581475767 14
      vertex -1.5322676341324408 1.975387530939226 14
      vertex -1.469463130731183 2.0225424859373686 14
    endloop
  endfacet
  facet normal 0 0 1
    outer loop
      vertex -1.545084971874737 4.755282581475767 14
      vertex -1.469463130731183 2.0225424859373686 14
      vertex -1.4052084446303263 2.0677014356864047 14
    endloop
  endfacet
  facet normal 0 0 1
    outer loop
      vertex -1.545084971874737 4.755282581475767 14
      vertex -1.4052084446303263 2.0677014356864047 14
      vertex -1.3395669874474918 2.1108198137550374 14
    endloop
  endfacet
  facet normal 0 0 1
    outer loop
      vertex -1.3949555301961467 4.801468428384715 14
      vertex -1.3395669874474918 2.1108198137550374 14
      vertex -1.272603539375928 2.1518550675098593 14
    endloop
  endfacet
  facet normal 0 0 1
    outer loop
      vertex -1.3949555301961467 4.801468428384715 14
      vertex -1.272603539375928 2.1518550675098593 14
      vertex -1.204384185254288 2.190766700109659 14
    endloop
  endfacet
  facet normal 0 0 1
    outer loop
      vertex -1.2434494358242743 4.842915805643155 14
      vertex -1.204384185254288 2.190766700109659 14
      vertex -1.1349762493488669 2.2275163104709197 14
    endloop
  endfacet
  facet normal 0 0 1
    outer loop
      vertex -1.2434494358242743 4.842915805643155 14
      vertex -1.1349762493488669 2.2275163104709197 14
      vertex -1.0644482289126818 2.2620676311650487 14
    endloop
  endfacet
  facet normal 0 0 1
    outer loop
      vertex -2.545207078751856 4.303710135019719 14
      vertex -2.400734214192358 0.6974777650980726 14
      vertex -2.408768370508576 4.381533400219318 14
    endloop
  endfacet
  facet normal 0 0 1
    outer loop
      vertex -2.408768370508576 4.381533400219318 14
      vertex -2.262067631165049 1.064448228912681 14
      vertex -2.2699524986977337 4.455032620941839 14
    endloop
  endfacet
  facet normal 0 0 1
    outer loop
      vertex -2.2699524986977337 4.455032620941839 14
      vertex -2.1108198137550374 1.3395669874474918 14
      vertex -2.1288964578253635 4.524135262330097 14
    endloop
  endfacet
  facet normal 0 0 1
    outer loop
      vertex -2.1288964578253635 4.524135262330097 14
      vertex -1.9753875309392255 1.5322676341324417 14
      vertex -1.9857394531739037 4.588773128419906 14
    endloop
  endfacet
  facet normal 0 0 1
    outer loop
      vertex -1.9857394531739037 4.588773128419906 14
      vertex -1.8224215685535292 1.7113677648217211 14
      vertex -1.8406227634233894 4.648882429441257 14
    endloop
  endfacet
  facet normal 0 0 1
    outer loop
      vertex -1.8406227634233894 4.648882429441257 14
      vertex -1.6532796633091298 1.8752776740761488 14
      vertex -1.6936896012264566 4.704403844771127 14
    endloop
  endfacet
  facet normal 0 0 1
    outer loop
      vertex -1.0907162069827123 4.879583809693737 14
      vertex -1.0644482289126818 2.2620676311650487 14
      vertex -0.9928697265869518 2.294386564209953 14
    endloop
  endfacet
  facet normal 0 0 1
    outer loop
      vertex -1.0907162069827123 4.879583809693737 14
      vertex -0.9928697265869518 2.294386564209953 14
      vertex -0.9203113817116947 2.3244412147206286 14
    endloop
  endfacet
  facet normal 0 0 1
    outer loop
      vertex -0.9369065729286229 4.911436253643443 14
      vertex -0.9203113817116947 2.3244412147206286 14
      vertex -0.8468448006132283 2.3522019223855635 14
    endloop
  endfacet
  facet normal 0 0 1
    outer loop
      vertex -0.9369065729286229 4.911436253643443 14
      vertex -0.8468448006132283 2.3522019223855635 14
      vertex -0.7725424859373685 2.3776412907378837 14
    endloop
  endfacet
  facet normal 0 0 1
    outer loop
      vertex -0.7821723252011543 4.938441702975689 14
      vertex -0.7725424859373685 2.3776412907378837 14
      vertex -0.6974777650980734 2.4007342141923576 14
    endloop
  endfacet
  facet normal 0 0 1
    outer loop
      vertex -0.7821723252011543 4.938441702975689 14
      vertex -0.6974777650980734 2.4007342141923576 14
      vertex -0.6217247179121371 2.4214579028215777 14
    endloop
  endfacet
  facet normal 0 0 1
    outer loop
      vertex -0.6266661678215214 4.9605735065723895 14
      vertex -0.6217247179121371 2.4214579028215777 14
      vertex -0.5453581034913562 2.4397919048468686 14
    endloop
  endfacet
  facet normal 0 0 1
    outer loop
      vertex -0.6266661678215214 4.9605735065723895 14
      vertex -0.5453581034913562 2.4397919048468686 14
      vertex -0.46845328646431145 2.4557181268217216 14
    endloop
  endfacet
  facet normal 0 0 1
    outer loop
      vertex -0.4705415665925721 4.9778098230154 14
      vertex -0.46845328646431145 2.4557181268217216 14
      vertex -0.39108616260057716 2.4692208514878446 14
    endloop
  endfacet
  facet normal 0 0 1
    outer loop
      vertex -0.4705415665925721 4.9778098230154 14
      vertex -0.39108616260057716 2.4692208514878446 14
      vertex -0.3133330839107607 2.4802867532861947 14
    endloop
  endfacet
  facet normal 0 0 1
    outer loop
      vertex -0.31395259764656636 4.990133642141358 14
      vertex -0.3133330839107607 2.4802867532861947 14
      vertex -0.23527078329628606 2.4889049115077 14
    endloop
  endfacet
  facet normal 0 0 1
    outer loop
      vertex -0.31395259764656636 4.990133642141358 14
      vertex -0.23527078329628606 2.4889049115077 14
      vertex -0.15697629882328318 2.495066821070679 14
    endloop
  endfacet
  facet normal 0 0 1
    outer loop
      vertex -0.15705379539064124 4.997532801828658 14
      vertex -0.15697629882328318 2.495066821070679 14
      vertex -0.07852689769532062 2.498766400914329 14
    endloop
  endfacet
  facet normal 0 0 1
    outer loop
      vertex 0 5 14
      vertex 0 2.5 14
      vertex 0.07852689769532062 2.498766400914329 14
    endloop
  endfacet
  facet normal 0 0 1
    outer loop
      vertex 0 5 14
      vertex -0.07852689769532062 2.498766400914329 14
      vertex 0 2.5 14
    endloop
  endfacet
  facet normal 0 0 1
    outer loop
      vertex 0.15705379539064124 4.997532801828658 14
      vertex 0.15697629882328318 2.495066821070679 14
      vertex 0.23527078329628606 2.4889049115077 14
    endloop
  endfacet
  facet normal 0 0 1
    outer loop
      vertex 0.15705379539064124 4.997532801828658 14
      vertex 0.07852689769532062 2.498766400914329 14
      vertex 0.15697629882328318 2.495066821070679 14
    endloop
  endfacet
  facet normal 0 0 1
    outer loop
      vertex -1.6936896012264566 4.704403844771127 14
      vertex -1.5322676341324408 1.975387530939226 14
      vertex -1.545084971874737 4.755282581475767 14
    endloop
  endfacet
  facet normal 0 0 1
    outer loop
      vertex -1.545084971874737 4.755282581475767 14
      vertex -1.3395669874474918 2.1108198137550374 14
      vertex -1.3949555301961467 4.801468428384715 14
    endloop
  endfacet
  facet normal 0 0 1
    outer loop
      vertex -1.3949555301961467 4.801468428384715 14
      vertex -1.204384185254288 2.190766700109659 14
      vertex -1.2434494358242743 4.842915805643155 14
    endloop
  endfacet
  facet normal 0 0 1
    outer loop
      vertex -1.2434494358242743 4.842915805643155 14
      vertex -1.0644482289126818 2.2620676311650487 14
      vertex -1.0907162069827123 4.879583809693737 14
    endloop
  endfacet
  facet normal 0 0 1
    outer loop
      vertex -1.0907162069827123 4.879583809693737 14
      vertex -0.9203113817116947 2.3244412147206286 14
      vertex -0.9369065729286229 4.911436253643443 14
    endloop
  endfacet
  facet normal 0 0 1
    outer loop
      vertex -0.9369065729286229 4.911436253643443 14
      vertex -0.7725424859373685 2.3776412907378837 14
      vertex -0.7821723252011543 4.938441702975689 14
    endloop
  endfacet
  facet normal 0 0 1
    outer loop
      vertex -0.7821723252011543 4.938441702975689 14
      vertex -0.6217247179121371 2.4214579028215777 14
      vertex -0.6266661678215214 4.9605735065723895 14
    endloop
  endfacet
  facet normal 0 0 1
    outer loop
      vertex -0.6266661678215214 4.9605735065723895 14
      vertex -0.46845328646431145 2.4557181268217216 14
      vertex -0.4705415665925721 4.9778098230154 14
    endloop
  endfacet
  facet normal 0 0 1
    outer loop
      vertex -0.4705415665925721 4.9778098230154 14
      vertex -0.3133330839107607 2.4802867532861947 14
      vertex -0.31395259764656636 4.990133642141358 14
    endloop
  endfacet
  facet normal 0 0 1
    outer loop
      vertex -0.31395259764656636 4.990133642141358 14
      vertex -0.15697629882328318 2.495066821070679 14
      vertex -0.15705379539064124 4.997532801828658 14
    endloop
  endfacet
  facet normal 0 0 1
    outer loop
      vertex -0.15705379539064124 4.997532801828658 14
      vertex -0.07852689769532062 2.498766400914329 14
      vertex 0 5 14
    endloop
  endfacet
  facet normal 0 0 1
    outer loop
      vertex 0.15705379539064124 4.997532801828658 14
      vertex 0 5 14
      vertex 0.07852689769532062 2.498766400914329 14
    endloop
  endfacet
  facet normal 0 0 1
    outer loop
      vertex 1.9857394531739037 4.588773128419906 14
      vertex 1.9262831069394728 1.5935599743717244 14
      vertex 1.975387530939226 1.5322676341324408 14
    endloop
  endfacet
  facet normal 0 0 1
    outer loop
      vertex 1.8406227634233894 4.648882429441257 14
      vertex 1.875277674076149 1.6532796633091296 14
      vertex 1.9262831069394728 1.5935599743717244 14
    endloop
  endfacet
  facet normal 0 0 1
    outer loop
      vertex 1.8406227634233894 4.648882429441257 14
      vertex 1.822421568553529 1.7113677648217218 14
      vertex 1.875277674076149 1.6532796633091296 14
    endloop
  endfacet
  facet normal 0 0 1
    outer loop
      vertex 1.8406227634233894 4.648882429441257 14
      vertex 1.7677669529663689 1.7677669529663689 14
      vertex 1.822421568553529 1.7113677648217218 14
    endloop
  endfacet
  facet normal 0 0 1
    outer loop
      vertex 1.6936896012264566 4.704403844771127 14
      vertex 1.7113677648217218 1.822421568553529 14
      vertex 1.7677669529663689 1.7677669529663689 14
    endloop
  endfacet
  facet normal 0 0 1
    outer loop
      vertex 1.6936896012264566 4.704403844771127 14
      vertex 1.6532796633091296 1.875277674076149 14
      vertex 1.7113677648217218 1.822421568553529 14
    endloop
  endfacet
  facet normal 0 0 1
    outer loop
      vertex 1.545084971874737 4.755282581475767 14
      vertex 1.469463130731183 2.0225424859373686 14
      vertex 1.5322676341324408 1.975387530939226 14
    endloop
  endfacet
  facet normal 0 0 1
    outer loop
      vertex 1.3949555301961467 4.801468428384715 14
      vertex 1.4052084446303263 2.0677014356864047 14
      vertex 1.469463130731183 2.0225424859373686 14
    endloop
  endfacet
  facet normal 0 0 1
    outer loop
      vertex 1.6936896012264566 4.704403844771127 14
      vertex 1.5935599743717244 1.9262831069394728 14
      vertex 1.6532796633091296 1.875277674076149 14
    endloop
  endfacet
  facet normal 0 0 1
    outer loop
      vertex 1.545084971874737 4.755282581475767 14
      vertex 1.5322676341324408 1.975387530939226 14
      vertex 1.5935599743717244 1.9262831069394728 14
    endloop
  endfacet
  facet normal 0 0 1
    outer loop
      vertex 1.2434494358242743 4.842915805643155 14
      vertex 1.2726035393759283 2.1518550675098593 14
      vertex 1.3395669874474916 2.110819813755038 14
    endloop
  endfacet
  facet normal 0 0 1
    outer loop
      vertex 1.3949555301961467 4.801468428384715 14
      vertex 1.3395669874474916 2.110819813755038 14
      vertex 1.4052084446303263 2.0677014356864047 14
    endloop
  endfacet
  facet normal 0 0 1
    outer loop
      vertex 1.2434494358242743 4.842915805643155 14
      vertex 1.204384185254288 2.190766700109659 14
      vertex 1.2726035393759283 2.1518550675098593 14
    endloop
  endfacet
  facet normal 0 0 1
    outer loop
      vertex 1.2434494358242743 4.842915805643155 14
      vertex 1.1349762493488669 2.2275163104709197 14
      vertex 1.204384185254288 2.190766700109659 14
    endloop
  endfacet
  facet normal 0 0 1
    outer loop
      vertex 1.0907162069827123 4.879583809693737 14
      vertex 1.0644482289126818 2.2620676311650487 14
      vertex 1.1349762493488669 2.2275163104709197 14
    endloop
  endfacet
  facet normal 0 0 1
    outer loop
      vertex 1.9857394531739037 4.588773128419906 14
      vertex 1.975387530939226 1.5322676341324408 14
      vertex 2.0225424859373686 1.469463130731183 14
    endloop
  endfacet
  facet normal 0 0 1
    outer loop
      vertex 2.5452070787518566 4.303710135019719 14
      vertex 2.408768370508576 4.381533400219318 14
      vertex 2.4802867532861947 0.31333308391076065 14
    endloop
  endfacet
  facet normal 0 0 1
    outer loop
      vertex 0.6266661678215214 4.9605735065723895 14
      vertex 0.5453581034913562 2.4397919048468686 14
      vertex 0.6217247179121371 2.4214579028215777 14
    endloop
  endfacet
  facet normal 0 0 1
    outer loop
      vertex 1.0907162069827123 4.879583809693737 14
      vertex 0.9928697265869518 2.294386564209953 14
      vertex 1.0644482289126818 2.2620676311650487 14
    endloop
  endfacet
  facet normal 0 0 1
    outer loop
      vertex 0.9369065729286229 4.911436253643443 14
      vertex 0.9203113817116947 2.3244412147206286 14
      vertex 0.9928697265869518 2.294386564209953 14
    endloop
  endfacet
  facet normal 0 0 1
    outer loop
      vertex 0.9369065729286229 4.911436253643443 14
      vertex 0.8468448006132283 2.3522019223855635 14
      vertex 0.9203113817116947 2.3244412147206286 14
    endloop
  endfacet
  facet normal 0 0 1
    outer loop
      vertex 0.7821723252011543 4.938441702975689 14
      vertex 0.7725424859373685 2.3776412907378837 14
      vertex 0.8468448006132283 2.3522019223855635 14
    endloop
  endfacet
  facet normal 0 0 1
    outer loop
      vertex 0.7821723252011543 4.938441702975689 14
      vertex 0.6974777650980734 2.4007342141923576 14
      vertex 0.7725424859373685 2.3776412907378837 14
    endloop
  endfacet
  facet normal 0 0 1
    outer loop
      vertex 0.6266661678215214 4.9605735065723895 14
      vertex 0.6217247179121371 2.4214579028215777 14
      vertex 0.6974777650980734 2.4007342141923576 14
    endloop
  endfacet
  facet normal 0 0 1
    outer loop
      vertex 0.31395259764656636 4.990133642141358 14
      vertex 0.23527078329628606 2.4889049115077 14
      vertex 0.3133330839107607 2.4802867532861947 14
    endloop
  endfacet
  facet normal 0 0 1
    outer loop
      vertex 0.31395259764656636 4.990133642141358 14
      vertex 0.3133330839107607 2.4802867532861947 14
      vertex 0.39108616260057716 2.4692208514878446 14
    endloop
  endfacet
  facet normal 0 0 1
    outer loop
      vertex 0.4705415665925721 4.9778098230154 14
      vertex 0.46845328646431145 2.4557181268217216 14
      vertex 0.5453581034913562 2.4397919048468686 14
    endloop
  endfacet
  facet normal 0 0 1
    outer loop
      vertex 0.4705415665925721 4.9778098230154 14
      vertex 0.39108616260057716 2.4692208514878446 14
      vertex 0.46845328646431145 2.4557181268217216 14
    endloop
  endfacet
  facet normal 0 0 1
    outer loop
      vertex 1.8406227634233894 4.648882429441257 14
      vertex 1.9262831069394728 1.5935599743717244 14
      vertex 1.9857394531739037 4.588773128419906 14
    endloop
  endfacet
  facet normal 0 0 1
    outer loop
      vertex 1.8406227634233894 4.648882429441257 14
      vertex 1.6936896012264566 4.704403844771127 14
      vertex 1.7677669529663689 1.7677669529663689 14
    endloop
  endfacet
  facet normal 0 0 1
    outer loop
      vertex 2.408768370508576 4.381533400219318 14
      vertex 2.2699524986977337 4.455032620941839 14
      vertex 2.3522019223855635 0.8468448006132285 14
    endloop
  endfacet
  facet normal 0 0 1
    outer loop
      vertex 2.1288964578253635 4.524135262330097 14
      vertex 2.190766700109659 1.2043841852542883 14
      vertex 2.2699524986977337 4.455032620941839 14
    endloop
  endfacet
  facet normal 0 0 1
    outer loop
      vertex 2.1288964578253635 4.524135262330097 14
      vertex 1.9857394531739037 4.588773128419906 14
      vertex 2.0677014356864047 1.4052084446303263 14
    endloop
  endfacet
  facet normal 0 0 1
    outer loop
      vertex 0.9369065729286229 4.911436253643443 14
      vertex 0.9928697265869518 2.294386564209953 14
      vertex 1.0907162069827123 4.879583809693737 14
    endloop
  endfacet
  facet normal 0 0 1
    outer loop
      vertex 1.3949555301961467 4.801468428384715 14
      vertex 1.469463130731183 2.0225424859373686 14
      vertex 1.545084971874737 4.755282581475767 14
    endloop
  endfacet
  facet normal 0 0 1
    outer loop
      vertex 1.6936896012264566 4.704403844771127 14
      vertex 1.545084971874737 4.755282581475767 14
      vertex 1.5935599743717244 1.9262831069394728 14
    endloop
  endfacet
  facet normal 0 0 1
    outer loop
      vertex 1.2434494358242743 4.842915805643155 14
      vertex 1.0907162069827123 4.879583809693737 14
      vertex 1.1349762493488669 2.2275163104709197 14
    endloop
  endfacet
  facet normal 0 0 1
    outer loop
      vertex 1.2434494358242743 4.842915805643155 14
      vertex 1.3395669874474916 2.110819813755038 14
      vertex 1.3949555301961467 4.801468428384715 14
    endloop
  endfacet
  facet normal 0 0 1
    outer loop
      vertex 0.6266661678215214 4.9605735065723895 14
      vertex 0.4705415665925721 4.9778098230154 14
      vertex 0.5453581034913562 2.4397919048468686 14
    endloop
  endfacet
  facet normal 0 0 1
    outer loop
      vertex 0.15705379539064124 4.997532801828658 14
      vertex 0.23527078329628606 2.4889049115077 14
      vertex 0.31395259764656636 4.990133642141358 14
    endloop
  endfacet
  facet normal 0 0 1
    outer loop
      vertex 0.31395259764656636 4.990133642141358 14
      vertex 0.39108616260057716 2.4692208514878446 14
      vertex 0.4705415665925721 4.9778098230154 14
    endloop
  endfacet
  facet normal 0 0 1
    outer loop
      vertex 0.6266661678215214 4.9605735065723895 14
      vertex 0.6974777650980734 2.4007342141923576 14
      vertex 0.7821723252011543 4.938441702975689 14
    endloop
  endfacet
  facet normal 0 0 1
    outer loop
      vertex 0.9369065729286229 4.911436253643443 14
      vertex 0.7821723252011543 4.938441702975689 14
      vertex 0.8468448006132283 2.3522019223855635 14
    endloop
  endfacet
  facet normal 0 0 -1
    outer loop
      vertex 98.98067908071792 -7.435070662837934 0
      vertex 98.94108313318515 -7.440706000684277 0
      vertex 98.94108313318515 -7.3718638987619345 0
    endloop
  endfacet
  facet normal 0 0 -1
    outer loop
      vertex 99.87381314585724 -7.262010347657042 0
      vertex 99.87381314585724 -6.714443623120558 0
      vertex 99.91421601737636 -7.2509573727577825 0
    endloop
  endfacet
  facet normal 0 0 -1
    outer loop
      vertex 98.6673436735031 -7.469742285013943 0
      vertex 98.62790519529314 -7.472846160563632 0
      vertex 98.70581234988886 -5.020951709447059 0
    endloop
  endfacet
  facet normal 0 0 -1
    outer loop
      vertex 98.31410759078129 -7.492595968253993 0
      vertex 98.31410759078129 -4.330127018922193 0
      vertex 98.3534486702627 -7.490740690041743 0
    endloop
  endfacet
  facet normal 0 0 -1
    outer loop
      vertex 98.98067908071792 -7.435070662837934 0
      vertex 98.94108313318515 -7.3718638987619345 0
      vertex 99.02945543318579 -4.330127018922193 0
    endloop
  endfacet
  facet normal 0 0 -1
    outer loop
      vertex 99.5643446504023 -7.334230213031668 0
      vertex 99.63607431047407 -5.3108070010621 0
      vertex 99.60441820712168 -7.325931378390266 0
    endloop
  endfacet
  facet normal 0 0 -1
    outer loop
      vertex 100.48689887164855 -7.0749693136391505 0
      vertex 100.5405344018397 -6.2715685487753765 0
      vertex 100.528135363756 -7.060850906738167 0
    endloop
  endfacet
  facet normal 0 0 -1
    outer loop
      vertex 99.29314600082492 -7.386738833916424 0
      vertex 99.25333233564304 -7.3936874308404485 0
      vertex 99.25333233564304 -4.330127018922193 0
    endloop
  endfacet
  facet normal 0 0 -1
    outer loop
      vertex 100.78991106039228 -6.961321012866614 0
      vertex 100.78991106039228 -5.128747649935414 0
      vertex 100.8316806724576 -6.944019473054099 0
    endloop
  endfacet
  facet normal 0 0 -1
    outer loop
      vertex 100.18143241396542 -7.1748229386094815 0
      vertex 100.18143241396542 -4.330127018922193 0
      vertex 100.22222769977469 -7.162272669961796 0
    endloop
  endfacet
  facet normal 0 0 -1
    outer loop
      vertex 99.91421601737636 -7.2509573727577825 0
      vertex 99.87381314585724 -6.714443623120558 0
      vertex 99.96010008716188 -4.330127018922193 0
    endloop
  endfacet
  facet normal 0 0 -1
    outer loop
      vertex 99.5643446504023 -7.334230213031668 0
      vertex 99.5643446504023 -4.330127018922193 0
      vertex 99.63607431047407 -5.3108070010621 0
    endloop
  endfacet
  facet normal 0 0 -1
    outer loop
      vertex 100.48689887164855 -7.0749693136391505 0
      vertex 100.48689887164855 -4.330127018922193 0
      vertex 100.5405344018397 -6.2715685487753765 0
    endloop
  endfacet
  facet normal 0 0 -1
    outer loop
      vertex 98.62790519529314 -7.472846160563632 0
      vertex 98.62790519529314 -4.330127018922193 0
      vertex 98.70581234988886 -5.020951709447059 0
    endloop
  endfacet
  facet normal 0 0 -1
    outer loop
      vertex 98.3534486702627 -7.490740690041743 0
      vertex 98.31410759078129 -4.330127018922193 0
      vertex 98.40309955740177 -4.330127018922193 0
    endloop
  endfacet
  facet normal 0 0 -1
    outer loop
      vertex 98.94108313318515 -7.3718638987619345 0
      vertex 98.99898979244877 -4.330127018922193 0
      vertex 99.02945543318579 -4.330127018922193 0
    endloop
  endfacet
  facet normal 0 0 -1
    outer loop
      vertex 99.29314600082492 -7.386738833916424 0
      vertex 99.25333233564304 -4.330127018922193 0
      vertex 99.34116309625199 -4.330127018922193 0
    endloop
  endfacet
  facet normal 0 0 -1
    outer loop
      vertex 100.22222769977469 -7.162272669961796 0
      vertex 100.18143241396542 -4.330127018922193 0
      vertex 100.26671859892068 -4.330127018922193 0
    endloop
  endfacet
  facet normal 0 0 -1
    outer loop
      vertex 99.87381314585724 -6.714443623120558 0
      vertex 99.92204123323876 -4.330127018922193 0
      vertex 99.96010008716188 -4.330127018922193 0
    endloop
  endfacet
  facet normal 0 0 -1
    outer loop
      vertex 102.53990499739547 -5.968882748292987 0
      vertex 102.59680290239733 -5.288130030470517 0
      vertex 102.5866602550422 -5.93377790786184 0
    endloop
  endfacet
  facet normal 0 0 -1
    outer loop
      vertex 101.09016994374947 -6.832788076227787 0
      vertex 101.19033423098475 -3.134433056652631 0
      vertex 101.13253633253227 -6.813658918199379 0
    endloop
  endfacet
  facet normal 0 0 -1
    outer loop
      vertex 100.78991106039228 -5.128747649935414 0
      vertex 100.8831687011005 -3.6664593607459435 0
      vertex 100.8316806724576 -6.944019473054099 0
    endloop
  endfacet
  facet normal 0 0 -1
    outer loop
      vertex 101.68124552684678 -6.533460555341177 0
      vertex 101.68124552684678 -2.2841497502101036 0
      vertex 101.72506331388796 -6.50846733087232 0
    endloop
  endfacet
  facet normal 0 0 -1
    outer loop
      vertex 102.25779291565073 -6.173468434233728 0
      vertex 102.25779291565073 -3.518853469515149 0
      vertex 102.3034580888688 -6.141374412960345 0
    endloop
  endfacet
  facet normal -0.6004202253258936 -0.7996846584870835 0
    outer loop
      vertex 93.59161060780644 -6.067627457812106 4
      vertex 93.59161060780644 -6.067627457812106 19
      vertex 93.40319709760267 -5.926162592817676 4
    endloop
  endfacet
  facet normal -0.6252426563357102 -0.7804304073383257 0
    outer loop
      vertex 93.40319709760267 -5.926162592817676 4
      vertex 93.40319709760267 -5.926162592817676 19
      vertex 93.21932007688483 -5.77884932081842 4
    endloop
  endfacet
  facet normal -0.649448048330183 -0.7604059656000315 0
    outer loop
      vertex 93.04016101007261 -5.625833022228446 4
      vertex 93.21932007688483 -5.77884932081842 4
      vertex 93.21932007688483 -5.77884932081842 19
    endloop
  endfacet
  facet normal -0.673012513509777 -0.7396310949786064 0
    outer loop
      vertex 93.04016101007261 -5.625833022228446 4
      vertex 93.04016101007261 -5.625833022228446 19
      vertex 92.86589670553484 -5.467264705660588 4
    endloop
  endfacet
  facet normal -0.6959127965923123 -0.7181262977631908 0
    outer loop
      vertex 92.86589670553484 -5.467264705660588 4
      vertex 92.86589670553484 -5.467264705660588 19
      vertex 92.6966991411009 -5.303300858899107 4
    endloop
  endfacet
  facet normal -0.7181262977632004 -0.6959127965923025 0
    outer loop
      vertex 92.6966991411009 -5.303300858899107 4
      vertex 92.6966991411009 -5.303300858899107 19
      vertex 92.53273529433942 -5.134103294465164 4
    endloop
  endfacet
  facet normal -0.7396310949785947 -0.67301251350979 0
    outer loop
      vertex 92.53273529433942 -5.134103294465164 4
      vertex 92.53273529433942 -5.134103294465164 19
      vertex 92.37416697777155 -4.959838989927389 4
    endloop
  endfacet
  facet normal -0.35347484377927096 -0.9354440308298622 0
    outer loop
      vertex 95.23906585486492 -6.973323644161886 4
      vertex 95.4594655981603 -7.056605767156691 4
      vertex 95.4594655981603 -7.056605767156691 19
    endloop
  endfacet
  facet normal -0.38268343236509195 -0.9238795325112859 0
    outer loop
      vertex 95.23906585486492 -6.973323644161886 4
      vertex 95.23906585486492 -6.973323644161886 19
      vertex 95.02139082023915 -6.883159692629858 4
    endloop
  endfacet
  facet normal -0.23344536385591488 -0.9723699203976743 0
    outer loop
      vertex 96.1348258462636 -7.264373708464733 4
      vertex 96.36392568952593 -7.319375714540605 4
      vertex 96.36392568952593 -7.319375714540605 19
    endloop
  endfacet
  facet normal -0.26387304996536715 -0.9645574184577995 0
    outer loop
      vertex 95.90756670470579 -7.202202642577074 4
      vertex 96.1348258462636 -7.264373708464733 4
      vertex 96.1348258462636 -7.264373708464733 19
    endloop
  endfacet
  facet normal -0.2027872953565049 -0.9792228106217674 0
    outer loop
      vertex 96.59464014060707 -7.3671543804651645 4
      vertex 96.59464014060707 -7.3671543804651645 19
      vertex 96.36392568952593 -7.319375714540605 4
    endloop
  endfacet
  facet normal -0.17192910027941583 -0.9851093261547729 0
    outer loop
      vertex 96.59464014060707 -7.3671543804651645 4
      vertex 96.82674151219827 -7.407662554463533 4
      vertex 96.82674151219827 -7.407662554463533 19
    endloop
  endfacet
  facet normal -0.14090123193757959 -0.990023657716558 0
    outer loop
      vertex 97.06000074826773 -7.440860259858584 4
      vertex 97.06000074826773 -7.440860259858584 19
      vertex 96.82674151219827 -7.407662554463533 4
    endloop
  endfacet
  facet normal -0.10973431109104595 -0.9939609554551797 0
    outer loop
      vertex 97.06000074826773 -7.440860259858584 4
      vertex 97.29418765011114 -7.4667147345231 4
      vertex 97.29418765011114 -7.4667147345231 19
    endloop
  endfacet
  facet normal -0.2940403252322994 -0.9557930147983316 0
    outer loop
      vertex 95.90756670470579 -7.202202642577074 4
      vertex 95.90756670470579 -7.202202642577074 19
      vertex 95.68237254218789 -7.132923872213651 4
    endloop
  endfacet
  facet normal -0.3239174181981401 -0.9460853588275485 0
    outer loop
      vertex 95.68237254218789 -7.132923872213651 4
      vertex 95.68237254218789 -7.132923872213651 19
      vertex 95.4594655981603 -7.056605767156691 4
    endloop
  endfacet
  facet normal -0.41151435860510505 -0.911403276635447 0
    outer loop
      vertex 95.02139082023915 -6.883159692629858 4
      vertex 95.02139082023915 -6.883159692629858 19
      vertex 94.80665531326196 -6.786202893495147 4
    endloop
  endfacet
  facet normal -0.4399391698559143 -0.8980275757606161 0
    outer loop
      vertex 94.80665531326196 -6.786202893495147 4
      vertex 94.80665531326196 -6.786202893495147 19
      vertex 94.5950712519534 -6.682548931412759 4
    endloop
  endfacet
  facet normal -0.4679298142605744 -0.8837656300886928 0
    outer loop
      vertex 94.38684744423713 -6.572300100328976 4
      vertex 94.5950712519534 -6.682548931412759 4
      vertex 94.5950712519534 -6.682548931412759 19
    endloop
  endfacet
  facet normal -0.4954586684324134 -0.868631514438188 0
    outer loop
      vertex 94.38684744423713 -6.572300100328976 4
      vertex 94.38684744423713 -6.572300100328976 19
      vertex 94.18218938187222 -6.455565202529578 4
    endloop
  endfacet
  facet normal -0.522498564715936 -0.8526401643541001 0
    outer loop
      vertex 94.18218938187222 -6.455565202529578 4
      vertex 94.18218938187222 -6.455565202529578 19
      vertex 93.98129903765752 -6.3324594412651125 4
    endloop
  endfacet
  facet normal -0.5490228179981282 -0.8358073613682726 0
    outer loop
      vertex 93.98129903765752 -6.3324594412651125 4
      vertex 93.98129903765752 -6.3324594412651125 19
      vertex 93.78437466610902 -6.203104307059214 4
    endloop
  endfacet
  facet normal -0.07845909572784758 -0.9969173337331279 0
    outer loop
      vertex 97.29418765011114 -7.4667147345231 4
      vertex 97.52907110353014 -7.485200463212037 4
      vertex 97.52907110353014 -7.485200463212037 19
    endloop
  endfacet
  facet normal -0.04710645070964504 -0.9988898749619698 0
    outer loop
      vertex 97.52907110353014 -7.485200463212037 4
      vertex 97.76441930691404 -7.496299202742987 4
      vertex 97.76441930691404 -7.496299202742987 19
    endloop
  endfacet
  facet normal -0.015707317311817754 -0.9998766324816606 0
    outer loop
      vertex 97.76441930691404 -7.496299202742987 4
      vertex 98 -7.5 4
      vertex 98 -7.5 19
    endloop
  endfacet
  facet normal 0.015707317311817754 -0.9998766324816606 0
    outer loop
      vertex 98 -7.5 4
      vertex 98.23558069308596 -7.496299202742987 4
      vertex 98.23558069308596 -7.496299202742987 19
    endloop
  endfacet
  facet normal 0.04710645070964504 -0.9988898749619698 0
    outer loop
      vertex 98.23558069308596 -7.496299202742987 4
      vertex 98.47092889646986 -7.485200463212037 4
      vertex 98.47092889646986 -7.485200463212037 19
    endloop
  endfacet
  facet normal 0.07845909572784758 -0.9969173337331279 0
    outer loop
      vertex 98.47092889646986 -7.485200463212037 4
      vertex 98.70581234988886 -7.4667147345231 4
      vertex 98.70581234988886 -7.4667147345231 19
    endloop
  endfacet
  facet normal 0.10973431109104595 -0.9939609554551797 0
    outer loop
      vertex 98.70581234988886 -7.4667147345231 4
      vertex 98.93999925173227 -7.440860259858584 4
      vertex 98.93999925173227 -7.440860259858584 19
    endloop
  endfacet
  facet normal 0.14090123193757959 -0.990023657716558 0
    outer loop
      vertex 98.93999925173227 -7.440860259858584 4
      vertex 99.17325848780173 -7.407662554463533 4
      vertex 99.17325848780173 -7.407662554463533 19
    endloop
  endfacet
  facet normal 0.17192910027941583 -0.9851093261547729 0
    outer loop
      vertex 99.17325848780173 -7.407662554463533 4
      vertex 99.40535985939293 -7.3671543804651645 4
      vertex 99.40535985939293 -7.3671543804651645 19
    endloop
  endfacet
  facet normal 0.2027872953565049 -0.9792228106217674 0
    outer loop
      vertex 99.40535985939293 -7.3671543804651645 4
      vertex 99.63607431047407 -7.319375714540605 4
      vertex 99.63607431047407 -7.319375714540605 19
    endloop
  endfacet
  facet normal 0.23344536385591133 -0.9723699203976752 0
    outer loop
      vertex 99.63607431047407 -7.319375714540605 4
      vertex 99.8651741537364 -7.264373708464734 4
      vertex 99.8651741537364 -7.264373708464734 19
    endloop
  endfacet
  facet normal 0.26387304996537064 -0.9645574184577986 0
    outer loop
      vertex 99.8651741537364 -7.264373708464734 4
      vertex 100.09243329529421 -7.202202642577074 4
      vertex 100.09243329529421 -7.202202642577074 19
    endloop
  endfacet
  facet normal 0.2940403252322994 -0.9557930147983316 0
    outer loop
      vertex 100.09243329529421 -7.202202642577074 4
      vertex 100.31762745781211 -7.132923872213651 4
      vertex 100.31762745781211 -7.132923872213651 19
    endloop
  endfacet
  facet normal 0.3239174181981401 -0.9460853588275485 0
    outer loop
      vertex 100.31762745781211 -7.132923872213651 4
      vertex 100.5405344018397 -7.056605767156691 4
      vertex 100.5405344018397 -7.056605767156691 19
    endloop
  endfacet
  facet normal 0.35347484377927757 -0.9354440308298597 0
    outer loop
      vertex 100.5405344018397 -7.056605767156691 4
      vertex 100.76093414513508 -6.973323644161884 4
      vertex 100.76093414513508 -6.973323644161884 19
    endloop
  endfacet
  facet normal -0.5750052520432721 -0.818149717425028 0
    outer loop
      vertex 93.59161060780644 -6.067627457812106 4
      vertex 93.78437466610902 -6.203104307059214 4
      vertex 93.78437466610902 -6.203104307059214 19
    endloop
  endfacet
  facet normal 0.3826834323650823 -0.9238795325112898 0
    outer loop
      vertex 100.76093414513508 -6.973323644161884 4
      vertex 100.97860917976085 -6.883159692629859 4
      vertex 100.97860917976085 -6.883159692629859 19
    endloop
  endfacet
  facet normal 0.41151435860510815 -0.9114032766354455 0
    outer loop
      vertex 100.97860917976085 -6.883159692629859 4
      vertex 101.19334468673804 -6.786202893495147 4
      vertex 101.19334468673804 -6.786202893495147 19
    endloop
  endfacet
  facet normal 0.4399391698559143 -0.8980275757606161 0
    outer loop
      vertex 101.19334468673804 -6.786202893495147 4
      vertex 101.4049287480466 -6.682548931412759 4
      vertex 101.4049287480466 -6.682548931412759 19
    endloop
  endfacet
  facet normal 0.4679298142605744 -0.8837656300886928 0
    outer loop
      vertex 101.4049287480466 -6.682548931412759 4
      vertex 101.61315255576287 -6.572300100328976 4
      vertex 101.61315255576287 -6.572300100328976 19
    endloop
  endfacet
  facet normal 0.49545866843239594 -0.8686315144381979 0
    outer loop
      vertex 101.61315255576287 -6.572300100328976 4
      vertex 101.8178106181278 -6.455565202529575 4
      vertex 101.8178106181278 -6.455565202529575 19
    endloop
  endfacet
  facet normal 0.5224985647159466 -0.8526401643540937 0
    outer loop
      vertex 101.8178106181278 -6.455565202529575 4
      vertex 102.01870096234248 -6.332459441265115 4
      vertex 102.01870096234248 -6.332459441265115 19
    endloop
  endfacet
  facet normal 0.5490228179981361 -0.8358073613682673 0
    outer loop
      vertex 102.01870096234248 -6.332459441265115 4
      vertex 102.21562533389098 -6.203104307059214 4
      vertex 102.21562533389098 -6.203104307059214 19
    endloop
  endfacet
  facet normal 0.5750052520432721 -0.818149717425028 0
    outer loop
      vertex 102.21562533389098 -6.203104307059214 4
      vertex 102.40838939219356 -6.067627457812106 4
      vertex 102.40838939219356 -6.067627457812106 19
    endloop
  endfacet
  facet normal 0.6004202253258936 -0.7996846584870835 0
    outer loop
      vertex 102.40838939219356 -6.067627457812106 4
      vertex 102.59680290239733 -5.926162592817676 4
      vertex 102.59680290239733 -5.926162592817676 19
    endloop
  endfacet
  facet normal 0.6252426563357149 -0.7804304073383221 0
    outer loop
      vertex 102.59680290239733 -5.926162592817676 4
      vertex 102.78067992311517 -5.778849320818418 4
      vertex 102.78067992311517 -5.778849320818418 19
    endloop
  endfacet
  facet normal 0.649448048330172 -0.7604059656000408 0
    outer loop
      vertex 102.78067992311517 -5.778849320818418 4
      vertex 102.95983898992739 -5.6258330222284485 4
      vertex 102.95983898992739 -5.6258330222284485 19
    endloop
  endfacet
  facet normal 0.6730125135097832 -0.7396310949786007 0
    outer loop
      vertex 102.95983898992739 -5.6258330222284485 4
      vertex 103.13410329446516 -5.467264705660588 4
      vertex 103.13410329446516 -5.467264705660588 19
    endloop
  endfacet
  facet normal 0.6959127965923123 -0.7181262977631908 0
    outer loop
      vertex 103.13410329446516 -5.467264705660588 4
      vertex 103.3033008588991 -5.303300858899107 4
      vertex 103.3033008588991 -5.303300858899107 19
    endloop
  endfacet
  facet normal 0.7181262977632004 -0.6959127965923025 0
    outer loop
      vertex 103.3033008588991 -5.303300858899107 4
      vertex 103.46726470566058 -5.134103294465164 4
      vertex 103.46726470566058 -5.134103294465164 19
    endloop
  endfacet
  facet normal 0.7396310949786014 -0.6730125135097824 0
    outer loop
      vertex 103.46726470566058 -5.134103294465164 4
      vertex 103.62583302222845 -4.959838989927386 4
      vertex 103.62583302222845 -4.959838989927386 19
    endloop
  endfacet
  facet normal 0 0 -1
    outer loop
      vertex 98.70581234988886 -5.020951709447059 0
      vertex 98.62790519529314 -4.330127018922193 0
      vertex 98.69866334914502 -4.330127018922193 0
    endloop
  endfacet
  facet normal 0 0 -1
    outer loop
      vertex 100.5405344018397 -6.2715685487753765 0
      vertex 100.48689887164855 -4.330127018922193 0
      vertex 100.5 -4.330127018922193 0
    endloop
  endfacet
  facet normal 0 0 -1
    outer loop
      vertex 100.5405344018397 -6.2715685487753765 0
      vertex 100.5 -4.330127018922193 0
      vertex 100.52975215832359 -4.278594769070914 0
    endloop
  endfacet
  facet normal 0 0 -1
    outer loop
      vertex 99.63607431047407 -5.3108070010621 0
      vertex 99.5643446504023 -4.330127018922193 0
      vertex 99.62735123081121 -4.330127018922193 0
    endloop
  endfacet
  facet normal 0 0 -1
    outer loop
      vertex 101.9714789063478 -6.361397154396242 0
      vertex 101.9714789063478 -1.7814507908619095 0
      vertex 102.01614853019593 -6.334023573696191 0
    endloop
  endfacet
  facet normal 0 0 -1
    outer loop
      vertex 102.01614853019593 -6.334023573696191 0
      vertex 101.99665752312609 -1.7378401473376157 0
      vertex 102.01870096234248 -6.171544061207877 0
    endloop
  endfacet
  facet normal 0 0 -1
    outer loop
      vertex 101.09016994374947 -6.832788076227787 0
      vertex 101.09016994374947 -3.3079226912480397 0
      vertex 101.19033423098475 -3.134433056652631 0
    endloop
  endfacet
  facet normal 0 0 -1
    outer loop
      vertex 102.81753674101715 -5.747370624520696 0
      vertex 102.81753674101715 -3.4326644035451728 0
      vertex 102.86555534648694 -5.7063588610460565 0
    endloop
  endfacet
  facet normal 0 0 -1
    outer loop
      vertex 100.78991106039228 -5.128747649935414 0
      vertex 100.82395005402321 -3.7690290662392907 0
      vertex 100.8831687011005 -3.6664593607459435 0
    endloop
  endfacet
  facet normal 0 0 -1
    outer loop
      vertex 102.53990499739547 -5.968882748292987 0
      vertex 102.53990499739547 -0.7969079208195852 0
      vertex 102.59680290239733 -5.288130030470517 0
    endloop
  endfacet
  facet normal 0 0 -1
    outer loop
      vertex 103.35826794978996 -5.246579221254917 0
      vertex 103.35826794978996 -1.8042749815838084 0
      vertex 103.40931320583728 -5.193904603223557 0
    endloop
  endfacet
  facet normal 0 0 -1
    outer loop
      vertex 104.12907053652977 -4.320964734224005 0
      vertex 104.20310430705922 -3.1888015558521 0
      vertex 104.18660487469003 -4.23910165151165 0
    endloop
  endfacet
  facet normal 0 0 -1
    outer loop
      vertex 101.72506331388796 -6.50846733087232 0
      vertex 101.68124552684678 -2.2841497502101036 0
      vertex 101.79450592537975 -2.0879769854654873 0
    endloop
  endfacet
  facet normal 0 0 -1
    outer loop
      vertex 102.3034580888688 -6.141374412960345 0
      vertex 102.25779291565073 -3.518853469515149 0
      vertex 102.3831505088868 -1.0684146592310715 0
    endloop
  endfacet
  facet normal 0 0 -1
    outer loop
      vertex 102.01614853019593 -6.334023573696191 0
      vertex 101.9714789063478 -1.7814507908619095 0
      vertex 101.99665752312609 -1.7378401473376157 0
    endloop
  endfacet
  facet normal 0 0 -1
    outer loop
      vertex 102.86555534648694 -5.7063588610460565 0
      vertex 102.81753674101715 -3.4326644035451728 0
      vertex 102.95394487026091 -0.07976982465728084 0
    endloop
  endfacet
  facet normal 0 0 -1
    outer loop
      vertex 103.40931320583728 -5.193904603223557 0
      vertex 103.35826794978996 -1.8042749815838084 0
      vertex 103.46726470566058 -1.504900978971353 0
    endloop
  endfacet
  facet normal 0 0 -1
    outer loop
      vertex 104.12907053652977 -4.320964734224005 0
      vertex 104.12907053652977 -0.4971232340137268 0
      vertex 104.20310430705922 -3.1888015558521 0
    endloop
  endfacet
  facet normal 0 0 -1
    outer loop
      vertex 104.3742398974869 -3.950521454367935 0
      vertex 104.3742398974869 -1.3590932749656122 0
      vertex 104.45556520252957 -2.528228534664791 0
    endloop
  endfacet
  facet normal 0 0 -1
    outer loop
      vertex 104.3742398974869 -3.950521454367935 0
      vertex 104.45556520252957 -2.528228534664791 0
      vertex 104.43477383805697 -3.8517390413201076 0
    endloop
  endfacet
  facet normal 0 0 -1
    outer loop
      vertex 104.61311865323651 -3.5360597246795447 0
      vertex 104.61311865323651 -1.0147764986846752 0
      vertex 104.67731122041727 -3.4148210626995303 0
    endloop
  endfacet
  facet normal 0 0 -1
    outer loop
      vertex 104.67731122041727 -3.4148210626995303 0
      vertex 104.61311865323651 -1.0147764986846752 0
      vertex 104.68254893141275 -3.081405449573664 0
    endloop
  endfacet
  facet normal 0 0 -1
    outer loop
      vertex 102.59680290239733 -5.288130030470517 0
      vertex 102.53990499739547 -0.7969079208195852 0
      vertex 102.56284742680529 -0.7571704674327199 0
    endloop
  endfacet
  facet normal 0 0 -1
    outer loop
      vertex 102.25779291565073 -3.518853469515149 0
      vertex 102.34638862549008 -1.1320881090561041 0
      vertex 102.3831505088868 -1.0684146592310715 0
    endloop
  endfacet
  facet normal 0 0 -1
    outer loop
      vertex 102.81753674101715 -3.4326644035451728 0
      vertex 102.94492090243648 -0.09539979541505625 0
      vertex 102.95394487026091 -0.07976982465728084 0
    endloop
  endfacet
  facet normal -0.760405965600028 -0.649448048330187 0
    outer loop
      vertex 92.37416697777155 -4.959838989927389 4
      vertex 92.37416697777155 -4.959838989927389 19
      vertex 92.22115067918158 -4.780679923115172 4
    endloop
  endfacet
  facet normal -0.7804304073383392 -0.6252426563356931 0
    outer loop
      vertex 92.22115067918158 -4.780679923115172 4
      vertex 92.22115067918158 -4.780679923115172 19
      vertex 92.07383740718232 -4.596802902397325 4
    endloop
  endfacet
  facet normal -0.7996846584870834 -0.6004202253258935 0
    outer loop
      vertex 92.07383740718232 -4.596802902397325 4
      vertex 92.07383740718232 -4.596802902397325 19
      vertex 91.93237254218789 -4.408389392193548 4
    endloop
  endfacet
  facet normal -0.835807361368276 -0.5490228179981229 0
    outer loop
      vertex 91.79689569294078 -4.215625333890978 4
      vertex 91.79689569294078 -4.215625333890978 19
      vertex 91.66754055873488 -4.018700962342476 4
    endloop
  endfacet
  facet normal -0.8526401643540851 -0.5224985647159605 0
    outer loop
      vertex 91.66754055873488 -4.018700962342476 4
      vertex 91.66754055873488 -4.018700962342476 19
      vertex 91.54443479747042 -3.817810618127784 4
    endloop
  endfacet
  facet normal -0.8181497174250166 -0.5750052520432883 0
    outer loop
      vertex 91.93237254218789 -4.408389392193548 4
      vertex 91.93237254218789 -4.408389392193548 19
      vertex 91.79689569294078 -4.215625333890978 4
    endloop
  endfacet
  facet normal -0.8686315144382081 -0.495458668432378 0
    outer loop
      vertex 91.54443479747042 -3.817810618127784 4
      vertex 91.54443479747042 -3.817810618127784 19
      vertex 91.42769989967103 -3.6131525557628654 4
    endloop
  endfacet
  facet normal -0.8837656300886982 -0.4679298142605642 0
    outer loop
      vertex 91.42769989967103 -3.6131525557628654 4
      vertex 91.42769989967103 -3.6131525557628654 19
      vertex 91.31745106858725 -3.4049287480466006 4
    endloop
  endfacet
  facet normal -0.8980275757606123 -0.4399391698559219 0
    outer loop
      vertex 91.31745106858725 -3.4049287480466006 4
      vertex 91.31745106858725 -3.4049287480466006 19
      vertex 91.21379710650486 -3.193344686738043 4
    endloop
  endfacet
  facet normal -0.9114032766354366 -0.41151435860512775 0
    outer loop
      vertex 91.21379710650486 -3.193344686738043 4
      vertex 91.21379710650486 -3.193344686738043 19
      vertex 91.11684030737014 -2.9786091797608556 4
    endloop
  endfacet
  facet normal -0.9238795325112984 -0.3826834323650617 0
    outer loop
      vertex 91.11684030737014 -2.9786091797608556 4
      vertex 91.11684030737014 -2.9786091797608556 19
      vertex 91.02667635583812 -2.760934145135084 4
    endloop
  endfacet
  facet normal -0.9354440308298506 -0.35347484377930133 0
    outer loop
      vertex 91.02667635583812 -2.760934145135084 4
      vertex 91.02667635583812 -2.760934145135084 19
      vertex 90.9433942328433 -2.540534401839687 4
    endloop
  endfacet
  facet normal -0.9460853588275527 -0.3239174181981278 0
    outer loop
      vertex 90.9433942328433 -2.540534401839687 4
      vertex 90.9433942328433 -2.540534401839687 19
      vertex 90.86707612778635 -2.3176274578121054 4
    endloop
  endfacet
  facet normal -0.955793014798326 -0.2940403252323177 0
    outer loop
      vertex 90.86707612778635 -2.3176274578121054 4
      vertex 90.86707612778635 -2.3176274578121054 19
      vertex 90.79779735742292 -2.0924332952942177 4
    endloop
  endfacet
  facet normal -0.9645574184578058 -0.2638730499653444 0
    outer loop
      vertex 90.79779735742292 -2.0924332952942177 4
      vertex 90.79779735742292 -2.0924332952942177 19
      vertex 90.77251046928035 -2 4
    endloop
  endfacet
  facet normal 0.7604059656000169 -0.6494480483302001 0
    outer loop
      vertex 103.62583302222845 -4.959838989927386 4
      vertex 103.77884932081842 -4.780679923115175 4
      vertex 103.77884932081842 -4.780679923115175 19
    endloop
  endfacet
  facet normal 0.7804304073383437 -0.6252426563356877 0
    outer loop
      vertex 103.77884932081842 -4.780679923115175 4
      vertex 103.92616259281768 -4.596802902397325 4
      vertex 103.92616259281768 -4.596802902397325 19
    endloop
  endfacet
  facet normal 0.7996846584870834 -0.6004202253258935 0
    outer loop
      vertex 103.92616259281768 -4.596802902397325 4
      vertex 104.06762745781211 -4.408389392193548 4
      vertex 104.06762745781211 -4.408389392193548 19
    endloop
  endfacet
  facet normal 0.8181497174250166 -0.5750052520432883 0
    outer loop
      vertex 104.06762745781211 -4.408389392193548 4
      vertex 104.20310430705922 -4.215625333890978 4
      vertex 104.20310430705922 -4.215625333890978 19
    endloop
  endfacet
  facet normal 0.8358073613682817 -0.5490228179981143 0
    outer loop
      vertex 104.20310430705922 -4.215625333890978 4
      vertex 104.33245944126512 -4.018700962342471 4
      vertex 104.33245944126512 -4.018700962342471 19
    endloop
  endfacet
  facet normal 0.8526401643541032 -0.5224985647159309 0
    outer loop
      vertex 104.33245944126512 -4.018700962342471 4
      vertex 104.45556520252957 -3.8178106181277873 4
      vertex 104.45556520252957 -3.8178106181277873 19
    endloop
  endfacet
  facet normal 0.8686315144381853 -0.49545866843241787 0
    outer loop
      vertex 104.45556520252957 -3.8178106181277873 4
      vertex 104.57230010032897 -3.6131525557628654 4
      vertex 104.57230010032897 -3.6131525557628654 19
    endloop
  endfacet
  facet normal 0.8837656300886982 -0.4679298142605642 0
    outer loop
      vertex 104.57230010032897 -3.6131525557628654 4
      vertex 104.68254893141275 -3.4049287480466006 4
      vertex 104.68254893141275 -3.4049287480466006 19
    endloop
  endfacet
  facet normal 0.8980275757606123 -0.4399391698559219 0
    outer loop
      vertex 104.68254893141275 -3.4049287480466006 4
      vertex 104.78620289349514 -3.193344686738043 4
      vertex 104.78620289349514 -3.193344686738043 19
    endloop
  endfacet
  facet normal 0.9114032766354392 -0.4115143586051221 0
    outer loop
      vertex 104.78620289349514 -3.193344686738043 4
      vertex 104.88315969262986 -2.978609179760852 4
      vertex 104.88315969262986 -2.978609179760852 19
    endloop
  endfacet
  facet normal 0.9238795325112941 -0.38268343236507235 0
    outer loop
      vertex 104.88315969262986 -2.978609179760852 4
      vertex 104.97332364416188 -2.7609341451350877 4
      vertex 104.97332364416188 -2.7609341451350877 19
    endloop
  endfacet
  facet normal 0.9354440308298525 -0.3534748437792964 0
    outer loop
      vertex 104.97332364416188 -2.7609341451350877 4
      vertex 105.0566057671567 -2.540534401839687 4
      vertex 105.0566057671567 -2.540534401839687 19
    endloop
  endfacet
  facet normal 0.9460853588275527 -0.3239174181981278 0
    outer loop
      vertex 105.0566057671567 -2.540534401839687 4
      vertex 105.13292387221365 -2.3176274578121054 4
      vertex 105.13292387221365 -2.3176274578121054 19
    endloop
  endfacet
  facet normal 0.955793014798326 -0.2940403252323177 0
    outer loop
      vertex 105.13292387221365 -2.3176274578121054 4
      vertex 105.20220264257708 -2.0924332952942177 4
      vertex 105.20220264257708 -2.0924332952942177 19
    endloop
  endfacet
  facet normal 0.9645574184578056 -0.26387304996534566 0
    outer loop
      vertex 105.20220264257708 -2.0924332952942177 4
      vertex 105.26437370846473 -1.8651741537364082 4
      vertex 105.26437370846473 -1.8651741537364082 19
    endloop
  endfacet
  facet normal 0.9723699203976803 -0.23344536385589007 0
    outer loop
      vertex 105.26437370846473 -1.8651741537364082 4
      vertex 105.3193757145406 -1.636074310474072 4
      vertex 105.3193757145406 -1.636074310474072 19
    endloop
  endfacet
  facet normal 0.979222810621759 -0.2027872953565455 0
    outer loop
      vertex 105.3193757145406 -1.636074310474072 4
      vertex 105.36715438046517 -1.4053598593929362 4
      vertex 105.36715438046517 -1.4053598593929362 19
    endloop
  endfacet
  facet normal 0.9851093261547785 -0.17192910027938238 0
    outer loop
      vertex 105.36715438046517 -1.4053598593929362 4
      vertex 105.40766255446353 -1.1732584878017316 4
      vertex 105.40766255446353 -1.1732584878017316 19
    endloop
  endfacet
  facet normal 0.9900236577165558 -0.14090123193759455 0
    outer loop
      vertex 105.40766255446353 -1.1732584878017316 4
      vertex 105.44086025985858 -0.9399992517322805 4
      vertex 105.44086025985858 -0.9399992517322805 19
    endloop
  endfacet
  facet normal 0.9939609554551815 -0.1097343110910298 0
    outer loop
      vertex 105.44086025985858 -0.9399992517322805 4
      vertex 105.4667147345231 -0.7058123498888544 4
      vertex 105.4667147345231 -0.7058123498888544 19
    endloop
  endfacet
  facet normal 0.9969173337331254 -0.07845909572787775 0
    outer loop
      vertex 105.4667147345231 -0.7058123498888544 4
      vertex 105.48520046321204 -0.4709288964698532 4
      vertex 105.48520046321204 -0.4709288964698532 19
    endloop
  endfacet
  facet normal 0.9988898749619698 -0.04710645070964571 0
    outer loop
      vertex 105.48520046321204 -0.4709288964698532 4
      vertex 105.49629920274299 -0.23558069308596363 4
      vertex 105.49629920274299 -0.23558069308596363 19
    endloop
  endfacet
  facet normal 0.9998766324816607 -0.01570731731181026 0
    outer loop
      vertex 105.49629920274299 -0.23558069308596363 4
      vertex 105.5 0 4
      vertex 105.5 0 19
    endloop
  endfacet
  facet normal -0.6004202253258936 -0.7996846584870835 0
    outer loop
      vertex 93.40319709760267 -5.926162592817676 4
      vertex 93.59161060780644 -6.067627457812106 19
      vertex 93.40319709760267 -5.926162592817676 19
    endloop
  endfacet
  facet normal -0.6252426563357102 -0.7804304073383257 0
    outer loop
      vertex 93.21932007688483 -5.77884932081842 4
      vertex 93.40319709760267 -5.926162592817676 19
      vertex 93.21932007688483 -5.77884932081842 19
    endloop
  endfacet
  facet normal -0.649448048330183 -0.7604059656000315 0
    outer loop
      vertex 93.04016101007261 -5.625833022228446 4
      vertex 93.21932007688483 -5.77884932081842 19
      vertex 93.04016101007261 -5.625833022228446 19
    endloop
  endfacet
  facet normal -0.673012513509777 -0.7396310949786064 0
    outer loop
      vertex 92.86589670553484 -5.467264705660588 4
      vertex 93.04016101007261 -5.625833022228446 19
      vertex 92.86589670553484 -5.467264705660588 19
    endloop
  endfacet
  facet normal -0.6959127965923123 -0.7181262977631908 0
    outer loop
      vertex 92.6966991411009 -5.303300858899107 4
      vertex 92.86589670553484 -5.467264705660588 19
      vertex 92.6966991411009 -5.303300858899107 19
    endloop
  endfacet
  facet normal -0.7181262977632004 -0.6959127965923025 0
    outer loop
      vertex 92.53273529433942 -5.134103294465164 4
      vertex 92.6966991411009 -5.303300858899107 19
      vertex 92.53273529433942 -5.134103294465164 19
    endloop
  endfacet
  facet normal -0.7396310949785947 -0.67301251350979 0
    outer loop
      vertex 92.37416697777155 -4.959838989927389 4
      vertex 92.53273529433942 -5.134103294465164 19
      vertex 92.37416697777155 -4.959838989927389 19
    endloop
  endfacet
  facet normal -0.35347484377927096 -0.9354440308298622 0
    outer loop
      vertex 95.23906585486492 -6.973323644161886 4
      vertex 95.4594655981603 -7.056605767156691 19
      vertex 95.23906585486492 -6.973323644161886 19
    endloop
  endfacet
  facet normal -0.38268343236509195 -0.9238795325112859 0
    outer loop
      vertex 95.02139082023915 -6.883159692629858 4
      vertex 95.23906585486492 -6.973323644161886 19
      vertex 95.02139082023915 -6.883159692629858 19
    endloop
  endfacet
  facet normal -0.23344536385591488 -0.9723699203976743 0
    outer loop
      vertex 96.1348258462636 -7.264373708464733 4
      vertex 96.36392568952593 -7.319375714540605 19
      vertex 96.1348258462636 -7.264373708464733 19
    endloop
  endfacet
  facet normal -0.26387304996536715 -0.9645574184577995 0
    outer loop
      vertex 95.90756670470579 -7.202202642577074 4
      vertex 96.1348258462636 -7.264373708464733 19
      vertex 95.90756670470579 -7.202202642577074 19
    endloop
  endfacet
  facet normal -0.17192910027941583 -0.9851093261547729 0
    outer loop
      vertex 96.59464014060707 -7.3671543804651645 4
      vertex 96.82674151219827 -7.407662554463533 19
      vertex 96.59464014060707 -7.3671543804651645 19
    endloop
  endfacet
  facet normal -0.10973431109104595 -0.9939609554551797 0
    outer loop
      vertex 97.06000074826773 -7.440860259858584 4
      vertex 97.29418765011114 -7.4667147345231 19
      vertex 97.06000074826773 -7.440860259858584 19
    endloop
  endfacet
  facet normal -0.14090123193757959 -0.990023657716558 0
    outer loop
      vertex 96.82674151219827 -7.407662554463533 4
      vertex 97.06000074826773 -7.440860259858584 19
      vertex 96.82674151219827 -7.407662554463533 19
    endloop
  endfacet
  facet normal -0.2027872953565049 -0.9792228106217674 0
    outer loop
      vertex 96.36392568952593 -7.319375714540605 4
      vertex 96.59464014060707 -7.3671543804651645 19
      vertex 96.36392568952593 -7.319375714540605 19
    endloop
  endfacet
  facet normal -0.2940403252322994 -0.9557930147983316 0
    outer loop
      vertex 95.68237254218789 -7.132923872213651 4
      vertex 95.90756670470579 -7.202202642577074 19
      vertex 95.68237254218789 -7.132923872213651 19
    endloop
  endfacet
  facet normal -0.3239174181981401 -0.9460853588275485 0
    outer loop
      vertex 95.4594655981603 -7.056605767156691 4
      vertex 95.68237254218789 -7.132923872213651 19
      vertex 95.4594655981603 -7.056605767156691 19
    endloop
  endfacet
  facet normal -0.4679298142605744 -0.8837656300886928 0
    outer loop
      vertex 94.38684744423713 -6.572300100328976 4
      vertex 94.5950712519534 -6.682548931412759 19
      vertex 94.38684744423713 -6.572300100328976 19
    endloop
  endfacet
  facet normal -0.41151435860510505 -0.911403276635447 0
    outer loop
      vertex 94.80665531326196 -6.786202893495147 4
      vertex 95.02139082023915 -6.883159692629858 19
      vertex 94.80665531326196 -6.786202893495147 19
    endloop
  endfacet
  facet normal -0.4399391698559143 -0.8980275757606161 0
    outer loop
      vertex 94.5950712519534 -6.682548931412759 4
      vertex 94.80665531326196 -6.786202893495147 19
      vertex 94.5950712519534 -6.682548931412759 19
    endloop
  endfacet
  facet normal -0.4954586684324134 -0.868631514438188 0
    outer loop
      vertex 94.18218938187222 -6.455565202529578 4
      vertex 94.38684744423713 -6.572300100328976 19
      vertex 94.18218938187222 -6.455565202529578 19
    endloop
  endfacet
  facet normal -0.522498564715936 -0.8526401643541001 0
    outer loop
      vertex 93.98129903765752 -6.3324594412651125 4
      vertex 94.18218938187222 -6.455565202529578 19
      vertex 93.98129903765752 -6.3324594412651125 19
    endloop
  endfacet
  facet normal -0.07845909572784758 -0.9969173337331279 0
    outer loop
      vertex 97.29418765011114 -7.4667147345231 4
      vertex 97.52907110353014 -7.485200463212037 19
      vertex 97.29418765011114 -7.4667147345231 19
    endloop
  endfacet
  facet normal -0.04710645070964504 -0.9988898749619698 0
    outer loop
      vertex 97.52907110353014 -7.485200463212037 4
      vertex 97.76441930691404 -7.496299202742987 19
      vertex 97.52907110353014 -7.485200463212037 19
    endloop
  endfacet
  facet normal -0.015707317311817754 -0.9998766324816606 0
    outer loop
      vertex 97.76441930691404 -7.496299202742987 4
      vertex 98 -7.5 19
      vertex 97.76441930691404 -7.496299202742987 19
    endloop
  endfacet
  facet normal 0.015707317311817754 -0.9998766324816606 0
    outer loop
      vertex 98 -7.5 4
      vertex 98.23558069308596 -7.496299202742987 19
      vertex 98 -7.5 19
    endloop
  endfacet
  facet normal 0.04710645070964504 -0.9988898749619698 0
    outer loop
      vertex 98.23558069308596 -7.496299202742987 4
      vertex 98.47092889646986 -7.485200463212037 19
      vertex 98.23558069308596 -7.496299202742987 19
    endloop
  endfacet
  facet normal 0.07845909572784758 -0.9969173337331279 0
    outer loop
      vertex 98.47092889646986 -7.485200463212037 4
      vertex 98.70581234988886 -7.4667147345231 19
      vertex 98.47092889646986 -7.485200463212037 19
    endloop
  endfacet
  facet normal 0.10973431109104595 -0.9939609554551797 0
    outer loop
      vertex 98.70581234988886 -7.4667147345231 4
      vertex 98.93999925173227 -7.440860259858584 19
      vertex 98.70581234988886 -7.4667147345231 19
    endloop
  endfacet
  facet normal 0.14090123193757959 -0.990023657716558 0
    outer loop
      vertex 98.93999925173227 -7.440860259858584 4
      vertex 99.17325848780173 -7.407662554463533 19
      vertex 98.93999925173227 -7.440860259858584 19
    endloop
  endfacet
  facet normal 0.17192910027941583 -0.9851093261547729 0
    outer loop
      vertex 99.17325848780173 -7.407662554463533 4
      vertex 99.40535985939293 -7.3671543804651645 19
      vertex 99.17325848780173 -7.407662554463533 19
    endloop
  endfacet
  facet normal 0.2027872953565049 -0.9792228106217674 0
    outer loop
      vertex 99.40535985939293 -7.3671543804651645 4
      vertex 99.63607431047407 -7.319375714540605 19
      vertex 99.40535985939293 -7.3671543804651645 19
    endloop
  endfacet
  facet normal 0.23344536385591133 -0.9723699203976752 0
    outer loop
      vertex 99.63607431047407 -7.319375714540605 4
      vertex 99.8651741537364 -7.264373708464734 19
      vertex 99.63607431047407 -7.319375714540605 19
    endloop
  endfacet
  facet normal 0.26387304996537064 -0.9645574184577986 0
    outer loop
      vertex 99.8651741537364 -7.264373708464734 4
      vertex 100.09243329529421 -7.202202642577074 19
      vertex 99.8651741537364 -7.264373708464734 19
    endloop
  endfacet
  facet normal 0.2940403252322994 -0.9557930147983316 0
    outer loop
      vertex 100.09243329529421 -7.202202642577074 4
      vertex 100.31762745781211 -7.132923872213651 19
      vertex 100.09243329529421 -7.202202642577074 19
    endloop
  endfacet
  facet normal 0.3239174181981401 -0.9460853588275485 0
    outer loop
      vertex 100.31762745781211 -7.132923872213651 4
      vertex 100.5405344018397 -7.056605767156691 19
      vertex 100.31762745781211 -7.132923872213651 19
    endloop
  endfacet
  facet normal 0.35347484377927757 -0.9354440308298597 0
    outer loop
      vertex 100.5405344018397 -7.056605767156691 4
      vertex 100.76093414513508 -6.973323644161884 19
      vertex 100.5405344018397 -7.056605767156691 19
    endloop
  endfacet
  facet normal -0.5490228179981282 -0.8358073613682726 0
    outer loop
      vertex 93.78437466610902 -6.203104307059214 4
      vertex 93.98129903765752 -6.3324594412651125 19
      vertex 93.78437466610902 -6.203104307059214 19
    endloop
  endfacet
  facet normal -0.5750052520432721 -0.818149717425028 0
    outer loop
      vertex 93.59161060780644 -6.067627457812106 4
      vertex 93.78437466610902 -6.203104307059214 19
      vertex 93.59161060780644 -6.067627457812106 19
    endloop
  endfacet
  facet normal 0.3826834323650823 -0.9238795325112898 0
    outer loop
      vertex 100.76093414513508 -6.973323644161884 4
      vertex 100.97860917976085 -6.883159692629859 19
      vertex 100.76093414513508 -6.973323644161884 19
    endloop
  endfacet
  facet normal 0.41151435860510815 -0.9114032766354455 0
    outer loop
      vertex 100.97860917976085 -6.883159692629859 4
      vertex 101.19334468673804 -6.786202893495147 19
      vertex 100.97860917976085 -6.883159692629859 19
    endloop
  endfacet
  facet normal 0.4399391698559143 -0.8980275757606161 0
    outer loop
      vertex 101.19334468673804 -6.786202893495147 4
      vertex 101.4049287480466 -6.682548931412759 19
      vertex 101.19334468673804 -6.786202893495147 19
    endloop
  endfacet
  facet normal 0.4679298142605744 -0.8837656300886928 0
    outer loop
      vertex 101.4049287480466 -6.682548931412759 4
      vertex 101.61315255576287 -6.572300100328976 19
      vertex 101.4049287480466 -6.682548931412759 19
    endloop
  endfacet
  facet normal 0.49545866843239594 -0.8686315144381979 0
    outer loop
      vertex 101.61315255576287 -6.572300100328976 4
      vertex 101.8178106181278 -6.455565202529575 19
      vertex 101.61315255576287 -6.572300100328976 19
    endloop
  endfacet
  facet normal 0.5224985647159466 -0.8526401643540937 0
    outer loop
      vertex 101.8178106181278 -6.455565202529575 4
      vertex 102.01870096234248 -6.332459441265115 19
      vertex 101.8178106181278 -6.455565202529575 19
    endloop
  endfacet
  facet normal 0.5490228179981361 -0.8358073613682673 0
    outer loop
      vertex 102.01870096234248 -6.332459441265115 4
      vertex 102.21562533389098 -6.203104307059214 19
      vertex 102.01870096234248 -6.332459441265115 19
    endloop
  endfacet
  facet normal 0.5750052520432721 -0.818149717425028 0
    outer loop
      vertex 102.21562533389098 -6.203104307059214 4
      vertex 102.40838939219356 -6.067627457812106 19
      vertex 102.21562533389098 -6.203104307059214 19
    endloop
  endfacet
  facet normal 0.6004202253258936 -0.7996846584870835 0
    outer loop
      vertex 102.40838939219356 -6.067627457812106 4
      vertex 102.59680290239733 -5.926162592817676 19
      vertex 102.40838939219356 -6.067627457812106 19
    endloop
  endfacet
  facet normal 0.6252426563357149 -0.7804304073383221 0
    outer loop
      vertex 102.59680290239733 -5.926162592817676 4
      vertex 102.78067992311517 -5.778849320818418 19
      vertex 102.59680290239733 -5.926162592817676 19
    endloop
  endfacet
  facet normal 0.649448048330172 -0.7604059656000408 0
    outer loop
      vertex 102.78067992311517 -5.778849320818418 4
      vertex 102.95983898992739 -5.6258330222284485 19
      vertex 102.78067992311517 -5.778849320818418 19
    endloop
  endfacet
  facet normal 0.6730125135097832 -0.7396310949786007 0
    outer loop
      vertex 102.95983898992739 -5.6258330222284485 4
      vertex 103.13410329446516 -5.467264705660588 19
      vertex 102.95983898992739 -5.6258330222284485 19
    endloop
  endfacet
  facet normal 0.6959127965923123 -0.7181262977631908 0
    outer loop
      vertex 103.13410329446516 -5.467264705660588 4
      vertex 103.3033008588991 -5.303300858899107 19
      vertex 103.13410329446516 -5.467264705660588 19
    endloop
  endfacet
  facet normal 0.7181262977632004 -0.6959127965923025 0
    outer loop
      vertex 103.3033008588991 -5.303300858899107 4
      vertex 103.46726470566058 -5.134103294465164 19
      vertex 103.3033008588991 -5.303300858899107 19
    endloop
  endfacet
  facet normal 0.7396310949786014 -0.6730125135097824 0
    outer loop
      vertex 103.46726470566058 -5.134103294465164 4
      vertex 103.62583302222845 -4.959838989927386 19
      vertex 103.46726470566058 -5.134103294465164 19
    endloop
  endfacet
  facet normal 0 0 1
    outer loop
      vertex 95.90756670470579 -7.202202642577074 19
      vertex 96.1348258462636 -7.264373708464733 19
      vertex 95.5 -4.330127018922193 19
    endloop
  endfacet
  facet normal 0 0 1
    outer loop
      vertex 96.59464014060707 -7.3671543804651645 19
      vertex 96.82674151219827 -7.407662554463533 19
      vertex 95.5 -4.330127018922193 19
    endloop
  endfacet
  facet normal 0 0 1
    outer loop
      vertex 96.59464014060707 -7.3671543804651645 19
      vertex 95.5 -4.330127018922193 19
      vertex 96.36392568952593 -7.319375714540605 19
    endloop
  endfacet
  facet normal 0 0 1
    outer loop
      vertex 96.1348258462636 -7.264373708464733 19
      vertex 96.36392568952593 -7.319375714540605 19
      vertex 95.5 -4.330127018922193 19
    endloop
  endfacet
  facet normal 0 0 1
    outer loop
      vertex 97.06000074826773 -7.440860259858584 19
      vertex 97.29418765011114 -7.4667147345231 19
      vertex 95.5 -4.330127018922193 19
    endloop
  endfacet
  facet normal 0 0 1
    outer loop
      vertex 97.29418765011114 -7.4667147345231 19
      vertex 97.52907110353014 -7.485200463212037 19
      vertex 95.5 -4.330127018922193 19
    endloop
  endfacet
  facet normal 0 0 1
    outer loop
      vertex 97.52907110353014 -7.485200463212037 19
      vertex 97.76441930691404 -7.496299202742987 19
      vertex 95.5 -4.330127018922193 19
    endloop
  endfacet
  facet normal 0 0 1
    outer loop
      vertex 97.76441930691404 -7.496299202742987 19
      vertex 98 -7.5 19
      vertex 95.5 -4.330127018922193 19
    endloop
  endfacet
  facet normal 0 0 1
    outer loop
      vertex 97.06000074826773 -7.440860259858584 19
      vertex 95.5 -4.330127018922193 19
      vertex 96.82674151219827 -7.407662554463533 19
    endloop
  endfacet
  facet normal 0 0 1
    outer loop
      vertex 98 -7.5 19
      vertex 98.23558069308596 -7.496299202742987 19
      vertex 95.5 -4.330127018922193 19
    endloop
  endfacet
  facet normal 0 0 1
    outer loop
      vertex 98.23558069308596 -7.496299202742987 19
      vertex 98.47092889646986 -7.485200463212037 19
      vertex 95.5 -4.330127018922193 19
    endloop
  endfacet
  facet normal 0 0 1
    outer loop
      vertex 98.47092889646986 -7.485200463212037 19
      vertex 98.70581234988886 -7.4667147345231 19
      vertex 95.5 -4.330127018922193 19
    endloop
  endfacet
  facet normal 0 0 1
    outer loop
      vertex 98.70581234988886 -7.4667147345231 19
      vertex 98.93999925173227 -7.440860259858584 19
      vertex 95.5 -4.330127018922193 19
    endloop
  endfacet
  facet normal 0 0 1
    outer loop
      vertex 98.93999925173227 -7.440860259858584 19
      vertex 99.17325848780173 -7.407662554463533 19
      vertex 95.5 -4.330127018922193 19
    endloop
  endfacet
  facet normal 0 0 1
    outer loop
      vertex 99.17325848780173 -7.407662554463533 19
      vertex 99.40535985939293 -7.3671543804651645 19
      vertex 95.5 -4.330127018922193 19
    endloop
  endfacet
  facet normal 0 0 1
    outer loop
      vertex 99.40535985939293 -7.3671543804651645 19
      vertex 99.63607431047407 -7.319375714540605 19
      vertex 95.5 -4.330127018922193 19
    endloop
  endfacet
  facet normal 0 0 1
    outer loop
      vertex 99.63607431047407 -7.319375714540605 19
      vertex 99.8651741537364 -7.264373708464734 19
      vertex 95.5 -4.330127018922193 19
    endloop
  endfacet
  facet normal 0 0 1
    outer loop
      vertex 99.8651741537364 -7.264373708464734 19
      vertex 100.09243329529421 -7.202202642577074 19
      vertex 95.5 -4.330127018922193 19
    endloop
  endfacet
  facet normal 0 0 1
    outer loop
      vertex 95.68237254218789 -7.132923872213651 19
      vertex 95.5 -4.330127018922193 19
      vertex 95.4594655981603 -7.056605767156691 19
    endloop
  endfacet
  facet normal 0 0 1
    outer loop
      vertex 95.90756670470579 -7.202202642577074 19
      vertex 95.5 -4.330127018922193 19
      vertex 95.68237254218789 -7.132923872213651 19
    endloop
  endfacet
  facet normal 0 0 1
    outer loop
      vertex 100.09243329529421 -7.202202642577074 19
      vertex 100.31762745781211 -7.132923872213651 19
      vertex 95.5 -4.330127018922193 19
    endloop
  endfacet
  facet normal 0 0 1
    outer loop
      vertex 100.31762745781211 -7.132923872213651 19
      vertex 100.5405344018397 -7.056605767156691 19
      vertex 95.5 -4.330127018922193 19
    endloop
  endfacet
  facet normal 0 0 1
    outer loop
      vertex 100.5405344018397 -7.056605767156691 19
      vertex 100.76093414513508 -6.973323644161884 19
      vertex 100.5 -4.330127018922193 19
    endloop
  endfacet
  facet normal 0 0 1
    outer loop
      vertex 100.76093414513508 -6.973323644161884 19
      vertex 100.97860917976085 -6.883159692629859 19
      vertex 100.5 -4.330127018922193 19
    endloop
  endfacet
  facet normal 0 0 1
    outer loop
      vertex 100.5405344018397 -7.056605767156691 19
      vertex 100.5 -4.330127018922193 19
      vertex 95.5 -4.330127018922193 19
    endloop
  endfacet
  facet normal 0 0 1
    outer loop
      vertex 100.97860917976085 -6.883159692629859 19
      vertex 101.19334468673804 -6.786202893495147 19
      vertex 100.5 -4.330127018922193 19
    endloop
  endfacet
  facet normal 0 0 1
    outer loop
      vertex 101.19334468673804 -6.786202893495147 19
      vertex 101.4049287480466 -6.682548931412759 19
      vertex 100.5 -4.330127018922193 19
    endloop
  endfacet
  facet normal 0 0 1
    outer loop
      vertex 101.4049287480466 -6.682548931412759 19
      vertex 101.61315255576287 -6.572300100328976 19
      vertex 100.5 -4.330127018922193 19
    endloop
  endfacet
  facet normal 0 0 1
    outer loop
      vertex 101.61315255576287 -6.572300100328976 19
      vertex 101.8178106181278 -6.455565202529575 19
      vertex 100.5 -4.330127018922193 19
    endloop
  endfacet
  facet normal 0 0 1
    outer loop
      vertex 101.8178106181278 -6.455565202529575 19
      vertex 102.01870096234248 -6.332459441265115 19
      vertex 100.5 -4.330127018922193 19
    endloop
  endfacet
  facet normal 0 0 1
    outer loop
      vertex 102.01870096234248 -6.332459441265115 19
      vertex 102.21562533389098 -6.203104307059214 19
      vertex 100.5 -4.330127018922193 19
    endloop
  endfacet
  facet normal 0 0 1
    outer loop
      vertex 102.21562533389098 -6.203104307059214 19
      vertex 102.40838939219356 -6.067627457812106 19
      vertex 100.5 -4.330127018922193 19
    endloop
  endfacet
  facet normal 0 0 1
    outer loop
      vertex 102.40838939219356 -6.067627457812106 19
      vertex 102.59680290239733 -5.926162592817676 19
      vertex 100.5 -4.330127018922193 19
    endloop
  endfacet
  facet normal 0 0 1
    outer loop
      vertex 102.59680290239733 -5.926162592817676 19
      vertex 102.78067992311517 -5.778849320818418 19
      vertex 100.5 -4.330127018922193 19
    endloop
  endfacet
  facet normal 0 0 1
    outer loop
      vertex 102.78067992311517 -5.778849320818418 19
      vertex 102.95983898992739 -5.6258330222284485 19
      vertex 100.5 -4.330127018922193 19
    endloop
  endfacet
  facet normal 0 0 1
    outer loop
      vertex 102.95983898992739 -5.6258330222284485 19
      vertex 103.13410329446516 -5.467264705660588 19
      vertex 100.5 -4.330127018922193 19
    endloop
  endfacet
  facet normal -0.760405965600028 -0.649448048330187 0
    outer loop
      vertex 92.22115067918158 -4.780679923115172 4
      vertex 92.37416697777155 -4.959838989927389 19
      vertex 92.22115067918158 -4.780679923115172 19
    endloop
  endfacet
  facet normal -0.7804304073383392 -0.6252426563356931 0
    outer loop
      vertex 92.07383740718232 -4.596802902397325 4
      vertex 92.22115067918158 -4.780679923115172 19
      vertex 92.07383740718232 -4.596802902397325 19
    endloop
  endfacet
  facet normal -0.7996846584870834 -0.6004202253258935 0
    outer loop
      vertex 91.93237254218789 -4.408389392193548 4
      vertex 92.07383740718232 -4.596802902397325 19
      vertex 91.93237254218789 -4.408389392193548 19
    endloop
  endfacet
  facet normal -0.835807361368276 -0.5490228179981229 0
    outer loop
      vertex 91.66754055873488 -4.018700962342476 4
      vertex 91.79689569294078 -4.215625333890978 19
      vertex 91.66754055873488 -4.018700962342476 19
    endloop
  endfacet
  facet normal -0.8526401643540851 -0.5224985647159605 0
    outer loop
      vertex 91.54443479747042 -3.817810618127784 4
      vertex 91.66754055873488 -4.018700962342476 19
      vertex 91.54443479747042 -3.817810618127784 19
    endloop
  endfacet
  facet normal -0.8181497174250166 -0.5750052520432883 0
    outer loop
      vertex 91.79689569294078 -4.215625333890978 4
      vertex 91.93237254218789 -4.408389392193548 19
      vertex 91.79689569294078 -4.215625333890978 19
    endloop
  endfacet
  facet normal -0.8686315144382081 -0.495458668432378 0
    outer loop
      vertex 91.42769989967103 -3.6131525557628654 4
      vertex 91.54443479747042 -3.817810618127784 19
      vertex 91.42769989967103 -3.6131525557628654 19
    endloop
  endfacet
  facet normal -0.8837656300886982 -0.4679298142605642 0
    outer loop
      vertex 91.31745106858725 -3.4049287480466006 4
      vertex 91.42769989967103 -3.6131525557628654 19
      vertex 91.31745106858725 -3.4049287480466006 19
    endloop
  endfacet
  facet normal -0.8980275757606123 -0.4399391698559219 0
    outer loop
      vertex 91.21379710650486 -3.193344686738043 4
      vertex 91.31745106858725 -3.4049287480466006 19
      vertex 91.21379710650486 -3.193344686738043 19
    endloop
  endfacet
  facet normal -0.9114032766354366 -0.41151435860512775 0
    outer loop
      vertex 91.11684030737014 -2.9786091797608556 4
      vertex 91.21379710650486 -3.193344686738043 19
      vertex 91.11684030737014 -2.9786091797608556 19
    endloop
  endfacet
  facet normal -0.9238795325112984 -0.3826834323650617 0
    outer loop
      vertex 91.02667635583812 -2.760934145135084 4
      vertex 91.11684030737014 -2.9786091797608556 19
      vertex 91.02667635583812 -2.760934145135084 19
    endloop
  endfacet
  facet normal -0.9354440308298506 -0.35347484377930133 0
    outer loop
      vertex 90.9433942328433 -2.540534401839687 4
      vertex 91.02667635583812 -2.760934145135084 19
      vertex 90.9433942328433 -2.540534401839687 19
    endloop
  endfacet
  facet normal -0.9645574184578058 -0.26387304996534433 0
    outer loop
      vertex 90.77251046928035 -2 4
      vertex 90.79779735742292 -2.0924332952942177 19
      vertex 90.77251046928035 -2 16.822000440811806
    endloop
  endfacet
  facet normal -0.9460853588275527 -0.3239174181981278 0
    outer loop
      vertex 90.86707612778635 -2.3176274578121054 4
      vertex 90.9433942328433 -2.540534401839687 19
      vertex 90.86707612778635 -2.3176274578121054 19
    endloop
  endfacet
  facet normal -0.955793014798326 -0.2940403252323177 0
    outer loop
      vertex 90.79779735742292 -2.0924332952942177 4
      vertex 90.86707612778635 -2.3176274578121054 19
      vertex 90.79779735742292 -2.0924332952942177 19
    endloop
  endfacet
  facet normal 0.7604059656000169 -0.6494480483302001 0
    outer loop
      vertex 103.62583302222845 -4.959838989927386 4
      vertex 103.77884932081842 -4.780679923115175 19
      vertex 103.62583302222845 -4.959838989927386 19
    endloop
  endfacet
  facet normal 0.7804304073383437 -0.6252426563356877 0
    outer loop
      vertex 103.77884932081842 -4.780679923115175 4
      vertex 103.92616259281768 -4.596802902397325 19
      vertex 103.77884932081842 -4.780679923115175 19
    endloop
  endfacet
  facet normal 0.7996846584870834 -0.6004202253258935 0
    outer loop
      vertex 103.92616259281768 -4.596802902397325 4
      vertex 104.06762745781211 -4.408389392193548 19
      vertex 103.92616259281768 -4.596802902397325 19
    endloop
  endfacet
  facet normal 0.8181497174250166 -0.5750052520432883 0
    outer loop
      vertex 104.06762745781211 -4.408389392193548 4
      vertex 104.20310430705922 -4.215625333890978 19
      vertex 104.06762745781211 -4.408389392193548 19
    endloop
  endfacet
  facet normal 0.8358073613682817 -0.5490228179981143 0
    outer loop
      vertex 104.20310430705922 -4.215625333890978 4
      vertex 104.33245944126512 -4.018700962342471 19
      vertex 104.20310430705922 -4.215625333890978 19
    endloop
  endfacet
  facet normal 0.8526401643541032 -0.5224985647159309 0
    outer loop
      vertex 104.33245944126512 -4.018700962342471 4
      vertex 104.45556520252957 -3.8178106181277873 19
      vertex 104.33245944126512 -4.018700962342471 19
    endloop
  endfacet
  facet normal 0.8686315144381853 -0.49545866843241787 0
    outer loop
      vertex 104.45556520252957 -3.8178106181277873 4
      vertex 104.57230010032897 -3.6131525557628654 19
      vertex 104.45556520252957 -3.8178106181277873 19
    endloop
  endfacet
  facet normal 0.8837656300886982 -0.4679298142605642 0
    outer loop
      vertex 104.57230010032897 -3.6131525557628654 4
      vertex 104.68254893141275 -3.4049287480466006 19
      vertex 104.57230010032897 -3.6131525557628654 19
    endloop
  endfacet
  facet normal 0.8980275757606123 -0.4399391698559219 0
    outer loop
      vertex 104.68254893141275 -3.4049287480466006 4
      vertex 104.78620289349514 -3.193344686738043 19
      vertex 104.68254893141275 -3.4049287480466006 19
    endloop
  endfacet
  facet normal 0.9114032766354392 -0.4115143586051221 0
    outer loop
      vertex 104.78620289349514 -3.193344686738043 4
      vertex 104.88315969262986 -2.978609179760852 19
      vertex 104.78620289349514 -3.193344686738043 19
    endloop
  endfacet
  facet normal 0.9238795325112941 -0.38268343236507235 0
    outer loop
      vertex 104.88315969262986 -2.978609179760852 4
      vertex 104.97332364416188 -2.7609341451350877 19
      vertex 104.88315969262986 -2.978609179760852 19
    endloop
  endfacet
  facet normal 0.9354440308298525 -0.3534748437792964 0
    outer loop
      vertex 104.97332364416188 -2.7609341451350877 4
      vertex 105.0566057671567 -2.540534401839687 19
      vertex 104.97332364416188 -2.7609341451350877 19
    endloop
  endfacet
  facet normal 0.9460853588275527 -0.3239174181981278 0
    outer loop
      vertex 105.0566057671567 -2.540534401839687 4
      vertex 105.13292387221365 -2.3176274578121054 19
      vertex 105.0566057671567 -2.540534401839687 19
    endloop
  endfacet
  facet normal 0.955793014798326 -0.2940403252323177 0
    outer loop
      vertex 105.13292387221365 -2.3176274578121054 4
      vertex 105.20220264257708 -2.0924332952942177 19
      vertex 105.13292387221365 -2.3176274578121054 19
    endloop
  endfacet
  facet normal 0.9645574184578056 -0.26387304996534566 0
    outer loop
      vertex 105.20220264257708 -2.0924332952942177 4
      vertex 105.26437370846473 -1.8651741537364082 19
      vertex 105.20220264257708 -2.0924332952942177 19
    endloop
  endfacet
  facet normal 0.9723699203976803 -0.23344536385589007 0
    outer loop
      vertex 105.26437370846473 -1.8651741537364082 4
      vertex 105.3193757145406 -1.636074310474072 19
      vertex 105.26437370846473 -1.8651741537364082 19
    endloop
  endfacet
  facet normal 0.979222810621759 -0.2027872953565455 0
    outer loop
      vertex 105.3193757145406 -1.636074310474072 4
      vertex 105.36715438046517 -1.4053598593929362 19
      vertex 105.3193757145406 -1.636074310474072 19
    endloop
  endfacet
  facet normal 0.9851093261547785 -0.17192910027938238 0
    outer loop
      vertex 105.36715438046517 -1.4053598593929362 4
      vertex 105.40766255446353 -1.1732584878017316 19
      vertex 105.36715438046517 -1.4053598593929362 19
    endloop
  endfacet
  facet normal 0.9900236577165558 -0.14090123193759455 0
    outer loop
      vertex 105.40766255446353 -1.1732584878017316 4
      vertex 105.44086025985858 -0.9399992517322805 19
      vertex 105.40766255446353 -1.1732584878017316 19
    endloop
  endfacet
  facet normal 0.9939609554551815 -0.1097343110910298 0
    outer loop
      vertex 105.44086025985858 -0.9399992517322805 4
      vertex 105.4667147345231 -0.7058123498888544 19
      vertex 105.44086025985858 -0.9399992517322805 19
    endloop
  endfacet
  facet normal 0.9969173337331254 -0.07845909572787775 0
    outer loop
      vertex 105.4667147345231 -0.7058123498888544 4
      vertex 105.48520046321204 -0.4709288964698532 19
      vertex 105.4667147345231 -0.7058123498888544 19
    endloop
  endfacet
  facet normal 0.9988898749619698 -0.04710645070964571 0
    outer loop
      vertex 105.48520046321204 -0.4709288964698532 4
      vertex 105.49629920274299 -0.23558069308596363 19
      vertex 105.48520046321204 -0.4709288964698532 19
    endloop
  endfacet
  facet normal 0.9998766324816607 -0.01570731731181026 0
    outer loop
      vertex 105.49629920274299 -0.23558069308596363 4
      vertex 105.5 0 19
      vertex 105.49629920274299 -0.23558069308596363 19
    endloop
  endfacet
  facet normal 0 0 1
    outer loop
      vertex 93.98129903765752 -6.3324594412651125 19
      vertex 93 0 19
      vertex 93.78437466610902 -6.203104307059214 19
    endloop
  endfacet
  facet normal 0 0 1
    outer loop
      vertex 93.59161060780644 -6.067627457812106 19
      vertex 93.78437466610902 -6.203104307059214 19
      vertex 93 0 19
    endloop
  endfacet
  facet normal 0 0 1
    outer loop
      vertex 93.59161060780644 -6.067627457812106 19
      vertex 93 0 19
      vertex 93.40319709760267 -5.926162592817676 19
    endloop
  endfacet
  facet normal 0 0 1
    outer loop
      vertex 93.04016101007261 -5.625833022228446 19
      vertex 93.21932007688483 -5.77884932081842 19
      vertex 93 0 19
    endloop
  endfacet
  facet normal 0 0 1
    outer loop
      vertex 93.40319709760267 -5.926162592817676 19
      vertex 93 0 19
      vertex 93.21932007688483 -5.77884932081842 19
    endloop
  endfacet
  facet normal -0.9645574184578037 -0.2638730499653521 0
    outer loop
      vertex 90.77251046928035 -2 16.822000440811806
      vertex 90.73562629153527 -1.8651741537364113 19
      vertex 90.73562629153527 -1.8651741537364113 16.820447422801486
    endloop
  endfacet
  facet normal -0.9723699203976819 -0.23344536385588366 0
    outer loop
      vertex 90.73562629153527 -1.8651741537364113 16.820447422801486
      vertex 90.6806242854594 -1.6360743104740685 19
      vertex 90.6806242854594 -1.6360743104740685 16.818131548861448
    endloop
  endfacet
  facet normal -0.9792228106217583 -0.2027872953565485 0
    outer loop
      vertex 90.6806242854594 -1.6360743104740685 16.818131548861448
      vertex 90.63284561953483 -1.4053598593929362 19
      vertex 90.63284561953483 -1.4053598593929362 16.81611981555936
    endloop
  endfacet
  facet normal -0.9851093261547788 -0.17192910027938238 0
    outer loop
      vertex 90.63284561953483 -1.4053598593929362 16.81611981555936
      vertex 90.59233744553647 -1.1732584878017316 19
      vertex 90.59233744553647 -1.1732584878017316 16.814414208233114
    endloop
  endfacet
  facet normal -0.9645574184578046 -0.26387304996534894 -2.0959015628809367e-16
    outer loop
      vertex 90.77251046928035 -2 16.822000440811806
      vertex 90.79779735742292 -2.0924332952942177 19
      vertex 90.73562629153527 -1.8651741537364113 19
    endloop
  endfacet
  facet normal 0 0 1
    outer loop
      vertex 93.04016101007261 -5.625833022228446 19
      vertex 92.86589670553484 5.467264705660588 19
      vertex 92.86589670553484 -5.467264705660588 19
    endloop
  endfacet
  facet normal -0.9723699203976818 -0.23344536385588363 0
    outer loop
      vertex 90.73562629153527 -1.8651741537364113 16.820447422801486
      vertex 90.73562629153527 -1.8651741537364113 19
      vertex 90.6806242854594 -1.6360743104740685 19
    endloop
  endfacet
  facet normal -0.9792228106217582 -0.20278729535654846 0
    outer loop
      vertex 90.6806242854594 -1.6360743104740685 16.818131548861448
      vertex 90.6806242854594 -1.6360743104740685 19
      vertex 90.63284561953483 -1.4053598593929362 19
    endloop
  endfacet
  facet normal -0.9851093261547785 -0.17192910027938238 0
    outer loop
      vertex 90.63284561953483 -1.4053598593929362 16.81611981555936
      vertex 90.63284561953483 -1.4053598593929362 19
      vertex 90.59233744553647 -1.1732584878017316 19
    endloop
  endfacet
  facet normal 0 0 1
    outer loop
      vertex 91.66754055873488 -4.018700962342476 19
      vertex 91.54443479747042 3.817810618127784 19
      vertex 91.54443479747042 -3.817810618127784 19
    endloop
  endfacet
  facet normal 0 0 1
    outer loop
      vertex 91.79689569294078 -4.215625333890978 19
      vertex 91.66754055873488 4.018700962342476 19
      vertex 91.66754055873488 -4.018700962342476 19
    endloop
  endfacet
  facet normal 0 0 1
    outer loop
      vertex 91.54443479747042 -3.817810618127784 19
      vertex 91.42769989967103 3.6131525557628654 19
      vertex 91.42769989967103 -3.6131525557628654 19
    endloop
  endfacet
  facet normal 0 0 1
    outer loop
      vertex 92.6966991411009 -5.303300858899107 19
      vertex 92.53273529433942 5.134103294465164 19
      vertex 92.53273529433942 -5.134103294465164 19
    endloop
  endfacet
  facet normal 0 0 1
    outer loop
      vertex 92.37416697777155 -4.959838989927389 19
      vertex 92.22115067918158 4.780679923115172 19
      vertex 92.22115067918158 -4.780679923115172 19
    endloop
  endfacet
  facet normal 0 0 1
    outer loop
      vertex 92.22115067918158 -4.780679923115172 19
      vertex 92.07383740718232 4.596802902397325 19
      vertex 92.07383740718232 -4.596802902397325 19
    endloop
  endfacet
  facet normal 0 0 1
    outer loop
      vertex 92.53273529433942 -5.134103294465164 19
      vertex 92.37416697777155 4.959838989927389 19
      vertex 92.37416697777155 -4.959838989927389 19
    endloop
  endfacet
  facet normal 0 0 1
    outer loop
      vertex 92.86589670553484 -5.467264705660588 19
      vertex 92.6966991411009 5.303300858899107 19
      vertex 92.6966991411009 -5.303300858899107 19
    endloop
  endfacet
  facet normal 0 0 1
    outer loop
      vertex 92.07383740718232 -4.596802902397325 19
      vertex 91.93237254218789 4.408389392193548 19
      vertex 91.93237254218789 -4.408389392193548 19
    endloop
  endfacet
  facet normal 0 0 1
    outer loop
      vertex 91.93237254218789 -4.408389392193548 19
      vertex 91.79689569294078 4.215625333890978 19
      vertex 91.79689569294078 -4.215625333890978 19
    endloop
  endfacet
  facet normal -0.9900236577165559 -0.14090123193759455 0
    outer loop
      vertex 90.59233744553647 -1.1732584878017316 16.814414208233114
      vertex 90.55913974014142 -0.9399992517322805 19
      vertex 90.55913974014142 -0.9399992517322805 16.813016410111217
    endloop
  endfacet
  facet normal -0.9939609554551813 -0.10973431109103154 0
    outer loop
      vertex 90.55913974014142 -0.9399992517322805 16.813016410111217
      vertex 90.5332852654769 -0.7058123498888582 19
      vertex 90.5332852654769 -0.7058123498888582 16.81192780065166
    endloop
  endfacet
  facet normal -0.9969173337331255 -0.07845909572787531 0
    outer loop
      vertex 90.5332852654769 -0.7058123498888582 16.81192780065166
      vertex 90.51479953678796 -0.4709288964698496 19
      vertex 90.51479953678796 -0.4709288964698496 16.811149454180544
    endloop
  endfacet
  facet normal -0.9988898749619698 -0.04710645070964645 0
    outer loop
      vertex 90.51479953678796 -0.4709288964698496 16.811149454180544
      vertex 90.50370079725701 -0.23558069308596363 19
      vertex 90.50370079725701 -0.23558069308596363 16.810682138831876
    endloop
  endfacet
  facet normal -0.9998766324816607 -0.015707317311810257 0
    outer loop
      vertex 90.50370079725701 -0.23558069308596363 16.810682138831876
      vertex 90.5 0 19
      vertex 90.5 0 16.810526315789474
    endloop
  endfacet
  facet normal -0.9900236577165559 -0.14090123193759455 0
    outer loop
      vertex 90.59233744553647 -1.1732584878017316 16.814414208233114
      vertex 90.59233744553647 -1.1732584878017316 19
      vertex 90.55913974014142 -0.9399992517322805 19
    endloop
  endfacet
  facet normal -0.9939609554551814 -0.10973431109103154 0
    outer loop
      vertex 90.55913974014142 -0.9399992517322805 16.813016410111217
      vertex 90.55913974014142 -0.9399992517322805 19
      vertex 90.5332852654769 -0.7058123498888582 19
    endloop
  endfacet
  facet normal -0.9969173337331256 -0.07845909572787531 0
    outer loop
      vertex 90.5332852654769 -0.7058123498888582 16.81192780065166
      vertex 90.5332852654769 -0.7058123498888582 19
      vertex 90.51479953678796 -0.4709288964698496 19
    endloop
  endfacet
  facet normal 0 0 1
    outer loop
      vertex 91.42769989967103 -3.6131525557628654 19
      vertex 91.31745106858725 3.4049287480466006 19
      vertex 91.31745106858725 -3.4049287480466006 19
    endloop
  endfacet
  facet normal 0 0 1
    outer loop
      vertex 91.31745106858725 -3.4049287480466006 19
      vertex 91.21379710650486 3.193344686738043 19
      vertex 91.21379710650486 -3.193344686738043 19
    endloop
  endfacet
  facet normal 0 0 1
    outer loop
      vertex 91.21379710650486 -3.193344686738043 19
      vertex 91.11684030737014 2.9786091797608556 19
      vertex 91.11684030737014 -2.9786091797608556 19
    endloop
  endfacet
  facet normal 0 0 1
    outer loop
      vertex 91.11684030737014 -2.9786091797608556 19
      vertex 91.02667635583812 2.760934145135084 19
      vertex 91.02667635583812 -2.760934145135084 19
    endloop
  endfacet
  facet normal 0 0 1
    outer loop
      vertex 90.9433942328433 -2.540534401839687 19
      vertex 90.86707612778635 2.3176274578121054 19
      vertex 90.86707612778635 -2.3176274578121054 19
    endloop
  endfacet
  facet normal 0 0 1
    outer loop
      vertex 90.86707612778635 -2.3176274578121054 19
      vertex 90.79779735742292 2.0924332952942177 19
      vertex 90.79779735742292 -2.0924332952942177 19
    endloop
  endfacet
  facet normal 0 0 1
    outer loop
      vertex 90.79779735742292 -2.0924332952942177 19
      vertex 90.73562629153527 1.8651741537364113 19
      vertex 90.73562629153527 -1.8651741537364113 19
    endloop
  endfacet
  facet normal 0 0 1
    outer loop
      vertex 91.02667635583812 -2.760934145135084 19
      vertex 90.9433942328433 2.540534401839687 19
      vertex 90.9433942328433 -2.540534401839687 19
    endloop
  endfacet
  facet normal -0.9988898749619697 -0.04710645070964643 0
    outer loop
      vertex 90.51479953678796 -0.4709288964698496 16.811149454180544
      vertex 90.51479953678796 -0.4709288964698496 19
      vertex 90.50370079725701 -0.23558069308596363 19
    endloop
  endfacet
  facet normal -0.9998766324816608 -0.01570731731181026 0
    outer loop
      vertex 90.50370079725701 -0.23558069308596363 16.810682138831876
      vertex 90.50370079725701 -0.23558069308596363 19
      vertex 90.5 0 19
    endloop
  endfacet
  facet normal 0 0 1
    outer loop
      vertex 90.73562629153527 -1.8651741537364113 19
      vertex 90.6806242854594 1.6360743104740685 19
      vertex 90.6806242854594 -1.6360743104740685 19
    endloop
  endfacet
  facet normal 0 0 1
    outer loop
      vertex 90.6806242854594 -1.6360743104740685 19
      vertex 90.63284561953483 1.4053598593929362 19
      vertex 90.63284561953483 -1.4053598593929362 19
    endloop
  endfacet
  facet normal 0 0 1
    outer loop
      vertex 90.63284561953483 -1.4053598593929362 19
      vertex 90.59233744553647 1.1732584878017316 19
      vertex 90.59233744553647 -1.1732584878017316 19
    endloop
  endfacet
  facet normal 0 0 1
    outer loop
      vertex 90.59233744553647 -1.1732584878017316 19
      vertex 90.55913974014142 0.9399992517322805 19
      vertex 90.55913974014142 -0.9399992517322805 19
    endloop
  endfacet
  facet normal 0 0 1
    outer loop
      vertex 90.55913974014142 -0.9399992517322805 19
      vertex 90.5332852654769 0.7058123498888582 19
      vertex 90.5332852654769 -0.7058123498888582 19
    endloop
  endfacet
  facet normal 0 0 1
    outer loop
      vertex 90.5332852654769 -0.7058123498888582 19
      vertex 90.51479953678796 0.4709288964698496 19
      vertex 90.51479953678796 -0.4709288964698496 19
    endloop
  endfacet
  facet normal 0 0 1
    outer loop
      vertex 90.51479953678796 -0.4709288964698496 19
      vertex 90.50370079725701 0.23558069308596363 19
      vertex 90.50370079725701 -0.23558069308596363 19
    endloop
  endfacet
  facet normal 0 0 1
    outer loop
      vertex 93.04016101007261 -5.625833022228446 19
      vertex 93 0 19
      vertex 92.86589670553484 5.467264705660588 19
    endloop
  endfacet
  facet normal 0 0 1
    outer loop
      vertex 95.23906585486492 -6.973323644161886 19
      vertex 93 0 19
      vertex 95.02139082023915 -6.883159692629858 19
    endloop
  endfacet
  facet normal 0 0 1
    outer loop
      vertex 95.02139082023915 -6.883159692629858 19
      vertex 93 0 19
      vertex 94.80665531326196 -6.786202893495147 19
    endloop
  endfacet
  facet normal 0 0 1
    outer loop
      vertex 94.38684744423713 -6.572300100328976 19
      vertex 94.5950712519534 -6.682548931412759 19
      vertex 93 0 19
    endloop
  endfacet
  facet normal 0 0 1
    outer loop
      vertex 94.80665531326196 -6.786202893495147 19
      vertex 93 0 19
      vertex 94.5950712519534 -6.682548931412759 19
    endloop
  endfacet
  facet normal 0 0 1
    outer loop
      vertex 95.23906585486492 -6.973323644161886 19
      vertex 95.4594655981603 -7.056605767156691 19
      vertex 93 0 19
    endloop
  endfacet
  facet normal 0 0 1
    outer loop
      vertex 94.38684744423713 -6.572300100328976 19
      vertex 93 0 19
      vertex 94.18218938187222 -6.455565202529578 19
    endloop
  endfacet
  facet normal 0 0 1
    outer loop
      vertex 94.18218938187222 -6.455565202529578 19
      vertex 93 0 19
      vertex 93.98129903765752 -6.3324594412651125 19
    endloop
  endfacet
  facet normal 0 0 1
    outer loop
      vertex 95.4594655981603 -7.056605767156691 19
      vertex 95.5 -4.330127018922193 19
      vertex 93 0 19
    endloop
  endfacet
  facet normal 0 0 1
    outer loop
      vertex 103.13410329446516 -5.467264705660588 19
      vertex 103 0 19
      vertex 100.5 -4.330127018922193 19
    endloop
  endfacet
  facet normal 0 0 1
    outer loop
      vertex 103.13410329446516 -5.467264705660588 19
      vertex 103.3033008588991 -5.303300858899107 19
      vertex 103.13410329446516 5.467264705660587 19
    endloop
  endfacet
  facet normal 0 0 1
    outer loop
      vertex 103.3033008588991 -5.303300858899107 19
      vertex 103.46726470566058 -5.134103294465164 19
      vertex 103.3033008588991 5.303300858899107 19
    endloop
  endfacet
  facet normal 0 0 1
    outer loop
      vertex 103.46726470566058 -5.134103294465164 19
      vertex 103.62583302222845 -4.959838989927386 19
      vertex 103.46726470566058 5.134103294465166 19
    endloop
  endfacet
  facet normal 0 0 1
    outer loop
      vertex 103.62583302222845 -4.959838989927386 19
      vertex 103.77884932081842 -4.780679923115175 19
      vertex 103.62583302222845 4.9598389899273885 19
    endloop
  endfacet
  facet normal 0 0 1
    outer loop
      vertex 103.77884932081842 -4.780679923115175 19
      vertex 103.92616259281768 -4.596802902397325 19
      vertex 103.77884932081842 4.780679923115173 19
    endloop
  endfacet
  facet normal 0 0 1
    outer loop
      vertex 103.92616259281768 -4.596802902397325 19
      vertex 104.06762745781211 -4.408389392193548 19
      vertex 103.92616259281768 4.5968029023973225 19
    endloop
  endfacet
  facet normal 0 0 1
    outer loop
      vertex 104.06762745781211 -4.408389392193548 19
      vertex 104.20310430705922 -4.215625333890978 19
      vertex 104.06762745781211 4.408389392193548 19
    endloop
  endfacet
  facet normal 0 0 1
    outer loop
      vertex 104.20310430705922 -4.215625333890978 19
      vertex 104.33245944126512 -4.018700962342471 19
      vertex 104.20310430705922 4.215625333890979 19
    endloop
  endfacet
  facet normal 0 0 1
    outer loop
      vertex 104.33245944126512 -4.018700962342471 19
      vertex 104.45556520252957 -3.8178106181277873 19
      vertex 104.33245944126512 4.018700962342475 19
    endloop
  endfacet
  facet normal 0 0 1
    outer loop
      vertex 104.45556520252957 -3.8178106181277873 19
      vertex 104.57230010032897 -3.6131525557628654 19
      vertex 104.45556520252958 3.817810618127785 19
    endloop
  endfacet
  facet normal 0 0 1
    outer loop
      vertex 104.57230010032897 -3.6131525557628654 19
      vertex 104.68254893141275 -3.4049287480466006 19
      vertex 104.57230010032897 3.613152555762865 19
    endloop
  endfacet
  facet normal 0 0 1
    outer loop
      vertex 104.68254893141275 -3.4049287480466006 19
      vertex 104.78620289349514 -3.193344686738043 19
      vertex 104.68254893141275 3.4049287480466006 19
    endloop
  endfacet
  facet normal 0 0 1
    outer loop
      vertex 104.78620289349514 -3.193344686738043 19
      vertex 104.88315969262986 -2.978609179760852 19
      vertex 104.78620289349514 3.193344686738045 19
    endloop
  endfacet
  facet normal 0 0 1
    outer loop
      vertex 104.88315969262986 -2.978609179760852 19
      vertex 104.97332364416188 -2.7609341451350877 19
      vertex 104.88315969262986 2.9786091797608543 19
    endloop
  endfacet
  facet normal 0 0 1
    outer loop
      vertex 104.97332364416188 -2.7609341451350877 19
      vertex 105.0566057671567 -2.540534401839687 19
      vertex 104.97332364416188 2.7609341451350846 19
    endloop
  endfacet
  facet normal 0 0 1
    outer loop
      vertex 105.0566057671567 -2.540534401839687 19
      vertex 105.13292387221365 -2.3176274578121054 19
      vertex 105.0566057671567 2.5405344018396856 19
    endloop
  endfacet
  facet normal 0 0 1
    outer loop
      vertex 105.13292387221365 -2.3176274578121054 19
      vertex 105.20220264257708 -2.0924332952942177 19
      vertex 105.13292387221365 2.3176274578121054 19
    endloop
  endfacet
  facet normal 0 0 1
    outer loop
      vertex 105.20220264257708 -2.0924332952942177 19
      vertex 105.26437370846473 -1.8651741537364082 19
      vertex 105.20220264257708 2.0924332952942195 19
    endloop
  endfacet
  facet normal 0 0 1
    outer loop
      vertex 105.26437370846473 -1.8651741537364082 19
      vertex 105.3193757145406 -1.636074310474072 19
      vertex 105.26437370846473 1.865174153736411 19
    endloop
  endfacet
  facet normal 0 0 1
    outer loop
      vertex 105.3193757145406 -1.636074310474072 19
      vertex 105.36715438046517 -1.4053598593929362 19
      vertex 105.3193757145406 1.636074310474069 19
    endloop
  endfacet
  facet normal 0 0 1
    outer loop
      vertex 105.36715438046517 -1.4053598593929362 19
      vertex 105.40766255446353 -1.1732584878017316 19
      vertex 105.36715438046517 1.4053598593929346 19
    endloop
  endfacet
  facet normal 0 0 1
    outer loop
      vertex 105.40766255446353 -1.1732584878017316 19
      vertex 105.44086025985858 -0.9399992517322805 19
      vertex 105.40766255446353 1.1732584878017316 19
    endloop
  endfacet
  facet normal 0 0 1
    outer loop
      vertex 105.44086025985858 -0.9399992517322805 19
      vertex 105.4667147345231 -0.7058123498888544 19
      vertex 105.44086025985858 0.9399992517322819 19
    endloop
  endfacet
  facet normal 0 0 1
    outer loop
      vertex 105.4667147345231 -0.7058123498888544 19
      vertex 105.48520046321204 -0.4709288964698532 19
      vertex 105.4667147345231 0.7058123498888574 19
    endloop
  endfacet
  facet normal 0 0 1
    outer loop
      vertex 105.48520046321204 -0.4709288964698532 19
      vertex 105.49629920274299 -0.23558069308596363 19
      vertex 105.48520046321204 0.4709288964698503 19
    endloop
  endfacet
  facet normal 0 0 -1
    outer loop
      vertex 102.95983898992739 0.29543062533491415 0
      vertex 102.95638473257533 0.0755438591652212 0
      vertex 102.95175213513501 0.08356775330287552 0
    endloop
  endfacet
  facet normal 0 0 -1
    outer loop
      vertex 102.53990499739547 2.304227381404504 0
      vertex 102.55134955627925 0.7770853633626672 0
      vertex 102.53990499739547 0.7969079208195852 0
    endloop
  endfacet
  facet normal 0 0 -1
    outer loop
      vertex 102.53990499739547 2.304227381404504 0
      vertex 102.44047919381082 0.9691184642115673 0
      vertex 102.41582934044294 1.0118132626438388 0
    endloop
  endfacet
  facet normal 0 0 -1
    outer loop
      vertex 101.97147890634781 3.3264572456336423 0
      vertex 101.97922707455388 1.7680305698634076 0
      vertex 101.97147890634781 1.7814507908619006 0
    endloop
  endfacet
  facet normal 0 0 -1
    outer loop
      vertex 101.97147890634781 3.3264572456336423 0
      vertex 101.91491156320896 1.8794283032275767 0
      vertex 101.85836937728172 1.9773622420245713 0
    endloop
  endfacet
  facet normal 0 0 -1
    outer loop
      vertex 99.17325848780173 4.8239068071955264 0
      vertex 99.16550157503409 4.330127018922193 0
      vertex 99.16385822108559 4.330127018922193 0
    endloop
  endfacet
  facet normal 0 0 -1
    outer loop
      vertex 102.53990499739547 2.304227381404504 0
      vertex 102.41582934044294 1.0118132626438388 0
      vertex 102.4942398241774 6.003169130183829 0
    endloop
  endfacet
  facet normal 0 0 -1
    outer loop
      vertex 103.46726470566058 -1.504900978971353 0
      vertex 103.56978852247398 5.021431090949028 0
      vertex 103.6208337785213 4.64160342725145 0
    endloop
  endfacet
  facet normal 0 0 -1
    outer loop
      vertex 102.95983898992739 0.29543062533491415 0
      vertex 103.04239555203392 5.550712330646854 0
      vertex 103.09041415750372 2.686156622476433 0
    endloop
  endfacet
  facet normal 0 0 -1
    outer loop
      vertex 101.38737920245292 5.565402050029787 0
      vertex 101.32655859454015 2.8984855377459255 0
      vertex 101.28620488288698 2.9683802166032156 0
    endloop
  endfacet
  facet normal 0 0 -1
    outer loop
      vertex 101.97147890634781 3.3264572456336423 0
      vertex 101.85836937728172 1.9773622420245713 0
      vertex 101.92766111930663 6.388248728829613 0
    endloop
  endfacet
  facet normal -0.9645574184578058 0.26387304996534433 0
    outer loop
      vertex 90.77251046928035 2 4
      vertex 90.77251046928035 2 16.822000440811806
      vertex 90.79779735742292 2.0924332952942177 4
    endloop
  endfacet
  facet normal -0.955793014798326 0.2940403252323177 0
    outer loop
      vertex 90.79779735742292 2.0924332952942177 4
      vertex 90.79779735742292 2.0924332952942177 19
      vertex 90.86707612778635 2.3176274578121054 4
    endloop
  endfacet
  facet normal -0.9460853588275527 0.3239174181981278 0
    outer loop
      vertex 90.86707612778635 2.3176274578121054 4
      vertex 90.86707612778635 2.3176274578121054 19
      vertex 90.9433942328433 2.540534401839687 4
    endloop
  endfacet
  facet normal -0.9354440308298506 0.35347484377930133 0
    outer loop
      vertex 90.9433942328433 2.540534401839687 4
      vertex 90.9433942328433 2.540534401839687 19
      vertex 91.02667635583812 2.760934145135084 4
    endloop
  endfacet
  facet normal -0.9238795325112984 0.3826834323650617 0
    outer loop
      vertex 91.02667635583812 2.760934145135084 4
      vertex 91.02667635583812 2.760934145135084 19
      vertex 91.11684030737014 2.9786091797608556 4
    endloop
  endfacet
  facet normal -0.9114032766354366 0.41151435860512775 0
    outer loop
      vertex 91.11684030737014 2.9786091797608556 4
      vertex 91.11684030737014 2.9786091797608556 19
      vertex 91.21379710650486 3.193344686738043 4
    endloop
  endfacet
  facet normal -0.8980275757606123 0.4399391698559219 0
    outer loop
      vertex 91.21379710650486 3.193344686738043 4
      vertex 91.21379710650486 3.193344686738043 19
      vertex 91.31745106858725 3.4049287480466006 4
    endloop
  endfacet
  facet normal -0.8837656300886982 0.4679298142605642 0
    outer loop
      vertex 91.31745106858725 3.4049287480466006 4
      vertex 91.31745106858725 3.4049287480466006 19
      vertex 91.42769989967103 3.6131525557628654 4
    endloop
  endfacet
  facet normal -0.8686315144382081 0.495458668432378 0
    outer loop
      vertex 91.42769989967103 3.6131525557628654 4
      vertex 91.42769989967103 3.6131525557628654 19
      vertex 91.54443479747042 3.817810618127784 4
    endloop
  endfacet
  facet normal -0.8526401643540851 0.5224985647159605 0
    outer loop
      vertex 91.54443479747042 3.817810618127784 4
      vertex 91.54443479747042 3.817810618127784 19
      vertex 91.66754055873488 4.018700962342476 4
    endloop
  endfacet
  facet normal -0.835807361368276 0.5490228179981229 0
    outer loop
      vertex 91.66754055873488 4.018700962342476 4
      vertex 91.66754055873488 4.018700962342476 19
      vertex 91.79689569294078 4.215625333890978 4
    endloop
  endfacet
  facet normal -0.8181497174250166 0.5750052520432883 0
    outer loop
      vertex 91.79689569294078 4.215625333890978 4
      vertex 91.79689569294078 4.215625333890978 19
      vertex 91.93237254218789 4.408389392193548 4
    endloop
  endfacet
  facet normal -0.7996846584870834 0.6004202253258935 0
    outer loop
      vertex 91.93237254218789 4.408389392193548 4
      vertex 91.93237254218789 4.408389392193548 19
      vertex 92.07383740718232 4.596802902397325 4
    endloop
  endfacet
  facet normal -0.7804304073383392 0.6252426563356931 0
    outer loop
      vertex 92.07383740718232 4.596802902397325 4
      vertex 92.07383740718232 4.596802902397325 19
      vertex 92.22115067918158 4.780679923115172 4
    endloop
  endfacet
  facet normal -0.760405965600028 0.649448048330187 0
    outer loop
      vertex 92.22115067918158 4.780679923115172 4
      vertex 92.22115067918158 4.780679923115172 19
      vertex 92.37416697777155 4.959838989927389 4
    endloop
  endfacet
  facet normal 0.9998766324816607 0.015707317311810357 0
    outer loop
      vertex 105.5 0 4
      vertex 105.49629920274299 0.2355806930859622 4
      vertex 105.49629920274299 0.2355806930859622 19
    endloop
  endfacet
  facet normal 0.9988898749619698 0.047106450709646 0
    outer loop
      vertex 105.49629920274299 0.2355806930859622 4
      vertex 105.48520046321204 0.4709288964698503 4
      vertex 105.48520046321204 0.4709288964698503 19
    endloop
  endfacet
  facet normal 0.9969173337331256 0.07845909572787581 0
    outer loop
      vertex 105.48520046321204 0.4709288964698503 4
      vertex 105.4667147345231 0.7058123498888574 4
      vertex 105.4667147345231 0.7058123498888574 19
    endloop
  endfacet
  facet normal 0.9939609554551813 0.1097343110910305 0
    outer loop
      vertex 105.4667147345231 0.7058123498888574 4
      vertex 105.44086025985858 0.9399992517322819 4
      vertex 105.44086025985858 0.9399992517322819 19
    endloop
  endfacet
  facet normal 0.9900236577165558 0.1409012319375954 0
    outer loop
      vertex 105.44086025985858 0.9399992517322819 4
      vertex 105.40766255446353 1.1732584878017316 4
      vertex 105.40766255446353 1.1732584878017316 19
    endloop
  endfacet
  facet normal 0.9851093261547784 0.17192910027938352 0
    outer loop
      vertex 105.40766255446353 1.1732584878017316 4
      vertex 105.36715438046517 1.4053598593929346 4
      vertex 105.36715438046517 1.4053598593929346 19
    endloop
  endfacet
  facet normal 0.9792228106217586 0.2027872953565468 0
    outer loop
      vertex 105.36715438046517 1.4053598593929346 4
      vertex 105.3193757145406 1.636074310474069 4
      vertex 105.3193757145406 1.636074310474069 19
    endloop
  endfacet
  facet normal 0.9723699203976817 0.23344536385588432 0
    outer loop
      vertex 105.26437370846473 1.865174153736411 4
      vertex 105.26437370846473 1.865174153736411 19
      vertex 105.3193757145406 1.636074310474069 4
    endloop
  endfacet
  facet normal 0.9645574184578052 0.2638730499653468 0
    outer loop
      vertex 105.26437370846473 1.865174153736411 4
      vertex 105.20220264257708 2.0924332952942195 4
      vertex 105.20220264257708 2.0924332952942195 19
    endloop
  endfacet
  facet normal 0.9557930147983252 0.2940403252323198 0
    outer loop
      vertex 105.20220264257708 2.0924332952942195 4
      vertex 105.13292387221365 2.3176274578121054 4
      vertex 105.13292387221365 2.3176274578121054 19
    endloop
  endfacet
  facet normal 0.9460853588275522 0.3239174181981296 0
    outer loop
      vertex 105.13292387221365 2.3176274578121054 4
      vertex 105.0566057671567 2.5405344018396856 4
      vertex 105.0566057671567 2.5405344018396856 19
    endloop
  endfacet
  facet normal 0.9354440308298516 0.3534748437792989 0
    outer loop
      vertex 105.0566057671567 2.5405344018396856 4
      vertex 104.97332364416188 2.7609341451350846 4
      vertex 104.97332364416188 2.7609341451350846 19
    endloop
  endfacet
  facet normal 0.9238795325112973 0.3826834323650643 0
    outer loop
      vertex 104.97332364416188 2.7609341451350846 4
      vertex 104.88315969262986 2.9786091797608543 4
      vertex 104.88315969262986 2.9786091797608543 19
    endloop
  endfacet
  facet normal 0.911403276635439 0.4115143586051228 0
    outer loop
      vertex 104.88315969262986 2.9786091797608543 4
      vertex 104.78620289349514 3.193344686738045 4
      vertex 104.78620289349514 3.193344686738045 19
    endloop
  endfacet
  facet normal 0.8980275757606109 0.43993916985592485 0
    outer loop
      vertex 104.78620289349514 3.193344686738045 4
      vertex 104.68254893141275 3.4049287480466006 4
      vertex 104.68254893141275 3.4049287480466006 19
    endloop
  endfacet
  facet normal 0.8837656300886978 0.46792981426056496 0
    outer loop
      vertex 104.68254893141275 3.4049287480466006 4
      vertex 104.57230010032897 3.613152555762865 4
      vertex 104.57230010032897 3.613152555762865 19
    endloop
  endfacet
  facet normal 0.8686315144382094 0.49545866843237557 0
    outer loop
      vertex 104.57230010032897 3.613152555762865 4
      vertex 104.45556520252958 3.817810618127785 4
      vertex 104.45556520252958 3.817810618127785 19
    endloop
  endfacet
  facet normal 0.8526401643540831 0.5224985647159639 0
    outer loop
      vertex 104.33245944126512 4.018700962342475 4
      vertex 104.33245944126512 4.018700962342475 19
      vertex 104.45556520252958 3.817810618127785 4
    endloop
  endfacet
  facet normal 0.8358073613682784 0.5490228179981195 0
    outer loop
      vertex 104.33245944126512 4.018700962342475 4
      vertex 104.20310430705922 4.215625333890979 4
      vertex 104.20310430705922 4.215625333890979 19
    endloop
  endfacet
  facet normal 0.8181497174250153 0.57500525204329 0
    outer loop
      vertex 104.20310430705922 4.215625333890979 4
      vertex 104.06762745781211 4.408389392193548 4
      vertex 104.06762745781211 4.408389392193548 19
    endloop
  endfacet
  facet normal 0.7996846584870794 0.600420225325899 0
    outer loop
      vertex 104.06762745781211 4.408389392193548 4
      vertex 103.92616259281768 4.5968029023973225 4
      vertex 103.92616259281768 4.5968029023973225 19
    endloop
  endfacet
  facet normal 0.7804304073383452 0.6252426563356859 0
    outer loop
      vertex 103.92616259281768 4.5968029023973225 4
      vertex 103.77884932081842 4.780679923115173 4
      vertex 103.77884932081842 4.780679923115173 19
    endloop
  endfacet
  facet normal 0.7604059656000249 0.6494480483301908 0
    outer loop
      vertex 103.77884932081842 4.780679923115173 4
      vertex 103.62583302222845 4.9598389899273885 4
      vertex 103.62583302222845 4.9598389899273885 19
    endloop
  endfacet
  facet normal 0 0 -1
    outer loop
      vertex 98.58856411581174 7.475942370667141 0
      vertex 98.61347277948468 4.330127018922193 0
      vertex 98.53914569925007 4.330127018922193 0
    endloop
  endfacet
  facet normal 0 0 -1
    outer loop
      vertex 100.44610358583928 7.0889366618606315 0
      vertex 100.47875797718163 4.330127018922193 0
      vertex 100.40276474076897 4.330127018922193 0
    endloop
  endfacet
  facet normal 0 0 -1
    outer loop
      vertex 99.52453098522042 7.342475226723024 0
      vertex 99.55066478900652 4.330127018922193 0
      vertex 99.4772092381003 4.330127018922193 0
    endloop
  endfacet
  facet normal 0 0 -1
    outer loop
      vertex 101.38737920245292 5.565402050029787 0
      vertex 101.28620488288698 2.9683802166032156 0
      vertex 101.34501281367012 6.711901444790095 0
    endloop
  endfacet
  facet normal -0.7396310949785947 0.67301251350979 0
    outer loop
      vertex 92.37416697777155 4.959838989927389 4
      vertex 92.37416697777155 4.959838989927389 19
      vertex 92.53273529433942 5.134103294465164 4
    endloop
  endfacet
  facet normal -0.7181262977632004 0.6959127965923025 0
    outer loop
      vertex 92.53273529433942 5.134103294465164 4
      vertex 92.53273529433942 5.134103294465164 19
      vertex 92.6966991411009 5.303300858899107 4
    endloop
  endfacet
  facet normal -0.6959127965923123 0.7181262977631908 0
    outer loop
      vertex 92.6966991411009 5.303300858899107 4
      vertex 92.6966991411009 5.303300858899107 19
      vertex 92.86589670553484 5.467264705660588 4
    endloop
  endfacet
  facet normal -0.673012513509777 0.7396310949786064 0
    outer loop
      vertex 92.86589670553484 5.467264705660588 4
      vertex 92.86589670553484 5.467264705660588 19
      vertex 93.04016101007261 5.625833022228446 4
    endloop
  endfacet
  facet normal -0.649448048330183 0.7604059656000315 0
    outer loop
      vertex 93.04016101007261 5.625833022228446 4
      vertex 93.04016101007261 5.625833022228446 19
      vertex 93.21932007688483 5.77884932081842 4
    endloop
  endfacet
  facet normal -0.6252426563357149 0.7804304073383221 0
    outer loop
      vertex 93.21932007688483 5.77884932081842 4
      vertex 93.21932007688483 5.77884932081842 19
      vertex 93.40319709760267 5.926162592817678 4
    endloop
  endfacet
  facet normal -0.6004202253258888 0.799684658487087 0
    outer loop
      vertex 93.40319709760267 5.926162592817678 4
      vertex 93.40319709760267 5.926162592817678 19
      vertex 93.59161060780644 6.067627457812106 4
    endloop
  endfacet
  facet normal -0.5750052520432696 0.8181497174250297 0
    outer loop
      vertex 93.59161060780644 6.067627457812106 4
      vertex 93.59161060780644 6.067627457812106 19
      vertex 93.78437466610902 6.203104307059213 4
    endloop
  endfacet
  facet normal -0.5490228179981309 0.8358073613682708 0
    outer loop
      vertex 93.78437466610902 6.203104307059213 4
      vertex 93.78437466610902 6.203104307059213 19
      vertex 93.98129903765752 6.3324594412651125 4
    endloop
  endfacet
  facet normal -0.522498564715936 0.8526401643541001 0
    outer loop
      vertex 93.98129903765752 6.3324594412651125 4
      vertex 93.98129903765752 6.3324594412651125 19
      vertex 94.18218938187222 6.455565202529578 4
    endloop
  endfacet
  facet normal -0.4954586684324162 0.8686315144381863 0
    outer loop
      vertex 94.18218938187222 6.455565202529578 4
      vertex 94.18218938187222 6.455565202529578 19
      vertex 94.38684744423713 6.5723001003289765 4
    endloop
  endfacet
  facet normal -0.4679298142605715 0.8837656300886945 0
    outer loop
      vertex 94.38684744423713 6.5723001003289765 4
      vertex 94.38684744423713 6.5723001003289765 19
      vertex 94.5950712519534 6.682548931412759 4
    endloop
  endfacet
  facet normal -0.43993916985591125 0.8980275757606175 0
    outer loop
      vertex 94.5950712519534 6.682548931412759 4
      vertex 94.5950712519534 6.682548931412759 19
      vertex 94.80665531326196 6.786202893495146 4
    endloop
  endfacet
  facet normal -0.41151435860510815 0.9114032766354455 0
    outer loop
      vertex 94.80665531326196 6.786202893495146 4
      vertex 94.80665531326196 6.786202893495146 19
      vertex 95.02139082023915 6.883159692629858 4
    endloop
  endfacet
  facet normal -0.38268343236509195 0.9238795325112859 0
    outer loop
      vertex 95.02139082023915 6.883159692629858 4
      vertex 95.02139082023915 6.883159692629858 19
      vertex 95.23906585486492 6.973323644161886 4
    endloop
  endfacet
  facet normal -0.353474843779251 0.9354440308298696 0
    outer loop
      vertex 95.23906585486492 6.973323644161886 4
      vertex 95.23906585486492 6.973323644161886 19
      vertex 95.45946559816032 7.056605767156691 4
    endloop
  endfacet
  facet normal -0.32391741819815856 0.9460853588275422 0
    outer loop
      vertex 95.45946559816032 7.056605767156691 4
      vertex 95.45946559816032 7.056605767156691 19
      vertex 95.68237254218789 7.132923872213651 4
    endloop
  endfacet
  facet normal -0.29404032523229595 0.9557930147983327 0
    outer loop
      vertex 95.68237254218789 7.132923872213651 4
      vertex 95.68237254218789 7.132923872213651 19
      vertex 95.90756670470579 7.202202642577073 4
    endloop
  endfacet
  facet normal -0.26387304996537064 0.9645574184577986 0
    outer loop
      vertex 95.90756670470579 7.202202642577073 4
      vertex 95.90756670470579 7.202202642577073 19
      vertex 96.1348258462636 7.264373708464733 4
    endloop
  endfacet
  facet normal -0.23344536385591488 0.9723699203976743 0
    outer loop
      vertex 96.1348258462636 7.264373708464733 4
      vertex 96.1348258462636 7.264373708464733 19
      vertex 96.36392568952593 7.319375714540605 4
    endloop
  endfacet
  facet normal -0.2027872953565085 0.9792228106217666 0
    outer loop
      vertex 96.36392568952593 7.319375714540605 4
      vertex 96.36392568952593 7.319375714540605 19
      vertex 96.59464014060707 7.367154380465165 4
    endloop
  endfacet
  facet normal -0.17192910027941216 0.9851093261547735 0
    outer loop
      vertex 96.59464014060707 7.367154380465165 4
      vertex 96.59464014060707 7.367154380465165 19
      vertex 96.82674151219827 7.407662554463533 4
    endloop
  endfacet
  facet normal -0.140901231937588 0.9900236577165569 0
    outer loop
      vertex 96.82674151219827 7.407662554463533 4
      vertex 96.82674151219827 7.407662554463533 19
      vertex 97.06000074826771 7.440860259858584 4
    endloop
  endfacet
  facet normal -0.10973431109103937 0.9939609554551804 0
    outer loop
      vertex 97.06000074826771 7.440860259858584 4
      vertex 97.06000074826771 7.440860259858584 19
      vertex 97.29418765011114 7.4667147345231 4
    endloop
  endfacet
  facet normal -0.07845909572784286 0.9969173337331281 0
    outer loop
      vertex 97.29418765011114 7.4667147345231 4
      vertex 97.29418765011114 7.4667147345231 19
      vertex 97.52907110353016 7.485200463212037 4
    endloop
  endfacet
  facet normal -0.047106450709647876 0.9988898749619698 0
    outer loop
      vertex 97.52907110353016 7.485200463212037 4
      vertex 97.52907110353016 7.485200463212037 19
      vertex 97.76441930691404 7.496299202742987 4
    endloop
  endfacet
  facet normal -0.015707317311817754 0.9998766324816606 0
    outer loop
      vertex 97.76441930691404 7.496299202742987 4
      vertex 97.76441930691404 7.496299202742987 19
      vertex 98 7.5 4
    endloop
  endfacet
  facet normal 0.015707317311817754 0.9998766324816606 0
    outer loop
      vertex 98.23558069308596 7.496299202742987 4
      vertex 98 7.5 4
      vertex 98 7.5 19
    endloop
  endfacet
  facet normal 0.047106450709647876 0.9988898749619698 0
    outer loop
      vertex 98.23558069308596 7.496299202742987 4
      vertex 98.23558069308596 7.496299202742987 19
      vertex 98.47092889646984 7.485200463212037 4
    endloop
  endfacet
  facet normal 0.07845909572784286 0.9969173337331281 0
    outer loop
      vertex 98.47092889646984 7.485200463212037 4
      vertex 98.47092889646984 7.485200463212037 19
      vertex 98.70581234988886 7.4667147345231 4
    endloop
  endfacet
  facet normal 0.10973431109103937 0.9939609554551804 0
    outer loop
      vertex 98.70581234988886 7.4667147345231 4
      vertex 98.70581234988886 7.4667147345231 19
      vertex 98.93999925173229 7.440860259858584 4
    endloop
  endfacet
  facet normal 0.353474843779251 0.9354440308298696 0
    outer loop
      vertex 100.76093414513508 6.973323644161886 4
      vertex 100.54053440183968 7.056605767156691 4
      vertex 100.54053440183968 7.056605767156691 19
    endloop
  endfacet
  facet normal 0.29404032523229595 0.9557930147983327 0
    outer loop
      vertex 100.31762745781211 7.132923872213651 4
      vertex 100.09243329529421 7.202202642577073 4
      vertex 100.09243329529421 7.202202642577073 19
    endloop
  endfacet
  facet normal 0.32391741819815856 0.9460853588275422 0
    outer loop
      vertex 100.31762745781211 7.132923872213651 4
      vertex 100.31762745781211 7.132923872213651 19
      vertex 100.54053440183968 7.056605767156691 4
    endloop
  endfacet
  facet normal 0.23344536385591488 0.9723699203976743 0
    outer loop
      vertex 99.8651741537364 7.264373708464733 4
      vertex 99.63607431047407 7.319375714540605 4
      vertex 99.63607431047407 7.319375714540605 19
    endloop
  endfacet
  facet normal 0.17192910027941216 0.9851093261547735 0
    outer loop
      vertex 99.17325848780173 7.407662554463533 4
      vertex 99.17325848780173 7.407662554463533 19
      vertex 99.40535985939293 7.367154380465165 4
    endloop
  endfacet
  facet normal 0.140901231937588 0.9900236577165569 0
    outer loop
      vertex 98.93999925173229 7.440860259858584 4
      vertex 98.93999925173229 7.440860259858584 19
      vertex 99.17325848780173 7.407662554463533 4
    endloop
  endfacet
  facet normal 0.2027872953565085 0.9792228106217666 0
    outer loop
      vertex 99.63607431047407 7.319375714540605 4
      vertex 99.40535985939293 7.367154380465165 4
      vertex 99.40535985939293 7.367154380465165 19
    endloop
  endfacet
  facet normal 0.26387304996537064 0.9645574184577986 0
    outer loop
      vertex 99.8651741537364 7.264373708464733 4
      vertex 99.8651741537364 7.264373708464733 19
      vertex 100.09243329529421 7.202202642577073 4
    endloop
  endfacet
  facet normal 0.7181262977631967 0.6959127965923063 0
    outer loop
      vertex 103.46726470566058 5.134103294465166 4
      vertex 103.3033008588991 5.303300858899107 4
      vertex 103.3033008588991 5.303300858899107 19
    endloop
  endfacet
  facet normal 0.7396310949785997 0.6730125135097843 0
    outer loop
      vertex 103.62583302222845 4.9598389899273885 4
      vertex 103.46726470566058 5.134103294465166 4
      vertex 103.46726470566058 5.134103294465166 19
    endloop
  endfacet
  facet normal 0.6959127965923103 0.7181262977631927 0
    outer loop
      vertex 103.3033008588991 5.303300858899107 4
      vertex 103.13410329446516 5.467264705660587 4
      vertex 103.13410329446516 5.467264705660587 19
    endloop
  endfacet
  facet normal 0.6730125135097812 0.7396310949786027 0
    outer loop
      vertex 103.13410329446516 5.467264705660587 4
      vertex 102.95983898992739 5.625833022228447 4
      vertex 102.95983898992739 5.625833022228447 19
    endloop
  endfacet
  facet normal 0.6004202253258888 0.799684658487087 0
    outer loop
      vertex 102.59680290239733 5.926162592817678 4
      vertex 102.40838939219356 6.067627457812106 4
      vertex 102.40838939219356 6.067627457812106 19
    endloop
  endfacet
  facet normal 0.5750052520432696 0.8181497174250297 0
    outer loop
      vertex 102.40838939219356 6.067627457812106 4
      vertex 102.21562533389098 6.203104307059213 4
      vertex 102.21562533389098 6.203104307059213 19
    endloop
  endfacet
  facet normal 0.6494480483301764 0.760405965600037 0
    outer loop
      vertex 102.95983898992739 5.625833022228447 4
      vertex 102.78067992311517 5.778849320818418 4
      vertex 102.78067992311517 5.778849320818418 19
    endloop
  endfacet
  facet normal 0.6252426563357194 0.7804304073383184 0
    outer loop
      vertex 102.59680290239733 5.926162592817678 4
      vertex 102.59680290239733 5.926162592817678 19
      vertex 102.78067992311517 5.778849320818418 4
    endloop
  endfacet
  facet normal 0.4954586684324191 0.8686315144381848 0
    outer loop
      vertex 101.81781061812778 6.455565202529577 4
      vertex 101.61315255576287 6.5723001003289765 4
      vertex 101.61315255576287 6.5723001003289765 19
    endloop
  endfacet
  facet normal 0.5490228179981335 0.835807361368269 0
    outer loop
      vertex 102.21562533389098 6.203104307059213 4
      vertex 102.01870096234248 6.332459441265113 4
      vertex 102.01870096234248 6.332459441265113 19
    endloop
  endfacet
  facet normal 0.5224985647159306 0.8526401643541034 0
    outer loop
      vertex 102.01870096234248 6.332459441265113 4
      vertex 101.81781061812778 6.455565202529577 4
      vertex 101.81781061812778 6.455565202529577 19
    endloop
  endfacet
  facet normal 0.4679298142605715 0.8837656300886945 0
    outer loop
      vertex 101.61315255576287 6.5723001003289765 4
      vertex 101.4049287480466 6.682548931412759 4
      vertex 101.4049287480466 6.682548931412759 19
    endloop
  endfacet
  facet normal 0.41151435860510815 0.9114032766354455 0
    outer loop
      vertex 101.19334468673804 6.786202893495146 4
      vertex 100.97860917976085 6.883159692629858 4
      vertex 100.97860917976085 6.883159692629858 19
    endloop
  endfacet
  facet normal 0.43993916985591125 0.8980275757606175 0
    outer loop
      vertex 101.4049287480466 6.682548931412759 4
      vertex 101.19334468673804 6.786202893495146 4
      vertex 101.19334468673804 6.786202893495146 19
    endloop
  endfacet
  facet normal 0.38268343236509195 0.9238795325112859 0
    outer loop
      vertex 100.76093414513508 6.973323644161886 4
      vertex 100.76093414513508 6.973323644161886 19
      vertex 100.97860917976085 6.883159692629858 4
    endloop
  endfacet
  facet normal -0.9645574184578058 0.2638730499653444 0
    outer loop
      vertex 90.79779735742292 2.0924332952942177 4
      vertex 90.77251046928035 2 16.822000440811806
      vertex 90.79779735742292 2.0924332952942177 19
    endloop
  endfacet
  facet normal -0.955793014798326 0.2940403252323177 0
    outer loop
      vertex 90.86707612778635 2.3176274578121054 4
      vertex 90.79779735742292 2.0924332952942177 19
      vertex 90.86707612778635 2.3176274578121054 19
    endloop
  endfacet
  facet normal -0.9460853588275527 0.3239174181981278 0
    outer loop
      vertex 90.9433942328433 2.540534401839687 4
      vertex 90.86707612778635 2.3176274578121054 19
      vertex 90.9433942328433 2.540534401839687 19
    endloop
  endfacet
  facet normal -0.9354440308298506 0.35347484377930133 0
    outer loop
      vertex 91.02667635583812 2.760934145135084 4
      vertex 90.9433942328433 2.540534401839687 19
      vertex 91.02667635583812 2.760934145135084 19
    endloop
  endfacet
  facet normal -0.9238795325112984 0.3826834323650617 0
    outer loop
      vertex 91.11684030737014 2.9786091797608556 4
      vertex 91.02667635583812 2.760934145135084 19
      vertex 91.11684030737014 2.9786091797608556 19
    endloop
  endfacet
  facet normal -0.9114032766354366 0.41151435860512775 0
    outer loop
      vertex 91.21379710650486 3.193344686738043 4
      vertex 91.11684030737014 2.9786091797608556 19
      vertex 91.21379710650486 3.193344686738043 19
    endloop
  endfacet
  facet normal -0.8980275757606123 0.4399391698559219 0
    outer loop
      vertex 91.31745106858725 3.4049287480466006 4
      vertex 91.21379710650486 3.193344686738043 19
      vertex 91.31745106858725 3.4049287480466006 19
    endloop
  endfacet
  facet normal -0.8837656300886982 0.4679298142605642 0
    outer loop
      vertex 91.42769989967103 3.6131525557628654 4
      vertex 91.31745106858725 3.4049287480466006 19
      vertex 91.42769989967103 3.6131525557628654 19
    endloop
  endfacet
  facet normal -0.8686315144382081 0.495458668432378 0
    outer loop
      vertex 91.54443479747042 3.817810618127784 4
      vertex 91.42769989967103 3.6131525557628654 19
      vertex 91.54443479747042 3.817810618127784 19
    endloop
  endfacet
  facet normal -0.8526401643540851 0.5224985647159605 0
    outer loop
      vertex 91.66754055873488 4.018700962342476 4
      vertex 91.54443479747042 3.817810618127784 19
      vertex 91.66754055873488 4.018700962342476 19
    endloop
  endfacet
  facet normal -0.835807361368276 0.5490228179981229 0
    outer loop
      vertex 91.79689569294078 4.215625333890978 4
      vertex 91.66754055873488 4.018700962342476 19
      vertex 91.79689569294078 4.215625333890978 19
    endloop
  endfacet
  facet normal -0.8181497174250166 0.5750052520432883 0
    outer loop
      vertex 91.93237254218789 4.408389392193548 4
      vertex 91.79689569294078 4.215625333890978 19
      vertex 91.93237254218789 4.408389392193548 19
    endloop
  endfacet
  facet normal -0.7996846584870834 0.6004202253258935 0
    outer loop
      vertex 92.07383740718232 4.596802902397325 4
      vertex 91.93237254218789 4.408389392193548 19
      vertex 92.07383740718232 4.596802902397325 19
    endloop
  endfacet
  facet normal -0.7804304073383392 0.6252426563356931 0
    outer loop
      vertex 92.22115067918158 4.780679923115172 4
      vertex 92.07383740718232 4.596802902397325 19
      vertex 92.22115067918158 4.780679923115172 19
    endloop
  endfacet
  facet normal -0.760405965600028 0.649448048330187 0
    outer loop
      vertex 92.37416697777155 4.959838989927389 4
      vertex 92.22115067918158 4.780679923115172 19
      vertex 92.37416697777155 4.959838989927389 19
    endloop
  endfacet
  facet normal 0.9998766324816607 0.015707317311810357 0
    outer loop
      vertex 105.5 0 4
      vertex 105.49629920274299 0.2355806930859622 19
      vertex 105.5 0 19
    endloop
  endfacet
  facet normal 0.9988898749619698 0.047106450709646 0
    outer loop
      vertex 105.49629920274299 0.2355806930859622 4
      vertex 105.48520046321204 0.4709288964698503 19
      vertex 105.49629920274299 0.2355806930859622 19
    endloop
  endfacet
  facet normal 0.9969173337331256 0.07845909572787581 0
    outer loop
      vertex 105.48520046321204 0.4709288964698503 4
      vertex 105.4667147345231 0.7058123498888574 19
      vertex 105.48520046321204 0.4709288964698503 19
    endloop
  endfacet
  facet normal 0.9939609554551813 0.1097343110910305 0
    outer loop
      vertex 105.4667147345231 0.7058123498888574 4
      vertex 105.44086025985858 0.9399992517322819 19
      vertex 105.4667147345231 0.7058123498888574 19
    endloop
  endfacet
  facet normal 0.9900236577165558 0.1409012319375954 0
    outer loop
      vertex 105.44086025985858 0.9399992517322819 4
      vertex 105.40766255446353 1.1732584878017316 19
      vertex 105.44086025985858 0.9399992517322819 19
    endloop
  endfacet
  facet normal 0.9851093261547784 0.17192910027938352 0
    outer loop
      vertex 105.40766255446353 1.1732584878017316 4
      vertex 105.36715438046517 1.4053598593929346 19
      vertex 105.40766255446353 1.1732584878017316 19
    endloop
  endfacet
  facet normal 0.9792228106217586 0.2027872953565468 0
    outer loop
      vertex 105.36715438046517 1.4053598593929346 4
      vertex 105.3193757145406 1.636074310474069 19
      vertex 105.36715438046517 1.4053598593929346 19
    endloop
  endfacet
  facet normal 0.9723699203976817 0.23344536385588432 0
    outer loop
      vertex 105.3193757145406 1.636074310474069 4
      vertex 105.26437370846473 1.865174153736411 19
      vertex 105.3193757145406 1.636074310474069 19
    endloop
  endfacet
  facet normal 0.9645574184578052 0.2638730499653468 0
    outer loop
      vertex 105.26437370846473 1.865174153736411 4
      vertex 105.20220264257708 2.0924332952942195 19
      vertex 105.26437370846473 1.865174153736411 19
    endloop
  endfacet
  facet normal 0.9557930147983252 0.2940403252323198 0
    outer loop
      vertex 105.20220264257708 2.0924332952942195 4
      vertex 105.13292387221365 2.3176274578121054 19
      vertex 105.20220264257708 2.0924332952942195 19
    endloop
  endfacet
  facet normal 0.9460853588275522 0.3239174181981296 0
    outer loop
      vertex 105.13292387221365 2.3176274578121054 4
      vertex 105.0566057671567 2.5405344018396856 19
      vertex 105.13292387221365 2.3176274578121054 19
    endloop
  endfacet
  facet normal 0.9354440308298516 0.3534748437792989 0
    outer loop
      vertex 105.0566057671567 2.5405344018396856 4
      vertex 104.97332364416188 2.7609341451350846 19
      vertex 105.0566057671567 2.5405344018396856 19
    endloop
  endfacet
  facet normal 0.9238795325112973 0.3826834323650643 0
    outer loop
      vertex 104.97332364416188 2.7609341451350846 4
      vertex 104.88315969262986 2.9786091797608543 19
      vertex 104.97332364416188 2.7609341451350846 19
    endloop
  endfacet
  facet normal 0.911403276635439 0.4115143586051228 0
    outer loop
      vertex 104.88315969262986 2.9786091797608543 4
      vertex 104.78620289349514 3.193344686738045 19
      vertex 104.88315969262986 2.9786091797608543 19
    endloop
  endfacet
  facet normal 0.8980275757606109 0.43993916985592485 0
    outer loop
      vertex 104.78620289349514 3.193344686738045 4
      vertex 104.68254893141275 3.4049287480466006 19
      vertex 104.78620289349514 3.193344686738045 19
    endloop
  endfacet
  facet normal 0.8837656300886978 0.46792981426056496 0
    outer loop
      vertex 104.68254893141275 3.4049287480466006 4
      vertex 104.57230010032897 3.613152555762865 19
      vertex 104.68254893141275 3.4049287480466006 19
    endloop
  endfacet
  facet normal 0.8686315144382094 0.49545866843237557 0
    outer loop
      vertex 104.57230010032897 3.613152555762865 4
      vertex 104.45556520252958 3.817810618127785 19
      vertex 104.57230010032897 3.613152555762865 19
    endloop
  endfacet
  facet normal 0.8358073613682784 0.5490228179981195 0
    outer loop
      vertex 104.33245944126512 4.018700962342475 4
      vertex 104.20310430705922 4.215625333890979 19
      vertex 104.33245944126512 4.018700962342475 19
    endloop
  endfacet
  facet normal 0.8181497174250153 0.57500525204329 0
    outer loop
      vertex 104.20310430705922 4.215625333890979 4
      vertex 104.06762745781211 4.408389392193548 19
      vertex 104.20310430705922 4.215625333890979 19
    endloop
  endfacet
  facet normal 0.7996846584870794 0.600420225325899 0
    outer loop
      vertex 104.06762745781211 4.408389392193548 4
      vertex 103.92616259281768 4.5968029023973225 19
      vertex 104.06762745781211 4.408389392193548 19
    endloop
  endfacet
  facet normal 0.7804304073383452 0.6252426563356859 0
    outer loop
      vertex 103.92616259281768 4.5968029023973225 4
      vertex 103.77884932081842 4.780679923115173 19
      vertex 103.92616259281768 4.5968029023973225 19
    endloop
  endfacet
  facet normal 0.7604059656000249 0.6494480483301908 0
    outer loop
      vertex 103.77884932081842 4.780679923115173 4
      vertex 103.62583302222845 4.9598389899273885 19
      vertex 103.77884932081842 4.780679923115173 19
    endloop
  endfacet
  facet normal 0.8526401643540831 0.5224985647159639 0
    outer loop
      vertex 104.45556520252958 3.817810618127785 4
      vertex 104.33245944126512 4.018700962342475 19
      vertex 104.45556520252958 3.817810618127785 19
    endloop
  endfacet
  facet normal -0.9998766324816608 0.015707317311810264 0
    outer loop
      vertex 90.5 0 16.810526315789474
      vertex 90.50370079725701 0.23558069308596363 19
      vertex 90.50370079725701 0.23558069308596363 16.810682138831876
    endloop
  endfacet
  facet normal -0.9988898749619697 0.047106450709646426 0
    outer loop
      vertex 90.50370079725701 0.23558069308596363 16.810682138831876
      vertex 90.51479953678796 0.4709288964698496 19
      vertex 90.51479953678796 0.4709288964698496 16.811149454180544
    endloop
  endfacet
  facet normal -0.9969173337331256 0.0784590957278753 0
    outer loop
      vertex 90.51479953678796 0.4709288964698496 16.811149454180544
      vertex 90.5332852654769 0.7058123498888582 19
      vertex 90.5332852654769 0.7058123498888582 16.81192780065166
    endloop
  endfacet
  facet normal -0.9939609554551814 0.10973431109103154 0
    outer loop
      vertex 90.5332852654769 0.7058123498888582 16.81192780065166
      vertex 90.55913974014142 0.9399992517322805 19
      vertex 90.55913974014142 0.9399992517322805 16.813016410111217
    endloop
  endfacet
  facet normal -0.9900236577165559 0.14090123193759455 0
    outer loop
      vertex 90.55913974014142 0.9399992517322805 16.813016410111217
      vertex 90.59233744553647 1.1732584878017316 19
      vertex 90.59233744553647 1.1732584878017316 16.814414208233114
    endloop
  endfacet
  facet normal -0.9998766324816607 0.01570731731181026 0
    outer loop
      vertex 90.5 0 16.810526315789474
      vertex 90.5 0 19
      vertex 90.50370079725701 0.23558069308596363 19
    endloop
  endfacet
  facet normal -0.9988898749619698 0.04710645070964643 0
    outer loop
      vertex 90.50370079725701 0.23558069308596363 16.810682138831876
      vertex 90.50370079725701 0.23558069308596363 19
      vertex 90.51479953678796 0.4709288964698496 19
    endloop
  endfacet
  facet normal -0.9969173337331255 0.0784590957278753 0
    outer loop
      vertex 90.51479953678796 0.4709288964698496 16.811149454180544
      vertex 90.51479953678796 0.4709288964698496 19
      vertex 90.5332852654769 0.7058123498888582 19
    endloop
  endfacet
  facet normal 0 0 1
    outer loop
      vertex 90.50370079725701 -0.23558069308596363 19
      vertex 90.50370079725701 0.23558069308596363 19
      vertex 90.5 0 19
    endloop
  endfacet
  facet normal 0 0 1
    outer loop
      vertex 90.51479953678796 -0.4709288964698496 19
      vertex 90.51479953678796 0.4709288964698496 19
      vertex 90.50370079725701 0.23558069308596363 19
    endloop
  endfacet
  facet normal 0 0 1
    outer loop
      vertex 90.5332852654769 -0.7058123498888582 19
      vertex 90.5332852654769 0.7058123498888582 19
      vertex 90.51479953678796 0.4709288964698496 19
    endloop
  endfacet
  facet normal 0 0 1
    outer loop
      vertex 90.55913974014142 -0.9399992517322805 19
      vertex 90.55913974014142 0.9399992517322805 19
      vertex 90.5332852654769 0.7058123498888582 19
    endloop
  endfacet
  facet normal 0 0 1
    outer loop
      vertex 90.59233744553647 -1.1732584878017316 19
      vertex 90.59233744553647 1.1732584878017316 19
      vertex 90.55913974014142 0.9399992517322805 19
    endloop
  endfacet
  facet normal 0 0 1
    outer loop
      vertex 90.63284561953483 -1.4053598593929362 19
      vertex 90.63284561953483 1.4053598593929362 19
      vertex 90.59233744553647 1.1732584878017316 19
    endloop
  endfacet
  facet normal 0 0 1
    outer loop
      vertex 90.6806242854594 -1.6360743104740685 19
      vertex 90.6806242854594 1.6360743104740685 19
      vertex 90.63284561953483 1.4053598593929362 19
    endloop
  endfacet
  facet normal 0 0 1
    outer loop
      vertex 90.73562629153527 -1.8651741537364113 19
      vertex 90.73562629153527 1.8651741537364113 19
      vertex 90.6806242854594 1.6360743104740685 19
    endloop
  endfacet
  facet normal 0 0 1
    outer loop
      vertex 90.79779735742292 -2.0924332952942177 19
      vertex 90.79779735742292 2.0924332952942177 19
      vertex 90.73562629153527 1.8651741537364113 19
    endloop
  endfacet
  facet normal -0.9939609554551813 0.10973431109103154 0
    outer loop
      vertex 90.5332852654769 0.7058123498888582 16.81192780065166
      vertex 90.5332852654769 0.7058123498888582 19
      vertex 90.55913974014142 0.9399992517322805 19
    endloop
  endfacet
  facet normal -0.9900236577165559 0.14090123193759455 0
    outer loop
      vertex 90.55913974014142 0.9399992517322805 16.813016410111217
      vertex 90.55913974014142 0.9399992517322805 19
      vertex 90.59233744553647 1.1732584878017316 19
    endloop
  endfacet
  facet normal 0 0 1
    outer loop
      vertex 90.86707612778635 -2.3176274578121054 19
      vertex 90.86707612778635 2.3176274578121054 19
      vertex 90.79779735742292 2.0924332952942177 19
    endloop
  endfacet
  facet normal 0 0 1
    outer loop
      vertex 90.9433942328433 -2.540534401839687 19
      vertex 90.9433942328433 2.540534401839687 19
      vertex 90.86707612778635 2.3176274578121054 19
    endloop
  endfacet
  facet normal 0 0 1
    outer loop
      vertex 91.02667635583812 -2.760934145135084 19
      vertex 91.02667635583812 2.760934145135084 19
      vertex 90.9433942328433 2.540534401839687 19
    endloop
  endfacet
  facet normal 0 0 1
    outer loop
      vertex 91.11684030737014 -2.9786091797608556 19
      vertex 91.11684030737014 2.9786091797608556 19
      vertex 91.02667635583812 2.760934145135084 19
    endloop
  endfacet
  facet normal 0 0 1
    outer loop
      vertex 91.21379710650486 -3.193344686738043 19
      vertex 91.21379710650486 3.193344686738043 19
      vertex 91.11684030737014 2.9786091797608556 19
    endloop
  endfacet
  facet normal 0 0 1
    outer loop
      vertex 91.31745106858725 -3.4049287480466006 19
      vertex 91.31745106858725 3.4049287480466006 19
      vertex 91.21379710650486 3.193344686738043 19
    endloop
  endfacet
  facet normal 0 0 1
    outer loop
      vertex 91.42769989967103 -3.6131525557628654 19
      vertex 91.42769989967103 3.6131525557628654 19
      vertex 91.31745106858725 3.4049287480466006 19
    endloop
  endfacet
  facet normal 0 0 1
    outer loop
      vertex 91.54443479747042 -3.817810618127784 19
      vertex 91.54443479747042 3.817810618127784 19
      vertex 91.42769989967103 3.6131525557628654 19
    endloop
  endfacet
  facet normal -0.9851093261547785 0.17192910027938238 0
    outer loop
      vertex 90.59233744553647 1.1732584878017316 16.814414208233114
      vertex 90.63284561953483 1.4053598593929362 19
      vertex 90.63284561953483 1.4053598593929362 16.81611981555936
    endloop
  endfacet
  facet normal -0.9792228106217582 0.20278729535654846 0
    outer loop
      vertex 90.63284561953483 1.4053598593929362 16.81611981555936
      vertex 90.6806242854594 1.6360743104740685 19
      vertex 90.6806242854594 1.6360743104740685 16.818131548861448
    endloop
  endfacet
  facet normal -0.9723699203976818 0.2334453638558836 0
    outer loop
      vertex 90.6806242854594 1.6360743104740685 16.818131548861448
      vertex 90.73562629153527 1.8651741537364113 19
      vertex 90.73562629153527 1.8651741537364113 16.820447422801486
    endloop
  endfacet
  facet normal -0.9645574184578037 0.26387304996535216 0
    outer loop
      vertex 90.73562629153527 1.8651741537364113 16.820447422801486
      vertex 90.73562629153527 1.8651741537364113 19
      vertex 90.77251046928035 2 16.822000440811806
    endloop
  endfacet
  facet normal -0.9851093261547788 0.1719291002793824 0
    outer loop
      vertex 90.59233744553647 1.1732584878017316 16.814414208233114
      vertex 90.59233744553647 1.1732584878017316 19
      vertex 90.63284561953483 1.4053598593929362 19
    endloop
  endfacet
  facet normal -0.9792228106217583 0.2027872953565485 0
    outer loop
      vertex 90.63284561953483 1.4053598593929362 16.81611981555936
      vertex 90.63284561953483 1.4053598593929362 19
      vertex 90.6806242854594 1.6360743104740685 19
    endloop
  endfacet
  facet normal -0.9723699203976819 0.23344536385588363 0
    outer loop
      vertex 90.6806242854594 1.6360743104740685 16.818131548861448
      vertex 90.6806242854594 1.6360743104740685 19
      vertex 90.73562629153527 1.8651741537364113 19
    endloop
  endfacet
  facet normal 0 0 1
    outer loop
      vertex 91.66754055873488 -4.018700962342476 19
      vertex 91.66754055873488 4.018700962342476 19
      vertex 91.54443479747042 3.817810618127784 19
    endloop
  endfacet
  facet normal 0 0 1
    outer loop
      vertex 91.79689569294078 -4.215625333890978 19
      vertex 91.79689569294078 4.215625333890978 19
      vertex 91.66754055873488 4.018700962342476 19
    endloop
  endfacet
  facet normal 0 0 1
    outer loop
      vertex 91.93237254218789 -4.408389392193548 19
      vertex 91.93237254218789 4.408389392193548 19
      vertex 91.79689569294078 4.215625333890978 19
    endloop
  endfacet
  facet normal 0 0 1
    outer loop
      vertex 92.07383740718232 -4.596802902397325 19
      vertex 92.07383740718232 4.596802902397325 19
      vertex 91.93237254218789 4.408389392193548 19
    endloop
  endfacet
  facet normal 0 0 1
    outer loop
      vertex 92.22115067918158 -4.780679923115172 19
      vertex 92.22115067918158 4.780679923115172 19
      vertex 92.07383740718232 4.596802902397325 19
    endloop
  endfacet
  facet normal 0 0 1
    outer loop
      vertex 92.37416697777155 -4.959838989927389 19
      vertex 92.37416697777155 4.959838989927389 19
      vertex 92.22115067918158 4.780679923115172 19
    endloop
  endfacet
  facet normal 0 0 1
    outer loop
      vertex 92.53273529433942 -5.134103294465164 19
      vertex 92.53273529433942 5.134103294465164 19
      vertex 92.37416697777155 4.959838989927389 19
    endloop
  endfacet
  facet normal 0 0 1
    outer loop
      vertex 92.6966991411009 -5.303300858899107 19
      vertex 92.6966991411009 5.303300858899107 19
      vertex 92.53273529433942 5.134103294465164 19
    endloop
  endfacet
  facet normal 0 0 1
    outer loop
      vertex 92.86589670553484 -5.467264705660588 19
      vertex 92.86589670553484 5.467264705660588 19
      vertex 92.6966991411009 5.303300858899107 19
    endloop
  endfacet
  facet normal -0.9645574184578046 0.26387304996534894 -2.0959015628809367e-16
    outer loop
      vertex 90.77251046928035 2 16.822000440811806
      vertex 90.73562629153527 1.8651741537364113 19
      vertex 90.79779735742292 2.0924332952942177 19
    endloop
  endfacet
  facet normal 0 0 1
    outer loop
      vertex 103.13410329446516 -5.467264705660588 19
      vertex 102.95983898992739 5.625833022228447 19
      vertex 103 0 19
    endloop
  endfacet
  facet normal 0 0 1
    outer loop
      vertex 105.49629920274299 -0.23558069308596363 19
      vertex 105.5 0 19
      vertex 105.49629920274299 0.2355806930859622 19
    endloop
  endfacet
  facet normal 0 0 1
    outer loop
      vertex 105.49629920274299 -0.23558069308596363 19
      vertex 105.49629920274299 0.2355806930859622 19
      vertex 105.48520046321204 0.4709288964698503 19
    endloop
  endfacet
  facet normal 0 0 1
    outer loop
      vertex 105.48520046321204 -0.4709288964698532 19
      vertex 105.48520046321204 0.4709288964698503 19
      vertex 105.4667147345231 0.7058123498888574 19
    endloop
  endfacet
  facet normal 0 0 1
    outer loop
      vertex 105.3193757145406 -1.636074310474072 19
      vertex 105.3193757145406 1.636074310474069 19
      vertex 105.26437370846473 1.865174153736411 19
    endloop
  endfacet
  facet normal 0 0 1
    outer loop
      vertex 105.4667147345231 -0.7058123498888544 19
      vertex 105.4667147345231 0.7058123498888574 19
      vertex 105.44086025985858 0.9399992517322819 19
    endloop
  endfacet
  facet normal 0 0 1
    outer loop
      vertex 105.44086025985858 -0.9399992517322805 19
      vertex 105.44086025985858 0.9399992517322819 19
      vertex 105.40766255446353 1.1732584878017316 19
    endloop
  endfacet
  facet normal 0 0 1
    outer loop
      vertex 105.40766255446353 -1.1732584878017316 19
      vertex 105.40766255446353 1.1732584878017316 19
      vertex 105.36715438046517 1.4053598593929346 19
    endloop
  endfacet
  facet normal 0 0 1
    outer loop
      vertex 105.36715438046517 -1.4053598593929362 19
      vertex 105.36715438046517 1.4053598593929346 19
      vertex 105.3193757145406 1.636074310474069 19
    endloop
  endfacet
  facet normal 0 0 1
    outer loop
      vertex 105.26437370846473 -1.8651741537364082 19
      vertex 105.26437370846473 1.865174153736411 19
      vertex 105.20220264257708 2.0924332952942195 19
    endloop
  endfacet
  facet normal 0 0 1
    outer loop
      vertex 105.20220264257708 -2.0924332952942177 19
      vertex 105.20220264257708 2.0924332952942195 19
      vertex 105.13292387221365 2.3176274578121054 19
    endloop
  endfacet
  facet normal 0 0 1
    outer loop
      vertex 105.13292387221365 -2.3176274578121054 19
      vertex 105.13292387221365 2.3176274578121054 19
      vertex 105.0566057671567 2.5405344018396856 19
    endloop
  endfacet
  facet normal 0 0 1
    outer loop
      vertex 105.0566057671567 -2.540534401839687 19
      vertex 105.0566057671567 2.5405344018396856 19
      vertex 104.97332364416188 2.7609341451350846 19
    endloop
  endfacet
  facet normal 0 0 1
    outer loop
      vertex 104.88315969262986 -2.978609179760852 19
      vertex 104.88315969262986 2.9786091797608543 19
      vertex 104.78620289349514 3.193344686738045 19
    endloop
  endfacet
  facet normal 0 0 1
    outer loop
      vertex 104.97332364416188 -2.7609341451350877 19
      vertex 104.97332364416188 2.7609341451350846 19
      vertex 104.88315969262986 2.9786091797608543 19
    endloop
  endfacet
  facet normal 0 0 1
    outer loop
      vertex 104.78620289349514 -3.193344686738043 19
      vertex 104.78620289349514 3.193344686738045 19
      vertex 104.68254893141275 3.4049287480466006 19
    endloop
  endfacet
  facet normal 0 0 1
    outer loop
      vertex 104.68254893141275 -3.4049287480466006 19
      vertex 104.68254893141275 3.4049287480466006 19
      vertex 104.57230010032897 3.613152555762865 19
    endloop
  endfacet
  facet normal 0 0 1
    outer loop
      vertex 104.33245944126512 -4.018700962342471 19
      vertex 104.33245944126512 4.018700962342475 19
      vertex 104.20310430705922 4.215625333890979 19
    endloop
  endfacet
  facet normal 0 0 1
    outer loop
      vertex 104.20310430705922 -4.215625333890978 19
      vertex 104.20310430705922 4.215625333890979 19
      vertex 104.06762745781211 4.408389392193548 19
    endloop
  endfacet
  facet normal 0 0 1
    outer loop
      vertex 104.06762745781211 -4.408389392193548 19
      vertex 104.06762745781211 4.408389392193548 19
      vertex 103.92616259281768 4.5968029023973225 19
    endloop
  endfacet
  facet normal 0 0 1
    outer loop
      vertex 103.46726470566058 -5.134103294465164 19
      vertex 103.46726470566058 5.134103294465166 19
      vertex 103.3033008588991 5.303300858899107 19
    endloop
  endfacet
  facet normal 0 0 1
    outer loop
      vertex 103.3033008588991 -5.303300858899107 19
      vertex 103.3033008588991 5.303300858899107 19
      vertex 103.13410329446516 5.467264705660587 19
    endloop
  endfacet
  facet normal 0 0 1
    outer loop
      vertex 103.92616259281768 -4.596802902397325 19
      vertex 103.92616259281768 4.5968029023973225 19
      vertex 103.77884932081842 4.780679923115173 19
    endloop
  endfacet
  facet normal 0 0 1
    outer loop
      vertex 103.77884932081842 -4.780679923115175 19
      vertex 103.77884932081842 4.780679923115173 19
      vertex 103.62583302222845 4.9598389899273885 19
    endloop
  endfacet
  facet normal 0 0 1
    outer loop
      vertex 103.62583302222845 -4.959838989927386 19
      vertex 103.62583302222845 4.9598389899273885 19
      vertex 103.46726470566058 5.134103294465166 19
    endloop
  endfacet
  facet normal 0 0 1
    outer loop
      vertex 103.13410329446516 -5.467264705660588 19
      vertex 103.13410329446516 5.467264705660587 19
      vertex 102.95983898992739 5.625833022228447 19
    endloop
  endfacet
  facet normal 0 0 1
    outer loop
      vertex 104.57230010032897 -3.6131525557628654 19
      vertex 104.57230010032897 3.613152555762865 19
      vertex 104.45556520252958 3.817810618127785 19
    endloop
  endfacet
  facet normal 0 0 1
    outer loop
      vertex 104.45556520252957 -3.8178106181277873 19
      vertex 104.45556520252958 3.817810618127785 19
      vertex 104.33245944126512 4.018700962342475 19
    endloop
  endfacet
  facet normal 0 0 1
    outer loop
      vertex 92.86589670553484 5.467264705660588 19
      vertex 93 0 19
      vertex 95.5 4.330127018922193 19
    endloop
  endfacet
  facet normal 0 0 1
    outer loop
      vertex 100.54053440183968 7.056605767156691 19
      vertex 100.5 4.330127018922193 19
      vertex 103 0 19
    endloop
  endfacet
  facet normal 0 0 1
    outer loop
      vertex 102.40838939219356 6.067627457812106 19
      vertex 102.21562533389098 6.203104307059213 19
      vertex 103 0 19
    endloop
  endfacet
  facet normal 0 0 1
    outer loop
      vertex 102.21562533389098 6.203104307059213 19
      vertex 102.01870096234248 6.332459441265113 19
      vertex 103 0 19
    endloop
  endfacet
  facet normal 0 0 1
    outer loop
      vertex 101.81781061812778 6.455565202529577 19
      vertex 101.61315255576287 6.5723001003289765 19
      vertex 103 0 19
    endloop
  endfacet
  facet normal 0 0 1
    outer loop
      vertex 102.01870096234248 6.332459441265113 19
      vertex 101.81781061812778 6.455565202529577 19
      vertex 103 0 19
    endloop
  endfacet
  facet normal 0 0 1
    outer loop
      vertex 102.95983898992739 5.625833022228447 19
      vertex 102.78067992311517 5.778849320818418 19
      vertex 103 0 19
    endloop
  endfacet
  facet normal 0 0 1
    outer loop
      vertex 102.59680290239733 5.926162592817678 19
      vertex 103 0 19
      vertex 102.78067992311517 5.778849320818418 19
    endloop
  endfacet
  facet normal 0 0 1
    outer loop
      vertex 102.59680290239733 5.926162592817678 19
      vertex 102.40838939219356 6.067627457812106 19
      vertex 103 0 19
    endloop
  endfacet
  facet normal 0 0 1
    outer loop
      vertex 100.76093414513508 6.973323644161886 19
      vertex 100.54053440183968 7.056605767156691 19
      vertex 103 0 19
    endloop
  endfacet
  facet normal 0 0 1
    outer loop
      vertex 100.76093414513508 6.973323644161886 19
      vertex 103 0 19
      vertex 100.97860917976085 6.883159692629858 19
    endloop
  endfacet
  facet normal 0 0 1
    outer loop
      vertex 101.61315255576287 6.5723001003289765 19
      vertex 101.4049287480466 6.682548931412759 19
      vertex 103 0 19
    endloop
  endfacet
  facet normal 0 0 1
    outer loop
      vertex 101.4049287480466 6.682548931412759 19
      vertex 101.19334468673804 6.786202893495146 19
      vertex 103 0 19
    endloop
  endfacet
  facet normal 0 0 1
    outer loop
      vertex 101.19334468673804 6.786202893495146 19
      vertex 100.97860917976085 6.883159692629858 19
      vertex 103 0 19
    endloop
  endfacet
  facet normal -0.7396310949785947 0.67301251350979 0
    outer loop
      vertex 92.53273529433942 5.134103294465164 4
      vertex 92.37416697777155 4.959838989927389 19
      vertex 92.53273529433942 5.134103294465164 19
    endloop
  endfacet
  facet normal -0.7181262977632004 0.6959127965923025 0
    outer loop
      vertex 92.6966991411009 5.303300858899107 4
      vertex 92.53273529433942 5.134103294465164 19
      vertex 92.6966991411009 5.303300858899107 19
    endloop
  endfacet
  facet normal -0.6959127965923123 0.7181262977631908 0
    outer loop
      vertex 92.86589670553484 5.467264705660588 4
      vertex 92.6966991411009 5.303300858899107 19
      vertex 92.86589670553484 5.467264705660588 19
    endloop
  endfacet
  facet normal -0.673012513509777 0.7396310949786064 0
    outer loop
      vertex 93.04016101007261 5.625833022228446 4
      vertex 92.86589670553484 5.467264705660588 19
      vertex 93.04016101007261 5.625833022228446 19
    endloop
  endfacet
  facet normal -0.649448048330183 0.7604059656000315 0
    outer loop
      vertex 93.21932007688483 5.77884932081842 4
      vertex 93.04016101007261 5.625833022228446 19
      vertex 93.21932007688483 5.77884932081842 19
    endloop
  endfacet
  facet normal -0.6252426563357149 0.7804304073383221 0
    outer loop
      vertex 93.40319709760267 5.926162592817678 4
      vertex 93.21932007688483 5.77884932081842 19
      vertex 93.40319709760267 5.926162592817678 19
    endloop
  endfacet
  facet normal -0.6004202253258888 0.799684658487087 0
    outer loop
      vertex 93.59161060780644 6.067627457812106 4
      vertex 93.40319709760267 5.926162592817678 19
      vertex 93.59161060780644 6.067627457812106 19
    endloop
  endfacet
  facet normal -0.5750052520432696 0.8181497174250297 0
    outer loop
      vertex 93.78437466610902 6.203104307059213 4
      vertex 93.59161060780644 6.067627457812106 19
      vertex 93.78437466610902 6.203104307059213 19
    endloop
  endfacet
  facet normal -0.5490228179981309 0.8358073613682708 0
    outer loop
      vertex 93.98129903765752 6.3324594412651125 4
      vertex 93.78437466610902 6.203104307059213 19
      vertex 93.98129903765752 6.3324594412651125 19
    endloop
  endfacet
  facet normal -0.522498564715936 0.8526401643541001 0
    outer loop
      vertex 94.18218938187222 6.455565202529578 4
      vertex 93.98129903765752 6.3324594412651125 19
      vertex 94.18218938187222 6.455565202529578 19
    endloop
  endfacet
  facet normal -0.4954586684324162 0.8686315144381863 0
    outer loop
      vertex 94.38684744423713 6.5723001003289765 4
      vertex 94.18218938187222 6.455565202529578 19
      vertex 94.38684744423713 6.5723001003289765 19
    endloop
  endfacet
  facet normal -0.4679298142605715 0.8837656300886945 0
    outer loop
      vertex 94.5950712519534 6.682548931412759 4
      vertex 94.38684744423713 6.5723001003289765 19
      vertex 94.5950712519534 6.682548931412759 19
    endloop
  endfacet
  facet normal -0.43993916985591125 0.8980275757606175 0
    outer loop
      vertex 94.80665531326196 6.786202893495146 4
      vertex 94.5950712519534 6.682548931412759 19
      vertex 94.80665531326196 6.786202893495146 19
    endloop
  endfacet
  facet normal -0.41151435860510815 0.9114032766354455 0
    outer loop
      vertex 95.02139082023915 6.883159692629858 4
      vertex 94.80665531326196 6.786202893495146 19
      vertex 95.02139082023915 6.883159692629858 19
    endloop
  endfacet
  facet normal -0.38268343236509195 0.9238795325112859 0
    outer loop
      vertex 95.23906585486492 6.973323644161886 4
      vertex 95.02139082023915 6.883159692629858 19
      vertex 95.23906585486492 6.973323644161886 19
    endloop
  endfacet
  facet normal -0.353474843779251 0.9354440308298696 0
    outer loop
      vertex 95.45946559816032 7.056605767156691 4
      vertex 95.23906585486492 6.973323644161886 19
      vertex 95.45946559816032 7.056605767156691 19
    endloop
  endfacet
  facet normal -0.32391741819815856 0.9460853588275422 0
    outer loop
      vertex 95.68237254218789 7.132923872213651 4
      vertex 95.45946559816032 7.056605767156691 19
      vertex 95.68237254218789 7.132923872213651 19
    endloop
  endfacet
  facet normal -0.29404032523229595 0.9557930147983327 0
    outer loop
      vertex 95.90756670470579 7.202202642577073 4
      vertex 95.68237254218789 7.132923872213651 19
      vertex 95.90756670470579 7.202202642577073 19
    endloop
  endfacet
  facet normal -0.26387304996537064 0.9645574184577986 0
    outer loop
      vertex 96.1348258462636 7.264373708464733 4
      vertex 95.90756670470579 7.202202642577073 19
      vertex 96.1348258462636 7.264373708464733 19
    endloop
  endfacet
  facet normal -0.23344536385591488 0.9723699203976743 0
    outer loop
      vertex 96.36392568952593 7.319375714540605 4
      vertex 96.1348258462636 7.264373708464733 19
      vertex 96.36392568952593 7.319375714540605 19
    endloop
  endfacet
  facet normal -0.2027872953565085 0.9792228106217666 0
    outer loop
      vertex 96.59464014060707 7.367154380465165 4
      vertex 96.36392568952593 7.319375714540605 19
      vertex 96.59464014060707 7.367154380465165 19
    endloop
  endfacet
  facet normal -0.17192910027941216 0.9851093261547735 0
    outer loop
      vertex 96.82674151219827 7.407662554463533 4
      vertex 96.59464014060707 7.367154380465165 19
      vertex 96.82674151219827 7.407662554463533 19
    endloop
  endfacet
  facet normal -0.140901231937588 0.9900236577165569 0
    outer loop
      vertex 97.06000074826771 7.440860259858584 4
      vertex 96.82674151219827 7.407662554463533 19
      vertex 97.06000074826771 7.440860259858584 19
    endloop
  endfacet
  facet normal -0.10973431109103937 0.9939609554551804 0
    outer loop
      vertex 97.29418765011114 7.4667147345231 4
      vertex 97.06000074826771 7.440860259858584 19
      vertex 97.29418765011114 7.4667147345231 19
    endloop
  endfacet
  facet normal -0.07845909572784286 0.9969173337331281 0
    outer loop
      vertex 97.52907110353016 7.485200463212037 4
      vertex 97.29418765011114 7.4667147345231 19
      vertex 97.52907110353016 7.485200463212037 19
    endloop
  endfacet
  facet normal -0.047106450709647876 0.9988898749619698 0
    outer loop
      vertex 97.76441930691404 7.496299202742987 4
      vertex 97.52907110353016 7.485200463212037 19
      vertex 97.76441930691404 7.496299202742987 19
    endloop
  endfacet
  facet normal -0.015707317311817754 0.9998766324816606 0
    outer loop
      vertex 98 7.5 4
      vertex 97.76441930691404 7.496299202742987 19
      vertex 98 7.5 19
    endloop
  endfacet
  facet normal 0.015707317311817754 0.9998766324816606 0
    outer loop
      vertex 98.23558069308596 7.496299202742987 4
      vertex 98 7.5 19
      vertex 98.23558069308596 7.496299202742987 19
    endloop
  endfacet
  facet normal 0.047106450709647876 0.9988898749619698 0
    outer loop
      vertex 98.47092889646984 7.485200463212037 4
      vertex 98.23558069308596 7.496299202742987 19
      vertex 98.47092889646984 7.485200463212037 19
    endloop
  endfacet
  facet normal 0.07845909572784286 0.9969173337331281 0
    outer loop
      vertex 98.70581234988886 7.4667147345231 4
      vertex 98.47092889646984 7.485200463212037 19
      vertex 98.70581234988886 7.4667147345231 19
    endloop
  endfacet
  facet normal 0.10973431109103937 0.9939609554551804 0
    outer loop
      vertex 98.93999925173229 7.440860259858584 4
      vertex 98.70581234988886 7.4667147345231 19
      vertex 98.93999925173229 7.440860259858584 19
    endloop
  endfacet
  facet normal 0.353474843779251 0.9354440308298696 0
    outer loop
      vertex 100.76093414513508 6.973323644161886 4
      vertex 100.54053440183968 7.056605767156691 19
      vertex 100.76093414513508 6.973323644161886 19
    endloop
  endfacet
  facet normal 0.29404032523229595 0.9557930147983327 0
    outer loop
      vertex 100.31762745781211 7.132923872213651 4
      vertex 100.09243329529421 7.202202642577073 19
      vertex 100.31762745781211 7.132923872213651 19
    endloop
  endfacet
  facet normal 0.32391741819815856 0.9460853588275422 0
    outer loop
      vertex 100.54053440183968 7.056605767156691 4
      vertex 100.31762745781211 7.132923872213651 19
      vertex 100.54053440183968 7.056605767156691 19
    endloop
  endfacet
  facet normal 0.2027872953565085 0.9792228106217666 0
    outer loop
      vertex 99.63607431047407 7.319375714540605 4
      vertex 99.40535985939293 7.367154380465165 19
      vertex 99.63607431047407 7.319375714540605 19
    endloop
  endfacet
  facet normal 0.23344536385591488 0.9723699203976743 0
    outer loop
      vertex 99.8651741537364 7.264373708464733 4
      vertex 99.63607431047407 7.319375714540605 19
      vertex 99.8651741537364 7.264373708464733 19
    endloop
  endfacet
  facet normal 0.140901231937588 0.9900236577165569 0
    outer loop
      vertex 99.17325848780173 7.407662554463533 4
      vertex 98.93999925173229 7.440860259858584 19
      vertex 99.17325848780173 7.407662554463533 19
    endloop
  endfacet
  facet normal 0.17192910027941216 0.9851093261547735 0
    outer loop
      vertex 99.40535985939293 7.367154380465165 4
      vertex 99.17325848780173 7.407662554463533 19
      vertex 99.40535985939293 7.367154380465165 19
    endloop
  endfacet
  facet normal 0.26387304996537064 0.9645574184577986 0
    outer loop
      vertex 100.09243329529421 7.202202642577073 4
      vertex 99.8651741537364 7.264373708464733 19
      vertex 100.09243329529421 7.202202642577073 19
    endloop
  endfacet
  facet normal 0.7181262977631967 0.6959127965923063 0
    outer loop
      vertex 103.46726470566058 5.134103294465166 4
      vertex 103.3033008588991 5.303300858899107 19
      vertex 103.46726470566058 5.134103294465166 19
    endloop
  endfacet
  facet normal 0.7396310949785997 0.6730125135097843 0
    outer loop
      vertex 103.62583302222845 4.9598389899273885 4
      vertex 103.46726470566058 5.134103294465166 19
      vertex 103.62583302222845 4.9598389899273885 19
    endloop
  endfacet
  facet normal 0.6959127965923103 0.7181262977631927 0
    outer loop
      vertex 103.3033008588991 5.303300858899107 4
      vertex 103.13410329446516 5.467264705660587 19
      vertex 103.3033008588991 5.303300858899107 19
    endloop
  endfacet
  facet normal 0.6730125135097812 0.7396310949786027 0
    outer loop
      vertex 103.13410329446516 5.467264705660587 4
      vertex 102.95983898992739 5.625833022228447 19
      vertex 103.13410329446516 5.467264705660587 19
    endloop
  endfacet
  facet normal 0.6004202253258888 0.799684658487087 0
    outer loop
      vertex 102.59680290239733 5.926162592817678 4
      vertex 102.40838939219356 6.067627457812106 19
      vertex 102.59680290239733 5.926162592817678 19
    endloop
  endfacet
  facet normal 0.5490228179981335 0.835807361368269 0
    outer loop
      vertex 102.21562533389098 6.203104307059213 4
      vertex 102.01870096234248 6.332459441265113 19
      vertex 102.21562533389098 6.203104307059213 19
    endloop
  endfacet
  facet normal 0.5750052520432696 0.8181497174250297 0
    outer loop
      vertex 102.40838939219356 6.067627457812106 4
      vertex 102.21562533389098 6.203104307059213 19
      vertex 102.40838939219356 6.067627457812106 19
    endloop
  endfacet
  facet normal 0.6494480483301764 0.760405965600037 0
    outer loop
      vertex 102.95983898992739 5.625833022228447 4
      vertex 102.78067992311517 5.778849320818418 19
      vertex 102.95983898992739 5.625833022228447 19
    endloop
  endfacet
  facet normal 0.6252426563357194 0.7804304073383184 0
    outer loop
      vertex 102.78067992311517 5.778849320818418 4
      vertex 102.59680290239733 5.926162592817678 19
      vertex 102.78067992311517 5.778849320818418 19
    endloop
  endfacet
  facet normal 0.5224985647159306 0.8526401643541034 0
    outer loop
      vertex 102.01870096234248 6.332459441265113 4
      vertex 101.81781061812778 6.455565202529577 19
      vertex 102.01870096234248 6.332459441265113 19
    endloop
  endfacet
  facet normal 0.4954586684324191 0.8686315144381848 0
    outer loop
      vertex 101.81781061812778 6.455565202529577 4
      vertex 101.61315255576287 6.5723001003289765 19
      vertex 101.81781061812778 6.455565202529577 19
    endloop
  endfacet
  facet normal 0.4679298142605715 0.8837656300886945 0
    outer loop
      vertex 101.61315255576287 6.5723001003289765 4
      vertex 101.4049287480466 6.682548931412759 19
      vertex 101.61315255576287 6.5723001003289765 19
    endloop
  endfacet
  facet normal 0.43993916985591125 0.8980275757606175 0
    outer loop
      vertex 101.4049287480466 6.682548931412759 4
      vertex 101.19334468673804 6.786202893495146 19
      vertex 101.4049287480466 6.682548931412759 19
    endloop
  endfacet
  facet normal 0.41151435860510815 0.9114032766354455 0
    outer loop
      vertex 101.19334468673804 6.786202893495146 4
      vertex 100.97860917976085 6.883159692629858 19
      vertex 101.19334468673804 6.786202893495146 19
    endloop
  endfacet
  facet normal 0.38268343236509195 0.9238795325112859 0
    outer loop
      vertex 100.97860917976085 6.883159692629858 4
      vertex 100.76093414513508 6.973323644161886 19
      vertex 100.97860917976085 6.883159692629858 19
    endloop
  endfacet
  facet normal 0 0 1
    outer loop
      vertex 92.86589670553484 5.467264705660588 19
      vertex 95.5 4.330127018922193 19
      vertex 93.04016101007261 5.625833022228446 19
    endloop
  endfacet
  facet normal 0 0 1
    outer loop
      vertex 93.04016101007261 5.625833022228446 19
      vertex 95.5 4.330127018922193 19
      vertex 93.21932007688483 5.77884932081842 19
    endloop
  endfacet
  facet normal 0 0 1
    outer loop
      vertex 93.21932007688483 5.77884932081842 19
      vertex 95.5 4.330127018922193 19
      vertex 93.40319709760267 5.926162592817678 19
    endloop
  endfacet
  facet normal 0 0 1
    outer loop
      vertex 93.40319709760267 5.926162592817678 19
      vertex 95.5 4.330127018922193 19
      vertex 93.59161060780644 6.067627457812106 19
    endloop
  endfacet
  facet normal 0 0 1
    outer loop
      vertex 93.59161060780644 6.067627457812106 19
      vertex 95.5 4.330127018922193 19
      vertex 93.78437466610902 6.203104307059213 19
    endloop
  endfacet
  facet normal 0 0 1
    outer loop
      vertex 93.78437466610902 6.203104307059213 19
      vertex 95.5 4.330127018922193 19
      vertex 93.98129903765752 6.3324594412651125 19
    endloop
  endfacet
  facet normal 0 0 1
    outer loop
      vertex 95.45946559816032 7.056605767156691 19
      vertex 95.5 4.330127018922193 19
      vertex 100.5 4.330127018922193 19
    endloop
  endfacet
  facet normal 0 0 1
    outer loop
      vertex 93.98129903765752 6.3324594412651125 19
      vertex 95.5 4.330127018922193 19
      vertex 94.18218938187222 6.455565202529578 19
    endloop
  endfacet
  facet normal 0 0 1
    outer loop
      vertex 94.18218938187222 6.455565202529578 19
      vertex 95.5 4.330127018922193 19
      vertex 94.38684744423713 6.5723001003289765 19
    endloop
  endfacet
  facet normal 0 0 1
    outer loop
      vertex 94.38684744423713 6.5723001003289765 19
      vertex 95.5 4.330127018922193 19
      vertex 94.5950712519534 6.682548931412759 19
    endloop
  endfacet
  facet normal 0 0 1
    outer loop
      vertex 94.5950712519534 6.682548931412759 19
      vertex 95.5 4.330127018922193 19
      vertex 94.80665531326196 6.786202893495146 19
    endloop
  endfacet
  facet normal 0 0 1
    outer loop
      vertex 94.80665531326196 6.786202893495146 19
      vertex 95.5 4.330127018922193 19
      vertex 95.02139082023915 6.883159692629858 19
    endloop
  endfacet
  facet normal 0 0 1
    outer loop
      vertex 95.02139082023915 6.883159692629858 19
      vertex 95.5 4.330127018922193 19
      vertex 95.23906585486492 6.973323644161886 19
    endloop
  endfacet
  facet normal 0 0 1
    outer loop
      vertex 95.23906585486492 6.973323644161886 19
      vertex 95.5 4.330127018922193 19
      vertex 95.45946559816032 7.056605767156691 19
    endloop
  endfacet
  facet normal 0 0 1
    outer loop
      vertex 95.45946559816032 7.056605767156691 19
      vertex 100.5 4.330127018922193 19
      vertex 95.68237254218789 7.132923872213651 19
    endloop
  endfacet
  facet normal 0 0 1
    outer loop
      vertex 95.68237254218789 7.132923872213651 19
      vertex 100.5 4.330127018922193 19
      vertex 95.90756670470579 7.202202642577073 19
    endloop
  endfacet
  facet normal 0 0 1
    outer loop
      vertex 100.31762745781211 7.132923872213651 19
      vertex 100.09243329529421 7.202202642577073 19
      vertex 100.5 4.330127018922193 19
    endloop
  endfacet
  facet normal 0 0 1
    outer loop
      vertex 100.31762745781211 7.132923872213651 19
      vertex 100.5 4.330127018922193 19
      vertex 100.54053440183968 7.056605767156691 19
    endloop
  endfacet
  facet normal 0 0 1
    outer loop
      vertex 95.90756670470579 7.202202642577073 19
      vertex 100.5 4.330127018922193 19
      vertex 96.1348258462636 7.264373708464733 19
    endloop
  endfacet
  facet normal 0 0 1
    outer loop
      vertex 96.1348258462636 7.264373708464733 19
      vertex 100.5 4.330127018922193 19
      vertex 96.36392568952593 7.319375714540605 19
    endloop
  endfacet
  facet normal 0 0 1
    outer loop
      vertex 96.36392568952593 7.319375714540605 19
      vertex 100.5 4.330127018922193 19
      vertex 96.59464014060707 7.367154380465165 19
    endloop
  endfacet
  facet normal 0 0 1
    outer loop
      vertex 96.59464014060707 7.367154380465165 19
      vertex 100.5 4.330127018922193 19
      vertex 96.82674151219827 7.407662554463533 19
    endloop
  endfacet
  facet normal 0 0 1
    outer loop
      vertex 96.82674151219827 7.407662554463533 19
      vertex 100.5 4.330127018922193 19
      vertex 97.06000074826771 7.440860259858584 19
    endloop
  endfacet
  facet normal 0 0 1
    outer loop
      vertex 97.06000074826771 7.440860259858584 19
      vertex 100.5 4.330127018922193 19
      vertex 97.29418765011114 7.4667147345231 19
    endloop
  endfacet
  facet normal 0 0 1
    outer loop
      vertex 97.29418765011114 7.4667147345231 19
      vertex 100.5 4.330127018922193 19
      vertex 97.52907110353016 7.485200463212037 19
    endloop
  endfacet
  facet normal 0 0 1
    outer loop
      vertex 97.52907110353016 7.485200463212037 19
      vertex 100.5 4.330127018922193 19
      vertex 97.76441930691404 7.496299202742987 19
    endloop
  endfacet
  facet normal 0 0 1
    outer loop
      vertex 97.76441930691404 7.496299202742987 19
      vertex 100.5 4.330127018922193 19
      vertex 98 7.5 19
    endloop
  endfacet
  facet normal 0 0 1
    outer loop
      vertex 98.23558069308596 7.496299202742987 19
      vertex 98 7.5 19
      vertex 100.5 4.330127018922193 19
    endloop
  endfacet
  facet normal 0 0 1
    outer loop
      vertex 98.93999925173229 7.440860259858584 19
      vertex 100.5 4.330127018922193 19
      vertex 99.17325848780173 7.407662554463533 19
    endloop
  endfacet
  facet normal 0 0 1
    outer loop
      vertex 99.63607431047407 7.319375714540605 19
      vertex 99.40535985939293 7.367154380465165 19
      vertex 100.5 4.330127018922193 19
    endloop
  endfacet
  facet normal 0 0 1
    outer loop
      vertex 99.17325848780173 7.407662554463533 19
      vertex 100.5 4.330127018922193 19
      vertex 99.40535985939293 7.367154380465165 19
    endloop
  endfacet
  facet normal 0 0 1
    outer loop
      vertex 98.23558069308596 7.496299202742987 19
      vertex 100.5 4.330127018922193 19
      vertex 98.47092889646984 7.485200463212037 19
    endloop
  endfacet
  facet normal 0 0 1
    outer loop
      vertex 98.47092889646984 7.485200463212037 19
      vertex 100.5 4.330127018922193 19
      vertex 98.70581234988886 7.4667147345231 19
    endloop
  endfacet
  facet normal 0 0 1
    outer loop
      vertex 98.70581234988886 7.4667147345231 19
      vertex 100.5 4.330127018922193 19
      vertex 98.93999925173229 7.440860259858584 19
    endloop
  endfacet
  facet normal 0 0 1
    outer loop
      vertex 99.8651741537364 7.264373708464733 19
      vertex 99.63607431047407 7.319375714540605 19
      vertex 100.5 4.330127018922193 19
    endloop
  endfacet
  facet normal 0 0 1
    outer loop
      vertex 99.8651741537364 7.264373708464733 19
      vertex 100.5 4.330127018922193 19
      vertex 100.09243329529421 7.202202642577073 19
    endloop
  endfacet
  facet normal 0 -1 0
    outer loop
      vertex 4.582334244633835 -2 4
      vertex 88.24083238061253 -2 4
      vertex 4.582334244633835 -2 13.19294038924774
    endloop
  endfacet
  facet normal -0.0420679894861801 1.4422561454173482e-14 0.9991147502967768
    outer loop
      vertex 4.582334244633835 -2 13.19294038924774
      vertex 90.77251046928035 -2 16.822000440811806
      vertex 4.5887731284199065 -1.9857394531739014 13.193211500143995
    endloop
  endfacet
  facet normal -0.042067989486180096 -6.2966781882319165e-15 0.9991147502967768
    outer loop
      vertex 4.5887731284199065 -1.9857394531739014 13.193211500143995
      vertex 90.77251046928035 -2 16.822000440811806
      vertex 4.648882429441256 -1.8406227634233918 13.195742418081737
    endloop
  endfacet
  facet normal -0.04206798948618009 1.7847504213964554e-15 0.9991147502967768
    outer loop
      vertex 4.648882429441256 -1.8406227634233918 13.195742418081737
      vertex 90.77251046928035 -2 16.822000440811806
      vertex 4.704403844771127 -1.693689601226458 13.1980801618851
    endloop
  endfacet
  facet normal -0.04206798948618009 6.344972998792297e-16 0.9991147502967769
    outer loop
      vertex 4.704403844771127 -1.693689601226458 13.1980801618851
      vertex 90.77251046928035 -2 16.822000440811806
      vertex 4.755282581475767 -1.545084971874737 13.20022242448319
    endloop
  endfacet
  facet normal -0.0420679894861801 -1.1126937068525273e-15 0.9991147502967768
    outer loop
      vertex 4.755282581475767 -1.545084971874737 13.20022242448319
      vertex 90.77251046928035 -2 16.822000440811806
      vertex 4.801468428384716 -1.3949555301961452 13.202167091721462
    endloop
  endfacet
  facet normal -0.04206798948618013 -4.549510090229789e-15 0.9991147502967768
    outer loop
      vertex 4.801468428384716 -1.3949555301961452 13.202167091721462
      vertex 90.77251046928035 -2 16.822000440811806
      vertex 4.842915805643156 -1.2434494358242723 13.203912244448134
    endloop
  endfacet
  facet normal -0.04206798948618007 1.9566821264761273e-15 0.9991147502967768
    outer loop
      vertex 4.842915805643156 -1.2434494358242723 13.203912244448134
      vertex 90.77251046928035 -2 16.822000440811806
      vertex 4.879583809693736 -1.0907162069827145 13.205456160408158
    endloop
  endfacet
  facet normal -0.04206798948618011 -1.2085076894870397e-15 0.9991147502967768
    outer loop
      vertex 4.879583809693736 -1.0907162069827145 13.205456160408158
      vertex 90.77251046928035 -2 16.822000440811806
      vertex 4.911436253643443 -0.9369065729286241 13.206797315942882
    endloop
  endfacet
  facet normal -0.04206798948618005 2.773234206078443e-15 0.9991147502967768
    outer loop
      vertex 4.911436253643443 -0.9369065729286241 13.206797315942882
      vertex 90.77251046928035 -2 16.822000440811806
      vertex 4.938441702975689 -0.7821723252011543 13.207934387493713
    endloop
  endfacet
  facet normal -0.04206798948618012 -2.0374031039660307e-15 0.9991147502967769
    outer loop
      vertex 4.938441702975689 -0.7821723252011543 13.207934387493713
      vertex 90.73562629153527 -1.8651741537364113 16.820447422801486
      vertex 4.9605735065723895 -0.6266661678215203 13.208866252908312
    endloop
  endfacet
  facet normal -0.04206798948618002 3.823289201285526e-15 0.9991147502967768
    outer loop
      vertex 4.9605735065723895 -0.6266661678215203 13.208866252908312
      vertex 90.73562629153527 -1.8651741537364113 16.820447422801486
      vertex 4.9778098230154 -0.4705415665925696 13.209591992548017
    endloop
  endfacet
  facet normal -0.04206798948618006 2.026834517256142e-15 0.9991147502967768
    outer loop
      vertex 4.9778098230154 -0.4705415665925696 13.209591992548017
      vertex 90.73562629153527 -1.8651741537364113 16.820447422801486
      vertex 4.990133642141358 -0.3139525976465688 13.210110890195425
    endloop
  endfacet
  facet normal -0.042067989486180055 1.785339439948573e-15 0.9991147502967768
    outer loop
      vertex 4.990133642141358 -0.3139525976465688 13.210110890195425
      vertex 90.73562629153527 -1.8651741537364113 16.820447422801486
      vertex 4.997532801828658 -0.15705379539064243 13.210422433761206
    endloop
  endfacet
  facet normal -0.04206798948618026 -8.680538776495201e-15 0.9991147502967768
    outer loop
      vertex 4.997532801828658 -0.15705379539064243 13.210422433761206
      vertex 90.73562629153527 -1.8651741537364113 16.820447422801486
      vertex 5 0 13.210526315789474
    endloop
  endfacet
  facet normal -0.04206798948617989 8.68647402335264e-15 0.9991147502967769
    outer loop
      vertex 5 0 13.210526315789474
      vertex 90.73562629153527 -1.8651741537364113 16.820447422801486
      vertex 4.997532801828658 0.15705379539064146 13.210422433761206
    endloop
  endfacet
  facet normal -0.04206798948618014 -1.7887487385917345e-15 0.9991147502967769
    outer loop
      vertex 4.997532801828658 0.15705379539064146 13.210422433761206
      vertex 90.73562629153527 -1.8651741537364113 16.820447422801486
      vertex 4.990133642141358 0.31395259764656686 13.210110890195425
    endloop
  endfacet
  facet normal -0.04206798948618015 -2.033270750882439e-15 0.9991147502967769
    outer loop
      vertex 4.990133642141358 0.31395259764656686 13.210110890195425
      vertex 90.73562629153527 -1.8651741537364113 16.820447422801486
      vertex 4.9778098230154 0.4705415665925716 13.209591992548017
    endloop
  endfacet
  facet normal -0.0420679894861802 -3.8422244966720936e-15 0.9991147502967768
    outer loop
      vertex 4.9778098230154 0.4705415665925716 13.209591992548017
      vertex 90.73562629153527 -1.8651741537364113 16.820447422801486
      vertex 4.9605735065723895 0.6266661678215213 13.208866252908312
    endloop
  endfacet
  facet normal -0.04206798948618003 2.0500660252365736e-15 0.9991147502967768
    outer loop
      vertex 4.9605735065723895 0.6266661678215213 13.208866252908312
      vertex 90.73562629153527 -1.8651741537364113 16.820447422801486
      vertex 4.938441702975689 0.7821723252011543 13.207934387493713
    endloop
  endfacet
  facet normal -0.04206798948618017 -2.7942553477279376e-15 0.9991147502967768
    outer loop
      vertex 4.938441702975689 0.7821723252011543 13.207934387493713
      vertex 90.73562629153527 -1.8651741537364113 16.820447422801486
      vertex 4.911436253643443 0.9369065729286231 13.206797315942882
    endloop
  endfacet
  facet normal 0 1 0
    outer loop
      vertex 4.582334244633835 2 4
      vertex 90.77251046928035 2 16.822000440811806
      vertex 6.586165382679578 2 4
    endloop
  endfacet
  facet normal 0 1 0
    outer loop
      vertex 4.582334244633835 2 4
      vertex 4.582334244633835 2 13.19294038924774
      vertex 90.77251046928035 2 16.822000440811806
    endloop
  endfacet
  facet normal -0.042067989486180034 1.4667807072495793e-15 0.9991147502967768
    outer loop
      vertex 4.911436253643443 0.9369065729286231 13.206797315942882
      vertex 90.73562629153527 -1.8651741537364113 16.820447422801486
      vertex 4.879583809693737 1.0907162069827128 13.205456160408158
    endloop
  endfacet
  facet normal -0.04206798948618017 -2.467170507556496e-15 0.9991147502967769
    outer loop
      vertex 4.879583809693737 1.0907162069827128 13.205456160408158
      vertex 90.73562629153527 -1.8651741537364113 16.820447422801486
      vertex 4.842915805643155 1.243449435824274 13.203912244448134
    endloop
  endfacet
  facet normal -0.042067989486179916 4.6058983303056075e-15 0.9991147502967769
    outer loop
      vertex 4.842915805643155 1.243449435824274 13.203912244448134
      vertex 90.73562629153527 -1.8651741537364113 16.820447422801486
      vertex 4.801468428384715 1.3949555301961465 13.202167091721462
    endloop
  endfacet
  facet normal -0.04206798948618011 -6.424731333869896e-16 0.9991147502967767
    outer loop
      vertex 4.755282581475767 1.545084971874737 13.20022242448319
      vertex 90.73562629153527 -1.8651741537364113 16.820447422801486
      vertex 4.704403844771127 1.693689601226457 13.1980801618851
    endloop
  endfacet
  facet normal -0.04206798948618017 -1.814079487639879e-15 0.9991147502967769
    outer loop
      vertex 4.648882429441256 1.8406227634233898 13.195742418081737
      vertex 4.704403844771127 1.693689601226457 13.1980801618851
      vertex 90.73562629153527 -1.8651741537364113 16.820447422801486
    endloop
  endfacet
  facet normal -0.04206798948618003 1.3832145183175595e-15 0.9991147502967768
    outer loop
      vertex 4.801468428384715 1.3949555301961465 13.202167091721462
      vertex 90.73562629153527 -1.8651741537364113 16.820447422801486
      vertex 4.755282581475767 1.545084971874737 13.20022242448319
    endloop
  endfacet
  facet normal -0.04206798948618 6.0788541464264986e-15 0.9991147502967768
    outer loop
      vertex 4.648882429441256 1.8406227634233898 13.195742418081737
      vertex 90.55913974014142 0.9399992517322805 16.813016410111217
      vertex 4.588773128419906 1.9857394531739028 13.193211500143995
    endloop
  endfacet
  facet normal -0.042067989486180186 -1.1839125736358188e-14 0.9991147502967768
    outer loop
      vertex 4.588773128419906 1.9857394531739028 13.193211500143995
      vertex 90.59233744553647 1.1732584878017316 16.814414208233114
      vertex 4.582334244633835 2 13.19294038924774
    endloop
  endfacet
  facet normal 0 -1 0
    outer loop
      vertex 4.582334244633835 -2 13.19294038924774
      vertex 88.24083238061253 -2 4
      vertex 90.77251046928035 -2 4
    endloop
  endfacet
  facet normal 0 -1 0
    outer loop
      vertex 4.582334244633835 -2 13.19294038924774
      vertex 90.77251046928035 -2 4
      vertex 90.77251046928035 -2 16.822000440811806
    endloop
  endfacet
  facet normal -0.04206798948617998 4.926649607513087e-15 0.9991147502967767
    outer loop
      vertex 4.938441702975689 -0.7821723252011543 13.207934387493713
      vertex 90.77251046928035 -2 16.822000440811806
      vertex 90.73562629153527 -1.8651741537364113 16.820447422801486
    endloop
  endfacet
  facet normal -0.042067989486179826 5.8193724407923525e-15 0.9991147502967768
    outer loop
      vertex 4.648882429441256 1.8406227634233898 13.195742418081737
      vertex 90.73562629153527 -1.8651741537364113 16.820447422801486
      vertex 90.6806242854594 -1.6360743104740685 16.818131548861448
    endloop
  endfacet
  facet normal -0.042067989486180034 0 0.9991147502967767
    outer loop
      vertex 4.648882429441256 1.8406227634233898 13.195742418081737
      vertex 90.6806242854594 -1.6360743104740685 16.818131548861448
      vertex 90.63284561953483 -1.4053598593929362 16.81611981555936
    endloop
  endfacet
  facet normal -0.042067989486179874 2.8646479683408426e-15 0.9991147502967768
    outer loop
      vertex 4.648882429441256 1.8406227634233898 13.195742418081737
      vertex 90.63284561953483 -1.4053598593929362 16.81611981555936
      vertex 90.59233744553647 -1.1732584878017316 16.814414208233114
    endloop
  endfacet
  facet normal -0.04206798948618019 -2.8471927523196012e-15 0.9991147502967768
    outer loop
      vertex 4.648882429441256 1.8406227634233898 13.195742418081737
      vertex 90.59233744553647 -1.1732584878017316 16.814414208233114
      vertex 90.55913974014142 -0.9399992517322805 16.813016410111217
    endloop
  endfacet
  facet normal 0 1 0
    outer loop
      vertex 6.586165382679578 2 4
      vertex 90.77251046928035 2 16.822000440811806
      vertex 90.77251046928035 2 4
    endloop
  endfacet
  facet normal -0.04206798948618015 -2.8329739839152954e-15 0.9991147502967767
    outer loop
      vertex 4.648882429441256 1.8406227634233898 13.195742418081737
      vertex 90.55913974014142 -0.9399992517322805 16.813016410111217
      vertex 90.5332852654769 -0.7058123498888582 16.81192780065166
    endloop
  endfacet
  facet normal -0.04206798948617979 8.465735398664323e-15 0.9991147502967767
    outer loop
      vertex 4.648882429441256 1.8406227634233898 13.195742418081737
      vertex 90.5332852654769 -0.7058123498888582 16.81192780065166
      vertex 90.51479953678796 -0.4709288964698496 16.811149454180544
    endloop
  endfacet
  facet normal -0.04206798948618041 -1.40697237063121e-14 0.9991147502967769
    outer loop
      vertex 4.648882429441256 1.8406227634233898 13.195742418081737
      vertex 90.51479953678796 -0.4709288964698496 16.811149454180544
      vertex 90.50370079725701 -0.23558069308596363 16.810682138831876
    endloop
  endfacet
  facet normal -0.04206798948618002 2.8090289114478233e-15 0.9991147502967769
    outer loop
      vertex 4.648882429441256 1.8406227634233898 13.195742418081737
      vertex 90.50370079725701 -0.23558069308596363 16.810682138831876
      vertex 90.5 0 16.810526315789474
    endloop
  endfacet
  facet normal -0.04206798948618018 -2.8071373764011323e-15 0.9991147502967768
    outer loop
      vertex 4.648882429441256 1.8406227634233898 13.195742418081737
      vertex 90.5 0 16.810526315789474
      vertex 90.50370079725701 0.23558069308596363 16.810682138831876
    endloop
  endfacet
  facet normal -0.04206798948617985 1.4041299016440378e-14 0.9991147502967768
    outer loop
      vertex 4.648882429441256 1.8406227634233898 13.195742418081737
      vertex 90.50370079725701 0.23558069308596363 16.810682138831876
      vertex 90.51479953678796 0.4709288964698496 16.811149454180544
    endloop
  endfacet
  facet normal -0.0420679894861802 -8.437206964474772e-15 0.9991147502967769
    outer loop
      vertex 4.648882429441256 1.8406227634233898 13.195742418081737
      vertex 90.51479953678796 0.4709288964698496 16.811149454180544
      vertex 90.5332852654769 0.7058123498888582 16.81192780065166
    endloop
  endfacet
  facet normal -0.04206798948618001 2.819587604823204e-15 0.9991147502967768
    outer loop
      vertex 4.648882429441256 1.8406227634233898 13.195742418081737
      vertex 90.5332852654769 0.7058123498888582 16.81192780065166
      vertex 90.55913974014142 0.9399992517322805 16.813016410111217
    endloop
  endfacet
  facet normal -0.04206798948618005 2.827201342387941e-15 0.9991147502967768
    outer loop
      vertex 4.588773128419906 1.9857394531739028 13.193211500143995
      vertex 90.55913974014142 0.9399992517322805 16.813016410111217
      vertex 90.59233744553647 1.1732584878017316 16.814414208233114
    endloop
  endfacet
  facet normal -0.042067989486180096 0 0.9991147502967768
    outer loop
      vertex 4.582334244633835 2 13.19294038924774
      vertex 90.59233744553647 1.1732584878017316 16.814414208233114
      vertex 90.63284561953483 1.4053598593929362 16.81611981555936
    endloop
  endfacet
  facet normal -0.04206798948618008 0 0.9991147502967769
    outer loop
      vertex 4.582334244633835 2 13.19294038924774
      vertex 90.63284561953483 1.4053598593929362 16.81611981555936
      vertex 90.6806242854594 1.6360743104740685 16.818131548861448
    endloop
  endfacet
  facet normal -0.0420679894861801 -5.7526208221957855e-15 0.9991147502967769
    outer loop
      vertex 4.582334244633835 2 13.19294038924774
      vertex 90.6806242854594 1.6360743104740685 16.818131548861448
      vertex 90.73562629153527 1.8651741537364113 16.820447422801486
    endloop
  endfacet
  facet normal -0.04206798948618011 -4.8872509293391765e-15 0.9991147502967769
    outer loop
      vertex 4.582334244633835 2 13.19294038924774
      vertex 90.73562629153527 1.8651741537364113 16.820447422801486
      vertex 90.77251046928035 2 16.822000440811806
    endloop
  endfacet
  facet normal 0.6494480483301858 0.7604059656000292 0
    outer loop
      vertex -1.6532796633091298 -1.8752776740761488 0
      vertex -1.6532796633091298 -1.8752776740761488 14
      vertex -1.5935599743717241 -1.9262831069394735 0
    endloop
  endfacet
  facet normal 0.29404032523230894 0.9557930147983286 0
    outer loop
      vertex -0.7725424859373685 -2.3776412907378837 0
      vertex -0.7725424859373685 -2.3776412907378837 14
      vertex -0.6974777650980726 -2.400734214192358 0
    endloop
  endfacet
  facet normal 0.32391741819814207 0.9460853588275479 0
    outer loop
      vertex -0.846844800613229 -2.3522019223855635 0
      vertex -0.846844800613229 -2.3522019223855635 14
      vertex -0.8054091542545047 -2.3663885150271855 0
    endloop
  endfacet
  facet normal 0.3239174181981522 0.9460853588275444 3.321567981742177e-17
    outer loop
      vertex -0.8054091542545047 -2.3663885150271855 0
      vertex -0.846844800613229 -2.3522019223855635 14
      vertex -0.7725424859373685 -2.3776412907378837 0
    endloop
  endfacet
  facet normal 0.4679298142605745 0.8837656300886928 0
    outer loop
      vertex -1.2043841852542885 -2.1907667001096587 0
      vertex -1.2043841852542885 -2.1907667001096587 14
      vertex -1.1349762493488669 -2.2275163104709197 0
    endloop
  endfacet
  facet normal 0.38268343236508906 0.9238795325112872 0
    outer loop
      vertex -0.9928697265869518 -2.294386564209953 0
      vertex -0.9928697265869518 -2.294386564209953 14
      vertex -0.9203113817116947 -2.3244412147206286 0
    endloop
  endfacet
  facet normal 0.41151435860510843 0.9114032766354454 0
    outer loop
      vertex -1.064448228912681 -2.262067631165049 0
      vertex -1.064448228912681 -2.262067631165049 14
      vertex -0.9928697265869518 -2.294386564209953 0
    endloop
  endfacet
  facet normal 0.3534748437792568 0.9354440308298675 -9.504591609108252e-19
    outer loop
      vertex -0.877332634950129 -2.3406815297974113 0
      vertex -0.9203113817116947 -2.3244412147206286 14
      vertex -0.846844800613229 -2.3522019223855635 0
    endloop
  endfacet
  facet normal 0.3534748437792571 0.9354440308298674 0
    outer loop
      vertex -0.9203113817116947 -2.3244412147206286 0
      vertex -0.9203113817116947 -2.3244412147206286 14
      vertex -0.877332634950129 -2.3406815297974113 0
    endloop
  endfacet
  facet normal 0.4399391698559162 0.8980275757606151 0
    outer loop
      vertex -1.1349762493488669 -2.2275163104709197 14
      vertex -1.064448228912681 -2.262067631165049 0
      vertex -1.1349762493488669 -2.2275163104709197 0
    endloop
  endfacet
  facet normal 0.202787295356515 0.9792228106217654 0
    outer loop
      vertex -0.5453581034913573 -2.439791904846868 0
      vertex -0.5453581034913573 -2.439791904846868 14
      vertex -0.46845328646431206 -2.4557181268217216 0
    endloop
  endfacet
  facet normal 0.23344536385590456 0.9723699203976768 0
    outer loop
      vertex -0.6217247179121371 -2.4214579028215777 14
      vertex -0.5453581034913573 -2.439791904846868 0
      vertex -0.6217247179121371 -2.4214579028215777 0
    endloop
  endfacet
  facet normal 0.17192910027940786 0.9851093261547741 -3.1447868882884075e-17
    outer loop
      vertex -0.42262304802718176 -2.4637167838751917 0
      vertex -0.46845328646431206 -2.4557181268217216 14
      vertex -0.39108616260057716 -2.4692208514878446 0
    endloop
  endfacet
  facet normal 0.140901231937587 0.9900236577165571 0
    outer loop
      vertex -0.39108616260057716 -2.4692208514878446 0
      vertex -0.39108616260057716 -2.4692208514878446 14
      vertex -0.3686256768479974 -2.4724174519809625 0
    endloop
  endfacet
  facet normal 0.10973431109104471 0.9939609554551796 0
    outer loop
      vertex -0.31333308391076015 -2.4802867532861947 0
      vertex -0.31333308391076015 -2.4802867532861947 14
      vertex -0.2352707832962848 -2.4889049115077 0
    endloop
  endfacet
  facet normal 0.14090123193757687 0.9900236577165583 -1.6500906938253545e-17
    outer loop
      vertex -0.31333308391076015 -2.4802867532861947 0
      vertex -0.3686256768479974 -2.4724174519809625 0
      vertex -0.39108616260057716 -2.4692208514878446 14
    endloop
  endfacet
  facet normal 0.1719291002794172 0.9851093261547725 0
    outer loop
      vertex -0.46845328646431206 -2.4557181268217216 0
      vertex -0.46845328646431206 -2.4557181268217216 14
      vertex -0.42262304802718176 -2.4637167838751917 0
    endloop
  endfacet
  facet normal 0.2638730499653637 0.9645574184578006 -1.2662077197333563e-17
    outer loop
      vertex -0.6587581932295986 -2.41132669041697 0
      vertex -0.6974777650980726 -2.400734214192358 14
      vertex -0.636930537763147 -2.417298061235656 0
    endloop
  endfacet
  facet normal 0.2638730499653849 0.9645574184577949 8.572271419058348e-17
    outer loop
      vertex -0.636930537763147 -2.417298061235656 0
      vertex -0.6974777650980726 -2.400734214192358 14
      vertex -0.6217247179121371 -2.4214579028215777 0
    endloop
  endfacet
  facet normal 0.263873049965368 0.9645574184577994 0
    outer loop
      vertex -0.6974777650980726 -2.400734214192358 0
      vertex -0.6974777650980726 -2.400734214192358 14
      vertex -0.6587581932295986 -2.41132669041697 0
    endloop
  endfacet
  facet normal 0.07845909572784758 0.9969173337331279 1.8980364688340415e-17
    outer loop
      vertex -0.16496289139608447 -2.4944382626034867 0
      vertex -0.21987531354689888 -2.4901165612543434 0
      vertex -0.2352707832962848 -2.4889049115077 14
    endloop
  endfacet
  facet normal 0.07845909572786419 0.9969173337331264 1.0295073762376374e-16
    outer loop
      vertex -0.16496289139608447 -2.4944382626034867 0
      vertex -0.2352707832962848 -2.4889049115077 14
      vertex -0.1569762988232844 -2.495066821070679 0
    endloop
  endfacet
  facet normal 0.07845909572783044 0.9969173337331292 0
    outer loop
      vertex -0.2352707832962848 -2.4889049115077 0
      vertex -0.2352707832962848 -2.4889049115077 14
      vertex -0.21987531354689888 -2.4901165612543434 0
    endloop
  endfacet
  facet normal 0.04710645070964384 0.9988898749619699 0
    outer loop
      vertex -0.1569762988232844 -2.495066821070679 0
      vertex -0.1569762988232844 -2.495066821070679 14
      vertex -0.07852689769532122 -2.498766400914329 0
    endloop
  endfacet
  facet normal 0.015707317311817796 0.9998766324816607 0
    outer loop
      vertex -0.07852689769532122 -2.498766400914329 14
      vertex 0 -2.5 0
      vertex -0.07852689769532122 -2.498766400914329 0
    endloop
  endfacet
  facet normal -0.015707317311817796 0.9998766324816607 0
    outer loop
      vertex 0 -2.5 14
      vertex 0.07852689769532122 -2.498766400914329 0
      vertex 0 -2.5 0
    endloop
  endfacet
  facet normal -0.04710645070964384 0.9988898749619699 0
    outer loop
      vertex 0.07852689769532122 -2.498766400914329 0
      vertex 0.07852689769532122 -2.498766400914329 14
      vertex 0.1569762988232844 -2.495066821070679 0
    endloop
  endfacet
  facet normal -0.07845909572784593 0.9969173337331281 0
    outer loop
      vertex 0.1569762988232844 -2.495066821070679 14
      vertex 0.2352707832962848 -2.4889049115077 0
      vertex 0.1569762988232844 -2.495066821070679 0
    endloop
  endfacet
  facet normal 0.4954586684324063 0.8686315144381921 7.88459805321042e-18
    outer loop
      vertex -1.2359516704064801 -2.1727609244737374 0
      vertex -1.272603539375928 -2.1518550675098593 14
      vertex -1.2043841852542885 -2.1907667001096587 0
    endloop
  endfacet
  facet normal 0.4954586684324049 0.8686315144381929 5.047730027152072e-18
    outer loop
      vertex -1.2517613766121405 -2.1637432272629353 0
      vertex -1.272603539375928 -2.1518550675098593 14
      vertex -1.2377683712912724 -2.1717246965838233 0
    endloop
  endfacet
  facet normal 0.49545866843241726 0.8686315144381856 4.605401364462923e-17
    outer loop
      vertex -1.2359516704064801 -2.1727609244737374 0
      vertex -1.2377683712912724 -2.1717246965838233 0
      vertex -1.272603539375928 -2.1518550675098593 14
    endloop
  endfacet
  facet normal 0.49545866843240227 0.8686315144381943 0
    outer loop
      vertex -1.272603539375928 -2.1518550675098593 0
      vertex -1.272603539375928 -2.1518550675098593 14
      vertex -1.2517613766121405 -2.1637432272629353 0
    endloop
  endfacet
  facet normal 0.5224985647159526 0.85264016435409 5.408823454537187e-18
    outer loop
      vertex -1.311669202100073 -2.1279155986032943 0
      vertex -1.3395669874474918 -2.1108198137550374 14
      vertex -1.272603539375928 -2.1518550675098593 0
    endloop
  endfacet
  facet normal 0.5224985647159506 0.8526401643540912 0
    outer loop
      vertex -1.3395669874474918 -2.1108198137550374 0
      vertex -1.3395669874474918 -2.1108198137550374 14
      vertex -1.311669202100073 -2.1279155986032943 0
    endloop
  endfacet
  facet normal 0.5750052520432792 0.818149717425023 1.8552231834936262e-17
    outer loop
      vertex -1.451655455278896 -2.0350579298636635 0
      vertex -1.469463130731183 -2.0225424859373686 14
      vertex -1.4052084446303261 -2.0677014356864047 0
    endloop
  endfacet
  facet normal 0.5490228179981308 0.8358073613682708 0
    outer loop
      vertex -1.4052084446303261 -2.0677014356864047 0
      vertex -1.4052084446303261 -2.0677014356864047 14
      vertex -1.3395669874474918 -2.1108198137550374 0
    endloop
  endfacet
  facet normal 0.5750052520432695 0.8181497174250298 0
    outer loop
      vertex -1.469463130731183 -2.0225424859373686 0
      vertex -1.469463130731183 -2.0225424859373686 14
      vertex -1.451655455278896 -2.0350579298636635 0
    endloop
  endfacet
  facet normal 0.6004202253258862 0.799684658487089 1.4671166571701362e-18
    outer loop
      vertex -1.4863479472335324 -2.009865007107017 0
      vertex -1.5322676341324417 -1.9753875309392255 14
      vertex -1.469463130731183 -2.0225424859373686 0
    endloop
  endfacet
  facet normal 0.600420225325886 0.7996846584870891 0
    outer loop
      vertex -1.5322676341324417 -1.9753875309392255 0
      vertex -1.5322676341324417 -1.9753875309392255 14
      vertex -1.4863479472335324 -2.009865007107017 0
    endloop
  endfacet
  facet normal 0.6252426563357025 0.7804304073383318 0
    outer loop
      vertex -1.5935599743717241 -1.9262831069394735 0
      vertex -1.5935599743717241 -1.9262831069394735 14
      vertex -1.5322676341324417 -1.9753875309392255 0
    endloop
  endfacet
  facet normal 0.6730125135097741 0.7396310949786089 2.4459557603241905e-18
    outer loop
      vertex -1.7105072689338645 -1.8232045595665936 0
      vertex -1.7113677648217211 -1.8224215685535292 14
      vertex -1.6532796633091298 -1.8752776740761488 0
    endloop
  endfacet
  facet normal 0.6730125135097524 0.7396310949786288 0
    outer loop
      vertex -1.7105072689338645 -1.8232045595665936 0
      vertex -1.7113677648217211 -1.8224215685535292 0
      vertex -1.7113677648217211 -1.8224215685535292 14
    endloop
  endfacet
  facet normal 0.6959127965923131 0.7181262977631899 3.020292485888117e-18
    outer loop
      vertex -1.740829210153984 -1.7938714418185973 0
      vertex -1.7677669529663689 -1.7677669529663689 14
      vertex -1.7113677648217211 -1.8224215685535292 0
    endloop
  endfacet
  facet normal 0.6959127965923123 0.7181262977631908 0
    outer loop
      vertex -1.740829210153984 -1.7938714418185973 0
      vertex -1.7677669529663689 -1.7677669529663689 0
      vertex -1.7677669529663689 -1.7677669529663689 14
    endloop
  endfacet
  facet normal 0.7181262977631904 0.6959127965923128 0
    outer loop
      vertex -1.7677669529663689 -1.7677669529663689 0
      vertex -1.8224215685535292 -1.7113677648217211 0
      vertex -1.8224215685535292 -1.7113677648217211 14
    endloop
  endfacet
  facet normal 0.7396310949786081 0.6730125135097751 -9.441892204257713e-18
    outer loop
      vertex -1.8733444199441989 -1.655404281858983 0
      vertex -1.8752776740761488 -1.6532796633091298 14
      vertex -1.8224215685535292 -1.7113677648217211 0
    endloop
  endfacet
  facet normal 0.7396310949786391 0.6730125135097411 0
    outer loop
      vertex -1.8733444199441989 -1.655404281858983 0
      vertex -1.8752776740761488 -1.6532796633091298 0
      vertex -1.8752776740761488 -1.6532796633091298 14
    endloop
  endfacet
  facet normal 0.7604059656000283 0.649448048330187 -8.670518138279475e-18
    outer loop
      vertex -1.9184930082033562 -1.602681008096881 0
      vertex -1.9262831069394735 -1.5935599743717241 14
      vertex -1.8752776740761488 -1.6532796633091298 0
    endloop
  endfacet
  facet normal 0.7604059656000347 0.6494480483301792 0
    outer loop
      vertex -1.9184930082033562 -1.602681008096881 0
      vertex -1.9262831069394735 -1.5935599743717241 0
      vertex -1.9262831069394735 -1.5935599743717241 14
    endloop
  endfacet
  facet normal 0.7804304073383318 0.6252426563357025 0
    outer loop
      vertex -1.9262831069394735 -1.5935599743717241 0
      vertex -1.9753875309392255 -1.5322676341324417 0
      vertex -1.9753875309392255 -1.5322676341324417 14
    endloop
  endfacet
  facet normal 0.7996846584870891 0.600420225325886 0
    outer loop
      vertex -1.9753875309392255 -1.5322676341324417 0
      vertex -2.0225424859373686 -1.469463130731183 0
      vertex -2.0225424859373686 -1.469463130731183 14
    endloop
  endfacet
  facet normal 0.8181497174250248 0.5750052520432765 0
    outer loop
      vertex -2.0225424859373686 -1.469463130731183 0
      vertex -2.0677014356864047 -1.4052084446303261 0
      vertex -2.0677014356864047 -1.4052084446303261 14
    endloop
  endfacet
  facet normal 0.8358073613682708 0.5490228179981308 0
    outer loop
      vertex -2.0677014356864047 -1.4052084446303261 0
      vertex -2.1108198137550374 -1.3395669874474918 0
      vertex -2.1108198137550374 -1.3395669874474918 14
    endloop
  endfacet
  facet normal 0.8526401643540903 0.522498564715952 -2.136031939288869e-18
    outer loop
      vertex -2.144918064662597 -1.28392369917585 0
      vertex -2.1518550675098593 -1.272603539375928 14
      vertex -2.1108198137550374 -1.3395669874474918 0
    endloop
  endfacet
  facet normal 0.8526401643540915 0.5224985647159502 0
    outer loop
      vertex -2.144918064662597 -1.28392369917585 0
      vertex -2.1518550675098593 -1.272603539375928 0
      vertex -2.1518550675098593 -1.272603539375928 14
    endloop
  endfacet
  facet normal 0.868631514438193 0.49545866843240466 0
    outer loop
      vertex -2.1631189606246317 -1.252855832537513 0
      vertex -2.1907667001096587 -1.2043841852542885 0
      vertex -2.1907667001096587 -1.2043841852542885 14
    endloop
  endfacet
  facet normal 0.8686315144381921 0.49545866843240605 -6.472242022195395e-18
    outer loop
      vertex -2.1631189606246317 -1.252855832537513 0
      vertex -2.1907667001096587 -1.2043841852542885 14
      vertex -2.1518550675098593 -1.272603539375928 0
    endloop
  endfacet
  facet normal 0.8837656300886928 0.4679298142605745 0
    outer loop
      vertex -2.1907667001096587 -1.2043841852542885 0
      vertex -2.2275163104709197 -1.1349762493488669 0
      vertex -2.2275163104709197 -1.1349762493488669 14
    endloop
  endfacet
  facet normal 0.8980275757606151 0.4399391698559162 0
    outer loop
      vertex -2.2275163104709197 -1.1349762493488669 0
      vertex -2.262067631165049 -1.064448228912681 0
      vertex -2.262067631165049 -1.064448228912681 14
    endloop
  endfacet
  facet normal 0.9114032766354468 0.4115143586051055 1.8291649586327374e-17
    outer loop
      vertex -2.2836717244030074 -1.0166004662427335 0
      vertex -2.294386564209953 -0.9928697265869518 14
      vertex -2.262067631165049 -1.064448228912681 0
    endloop
  endfacet
  facet normal 0.9114032766354427 0.4115143586051144 0
    outer loop
      vertex -2.2836717244030074 -1.0166004662427335 0
      vertex -2.294386564209953 -0.9928697265869518 0
      vertex -2.294386564209953 -0.9928697265869518 14
    endloop
  endfacet
  facet normal 0.9238795325112883 0.38268343236508606 1.7852556409058562e-17
    outer loop
      vertex -2.3139751684212007 -0.945578652632198 0
      vertex -2.3244412147206286 -0.9203113817116947 14
      vertex -2.294386564209953 -0.9928697265869518 0
    endloop
  endfacet
  facet normal 0.9238795325112847 0.3826834323650945 0
    outer loop
      vertex -2.3139751684212007 -0.945578652632198 0
      vertex -2.3244412147206286 -0.9203113817116947 0
      vertex -2.3244412147206286 -0.9203113817116947 14
    endloop
  endfacet
  facet normal 0.9354440308298674 0.353474843779257 0
    outer loop
      vertex -2.3244412147206286 -0.9203113817116947 0
      vertex -2.3522019223855635 -0.846844800613229 0
      vertex -2.3522019223855635 -0.846844800613229 14
    endloop
  endfacet
  facet normal 0.9460853588275463 0.32391741819814657 0
    outer loop
      vertex -2.3522019223855635 -0.846844800613229 0
      vertex -2.3776412907378837 -0.7725424859373685 0
      vertex -2.3776412907378837 -0.7725424859373685 14
    endloop
  endfacet
  facet normal 0.9557930147983286 0.29404032523230894 0
    outer loop
      vertex -2.400734214192358 -0.6974777650980726 14
      vertex -2.3776412907378837 -0.7725424859373685 0
      vertex -2.400734214192358 -0.6974777650980726 0
    endloop
  endfacet
  facet normal 0.9645574184577987 0.26387304996537014 0
    outer loop
      vertex -2.400734214192358 -0.6974777650980726 0
      vertex -2.4214579028215777 -0.6217247179121371 0
      vertex -2.4214579028215777 -0.6217247179121371 14
    endloop
  endfacet
  facet normal 0.9723699203976763 0.23344536385590672 0
    outer loop
      vertex -2.4214579028215777 -0.6217247179121371 0
      vertex -2.4397919048468686 -0.5453581034913562 0
      vertex -2.4397919048468686 -0.5453581034913562 14
    endloop
  endfacet
  facet normal 0.9792228106217656 0.20278729535651233 0
    outer loop
      vertex -2.4397919048468686 -0.5453581034913562 0
      vertex -2.4557181268217216 -0.46845328646431206 0
      vertex -2.4557181268217216 -0.46845328646431206 14
    endloop
  endfacet
  facet normal 0.9851093261547733 0.17192910027941344 0
    outer loop
      vertex -2.4557181268217216 -0.46845328646431206 0
      vertex -2.4692208514878446 -0.39108616260057716 0
      vertex -2.4692208514878446 -0.39108616260057716 14
    endloop
  endfacet
  facet normal 0.990023657716558 0.1409012319375798 0
    outer loop
      vertex -2.4692208514878446 -0.39108616260057716 0
      vertex -2.4802867532861947 -0.31333308391076015 0
      vertex -2.4802867532861947 -0.31333308391076015 14
    endloop
  endfacet
  facet normal 0.9939609554551796 0.10973431109104644 0
    outer loop
      vertex -2.4802867532861947 -0.31333308391076015 0
      vertex -2.4889049115077 -0.23527078329628606 0
      vertex -2.4889049115077 -0.23527078329628606 14
    endloop
  endfacet
  facet normal 0.9969173337331281 0.07845909572784344 0
    outer loop
      vertex -2.4889049115077 -0.23527078329628606 0
      vertex -2.495066821070679 -0.15697629882328318 0
      vertex -2.495066821070679 -0.15697629882328318 14
    endloop
  endfacet
  facet normal 0.9988898749619699 0.047106450709644566 0
    outer loop
      vertex -2.495066821070679 -0.15697629882328318 0
      vertex -2.498766400914329 -0.07852689769532122 0
      vertex -2.498766400914329 -0.07852689769532122 14
    endloop
  endfacet
  facet normal 0.9998766324816607 0.015707317311817796 0
    outer loop
      vertex -2.498766400914329 -0.07852689769532122 0
      vertex -2.5 0 0
      vertex -2.5 0 14
    endloop
  endfacet
  facet normal -0.10973431109104471 0.9939609554551796 0
    outer loop
      vertex 0.2352707832962848 -2.4889049115077 0
      vertex 0.2352707832962848 -2.4889049115077 14
      vertex 0.31333308391076015 -2.4802867532861947 0
    endloop
  endfacet
  facet normal -0.1409012319375798 0.990023657716558 0
    outer loop
      vertex 0.31333308391076015 -2.4802867532861947 14
      vertex 0.39108616260057716 -2.4692208514878446 0
      vertex 0.31333308391076015 -2.4802867532861947 0
    endloop
  endfacet
  facet normal -0.17192910027941344 0.9851093261547733 0
    outer loop
      vertex 0.39108616260057716 -2.4692208514878446 0
      vertex 0.39108616260057716 -2.4692208514878446 14
      vertex 0.46845328646431206 -2.4557181268217216 0
    endloop
  endfacet
  facet normal -0.202787295356515 0.9792228106217654 0
    outer loop
      vertex 0.46845328646431206 -2.4557181268217216 14
      vertex 0.5453581034913573 -2.439791904846868 0
      vertex 0.46845328646431206 -2.4557181268217216 0
    endloop
  endfacet
  facet normal -0.23344536385590212 0.9723699203976774 0
    outer loop
      vertex 0.5453581034913573 -2.439791904846868 0
      vertex 0.5453581034913573 -2.439791904846868 14
      vertex 0.6217247179121361 -2.421457902821578 0
    endloop
  endfacet
  facet normal -0.2638730499653722 0.9645574184577984 0
    outer loop
      vertex 0.6217247179121361 -2.421457902821578 0
      vertex 0.6217247179121361 -2.421457902821578 14
      vertex 0.6974777650980726 -2.400734214192358 0
    endloop
  endfacet
  facet normal -0.29404032523230894 0.9557930147983286 0
    outer loop
      vertex 0.6974777650980726 -2.400734214192358 0
      vertex 0.6974777650980726 -2.400734214192358 14
      vertex 0.7725424859373685 -2.3776412907378837 0
    endloop
  endfacet
  facet normal -0.32391741819814657 0.9460853588275463 0
    outer loop
      vertex 0.7725424859373685 -2.3776412907378837 0
      vertex 0.7725424859373685 -2.3776412907378837 14
      vertex 0.846844800613229 -2.3522019223855635 0
    endloop
  endfacet
  facet normal -0.35347484377925675 0.9354440308298674 0
    outer loop
      vertex 0.846844800613229 -2.3522019223855635 0
      vertex 0.846844800613229 -2.3522019223855635 14
      vertex 0.9203113817116959 -2.324441214720628 0
    endloop
  endfacet
  facet normal -0.38268343236508984 0.9238795325112867 0
    outer loop
      vertex 0.9203113817116959 -2.324441214720628 0
      vertex 0.9203113817116959 -2.324441214720628 14
      vertex 0.9928697265869507 -2.2943865642099532 0
    endloop
  endfacet
  facet normal -0.4115143586051078 0.9114032766354457 0
    outer loop
      vertex 0.9928697265869507 -2.2943865642099532 0
      vertex 0.9928697265869507 -2.2943865642099532 14
      vertex 1.064448228912681 -2.262067631165049 0
    endloop
  endfacet
  facet normal -0.4399391698559162 0.8980275757606151 0
    outer loop
      vertex 1.064448228912681 -2.262067631165049 0
      vertex 1.064448228912681 -2.262067631165049 14
      vertex 1.1349762493488669 -2.2275163104709197 0
    endloop
  endfacet
  facet normal -0.4679298142605745 0.8837656300886928 0
    outer loop
      vertex 1.1349762493488669 -2.2275163104709197 0
      vertex 1.1349762493488669 -2.2275163104709197 14
      vertex 1.2043841852542885 -2.1907667001096587 0
    endloop
  endfacet
  facet normal -0.4954586684324075 0.8686315144381913 0
    outer loop
      vertex 1.2043841852542885 -2.1907667001096587 0
      vertex 1.2043841852542885 -2.1907667001096587 14
      vertex 1.2726035393759292 -2.1518550675098584 0
    endloop
  endfacet
  facet normal -0.5224985647159492 0.8526401643540922 0
    outer loop
      vertex 1.2726035393759292 -2.1518550675098584 0
      vertex 1.2726035393759292 -2.1518550675098584 14
      vertex 1.3395669874474905 -2.1108198137550382 0
    endloop
  endfacet
  facet normal -0.5490228179981309 0.8358073613682707 0
    outer loop
      vertex 1.3395669874474905 -2.1108198137550382 0
      vertex 1.3395669874474905 -2.1108198137550382 14
      vertex 1.4052084446303261 -2.0677014356864047 0
    endloop
  endfacet
  facet normal -0.5750052520432765 0.8181497174250248 0
    outer loop
      vertex 1.4052084446303261 -2.0677014356864047 0
      vertex 1.4052084446303261 -2.0677014356864047 14
      vertex 1.469463130731183 -2.0225424859373686 0
    endloop
  endfacet
  facet normal -0.600420225325886 0.7996846584870891 0
    outer loop
      vertex 1.469463130731183 -2.0225424859373686 0
      vertex 1.469463130731183 -2.0225424859373686 14
      vertex 1.5322676341324417 -1.9753875309392255 0
    endloop
  endfacet
  facet normal -0.6252426563357039 0.7804304073383306 0
    outer loop
      vertex 1.5322676341324417 -1.9753875309392255 0
      vertex 1.5322676341324417 -1.9753875309392255 14
      vertex 1.593559974371725 -1.9262831069394726 0
    endloop
  endfacet
  facet normal -0.6494480483301852 0.7604059656000296 0
    outer loop
      vertex 1.593559974371725 -1.9262831069394726 0
      vertex 1.593559974371725 -1.9262831069394726 14
      vertex 1.6532796633091287 -1.8752776740761496 0
    endloop
  endfacet
  facet normal -0.6730125135097731 0.73963109497861 0
    outer loop
      vertex 1.6532796633091287 -1.8752776740761496 0
      vertex 1.6532796633091287 -1.8752776740761496 14
      vertex 1.7113677648217211 -1.8224215685535292 0
    endloop
  endfacet
  facet normal -0.6959127965923128 0.7181262977631904 0
    outer loop
      vertex 1.7113677648217211 -1.8224215685535292 0
      vertex 1.7113677648217211 -1.8224215685535292 14
      vertex 1.7677669529663689 -1.7677669529663689 0
    endloop
  endfacet
  facet normal -0.7181262977631904 0.6959127965923128 0
    outer loop
      vertex 1.7677669529663689 -1.7677669529663689 0
      vertex 1.7677669529663689 -1.7677669529663689 14
      vertex 1.8224215685535292 -1.7113677648217211 0
    endloop
  endfacet
  facet normal -0.73963109497861 0.6730125135097731 0
    outer loop
      vertex 1.8752776740761496 -1.6532796633091287 0
      vertex 1.8224215685535292 -1.7113677648217211 0
      vertex 1.8224215685535292 -1.7113677648217211 14
    endloop
  endfacet
  facet normal -0.7604059656000296 0.6494480483301852 0
    outer loop
      vertex 1.9262831069394726 -1.593559974371725 0
      vertex 1.8752776740761496 -1.6532796633091287 0
      vertex 1.8752776740761496 -1.6532796633091287 14
    endloop
  endfacet
  facet normal -0.7804304073383306 0.6252426563357039 0
    outer loop
      vertex 1.9753875309392255 -1.5322676341324417 0
      vertex 1.9262831069394726 -1.593559974371725 0
      vertex 1.9262831069394726 -1.593559974371725 14
    endloop
  endfacet
  facet normal -0.7996846584870891 0.600420225325886 0
    outer loop
      vertex 2.0225424859373686 -1.469463130731183 0
      vertex 1.9753875309392255 -1.5322676341324417 0
      vertex 1.9753875309392255 -1.5322676341324417 14
    endloop
  endfacet
  facet normal -0.8181497174250248 0.5750052520432765 0
    outer loop
      vertex 2.0677014356864047 -1.4052084446303261 0
      vertex 2.0225424859373686 -1.469463130731183 0
      vertex 2.0225424859373686 -1.469463130731183 14
    endloop
  endfacet
  facet normal -0.8358073613682707 0.5490228179981309 0
    outer loop
      vertex 2.1108198137550382 -1.3395669874474905 0
      vertex 2.0677014356864047 -1.4052084446303261 0
      vertex 2.0677014356864047 -1.4052084446303261 14
    endloop
  endfacet
  facet normal -0.8526401643540922 0.5224985647159492 0
    outer loop
      vertex 2.1518550675098584 -1.2726035393759292 0
      vertex 2.1108198137550382 -1.3395669874474905 0
      vertex 2.1108198137550382 -1.3395669874474905 14
    endloop
  endfacet
  facet normal -0.8686315144381913 0.4954586684324075 0
    outer loop
      vertex 2.1907667001096587 -1.2043841852542885 0
      vertex 2.1518550675098584 -1.2726035393759292 0
      vertex 2.1518550675098584 -1.2726035393759292 14
    endloop
  endfacet
  facet normal -0.8837656300886928 0.4679298142605745 0
    outer loop
      vertex 2.2275163104709197 -1.1349762493488669 0
      vertex 2.1907667001096587 -1.2043841852542885 0
      vertex 2.1907667001096587 -1.2043841852542885 14
    endloop
  endfacet
  facet normal -0.8980275757606151 0.4399391698559162 0
    outer loop
      vertex 2.262067631165049 -1.064448228912681 0
      vertex 2.2275163104709197 -1.1349762493488669 0
      vertex 2.2275163104709197 -1.1349762493488669 14
    endloop
  endfacet
  facet normal -0.9114032766354457 0.4115143586051078 0
    outer loop
      vertex 2.2943865642099532 -0.9928697265869507 0
      vertex 2.262067631165049 -1.064448228912681 0
      vertex 2.262067631165049 -1.064448228912681 14
    endloop
  endfacet
  facet normal -0.9238795325112867 0.38268343236508984 0
    outer loop
      vertex 2.324441214720628 -0.9203113817116959 0
      vertex 2.2943865642099532 -0.9928697265869507 0
      vertex 2.2943865642099532 -0.9928697265869507 14
    endloop
  endfacet
  facet normal -0.9354440308298674 0.35347484377925675 0
    outer loop
      vertex 2.3522019223855635 -0.846844800613229 0
      vertex 2.324441214720628 -0.9203113817116959 0
      vertex 2.324441214720628 -0.9203113817116959 14
    endloop
  endfacet
  facet normal -0.9460853588275463 0.32391741819814657 0
    outer loop
      vertex 2.3776412907378837 -0.7725424859373685 0
      vertex 2.3522019223855635 -0.846844800613229 0
      vertex 2.3522019223855635 -0.846844800613229 14
    endloop
  endfacet
  facet normal -0.9557930147983286 0.29404032523230894 0
    outer loop
      vertex 2.400734214192358 -0.6974777650980726 0
      vertex 2.3776412907378837 -0.7725424859373685 0
      vertex 2.3776412907378837 -0.7725424859373685 14
    endloop
  endfacet
  facet normal -0.9645574184577984 0.2638730499653722 0
    outer loop
      vertex 2.421457902821578 -0.6217247179121361 0
      vertex 2.400734214192358 -0.6974777650980726 0
      vertex 2.400734214192358 -0.6974777650980726 14
    endloop
  endfacet
  facet normal -0.9723699203976774 0.23344536385590212 0
    outer loop
      vertex 2.439791904846868 -0.5453581034913573 0
      vertex 2.421457902821578 -0.6217247179121361 0
      vertex 2.421457902821578 -0.6217247179121361 14
    endloop
  endfacet
  facet normal -0.9792228106217654 0.202787295356515 0
    outer loop
      vertex 2.4557181268217216 -0.46845328646431206 0
      vertex 2.439791904846868 -0.5453581034913573 0
      vertex 2.439791904846868 -0.5453581034913573 14
    endloop
  endfacet
  facet normal -0.9851093261547733 0.17192910027941344 0
    outer loop
      vertex 2.4692208514878446 -0.39108616260057716 0
      vertex 2.4557181268217216 -0.46845328646431206 0
      vertex 2.4557181268217216 -0.46845328646431206 14
    endloop
  endfacet
  facet normal -0.990023657716558 0.1409012319375798 0
    outer loop
      vertex 2.4802867532861947 -0.31333308391076015 0
      vertex 2.4692208514878446 -0.39108616260057716 0
      vertex 2.4692208514878446 -0.39108616260057716 14
    endloop
  endfacet
  facet normal -0.9939609554551796 0.10973431109104471 0
    outer loop
      vertex 2.4889049115077 -0.2352707832962848 0
      vertex 2.4802867532861947 -0.31333308391076015 0
      vertex 2.4802867532861947 -0.31333308391076015 14
    endloop
  endfacet
  facet normal -0.9969173337331281 0.07845909572784593 0
    outer loop
      vertex 2.495066821070679 -0.1569762988232844 0
      vertex 2.4889049115077 -0.2352707832962848 0
      vertex 2.4889049115077 -0.2352707832962848 14
    endloop
  endfacet
  facet normal -0.9988898749619699 0.04710645070964384 0
    outer loop
      vertex 2.498766400914329 -0.07852689769532122 0
      vertex 2.495066821070679 -0.1569762988232844 0
      vertex 2.495066821070679 -0.1569762988232844 14
    endloop
  endfacet
  facet normal -0.9998766324816607 0.015707317311817796 0
    outer loop
      vertex 2.498766400914329 -0.07852689769532122 0
      vertex 2.498766400914329 -0.07852689769532122 14
      vertex 2.5 0 0
    endloop
  endfacet
  facet normal 0.6494480483301858 0.7604059656000292 0
    outer loop
      vertex -1.5935599743717241 -1.9262831069394735 0
      vertex -1.6532796633091298 -1.8752776740761488 14
      vertex -1.5935599743717241 -1.9262831069394735 14
    endloop
  endfacet
  facet normal 0.29404032523230894 0.9557930147983286 0
    outer loop
      vertex -0.6974777650980726 -2.400734214192358 0
      vertex -0.7725424859373685 -2.3776412907378837 14
      vertex -0.6974777650980726 -2.400734214192358 14
    endloop
  endfacet
  facet normal 0.32391741819814657 0.9460853588275463 0
    outer loop
      vertex -0.846844800613229 -2.3522019223855635 14
      vertex -0.7725424859373685 -2.3776412907378837 14
      vertex -0.7725424859373685 -2.3776412907378837 0
    endloop
  endfacet
  facet normal 0.38268343236508906 0.9238795325112872 0
    outer loop
      vertex -0.9203113817116947 -2.3244412147206286 0
      vertex -0.9928697265869518 -2.294386564209953 14
      vertex -0.9203113817116947 -2.3244412147206286 14
    endloop
  endfacet
  facet normal 0.41151435860510843 0.9114032766354454 0
    outer loop
      vertex -0.9928697265869518 -2.294386564209953 0
      vertex -1.064448228912681 -2.262067631165049 14
      vertex -0.9928697265869518 -2.294386564209953 14
    endloop
  endfacet
  facet normal 0.353474843779257 0.9354440308298674 0
    outer loop
      vertex -0.846844800613229 -2.3522019223855635 0
      vertex -0.9203113817116947 -2.3244412147206286 14
      vertex -0.846844800613229 -2.3522019223855635 14
    endloop
  endfacet
  facet normal 0.4399391698559162 0.8980275757606151 0
    outer loop
      vertex -1.064448228912681 -2.262067631165049 0
      vertex -1.1349762493488669 -2.2275163104709197 14
      vertex -1.064448228912681 -2.262067631165049 14
    endloop
  endfacet
  facet normal 0.4679298142605745 0.8837656300886928 0
    outer loop
      vertex -1.1349762493488669 -2.2275163104709197 0
      vertex -1.2043841852542885 -2.1907667001096587 14
      vertex -1.1349762493488669 -2.2275163104709197 14
    endloop
  endfacet
  facet normal 0.202787295356515 0.9792228106217654 0
    outer loop
      vertex -0.5453581034913573 -2.439791904846868 14
      vertex -0.46845328646431206 -2.4557181268217216 14
      vertex -0.46845328646431206 -2.4557181268217216 0
    endloop
  endfacet
  facet normal 0.23344536385590456 0.9723699203976768 0
    outer loop
      vertex -0.5453581034913573 -2.439791904846868 0
      vertex -0.6217247179121371 -2.4214579028215777 14
      vertex -0.5453581034913573 -2.439791904846868 14
    endloop
  endfacet
  facet normal 0.17192910027941344 0.9851093261547733 0
    outer loop
      vertex -0.39108616260057716 -2.4692208514878446 0
      vertex -0.46845328646431206 -2.4557181268217216 14
      vertex -0.39108616260057716 -2.4692208514878446 14
    endloop
  endfacet
  facet normal 0.1409012319375798 0.990023657716558 0
    outer loop
      vertex -0.39108616260057716 -2.4692208514878446 14
      vertex -0.31333308391076015 -2.4802867532861947 14
      vertex -0.31333308391076015 -2.4802867532861947 0
    endloop
  endfacet
  facet normal 0.26387304996537014 0.9645574184577987 0
    outer loop
      vertex -0.6974777650980726 -2.400734214192358 14
      vertex -0.6217247179121371 -2.4214579028215777 14
      vertex -0.6217247179121371 -2.4214579028215777 0
    endloop
  endfacet
  facet normal 0.10973431109104471 0.9939609554551796 0
    outer loop
      vertex -0.2352707832962848 -2.4889049115077 0
      vertex -0.31333308391076015 -2.4802867532861947 14
      vertex -0.2352707832962848 -2.4889049115077 14
    endloop
  endfacet
  facet normal 0.07845909572784593 0.9969173337331281 0
    outer loop
      vertex -0.2352707832962848 -2.4889049115077 14
      vertex -0.1569762988232844 -2.495066821070679 14
      vertex -0.1569762988232844 -2.495066821070679 0
    endloop
  endfacet
  facet normal 0.04710645070964384 0.9988898749619699 0
    outer loop
      vertex -0.07852689769532122 -2.498766400914329 14
      vertex -0.07852689769532122 -2.498766400914329 0
      vertex -0.1569762988232844 -2.495066821070679 14
    endloop
  endfacet
  facet normal 0.015707317311817796 0.9998766324816607 0
    outer loop
      vertex 0 -2.5 14
      vertex 0 -2.5 0
      vertex -0.07852689769532122 -2.498766400914329 14
    endloop
  endfacet
  facet normal -0.015707317311817796 0.9998766324816607 0
    outer loop
      vertex 0.07852689769532122 -2.498766400914329 0
      vertex 0 -2.5 14
      vertex 0.07852689769532122 -2.498766400914329 14
    endloop
  endfacet
  facet normal -0.04710645070964384 0.9988898749619699 0
    outer loop
      vertex 0.1569762988232844 -2.495066821070679 0
      vertex 0.07852689769532122 -2.498766400914329 14
      vertex 0.1569762988232844 -2.495066821070679 14
    endloop
  endfacet
  facet normal 0.4954586684324051 0.8686315144381928 0
    outer loop
      vertex -1.2043841852542885 -2.1907667001096587 0
      vertex -1.272603539375928 -2.1518550675098593 14
      vertex -1.2043841852542885 -2.1907667001096587 14
    endloop
  endfacet
  facet normal 0.5224985647159518 0.8526401643540905 0
    outer loop
      vertex -1.3395669874474918 -2.1108198137550374 14
      vertex -1.272603539375928 -2.1518550675098593 14
      vertex -1.272603539375928 -2.1518550675098593 0
    endloop
  endfacet
  facet normal 0.5750052520432765 0.8181497174250248 0
    outer loop
      vertex -1.4052084446303261 -2.0677014356864047 0
      vertex -1.469463130731183 -2.0225424859373686 14
      vertex -1.4052084446303261 -2.0677014356864047 14
    endloop
  endfacet
  facet normal 0.5490228179981308 0.8358073613682708 0
    outer loop
      vertex -1.3395669874474918 -2.1108198137550374 0
      vertex -1.4052084446303261 -2.0677014356864047 14
      vertex -1.3395669874474918 -2.1108198137550374 14
    endloop
  endfacet
  facet normal 0.600420225325886 0.7996846584870891 0
    outer loop
      vertex -1.469463130731183 -2.0225424859373686 0
      vertex -1.5322676341324417 -1.9753875309392255 14
      vertex -1.469463130731183 -2.0225424859373686 14
    endloop
  endfacet
  facet normal 0.6252426563357025 0.7804304073383318 0
    outer loop
      vertex -1.5935599743717241 -1.9262831069394735 14
      vertex -1.5322676341324417 -1.9753875309392255 14
      vertex -1.5322676341324417 -1.9753875309392255 0
    endloop
  endfacet
  facet normal 0.6730125135097739 0.7396310949786092 0
    outer loop
      vertex -1.6532796633091298 -1.8752776740761488 0
      vertex -1.7113677648217211 -1.8224215685535292 14
      vertex -1.6532796633091298 -1.8752776740761488 14
    endloop
  endfacet
  facet normal 0.6959127965923128 0.7181262977631904 0
    outer loop
      vertex -1.7113677648217211 -1.8224215685535292 0
      vertex -1.7677669529663689 -1.7677669529663689 14
      vertex -1.7113677648217211 -1.8224215685535292 14
    endloop
  endfacet
  facet normal 0.7181262977631904 0.6959127965923128 0
    outer loop
      vertex -1.7677669529663689 -1.7677669529663689 0
      vertex -1.8224215685535292 -1.7113677648217211 14
      vertex -1.7677669529663689 -1.7677669529663689 14
    endloop
  endfacet
  facet normal 0.7396310949786092 0.6730125135097739 0
    outer loop
      vertex -1.8752776740761488 -1.6532796633091298 14
      vertex -1.8224215685535292 -1.7113677648217211 14
      vertex -1.8224215685535292 -1.7113677648217211 0
    endloop
  endfacet
  facet normal 0.7604059656000292 0.6494480483301858 0
    outer loop
      vertex -1.9262831069394735 -1.5935599743717241 14
      vertex -1.8752776740761488 -1.6532796633091298 14
      vertex -1.8752776740761488 -1.6532796633091298 0
    endloop
  endfacet
  facet normal 0.7804304073383318 0.6252426563357025 0
    outer loop
      vertex -1.9753875309392255 -1.5322676341324417 14
      vertex -1.9262831069394735 -1.5935599743717241 14
      vertex -1.9262831069394735 -1.5935599743717241 0
    endloop
  endfacet
  facet normal 0.7996846584870891 0.600420225325886 0
    outer loop
      vertex -2.0225424859373686 -1.469463130731183 14
      vertex -1.9753875309392255 -1.5322676341324417 14
      vertex -1.9753875309392255 -1.5322676341324417 0
    endloop
  endfacet
  facet normal 0.8181497174250248 0.5750052520432765 0
    outer loop
      vertex -2.0677014356864047 -1.4052084446303261 14
      vertex -2.0225424859373686 -1.469463130731183 14
      vertex -2.0225424859373686 -1.469463130731183 0
    endloop
  endfacet
  facet normal 0.8358073613682708 0.5490228179981308 0
    outer loop
      vertex -2.0677014356864047 -1.4052084446303261 0
      vertex -2.1108198137550374 -1.3395669874474918 14
      vertex -2.0677014356864047 -1.4052084446303261 14
    endloop
  endfacet
  facet normal 0.8526401643540905 0.5224985647159518 0
    outer loop
      vertex -2.1518550675098593 -1.272603539375928 14
      vertex -2.1108198137550374 -1.3395669874474918 14
      vertex -2.1108198137550374 -1.3395669874474918 0
    endloop
  endfacet
  facet normal 0.8686315144381928 0.4954586684324051 0
    outer loop
      vertex -2.1907667001096587 -1.2043841852542885 14
      vertex -2.1518550675098593 -1.272603539375928 14
      vertex -2.1518550675098593 -1.272603539375928 0
    endloop
  endfacet
  facet normal 0.8837656300886928 0.4679298142605745 0
    outer loop
      vertex -2.1907667001096587 -1.2043841852542885 0
      vertex -2.2275163104709197 -1.1349762493488669 14
      vertex -2.1907667001096587 -1.2043841852542885 14
    endloop
  endfacet
  facet normal 0.8980275757606151 0.4399391698559162 0
    outer loop
      vertex -2.2275163104709197 -1.1349762493488669 0
      vertex -2.262067631165049 -1.064448228912681 14
      vertex -2.2275163104709197 -1.1349762493488669 14
    endloop
  endfacet
  facet normal 0.9114032766354454 0.41151435860510843 0
    outer loop
      vertex -2.294386564209953 -0.9928697265869518 14
      vertex -2.262067631165049 -1.064448228912681 14
      vertex -2.262067631165049 -1.064448228912681 0
    endloop
  endfacet
  facet normal 0.9238795325112872 0.38268343236508906 0
    outer loop
      vertex -2.294386564209953 -0.9928697265869518 0
      vertex -2.3244412147206286 -0.9203113817116947 14
      vertex -2.294386564209953 -0.9928697265869518 14
    endloop
  endfacet
  facet normal 0.9354440308298674 0.353474843779257 0
    outer loop
      vertex -2.3522019223855635 -0.846844800613229 14
      vertex -2.3244412147206286 -0.9203113817116947 14
      vertex -2.3244412147206286 -0.9203113817116947 0
    endloop
  endfacet
  facet normal 0.9460853588275463 0.32391741819814657 0
    outer loop
      vertex -2.3776412907378837 -0.7725424859373685 14
      vertex -2.3522019223855635 -0.846844800613229 14
      vertex -2.3522019223855635 -0.846844800613229 0
    endloop
  endfacet
  facet normal 0.9557930147983286 0.29404032523230894 0
    outer loop
      vertex -2.400734214192358 -0.6974777650980726 14
      vertex -2.3776412907378837 -0.7725424859373685 14
      vertex -2.3776412907378837 -0.7725424859373685 0
    endloop
  endfacet
  facet normal 0.9645574184577987 0.26387304996537014 0
    outer loop
      vertex -2.4214579028215777 -0.6217247179121371 14
      vertex -2.400734214192358 -0.6974777650980726 14
      vertex -2.400734214192358 -0.6974777650980726 0
    endloop
  endfacet
  facet normal 0.9723699203976763 0.23344536385590672 0
    outer loop
      vertex -2.4214579028215777 -0.6217247179121371 0
      vertex -2.4397919048468686 -0.5453581034913562 14
      vertex -2.4214579028215777 -0.6217247179121371 14
    endloop
  endfacet
  facet normal 0.9792228106217656 0.20278729535651233 0
    outer loop
      vertex -2.4397919048468686 -0.5453581034913562 0
      vertex -2.4557181268217216 -0.46845328646431206 14
      vertex -2.4397919048468686 -0.5453581034913562 14
    endloop
  endfacet
  facet normal 0.9851093261547733 0.17192910027941344 0
    outer loop
      vertex -2.4557181268217216 -0.46845328646431206 0
      vertex -2.4692208514878446 -0.39108616260057716 14
      vertex -2.4557181268217216 -0.46845328646431206 14
    endloop
  endfacet
  facet normal 0.990023657716558 0.1409012319375798 0
    outer loop
      vertex -2.4802867532861947 -0.31333308391076015 14
      vertex -2.4692208514878446 -0.39108616260057716 14
      vertex -2.4692208514878446 -0.39108616260057716 0
    endloop
  endfacet
  facet normal 0.9939609554551796 0.10973431109104644 0
    outer loop
      vertex -2.4802867532861947 -0.31333308391076015 0
      vertex -2.4889049115077 -0.23527078329628606 14
      vertex -2.4802867532861947 -0.31333308391076015 14
    endloop
  endfacet
  facet normal 0.9969173337331281 0.07845909572784344 0
    outer loop
      vertex -2.4889049115077 -0.23527078329628606 0
      vertex -2.495066821070679 -0.15697629882328318 14
      vertex -2.4889049115077 -0.23527078329628606 14
    endloop
  endfacet
  facet normal 0.9988898749619699 0.047106450709644566 0
    outer loop
      vertex -2.495066821070679 -0.15697629882328318 0
      vertex -2.498766400914329 -0.07852689769532122 14
      vertex -2.495066821070679 -0.15697629882328318 14
    endloop
  endfacet
  facet normal 0.9998766324816607 0.015707317311817796 0
    outer loop
      vertex -2.498766400914329 -0.07852689769532122 0
      vertex -2.5 0 14
      vertex -2.498766400914329 -0.07852689769532122 14
    endloop
  endfacet
  facet normal -0.07845909572784593 0.9969173337331281 0
    outer loop
      vertex 0.2352707832962848 -2.4889049115077 0
      vertex 0.1569762988232844 -2.495066821070679 14
      vertex 0.2352707832962848 -2.4889049115077 14
    endloop
  endfacet
  facet normal -0.10973431109104471 0.9939609554551796 0
    outer loop
      vertex 0.31333308391076015 -2.4802867532861947 0
      vertex 0.2352707832962848 -2.4889049115077 14
      vertex 0.31333308391076015 -2.4802867532861947 14
    endloop
  endfacet
  facet normal -0.1409012319375798 0.990023657716558 0
    outer loop
      vertex 0.39108616260057716 -2.4692208514878446 0
      vertex 0.31333308391076015 -2.4802867532861947 14
      vertex 0.39108616260057716 -2.4692208514878446 14
    endloop
  endfacet
  facet normal -0.17192910027941344 0.9851093261547733 0
    outer loop
      vertex 0.46845328646431206 -2.4557181268217216 0
      vertex 0.39108616260057716 -2.4692208514878446 14
      vertex 0.46845328646431206 -2.4557181268217216 14
    endloop
  endfacet
  facet normal -0.202787295356515 0.9792228106217654 0
    outer loop
      vertex 0.5453581034913573 -2.439791904846868 0
      vertex 0.46845328646431206 -2.4557181268217216 14
      vertex 0.5453581034913573 -2.439791904846868 14
    endloop
  endfacet
  facet normal -0.23344536385590212 0.9723699203976774 0
    outer loop
      vertex 0.6217247179121361 -2.421457902821578 0
      vertex 0.5453581034913573 -2.439791904846868 14
      vertex 0.6217247179121361 -2.421457902821578 14
    endloop
  endfacet
  facet normal -0.2638730499653722 0.9645574184577984 0
    outer loop
      vertex 0.6974777650980726 -2.400734214192358 0
      vertex 0.6217247179121361 -2.421457902821578 14
      vertex 0.6974777650980726 -2.400734214192358 14
    endloop
  endfacet
  facet normal -0.29404032523230894 0.9557930147983286 0
    outer loop
      vertex 0.7725424859373685 -2.3776412907378837 0
      vertex 0.6974777650980726 -2.400734214192358 14
      vertex 0.7725424859373685 -2.3776412907378837 14
    endloop
  endfacet
  facet normal -0.32391741819814657 0.9460853588275463 0
    outer loop
      vertex 0.846844800613229 -2.3522019223855635 0
      vertex 0.7725424859373685 -2.3776412907378837 14
      vertex 0.846844800613229 -2.3522019223855635 14
    endloop
  endfacet
  facet normal -0.35347484377925675 0.9354440308298674 0
    outer loop
      vertex 0.9203113817116959 -2.324441214720628 0
      vertex 0.846844800613229 -2.3522019223855635 14
      vertex 0.9203113817116959 -2.324441214720628 14
    endloop
  endfacet
  facet normal -0.38268343236508984 0.9238795325112867 0
    outer loop
      vertex 0.9928697265869507 -2.2943865642099532 0
      vertex 0.9203113817116959 -2.324441214720628 14
      vertex 0.9928697265869507 -2.2943865642099532 14
    endloop
  endfacet
  facet normal -0.4115143586051078 0.9114032766354457 0
    outer loop
      vertex 0.9928697265869507 -2.2943865642099532 14
      vertex 1.064448228912681 -2.262067631165049 14
      vertex 1.064448228912681 -2.262067631165049 0
    endloop
  endfacet
  facet normal -0.4399391698559162 0.8980275757606151 0
    outer loop
      vertex 1.1349762493488669 -2.2275163104709197 0
      vertex 1.064448228912681 -2.262067631165049 14
      vertex 1.1349762493488669 -2.2275163104709197 14
    endloop
  endfacet
  facet normal -0.4679298142605745 0.8837656300886928 0
    outer loop
      vertex 1.1349762493488669 -2.2275163104709197 14
      vertex 1.2043841852542885 -2.1907667001096587 14
      vertex 1.2043841852542885 -2.1907667001096587 0
    endloop
  endfacet
  facet normal -0.4954586684324075 0.8686315144381913 0
    outer loop
      vertex 1.2726035393759292 -2.1518550675098584 0
      vertex 1.2043841852542885 -2.1907667001096587 14
      vertex 1.2726035393759292 -2.1518550675098584 14
    endloop
  endfacet
  facet normal -0.5224985647159492 0.8526401643540922 0
    outer loop
      vertex 1.3395669874474905 -2.1108198137550382 0
      vertex 1.2726035393759292 -2.1518550675098584 14
      vertex 1.3395669874474905 -2.1108198137550382 14
    endloop
  endfacet
  facet normal -0.5490228179981309 0.8358073613682707 0
    outer loop
      vertex 1.3395669874474905 -2.1108198137550382 14
      vertex 1.4052084446303261 -2.0677014356864047 14
      vertex 1.4052084446303261 -2.0677014356864047 0
    endloop
  endfacet
  facet normal -0.5750052520432765 0.8181497174250248 0
    outer loop
      vertex 1.469463130731183 -2.0225424859373686 0
      vertex 1.4052084446303261 -2.0677014356864047 14
      vertex 1.469463130731183 -2.0225424859373686 14
    endloop
  endfacet
  facet normal -0.600420225325886 0.7996846584870891 0
    outer loop
      vertex 1.5322676341324417 -1.9753875309392255 0
      vertex 1.469463130731183 -2.0225424859373686 14
      vertex 1.5322676341324417 -1.9753875309392255 14
    endloop
  endfacet
  facet normal -0.6252426563357039 0.7804304073383306 0
    outer loop
      vertex 1.593559974371725 -1.9262831069394726 0
      vertex 1.5322676341324417 -1.9753875309392255 14
      vertex 1.593559974371725 -1.9262831069394726 14
    endloop
  endfacet
  facet normal -0.6494480483301852 0.7604059656000296 0
    outer loop
      vertex 1.593559974371725 -1.9262831069394726 14
      vertex 1.6532796633091287 -1.8752776740761496 14
      vertex 1.6532796633091287 -1.8752776740761496 0
    endloop
  endfacet
  facet normal -0.6730125135097731 0.73963109497861 0
    outer loop
      vertex 1.7113677648217211 -1.8224215685535292 0
      vertex 1.6532796633091287 -1.8752776740761496 14
      vertex 1.7113677648217211 -1.8224215685535292 14
    endloop
  endfacet
  facet normal -0.6959127965923128 0.7181262977631904 0
    outer loop
      vertex 1.7677669529663689 -1.7677669529663689 0
      vertex 1.7113677648217211 -1.8224215685535292 14
      vertex 1.7677669529663689 -1.7677669529663689 14
    endloop
  endfacet
  facet normal -0.7181262977631904 0.6959127965923128 0
    outer loop
      vertex 1.7677669529663689 -1.7677669529663689 14
      vertex 1.8224215685535292 -1.7113677648217211 14
      vertex 1.8224215685535292 -1.7113677648217211 0
    endloop
  endfacet
  facet normal -0.73963109497861 0.6730125135097731 0
    outer loop
      vertex 1.8224215685535292 -1.7113677648217211 14
      vertex 1.8752776740761496 -1.6532796633091287 14
      vertex 1.8752776740761496 -1.6532796633091287 0
    endloop
  endfacet
  facet normal -0.7604059656000296 0.6494480483301852 0
    outer loop
      vertex 1.9262831069394726 -1.593559974371725 0
      vertex 1.8752776740761496 -1.6532796633091287 14
      vertex 1.9262831069394726 -1.593559974371725 14
    endloop
  endfacet
  facet normal -0.7804304073383306 0.6252426563357039 0
    outer loop
      vertex 1.9753875309392255 -1.5322676341324417 0
      vertex 1.9262831069394726 -1.593559974371725 14
      vertex 1.9753875309392255 -1.5322676341324417 14
    endloop
  endfacet
  facet normal -0.7996846584870891 0.600420225325886 0
    outer loop
      vertex 2.0225424859373686 -1.469463130731183 0
      vertex 1.9753875309392255 -1.5322676341324417 14
      vertex 2.0225424859373686 -1.469463130731183 14
    endloop
  endfacet
  facet normal -0.8181497174250248 0.5750052520432765 0
    outer loop
      vertex 2.0677014356864047 -1.4052084446303261 0
      vertex 2.0225424859373686 -1.469463130731183 14
      vertex 2.0677014356864047 -1.4052084446303261 14
    endloop
  endfacet
  facet normal -0.8358073613682707 0.5490228179981309 0
    outer loop
      vertex 2.0677014356864047 -1.4052084446303261 14
      vertex 2.1108198137550382 -1.3395669874474905 14
      vertex 2.1108198137550382 -1.3395669874474905 0
    endloop
  endfacet
  facet normal -0.8526401643540922 0.5224985647159492 0
    outer loop
      vertex 2.1108198137550382 -1.3395669874474905 14
      vertex 2.1518550675098584 -1.2726035393759292 14
      vertex 2.1518550675098584 -1.2726035393759292 0
    endloop
  endfacet
  facet normal -0.8686315144381913 0.4954586684324075 0
    outer loop
      vertex 2.1907667001096587 -1.2043841852542885 0
      vertex 2.1518550675098584 -1.2726035393759292 14
      vertex 2.1907667001096587 -1.2043841852542885 14
    endloop
  endfacet
  facet normal -0.8837656300886928 0.4679298142605745 0
    outer loop
      vertex 2.1907667001096587 -1.2043841852542885 14
      vertex 2.2275163104709197 -1.1349762493488669 14
      vertex 2.2275163104709197 -1.1349762493488669 0
    endloop
  endfacet
  facet normal -0.8980275757606151 0.4399391698559162 0
    outer loop
      vertex 2.262067631165049 -1.064448228912681 0
      vertex 2.2275163104709197 -1.1349762493488669 14
      vertex 2.262067631165049 -1.064448228912681 14
    endloop
  endfacet
  facet normal -0.9114032766354457 0.4115143586051078 0
    outer loop
      vertex 2.2943865642099532 -0.9928697265869507 0
      vertex 2.262067631165049 -1.064448228912681 14
      vertex 2.2943865642099532 -0.9928697265869507 14
    endloop
  endfacet
  facet normal -0.9238795325112867 0.38268343236508984 0
    outer loop
      vertex 2.324441214720628 -0.9203113817116959 0
      vertex 2.2943865642099532 -0.9928697265869507 14
      vertex 2.324441214720628 -0.9203113817116959 14
    endloop
  endfacet
  facet normal -0.9354440308298674 0.35347484377925675 0
    outer loop
      vertex 2.3522019223855635 -0.846844800613229 0
      vertex 2.324441214720628 -0.9203113817116959 14
      vertex 2.3522019223855635 -0.846844800613229 14
    endloop
  endfacet
  facet normal -0.9460853588275463 0.32391741819814657 0
    outer loop
      vertex 2.3776412907378837 -0.7725424859373685 0
      vertex 2.3522019223855635 -0.846844800613229 14
      vertex 2.3776412907378837 -0.7725424859373685 14
    endloop
  endfacet
  facet normal -0.9557930147983286 0.29404032523230894 0
    outer loop
      vertex 2.400734214192358 -0.6974777650980726 0
      vertex 2.3776412907378837 -0.7725424859373685 14
      vertex 2.400734214192358 -0.6974777650980726 14
    endloop
  endfacet
  facet normal -0.9645574184577984 0.2638730499653722 0
    outer loop
      vertex 2.400734214192358 -0.6974777650980726 14
      vertex 2.421457902821578 -0.6217247179121361 14
      vertex 2.421457902821578 -0.6217247179121361 0
    endloop
  endfacet
  facet normal -0.9723699203976774 0.23344536385590212 0
    outer loop
      vertex 2.439791904846868 -0.5453581034913573 0
      vertex 2.421457902821578 -0.6217247179121361 14
      vertex 2.439791904846868 -0.5453581034913573 14
    endloop
  endfacet
  facet normal -0.9792228106217654 0.202787295356515 0
    outer loop
      vertex 2.4557181268217216 -0.46845328646431206 0
      vertex 2.439791904846868 -0.5453581034913573 14
      vertex 2.4557181268217216 -0.46845328646431206 14
    endloop
  endfacet
  facet normal -0.9851093261547733 0.17192910027941344 0
    outer loop
      vertex 2.4692208514878446 -0.39108616260057716 0
      vertex 2.4557181268217216 -0.46845328646431206 14
      vertex 2.4692208514878446 -0.39108616260057716 14
    endloop
  endfacet
  facet normal -0.990023657716558 0.1409012319375798 0
    outer loop
      vertex 2.4802867532861947 -0.31333308391076015 0
      vertex 2.4692208514878446 -0.39108616260057716 14
      vertex 2.4802867532861947 -0.31333308391076015 14
    endloop
  endfacet
  facet normal -0.9939609554551796 0.10973431109104471 0
    outer loop
      vertex 2.4889049115077 -0.2352707832962848 0
      vertex 2.4802867532861947 -0.31333308391076015 14
      vertex 2.4889049115077 -0.2352707832962848 14
    endloop
  endfacet
  facet normal -0.9969173337331281 0.07845909572784593 0
    outer loop
      vertex 2.495066821070679 -0.1569762988232844 0
      vertex 2.4889049115077 -0.2352707832962848 14
      vertex 2.495066821070679 -0.1569762988232844 14
    endloop
  endfacet
  facet normal -0.9988898749619699 0.04710645070964384 0
    outer loop
      vertex 2.498766400914329 -0.07852689769532122 0
      vertex 2.495066821070679 -0.1569762988232844 14
      vertex 2.498766400914329 -0.07852689769532122 14
    endloop
  endfacet
  facet normal -0.9998766324816607 0.015707317311817796 0
    outer loop
      vertex 2.5 0 0
      vertex 2.498766400914329 -0.07852689769532122 14
      vertex 2.5 0 14
    endloop
  endfacet
  facet normal 0.9998766324816607 -0.015707317311817796 0
    outer loop
      vertex -2.5 0 0
      vertex -2.498766400914329 0.07852689769532122 0
      vertex -2.498766400914329 0.07852689769532122 14
    endloop
  endfacet
  facet normal 0.9988898749619699 -0.047106450709644566 0
    outer loop
      vertex -2.498766400914329 0.07852689769532122 0
      vertex -2.495066821070679 0.15697629882328318 0
      vertex -2.495066821070679 0.15697629882328318 14
    endloop
  endfacet
  facet normal 0.9969173337331281 -0.07845909572784344 0
    outer loop
      vertex -2.495066821070679 0.15697629882328318 0
      vertex -2.4889049115077 0.23527078329628606 0
      vertex -2.4889049115077 0.23527078329628606 14
    endloop
  endfacet
  facet normal 0.9939609554551796 -0.10973431109104644 0
    outer loop
      vertex -2.4889049115077 0.23527078329628606 0
      vertex -2.4802867532861947 0.31333308391076015 0
      vertex -2.4802867532861947 0.31333308391076015 14
    endloop
  endfacet
  facet normal 0.990023657716558 -0.1409012319375798 0
    outer loop
      vertex -2.4802867532861947 0.31333308391076015 0
      vertex -2.4692208514878446 0.39108616260057716 0
      vertex -2.4692208514878446 0.39108616260057716 14
    endloop
  endfacet
  facet normal 0.9851093261547733 -0.17192910027941344 0
    outer loop
      vertex -2.4692208514878446 0.39108616260057716 0
      vertex -2.4557181268217216 0.46845328646431206 0
      vertex -2.4557181268217216 0.46845328646431206 14
    endloop
  endfacet
  facet normal 0.9792228106217656 -0.20278729535651233 0
    outer loop
      vertex -2.4557181268217216 0.46845328646431206 0
      vertex -2.4397919048468686 0.5453581034913562 0
      vertex -2.4397919048468686 0.5453581034913562 14
    endloop
  endfacet
  facet normal 0.9723699203976763 -0.23344536385590672 0
    outer loop
      vertex -2.4397919048468686 0.5453581034913562 0
      vertex -2.4214579028215777 0.6217247179121371 0
      vertex -2.4214579028215777 0.6217247179121371 14
    endloop
  endfacet
  facet normal 0.9645574184577987 -0.26387304996537014 0
    outer loop
      vertex -2.400734214192358 0.6974777650980726 14
      vertex -2.4214579028215777 0.6217247179121371 0
      vertex -2.400734214192358 0.6974777650980726 0
    endloop
  endfacet
  facet normal 0.9557930147983286 -0.29404032523230894 0
    outer loop
      vertex -2.3776412907378837 0.7725424859373685 14
      vertex -2.400734214192358 0.6974777650980726 0
      vertex -2.3776412907378837 0.7725424859373685 0
    endloop
  endfacet
  facet normal 0.9460853588275463 -0.32391741819814657 0
    outer loop
      vertex -2.3776412907378837 0.7725424859373685 0
      vertex -2.3522019223855635 0.846844800613229 0
      vertex -2.3522019223855635 0.846844800613229 14
    endloop
  endfacet
  facet normal 0.9354440308298674 -0.353474843779257 0
    outer loop
      vertex -2.3522019223855635 0.846844800613229 0
      vertex -2.3244412147206286 0.9203113817116947 0
      vertex -2.3244412147206286 0.9203113817116947 14
    endloop
  endfacet
  facet normal 0.9238795325112872 -0.38268343236508906 0
    outer loop
      vertex -2.3244412147206286 0.9203113817116947 0
      vertex -2.294386564209953 0.9928697265869518 0
      vertex -2.294386564209953 0.9928697265869518 14
    endloop
  endfacet
  facet normal 0.9114032766354454 -0.41151435860510843 0
    outer loop
      vertex -2.294386564209953 0.9928697265869518 0
      vertex -2.262067631165049 1.064448228912681 0
      vertex -2.262067631165049 1.064448228912681 14
    endloop
  endfacet
  facet normal 0.8980275757606182 -0.43993916985590986 -3.9260468654058876e-17
    outer loop
      vertex -2.2506126779386655 1.0878306976292307 0
      vertex -2.2275163104709197 1.1349762493488669 14
      vertex -2.262067631165049 1.064448228912681 0
    endloop
  endfacet
  facet normal 0.8980275757606135 -0.43993916985591935 0
    outer loop
      vertex -2.2506126779386655 1.0878306976292307 0
      vertex -2.2275163104709197 1.1349762493488669 0
      vertex -2.2275163104709197 1.1349762493488669 14
    endloop
  endfacet
  facet normal 0.883765630088693 -0.4679298142605743 -1.6072562932968676e-18
    outer loop
      vertex -2.213988451402521 1.160525929084975 0
      vertex -2.1907667001096587 1.2043841852542885 14
      vertex -2.2275163104709197 1.1349762493488669 0
    endloop
  endfacet
  facet normal 0.8837656300886927 -0.4679298142605746 0
    outer loop
      vertex -2.213988451402521 1.160525929084975 0
      vertex -2.1907667001096587 1.2043841852542885 0
      vertex -2.1907667001096587 1.2043841852542885 14
    endloop
  endfacet
  facet normal 0.868631514438193 -0.49545866843240466 -2.6368391669209872e-18
    outer loop
      vertex -2.1631189606246317 1.252855832537513 0
      vertex -2.1518550675098593 1.272603539375928 14
      vertex -2.1907667001096587 1.2043841852542885 0
    endloop
  endfacet
  facet normal 0.8686315144381856 -0.4954586684324172 2.0925512520175265e-17
    outer loop
      vertex -2.1631189606246317 1.252855832537513 0
      vertex -2.1576868084974024 1.2623794090325269 0
      vertex -2.1518550675098593 1.272603539375928 14
    endloop
  endfacet
  facet normal 0.8686315144381981 -0.4954586684323956 0
    outer loop
      vertex -2.1576868084974024 1.2623794090325269 0
      vertex -2.1518550675098593 1.272603539375928 0
      vertex -2.1518550675098593 1.272603539375928 14
    endloop
  endfacet
  facet normal 0.8526401643540905 -0.5224985647159518 0
    outer loop
      vertex -2.1108198137550374 1.3395669874474918 14
      vertex -2.1518550675098593 1.272603539375928 0
      vertex -2.1108198137550374 1.3395669874474918 0
    endloop
  endfacet
  facet normal 0.8358073613682708 -0.5490228179981308 0
    outer loop
      vertex -2.1108198137550374 1.3395669874474918 0
      vertex -2.0677014356864047 1.4052084446303261 0
      vertex -2.0677014356864047 1.4052084446303261 14
    endloop
  endfacet
  facet normal 0.8181497174250248 -0.5750052520432765 0
    outer loop
      vertex -2.0677014356864047 1.4052084446303261 0
      vertex -2.0225424859373686 1.469463130731183 0
      vertex -2.0225424859373686 1.469463130731183 14
    endloop
  endfacet
  facet normal 0.7996846584870891 -0.600420225325886 0
    outer loop
      vertex -2.0225424859373686 1.469463130731183 0
      vertex -1.9753875309392255 1.5322676341324417 0
      vertex -1.9753875309392255 1.5322676341324417 14
    endloop
  endfacet
  facet normal 0.7804304073383318 -0.6252426563357025 0
    outer loop
      vertex -1.9753875309392255 1.5322676341324417 0
      vertex -1.9262831069394735 1.5935599743717241 0
      vertex -1.9262831069394735 1.5935599743717241 14
    endloop
  endfacet
  facet normal 0.7604059656000292 -0.6494480483301858 0
    outer loop
      vertex -1.9262831069394735 1.5935599743717241 0
      vertex -1.8752776740761488 1.6532796633091298 0
      vertex -1.8752776740761488 1.6532796633091298 14
    endloop
  endfacet
  facet normal 0.7396310949786092 -0.6730125135097739 0
    outer loop
      vertex -1.8752776740761488 1.6532796633091298 0
      vertex -1.8224215685535292 1.7113677648217211 0
      vertex -1.8224215685535292 1.7113677648217211 14
    endloop
  endfacet
  facet normal 0.7181262977631725 -0.6959127965923312 0
    outer loop
      vertex -1.8204225324843886 1.7134306100207986 0
      vertex -1.8224215685535292 1.7113677648217211 14
      vertex -1.8224215685535292 1.7113677648217211 0
    endloop
  endfacet
  facet normal 0.718126297763191 -0.6959127965923121 0
    outer loop
      vertex -1.8204225324843886 1.7134306100207986 0
      vertex -1.7677669529663689 1.7677669529663689 0
      vertex -1.7677669529663689 1.7677669529663689 14
    endloop
  endfacet
  facet normal 0.695912796592311 -0.718126297763192 1.3290586683259735e-17
    outer loop
      vertex -1.7418233311147469 1.7929080715867725 0
      vertex -1.7113677648217211 1.8224215685535292 14
      vertex -1.7677669529663689 1.7677669529663689 0
    endloop
  endfacet
  facet normal 0.6959127965923143 -0.718126297763189 0
    outer loop
      vertex -1.7113677648217211 1.8224215685535292 0
      vertex -1.7113677648217211 1.8224215685535292 14
      vertex -1.7418233311147469 1.7929080715867725 0
    endloop
  endfacet
  facet normal 0.6730125135097739 -0.7396310949786092 0
    outer loop
      vertex -1.6532796633091298 1.8752776740761488 14
      vertex -1.7113677648217211 1.8224215685535292 0
      vertex -1.6532796633091298 1.8752776740761488 0
    endloop
  endfacet
  facet normal 0.6494480483301858 -0.7604059656000292 0
    outer loop
      vertex -1.5935599743717241 1.9262831069394735 0
      vertex -1.5935599743717241 1.9262831069394735 14
      vertex -1.6532796633091298 1.8752776740761488 0
    endloop
  endfacet
  facet normal 0.6252426563357005 -0.7804304073383335 0
    outer loop
      vertex -1.5322676341324408 1.975387530939226 0
      vertex -1.5322676341324408 1.975387530939226 14
      vertex -1.5935599743717241 1.9262831069394735 0
    endloop
  endfacet
  facet normal 0.6004202253258878 -0.7996846584870877 0
    outer loop
      vertex -1.469463130731183 2.0225424859373686 0
      vertex -1.469463130731183 2.0225424859373686 14
      vertex -1.5322676341324408 1.975387530939226 0
    endloop
  endfacet
  facet normal 0.5750052520432779 -0.818149717425024 0
    outer loop
      vertex -1.469463130731183 2.0225424859373686 0
      vertex -1.4052084446303263 2.0677014356864047 0
      vertex -1.4052084446303263 2.0677014356864047 14
    endloop
  endfacet
  facet normal 0.5490228179981295 -0.8358073613682716 0
    outer loop
      vertex -1.3395669874474918 2.1108198137550374 0
      vertex -1.3395669874474918 2.1108198137550374 14
      vertex -1.4052084446303263 2.0677014356864047 0
    endloop
  endfacet
  facet normal 0.5224985647159518 -0.8526401643540905 0
    outer loop
      vertex -1.272603539375928 2.1518550675098593 0
      vertex -1.272603539375928 2.1518550675098593 14
      vertex -1.3395669874474918 2.1108198137550374 0
    endloop
  endfacet
  facet normal 0.4954586684324069 -0.8686315144381916 0
    outer loop
      vertex -1.204384185254288 2.190766700109659 14
      vertex -1.272603539375928 2.1518550675098593 0
      vertex -1.204384185254288 2.190766700109659 0
    endloop
  endfacet
  facet normal 0.46792981426056784 -0.8837656300886965 2.896617618337932e-17
    outer loop
      vertex -1.1349762493488669 2.2275163104709197 14
      vertex -1.204384185254288 2.190766700109659 0
      vertex -1.1689420860904172 2.2095323256489667 0
    endloop
  endfacet
  facet normal 0.4679298142605747 -0.8837656300886927 7.861339921723286e-18
    outer loop
      vertex -1.1445650555676068 2.222439298919265 0
      vertex -1.1349762493488669 2.2275163104709197 14
      vertex -1.1689420860904172 2.2095323256489667 0
    endloop
  endfacet
  facet normal 0.4679298142605837 -0.883765630088688 0
    outer loop
      vertex -1.1349762493488669 2.2275163104709197 0
      vertex -1.1349762493488669 2.2275163104709197 14
      vertex -1.1445650555676068 2.222439298919265 0
    endloop
  endfacet
  facet normal 0.43993916985591497 -0.8980275757606156 0
    outer loop
      vertex -1.0644482289126818 2.2620676311650487 0
      vertex -1.0644482289126818 2.2620676311650487 14
      vertex -1.1349762493488669 2.2275163104709197 0
    endloop
  endfacet
  facet normal 0.41151435860510993 -0.9114032766354446 0
    outer loop
      vertex -0.9928697265869518 2.294386564209953 0
      vertex -0.9928697265869518 2.294386564209953 14
      vertex -1.0644482289126818 2.2620676311650487 0
    endloop
  endfacet
  facet normal 0.38268343236508906 -0.9238795325112872 0
    outer loop
      vertex -0.9203113817116947 2.3244412147206286 14
      vertex -0.9928697265869518 2.294386564209953 0
      vertex -0.9203113817116947 2.3244412147206286 0
    endloop
  endfacet
  facet normal 0.35347484377925414 -0.9354440308298685 0
    outer loop
      vertex -0.8468448006132283 2.3522019223855635 0
      vertex -0.8468448006132283 2.3522019223855635 14
      vertex -0.9203113817116947 2.3244412147206286 0
    endloop
  endfacet
  facet normal 0.3239174181981492 -0.9460853588275455 0
    outer loop
      vertex -0.7725424859373685 2.3776412907378837 14
      vertex -0.8468448006132283 2.3522019223855635 0
      vertex -0.7725424859373685 2.3776412907378837 0
    endloop
  endfacet
  facet normal 0.29404032523230866 -0.9557930147983288 -1.2200778197402583e-17
    outer loop
      vertex -0.7725424859373685 2.3776412907378837 0
      vertex -0.7306816739252248 2.390519358047401 0
      vertex -0.6974777650980734 2.4007342141923576 14
    endloop
  endfacet
  facet normal 0.2940403252323039 -0.9557930147983301 0
    outer loop
      vertex -0.6974777650980734 2.4007342141923576 0
      vertex -0.6974777650980734 2.4007342141923576 14
      vertex -0.7306816739252248 2.390519358047401 0
    endloop
  endfacet
  facet normal 0.26387304996537286 -0.9645574184577981 1.6863383378336038e-19
    outer loop
      vertex -0.6753297090509942 2.4067932366912888 0
      vertex -0.6217247179121371 2.4214579028215777 14
      vertex -0.6974777650980734 2.4007342141923576 0
    endloop
  endfacet
  facet normal 0.26387304996529004 -0.9645574184578207 2.417268564722895e-16
    outer loop
      vertex -0.6587581932295998 2.4113266904169697 0
      vertex -0.6566887304897023 2.4118928313584176 0
      vertex -0.6217247179121371 2.4214579028215777 14
    endloop
  endfacet
  facet normal 0.26387304996536803 -0.9645574184577994 2.0058945492172576e-17
    outer loop
      vertex -0.6587581932295998 2.4113266904169697 0
      vertex -0.6217247179121371 2.4214579028215777 14
      vertex -0.6753297090509942 2.4067932366912888 0
    endloop
  endfacet
  facet normal 0.26387304996538014 -0.9645574184577962 0
    outer loop
      vertex -0.6217247179121371 2.4214579028215777 14
      vertex -0.6566887304897023 2.4118928313584176 0
      vertex -0.6217247179121371 2.4214579028215777 0
    endloop
  endfacet
  facet normal 0.23344536385590672 -0.9723699203976763 0
    outer loop
      vertex -0.5453581034913562 2.4397919048468686 0
      vertex -0.5453581034913562 2.4397919048468686 14
      vertex -0.6217247179121371 2.4214579028215777 0
    endloop
  endfacet
  facet normal 0.2027872953565108 -0.9792228106217661 0
    outer loop
      vertex -0.46845328646431145 2.4557181268217216 14
      vertex -0.5453581034913562 2.4397919048468686 0
      vertex -0.46845328646431145 2.4557181268217216 0
    endloop
  endfacet
  facet normal 0.17192910027941474 -0.9851093261547731 0
    outer loop
      vertex -0.39108616260057716 2.4692208514878446 0
      vertex -0.39108616260057716 2.4692208514878446 14
      vertex -0.46845328646431145 2.4557181268217216 0
    endloop
  endfacet
  facet normal 0.14090123193758078 -0.9900236577165579 0
    outer loop
      vertex -0.3133330839107607 2.4802867532861947 14
      vertex -0.39108616260057716 2.4692208514878446 0
      vertex -0.3133330839107607 2.4802867532861947 0
    endloop
  endfacet
  facet normal 0.10973431109104567 -0.9939609554551796 0
    outer loop
      vertex -0.23527078329628606 2.4889049115077 0
      vertex -0.23527078329628606 2.4889049115077 14
      vertex -0.3133330839107607 2.4802867532861947 0
    endloop
  endfacet
  facet normal 0.07845909572784344 -0.9969173337331281 0
    outer loop
      vertex -0.15697629882328318 2.495066821070679 14
      vertex -0.23527078329628606 2.4889049115077 0
      vertex -0.15697629882328318 2.495066821070679 0
    endloop
  endfacet
  facet normal 0.04710645070964421 -0.9988898749619699 0
    outer loop
      vertex -0.07852689769532062 2.498766400914329 0
      vertex -0.07852689769532062 2.498766400914329 14
      vertex -0.15697629882328318 2.495066821070679 0
    endloop
  endfacet
  facet normal 0.015707317311817917 -0.9998766324816607 0
    outer loop
      vertex 0 2.5 0
      vertex 0 2.5 14
      vertex -0.07852689769532062 2.498766400914329 0
    endloop
  endfacet
  facet normal -0.015707317311817917 -0.9998766324816607 0
    outer loop
      vertex 0.07852689769532062 2.498766400914329 0
      vertex 0.07852689769532062 2.498766400914329 14
      vertex 0 2.5 0
    endloop
  endfacet
  facet normal -0.04710645070964421 -0.9988898749619699 0
    outer loop
      vertex 0.15697629882328318 2.495066821070679 0
      vertex 0.15697629882328318 2.495066821070679 14
      vertex 0.07852689769532062 2.498766400914329 0
    endloop
  endfacet
  facet normal -0.9998766324816607 -0.015707317311817893 0
    outer loop
      vertex 2.5 0 0
      vertex 2.5 0 14
      vertex 2.498766400914329 0.07852689769532073 0
    endloop
  endfacet
  facet normal -0.9988898749619699 -0.04710645070964413 0
    outer loop
      vertex 2.495066821070679 0.15697629882328343 0
      vertex 2.498766400914329 0.07852689769532073 0
      vertex 2.498766400914329 0.07852689769532073 14
    endloop
  endfacet
  facet normal -0.9969173337331281 -0.07845909572784394 0
    outer loop
      vertex 2.4889049115077 0.2352707832962858 0
      vertex 2.495066821070679 0.15697629882328343 0
      vertex 2.495066821070679 0.15697629882328343 14
    endloop
  endfacet
  facet normal -0.9939609554551796 -0.1097343110910454 0
    outer loop
      vertex 2.4802867532861947 0.31333308391076065 0
      vertex 2.4889049115077 0.2352707832962858 0
      vertex 2.4889049115077 0.2352707832962858 14
    endloop
  endfacet
  facet normal -0.9900236577165579 -0.1409012319375807 0
    outer loop
      vertex 2.4692208514878446 0.39108616260057716 0
      vertex 2.4802867532861947 0.31333308391076065 0
      vertex 2.4802867532861947 0.31333308391076065 14
    endloop
  endfacet
  facet normal -0.9851093261547731 -0.17192910027941447 0
    outer loop
      vertex 2.4557181268217216 0.46845328646431156 0
      vertex 2.4692208514878446 0.39108616260057716 0
      vertex 2.4692208514878446 0.39108616260057716 14
    endloop
  endfacet
  facet normal -0.9792228106217661 -0.2027872953565105 0
    outer loop
      vertex 2.4397919048468686 0.5453581034913564 0
      vertex 2.4557181268217216 0.46845328646431156 0
      vertex 2.4557181268217216 0.46845328646431156 14
    endloop
  endfacet
  facet normal -0.972369920397676 -0.23344536385590767 0
    outer loop
      vertex 2.4214579028215777 0.621724717912137 0
      vertex 2.4397919048468686 0.5453581034913564 0
      vertex 2.4397919048468686 0.5453581034913564 14
    endloop
  endfacet
  facet normal -0.9645574184577981 -0.2638730499653729 0
    outer loop
      vertex 2.4007342141923576 0.6974777650980732 0
      vertex 2.4214579028215777 0.621724717912137 0
      vertex 2.4214579028215777 0.621724717912137 14
    endloop
  endfacet
  facet normal -0.9557930147983293 -0.29404032523230617 0
    outer loop
      vertex 2.3776412907378837 0.7725424859373685 0
      vertex 2.4007342141923576 0.6974777650980732 0
      vertex 2.4007342141923576 0.6974777650980732 14
    endloop
  endfacet
  facet normal -0.9460853588275456 -0.32391741819814823 0
    outer loop
      vertex 2.3522019223855635 0.8468448006132285 0
      vertex 2.3776412907378837 0.7725424859373685 0
      vertex 2.3776412907378837 0.7725424859373685 14
    endloop
  endfacet
  facet normal -0.9354440308298666 -0.3534748437792591 0
    outer loop
      vertex 2.324441214720628 0.9203113817116949 0
      vertex 2.3522019223855635 0.8468448006132285 0
      vertex 2.3522019223855635 0.8468448006132285 14
    endloop
  endfacet
  facet normal -0.9238795325112877 -0.3826834323650872 0
    outer loop
      vertex 2.294386564209953 0.9928697265869514 0
      vertex 2.324441214720628 0.9203113817116949 0
      vertex 2.324441214720628 0.9203113817116949 14
    endloop
  endfacet
  facet normal -0.9114032766354477 -0.4115143586051031 0
    outer loop
      vertex 2.262067631165049 1.0644482289126818 0
      vertex 2.294386564209953 0.9928697265869514 0
      vertex 2.294386564209953 0.9928697265869514 14
    endloop
  endfacet
  facet normal -0.8980275757606135 -0.4399391698559196 0
    outer loop
      vertex 2.2275163104709197 1.1349762493488669 0
      vertex 2.262067631165049 1.0644482289126818 0
      vertex 2.262067631165049 1.0644482289126818 14
    endloop
  endfacet
  facet normal -0.8837656300886945 -0.46792981426057123 0
    outer loop
      vertex 2.190766700109659 1.2043841852542883 0
      vertex 2.2275163104709197 1.1349762493488669 0
      vertex 2.2275163104709197 1.1349762493488669 14
    endloop
  endfacet
  facet normal -0.8686315144381916 -0.4954586684324069 0
    outer loop
      vertex 2.1518550675098593 1.2726035393759283 0
      vertex 2.190766700109659 1.2043841852542883 0
      vertex 2.190766700109659 1.2043841852542883 14
    endloop
  endfacet
  facet normal -0.7804304073383305 -0.6252426563357043 0
    outer loop
      vertex 1.9262831069394728 1.5935599743717244 0
      vertex 1.975387530939226 1.5322676341324408 0
      vertex 1.975387530939226 1.5322676341324408 14
    endloop
  endfacet
  facet normal -0.7604059656000323 -0.649448048330182 0
    outer loop
      vertex 1.875277674076149 1.6532796633091296 0
      vertex 1.9262831069394728 1.5935599743717244 0
      vertex 1.9262831069394728 1.5935599743717244 14
    endloop
  endfacet
  facet normal -0.7396310949786116 -0.6730125135097713 0
    outer loop
      vertex 1.822421568553529 1.7113677648217218 0
      vertex 1.875277674076149 1.6532796633091296 0
      vertex 1.875277674076149 1.6532796633091296 14
    endloop
  endfacet
  facet normal -0.6959127965923155 -0.7181262977631876 0
    outer loop
      vertex 1.7677669529663689 1.7677669529663689 0
      vertex 1.7677669529663689 1.7677669529663689 14
      vertex 1.7113677648217218 1.822421568553529 0
    endloop
  endfacet
  facet normal -0.7181262977631876 -0.6959127965923155 0
    outer loop
      vertex 1.7677669529663689 1.7677669529663689 0
      vertex 1.822421568553529 1.7113677648217218 0
      vertex 1.822421568553529 1.7113677648217218 14
    endloop
  endfacet
  facet normal -0.6730125135097713 -0.7396310949786116 0
    outer loop
      vertex 1.7113677648217218 1.822421568553529 0
      vertex 1.7113677648217218 1.822421568553529 14
      vertex 1.6532796633091296 1.875277674076149 0
    endloop
  endfacet
  facet normal -0.8526401643540914 -0.5224985647159501 0
    outer loop
      vertex 2.110819813755038 1.3395669874474916 0
      vertex 2.1518550675098593 1.2726035393759283 0
      vertex 2.1518550675098593 1.2726035393759283 14
    endloop
  endfacet
  facet normal -0.8358073613682699 -0.5490228179981321 0
    outer loop
      vertex 2.0677014356864047 1.4052084446303263 0
      vertex 2.110819813755038 1.3395669874474916 0
      vertex 2.110819813755038 1.3395669874474916 14
    endloop
  endfacet
  facet normal -0.818149717425024 -0.5750052520432779 0
    outer loop
      vertex 2.0225424859373686 1.469463130731183 0
      vertex 2.0677014356864047 1.4052084446303263 0
      vertex 2.0677014356864047 1.4052084446303263 14
    endloop
  endfacet
  facet normal -0.7996846584870877 -0.6004202253258878 0
    outer loop
      vertex 1.975387530939226 1.5322676341324408 0
      vertex 2.0225424859373686 1.469463130731183 0
      vertex 2.0225424859373686 1.469463130731183 14
    endloop
  endfacet
  facet normal -0.6004202253258878 -0.7996846584870877 0
    outer loop
      vertex 1.5322676341324408 1.975387530939226 0
      vertex 1.5322676341324408 1.975387530939226 14
      vertex 1.469463130731183 2.0225424859373686 0
    endloop
  endfacet
  facet normal -0.649448048330182 -0.7604059656000323 0
    outer loop
      vertex 1.6532796633091296 1.875277674076149 0
      vertex 1.6532796633091296 1.875277674076149 14
      vertex 1.5935599743717244 1.9262831069394728 0
    endloop
  endfacet
  facet normal -0.6252426563357043 -0.7804304073383305 0
    outer loop
      vertex 1.5935599743717244 1.9262831069394728 0
      vertex 1.5935599743717244 1.9262831069394728 14
      vertex 1.5322676341324408 1.975387530939226 0
    endloop
  endfacet
  facet normal -0.5750052520432779 -0.818149717425024 0
    outer loop
      vertex 1.469463130731183 2.0225424859373686 0
      vertex 1.469463130731183 2.0225424859373686 14
      vertex 1.4052084446303263 2.0677014356864047 0
    endloop
  endfacet
  facet normal -0.5490228179981321 -0.8358073613682699 0
    outer loop
      vertex 1.4052084446303263 2.0677014356864047 0
      vertex 1.4052084446303263 2.0677014356864047 14
      vertex 1.3395669874474916 2.110819813755038 0
    endloop
  endfacet
  facet normal -0.49545866843240566 -0.8686315144381923 0
    outer loop
      vertex 1.2726035393759283 2.1518550675098593 0
      vertex 1.2726035393759283 2.1518550675098593 14
      vertex 1.204384185254288 2.190766700109659 0
    endloop
  endfacet
  facet normal -0.5224985647159501 -0.8526401643540914 0
    outer loop
      vertex 1.3395669874474916 2.110819813755038 0
      vertex 1.3395669874474916 2.110819813755038 14
      vertex 1.2726035393759283 2.1518550675098593 0
    endloop
  endfacet
  facet normal -0.38268343236508906 -0.9238795325112872 0
    outer loop
      vertex 0.9928697265869518 2.294386564209953 0
      vertex 0.9928697265869518 2.294386564209953 14
      vertex 0.9203113817116947 2.3244412147206286 0
    endloop
  endfacet
  facet normal -0.41151435860510993 -0.9114032766354446 0
    outer loop
      vertex 1.0644482289126818 2.2620676311650487 0
      vertex 1.0644482289126818 2.2620676311650487 14
      vertex 0.9928697265869518 2.294386564209953 0
    endloop
  endfacet
  facet normal -0.35347484377925414 -0.9354440308298685 0
    outer loop
      vertex 0.9203113817116947 2.3244412147206286 0
      vertex 0.9203113817116947 2.3244412147206286 14
      vertex 0.8468448006132283 2.3522019223855635 0
    endloop
  endfacet
  facet normal -0.10973431109104567 -0.9939609554551796 0
    outer loop
      vertex 0.3133330839107607 2.4802867532861947 0
      vertex 0.3133330839107607 2.4802867532861947 14
      vertex 0.23527078329628606 2.4889049115077 0
    endloop
  endfacet
  facet normal -0.07845909572784344 -0.9969173337331281 0
    outer loop
      vertex 0.23527078329628606 2.4889049115077 0
      vertex 0.23527078329628606 2.4889049115077 14
      vertex 0.15697629882328318 2.495066821070679 0
    endloop
  endfacet
  facet normal -0.14090123193758078 -0.9900236577165579 0
    outer loop
      vertex 0.39108616260057716 2.4692208514878446 0
      vertex 0.39108616260057716 2.4692208514878446 14
      vertex 0.3133330839107607 2.4802867532861947 0
    endloop
  endfacet
  facet normal -0.2027872953565108 -0.9792228106217661 0
    outer loop
      vertex 0.5453581034913562 2.4397919048468686 0
      vertex 0.5453581034913562 2.4397919048468686 14
      vertex 0.46845328646431145 2.4557181268217216 0
    endloop
  endfacet
  facet normal -0.17192910027941474 -0.9851093261547731 0
    outer loop
      vertex 0.46845328646431145 2.4557181268217216 0
      vertex 0.46845328646431145 2.4557181268217216 14
      vertex 0.39108616260057716 2.4692208514878446 0
    endloop
  endfacet
  facet normal -0.23344536385590672 -0.9723699203976763 0
    outer loop
      vertex 0.6217247179121371 2.4214579028215777 0
      vertex 0.6217247179121371 2.4214579028215777 14
      vertex 0.5453581034913562 2.4397919048468686 0
    endloop
  endfacet
  facet normal -0.3239174181981492 -0.9460853588275455 0
    outer loop
      vertex 0.8468448006132283 2.3522019223855635 0
      vertex 0.8468448006132283 2.3522019223855635 14
      vertex 0.7725424859373685 2.3776412907378837 0
    endloop
  endfacet
  facet normal -0.29404032523230655 -0.9557930147983293 0
    outer loop
      vertex 0.7725424859373685 2.3776412907378837 0
      vertex 0.7725424859373685 2.3776412907378837 14
      vertex 0.6974777650980734 2.4007342141923576 0
    endloop
  endfacet
  facet normal -0.2638730499653729 -0.9645574184577981 0
    outer loop
      vertex 0.6974777650980734 2.4007342141923576 0
      vertex 0.6974777650980734 2.4007342141923576 14
      vertex 0.6217247179121371 2.4214579028215777 0
    endloop
  endfacet
  facet normal -0.46792981426057245 -0.8837656300886939 0
    outer loop
      vertex 1.204384185254288 2.190766700109659 0
      vertex 1.204384185254288 2.190766700109659 14
      vertex 1.1349762493488669 2.2275163104709197 0
    endloop
  endfacet
  facet normal -0.43993916985591497 -0.8980275757606156 0
    outer loop
      vertex 1.1349762493488669 2.2275163104709197 14
      vertex 1.0644482289126818 2.2620676311650487 0
      vertex 1.1349762493488669 2.2275163104709197 0
    endloop
  endfacet
  facet normal 0.9998766324816607 -0.015707317311817796 0
    outer loop
      vertex -2.5 0 0
      vertex -2.498766400914329 0.07852689769532122 14
      vertex -2.5 0 14
    endloop
  endfacet
  facet normal 0.9988898749619699 -0.047106450709644566 0
    outer loop
      vertex -2.498766400914329 0.07852689769532122 0
      vertex -2.495066821070679 0.15697629882328318 14
      vertex -2.498766400914329 0.07852689769532122 14
    endloop
  endfacet
  facet normal 0.9969173337331281 -0.07845909572784344 0
    outer loop
      vertex -2.495066821070679 0.15697629882328318 0
      vertex -2.4889049115077 0.23527078329628606 14
      vertex -2.495066821070679 0.15697629882328318 14
    endloop
  endfacet
  facet normal 0.9939609554551796 -0.10973431109104644 0
    outer loop
      vertex -2.4889049115077 0.23527078329628606 0
      vertex -2.4802867532861947 0.31333308391076015 14
      vertex -2.4889049115077 0.23527078329628606 14
    endloop
  endfacet
  facet normal 0.990023657716558 -0.1409012319375798 0
    outer loop
      vertex -2.4802867532861947 0.31333308391076015 0
      vertex -2.4692208514878446 0.39108616260057716 14
      vertex -2.4802867532861947 0.31333308391076015 14
    endloop
  endfacet
  facet normal 0.9851093261547733 -0.17192910027941344 0
    outer loop
      vertex -2.4692208514878446 0.39108616260057716 0
      vertex -2.4557181268217216 0.46845328646431206 14
      vertex -2.4692208514878446 0.39108616260057716 14
    endloop
  endfacet
  facet normal 0.9792228106217656 -0.20278729535651233 0
    outer loop
      vertex -2.4557181268217216 0.46845328646431206 0
      vertex -2.4397919048468686 0.5453581034913562 14
      vertex -2.4557181268217216 0.46845328646431206 14
    endloop
  endfacet
  facet normal 0.9723699203976763 -0.23344536385590672 0
    outer loop
      vertex -2.4397919048468686 0.5453581034913562 0
      vertex -2.4214579028215777 0.6217247179121371 14
      vertex -2.4397919048468686 0.5453581034913562 14
    endloop
  endfacet
  facet normal 0.9645574184577987 -0.26387304996537014 0
    outer loop
      vertex -2.400734214192358 0.6974777650980726 14
      vertex -2.4214579028215777 0.6217247179121371 14
      vertex -2.4214579028215777 0.6217247179121371 0
    endloop
  endfacet
  facet normal 0.9557930147983286 -0.29404032523230894 0
    outer loop
      vertex -2.3776412907378837 0.7725424859373685 14
      vertex -2.400734214192358 0.6974777650980726 14
      vertex -2.400734214192358 0.6974777650980726 0
    endloop
  endfacet
  facet normal 0.9460853588275463 -0.32391741819814657 0
    outer loop
      vertex -2.3522019223855635 0.846844800613229 14
      vertex -2.3776412907378837 0.7725424859373685 14
      vertex -2.3776412907378837 0.7725424859373685 0
    endloop
  endfacet
  facet normal 0.9354440308298674 -0.353474843779257 0
    outer loop
      vertex -2.3522019223855635 0.846844800613229 0
      vertex -2.3244412147206286 0.9203113817116947 14
      vertex -2.3522019223855635 0.846844800613229 14
    endloop
  endfacet
  facet normal 0.9238795325112872 -0.38268343236508906 0
    outer loop
      vertex -2.3244412147206286 0.9203113817116947 0
      vertex -2.294386564209953 0.9928697265869518 14
      vertex -2.3244412147206286 0.9203113817116947 14
    endloop
  endfacet
  facet normal 0.9114032766354454 -0.41151435860510843 0
    outer loop
      vertex -2.294386564209953 0.9928697265869518 0
      vertex -2.262067631165049 1.064448228912681 14
      vertex -2.294386564209953 0.9928697265869518 14
    endloop
  endfacet
  facet normal 0.8980275757606151 -0.4399391698559162 0
    outer loop
      vertex -2.2275163104709197 1.1349762493488669 14
      vertex -2.262067631165049 1.064448228912681 14
      vertex -2.262067631165049 1.064448228912681 0
    endloop
  endfacet
  facet normal 0.8837656300886928 -0.4679298142605745 0
    outer loop
      vertex -2.1907667001096587 1.2043841852542885 14
      vertex -2.2275163104709197 1.1349762493488669 14
      vertex -2.2275163104709197 1.1349762493488669 0
    endloop
  endfacet
  facet normal 0.8686315144381928 -0.4954586684324051 0
    outer loop
      vertex -2.1907667001096587 1.2043841852542885 0
      vertex -2.1518550675098593 1.272603539375928 14
      vertex -2.1907667001096587 1.2043841852542885 14
    endloop
  endfacet
  facet normal 0.8526401643540905 -0.5224985647159518 0
    outer loop
      vertex -2.1108198137550374 1.3395669874474918 14
      vertex -2.1518550675098593 1.272603539375928 14
      vertex -2.1518550675098593 1.272603539375928 0
    endloop
  endfacet
  facet normal 0.8358073613682708 -0.5490228179981308 0
    outer loop
      vertex -2.0677014356864047 1.4052084446303261 14
      vertex -2.1108198137550374 1.3395669874474918 14
      vertex -2.1108198137550374 1.3395669874474918 0
    endloop
  endfacet
  facet normal 0.8181497174250248 -0.5750052520432765 0
    outer loop
      vertex -2.0677014356864047 1.4052084446303261 0
      vertex -2.0225424859373686 1.469463130731183 14
      vertex -2.0677014356864047 1.4052084446303261 14
    endloop
  endfacet
  facet normal 0.7996846584870891 -0.600420225325886 0
    outer loop
      vertex -2.0225424859373686 1.469463130731183 0
      vertex -1.9753875309392255 1.5322676341324417 14
      vertex -2.0225424859373686 1.469463130731183 14
    endloop
  endfacet
  facet normal 0.7804304073383318 -0.6252426563357025 0
    outer loop
      vertex -1.9753875309392255 1.5322676341324417 0
      vertex -1.9262831069394735 1.5935599743717241 14
      vertex -1.9753875309392255 1.5322676341324417 14
    endloop
  endfacet
  facet normal 0.7604059656000292 -0.6494480483301858 0
    outer loop
      vertex -1.9262831069394735 1.5935599743717241 0
      vertex -1.8752776740761488 1.6532796633091298 14
      vertex -1.9262831069394735 1.5935599743717241 14
    endloop
  endfacet
  facet normal 0.7396310949786092 -0.6730125135097739 0
    outer loop
      vertex -1.8224215685535292 1.7113677648217211 14
      vertex -1.8752776740761488 1.6532796633091298 14
      vertex -1.8752776740761488 1.6532796633091298 0
    endloop
  endfacet
  facet normal 0.7181262977631904 -0.6959127965923128 5.1275931602016214e-18
    outer loop
      vertex -1.7677669529663689 1.7677669529663689 14
      vertex -1.8224215685535292 1.7113677648217211 14
      vertex -1.8204225324843886 1.7134306100207986 0
    endloop
  endfacet
  facet normal 0.6959127965923128 -0.7181262977631904 0
    outer loop
      vertex -1.7677669529663689 1.7677669529663689 0
      vertex -1.7113677648217211 1.8224215685535292 14
      vertex -1.7677669529663689 1.7677669529663689 14
    endloop
  endfacet
  facet normal 0.6730125135097739 -0.7396310949786092 0
    outer loop
      vertex -1.7113677648217211 1.8224215685535292 0
      vertex -1.6532796633091298 1.8752776740761488 14
      vertex -1.7113677648217211 1.8224215685535292 14
    endloop
  endfacet
  facet normal 0.6494480483301858 -0.7604059656000292 0
    outer loop
      vertex -1.5935599743717241 1.9262831069394735 14
      vertex -1.6532796633091298 1.8752776740761488 14
      vertex -1.6532796633091298 1.8752776740761488 0
    endloop
  endfacet
  facet normal 0.6252426563357005 -0.7804304073383335 0
    outer loop
      vertex -1.5935599743717241 1.9262831069394735 0
      vertex -1.5322676341324408 1.975387530939226 14
      vertex -1.5935599743717241 1.9262831069394735 14
    endloop
  endfacet
  facet normal 0.6004202253258878 -0.7996846584870877 0
    outer loop
      vertex -1.5322676341324408 1.975387530939226 0
      vertex -1.469463130731183 2.0225424859373686 14
      vertex -1.5322676341324408 1.975387530939226 14
    endloop
  endfacet
  facet normal 0.5750052520432779 -0.818149717425024 0
    outer loop
      vertex -1.469463130731183 2.0225424859373686 0
      vertex -1.4052084446303263 2.0677014356864047 14
      vertex -1.469463130731183 2.0225424859373686 14
    endloop
  endfacet
  facet normal 0.5490228179981295 -0.8358073613682716 0
    outer loop
      vertex -1.3395669874474918 2.1108198137550374 14
      vertex -1.4052084446303263 2.0677014356864047 14
      vertex -1.4052084446303263 2.0677014356864047 0
    endloop
  endfacet
  facet normal 0.5224985647159518 -0.8526401643540905 0
    outer loop
      vertex -1.3395669874474918 2.1108198137550374 0
      vertex -1.272603539375928 2.1518550675098593 14
      vertex -1.3395669874474918 2.1108198137550374 14
    endloop
  endfacet
  facet normal 0.4954586684324069 -0.8686315144381916 0
    outer loop
      vertex -1.272603539375928 2.1518550675098593 0
      vertex -1.204384185254288 2.190766700109659 14
      vertex -1.272603539375928 2.1518550675098593 14
    endloop
  endfacet
  facet normal 0.46792981426057245 -0.8837656300886939 0
    outer loop
      vertex -1.1349762493488669 2.2275163104709197 14
      vertex -1.204384185254288 2.190766700109659 14
      vertex -1.204384185254288 2.190766700109659 0
    endloop
  endfacet
  facet normal 0.43993916985591497 -0.8980275757606156 0
    outer loop
      vertex -1.1349762493488669 2.2275163104709197 0
      vertex -1.0644482289126818 2.2620676311650487 14
      vertex -1.1349762493488669 2.2275163104709197 14
    endloop
  endfacet
  facet normal 0.41151435860510993 -0.9114032766354446 0
    outer loop
      vertex -0.9928697265869518 2.294386564209953 14
      vertex -1.0644482289126818 2.2620676311650487 14
      vertex -1.0644482289126818 2.2620676311650487 0
    endloop
  endfacet
  facet normal 0.38268343236508906 -0.9238795325112872 0
    outer loop
      vertex -0.9928697265869518 2.294386564209953 0
      vertex -0.9203113817116947 2.3244412147206286 14
      vertex -0.9928697265869518 2.294386564209953 14
    endloop
  endfacet
  facet normal 0.35347484377925414 -0.9354440308298685 0
    outer loop
      vertex -0.9203113817116947 2.3244412147206286 14
      vertex -0.9203113817116947 2.3244412147206286 0
      vertex -0.8468448006132283 2.3522019223855635 14
    endloop
  endfacet
  facet normal 0.3239174181981492 -0.9460853588275455 0
    outer loop
      vertex -0.8468448006132283 2.3522019223855635 0
      vertex -0.7725424859373685 2.3776412907378837 14
      vertex -0.8468448006132283 2.3522019223855635 14
    endloop
  endfacet
  facet normal 0.29404032523230655 -0.9557930147983293 0
    outer loop
      vertex -0.7725424859373685 2.3776412907378837 0
      vertex -0.6974777650980734 2.4007342141923576 14
      vertex -0.7725424859373685 2.3776412907378837 14
    endloop
  endfacet
  facet normal 0.2638730499653729 -0.9645574184577981 0
    outer loop
      vertex -0.6974777650980734 2.4007342141923576 0
      vertex -0.6217247179121371 2.4214579028215777 14
      vertex -0.6974777650980734 2.4007342141923576 14
    endloop
  endfacet
  facet normal 0.23344536385590672 -0.9723699203976763 0
    outer loop
      vertex -0.6217247179121371 2.4214579028215777 14
      vertex -0.6217247179121371 2.4214579028215777 0
      vertex -0.5453581034913562 2.4397919048468686 14
    endloop
  endfacet
  facet normal 0.2027872953565108 -0.9792228106217661 0
    outer loop
      vertex -0.5453581034913562 2.4397919048468686 0
      vertex -0.46845328646431145 2.4557181268217216 14
      vertex -0.5453581034913562 2.4397919048468686 14
    endloop
  endfacet
  facet normal 0.17192910027941474 -0.9851093261547731 0
    outer loop
      vertex -0.46845328646431145 2.4557181268217216 0
      vertex -0.39108616260057716 2.4692208514878446 14
      vertex -0.46845328646431145 2.4557181268217216 14
    endloop
  endfacet
  facet normal 0.14090123193758078 -0.9900236577165579 0
    outer loop
      vertex -0.39108616260057716 2.4692208514878446 0
      vertex -0.3133330839107607 2.4802867532861947 14
      vertex -0.39108616260057716 2.4692208514878446 14
    endloop
  endfacet
  facet normal 0.10973431109104567 -0.9939609554551796 0
    outer loop
      vertex -0.3133330839107607 2.4802867532861947 14
      vertex -0.3133330839107607 2.4802867532861947 0
      vertex -0.23527078329628606 2.4889049115077 14
    endloop
  endfacet
  facet normal 0.07845909572784344 -0.9969173337331281 0
    outer loop
      vertex -0.23527078329628606 2.4889049115077 0
      vertex -0.15697629882328318 2.495066821070679 14
      vertex -0.23527078329628606 2.4889049115077 14
    endloop
  endfacet
  facet normal 0.04710645070964421 -0.9988898749619699 0
    outer loop
      vertex -0.15697629882328318 2.495066821070679 0
      vertex -0.07852689769532062 2.498766400914329 14
      vertex -0.15697629882328318 2.495066821070679 14
    endloop
  endfacet
  facet normal 0.015707317311817917 -0.9998766324816607 0
    outer loop
      vertex -0.07852689769532062 2.498766400914329 0
      vertex 0 2.5 14
      vertex -0.07852689769532062 2.498766400914329 14
    endloop
  endfacet
  facet normal -0.015707317311817917 -0.9998766324816607 0
    outer loop
      vertex 0 2.5 0
      vertex 0.07852689769532062 2.498766400914329 14
      vertex 0 2.5 14
    endloop
  endfacet
  facet normal -0.04710645070964421 -0.9988898749619699 0
    outer loop
      vertex 0.07852689769532062 2.498766400914329 0
      vertex 0.15697629882328318 2.495066821070679 14
      vertex 0.07852689769532062 2.498766400914329 14
    endloop
  endfacet
  facet normal -0.07845909572784344 -0.9969173337331281 0
    outer loop
      vertex 0.23527078329628606 2.4889049115077 14
      vertex 0.15697629882328318 2.495066821070679 14
      vertex 0.15697629882328318 2.495066821070679 0
    endloop
  endfacet
  facet normal -0.9998766324816607 -0.015707317311817893 0
    outer loop
      vertex 2.498766400914329 0.07852689769532073 0
      vertex 2.5 0 14
      vertex 2.498766400914329 0.07852689769532073 14
    endloop
  endfacet
  facet normal -0.9988898749619699 -0.04710645070964413 0
    outer loop
      vertex 2.495066821070679 0.15697629882328343 0
      vertex 2.498766400914329 0.07852689769532073 14
      vertex 2.495066821070679 0.15697629882328343 14
    endloop
  endfacet
  facet normal -0.9969173337331281 -0.07845909572784394 0
    outer loop
      vertex 2.4889049115077 0.2352707832962858 0
      vertex 2.495066821070679 0.15697629882328343 14
      vertex 2.4889049115077 0.2352707832962858 14
    endloop
  endfacet
  facet normal -0.9939609554551796 -0.1097343110910454 0
    outer loop
      vertex 2.4802867532861947 0.31333308391076065 0
      vertex 2.4889049115077 0.2352707832962858 14
      vertex 2.4802867532861947 0.31333308391076065 14
    endloop
  endfacet
  facet normal -0.9900236577165579 -0.1409012319375807 0
    outer loop
      vertex 2.4802867532861947 0.31333308391076065 14
      vertex 2.4692208514878446 0.39108616260057716 14
      vertex 2.4692208514878446 0.39108616260057716 0
    endloop
  endfacet
  facet normal -0.9851093261547731 -0.17192910027941447 0
    outer loop
      vertex 2.4557181268217216 0.46845328646431156 0
      vertex 2.4692208514878446 0.39108616260057716 14
      vertex 2.4557181268217216 0.46845328646431156 14
    endloop
  endfacet
  facet normal -0.972369920397676 -0.23344536385590767 0
    outer loop
      vertex 2.4214579028215777 0.621724717912137 0
      vertex 2.4397919048468686 0.5453581034913564 14
      vertex 2.4214579028215777 0.621724717912137 14
    endloop
  endfacet
  facet normal -0.9792228106217661 -0.2027872953565105 0
    outer loop
      vertex 2.4397919048468686 0.5453581034913564 0
      vertex 2.4557181268217216 0.46845328646431156 14
      vertex 2.4397919048468686 0.5453581034913564 14
    endloop
  endfacet
  facet normal -0.9645574184577981 -0.2638730499653729 0
    outer loop
      vertex 2.4214579028215777 0.621724717912137 14
      vertex 2.4007342141923576 0.6974777650980732 14
      vertex 2.4007342141923576 0.6974777650980732 0
    endloop
  endfacet
  facet normal -0.9557930147983293 -0.29404032523230617 0
    outer loop
      vertex 2.3776412907378837 0.7725424859373685 0
      vertex 2.4007342141923576 0.6974777650980732 14
      vertex 2.3776412907378837 0.7725424859373685 14
    endloop
  endfacet
  facet normal -0.9460853588275456 -0.32391741819814823 0
    outer loop
      vertex 2.3522019223855635 0.8468448006132285 0
      vertex 2.3776412907378837 0.7725424859373685 14
      vertex 2.3522019223855635 0.8468448006132285 14
    endloop
  endfacet
  facet normal -0.9354440308298666 -0.3534748437792591 0
    outer loop
      vertex 2.3522019223855635 0.8468448006132285 14
      vertex 2.324441214720628 0.9203113817116949 14
      vertex 2.324441214720628 0.9203113817116949 0
    endloop
  endfacet
  facet normal -0.9238795325112877 -0.3826834323650872 0
    outer loop
      vertex 2.294386564209953 0.9928697265869514 0
      vertex 2.324441214720628 0.9203113817116949 14
      vertex 2.294386564209953 0.9928697265869514 14
    endloop
  endfacet
  facet normal -0.9114032766354477 -0.4115143586051031 0
    outer loop
      vertex 2.294386564209953 0.9928697265869514 14
      vertex 2.262067631165049 1.0644482289126818 14
      vertex 2.262067631165049 1.0644482289126818 0
    endloop
  endfacet
  facet normal -0.8980275757606135 -0.4399391698559196 0
    outer loop
      vertex 2.2275163104709197 1.1349762493488669 0
      vertex 2.262067631165049 1.0644482289126818 14
      vertex 2.2275163104709197 1.1349762493488669 14
    endloop
  endfacet
  facet normal -0.8837656300886945 -0.46792981426057123 0
    outer loop
      vertex 2.190766700109659 1.2043841852542883 0
      vertex 2.2275163104709197 1.1349762493488669 14
      vertex 2.190766700109659 1.2043841852542883 14
    endloop
  endfacet
  facet normal -0.8686315144381916 -0.4954586684324069 0
    outer loop
      vertex 2.190766700109659 1.2043841852542883 14
      vertex 2.1518550675098593 1.2726035393759283 14
      vertex 2.1518550675098593 1.2726035393759283 0
    endloop
  endfacet
  facet normal -0.7804304073383305 -0.6252426563357043 0
    outer loop
      vertex 1.9262831069394728 1.5935599743717244 0
      vertex 1.975387530939226 1.5322676341324408 14
      vertex 1.9262831069394728 1.5935599743717244 14
    endloop
  endfacet
  facet normal -0.7604059656000323 -0.649448048330182 0
    outer loop
      vertex 1.9262831069394728 1.5935599743717244 14
      vertex 1.875277674076149 1.6532796633091296 14
      vertex 1.875277674076149 1.6532796633091296 0
    endloop
  endfacet
  facet normal -0.7396310949786116 -0.6730125135097713 0
    outer loop
      vertex 1.875277674076149 1.6532796633091296 14
      vertex 1.822421568553529 1.7113677648217218 14
      vertex 1.822421568553529 1.7113677648217218 0
    endloop
  endfacet
  facet normal -0.7181262977631876 -0.6959127965923155 0
    outer loop
      vertex 1.7677669529663689 1.7677669529663689 0
      vertex 1.822421568553529 1.7113677648217218 14
      vertex 1.7677669529663689 1.7677669529663689 14
    endloop
  endfacet
  facet normal -0.6959127965923155 -0.7181262977631876 0
    outer loop
      vertex 1.7113677648217218 1.822421568553529 0
      vertex 1.7677669529663689 1.7677669529663689 14
      vertex 1.7113677648217218 1.822421568553529 14
    endloop
  endfacet
  facet normal -0.6730125135097713 -0.7396310949786116 0
    outer loop
      vertex 1.6532796633091296 1.875277674076149 0
      vertex 1.7113677648217218 1.822421568553529 14
      vertex 1.6532796633091296 1.875277674076149 14
    endloop
  endfacet
  facet normal -0.8526401643540914 -0.5224985647159501 0
    outer loop
      vertex 2.1518550675098593 1.2726035393759283 14
      vertex 2.110819813755038 1.3395669874474916 14
      vertex 2.110819813755038 1.3395669874474916 0
    endloop
  endfacet
  facet normal -0.8358073613682699 -0.5490228179981321 0
    outer loop
      vertex 2.0677014356864047 1.4052084446303263 0
      vertex 2.110819813755038 1.3395669874474916 14
      vertex 2.0677014356864047 1.4052084446303263 14
    endloop
  endfacet
  facet normal -0.818149717425024 -0.5750052520432779 0
    outer loop
      vertex 2.0677014356864047 1.4052084446303263 14
      vertex 2.0225424859373686 1.469463130731183 14
      vertex 2.0225424859373686 1.469463130731183 0
    endloop
  endfacet
  facet normal -0.7996846584870877 -0.6004202253258878 0
    outer loop
      vertex 2.0225424859373686 1.469463130731183 14
      vertex 1.975387530939226 1.5322676341324408 14
      vertex 1.975387530939226 1.5322676341324408 0
    endloop
  endfacet
  facet normal -0.6004202253258878 -0.7996846584870877 0
    outer loop
      vertex 1.469463130731183 2.0225424859373686 0
      vertex 1.5322676341324408 1.975387530939226 14
      vertex 1.469463130731183 2.0225424859373686 14
    endloop
  endfacet
  facet normal -0.649448048330182 -0.7604059656000323 0
    outer loop
      vertex 1.5935599743717244 1.9262831069394728 0
      vertex 1.6532796633091296 1.875277674076149 14
      vertex 1.5935599743717244 1.9262831069394728 14
    endloop
  endfacet
  facet normal -0.6252426563357043 -0.7804304073383305 0
    outer loop
      vertex 1.5935599743717244 1.9262831069394728 14
      vertex 1.5322676341324408 1.975387530939226 14
      vertex 1.5322676341324408 1.975387530939226 0
    endloop
  endfacet
  facet normal -0.5750052520432779 -0.818149717425024 0
    outer loop
      vertex 1.4052084446303263 2.0677014356864047 0
      vertex 1.469463130731183 2.0225424859373686 14
      vertex 1.4052084446303263 2.0677014356864047 14
    endloop
  endfacet
  facet normal -0.5490228179981321 -0.8358073613682699 0
    outer loop
      vertex 1.3395669874474916 2.110819813755038 0
      vertex 1.4052084446303263 2.0677014356864047 14
      vertex 1.3395669874474916 2.110819813755038 14
    endloop
  endfacet
  facet normal -0.5224985647159501 -0.8526401643540914 0
    outer loop
      vertex 1.3395669874474916 2.110819813755038 14
      vertex 1.2726035393759283 2.1518550675098593 14
      vertex 1.2726035393759283 2.1518550675098593 0
    endloop
  endfacet
  facet normal -0.49545866843240566 -0.8686315144381923 0
    outer loop
      vertex 1.204384185254288 2.190766700109659 0
      vertex 1.2726035393759283 2.1518550675098593 14
      vertex 1.204384185254288 2.190766700109659 14
    endloop
  endfacet
  facet normal -0.41151435860510993 -0.9114032766354446 0
    outer loop
      vertex 0.9928697265869518 2.294386564209953 0
      vertex 1.0644482289126818 2.2620676311650487 14
      vertex 0.9928697265869518 2.294386564209953 14
    endloop
  endfacet
  facet normal -0.38268343236508906 -0.9238795325112872 0
    outer loop
      vertex 0.9928697265869518 2.294386564209953 14
      vertex 0.9203113817116947 2.3244412147206286 14
      vertex 0.9203113817116947 2.3244412147206286 0
    endloop
  endfacet
  facet normal -0.35347484377925414 -0.9354440308298685 0
    outer loop
      vertex 0.8468448006132283 2.3522019223855635 0
      vertex 0.9203113817116947 2.3244412147206286 14
      vertex 0.8468448006132283 2.3522019223855635 14
    endloop
  endfacet
  facet normal -0.10973431109104567 -0.9939609554551796 0
    outer loop
      vertex 0.23527078329628606 2.4889049115077 0
      vertex 0.3133330839107607 2.4802867532861947 14
      vertex 0.23527078329628606 2.4889049115077 14
    endloop
  endfacet
  facet normal -0.14090123193758078 -0.9900236577165579 0
    outer loop
      vertex 0.39108616260057716 2.4692208514878446 14
      vertex 0.3133330839107607 2.4802867532861947 14
      vertex 0.3133330839107607 2.4802867532861947 0
    endloop
  endfacet
  facet normal -0.2027872953565108 -0.9792228106217661 0
    outer loop
      vertex 0.5453581034913562 2.4397919048468686 14
      vertex 0.46845328646431145 2.4557181268217216 14
      vertex 0.46845328646431145 2.4557181268217216 0
    endloop
  endfacet
  facet normal -0.23344536385590672 -0.9723699203976763 0
    outer loop
      vertex 0.5453581034913562 2.4397919048468686 0
      vertex 0.6217247179121371 2.4214579028215777 14
      vertex 0.5453581034913562 2.4397919048468686 14
    endloop
  endfacet
  facet normal -0.17192910027941474 -0.9851093261547731 0
    outer loop
      vertex 0.39108616260057716 2.4692208514878446 0
      vertex 0.46845328646431145 2.4557181268217216 14
      vertex 0.39108616260057716 2.4692208514878446 14
    endloop
  endfacet
  facet normal -0.3239174181981492 -0.9460853588275455 0
    outer loop
      vertex 0.8468448006132283 2.3522019223855635 14
      vertex 0.7725424859373685 2.3776412907378837 14
      vertex 0.7725424859373685 2.3776412907378837 0
    endloop
  endfacet
  facet normal -0.29404032523230655 -0.9557930147983293 0
    outer loop
      vertex 0.6974777650980734 2.4007342141923576 0
      vertex 0.7725424859373685 2.3776412907378837 14
      vertex 0.6974777650980734 2.4007342141923576 14
    endloop
  endfacet
  facet normal -0.2638730499653729 -0.9645574184577981 0
    outer loop
      vertex 0.6974777650980734 2.4007342141923576 14
      vertex 0.6217247179121371 2.4214579028215777 14
      vertex 0.6217247179121371 2.4214579028215777 0
    endloop
  endfacet
  facet normal -0.46792981426057245 -0.8837656300886939 0
    outer loop
      vertex 1.1349762493488669 2.2275163104709197 0
      vertex 1.204384185254288 2.190766700109659 14
      vertex 1.1349762493488669 2.2275163104709197 14
    endloop
  endfacet
  facet normal -0.43993916985591497 -0.8980275757606156 0
    outer loop
      vertex 1.0644482289126818 2.2620676311650487 0
      vertex 1.1349762493488669 2.2275163104709197 14
      vertex 1.0644482289126818 2.2620676311650487 14
    endloop
  endfacet
  facet normal 0 1 0
    outer loop
      vertex 95.5 -4.330127018922193 19
      vertex 98 -4.330127018922193 0
      vertex 95.5 -4.330127018922193 0
    endloop
  endfacet
  facet normal 0 1 0
    outer loop
      vertex 98.31410759078129 -4.330127018922193 0
      vertex 98 -4.330127018922193 0
      vertex 95.5 -4.330127018922193 19
    endloop
  endfacet
  facet normal 0 1 0
    outer loop
      vertex 98.31410759078129 -4.330127018922193 0
      vertex 95.5 -4.330127018922193 19
      vertex 98.40309955740177 -4.330127018922193 0
    endloop
  endfacet
  facet normal 0 1 0
    outer loop
      vertex 98.40309955740177 -4.330127018922193 0
      vertex 95.5 -4.330127018922193 19
      vertex 98.62790519529314 -4.330127018922193 0
    endloop
  endfacet
  facet normal 0 1 0
    outer loop
      vertex 98.62790519529314 -4.330127018922193 0
      vertex 95.5 -4.330127018922193 19
      vertex 98.69866334914502 -4.330127018922193 0
    endloop
  endfacet
  facet normal 0 1 0
    outer loop
      vertex 98.99898979244877 -4.330127018922193 0
      vertex 98.69866334914502 -4.330127018922193 0
      vertex 95.5 -4.330127018922193 19
    endloop
  endfacet
  facet normal 0 1 0
    outer loop
      vertex 98.99898979244877 -4.330127018922193 0
      vertex 95.5 -4.330127018922193 19
      vertex 99.02945543318579 -4.330127018922193 0
    endloop
  endfacet
  facet normal 0 1 0
    outer loop
      vertex 99.25333233564304 -4.330127018922193 0
      vertex 99.02945543318579 -4.330127018922193 0
      vertex 95.5 -4.330127018922193 19
    endloop
  endfacet
  facet normal 0 1 0
    outer loop
      vertex 99.25333233564304 -4.330127018922193 0
      vertex 95.5 -4.330127018922193 19
      vertex 99.34116309625199 -4.330127018922193 0
    endloop
  endfacet
  facet normal 0 1 0
    outer loop
      vertex 99.34116309625199 -4.330127018922193 0
      vertex 95.5 -4.330127018922193 19
      vertex 99.5643446504023 -4.330127018922193 0
    endloop
  endfacet
  facet normal 0 1 0
    outer loop
      vertex 99.5643446504023 -4.330127018922193 0
      vertex 95.5 -4.330127018922193 19
      vertex 99.62735123081121 -4.330127018922193 0
    endloop
  endfacet
  facet normal 0 1 0
    outer loop
      vertex 99.92204123323876 -4.330127018922193 0
      vertex 99.62735123081121 -4.330127018922193 0
      vertex 95.5 -4.330127018922193 19
    endloop
  endfacet
  facet normal 0 1 0
    outer loop
      vertex 100.18143241396542 -4.330127018922193 0
      vertex 99.96010008716188 -4.330127018922193 0
      vertex 95.5 -4.330127018922193 19
    endloop
  endfacet
  facet normal 0 1 0
    outer loop
      vertex 99.92204123323876 -4.330127018922193 0
      vertex 95.5 -4.330127018922193 19
      vertex 99.96010008716188 -4.330127018922193 0
    endloop
  endfacet
  facet normal 0 1 0
    outer loop
      vertex 100.18143241396542 -4.330127018922193 0
      vertex 95.5 -4.330127018922193 19
      vertex 100.26671859892068 -4.330127018922193 0
    endloop
  endfacet
  facet normal 0 1 0
    outer loop
      vertex 100.26671859892068 -4.330127018922193 0
      vertex 95.5 -4.330127018922193 19
      vertex 100.48689887164855 -4.330127018922193 0
    endloop
  endfacet
  facet normal 0 1 0
    outer loop
      vertex 100.48689887164855 -4.330127018922193 0
      vertex 95.5 -4.330127018922193 19
      vertex 100.5 -4.330127018922193 0
    endloop
  endfacet
  facet normal -0.8660254037843945 0.5000000000000765 0
    outer loop
      vertex 100.52975215832359 -4.278594769070914 0
      vertex 100.5 -4.330127018922193 0
      vertex 100.5 -4.330127018922193 19
    endloop
  endfacet
  facet normal -0.8660254037844483 0.4999999999999832 -3.3764940456944897e-16
    outer loop
      vertex 100.82395005402321 -3.7690290662392907 0
      vertex 100.52975215832359 -4.278594769070914 0
      vertex 100.5 -4.330127018922193 19
    endloop
  endfacet
  facet normal -0.8660254037844289 0.5000000000000168 9.867295801858724e-16
    outer loop
      vertex 100.82395005402321 -3.7690290662392907 0
      vertex 100.5 -4.330127018922193 19
      vertex 100.8831687011005 -3.6664593607459435 0
    endloop
  endfacet
  facet normal -0.8660254037844339 0.5000000000000081 5.857358115131376e-16
    outer loop
      vertex 101.09016994374947 -3.3079226912480397 0
      vertex 100.8831687011005 -3.6664593607459435 0
      vertex 100.5 -4.330127018922193 19
    endloop
  endfacet
  facet normal -0.8660254037844294 0.5000000000000159 1.1412165962387343e-15
    outer loop
      vertex 101.19033423098475 -3.134433056652631 0
      vertex 101.09016994374947 -3.3079226912480397 0
      vertex 100.5 -4.330127018922193 19
    endloop
  endfacet
  facet normal -0.8660254037844405 0.4999999999999968 -4.642139749541433e-16
    outer loop
      vertex 101.68124552684678 -2.2841497502101036 0
      vertex 101.19033423098475 -3.134433056652631 0
      vertex 100.5 -4.330127018922193 19
    endloop
  endfacet
  facet normal -0.8660254037844483 0.4999999999999833 -2.3990068956026563e-15
    outer loop
      vertex 101.68124552684678 -2.2841497502101036 0
      vertex 100.5 -4.330127018922193 19
      vertex 101.79450592537975 -2.0879769854654873 0
    endloop
  endfacet
  facet normal -0.8660254037844407 0.4999999999999965 -3.2192468414592604e-16
    outer loop
      vertex 101.79450592537975 -2.0879769854654873 0
      vertex 100.5 -4.330127018922193 19
      vertex 101.9714789063478 -1.7814507908619095 0
    endloop
  endfacet
  facet normal -0.8660254037843766 0.5000000000001074 1.9494138490131903e-14
    outer loop
      vertex 101.9714789063478 -1.7814507908619095 0
      vertex 100.5 -4.330127018922193 19
      vertex 101.99665752312609 -1.7378401473376157 0
    endloop
  endfacet
  facet normal 0.8660254037844386 0.5 0
    outer loop
      vertex 93 0 19
      vertex 95.5 -4.330127018922193 0
      vertex 93 0 0
    endloop
  endfacet
  facet normal -0.8660254037844421 0.4999999999999939 -1.1361385205617749e-15
    outer loop
      vertex 102.34638862549008 -1.1320881090561041 0
      vertex 101.99665752312609 -1.7378401473376157 0
      vertex 100.5 -4.330127018922193 19
    endloop
  endfacet
  facet normal -0.8660254037843995 0.5000000000000678 1.5447894199680338e-14
    outer loop
      vertex 102.3831505088868 -1.0684146592310715 0
      vertex 102.34638862549008 -1.1320881090561041 0
      vertex 100.5 -4.330127018922193 19
    endloop
  endfacet
  facet normal -0.8660254037844405 0.4999999999999968 -8.014475460969305e-16
    outer loop
      vertex 102.3831505088868 -1.0684146592310715 0
      vertex 100.5 -4.330127018922193 19
      vertex 102.53990499739547 -0.7969079208195852 0
    endloop
  endfacet
  facet normal -0.8660254037843742 0.5000000000001117 2.7681959191595854e-14
    outer loop
      vertex 102.53990499739547 -0.7969079208195852 0
      vertex 100.5 -4.330127018922193 19
      vertex 102.56284742680529 -0.7571704674327199 0
    endloop
  endfacet
  facet normal -0.866025403784444 0.4999999999999904 -2.7222608792279663e-15
    outer loop
      vertex 102.94492090243648 -0.09539979541505625 0
      vertex 102.56284742680529 -0.7571704674327199 0
      vertex 100.5 -4.330127018922193 19
    endloop
  endfacet
  facet normal -0.8660254037843083 0.5000000000002258 6.724181905956306e-14
    outer loop
      vertex 102.95394487026091 -0.07976982465728084 0
      vertex 102.94492090243648 -0.09539979541505625 0
      vertex 100.5 -4.330127018922193 19
    endloop
  endfacet
  facet normal -0.8660254037844501 0.4999999999999799 -6.121754885096378e-15
    outer loop
      vertex 103 0 0
      vertex 102.95394487026091 -0.07976982465728084 0
      vertex 100.5 -4.330127018922193 19
    endloop
  endfacet
  facet normal 0 1 0
    outer loop
      vertex 95.5 -4.330127018922193 19
      vertex 100.5 -4.330127018922193 19
      vertex 100.5 -4.330127018922193 0
    endloop
  endfacet
  facet normal 0.8660254037844386 0.5 0
    outer loop
      vertex 93 0 19
      vertex 95.5 -4.330127018922193 19
      vertex 95.5 -4.330127018922193 0
    endloop
  endfacet
  facet normal -0.8660254037844386 0.5 0
    outer loop
      vertex 103 0 0
      vertex 100.5 -4.330127018922193 19
      vertex 103 0 19
    endloop
  endfacet
  facet normal -0.8660254037844074 -0.5000000000000541 0
    outer loop
      vertex 102.95638473257533 0.0755438591652212 0
      vertex 103 0 0
      vertex 103 0 19
    endloop
  endfacet
  facet normal -0.8660254037846016 -0.49999999999971767 1.782689340214052e-15
    outer loop
      vertex 102.95638473257533 0.0755438591652212 0
      vertex 103 0 19
      vertex 102.95175213513501 0.08356775330287552 0
    endloop
  endfacet
  facet normal -0.8660254037844416 -0.49999999999999495 1.5733628072192003e-16
    outer loop
      vertex 102.95175213513501 0.08356775330287552 0
      vertex 103 0 19
      vertex 102.55134955627925 0.7770853633626672 0
    endloop
  endfacet
  facet normal -0.866025403784389 -0.5000000000000863 -4.818529647927974e-15
    outer loop
      vertex 102.53990499739547 0.7969079208195852 0
      vertex 102.55134955627925 0.7770853633626672 0
      vertex 103 0 19
    endloop
  endfacet
  facet normal -0.8660254037844414 -0.4999999999999952 2.718123943348122e-16
    outer loop
      vertex 102.53990499739547 0.7969079208195852 0
      vertex 103 0 19
      vertex 102.44047919381082 0.9691184642115673 0
    endloop
  endfacet
  facet normal -0.8660254037844425 -0.49999999999999334 7.494776227151143e-16
    outer loop
      vertex 102.41582934044294 1.0118132626438388 0
      vertex 103 0 19
      vertex 101.97922707455388 1.7680305698634076 0
    endloop
  endfacet
  facet normal -0.866025403784456 -0.49999999999997 3.6470210325571664e-15
    outer loop
      vertex 101.97147890634781 1.7814507908619006 0
      vertex 101.97922707455388 1.7680305698634076 0
      vertex 103 0 19
    endloop
  endfacet
  facet normal -0.866025403784443 -0.49999999999999223 8.651186277131217e-16
    outer loop
      vertex 101.97147890634781 1.7814507908619006 0
      vertex 103 0 19
      vertex 101.91491156320896 1.8794283032275767 0
    endloop
  endfacet
  facet normal -0.8660254037843741 -0.5000000000001118 -7.656015276145399e-15
    outer loop
      vertex 102.44047919381082 0.9691184642115673 0
      vertex 103 0 19
      vertex 102.41582934044294 1.0118132626438388 0
    endloop
  endfacet
  facet normal -0.8660254037844511 -0.4999999999999783 2.706313318433947e-15
    outer loop
      vertex 101.91491156320896 1.8794283032275767 0
      vertex 103 0 19
      vertex 101.85836937728172 1.9773622420245713 0
    endloop
  endfacet
  facet normal -0.8660254037844329 -0.5000000000000098 -1.6701023155668922e-15
    outer loop
      vertex 101.32655859454015 2.8984855377459255 0
      vertex 101.85836937728172 1.9773622420245713 0
      vertex 103 0 19
    endloop
  endfacet
  facet normal -0.8660254037844967 -0.49999999999989936 2.0788069253652572e-14
    outer loop
      vertex 101.32655859454015 2.8984855377459255 0
      vertex 103 0 19
      vertex 101.28620488288698 2.9683802166032156 0
    endloop
  endfacet
  facet normal -0.8660254037844376 -0.5000000000000019 -5.351227176270884e-16
    outer loop
      vertex 100.5 4.330127018922193 0
      vertex 101.28620488288698 2.9683802166032156 0
      vertex 103 0 19
    endloop
  endfacet
  facet normal 0.8660254037844386 -0.5 0
    outer loop
      vertex 93 0 0
      vertex 95.5 4.330127018922193 0
      vertex 95.5 4.330127018922193 19
    endloop
  endfacet
  facet normal 0 -1 0
    outer loop
      vertex 95.5 4.330127018922193 0
      vertex 98 4.330127018922193 0
      vertex 100.5 4.330127018922193 19
    endloop
  endfacet
  facet normal 0 -1 0
    outer loop
      vertex 98 4.330127018922193 0
      vertex 98.53914569925007 4.330127018922193 0
      vertex 100.5 4.330127018922193 19
    endloop
  endfacet
  facet normal 0 -1 0
    outer loop
      vertex 98.53914569925007 4.330127018922193 0
      vertex 98.61347277948468 4.330127018922193 0
      vertex 100.5 4.330127018922193 19
    endloop
  endfacet
  facet normal 0 -1 0
    outer loop
      vertex 99.16385822108559 4.330127018922193 0
      vertex 100.5 4.330127018922193 19
      vertex 98.61347277948468 4.330127018922193 0
    endloop
  endfacet
  facet normal 0 -1 0
    outer loop
      vertex 99.16385822108559 4.330127018922193 0
      vertex 99.16550157503409 4.330127018922193 0
      vertex 100.5 4.330127018922193 19
    endloop
  endfacet
  facet normal 0 -1 0
    outer loop
      vertex 99.16550157503409 4.330127018922193 0
      vertex 99.4772092381003 4.330127018922193 0
      vertex 100.5 4.330127018922193 19
    endloop
  endfacet
  facet normal 0 -1 0
    outer loop
      vertex 99.4772092381003 4.330127018922193 0
      vertex 99.55066478900652 4.330127018922193 0
      vertex 100.5 4.330127018922193 19
    endloop
  endfacet
  facet normal 0 -1 0
    outer loop
      vertex 100.5 4.330127018922193 19
      vertex 99.55066478900652 4.330127018922193 0
      vertex 100.40276474076897 4.330127018922193 0
    endloop
  endfacet
  facet normal 0 -1 0
    outer loop
      vertex 100.5 4.330127018922193 19
      vertex 100.40276474076897 4.330127018922193 0
      vertex 100.47875797718163 4.330127018922193 0
    endloop
  endfacet
  facet normal 0 -1 0
    outer loop
      vertex 100.47875797718163 4.330127018922193 0
      vertex 100.5 4.330127018922193 0
      vertex 100.5 4.330127018922193 19
    endloop
  endfacet
  facet normal 0.8660254037844386 -0.5 0
    outer loop
      vertex 95.5 4.330127018922193 19
      vertex 93 0 19
      vertex 93 0 0
    endloop
  endfacet
  facet normal 0 -1 0
    outer loop
      vertex 100.5 4.330127018922193 19
      vertex 95.5 4.330127018922193 19
      vertex 95.5 4.330127018922193 0
    endloop
  endfacet
  facet normal -0.8660254037844386 -0.5 0
    outer loop
      vertex 100.5 4.330127018922193 0
      vertex 103 0 19
      vertex 100.5 4.330127018922193 19
    endloop
  endfacet
endsolid OpenSCAD_Model
