solid OpenSCAD_Model
  facet normal -0.5305395024366841 -0.4677334893312972 -0.7069322593517746
    outer loop
      vertex -34.67309592491052 -28.684079538691034 4
      vertex -31.591042953807364 -26.134383579696276 0
      vertex -32.803588233963524 -30.80461976679098 4
    endloop
  endfacet
  facet normal -0.5001233751224766 -0.5001233751224766 -0.7069322593517748
    outer loop
      vertex -32.803588233963524 -30.80461976679098 4
      vertex -29.887713724277877 -28.06643134307623 0
      vertex -30.80461976679098 -32.803588233963524 4
    endloop
  endfacet
  facet normal -0.5305395024366838 -0.46773348933129755 -0.7069322593517748
    outer loop
      vertex -32.803588233963524 -30.80461976679098 4
      vertex -31.591042953807364 -26.134383579696276 0
      vertex -29.887713724277877 -28.06643134307623 0
    endloop
  endfacet
  facet normal -0.4677334893312976 -0.5305395024366839 -0.7069322593517746
    outer loop
      vertex -28.684079538691034 -34.67309592491052 4
      vertex -28.06643134307623 -29.887713724277877 0
      vertex -26.134383579696276 -31.591042953807364 0
    endloop
  endfacet
  facet normal -0.46773348933129716 -0.530539502436684 -0.7069322593517748
    outer loop
      vertex -28.684079538691034 -34.67309592491052 4
      vertex -30.80461976679098 -32.803588233963524 4
      vertex -28.06643134307623 -29.887713724277877 0
    endloop
  endfacet
  facet normal -0.5001233751224766 -0.5001233751224766 -0.7069322593517747
    outer loop
      vertex -30.80461976679098 -32.803588233963524 4
      vertex -29.887713724277877 -28.06643134307623 0
      vertex -28.06643134307623 -29.887713724277877 0
    endloop
  endfacet
  facet normal 0.7071067811865476 0.7071067811865476 0
    outer loop
      vertex -29.887713724277877 -28.06643134307623 39
      vertex -28.06643134307623 -29.887713724277877 0
      vertex -29.887713724277877 -28.06643134307623 0
    endloop
  endfacet
  facet normal -0.7901550123756906 -0.6129070536529762 0
    outer loop
      vertex -34.67309592491052 -28.684079538691034 4
      vertex -34.67309592491052 -28.684079538691034 40
      vertex -36.405764746872634 -26.45033635316129 40
    endloop
  endfacet
  facet normal -0.6129070536529762 -0.7901550123756906 0
    outer loop
      vertex -28.684079538691034 -34.67309592491052 4
      vertex -26.45033635316129 -36.405764746872634 40
      vertex -28.684079538691034 -34.67309592491052 40
    endloop
  endfacet
  facet normal -0.7071067811865475 -0.7071067811865475 0
    outer loop
      vertex -32.803588233963524 -30.80461976679098 4
      vertex -30.80461976679098 -32.803588233963524 4
      vertex -32.803588233963524 -30.80461976679098 40
    endloop
  endfacet
  facet normal -0.7501110696304588 -0.6613118653236526 0
    outer loop
      vertex -34.67309592491052 -28.684079538691034 4
      vertex -32.803588233963524 -30.80461976679098 4
      vertex -34.67309592491052 -28.684079538691034 40
    endloop
  endfacet
  facet normal -0.6613118653236526 -0.7501110696304588 0
    outer loop
      vertex -28.684079538691034 -34.67309592491052 4
      vertex -28.684079538691034 -34.67309592491052 40
      vertex -30.80461976679098 -32.803588233963524 4
    endloop
  endfacet
  facet normal -0.7071067811865475 -0.7071067811865475 0
    outer loop
      vertex -30.80461976679098 -32.803588233963524 4
      vertex -30.80461976679098 -32.803588233963524 40
      vertex -32.803588233963524 -30.80461976679098 40
    endloop
  endfacet
  facet normal -0.7501110696304588 -0.6613118653236526 0
    outer loop
      vertex -32.803588233963524 -30.80461976679098 4
      vertex -32.803588233963524 -30.80461976679098 40
      vertex -34.67309592491052 -28.684079538691034 40
    endloop
  endfacet
  facet normal -0.6613118653236526 -0.7501110696304588 0
    outer loop
      vertex -30.80461976679098 -32.803588233963524 4
      vertex -28.684079538691034 -34.67309592491052 40
      vertex -30.80461976679098 -32.803588233963524 40
    endloop
  endfacet
  facet normal 0.7071067811865476 0.7071067811865476 0
    outer loop
      vertex -29.887713724277877 -28.06643134307623 39
      vertex -28.06643134307623 -29.887713724277877 39
      vertex -28.06643134307623 -29.887713724277877 0
    endloop
  endfacet
  facet normal -0.7665852048370574 -0.5946244368658756 -0.2424229832480145
    outer loop
      vertex -34.67309592491052 -28.684079538691034 40
      vertex -44.49593469062211 -32.328188876086024 80
      vertex -36.405764746872634 -26.45033635316129 40
    endloop
  endfacet
  facet normal -0.72773574672941 -0.6415853646439582 -0.24242298324801453
    outer loop
      vertex -34.67309592491052 -28.684079538691034 40
      vertex -32.803588233963524 -30.80461976679098 40
      vertex -42.378228352668415 -35.05831943617793 80
    endloop
  endfacet
  facet normal -0.6860142481002609 -0.6860142481002609 -0.24242298324801448
    outer loop
      vertex -32.803588233963524 -30.80461976679098 40
      vertex -30.80461976679098 -32.803588233963524 40
      vertex -40.09327450817764 -37.650090826077864 80
    endloop
  endfacet
  facet normal -0.6415853646439582 -0.72773574672941 -0.24242298324801453
    outer loop
      vertex -28.684079538691034 -34.67309592491052 40
      vertex -35.05831943617793 -42.378228352668415 80
      vertex -30.80461976679098 -32.803588233963524 40
    endloop
  endfacet
  facet normal -0.5946244368658756 -0.7665852048370574 -0.2424229832480145
    outer loop
      vertex -28.684079538691034 -34.67309592491052 40
      vertex -26.45033635316129 -36.405764746872634 40
      vertex -32.328188876086024 -44.49593469062211 80
    endloop
  endfacet
  facet normal 0.7297320232573167 0.6433453191464598 0.23151236374138415
    outer loop
      vertex -31.591042953807364 -26.134383579696276 39
      vertex -38.92926431357679 -32.20508824396951 79
      vertex -29.887713724277877 -28.06643134307623 39
    endloop
  endfacet
  facet normal 0.6878960769748862 0.6878960769748862 0.2315123637413841
    outer loop
      vertex -29.887713724277877 -28.06643134307623 39
      vertex -36.83027208067227 -34.58592759001612 79
      vertex -28.06643134307623 -29.887713724277877 39
    endloop
  endfacet
  facet normal 0.6433453191464598 0.7297320232573167 0.23151236374138415
    outer loop
      vertex -28.06643134307623 -29.887713724277877 39
      vertex -32.20508824396951 -38.92926431357679 79
      vertex -26.134383579696276 -31.591042953807364 39
    endloop
  endfacet
  facet normal -0.9177546256839805 -0.3971478906347821 0
    outer loop
      vertex -41.839941864971316 -16.565604870810503 4
      vertex -40.71721736097088 -19.16006812042826 4
      vertex -41.839941864971316 -16.565604870810503 40
    endloop
  endfacet
  facet normal -0.940880768954226 -0.3387379202452898 0
    outer loop
      vertex -41.839941864971316 -16.565604870810503 4
      vertex -42.79754323328191 -13.905764746872633 40
      vertex -42.79754323328191 -13.905764746872633 4
    endloop
  endfacet
  facet normal -0.940880768954226 -0.3387379202452898 0
    outer loop
      vertex -41.839941864971316 -16.565604870810503 4
      vertex -41.839941864971316 -16.565604870810503 40
      vertex -42.79754323328191 -13.905764746872633 40
    endloop
  endfacet
  facet normal -0.6791977279353123 -0.19732518099650737 -0.7069322593517747
    outer loop
      vertex -42.79754323328191 -13.905764746872633 4
      vertex -43.5862422507884 -11.191044922418468 4
      vertex -39.71190960627388 -10.196285373759048 0
    endloop
  endfacet
  facet normal -0.6902476369981818 -0.15428862662627152 -0.706932259351775
    outer loop
      vertex -43.5862422507884 -11.191044922418468 4
      vertex -44.20292628279099 -8.432159156357617 4
      vertex -40.273777279876235 -7.682633898014718 0
    endloop
  endfacet
  facet normal -0.6985734539819684 -0.1106431655345125 -0.7069322593517748
    outer loop
      vertex -44.20292628279099 -8.432159156357617 4
      vertex -40.67670275389359 -5.138662576136467 0
      vertex -40.273777279876235 -7.682633898014718 0
    endloop
  endfacet
  facet normal -0.6985734539819687 -0.11064316553451203 -0.7069322593517747
    outer loop
      vertex -44.20292628279099 -8.432159156357617 4
      vertex -44.645161559151504 -5.639995510393683 4
      vertex -40.67670275389359 -5.138662576136467 0
    endloop
  endfacet
  facet normal -0.7041423206907415 -0.06656104641644275 -0.7069322593517748
    outer loop
      vertex -44.91120277927222 -2.8255733788190973 4
      vertex -40.919095865559136 -2.5744113007018443 0
      vertex -44.645161559151504 -5.639995510393683 4
    endloop
  endfacet
  facet normal -0.7041423206907418 -0.06656104641644227 -0.7069322593517748
    outer loop
      vertex -44.645161559151504 -5.639995510393683 4
      vertex -40.919095865559136 -2.5744113007018443 0
      vertex -40.67670275389359 -5.138662576136467 0
    endloop
  endfacet
  facet normal -0.7069322593517748 -0.022216241257015535 -0.7069322593517748
    outer loop
      vertex -44.91120277927222 -2.8255733788190973 4
      vertex -45 0 4
      vertex -41 0 0
    endloop
  endfacet
  facet normal -0.7069322593517748 -0.02221624125701571 -0.706932259351775
    outer loop
      vertex -44.91120277927222 -2.8255733788190973 4
      vertex -41 0 0
      vertex -40.919095865559136 -2.5744113007018443 0
    endloop
  endfacet
  facet normal -0.9602936856769425 -0.2789911060392315 0
    outer loop
      vertex -42.79754323328191 -13.905764746872633 4
      vertex -43.5862422507884 -11.191044922418468 40
      vertex -43.5862422507884 -11.191044922418468 4
    endloop
  endfacet
  facet normal -0.9759167619387474 -0.21814324139654234 0
    outer loop
      vertex -43.5862422507884 -11.191044922418468 4
      vertex -44.20292628279099 -8.432159156357617 40
      vertex -44.20292628279099 -8.432159156357617 4
    endloop
  endfacet
  facet normal -0.9602936856769425 -0.2789911060392315 0
    outer loop
      vertex -42.79754323328191 -13.905764746872633 4
      vertex -42.79754323328191 -13.905764746872633 40
      vertex -43.5862422507884 -11.191044922418468 40
    endloop
  endfacet
  facet normal -0.9759167619387474 -0.21814324139654234 0
    outer loop
      vertex -43.5862422507884 -11.191044922418468 4
      vertex -43.5862422507884 -11.191044922418468 40
      vertex -44.20292628279099 -8.432159156357617 40
    endloop
  endfacet
  facet normal -0.9876883405951378 -0.15643446504023045 0
    outer loop
      vertex -44.20292628279099 -8.432159156357617 4
      vertex -44.20292628279099 -8.432159156357617 40
      vertex -44.645161559151504 -5.639995510393683 40
    endloop
  endfacet
  facet normal -0.99556196460308 -0.09410831331851498 0
    outer loop
      vertex -44.91120277927222 -2.8255733788190973 4
      vertex -44.645161559151504 -5.639995510393683 4
      vertex -44.91120277927222 -2.8255733788190973 40
    endloop
  endfacet
  facet normal -0.9995065603657316 -0.031410759078127376 0
    outer loop
      vertex -44.91120277927222 -2.8255733788190973 4
      vertex -45 0 40
      vertex -45 0 4
    endloop
  endfacet
  facet normal -0.9876883405951378 -0.15643446504023045 0
    outer loop
      vertex -44.20292628279099 -8.432159156357617 4
      vertex -44.645161559151504 -5.639995510393683 40
      vertex -44.645161559151504 -5.639995510393683 4
    endloop
  endfacet
  facet normal -0.99556196460308 -0.09410831331851498 0
    outer loop
      vertex -44.645161559151504 -5.639995510393683 4
      vertex -44.645161559151504 -5.639995510393683 40
      vertex -44.91120277927222 -2.8255733788190973 40
    endloop
  endfacet
  facet normal -0.9995065603657316 -0.031410759078127376 0
    outer loop
      vertex -44.91120277927222 -2.8255733788190973 4
      vertex -44.91120277927222 -2.8255733788190973 40
      vertex -45 0 40
    endloop
  endfacet
  facet normal -0.5849785906597089 -0.39755103968871125 -0.7069322593517751
    outer loop
      vertex -37.99475664759068 -24.112205774054853 4
      vertex -34.61744494558261 -21.968898594138867 0
      vertex -36.405764746872634 -26.45033635316129 4
    endloop
  endfacet
  facet normal -0.5588618327152183 -0.4334976731448308 -0.7069322593517746
    outer loop
      vertex -34.67309592491052 -28.684079538691034 4
      vertex -36.405764746872634 -26.45033635316129 4
      vertex -33.16969676937285 -24.099195343991397 0
    endloop
  endfacet
  facet normal -0.5849785906597101 -0.3975510396887102 -0.7069322593517746
    outer loop
      vertex -36.405764746872634 -26.45033635316129 4
      vertex -34.61744494558261 -21.968898594138867 0
      vertex -33.16969676937285 -24.099195343991397 0
    endloop
  endfacet
  facet normal -0.6087867053581637 -0.36003545390273284 -0.7069322593517752
    outer loop
      vertex -37.99475664759068 -24.112205774054853 4
      vertex -35.9285738817984 -19.75190063817033 0
      vertex -34.61744494558261 -21.968898594138867 0
    endloop
  endfacet
  facet normal -0.6087867053581639 -0.3600354539027327 -0.7069322593517751
    outer loop
      vertex -37.99475664759068 -24.112205774054853 4
      vertex -39.43380060197386 -21.67891533457719 4
      vertex -35.9285738817984 -19.75190063817033 0
    endloop
  endfacet
  facet normal -0.6301922170587596 -0.3210989726647544 -0.7069322593517744
    outer loop
      vertex -39.43380060197386 -21.67891533457719 4
      vertex -40.71721736097088 -19.16006812042826 4
      vertex -37.097909151106805 -17.45695095416797 0
    endloop
  endfacet
  facet normal -0.6491106479860613 -0.28089526047783564 -0.7069322593517744
    outer loop
      vertex -40.71721736097088 -19.16006812042826 4
      vertex -38.12083592141831 -15.093106660071792 0
      vertex -37.097909151106805 -17.45695095416797 0
    endloop
  endfacet
  facet normal -0.6491106479860609 -0.2808952604778361 -0.7069322593517746
    outer loop
      vertex -41.839941864971316 -16.565604870810503 4
      vertex -38.12083592141831 -15.093106660071792 0
      vertex -40.71721736097088 -19.16006812042826 4
    endloop
  endfacet
  facet normal -0.6654673357362101 -0.23958298302664505 -0.7069322593517746
    outer loop
      vertex -41.839941864971316 -16.565604870810503 4
      vertex -38.99331716810129 -12.669696769372843 0
      vertex -38.12083592141831 -15.093106660071792 0
    endloop
  endfacet
  facet normal -0.6654673357362094 -0.2395829830266456 -0.7069322593517748
    outer loop
      vertex -41.839941864971316 -16.565604870810503 4
      vertex -42.79754323328191 -13.905764746872633 4
      vertex -38.99331716810129 -12.669696769372843 0
    endloop
  endfacet
  facet normal -0.6301922170587583 -0.32109897266475573 -0.7069322593517752
    outer loop
      vertex -39.43380060197386 -21.67891533457719 4
      vertex -37.097909151106805 -17.45695095416797 0
      vertex -35.9285738817984 -19.75190063817033 0
    endloop
  endfacet
  facet normal 0.8910065241883671 0.45399049973954825 0
    outer loop
      vertex -37.097909151106805 -17.45695095416797 39
      vertex -35.9285738817984 -19.75190063817033 0
      vertex -37.097909151106805 -17.45695095416797 0
    endloop
  endfacet
  facet normal 0.8607420270039441 0.5090414157503705 0
    outer loop
      vertex -35.9285738817984 -19.75190063817033 39
      vertex -34.61744494558261 -21.968898594138867 0
      vertex -35.9285738817984 -19.75190063817033 0
    endloop
  endfacet
  facet normal 0.9177546256839808 0.3971478906347814 0
    outer loop
      vertex -38.12083592141831 -15.093106660071792 39
      vertex -37.097909151106805 -17.45695095416797 0
      vertex -38.12083592141831 -15.093106660071792 0
    endloop
  endfacet
  facet normal -0.5588618327152183 -0.4334976731448309 -0.7069322593517746
    outer loop
      vertex -34.67309592491052 -28.684079538691034 4
      vertex -33.16969676937285 -24.099195343991397 0
      vertex -31.591042953807364 -26.134383579696276 0
    endloop
  endfacet
  facet normal 0.7501110696304585 0.6613118653236533 0
    outer loop
      vertex -31.591042953807364 -26.134383579696276 39
      vertex -29.887713724277877 -28.06643134307623 0
      vertex -31.591042953807364 -26.134383579696276 0
    endloop
  endfacet
  facet normal 0.7901550123756905 0.6129070536529763 0
    outer loop
      vertex -33.16969676937285 -24.099195343991397 39
      vertex -31.591042953807364 -26.134383579696276 0
      vertex -33.16969676937285 -24.099195343991397 0
    endloop
  endfacet
  facet normal 0.8270805742745627 0.5620833778521293 0
    outer loop
      vertex -34.61744494558261 -21.968898594138867 39
      vertex -33.16969676937285 -24.099195343991397 0
      vertex -34.61744494558261 -21.968898594138867 0
    endloop
  endfacet
  facet normal -0.8607420270039442 -0.5090414157503703 0
    outer loop
      vertex -37.99475664759068 -24.112205774054853 4
      vertex -39.43380060197386 -21.67891533457719 40
      vertex -39.43380060197386 -21.67891533457719 4
    endloop
  endfacet
  facet normal -0.8270805742745615 -0.562083377852131 0
    outer loop
      vertex -37.99475664759068 -24.112205774054853 4
      vertex -36.405764746872634 -26.45033635316129 4
      vertex -37.99475664759068 -24.112205774054853 40
    endloop
  endfacet
  facet normal -0.7901550123756906 -0.6129070536529762 0
    outer loop
      vertex -34.67309592491052 -28.684079538691034 4
      vertex -36.405764746872634 -26.45033635316129 40
      vertex -36.405764746872634 -26.45033635316129 4
    endloop
  endfacet
  facet normal -0.8910065241883683 -0.45399049973954597 0
    outer loop
      vertex -39.43380060197386 -21.67891533457719 4
      vertex -39.43380060197386 -21.67891533457719 40
      vertex -40.71721736097088 -19.16006812042826 40
    endloop
  endfacet
  facet normal -0.8607420270039442 -0.5090414157503703 0
    outer loop
      vertex -37.99475664759068 -24.112205774054853 4
      vertex -37.99475664759068 -24.112205774054853 40
      vertex -39.43380060197386 -21.67891533457719 40
    endloop
  endfacet
  facet normal -0.8270805742745615 -0.562083377852131 0
    outer loop
      vertex -36.405764746872634 -26.45033635316129 4
      vertex -36.405764746872634 -26.45033635316129 40
      vertex -37.99475664759068 -24.112205774054853 40
    endloop
  endfacet
  facet normal 0.8607420270039441 0.5090414157503705 0
    outer loop
      vertex -35.9285738817984 -19.75190063817033 39
      vertex -34.61744494558261 -21.968898594138867 39
      vertex -34.61744494558261 -21.968898594138867 0
    endloop
  endfacet
  facet normal -0.8910065241883683 -0.45399049973954597 0
    outer loop
      vertex -39.43380060197386 -21.67891533457719 4
      vertex -40.71721736097088 -19.16006812042826 40
      vertex -40.71721736097088 -19.16006812042826 4
    endloop
  endfacet
  facet normal -0.9177546256839805 -0.3971478906347821 0
    outer loop
      vertex -40.71721736097088 -19.16006812042826 4
      vertex -40.71721736097088 -19.16006812042826 40
      vertex -41.839941864971316 -16.565604870810503 40
    endloop
  endfacet
  facet normal 0.9408807689542265 0.3387379202452888 0
    outer loop
      vertex -38.99331716810129 -12.669696769372843 39
      vertex -38.12083592141831 -15.093106660071792 39
      vertex -38.12083592141831 -15.093106660071792 0
    endloop
  endfacet
  facet normal 0.8910065241883671 0.45399049973954825 0
    outer loop
      vertex -35.9285738817984 -19.75190063817033 39
      vertex -35.9285738817984 -19.75190063817033 0
      vertex -37.097909151106805 -17.45695095416797 39
    endloop
  endfacet
  facet normal 0.9177546256839808 0.3971478906347814 0
    outer loop
      vertex -37.097909151106805 -17.45695095416797 39
      vertex -37.097909151106805 -17.45695095416797 0
      vertex -38.12083592141831 -15.093106660071792 39
    endloop
  endfacet
  facet normal 0.7901550123756905 0.6129070536529763 0
    outer loop
      vertex -31.591042953807364 -26.134383579696276 39
      vertex -31.591042953807364 -26.134383579696276 0
      vertex -33.16969676937285 -24.099195343991397 39
    endloop
  endfacet
  facet normal 0.8270805742745627 0.5620833778521293 0
    outer loop
      vertex -33.16969676937285 -24.099195343991397 39
      vertex -33.16969676937285 -24.099195343991397 0
      vertex -34.61744494558261 -21.968898594138867 39
    endloop
  endfacet
  facet normal 0.7501110696304585 0.6613118653236533 0
    outer loop
      vertex -31.591042953807364 -26.134383579696276 39
      vertex -29.887713724277877 -28.06643134307623 39
      vertex -29.887713724277877 -28.06643134307623 0
    endloop
  endfacet
  facet normal -0.6791977279353123 -0.19732518099650756 -0.7069322593517748
    outer loop
      vertex -42.79754323328191 -13.905764746872633 4
      vertex -39.71190960627388 -10.196285373759048 0
      vertex -38.99331716810129 -12.669696769372843 0
    endloop
  endfacet
  facet normal -0.6902476369981819 -0.15428862662627132 -0.7069322593517747
    outer loop
      vertex -43.5862422507884 -11.191044922418468 4
      vertex -40.273777279876235 -7.682633898014718 0
      vertex -39.71190960627388 -10.196285373759048 0
    endloop
  endfacet
  facet normal 0.9408807689542265 0.3387379202452888 0
    outer loop
      vertex -38.99331716810129 -12.669696769372843 39
      vertex -38.12083592141831 -15.093106660071792 0
      vertex -38.99331716810129 -12.669696769372843 0
    endloop
  endfacet
  facet normal 0.9602936856769423 0.2789911060392318 0
    outer loop
      vertex -39.71190960627388 -10.196285373759048 39
      vertex -38.99331716810129 -12.669696769372843 0
      vertex -39.71190960627388 -10.196285373759048 0
    endloop
  endfacet
  facet normal 0.9759167619387475 0.21814324139654204 0
    outer loop
      vertex -40.273777279876235 -7.682633898014718 39
      vertex -39.71190960627388 -10.196285373759048 0
      vertex -40.273777279876235 -7.682633898014718 0
    endloop
  endfacet
  facet normal 0.9876883405951377 0.15643446504023117 0
    outer loop
      vertex -40.67670275389359 -5.138662576136467 39
      vertex -40.273777279876235 -7.682633898014718 0
      vertex -40.67670275389359 -5.138662576136467 0
    endloop
  endfacet
  facet normal 0.99556196460308 0.09410831331851424 0
    outer loop
      vertex -40.919095865559136 -2.5744113007018443 39
      vertex -40.67670275389359 -5.138662576136467 0
      vertex -40.919095865559136 -2.5744113007018443 0
    endloop
  endfacet
  facet normal 0.9995065603657315 0.03141075907812762 0
    outer loop
      vertex -41 0 39
      vertex -40.919095865559136 -2.5744113007018443 0
      vertex -41 0 0
    endloop
  endfacet
  facet normal 0.9602936856769423 0.2789911060392318 0
    outer loop
      vertex -38.99331716810129 -12.669696769372843 39
      vertex -38.99331716810129 -12.669696769372843 0
      vertex -39.71190960627388 -10.196285373759048 39
    endloop
  endfacet
  facet normal 0.9759167619387475 0.21814324139654204 0
    outer loop
      vertex -39.71190960627388 -10.196285373759048 39
      vertex -39.71190960627388 -10.196285373759048 0
      vertex -40.273777279876235 -7.682633898014718 39
    endloop
  endfacet
  facet normal 0.9876883405951377 0.15643446504023117 0
    outer loop
      vertex -40.273777279876235 -7.682633898014718 39
      vertex -40.273777279876235 -7.682633898014718 0
      vertex -40.67670275389359 -5.138662576136467 39
    endloop
  endfacet
  facet normal 0.99556196460308 0.09410831331851424 0
    outer loop
      vertex -40.67670275389359 -5.138662576136467 39
      vertex -40.67670275389359 -5.138662576136467 0
      vertex -40.919095865559136 -2.5744113007018443 39
    endloop
  endfacet
  facet normal 0.9995065603657315 0.03141075907812762 0
    outer loop
      vertex -40.919095865559136 -2.5744113007018443 39
      vertex -40.919095865559136 -2.5744113007018443 0
      vertex -41 0 39
    endloop
  endfacet
  facet normal -0.8350666549577691 -0.4938570430506943 -0.24242298324801456
    outer loop
      vertex -37.99475664759068 -24.112205774054853 40
      vertex -48.196867402412494 -26.496452075594345 80
      vertex -39.43380060197386 -21.67891533457719 40
    endloop
  endfacet
  facet normal -0.864428381973406 -0.4404482598807405 -0.24242298324801453
    outer loop
      vertex -39.43380060197386 -21.67891533457719 40
      vertex -49.765487885631075 -23.417861036078985 80
      vertex -40.71721736097088 -19.16006812042826 40
    endloop
  endfacet
  facet normal 0.915318884056885 0.32953507540736215 0.23151236374138412
    outer loop
      vertex -38.99331716810129 -12.669696769372843 39
      vertex -48.05099827567418 -15.612715763419962 79
      vertex -38.12083592141831 -15.093106660071792 39
    endloop
  endfacet
  facet normal -0.9128149106179274 -0.32863358949857513 -0.2424229832480145
    outer loop
      vertex -41.839941864971316 -16.565604870810503 40
      vertex -52.30810839623344 -16.995934690622107 80
      vertex -42.79754323328191 -13.905764746872633 40
    endloop
  endfacet
  facet normal -0.8903786050851553 -0.38530122865070887 -0.24242298324801453
    outer loop
      vertex -41.839941864971316 -16.565604870810503 40
      vertex -40.71721736097088 -19.16006812042826 40
      vertex -51.13770672385383 -20.246850397657283 80
    endloop
  endfacet
  facet normal -0.9658650019426427 -0.0913011238456117 -0.2424229832480144
    outer loop
      vertex -44.91120277927222 -2.8255733788190973 40
      vertex -44.645161559151504 -5.639995510393683 40
      vertex -54.891470063554934 -3.4534785741122302 80
    endloop
  endfacet
  facet normal -0.969691932992058 -0.030473796666298954 -0.2424229832480145
    outer loop
      vertex -44.91120277927222 -2.8255733788190973 40
      vertex -55 0 80
      vertex -45 0 40
    endloop
  endfacet
  facet normal 0.9342043899118677 0.2714114649462553 0.23151236374138387
    outer loop
      vertex -38.99331716810129 -12.669696769372843 39
      vertex -39.71190960627388 -10.196285373759048 39
      vertex -48.93651114083226 -12.564760489614809 79
    endloop
  endfacet
  facet normal 0.9494030178372587 0.21221671742910123 0.23151236374138395
    outer loop
      vertex -39.71190960627388 -10.196285373759048 39
      vertex -40.273777279876235 -7.682633898014718 39
      vertex -49.62889395348279 -9.467217846450191 79
    endloop
  endfacet
  facet normal 0.9608547857922258 0.15218444748085422 0.23151236374138393
    outer loop
      vertex -40.273777279876235 -7.682633898014718 39
      vertex -40.67670275389359 -5.138662576136467 39
      vertex -49.62889395348279 -9.467217846450191 79
    endloop
  endfacet
  facet normal -0.9316487527239528 -0.27066898370710285 -0.2424229832480143
    outer loop
      vertex -42.79754323328191 -13.905764746872633 40
      vertex -53.272073862074706 -13.677943794067017 80
      vertex -43.5862422507884 -11.191044922418468 40
    endloop
  endfacet
  facet normal -0.9468058028328072 -0.2116361710938288 -0.2424229832480144
    outer loop
      vertex -43.5862422507884 -11.191044922418468 40
      vertex -54.02579879007787 -10.305972302214865 80
      vertex -44.20292628279099 -8.432159156357617 40
    endloop
  endfacet
  facet normal -0.9582262429923059 -0.15176812720061908 -0.24242298324801456
    outer loop
      vertex -44.20292628279099 -8.432159156357617 40
      vertex -54.566308572296286 -6.8933278460367235 80
      vertex -44.645161559151504 -5.639995510393683 40
    endloop
  endfacet
  facet normal 0.9685144988804671 0.09155157504485968 0.23151236374138395
    outer loop
      vertex -40.67670275389359 -5.138662576136467 39
      vertex -40.919095865559136 -2.5744113007018443 39
      vertex -50.125414194983854 -6.332312419606029 79
    endloop
  endfacet
  facet normal 0.9723519277138133 0.030557390368098982 0.23151236374138398
    outer loop
      vertex -40.919095865559136 -2.5744113007018443 39
      vertex -41 0 39
      vertex -50.424112326780765 -3.172416248600066 79
    endloop
  endfacet
  facet normal 0.8373573545283505 0.49521175900028797 0.23151236374138406
    outer loop
      vertex -35.9285738817984 -19.75190063817033 39
      vertex -44.27435178697805 -24.340030867710475 79
      vertex -34.61744494558261 -21.968898594138867 39
    endloop
  endfacet
  facet normal 0.8046104174406292 0.546812675036793 0.23151236374138406
    outer loop
      vertex -33.16969676937285 -24.099195343991397 39
      vertex -34.61744494558261 -21.968898594138867 39
      vertex -42.65866328369704 -27.07201092727217 79
    endloop
  endfacet
  facet normal 0.7686880506268025 0.596255571259878 0.23151236374138415
    outer loop
      vertex -31.591042953807364 -26.134383579696276 39
      vertex -33.16969676937285 -24.099195343991397 39
      vertex -40.87462052532473 -29.697150127729238 79
    endloop
  endfacet
  facet normal -0.802409301360678 -0.54531679809355 -0.2424229832480144
    outer loop
      vertex -37.99475664759068 -24.112205774054853 40
      vertex -36.405764746872634 -26.45033635316129 40
      vertex -46.43803590261082 -29.470473723844822 80
    endloop
  endfacet
  facet normal 0.8667996246899342 0.44165646839174266 0.23151236374138412
    outer loop
      vertex -35.9285738817984 -19.75190063817033 39
      vertex -37.097909151106805 -17.45695095416797 39
      vertex -45.71530965078318 -21.511991826216278 79
    endloop
  endfacet
  facet normal 0.8928210327359484 0.3863581614760998 0.23151236374138395
    outer loop
      vertex -37.097909151106805 -17.45695095416797 39
      vertex -38.12083592141831 -15.093106660071792 39
      vertex -46.975850072734985 -18.599054780878248 79
    endloop
  endfacet
  facet normal -0.3971478906347821 -0.9177546256839805 0
    outer loop
      vertex -16.565604870810503 -41.839941864971316 4
      vertex -16.565604870810503 -41.839941864971316 40
      vertex -19.16006812042826 -40.71721736097088 4
    endloop
  endfacet
  facet normal -0.3387379202452898 -0.940880768954226 0
    outer loop
      vertex -16.565604870810503 -41.839941864971316 4
      vertex -13.905764746872633 -42.79754323328191 4
      vertex -13.905764746872633 -42.79754323328191 40
    endloop
  endfacet
  facet normal -0.3387379202452898 -0.940880768954226 0
    outer loop
      vertex -16.565604870810503 -41.839941864971316 4
      vertex -13.905764746872633 -42.79754323328191 40
      vertex -16.565604870810503 -41.839941864971316 40
    endloop
  endfacet
  facet normal -0.3975510396887115 -0.5849785906597094 -0.7069322593517746
    outer loop
      vertex -24.112205774054853 -37.99475664759068 4
      vertex -26.45033635316129 -36.405764746872634 4
      vertex -24.099195343991397 -33.16969676937285 0
    endloop
  endfacet
  facet normal -0.3600354539027326 -0.6087867053581638 -0.7069322593517752
    outer loop
      vertex -24.112205774054853 -37.99475664759068 4
      vertex -21.968898594138867 -34.61744494558261 0
      vertex -21.67891533457719 -39.43380060197386 4
    endloop
  endfacet
  facet normal -0.3975510396887099 -0.5849785906597098 -0.7069322593517752
    outer loop
      vertex -24.112205774054853 -37.99475664759068 4
      vertex -24.099195343991397 -33.16969676937285 0
      vertex -21.968898594138867 -34.61744494558261 0
    endloop
  endfacet
  facet normal -0.3600354539027329 -0.6087867053581637 -0.7069322593517751
    outer loop
      vertex -21.67891533457719 -39.43380060197386 4
      vertex -21.968898594138867 -34.61744494558261 0
      vertex -19.75190063817033 -35.9285738817984 0
    endloop
  endfacet
  facet normal 0.5090414157503705 0.8607420270039441 0
    outer loop
      vertex -21.968898594138867 -34.61744494558261 39
      vertex -19.75190063817033 -35.9285738817984 0
      vertex -21.968898594138867 -34.61744494558261 0
    endloop
  endfacet
  facet normal -0.4334976731448308 -0.5588618327152183 -0.7069322593517746
    outer loop
      vertex -28.684079538691034 -34.67309592491052 4
      vertex -26.134383579696276 -31.591042953807364 0
      vertex -26.45033635316129 -36.405764746872634 4
    endloop
  endfacet
  facet normal -0.43349767314483095 -0.5588618327152183 -0.7069322593517746
    outer loop
      vertex -26.45033635316129 -36.405764746872634 4
      vertex -26.134383579696276 -31.591042953807364 0
      vertex -24.099195343991397 -33.16969676937285 0
    endloop
  endfacet
  facet normal 0.6129070536529763 0.7901550123756905 0
    outer loop
      vertex -26.134383579696276 -31.591042953807364 39
      vertex -24.099195343991397 -33.16969676937285 0
      vertex -26.134383579696276 -31.591042953807364 0
    endloop
  endfacet
  facet normal 0.6613118653236533 0.7501110696304585 0
    outer loop
      vertex -28.06643134307623 -29.887713724277877 39
      vertex -26.134383579696276 -31.591042953807364 0
      vertex -28.06643134307623 -29.887713724277877 0
    endloop
  endfacet
  facet normal 0.5620833778521293 0.8270805742745627 0
    outer loop
      vertex -24.099195343991397 -33.16969676937285 39
      vertex -21.968898594138867 -34.61744494558261 0
      vertex -24.099195343991397 -33.16969676937285 0
    endloop
  endfacet
  facet normal -0.3210989726647541 -0.6301922170587592 -0.706932259351775
    outer loop
      vertex -21.67891533457719 -39.43380060197386 4
      vertex -19.75190063817033 -35.9285738817984 0
      vertex -19.16006812042826 -40.71721736097088 4
    endloop
  endfacet
  facet normal -0.28089526047783614 -0.649110647986061 -0.7069322593517744
    outer loop
      vertex -16.565604870810503 -41.839941864971316 4
      vertex -19.16006812042826 -40.71721736097088 4
      vertex -17.45695095416797 -37.097909151106805 0
    endloop
  endfacet
  facet normal -0.321098972664756 -0.6301922170587588 -0.7069322593517744
    outer loop
      vertex -19.16006812042826 -40.71721736097088 4
      vertex -19.75190063817033 -35.9285738817984 0
      vertex -17.45695095416797 -37.097909151106805 0
    endloop
  endfacet
  facet normal -0.28089526047783553 -0.649110647986061 -0.7069322593517746
    outer loop
      vertex -16.565604870810503 -41.839941864971316 4
      vertex -17.45695095416797 -37.097909151106805 0
      vertex -15.093106660071792 -38.12083592141831 0
    endloop
  endfacet
  facet normal -0.23958298302664494 -0.6654673357362098 -0.706932259351775
    outer loop
      vertex -13.905764746872633 -42.79754323328191 4
      vertex -15.093106660071792 -38.12083592141831 0
      vertex -12.669696769372843 -38.99331716810129 0
    endloop
  endfacet
  facet normal -0.23958298302664569 -0.6654673357362096 -0.7069322593517746
    outer loop
      vertex -16.565604870810503 -41.839941864971316 4
      vertex -15.093106660071792 -38.12083592141831 0
      vertex -13.905764746872633 -42.79754323328191 4
    endloop
  endfacet
  facet normal 0.45399049973954825 0.8910065241883671 0
    outer loop
      vertex -19.75190063817033 -35.9285738817984 39
      vertex -17.45695095416797 -37.097909151106805 0
      vertex -19.75190063817033 -35.9285738817984 0
    endloop
  endfacet
  facet normal 0.3387379202452888 0.9408807689542265 0
    outer loop
      vertex -15.093106660071792 -38.12083592141831 39
      vertex -12.669696769372843 -38.99331716810129 0
      vertex -15.093106660071792 -38.12083592141831 0
    endloop
  endfacet
  facet normal 0.3971478906347814 0.9177546256839808 0
    outer loop
      vertex -17.45695095416797 -37.097909151106805 39
      vertex -15.093106660071792 -38.12083592141831 0
      vertex -17.45695095416797 -37.097909151106805 0
    endloop
  endfacet
  facet normal -0.6129070536529762 -0.7901550123756906 0
    outer loop
      vertex -28.684079538691034 -34.67309592491052 4
      vertex -26.45033635316129 -36.405764746872634 4
      vertex -26.45033635316129 -36.405764746872634 40
    endloop
  endfacet
  facet normal -0.562083377852131 -0.8270805742745615 0
    outer loop
      vertex -24.112205774054853 -37.99475664759068 4
      vertex -24.112205774054853 -37.99475664759068 40
      vertex -26.45033635316129 -36.405764746872634 4
    endloop
  endfacet
  facet normal -0.5090414157503703 -0.8607420270039442 0
    outer loop
      vertex -24.112205774054853 -37.99475664759068 4
      vertex -21.67891533457719 -39.43380060197386 4
      vertex -21.67891533457719 -39.43380060197386 40
    endloop
  endfacet
  facet normal -0.562083377852131 -0.8270805742745615 0
    outer loop
      vertex -26.45033635316129 -36.405764746872634 4
      vertex -24.112205774054853 -37.99475664759068 40
      vertex -26.45033635316129 -36.405764746872634 40
    endloop
  endfacet
  facet normal -0.5090414157503703 -0.8607420270039442 0
    outer loop
      vertex -24.112205774054853 -37.99475664759068 4
      vertex -21.67891533457719 -39.43380060197386 40
      vertex -24.112205774054853 -37.99475664759068 40
    endloop
  endfacet
  facet normal -0.45399049973954597 -0.8910065241883683 0
    outer loop
      vertex -21.67891533457719 -39.43380060197386 4
      vertex -19.16006812042826 -40.71721736097088 40
      vertex -21.67891533457719 -39.43380060197386 40
    endloop
  endfacet
  facet normal 0.6613118653236533 0.7501110696304585 0
    outer loop
      vertex -28.06643134307623 -29.887713724277877 39
      vertex -26.134383579696276 -31.591042953807364 39
      vertex -26.134383579696276 -31.591042953807364 0
    endloop
  endfacet
  facet normal 0.6129070536529763 0.7901550123756905 0
    outer loop
      vertex -26.134383579696276 -31.591042953807364 39
      vertex -24.099195343991397 -33.16969676937285 39
      vertex -24.099195343991397 -33.16969676937285 0
    endloop
  endfacet
  facet normal 0.5620833778521293 0.8270805742745627 0
    outer loop
      vertex -24.099195343991397 -33.16969676937285 39
      vertex -21.968898594138867 -34.61744494558261 39
      vertex -21.968898594138867 -34.61744494558261 0
    endloop
  endfacet
  facet normal -0.45399049973954597 -0.8910065241883683 0
    outer loop
      vertex -21.67891533457719 -39.43380060197386 4
      vertex -19.16006812042826 -40.71721736097088 4
      vertex -19.16006812042826 -40.71721736097088 40
    endloop
  endfacet
  facet normal -0.3971478906347821 -0.9177546256839805 0
    outer loop
      vertex -19.16006812042826 -40.71721736097088 4
      vertex -16.565604870810503 -41.839941864971316 40
      vertex -19.16006812042826 -40.71721736097088 40
    endloop
  endfacet
  facet normal 0.5090414157503705 0.8607420270039441 0
    outer loop
      vertex -19.75190063817033 -35.9285738817984 39
      vertex -19.75190063817033 -35.9285738817984 0
      vertex -21.968898594138867 -34.61744494558261 39
    endloop
  endfacet
  facet normal 0.45399049973954825 0.8910065241883671 0
    outer loop
      vertex -19.75190063817033 -35.9285738817984 39
      vertex -17.45695095416797 -37.097909151106805 39
      vertex -17.45695095416797 -37.097909151106805 0
    endloop
  endfacet
  facet normal 0.3971478906347814 0.9177546256839808 0
    outer loop
      vertex -17.45695095416797 -37.097909151106805 39
      vertex -15.093106660071792 -38.12083592141831 39
      vertex -15.093106660071792 -38.12083592141831 0
    endloop
  endfacet
  facet normal -0.19732518099650737 -0.6791977279353123 -0.7069322593517748
    outer loop
      vertex -13.905764746872633 -42.79754323328191 4
      vertex -12.669696769372843 -38.99331716810129 0
      vertex -11.191044922418468 -43.5862422507884 4
    endloop
  endfacet
  facet normal -0.15428862662627132 -0.6902476369981819 -0.706932259351775
    outer loop
      vertex -8.432159156357617 -44.20292628279099 4
      vertex -10.196285373759048 -39.71190960627388 0
      vertex -7.682633898014718 -40.273777279876235 0
    endloop
  endfacet
  facet normal -0.15428862662627152 -0.6902476369981819 -0.7069322593517748
    outer loop
      vertex -11.191044922418468 -43.5862422507884 4
      vertex -10.196285373759048 -39.71190960627388 0
      vertex -8.432159156357617 -44.20292628279099 4
    endloop
  endfacet
  facet normal -0.110643165534512 -0.6985734539819685 -0.706932259351775
    outer loop
      vertex -8.432159156357617 -44.20292628279099 4
      vertex -7.682633898014718 -40.273777279876235 0
      vertex -5.639995510393683 -44.645161559151504 4
    endloop
  endfacet
  facet normal -0.11064316553451255 -0.6985734539819686 -0.7069322593517747
    outer loop
      vertex -5.639995510393683 -44.645161559151504 4
      vertex -7.682633898014718 -40.273777279876235 0
      vertex -5.138662576136467 -40.67670275389359 0
    endloop
  endfacet
  facet normal -0.0665610464164433 -0.7041423206907417 -0.7069322593517747
    outer loop
      vertex -5.639995510393683 -44.645161559151504 4
      vertex -5.138662576136467 -40.67670275389359 0
      vertex -2.8255733788191195 -44.91120277927222 4
    endloop
  endfacet
  facet normal -0.06656104641644275 -0.7041423206907415 -0.706932259351775
    outer loop
      vertex -2.8255733788191195 -44.91120277927222 4
      vertex -5.138662576136467 -40.67670275389359 0
      vertex -2.5744113007018643 -40.919095865559136 0
    endloop
  endfacet
  facet normal -0.022216241257015358 -0.7069322593517747 -0.7069322593517748
    outer loop
      vertex -2.8255733788191195 -44.91120277927222 4
      vertex -2.5744113007018643 -40.919095865559136 0
      vertex 0 -45 4
    endloop
  endfacet
  facet normal -0.022216241257015535 -0.7069322593517748 -0.7069322593517748
    outer loop
      vertex 0 -45 4
      vertex -2.5744113007018643 -40.919095865559136 0
      vertex 0 -41 0
    endloop
  endfacet
  facet normal -0.2789911060392315 -0.9602936856769425 0
    outer loop
      vertex -13.905764746872633 -42.79754323328191 4
      vertex -11.191044922418468 -43.5862422507884 4
      vertex -11.191044922418468 -43.5862422507884 40
    endloop
  endfacet
  facet normal -0.21814324139654234 -0.9759167619387474 0
    outer loop
      vertex -11.191044922418468 -43.5862422507884 4
      vertex -8.432159156357617 -44.20292628279099 4
      vertex -8.432159156357617 -44.20292628279099 40
    endloop
  endfacet
  facet normal -0.2789911060392315 -0.9602936856769425 0
    outer loop
      vertex -13.905764746872633 -42.79754323328191 4
      vertex -11.191044922418468 -43.5862422507884 40
      vertex -13.905764746872633 -42.79754323328191 40
    endloop
  endfacet
  facet normal -0.21814324139654234 -0.9759167619387474 0
    outer loop
      vertex -11.191044922418468 -43.5862422507884 4
      vertex -8.432159156357617 -44.20292628279099 40
      vertex -11.191044922418468 -43.5862422507884 40
    endloop
  endfacet
  facet normal -0.15643446504023045 -0.9876883405951378 0
    outer loop
      vertex -8.432159156357617 -44.20292628279099 4
      vertex -5.639995510393683 -44.645161559151504 40
      vertex -8.432159156357617 -44.20292628279099 40
    endloop
  endfacet
  facet normal -0.09410831331851571 -0.9955619646030799 0
    outer loop
      vertex -5.639995510393683 -44.645161559151504 4
      vertex -2.8255733788191195 -44.91120277927222 4
      vertex -2.8255733788191195 -44.91120277927222 40
    endloop
  endfacet
  facet normal -0.15643446504023045 -0.9876883405951378 0
    outer loop
      vertex -8.432159156357617 -44.20292628279099 4
      vertex -5.639995510393683 -44.645161559151504 4
      vertex -5.639995510393683 -44.645161559151504 40
    endloop
  endfacet
  facet normal -0.031410759078127126 -0.9995065603657316 0
    outer loop
      vertex -2.8255733788191195 -44.91120277927222 4
      vertex 0 -45 4
      vertex 0 -45 40
    endloop
  endfacet
  facet normal -0.09410831331851571 -0.9955619646030799 0
    outer loop
      vertex -5.639995510393683 -44.645161559151504 4
      vertex -2.8255733788191195 -44.91120277927222 40
      vertex -5.639995510393683 -44.645161559151504 40
    endloop
  endfacet
  facet normal -0.031410759078127126 -0.9995065603657316 0
    outer loop
      vertex -2.8255733788191195 -44.91120277927222 4
      vertex 0 -45 40
      vertex -2.8255733788191195 -44.91120277927222 40
    endloop
  endfacet
  facet normal -0.1973251809965076 -0.6791977279353123 -0.7069322593517748
    outer loop
      vertex -11.191044922418468 -43.5862422507884 4
      vertex -12.669696769372843 -38.99331716810129 0
      vertex -10.196285373759048 -39.71190960627388 0
    endloop
  endfacet
  facet normal 0.2789911060392318 0.9602936856769423 0
    outer loop
      vertex -12.669696769372843 -38.99331716810129 39
      vertex -10.196285373759048 -39.71190960627388 0
      vertex -12.669696769372843 -38.99331716810129 0
    endloop
  endfacet
  facet normal 0.21814324139654204 0.9759167619387475 0
    outer loop
      vertex -10.196285373759048 -39.71190960627388 39
      vertex -7.682633898014718 -40.273777279876235 0
      vertex -10.196285373759048 -39.71190960627388 0
    endloop
  endfacet
  facet normal 0.15643446504023117 0.9876883405951377 0
    outer loop
      vertex -7.682633898014718 -40.273777279876235 39
      vertex -5.138662576136467 -40.67670275389359 0
      vertex -7.682633898014718 -40.273777279876235 0
    endloop
  endfacet
  facet normal 0.09410831331851498 0.99556196460308 0
    outer loop
      vertex -5.138662576136467 -40.67670275389359 39
      vertex -2.5744113007018643 -40.919095865559136 0
      vertex -5.138662576136467 -40.67670275389359 0
    endloop
  endfacet
  facet normal 0.03141075907812737 0.9995065603657316 0
    outer loop
      vertex -2.5744113007018643 -40.919095865559136 39
      vertex 0 -41 0
      vertex -2.5744113007018643 -40.919095865559136 0
    endloop
  endfacet
  facet normal 0.3387379202452888 0.9408807689542265 0
    outer loop
      vertex -15.093106660071792 -38.12083592141831 39
      vertex -12.669696769372843 -38.99331716810129 39
      vertex -12.669696769372843 -38.99331716810129 0
    endloop
  endfacet
  facet normal 0.2789911060392318 0.9602936856769423 0
    outer loop
      vertex -12.669696769372843 -38.99331716810129 39
      vertex -10.196285373759048 -39.71190960627388 39
      vertex -10.196285373759048 -39.71190960627388 0
    endloop
  endfacet
  facet normal 0.21814324139654204 0.9759167619387475 0
    outer loop
      vertex -10.196285373759048 -39.71190960627388 39
      vertex -7.682633898014718 -40.273777279876235 39
      vertex -7.682633898014718 -40.273777279876235 0
    endloop
  endfacet
  facet normal 0.15643446504023117 0.9876883405951377 0
    outer loop
      vertex -7.682633898014718 -40.273777279876235 39
      vertex -5.138662576136467 -40.67670275389359 39
      vertex -5.138662576136467 -40.67670275389359 0
    endloop
  endfacet
  facet normal 0.09410831331851498 0.99556196460308 0
    outer loop
      vertex -5.138662576136467 -40.67670275389359 39
      vertex -2.5744113007018643 -40.919095865559136 39
      vertex -2.5744113007018643 -40.919095865559136 0
    endloop
  endfacet
  facet normal 0.03141075907812737 0.9995065603657316 0
    outer loop
      vertex -2.5744113007018643 -40.919095865559136 39
      vertex 0 -41 39
      vertex 0 -41 0
    endloop
  endfacet
  facet normal -0.4938570430506943 -0.8350666549577691 -0.24242298324801456
    outer loop
      vertex -24.112205774054853 -37.99475664759068 40
      vertex -21.67891533457719 -39.43380060197386 40
      vertex -26.496452075594345 -48.196867402412494 80
    endloop
  endfacet
  facet normal -0.4404482598807405 -0.864428381973406 -0.24242298324801453
    outer loop
      vertex -21.67891533457719 -39.43380060197386 40
      vertex -19.16006812042826 -40.71721736097088 40
      vertex -23.417861036078985 -49.765487885631075 80
    endloop
  endfacet
  facet normal 0.32953507540736215 0.915318884056885 0.23151236374138412
    outer loop
      vertex -15.093106660071792 -38.12083592141831 39
      vertex -15.612715763419962 -48.05099827567418 79
      vertex -12.669696769372843 -38.99331716810129 39
    endloop
  endfacet
  facet normal -0.38530122865070887 -0.8903786050851553 -0.24242298324801453
    outer loop
      vertex -16.565604870810503 -41.839941864971316 40
      vertex -20.246850397657283 -51.13770672385383 80
      vertex -19.16006812042826 -40.71721736097088 40
    endloop
  endfacet
  facet normal -0.32863358949857513 -0.9128149106179274 -0.2424229832480145
    outer loop
      vertex -16.565604870810503 -41.839941864971316 40
      vertex -13.905764746872633 -42.79754323328191 40
      vertex -16.995934690622107 -52.30810839623344 80
    endloop
  endfacet
  facet normal 0.596255571259878 0.7686880506268025 0.23151236374138415
    outer loop
      vertex -26.134383579696276 -31.591042953807364 39
      vertex -29.697150127729238 -40.87462052532473 79
      vertex -24.099195343991397 -33.16969676937285 39
    endloop
  endfacet
  facet normal 0.546812675036793 0.8046104174406292 0.2315123637413842
    outer loop
      vertex -24.099195343991397 -33.16969676937285 39
      vertex -27.07201092727217 -42.658663283697045 79
      vertex -21.968898594138867 -34.61744494558261 39
    endloop
  endfacet
  facet normal 0.49521175900028797 0.8373573545283505 0.23151236374138406
    outer loop
      vertex -19.75190063817033 -35.9285738817984 39
      vertex -21.968898594138867 -34.61744494558261 39
      vertex -24.340030867710475 -44.27435178697805 79
    endloop
  endfacet
  facet normal -0.54531679809355 -0.802409301360678 -0.2424229832480144
    outer loop
      vertex -24.112205774054853 -37.99475664759068 40
      vertex -29.470473723844822 -46.43803590261082 80
      vertex -26.45033635316129 -36.405764746872634 40
    endloop
  endfacet
  facet normal 0.44165646839174266 0.8667996246899342 0.23151236374138412
    outer loop
      vertex -19.75190063817033 -35.9285738817984 39
      vertex -21.511991826216278 -45.71530965078318 79
      vertex -17.45695095416797 -37.097909151106805 39
    endloop
  endfacet
  facet normal 0.3863581614760998 0.8928210327359484 0.23151236374138395
    outer loop
      vertex -17.45695095416797 -37.097909151106805 39
      vertex -18.599054780878248 -46.975850072734985 79
      vertex -15.093106660071792 -38.12083592141831 39
    endloop
  endfacet
  facet normal 0.2714114649462553 0.9342043899118677 0.23151236374138387
    outer loop
      vertex -12.669696769372843 -38.99331716810129 39
      vertex -12.564760489614809 -48.93651114083226 79
      vertex -10.196285373759048 -39.71190960627388 39
    endloop
  endfacet
  facet normal 0.21221671742910123 0.9494030178372587 0.23151236374138395
    outer loop
      vertex -10.196285373759048 -39.71190960627388 39
      vertex -9.467217846450191 -49.62889395348279 79
      vertex -7.682633898014718 -40.273777279876235 39
    endloop
  endfacet
  facet normal -0.27066898370710285 -0.9316487527239528 -0.2424229832480143
    outer loop
      vertex -13.905764746872633 -42.79754323328191 40
      vertex -11.191044922418468 -43.5862422507884 40
      vertex -13.677943794067017 -53.272073862074706 80
    endloop
  endfacet
  facet normal -0.2116361710938288 -0.9468058028328072 -0.2424229832480144
    outer loop
      vertex -11.191044922418468 -43.5862422507884 40
      vertex -8.432159156357617 -44.20292628279099 40
      vertex -10.305972302214865 -54.02579879007787 80
    endloop
  endfacet
  facet normal -0.15176812720061908 -0.9582262429923059 -0.24242298324801456
    outer loop
      vertex -8.432159156357617 -44.20292628279099 40
      vertex -5.639995510393683 -44.645161559151504 40
      vertex -6.8933278460367235 -54.566308572296286 80
    endloop
  endfacet
  facet normal -0.09130112384561241 -0.9658650019426427 -0.24242298324801437
    outer loop
      vertex -5.639995510393683 -44.645161559151504 40
      vertex -2.8255733788191195 -44.91120277927222 40
      vertex -3.453478574112257 -54.891470063554934 80
    endloop
  endfacet
  facet normal -0.03047379666629872 -0.969691932992058 -0.24242298324801453
    outer loop
      vertex -2.8255733788191195 -44.91120277927222 40
      vertex 0 -45 40
      vertex 0 -55 80
    endloop
  endfacet
  facet normal 0.15218444748085422 0.9608547857922258 0.23151236374138398
    outer loop
      vertex -7.682633898014718 -40.273777279876235 39
      vertex -6.332312419606029 -50.125414194983854 79
      vertex -5.138662576136467 -40.67670275389359 39
    endloop
  endfacet
  facet normal 0.09155157504486039 0.9685144988804671 0.23151236374138398
    outer loop
      vertex -5.138662576136467 -40.67670275389359 39
      vertex -3.1724162486000904 -50.424112326780765 79
      vertex -2.5744113007018643 -40.919095865559136 39
    endloop
  endfacet
  facet normal 0.03055739036809874 0.9723519277138132 0.23151236374138415
    outer loop
      vertex -2.5744113007018643 -40.919095865559136 39
      vertex 0 -50.523809523809526 79
      vertex 0 -41 39
    endloop
  endfacet
  facet normal -0.8024093013606787 -0.545316798093549 -0.24242298324801453
    outer loop
      vertex -36.405764746872634 -26.45033635316129 40
      vertex -44.49593469062211 -32.328188876086024 80
      vertex -46.43803590261082 -29.470473723844822 80
    endloop
  endfacet
  facet normal 0 0 1
    outer loop
      vertex -43.06072420060276 -27.327166543928836 79
      vertex -40.87462052532473 -29.697150127729238 79
      vertex -42.65866328369704 -27.07201092727217 79
    endloop
  endfacet
  facet normal 0 0 1
    outer loop
      vertex -43.06072420060276 -27.327166543928836 79
      vertex -41.25986671312232 -29.97704786691613 79
      vertex -40.87462052532473 -29.697150127729238 79
    endloop
  endfacet
  facet normal -0.545316798093549 -0.8024093013606787 -0.24242298324801453
    outer loop
      vertex -26.45033635316129 -36.405764746872634 40
      vertex -29.470473723844822 -46.43803590261082 80
      vertex -32.328188876086024 -44.49593469062211 80
    endloop
  endfacet
  facet normal 0 0 1
    outer loop
      vertex -29.97704786691613 -41.25986671312232 79
      vertex -27.07201092727217 -42.658663283697045 79
      vertex -29.697150127729238 -40.87462052532473 79
    endloop
  endfacet
  facet normal 0 0 1
    outer loop
      vertex -29.97704786691613 -41.25986671312232 79
      vertex -27.327166543928836 -43.06072420060276 79
      vertex -27.07201092727217 -42.658663283697045 79
    endloop
  endfacet
  facet normal -0.7277357467294097 -0.6415853646439588 -0.24242298324801453
    outer loop
      vertex -32.803588233963524 -30.80461976679098 40
      vertex -40.09327450817764 -37.650090826077864 80
      vertex -42.378228352668415 -35.05831943617793 80
    endloop
  endfacet
  facet normal -0.6415853646439588 -0.7277357467294097 -0.24242298324801453
    outer loop
      vertex -30.80461976679098 -32.803588233963524 40
      vertex -35.05831943617793 -42.378228352668415 80
      vertex -37.650090826077864 -40.09327450817764 80
    endloop
  endfacet
  facet normal -0.6860142481002608 -0.6860142481002611 -0.24242298324801437
    outer loop
      vertex -30.80461976679098 -32.803588233963524 40
      vertex -37.650090826077864 -40.09327450817764 80
      vertex -40.09327450817764 -37.650090826077864 80
    endloop
  endfacet
  facet normal -0.7665852048370579 -0.5946244368658751 -0.2424229832480146
    outer loop
      vertex -34.67309592491052 -28.684079538691034 40
      vertex -42.378228352668415 -35.05831943617793 80
      vertex -44.49593469062211 -32.328188876086024 80
    endloop
  endfacet
  facet normal 0.7297320232573167 0.6433453191464598 0.23151236374138418
    outer loop
      vertex -29.887713724277877 -28.06643134307623 39
      vertex -38.92926431357679 -32.20508824396951 79
      vertex -36.83027208067227 -34.58592759001612 79
    endloop
  endfacet
  facet normal 0.7686880506268025 0.596255571259878 0.23151236374138412
    outer loop
      vertex -31.591042953807364 -26.134383579696276 39
      vertex -40.87462052532473 -29.697150127729238 79
      vertex -38.92926431357679 -32.20508824396951 79
    endloop
  endfacet
  facet normal -0.5946244368658751 -0.7665852048370579 -0.2424229832480146
    outer loop
      vertex -28.684079538691034 -34.67309592491052 40
      vertex -32.328188876086024 -44.49593469062211 80
      vertex -35.05831943617793 -42.378228352668415 80
    endloop
  endfacet
  facet normal 0.6433453191464598 0.7297320232573167 0.23151236374138418
    outer loop
      vertex -28.06643134307623 -29.887713724277877 39
      vertex -34.58592759001612 -36.83027208067227 79
      vertex -32.20508824396951 -38.92926431357679 79
    endloop
  endfacet
  facet normal 0.596255571259878 0.7686880506268025 0.23151236374138412
    outer loop
      vertex -26.134383579696276 -31.591042953807364 39
      vertex -32.20508824396951 -38.92926431357679 79
      vertex -29.697150127729238 -40.87462052532473 79
    endloop
  endfacet
  facet normal 0.6878960769748865 0.6878960769748859 0.23151236374138415
    outer loop
      vertex -28.06643134307623 -29.887713724277877 39
      vertex -36.83027208067227 -34.58592759001612 79
      vertex -34.58592759001612 -36.83027208067227 79
    endloop
  endfacet
  facet normal 0 0 1
    outer loop
      vertex -37.17739999849199 -34.91190240236311 79
      vertex -34.58592759001612 -36.83027208067227 79
      vertex -36.83027208067227 -34.58592759001612 79
    endloop
  endfacet
  facet normal 0 0 1
    outer loop
      vertex -37.17739999849199 -34.91190240236311 79
      vertex -34.91190240236311 -37.17739999849199 79
      vertex -34.58592759001612 -36.83027208067227 79
    endloop
  endfacet
  facet normal 0 0 1
    outer loop
      vertex -39.296175381565256 -32.50862347718317 79
      vertex -38.92926431357679 -32.20508824396951 79
      vertex -41.25986671312232 -29.97704786691613 79
    endloop
  endfacet
  facet normal 0 0 1
    outer loop
      vertex -39.296175381565256 -32.50862347718317 79
      vertex -36.83027208067227 -34.58592759001612 79
      vertex -38.92926431357679 -32.20508824396951 79
    endloop
  endfacet
  facet normal 0 0 1
    outer loop
      vertex -38.92926431357679 -32.20508824396951 79
      vertex -40.87462052532473 -29.697150127729238 79
      vertex -41.25986671312232 -29.97704786691613 79
    endloop
  endfacet
  facet normal 0 0 1
    outer loop
      vertex -39.296175381565256 -32.50862347718317 79
      vertex -37.17739999849199 -34.91190240236311 79
      vertex -36.83027208067227 -34.58592759001612 79
    endloop
  endfacet
  facet normal 0 0 1
    outer loop
      vertex -32.50862347718317 -39.296175381565256 79
      vertex -32.20508824396951 -38.92926431357679 79
      vertex -34.91190240236311 -37.17739999849199 79
    endloop
  endfacet
  facet normal 0 0 1
    outer loop
      vertex -32.50862347718317 -39.296175381565256 79
      vertex -29.697150127729238 -40.87462052532473 79
      vertex -32.20508824396951 -38.92926431357679 79
    endloop
  endfacet
  facet normal 0 0 1
    outer loop
      vertex -32.20508824396951 -38.92926431357679 79
      vertex -34.58592759001612 -36.83027208067227 79
      vertex -34.91190240236311 -37.17739999849199 79
    endloop
  endfacet
  facet normal 0 0 1
    outer loop
      vertex -32.50862347718317 -39.296175381565256 79
      vertex -29.97704786691613 -41.25986671312232 79
      vertex -29.697150127729238 -40.87462052532473 79
    endloop
  endfacet
  facet normal -0.7501110696304585 -0.6613118653236532 0
    outer loop
      vertex -42.378228352668415 -35.05831943617793 80
      vertex -40.09327450817764 -37.650090826077864 80
      vertex -42.378228352668415 -35.05831943617793 116
    endloop
  endfacet
  facet normal -0.8270805742745623 -0.56208337785213 0
    outer loop
      vertex -46.43803590261082 -29.470473723844822 80
      vertex -44.49593469062211 -32.328188876086024 80
      vertex -46.43803590261082 -29.470473723844822 116
    endloop
  endfacet
  facet normal -0.7901550123756912 -0.6129070536529755 0
    outer loop
      vertex -42.378228352668415 -35.05831943617793 80
      vertex -44.49593469062211 -32.328188876086024 116
      vertex -44.49593469062211 -32.328188876086024 80
    endloop
  endfacet
  facet normal 0.8270805742745622 0.5620833778521299 0
    outer loop
      vertex -43.06072420060276 -27.327166543928836 79
      vertex -43.06072420060276 -27.327166543928836 120
      vertex -41.25986671312232 -29.97704786691613 79
    endloop
  endfacet
  facet normal -0.8270805742745623 -0.56208337785213 0
    outer loop
      vertex -44.49593469062211 -32.328188876086024 80
      vertex -44.49593469062211 -32.328188876086024 116
      vertex -46.43803590261082 -29.470473723844822 116
    endloop
  endfacet
  facet normal -0.8607420270039434 -0.5090414157503719 0
    outer loop
      vertex -46.43803590261082 -29.470473723844822 80
      vertex -46.43803590261082 -29.470473723844822 116
      vertex -48.196867402412494 -26.496452075594345 116
    endloop
  endfacet
  facet normal -0.7901550123756912 -0.6129070536529755 0
    outer loop
      vertex -42.378228352668415 -35.05831943617793 80
      vertex -42.378228352668415 -35.05831943617793 116
      vertex -44.49593469062211 -32.328188876086024 116
    endloop
  endfacet
  facet normal 0.8270805742745622 0.5620833778521299 0
    outer loop
      vertex -41.25986671312232 -29.97704786691613 79
      vertex -43.06072420060276 -27.327166543928836 120
      vertex -41.25986671312232 -29.97704786691613 120
    endloop
  endfacet
  facet normal -0.5588618327152187 -0.43349767314483034 0.7069322593517746
    outer loop
      vertex -42.378228352668415 -35.05831943617793 116
      vertex -41.25986671312232 -29.97704786691613 120
      vertex -44.49593469062211 -32.328188876086024 116
    endloop
  endfacet
  facet normal -0.5849785906597098 -0.3975510396887108 0.7069322593517746
    outer loop
      vertex -46.43803590261082 -29.470473723844822 116
      vertex -44.49593469062211 -32.328188876086024 116
      vertex -43.06072420060276 -27.327166543928836 120
    endloop
  endfacet
  facet normal -0.5849785906597098 -0.39755103968871075 0.7069322593517746
    outer loop
      vertex -44.49593469062211 -32.328188876086024 116
      vertex -41.25986671312232 -29.97704786691613 120
      vertex -43.06072420060276 -27.327166543928836 120
    endloop
  endfacet
  facet normal -0.6613118653236532 -0.7501110696304585 0
    outer loop
      vertex -35.05831943617793 -42.378228352668415 80
      vertex -35.05831943617793 -42.378228352668415 116
      vertex -37.650090826077864 -40.09327450817764 80
    endloop
  endfacet
  facet normal -0.6129070536529755 -0.7901550123756912 0
    outer loop
      vertex -35.05831943617793 -42.378228352668415 80
      vertex -32.328188876086024 -44.49593469062211 80
      vertex -32.328188876086024 -44.49593469062211 116
    endloop
  endfacet
  facet normal -0.56208337785213 -0.8270805742745623 0
    outer loop
      vertex -32.328188876086024 -44.49593469062211 80
      vertex -29.470473723844822 -46.43803590261082 80
      vertex -29.470473723844822 -46.43803590261082 116
    endloop
  endfacet
  facet normal 0.5620833778521299 0.8270805742745622 0
    outer loop
      vertex -29.97704786691613 -41.25986671312232 79
      vertex -29.97704786691613 -41.25986671312232 120
      vertex -27.327166543928836 -43.06072420060276 79
    endloop
  endfacet
  facet normal -0.56208337785213 -0.8270805742745623 0
    outer loop
      vertex -32.328188876086024 -44.49593469062211 80
      vertex -29.470473723844822 -46.43803590261082 116
      vertex -32.328188876086024 -44.49593469062211 116
    endloop
  endfacet
  facet normal -0.6129070536529755 -0.7901550123756912 0
    outer loop
      vertex -35.05831943617793 -42.378228352668415 80
      vertex -32.328188876086024 -44.49593469062211 116
      vertex -35.05831943617793 -42.378228352668415 116
    endloop
  endfacet
  facet normal -0.5090414157503719 -0.8607420270039434 0
    outer loop
      vertex -29.470473723844822 -46.43803590261082 80
      vertex -26.496452075594345 -48.196867402412494 116
      vertex -29.470473723844822 -46.43803590261082 116
    endloop
  endfacet
  facet normal 0.5620833778521299 0.8270805742745622 0
    outer loop
      vertex -27.327166543928836 -43.06072420060276 79
      vertex -29.97704786691613 -41.25986671312232 120
      vertex -27.327166543928836 -43.06072420060276 120
    endloop
  endfacet
  facet normal -0.43349767314483006 -0.5588618327152183 0.7069322593517751
    outer loop
      vertex -35.05831943617793 -42.378228352668415 116
      vertex -32.328188876086024 -44.49593469062211 116
      vertex -32.50862347718317 -39.296175381565256 120
    endloop
  endfacet
  facet normal -0.4334976731448313 -0.558861832715218 0.7069322593517746
    outer loop
      vertex -32.328188876086024 -44.49593469062211 116
      vertex -29.97704786691613 -41.25986671312232 120
      vertex -32.50862347718317 -39.296175381565256 120
    endloop
  endfacet
  facet normal -0.36003545390273406 -0.6087867053581636 0.7069322593517746
    outer loop
      vertex -29.470473723844822 -46.43803590261082 116
      vertex -26.496452075594345 -48.196867402412494 116
      vertex -27.327166543928836 -43.06072420060276 120
    endloop
  endfacet
  facet normal -0.3975510396887108 -0.5849785906597098 0.7069322593517746
    outer loop
      vertex -32.328188876086024 -44.49593469062211 116
      vertex -29.470473723844822 -46.43803590261082 116
      vertex -29.97704786691613 -41.25986671312232 120
    endloop
  endfacet
  facet normal -0.39755103968871075 -0.5849785906597098 0.7069322593517746
    outer loop
      vertex -29.470473723844822 -46.43803590261082 116
      vertex -27.327166543928836 -43.06072420060276 120
      vertex -29.97704786691613 -41.25986671312232 120
    endloop
  endfacet
  facet normal -0.7071067811865476 -0.7071067811865476 0
    outer loop
      vertex -40.09327450817764 -37.650090826077864 80
      vertex -37.650090826077864 -40.09327450817764 80
      vertex -40.09327450817764 -37.650090826077864 116
    endloop
  endfacet
  facet normal 0.7071067811865475 0.7071067811865475 0
    outer loop
      vertex -37.17739999849199 -34.91190240236311 79
      vertex -37.17739999849199 -34.91190240236311 120
      vertex -34.91190240236311 -37.17739999849199 79
    endloop
  endfacet
  facet normal -0.7071067811865476 -0.7071067811865476 0
    outer loop
      vertex -37.650090826077864 -40.09327450817764 80
      vertex -37.650090826077864 -40.09327450817764 116
      vertex -40.09327450817764 -37.650090826077864 116
    endloop
  endfacet
  facet normal -0.7501110696304585 -0.6613118653236532 0
    outer loop
      vertex -40.09327450817764 -37.650090826077864 80
      vertex -40.09327450817764 -37.650090826077864 116
      vertex -42.378228352668415 -35.05831943617793 116
    endloop
  endfacet
  facet normal -0.6613118653236532 -0.7501110696304585 0
    outer loop
      vertex -37.650090826077864 -40.09327450817764 80
      vertex -35.05831943617793 -42.378228352668415 116
      vertex -37.650090826077864 -40.09327450817764 116
    endloop
  endfacet
  facet normal 0.7501110696304585 0.6613118653236529 0
    outer loop
      vertex -39.296175381565256 -32.50862347718317 79
      vertex -39.296175381565256 -32.50862347718317 120
      vertex -37.17739999849199 -34.91190240236311 79
    endloop
  endfacet
  facet normal 0.7901550123756901 0.6129070536529767 0
    outer loop
      vertex -39.296175381565256 -32.50862347718317 79
      vertex -41.25986671312232 -29.97704786691613 79
      vertex -41.25986671312232 -29.97704786691613 120
    endloop
  endfacet
  facet normal 0.6613118653236529 0.7501110696304585 0
    outer loop
      vertex -32.50862347718317 -39.296175381565256 79
      vertex -34.91190240236311 -37.17739999849199 79
      vertex -34.91190240236311 -37.17739999849199 120
    endloop
  endfacet
  facet normal 0.6129070536529767 0.7901550123756901 0
    outer loop
      vertex -32.50862347718317 -39.296175381565256 79
      vertex -32.50862347718317 -39.296175381565256 120
      vertex -29.97704786691613 -41.25986671312232 79
    endloop
  endfacet
  facet normal 0.7071067811865475 0.7071067811865475 0
    outer loop
      vertex -34.91190240236311 -37.17739999849199 79
      vertex -37.17739999849199 -34.91190240236311 120
      vertex -34.91190240236311 -37.17739999849199 120
    endloop
  endfacet
  facet normal -0.5305395024366836 -0.4677334893312973 0.7069322593517752
    outer loop
      vertex -42.378228352668415 -35.05831943617793 116
      vertex -40.09327450817764 -37.650090826077864 116
      vertex -39.296175381565256 -32.50862347718317 120
    endloop
  endfacet
  facet normal -0.5001233751224765 -0.5001233751224765 0.7069322593517751
    outer loop
      vertex -40.09327450817764 -37.650090826077864 116
      vertex -37.650090826077864 -40.09327450817764 116
      vertex -37.17739999849199 -34.91190240236311 120
    endloop
  endfacet
  facet normal -0.5305395024366837 -0.4677334893312972 0.7069322593517751
    outer loop
      vertex -40.09327450817764 -37.650090826077864 116
      vertex -37.17739999849199 -34.91190240236311 120
      vertex -39.296175381565256 -32.50862347718317 120
    endloop
  endfacet
  facet normal -0.4677334893312973 -0.5305395024366836 0.7069322593517751
    outer loop
      vertex -35.05831943617793 -42.378228352668415 116
      vertex -34.91190240236311 -37.17739999849199 120
      vertex -37.650090826077864 -40.09327450817764 116
    endloop
  endfacet
  facet normal -0.5001233751224765 -0.5001233751224765 0.7069322593517751
    outer loop
      vertex -37.650090826077864 -40.09327450817764 116
      vertex -34.91190240236311 -37.17739999849199 120
      vertex -37.17739999849199 -34.91190240236311 120
    endloop
  endfacet
  facet normal 0.7901550123756901 0.6129070536529767 0
    outer loop
      vertex -39.296175381565256 -32.50862347718317 79
      vertex -41.25986671312232 -29.97704786691613 120
      vertex -39.296175381565256 -32.50862347718317 120
    endloop
  endfacet
  facet normal 0.7501110696304585 0.6613118653236529 0
    outer loop
      vertex -37.17739999849199 -34.91190240236311 79
      vertex -39.296175381565256 -32.50862347718317 120
      vertex -37.17739999849199 -34.91190240236311 120
    endloop
  endfacet
  facet normal -0.5588618327152176 -0.43349767314483095 0.7069322593517751
    outer loop
      vertex -42.378228352668415 -35.05831943617793 116
      vertex -39.296175381565256 -32.50862347718317 120
      vertex -41.25986671312232 -29.97704786691613 120
    endloop
  endfacet
  facet normal 0.6613118653236529 0.7501110696304585 0
    outer loop
      vertex -32.50862347718317 -39.296175381565256 79
      vertex -34.91190240236311 -37.17739999849199 120
      vertex -32.50862347718317 -39.296175381565256 120
    endloop
  endfacet
  facet normal 0.6129070536529767 0.7901550123756901 0
    outer loop
      vertex -29.97704786691613 -41.25986671312232 79
      vertex -32.50862347718317 -39.296175381565256 120
      vertex -29.97704786691613 -41.25986671312232 120
    endloop
  endfacet
  facet normal -0.4677334893312972 -0.5305395024366837 0.7069322593517752
    outer loop
      vertex -35.05831943617793 -42.378228352668415 116
      vertex -32.50862347718317 -39.296175381565256 120
      vertex -34.91190240236311 -37.17739999849199 120
    endloop
  endfacet
  facet normal -0.9128149106179275 -0.3286335894985751 -0.24242298324801453
    outer loop
      vertex -41.839941864971316 -16.565604870810503 40
      vertex -51.13770672385383 -20.246850397657283 80
      vertex -52.30810839623344 -16.995934690622107 80
    endloop
  endfacet
  facet normal -0.9316487527239534 -0.27066898370710035 -0.24242298324801448
    outer loop
      vertex -42.79754323328191 -13.905764746872633 40
      vertex -52.30810839623344 -16.995934690622107 80
      vertex -53.272073862074706 -13.677943794067017 80
    endloop
  endfacet
  facet normal -0.8903786050851554 -0.38530122865070904 -0.24242298324801453
    outer loop
      vertex -40.71721736097088 -19.16006812042826 40
      vertex -49.765487885631075 -23.417861036078985 80
      vertex -51.13770672385383 -20.246850397657283 80
    endloop
  endfacet
  facet normal -0.864428381973406 -0.4404482598807405 -0.24242298324801453
    outer loop
      vertex -39.43380060197386 -21.67891533457719 40
      vertex -48.196867402412494 -26.496452075594345 80
      vertex -49.765487885631075 -23.417861036078985 80
    endloop
  endfacet
  facet normal -0.8350666549577682 -0.4938570430506958 -0.24242298324801442
    outer loop
      vertex -37.99475664759068 -24.112205774054853 40
      vertex -46.43803590261082 -29.470473723844822 80
      vertex -48.196867402412494 -26.496452075594345 80
    endloop
  endfacet
  facet normal 0.8667996246899341 0.44165646839174305 0.2315123637413841
    outer loop
      vertex -35.9285738817984 -19.75190063817033 39
      vertex -45.71530965078318 -21.511991826216278 79
      vertex -44.27435178697805 -24.340030867710475 79
    endloop
  endfacet
  facet normal 0.8928210327359491 0.38635816147609764 0.2315123637413841
    outer loop
      vertex -37.097909151106805 -17.45695095416797 39
      vertex -46.975850072734985 -18.599054780878248 79
      vertex -45.71530965078318 -21.511991826216278 79
    endloop
  endfacet
  facet normal 0.9153188840568843 0.32953507540736404 0.2315123637413839
    outer loop
      vertex -38.12083592141831 -15.093106660071792 39
      vertex -48.05099827567418 -15.612715763419962 79
      vertex -46.975850072734985 -18.599054780878248 79
    endloop
  endfacet
  facet normal 0 0 1
    outer loop
      vertex -48.50388233105283 -15.759866713122317 79
      vertex -48.05099827567418 -15.612715763419962 79
      vertex -49.39774121756018 -12.683184245407597 79
    endloop
  endfacet
  facet normal 0 0 1
    outer loop
      vertex -46.146179675767 -21.714743869818694 79
      vertex -45.71530965078318 -21.511991826216278 79
      vertex -47.41860078030082 -18.77435218691857 79
    endloop
  endfacet
  facet normal 0 0 1
    outer loop
      vertex -44.691640682237036 -24.569437379187484 79
      vertex -44.27435178697805 -24.340030867710475 79
      vertex -46.146179675767 -21.714743869818694 79
    endloop
  endfacet
  facet normal 0 0 1
    outer loop
      vertex -46.146179675767 -21.714743869818694 79
      vertex -44.27435178697805 -24.340030867710475 79
      vertex -45.71530965078318 -21.511991826216278 79
    endloop
  endfacet
  facet normal 0 0 1
    outer loop
      vertex -43.06072420060276 -27.327166543928836 79
      vertex -42.65866328369704 -27.07201092727217 79
      vertex -44.691640682237036 -24.569437379187484 79
    endloop
  endfacet
  facet normal 0 0 1
    outer loop
      vertex -42.65866328369704 -27.07201092727217 79
      vertex -44.27435178697805 -24.340030867710475 79
      vertex -44.691640682237036 -24.569437379187484 79
    endloop
  endfacet
  facet normal 0 0 1
    outer loop
      vertex -45.71530965078318 -21.511991826216278 79
      vertex -46.975850072734985 -18.599054780878248 79
      vertex -47.41860078030082 -18.77435218691857 79
    endloop
  endfacet
  facet normal 0 0 1
    outer loop
      vertex -48.50388233105283 -15.759866713122317 79
      vertex -47.41860078030082 -18.77435218691857 79
      vertex -46.975850072734985 -18.599054780878248 79
    endloop
  endfacet
  facet normal 0 0 1
    outer loop
      vertex -48.50388233105283 -15.759866713122317 79
      vertex -46.975850072734985 -18.599054780878248 79
      vertex -48.05099827567418 -15.612715763419962 79
    endloop
  endfacet
  facet normal -0.9468058028328071 -0.21163617109382943 -0.2424229832480144
    outer loop
      vertex -43.5862422507884 -11.191044922418468 40
      vertex -53.272073862074706 -13.677943794067017 80
      vertex -54.02579879007787 -10.305972302214865 80
    endloop
  endfacet
  facet normal -0.9582262429923055 -0.1517681272006217 -0.2424229832480144
    outer loop
      vertex -44.20292628279099 -8.432159156357617 40
      vertex -54.02579879007787 -10.305972302214865 80
      vertex -54.566308572296286 -6.8933278460367235 80
    endloop
  endfacet
  facet normal -0.9696919329920579 -0.0304737966663005 -0.24242298324801434
    outer loop
      vertex -44.91120277927222 -2.8255733788190973 40
      vertex -54.891470063554934 -3.4534785741122302 80
      vertex -55 0 80
    endloop
  endfacet
  facet normal -0.9658650019426429 -0.09130112384560905 -0.2424229832480146
    outer loop
      vertex -44.645161559151504 -5.639995510393683 40
      vertex -54.566308572296286 -6.8933278460367235 80
      vertex -54.891470063554934 -3.4534785741122302 80
    endloop
  endfacet
  facet normal 0.9342043899118686 0.2714114649462523 0.23151236374138406
    outer loop
      vertex -38.99331716810129 -12.669696769372843 39
      vertex -48.93651114083226 -12.564760489614809 79
      vertex -48.05099827567418 -15.612715763419962 79
    endloop
  endfacet
  facet normal 0.9494030178372584 0.2122167174291025 0.2315123637413839
    outer loop
      vertex -39.71190960627388 -10.196285373759048 39
      vertex -49.62889395348279 -9.467217846450191 79
      vertex -48.93651114083226 -12.564760489614809 79
    endloop
  endfacet
  facet normal 0.9608547857922259 0.1521844474808546 0.23151236374138398
    outer loop
      vertex -40.67670275389359 -5.138662576136467 39
      vertex -50.125414194983854 -6.332312419606029 79
      vertex -49.62889395348279 -9.467217846450191 79
    endloop
  endfacet
  facet normal 0.9685144988804673 0.09155157504485964 0.23151236374138395
    outer loop
      vertex -40.919095865559136 -2.5744113007018443 39
      vertex -50.424112326780765 -3.172416248600066 79
      vertex -50.125414194983854 -6.332312419606029 79
    endloop
  endfacet
  facet normal 0.9723519277138133 0.03055739036810107 0.23151236374138418
    outer loop
      vertex -50.424112326780765 -3.172416248600066 79
      vertex -41 0 39
      vertex -50.523809523809526 0 79
    endloop
  endfacet
  facet normal 0 0 1
    outer loop
      vertex -48.05099827567418 -15.612715763419962 79
      vertex -48.93651114083226 -12.564760489614809 79
      vertex -49.39774121756018 -12.683184245407597 79
    endloop
  endfacet
  facet normal 0 0 1
    outer loop
      vertex -49.39774121756018 -12.683184245407597 79
      vertex -48.93651114083226 -12.564760489614809 79
      vertex -50.096649787163116 -9.556447043871966 79
    endloop
  endfacet
  facet normal 0 0 1
    outer loop
      vertex -48.93651114083226 -12.564760489614809 79
      vertex -49.62889395348279 -9.467217846450191 79
      vertex -50.096649787163116 -9.556447043871966 79
    endloop
  endfacet
  facet normal 0 0 1
    outer loop
      vertex -50.096649787163116 -9.556447043871966 79
      vertex -49.62889395348279 -9.467217846450191 79
      vertex -50.59784976703837 -6.391994911779507 79
    endloop
  endfacet
  facet normal 0 0 1
    outer loop
      vertex -49.62889395348279 -9.467217846450191 79
      vertex -50.125414194983854 -6.332312419606029 79
      vertex -50.59784976703837 -6.391994911779507 79
    endloop
  endfacet
  facet normal 0 0 1
    outer loop
      vertex -50.59784976703837 -6.391994911779507 79
      vertex -50.125414194983854 -6.332312419606029 79
      vertex -50.424112326780765 -3.172416248600066 79
    endloop
  endfacet
  facet normal 0 0 1
    outer loop
      vertex -50.59784976703837 -6.391994911779507 79
      vertex -50.424112326780765 -3.172416248600066 79
      vertex -50.523809523809526 0 79
    endloop
  endfacet
  facet normal 0 0 1
    outer loop
      vertex -50.59784976703837 -6.391994911779507 79
      vertex -50.59784976703837 6.391994911779507 79
      vertex -50.89936314984185 -3.2023164959949773 79
    endloop
  endfacet
  facet normal 0.8373573545283505 0.49521175900028824 0.23151236374138406
    outer loop
      vertex -34.61744494558261 -21.968898594138867 39
      vertex -44.27435178697805 -24.340030867710475 79
      vertex -42.65866328369704 -27.07201092727217 79
    endloop
  endfacet
  facet normal 0.8046104174406297 0.5468126750367925 0.23151236374138412
    outer loop
      vertex -33.16969676937285 -24.099195343991397 39
      vertex -42.65866328369704 -27.07201092727217 79
      vertex -40.87462052532473 -29.697150127729238 79
    endloop
  endfacet
  facet normal -0.8910065241883682 -0.45399049973954597 0
    outer loop
      vertex -48.196867402412494 -26.496452075594345 80
      vertex -49.765487885631075 -23.417861036078985 116
      vertex -49.765487885631075 -23.417861036078985 80
    endloop
  endfacet
  facet normal -0.9177546256839805 -0.39714789063478223 0
    outer loop
      vertex -49.765487885631075 -23.417861036078985 80
      vertex -51.13770672385383 -20.246850397657283 116
      vertex -51.13770672385383 -20.246850397657283 80
    endloop
  endfacet
  facet normal -0.8910065241883682 -0.45399049973954597 0
    outer loop
      vertex -48.196867402412494 -26.496452075594345 80
      vertex -48.196867402412494 -26.496452075594345 116
      vertex -49.765487885631075 -23.417861036078985 116
    endloop
  endfacet
  facet normal -0.9177546256839805 -0.39714789063478223 0
    outer loop
      vertex -49.765487885631075 -23.417861036078985 80
      vertex -49.765487885631075 -23.417861036078985 116
      vertex -51.13770672385383 -20.246850397657283 116
    endloop
  endfacet
  facet normal -0.940880768954226 -0.3387379202452897 0
    outer loop
      vertex -52.30810839623344 -16.995934690622107 80
      vertex -51.13770672385383 -20.246850397657283 80
      vertex -52.30810839623344 -16.995934690622107 116
    endloop
  endfacet
  facet normal -0.9602936856769432 -0.27899110603922894 0
    outer loop
      vertex -52.30810839623344 -16.995934690622107 80
      vertex -53.272073862074706 -13.677943794067017 116
      vertex -53.272073862074706 -13.677943794067017 80
    endloop
  endfacet
  facet normal 0.9408807689542255 0.33873792024529104 0
    outer loop
      vertex -48.50388233105283 -15.759866713122317 79
      vertex -48.50388233105283 -15.759866713122317 120
      vertex -47.41860078030082 -18.77435218691857 79
    endloop
  endfacet
  facet normal -0.9602936856769432 -0.27899110603922894 0
    outer loop
      vertex -52.30810839623344 -16.995934690622107 80
      vertex -52.30810839623344 -16.995934690622107 116
      vertex -53.272073862074706 -13.677943794067017 116
    endloop
  endfacet
  facet normal -0.940880768954226 -0.3387379202452897 0
    outer loop
      vertex -51.13770672385383 -20.246850397657283 80
      vertex -51.13770672385383 -20.246850397657283 116
      vertex -52.30810839623344 -16.995934690622107 116
    endloop
  endfacet
  facet normal -0.8607420270039434 -0.5090414157503719 0
    outer loop
      vertex -46.43803590261082 -29.470473723844822 80
      vertex -48.196867402412494 -26.496452075594345 116
      vertex -48.196867402412494 -26.496452075594345 80
    endloop
  endfacet
  facet normal 0.8910065241883673 0.4539904997395478 0
    outer loop
      vertex -44.691640682237036 -24.569437379187484 79
      vertex -46.146179675767 -21.714743869818694 79
      vertex -46.146179675767 -21.714743869818694 120
    endloop
  endfacet
  facet normal 0.8607420270039442 0.5090414157503705 0
    outer loop
      vertex -43.06072420060276 -27.327166543928836 79
      vertex -44.691640682237036 -24.569437379187484 79
      vertex -44.691640682237036 -24.569437379187484 120
    endloop
  endfacet
  facet normal 0.9177546256839816 0.39714789063477957 0
    outer loop
      vertex -46.146179675767 -21.714743869818694 79
      vertex -47.41860078030082 -18.77435218691857 79
      vertex -47.41860078030082 -18.77435218691857 120
    endloop
  endfacet
  facet normal -0.6491106479860602 -0.2808952604778359 0.7069322593517753
    outer loop
      vertex -49.765487885631075 -23.417861036078985 116
      vertex -47.41860078030082 -18.77435218691857 120
      vertex -51.13770672385383 -20.246850397657283 116
    endloop
  endfacet
  facet normal 0.9602936856769433 0.278991106039229 0
    outer loop
      vertex -48.50388233105283 -15.759866713122317 79
      vertex -49.39774121756018 -12.683184245407597 120
      vertex -48.50388233105283 -15.759866713122317 120
    endloop
  endfacet
  facet normal -0.679197727935313 -0.1973251809965056 0.706932259351775
    outer loop
      vertex -52.30810839623344 -16.995934690622107 116
      vertex -49.39774121756018 -12.683184245407597 120
      vertex -53.272073862074706 -13.677943794067017 116
    endloop
  endfacet
  facet normal -0.6654673357362096 -0.2395829830266456 0.706932259351775
    outer loop
      vertex -52.30810839623344 -16.995934690622107 116
      vertex -51.13770672385383 -20.246850397657283 116
      vertex -48.50388233105283 -15.759866713122317 120
    endloop
  endfacet
  facet normal -0.6654673357362089 -0.23958298302664638 0.7069322593517753
    outer loop
      vertex -51.13770672385383 -20.246850397657283 116
      vertex -47.41860078030082 -18.77435218691857 120
      vertex -48.50388233105283 -15.759866713122317 120
    endloop
  endfacet
  facet normal -0.6791977279353129 -0.1973251809965056 0.706932259351775
    outer loop
      vertex -52.30810839623344 -16.995934690622107 116
      vertex -48.50388233105283 -15.759866713122317 120
      vertex -49.39774121756018 -12.683184245407597 120
    endloop
  endfacet
  facet normal 0.9177546256839816 0.39714789063477957 0
    outer loop
      vertex -46.146179675767 -21.714743869818694 79
      vertex -47.41860078030082 -18.77435218691857 120
      vertex -46.146179675767 -21.714743869818694 120
    endloop
  endfacet
  facet normal 0.8910065241883673 0.4539904997395478 0
    outer loop
      vertex -44.691640682237036 -24.569437379187484 79
      vertex -46.146179675767 -21.714743869818694 120
      vertex -44.691640682237036 -24.569437379187484 120
    endloop
  endfacet
  facet normal 0.8607420270039442 0.5090414157503705 0
    outer loop
      vertex -43.06072420060276 -27.327166543928836 79
      vertex -44.691640682237036 -24.569437379187484 120
      vertex -43.06072420060276 -27.327166543928836 120
    endloop
  endfacet
  facet normal -0.6087867053581633 -0.36003545390273384 0.7069322593517751
    outer loop
      vertex -46.43803590261082 -29.470473723844822 116
      vertex -44.691640682237036 -24.569437379187484 120
      vertex -48.196867402412494 -26.496452075594345 116
    endloop
  endfacet
  facet normal -0.6087867053581641 -0.3600354539027331 0.7069322593517746
    outer loop
      vertex -46.43803590261082 -29.470473723844822 116
      vertex -43.06072420060276 -27.327166543928836 120
      vertex -44.691640682237036 -24.569437379187484 120
    endloop
  endfacet
  facet normal -0.6301922170587583 -0.3210989726647554 0.706932259351775
    outer loop
      vertex -48.196867402412494 -26.496452075594345 116
      vertex -44.691640682237036 -24.569437379187484 120
      vertex -46.146179675767 -21.714743869818694 120
    endloop
  endfacet
  facet normal -0.6301922170587596 -0.3210989726647544 0.7069322593517744
    outer loop
      vertex -48.196867402412494 -26.496452075594345 116
      vertex -46.146179675767 -21.714743869818694 120
      vertex -49.765487885631075 -23.417861036078985 116
    endloop
  endfacet
  facet normal -0.6491106479860618 -0.2808952604778343 0.7069322593517745
    outer loop
      vertex -49.765487885631075 -23.417861036078985 116
      vertex -46.146179675767 -21.714743869818694 120
      vertex -47.41860078030082 -18.77435218691857 120
    endloop
  endfacet
  facet normal 0.9408807689542255 0.33873792024529104 0
    outer loop
      vertex -47.41860078030082 -18.77435218691857 79
      vertex -48.50388233105283 -15.759866713122317 120
      vertex -47.41860078030082 -18.77435218691857 120
    endloop
  endfacet
  facet normal -0.9759167619387472 -0.21814324139654295 0
    outer loop
      vertex -53.272073862074706 -13.677943794067017 80
      vertex -54.02579879007787 -10.305972302214865 116
      vertex -54.02579879007787 -10.305972302214865 80
    endloop
  endfacet
  facet normal -0.9876883405951374 -0.15643446504023317 0
    outer loop
      vertex -54.02579879007787 -10.305972302214865 80
      vertex -54.566308572296286 -6.8933278460367235 116
      vertex -54.566308572296286 -6.8933278460367235 80
    endloop
  endfacet
  facet normal 0.9759167619387473 0.21814324139654281 0
    outer loop
      vertex -49.39774121756018 -12.683184245407597 79
      vertex -50.096649787163116 -9.556447043871966 79
      vertex -50.096649787163116 -9.556447043871966 120
    endloop
  endfacet
  facet normal 0.9602936856769433 0.278991106039229 0
    outer loop
      vertex -48.50388233105283 -15.759866713122317 79
      vertex -49.39774121756018 -12.683184245407597 79
      vertex -49.39774121756018 -12.683184245407597 120
    endloop
  endfacet
  facet normal 0.9876883405951377 0.1564344650402318 0
    outer loop
      vertex -50.096649787163116 -9.556447043871966 79
      vertex -50.59784976703837 -6.391994911779507 79
      vertex -50.59784976703837 -6.391994911779507 120
    endloop
  endfacet
  facet normal -0.9759167619387472 -0.21814324139654295 0
    outer loop
      vertex -53.272073862074706 -13.677943794067017 80
      vertex -53.272073862074706 -13.677943794067017 116
      vertex -54.02579879007787 -10.305972302214865 116
    endloop
  endfacet
  facet normal -0.9876883405951374 -0.15643446504023317 0
    outer loop
      vertex -54.02579879007787 -10.305972302214865 80
      vertex -54.02579879007787 -10.305972302214865 116
      vertex -54.566308572296286 -6.8933278460367235 116
    endloop
  endfacet
  facet normal -0.9955619646030801 -0.09410831331851224 0
    outer loop
      vertex -54.566308572296286 -6.8933278460367235 80
      vertex -54.891470063554934 -3.4534785741122302 116
      vertex -54.891470063554934 -3.4534785741122302 80
    endloop
  endfacet
  facet normal -0.9995065603657315 -0.031410759078128965 0
    outer loop
      vertex -54.891470063554934 -3.4534785741122302 80
      vertex -55 0 116
      vertex -55 0 80
    endloop
  endfacet
  facet normal 0.9955619646030801 0.09410831331851365 0
    outer loop
      vertex -50.59784976703837 -6.391994911779507 79
      vertex -50.89936314984185 -3.2023164959949773 79
      vertex -50.89936314984185 -3.2023164959949773 120
    endloop
  endfacet
  facet normal 0.9995065603657317 0.03141075907812929 0
    outer loop
      vertex -50.89936314984185 -3.2023164959949773 79
      vertex -51 0 79
      vertex -51 0 120
    endloop
  endfacet
  facet normal -0.9955619646030801 -0.09410831331851224 0
    outer loop
      vertex -54.566308572296286 -6.8933278460367235 80
      vertex -54.566308572296286 -6.8933278460367235 116
      vertex -54.891470063554934 -3.4534785741122302 116
    endloop
  endfacet
  facet normal -0.9995065603657315 -0.031410759078128965 0
    outer loop
      vertex -54.891470063554934 -3.4534785741122302 80
      vertex -54.891470063554934 -3.4534785741122302 116
      vertex -55 0 116
    endloop
  endfacet
  facet normal 0.9759167619387473 0.21814324139654281 0
    outer loop
      vertex -49.39774121756018 -12.683184245407597 79
      vertex -50.096649787163116 -9.556447043871966 120
      vertex -49.39774121756018 -12.683184245407597 120
    endloop
  endfacet
  facet normal 0.9876883405951377 0.1564344650402318 0
    outer loop
      vertex -50.096649787163116 -9.556447043871966 79
      vertex -50.59784976703837 -6.391994911779507 120
      vertex -50.096649787163116 -9.556447043871966 120
    endloop
  endfacet
  facet normal -0.6902476369981818 -0.15428862662627196 0.7069322593517748
    outer loop
      vertex -53.272073862074706 -13.677943794067017 116
      vertex -50.096649787163116 -9.556447043871966 120
      vertex -54.02579879007787 -10.305972302214865 116
    endloop
  endfacet
  facet normal -0.6985734539819685 -0.11064316553451295 0.706932259351775
    outer loop
      vertex -54.02579879007787 -10.305972302214865 116
      vertex -50.096649787163116 -9.556447043871966 120
      vertex -50.59784976703837 -6.391994911779507 120
    endloop
  endfacet
  facet normal -0.6985734539819677 -0.11064316553451382 0.7069322593517753
    outer loop
      vertex -54.02579879007787 -10.305972302214865 116
      vertex -50.59784976703837 -6.391994911779507 120
      vertex -54.566308572296286 -6.8933278460367235 116
    endloop
  endfacet
  facet normal -0.6902476369981818 -0.15428862662627185 0.7069322593517748
    outer loop
      vertex -53.272073862074706 -13.677943794067017 116
      vertex -49.39774121756018 -12.683184245407597 120
      vertex -50.096649787163116 -9.556447043871966 120
    endloop
  endfacet
  facet normal 0.9955619646030801 0.09410831331851365 0
    outer loop
      vertex -50.59784976703837 -6.391994911779507 79
      vertex -50.89936314984185 -3.2023164959949773 120
      vertex -50.59784976703837 -6.391994911779507 120
    endloop
  endfacet
  facet normal 0.9995065603657317 0.03141075907812929 0
    outer loop
      vertex -50.89936314984185 -3.2023164959949773 79
      vertex -51 0 120
      vertex -50.89936314984185 -3.2023164959949773 120
    endloop
  endfacet
  facet normal -0.7041423206907417 -0.06656104641644084 0.706932259351775
    outer loop
      vertex -54.566308572296286 -6.8933278460367235 116
      vertex -50.89936314984185 -3.2023164959949773 120
      vertex -54.891470063554934 -3.4534785741122302 116
    endloop
  endfacet
  facet normal -0.704142320690741 -0.06656104641644178 0.7069322593517752
    outer loop
      vertex -54.566308572296286 -6.8933278460367235 116
      vertex -50.59784976703837 -6.391994911779507 120
      vertex -50.89936314984185 -3.2023164959949773 120
    endloop
  endfacet
  facet normal -0.7069322593517748 -0.022216241257016666 0.7069322593517748
    outer loop
      vertex -54.891470063554934 -3.4534785741122302 116
      vertex -51 0 120
      vertex -55 0 116
    endloop
  endfacet
  facet normal -0.7069322593517747 -0.022216241257016888 0.7069322593517748
    outer loop
      vertex -54.891470063554934 -3.4534785741122302 116
      vertex -50.89936314984185 -3.2023164959949773 120
      vertex -51 0 120
    endloop
  endfacet
  facet normal -0.4938570430506958 -0.8350666549577682 -0.24242298324801442
    outer loop
      vertex -24.112205774054853 -37.99475664759068 40
      vertex -26.496452075594345 -48.196867402412494 80
      vertex -29.470473723844822 -46.43803590261082 80
    endloop
  endfacet
  facet normal -0.4404482598807405 -0.864428381973406 -0.24242298324801453
    outer loop
      vertex -21.67891533457719 -39.43380060197386 40
      vertex -23.417861036078985 -49.765487885631075 80
      vertex -26.496452075594345 -48.196867402412494 80
    endloop
  endfacet
  facet normal -0.38530122865070904 -0.8903786050851554 -0.24242298324801453
    outer loop
      vertex -19.16006812042826 -40.71721736097088 40
      vertex -20.246850397657283 -51.13770672385383 80
      vertex -23.417861036078985 -49.765487885631075 80
    endloop
  endfacet
  facet normal 0.44165646839174305 0.8667996246899341 0.2315123637413841
    outer loop
      vertex -19.75190063817033 -35.9285738817984 39
      vertex -24.340030867710475 -44.27435178697805 79
      vertex -21.511991826216278 -45.71530965078318 79
    endloop
  endfacet
  facet normal -0.3286335894985751 -0.9128149106179275 -0.24242298324801453
    outer loop
      vertex -16.565604870810503 -41.839941864971316 40
      vertex -16.995934690622107 -52.30810839623344 80
      vertex -20.246850397657283 -51.13770672385383 80
    endloop
  endfacet
  facet normal -0.27066898370710035 -0.9316487527239534 -0.24242298324801448
    outer loop
      vertex -13.905764746872633 -42.79754323328191 40
      vertex -13.677943794067017 -53.272073862074706 80
      vertex -16.995934690622107 -52.30810839623344 80
    endloop
  endfacet
  facet normal 0.38635816147609764 0.8928210327359491 0.2315123637413841
    outer loop
      vertex -17.45695095416797 -37.097909151106805 39
      vertex -21.511991826216278 -45.71530965078318 79
      vertex -18.599054780878248 -46.975850072734985 79
    endloop
  endfacet
  facet normal 0.32953507540736404 0.9153188840568843 0.2315123637413839
    outer loop
      vertex -15.093106660071792 -38.12083592141831 39
      vertex -18.599054780878248 -46.975850072734985 79
      vertex -15.612715763419962 -48.05099827567418 79
    endloop
  endfacet
  facet normal 0 0 1
    outer loop
      vertex -27.327166543928836 -43.06072420060276 79
      vertex -24.340030867710475 -44.27435178697805 79
      vertex -27.07201092727217 -42.658663283697045 79
    endloop
  endfacet
  facet normal 0 0 1
    outer loop
      vertex -27.327166543928836 -43.06072420060276 79
      vertex -24.569437379187484 -44.691640682237036 79
      vertex -24.340030867710475 -44.27435178697805 79
    endloop
  endfacet
  facet normal 0 0 1
    outer loop
      vertex -24.569437379187484 -44.691640682237036 79
      vertex -21.511991826216278 -45.71530965078318 79
      vertex -24.340030867710475 -44.27435178697805 79
    endloop
  endfacet
  facet normal 0 0 1
    outer loop
      vertex -24.569437379187484 -44.691640682237036 79
      vertex -21.714743869818694 -46.146179675767 79
      vertex -21.511991826216278 -45.71530965078318 79
    endloop
  endfacet
  facet normal 0 0 1
    outer loop
      vertex -15.759866713122317 -48.50388233105283 79
      vertex -12.564760489614809 -48.93651114083226 79
      vertex -15.612715763419962 -48.05099827567418 79
    endloop
  endfacet
  facet normal 0 0 1
    outer loop
      vertex -21.714743869818694 -46.146179675767 79
      vertex -18.77435218691857 -47.41860078030082 79
      vertex -18.599054780878248 -46.975850072734985 79
    endloop
  endfacet
  facet normal 0 0 1
    outer loop
      vertex -21.714743869818694 -46.146179675767 79
      vertex -18.599054780878248 -46.975850072734985 79
      vertex -21.511991826216278 -45.71530965078318 79
    endloop
  endfacet
  facet normal 0 0 1
    outer loop
      vertex -18.77435218691857 -47.41860078030082 79
      vertex -15.612715763419962 -48.05099827567418 79
      vertex -18.599054780878248 -46.975850072734985 79
    endloop
  endfacet
  facet normal 0 0 1
    outer loop
      vertex -18.77435218691857 -47.41860078030082 79
      vertex -15.759866713122317 -48.50388233105283 79
      vertex -15.612715763419962 -48.05099827567418 79
    endloop
  endfacet
  facet normal 0.546812675036794 0.8046104174406286 0.23151236374138415
    outer loop
      vertex -24.099195343991397 -33.16969676937285 39
      vertex -29.697150127729238 -40.87462052532473 79
      vertex -27.07201092727217 -42.658663283697045 79
    endloop
  endfacet
  facet normal 0.49521175900028663 0.8373573545283514 0.2315123637413842
    outer loop
      vertex -21.968898594138867 -34.61744494558261 39
      vertex -27.07201092727217 -42.658663283697045 79
      vertex -24.340030867710475 -44.27435178697805 79
    endloop
  endfacet
  facet normal -0.21163617109382943 -0.9468058028328071 -0.2424229832480144
    outer loop
      vertex -11.191044922418468 -43.5862422507884 40
      vertex -10.305972302214865 -54.02579879007787 80
      vertex -13.677943794067017 -53.272073862074706 80
    endloop
  endfacet
  facet normal -0.1517681272006217 -0.9582262429923055 -0.2424229832480144
    outer loop
      vertex -8.432159156357617 -44.20292628279099 40
      vertex -6.8933278460367235 -54.566308572296286 80
      vertex -10.305972302214865 -54.02579879007787 80
    endloop
  endfacet
  facet normal 0.2714114649462523 0.9342043899118686 0.23151236374138406
    outer loop
      vertex -12.669696769372843 -38.99331716810129 39
      vertex -15.612715763419962 -48.05099827567418 79
      vertex -12.564760489614809 -48.93651114083226 79
    endloop
  endfacet
  facet normal 0.2122167174291025 0.9494030178372584 0.2315123637413839
    outer loop
      vertex -10.196285373759048 -39.71190960627388 39
      vertex -12.564760489614809 -48.93651114083226 79
      vertex -9.467217846450191 -49.62889395348279 79
    endloop
  endfacet
  facet normal 0.1521844474808546 0.9608547857922259 0.23151236374138398
    outer loop
      vertex -7.682633898014718 -40.273777279876235 39
      vertex -9.467217846450191 -49.62889395348279 79
      vertex -6.332312419606029 -50.125414194983854 79
    endloop
  endfacet
  facet normal -0.09130112384560976 -0.9658650019426428 -0.2424229832480146
    outer loop
      vertex -5.639995510393683 -44.645161559151504 40
      vertex -3.453478574112257 -54.891470063554934 80
      vertex -6.8933278460367235 -54.566308572296286 80
    endloop
  endfacet
  facet normal -0.03047379666630027 -0.969691932992058 -0.2424229832480144
    outer loop
      vertex -2.8255733788191195 -44.91120277927222 40
      vertex 0 -55 80
      vertex -3.453478574112257 -54.891470063554934 80
    endloop
  endfacet
  facet normal 0.09155157504486033 0.968514498880467 0.23151236374138398
    outer loop
      vertex -5.138662576136467 -40.67670275389359 39
      vertex -6.332312419606029 -50.125414194983854 79
      vertex -3.1724162486000904 -50.424112326780765 79
    endloop
  endfacet
  facet normal 0.03055739036810083 0.9723519277138133 0.231512363741384
    outer loop
      vertex -2.5744113007018643 -40.919095865559136 39
      vertex -3.1724162486000904 -50.424112326780765 79
      vertex 0 -50.523809523809526 79
    endloop
  endfacet
  facet normal 0 0 1
    outer loop
      vertex -15.759866713122317 -48.50388233105283 79
      vertex -12.683184245407597 -49.39774121756018 79
      vertex -12.564760489614809 -48.93651114083226 79
    endloop
  endfacet
  facet normal 0 0 1
    outer loop
      vertex -12.683184245407597 -49.39774121756018 79
      vertex -9.467217846450191 -49.62889395348279 79
      vertex -12.564760489614809 -48.93651114083226 79
    endloop
  endfacet
  facet normal 0 0 1
    outer loop
      vertex -12.683184245407597 -49.39774121756018 79
      vertex -9.556447043871966 -50.096649787163116 79
      vertex -9.467217846450191 -49.62889395348279 79
    endloop
  endfacet
  facet normal 0 0 1
    outer loop
      vertex -9.556447043871966 -50.096649787163116 79
      vertex -6.332312419606029 -50.125414194983854 79
      vertex -9.467217846450191 -49.62889395348279 79
    endloop
  endfacet
  facet normal 0 0 1
    outer loop
      vertex -9.556447043871966 -50.096649787163116 79
      vertex -6.391994911779507 -50.59784976703837 79
      vertex -6.332312419606029 -50.125414194983854 79
    endloop
  endfacet
  facet normal 0 0 1
    outer loop
      vertex -6.391994911779507 -50.59784976703837 79
      vertex -3.1724162486000904 -50.424112326780765 79
      vertex -6.332312419606029 -50.125414194983854 79
    endloop
  endfacet
  facet normal 0 0 1
    outer loop
      vertex -6.391994911779507 -50.59784976703837 79
      vertex -3.2023164959950017 -50.89936314984185 79
      vertex -3.1724162486000904 -50.424112326780765 79
    endloop
  endfacet
  facet normal 0 0 1
    outer loop
      vertex -3.2023164959950017 -50.89936314984185 79
      vertex 0 -50.523809523809526 79
      vertex -3.1724162486000904 -50.424112326780765 79
    endloop
  endfacet
  facet normal 0 0 1
    outer loop
      vertex -3.2023164959950017 -50.89936314984185 79
      vertex 0 -51 79
      vertex 0 -50.523809523809526 79
    endloop
  endfacet
  facet normal -0.45399049973954597 -0.8910065241883682 0
    outer loop
      vertex -26.496452075594345 -48.196867402412494 80
      vertex -23.417861036078985 -49.765487885631075 80
      vertex -23.417861036078985 -49.765487885631075 116
    endloop
  endfacet
  facet normal -0.39714789063478223 -0.9177546256839805 0
    outer loop
      vertex -23.417861036078985 -49.765487885631075 80
      vertex -20.246850397657283 -51.13770672385383 80
      vertex -20.246850397657283 -51.13770672385383 116
    endloop
  endfacet
  facet normal -0.45399049973954597 -0.8910065241883682 0
    outer loop
      vertex -26.496452075594345 -48.196867402412494 80
      vertex -23.417861036078985 -49.765487885631075 116
      vertex -26.496452075594345 -48.196867402412494 116
    endloop
  endfacet
  facet normal -0.39714789063478223 -0.9177546256839805 0
    outer loop
      vertex -23.417861036078985 -49.765487885631075 80
      vertex -20.246850397657283 -51.13770672385383 116
      vertex -23.417861036078985 -49.765487885631075 116
    endloop
  endfacet
  facet normal -0.5090414157503719 -0.8607420270039434 0
    outer loop
      vertex -29.470473723844822 -46.43803590261082 80
      vertex -26.496452075594345 -48.196867402412494 80
      vertex -26.496452075594345 -48.196867402412494 116
    endloop
  endfacet
  facet normal 0.5090414157503705 0.8607420270039442 0
    outer loop
      vertex -27.327166543928836 -43.06072420060276 79
      vertex -27.327166543928836 -43.06072420060276 120
      vertex -24.569437379187484 -44.691640682237036 79
    endloop
  endfacet
  facet normal 0.4539904997395478 0.8910065241883673 0
    outer loop
      vertex -24.569437379187484 -44.691640682237036 79
      vertex -24.569437379187484 -44.691640682237036 120
      vertex -21.714743869818694 -46.146179675767 79
    endloop
  endfacet
  facet normal 0.39714789063477957 0.9177546256839816 0
    outer loop
      vertex -21.714743869818694 -46.146179675767 79
      vertex -21.714743869818694 -46.146179675767 120
      vertex -18.77435218691857 -47.41860078030082 79
    endloop
  endfacet
  facet normal -0.3387379202452897 -0.940880768954226 0
    outer loop
      vertex -20.246850397657283 -51.13770672385383 80
      vertex -16.995934690622107 -52.30810839623344 80
      vertex -16.995934690622107 -52.30810839623344 116
    endloop
  endfacet
  facet normal -0.27899110603922894 -0.9602936856769432 0
    outer loop
      vertex -16.995934690622107 -52.30810839623344 80
      vertex -13.677943794067017 -53.272073862074706 80
      vertex -13.677943794067017 -53.272073862074706 116
    endloop
  endfacet
  facet normal 0.278991106039229 0.9602936856769433 0
    outer loop
      vertex -15.759866713122317 -48.50388233105283 79
      vertex -15.759866713122317 -48.50388233105283 120
      vertex -12.683184245407597 -49.39774121756018 79
    endloop
  endfacet
  facet normal -0.3387379202452897 -0.940880768954226 0
    outer loop
      vertex -20.246850397657283 -51.13770672385383 80
      vertex -16.995934690622107 -52.30810839623344 116
      vertex -20.246850397657283 -51.13770672385383 116
    endloop
  endfacet
  facet normal -0.27899110603922894 -0.9602936856769432 0
    outer loop
      vertex -16.995934690622107 -52.30810839623344 80
      vertex -13.677943794067017 -53.272073862074706 116
      vertex -16.995934690622107 -52.30810839623344 116
    endloop
  endfacet
  facet normal 0.33873792024529104 0.9408807689542255 0
    outer loop
      vertex -18.77435218691857 -47.41860078030082 79
      vertex -18.77435218691857 -47.41860078030082 120
      vertex -15.759866713122317 -48.50388233105283 79
    endloop
  endfacet
  facet normal -0.2808952604778362 -0.649110647986061 0.7069322593517744
    outer loop
      vertex -23.417861036078985 -49.765487885631075 116
      vertex -20.246850397657283 -51.13770672385383 116
      vertex -21.714743869818694 -46.146179675767 120
    endloop
  endfacet
  facet normal 0.5090414157503705 0.8607420270039442 0
    outer loop
      vertex -24.569437379187484 -44.691640682237036 79
      vertex -27.327166543928836 -43.06072420060276 120
      vertex -24.569437379187484 -44.691640682237036 120
    endloop
  endfacet
  facet normal 0.4539904997395478 0.8910065241883673 0
    outer loop
      vertex -21.714743869818694 -46.146179675767 79
      vertex -24.569437379187484 -44.691640682237036 120
      vertex -21.714743869818694 -46.146179675767 120
    endloop
  endfacet
  facet normal -0.3600354539027329 -0.6087867053581638 0.7069322593517751
    outer loop
      vertex -26.496452075594345 -48.196867402412494 116
      vertex -24.569437379187484 -44.691640682237036 120
      vertex -27.327166543928836 -43.06072420060276 120
    endloop
  endfacet
  facet normal -0.3210989726647541 -0.630192217058759 0.706932259351775
    outer loop
      vertex -26.496452075594345 -48.196867402412494 116
      vertex -23.417861036078985 -49.765487885631075 116
      vertex -24.569437379187484 -44.691640682237036 120
    endloop
  endfacet
  facet normal -0.3210989726647557 -0.6301922170587589 0.7069322593517744
    outer loop
      vertex -23.417861036078985 -49.765487885631075 116
      vertex -21.714743869818694 -46.146179675767 120
      vertex -24.569437379187484 -44.691640682237036 120
    endloop
  endfacet
  facet normal 0.33873792024529104 0.9408807689542255 0
    outer loop
      vertex -15.759866713122317 -48.50388233105283 79
      vertex -18.77435218691857 -47.41860078030082 120
      vertex -15.759866713122317 -48.50388233105283 120
    endloop
  endfacet
  facet normal -0.280895260477834 -0.649110647986061 0.7069322593517753
    outer loop
      vertex -20.246850397657283 -51.13770672385383 116
      vertex -18.77435218691857 -47.41860078030082 120
      vertex -21.714743869818694 -46.146179675767 120
    endloop
  endfacet
  facet normal -0.2395829830266454 -0.6654673357362091 0.7069322593517753
    outer loop
      vertex -20.246850397657283 -51.13770672385383 116
      vertex -16.995934690622107 -52.30810839623344 116
      vertex -18.77435218691857 -47.41860078030082 120
    endloop
  endfacet
  facet normal -0.1973251809965056 -0.679197727935313 0.706932259351775
    outer loop
      vertex -16.995934690622107 -52.30810839623344 116
      vertex -13.677943794067017 -53.272073862074706 116
      vertex -15.759866713122317 -48.50388233105283 120
    endloop
  endfacet
  facet normal -0.23958298302664652 -0.6654673357362092 0.706932259351775
    outer loop
      vertex -16.995934690622107 -52.30810839623344 116
      vertex -15.759866713122317 -48.50388233105283 120
      vertex -18.77435218691857 -47.41860078030082 120
    endloop
  endfacet
  facet normal -0.1973251809965056 -0.6791977279353129 0.706932259351775
    outer loop
      vertex -13.677943794067017 -53.272073862074706 116
      vertex -12.683184245407597 -49.39774121756018 120
      vertex -15.759866713122317 -48.50388233105283 120
    endloop
  endfacet
  facet normal 0.39714789063477957 0.9177546256839816 0
    outer loop
      vertex -18.77435218691857 -47.41860078030082 79
      vertex -21.714743869818694 -46.146179675767 120
      vertex -18.77435218691857 -47.41860078030082 120
    endloop
  endfacet
  facet normal -0.21814324139654295 -0.9759167619387472 0
    outer loop
      vertex -13.677943794067017 -53.272073862074706 80
      vertex -10.305972302214865 -54.02579879007787 80
      vertex -10.305972302214865 -54.02579879007787 116
    endloop
  endfacet
  facet normal 0.21814324139654281 0.9759167619387473 0
    outer loop
      vertex -12.683184245407597 -49.39774121756018 79
      vertex -12.683184245407597 -49.39774121756018 120
      vertex -9.556447043871966 -50.096649787163116 79
    endloop
  endfacet
  facet normal -0.15643446504023317 -0.9876883405951374 0
    outer loop
      vertex -10.305972302214865 -54.02579879007787 80
      vertex -6.8933278460367235 -54.566308572296286 80
      vertex -6.8933278460367235 -54.566308572296286 116
    endloop
  endfacet
  facet normal 0.1564344650402318 0.9876883405951377 0
    outer loop
      vertex -9.556447043871966 -50.096649787163116 79
      vertex -9.556447043871966 -50.096649787163116 120
      vertex -6.391994911779507 -50.59784976703837 79
    endloop
  endfacet
  facet normal -0.21814324139654295 -0.9759167619387472 0
    outer loop
      vertex -13.677943794067017 -53.272073862074706 80
      vertex -10.305972302214865 -54.02579879007787 116
      vertex -13.677943794067017 -53.272073862074706 116
    endloop
  endfacet
  facet normal -0.15643446504023317 -0.9876883405951374 0
    outer loop
      vertex -10.305972302214865 -54.02579879007787 80
      vertex -6.8933278460367235 -54.566308572296286 116
      vertex -10.305972302214865 -54.02579879007787 116
    endloop
  endfacet
  facet normal -0.09410831331851298 -0.9955619646030801 0
    outer loop
      vertex -6.8933278460367235 -54.566308572296286 80
      vertex -3.453478574112257 -54.891470063554934 80
      vertex -3.453478574112257 -54.891470063554934 116
    endloop
  endfacet
  facet normal 0.09410831331851437 0.9955619646030801 0
    outer loop
      vertex -6.391994911779507 -50.59784976703837 79
      vertex -6.391994911779507 -50.59784976703837 120
      vertex -3.2023164959950017 -50.89936314984185 79
    endloop
  endfacet
  facet normal -0.03141075907812873 -0.9995065603657316 0
    outer loop
      vertex -3.453478574112257 -54.891470063554934 80
      vertex 0 -55 80
      vertex 0 -55 116
    endloop
  endfacet
  facet normal 0.03141075907812905 0.9995065603657315 0
    outer loop
      vertex -3.2023164959950017 -50.89936314984185 79
      vertex -3.2023164959950017 -50.89936314984185 120
      vertex 0 -51 79
    endloop
  endfacet
  facet normal -0.09410831331851298 -0.9955619646030801 0
    outer loop
      vertex -6.8933278460367235 -54.566308572296286 80
      vertex -3.453478574112257 -54.891470063554934 116
      vertex -6.8933278460367235 -54.566308572296286 116
    endloop
  endfacet
  facet normal -0.03141075907812873 -0.9995065603657316 0
    outer loop
      vertex -3.453478574112257 -54.891470063554934 80
      vertex 0 -55 116
      vertex -3.453478574112257 -54.891470063554934 116
    endloop
  endfacet
  facet normal 0.278991106039229 0.9602936856769433 0
    outer loop
      vertex -12.683184245407597 -49.39774121756018 79
      vertex -15.759866713122317 -48.50388233105283 120
      vertex -12.683184245407597 -49.39774121756018 120
    endloop
  endfacet
  facet normal 0.21814324139654281 0.9759167619387473 0
    outer loop
      vertex -9.556447043871966 -50.096649787163116 79
      vertex -12.683184245407597 -49.39774121756018 120
      vertex -9.556447043871966 -50.096649787163116 120
    endloop
  endfacet
  facet normal 0.1564344650402318 0.9876883405951377 0
    outer loop
      vertex -6.391994911779507 -50.59784976703837 79
      vertex -9.556447043871966 -50.096649787163116 120
      vertex -6.391994911779507 -50.59784976703837 120
    endloop
  endfacet
  facet normal -0.15428862662627196 -0.6902476369981818 0.7069322593517747
    outer loop
      vertex -13.677943794067017 -53.272073862074706 116
      vertex -10.305972302214865 -54.02579879007787 116
      vertex -12.683184245407597 -49.39774121756018 120
    endloop
  endfacet
  facet normal -0.15428862662627185 -0.6902476369981818 0.706932259351775
    outer loop
      vertex -10.305972302214865 -54.02579879007787 116
      vertex -9.556447043871966 -50.096649787163116 120
      vertex -12.683184245407597 -49.39774121756018 120
    endloop
  endfacet
  facet normal -0.11064316553451391 -0.6985734539819682 0.706932259351775
    outer loop
      vertex -10.305972302214865 -54.02579879007787 116
      vertex -6.8933278460367235 -54.566308572296286 116
      vertex -9.556447043871966 -50.096649787163116 120
    endloop
  endfacet
  facet normal -0.11064316553451285 -0.6985734539819679 0.7069322593517753
    outer loop
      vertex -6.8933278460367235 -54.566308572296286 116
      vertex -6.391994911779507 -50.59784976703837 120
      vertex -9.556447043871966 -50.096649787163116 120
    endloop
  endfacet
  facet normal 0.09410831331851437 0.9955619646030801 0
    outer loop
      vertex -3.2023164959950017 -50.89936314984185 79
      vertex -6.391994911779507 -50.59784976703837 120
      vertex -3.2023164959950017 -50.89936314984185 120
    endloop
  endfacet
  facet normal 0.03141075907812905 0.9995065603657315 0
    outer loop
      vertex 0 -51 79
      vertex -3.2023164959950017 -50.89936314984185 120
      vertex 0 -51 120
    endloop
  endfacet
  facet normal -0.06656104641644131 -0.7041423206907412 0.7069322593517753
    outer loop
      vertex -6.8933278460367235 -54.566308572296286 116
      vertex -3.453478574112257 -54.891470063554934 116
      vertex -6.391994911779507 -50.59784976703837 120
    endloop
  endfacet
  facet normal -0.06656104641644232 -0.7041423206907415 0.706932259351775
    outer loop
      vertex -3.453478574112257 -54.891470063554934 116
      vertex -3.2023164959950017 -50.89936314984185 120
      vertex -6.391994911779507 -50.59784976703837 120
    endloop
  endfacet
  facet normal -0.022216241257016493 -0.7069322593517747 0.706932259351775
    outer loop
      vertex -3.453478574112257 -54.891470063554934 116
      vertex 0 -55 116
      vertex -3.2023164959950017 -50.89936314984185 120
    endloop
  endfacet
  facet normal -0.02221624125701672 -0.7069322593517748 0.7069322593517748
    outer loop
      vertex 0 -55 116
      vertex 0 -51 120
      vertex -3.2023164959950017 -50.89936314984185 120
    endloop
  endfacet
  facet normal -0.7069322593517748 0.022216241257015535 -0.7069322593517748
    outer loop
      vertex -45 0 4
      vertex -44.91120277927222 2.8255733788190973 4
      vertex -41 0 0
    endloop
  endfacet
  facet normal -0.7069322593517748 0.02221624125701571 -0.706932259351775
    outer loop
      vertex -44.91120277927222 2.8255733788190973 4
      vertex -40.919095865559136 2.5744113007018443 0
      vertex -41 0 0
    endloop
  endfacet
  facet normal -0.7041423206907415 0.06656104641644275 -0.7069322593517748
    outer loop
      vertex -44.91120277927222 2.8255733788190973 4
      vertex -44.645161559151504 5.639995510393683 4
      vertex -40.919095865559136 2.5744113007018443 0
    endloop
  endfacet
  facet normal -0.6985734539819687 0.11064316553451203 -0.7069322593517746
    outer loop
      vertex -44.645161559151504 5.639995510393683 4
      vertex -44.20292628279099 8.432159156357617 4
      vertex -40.67670275389359 5.138662576136467 0
    endloop
  endfacet
  facet normal -0.7041423206907418 0.06656104641644227 -0.7069322593517748
    outer loop
      vertex -44.645161559151504 5.639995510393683 4
      vertex -40.67670275389359 5.138662576136467 0
      vertex -40.919095865559136 2.5744113007018443 0
    endloop
  endfacet
  facet normal -0.6985734539819684 0.1106431655345125 -0.7069322593517748
    outer loop
      vertex -44.20292628279099 8.432159156357617 4
      vertex -40.273777279876235 7.682633898014718 0
      vertex -40.67670275389359 5.138662576136467 0
    endloop
  endfacet
  facet normal -0.6902476369981819 0.15428862662627152 -0.7069322593517748
    outer loop
      vertex -44.20292628279099 8.432159156357617 4
      vertex -43.5862422507884 11.191044922418468 4
      vertex -40.273777279876235 7.682633898014718 0
    endloop
  endfacet
  facet normal -0.6791977279353123 0.19732518099650737 -0.7069322593517747
    outer loop
      vertex -43.5862422507884 11.191044922418468 4
      vertex -42.79754323328191 13.905764746872633 4
      vertex -39.71190960627388 10.196285373759048 0
    endloop
  endfacet
  facet normal -0.9995065603657316 0.031410759078127376 0
    outer loop
      vertex -45 0 4
      vertex -44.91120277927222 2.8255733788190973 40
      vertex -44.91120277927222 2.8255733788190973 4
    endloop
  endfacet
  facet normal -0.99556196460308 0.09410831331851498 0
    outer loop
      vertex -44.91120277927222 2.8255733788190973 4
      vertex -44.645161559151504 5.639995510393683 40
      vertex -44.645161559151504 5.639995510393683 4
    endloop
  endfacet
  facet normal -0.9995065603657316 0.031410759078127376 0
    outer loop
      vertex -45 0 4
      vertex -45 0 40
      vertex -44.91120277927222 2.8255733788190973 40
    endloop
  endfacet
  facet normal -0.99556196460308 0.09410831331851498 0
    outer loop
      vertex -44.91120277927222 2.8255733788190973 4
      vertex -44.91120277927222 2.8255733788190973 40
      vertex -44.645161559151504 5.639995510393683 40
    endloop
  endfacet
  facet normal -0.9876883405951378 0.15643446504023045 0
    outer loop
      vertex -44.645161559151504 5.639995510393683 4
      vertex -44.645161559151504 5.639995510393683 40
      vertex -44.20292628279099 8.432159156357617 40
    endloop
  endfacet
  facet normal -0.9876883405951378 0.15643446504023045 0
    outer loop
      vertex -44.645161559151504 5.639995510393683 4
      vertex -44.20292628279099 8.432159156357617 40
      vertex -44.20292628279099 8.432159156357617 4
    endloop
  endfacet
  facet normal -0.9759167619387474 0.21814324139654234 0
    outer loop
      vertex -44.20292628279099 8.432159156357617 4
      vertex -43.5862422507884 11.191044922418468 40
      vertex -43.5862422507884 11.191044922418468 4
    endloop
  endfacet
  facet normal -0.9602936856769425 0.2789911060392315 0
    outer loop
      vertex -43.5862422507884 11.191044922418468 4
      vertex -42.79754323328191 13.905764746872633 40
      vertex -42.79754323328191 13.905764746872633 4
    endloop
  endfacet
  facet normal -0.9759167619387474 0.21814324139654234 0
    outer loop
      vertex -44.20292628279099 8.432159156357617 4
      vertex -44.20292628279099 8.432159156357617 40
      vertex -43.5862422507884 11.191044922418468 40
    endloop
  endfacet
  facet normal -0.9602936856769425 0.2789911060392315 0
    outer loop
      vertex -43.5862422507884 11.191044922418468 4
      vertex -43.5862422507884 11.191044922418468 40
      vertex -42.79754323328191 13.905764746872633 40
    endloop
  endfacet
  facet normal -0.940880768954226 0.3387379202452898 0
    outer loop
      vertex -42.79754323328191 13.905764746872633 4
      vertex -41.839941864971316 16.565604870810503 40
      vertex -41.839941864971316 16.565604870810503 4
    endloop
  endfacet
  facet normal -0.940880768954226 0.3387379202452898 0
    outer loop
      vertex -42.79754323328191 13.905764746872633 4
      vertex -42.79754323328191 13.905764746872633 40
      vertex -41.839941864971316 16.565604870810503 40
    endloop
  endfacet
  facet normal -0.9177546256839805 0.3971478906347821 0
    outer loop
      vertex -41.839941864971316 16.565604870810503 4
      vertex -41.839941864971316 16.565604870810503 40
      vertex -40.71721736097088 19.16006812042826 40
    endloop
  endfacet
  facet normal 0.9995065603657315 -0.03141075907812762 0
    outer loop
      vertex -40.919095865559136 2.5744113007018443 39
      vertex -41 0 0
      vertex -40.919095865559136 2.5744113007018443 0
    endloop
  endfacet
  facet normal 0.99556196460308 -0.09410831331851424 0
    outer loop
      vertex -40.67670275389359 5.138662576136467 39
      vertex -40.919095865559136 2.5744113007018443 0
      vertex -40.67670275389359 5.138662576136467 0
    endloop
  endfacet
  facet normal 0.9876883405951377 -0.15643446504023117 0
    outer loop
      vertex -40.273777279876235 7.682633898014718 39
      vertex -40.67670275389359 5.138662576136467 0
      vertex -40.273777279876235 7.682633898014718 0
    endloop
  endfacet
  facet normal -0.6902476369981819 0.15428862662627132 -0.7069322593517747
    outer loop
      vertex -43.5862422507884 11.191044922418468 4
      vertex -39.71190960627388 10.196285373759048 0
      vertex -40.273777279876235 7.682633898014718 0
    endloop
  endfacet
  facet normal -0.6791977279353123 0.19732518099650756 -0.7069322593517748
    outer loop
      vertex -42.79754323328191 13.905764746872633 4
      vertex -38.99331716810129 12.669696769372843 0
      vertex -39.71190960627388 10.196285373759048 0
    endloop
  endfacet
  facet normal 0.9759167619387475 -0.21814324139654204 0
    outer loop
      vertex -39.71190960627388 10.196285373759048 39
      vertex -40.273777279876235 7.682633898014718 0
      vertex -39.71190960627388 10.196285373759048 0
    endloop
  endfacet
  facet normal 0.9602936856769423 -0.2789911060392318 0
    outer loop
      vertex -38.99331716810129 12.669696769372843 39
      vertex -39.71190960627388 10.196285373759048 0
      vertex -38.99331716810129 12.669696769372843 0
    endloop
  endfacet
  facet normal 0.9995065603657315 -0.03141075907812762 0
    outer loop
      vertex -41 0 39
      vertex -41 0 0
      vertex -40.919095865559136 2.5744113007018443 39
    endloop
  endfacet
  facet normal 0.99556196460308 -0.09410831331851424 0
    outer loop
      vertex -40.919095865559136 2.5744113007018443 39
      vertex -40.919095865559136 2.5744113007018443 0
      vertex -40.67670275389359 5.138662576136467 39
    endloop
  endfacet
  facet normal 0.9876883405951377 -0.15643446504023117 0
    outer loop
      vertex -40.67670275389359 5.138662576136467 39
      vertex -40.67670275389359 5.138662576136467 0
      vertex -40.273777279876235 7.682633898014718 39
    endloop
  endfacet
  facet normal 0.9759167619387475 -0.21814324139654204 0
    outer loop
      vertex -40.273777279876235 7.682633898014718 39
      vertex -40.273777279876235 7.682633898014718 0
      vertex -39.71190960627388 10.196285373759048 39
    endloop
  endfacet
  facet normal 0.9602936856769423 -0.2789911060392318 0
    outer loop
      vertex -39.71190960627388 10.196285373759048 39
      vertex -39.71190960627388 10.196285373759048 0
      vertex -38.99331716810129 12.669696769372843 39
    endloop
  endfacet
  facet normal 0.9408807689542265 -0.3387379202452888 0
    outer loop
      vertex -38.99331716810129 12.669696769372843 39
      vertex -38.99331716810129 12.669696769372843 0
      vertex -38.12083592141831 15.093106660071792 39
    endloop
  endfacet
  facet normal -0.6654673357362101 0.23958298302664505 -0.7069322593517746
    outer loop
      vertex -41.839941864971316 16.565604870810503 4
      vertex -38.12083592141831 15.093106660071792 0
      vertex -38.99331716810129 12.669696769372843 0
    endloop
  endfacet
  facet normal -0.6654673357362094 0.2395829830266456 -0.706932259351775
    outer loop
      vertex -42.79754323328191 13.905764746872633 4
      vertex -41.839941864971316 16.565604870810503 4
      vertex -38.99331716810129 12.669696769372843 0
    endloop
  endfacet
  facet normal -0.6491106479860609 0.2808952604778361 -0.7069322593517746
    outer loop
      vertex -41.839941864971316 16.565604870810503 4
      vertex -40.71721736097088 19.16006812042826 4
      vertex -38.12083592141831 15.093106660071792 0
    endloop
  endfacet
  facet normal -0.6491106479860613 0.28089526047783564 -0.7069322593517744
    outer loop
      vertex -40.71721736097088 19.16006812042826 4
      vertex -37.097909151106805 17.45695095416797 0
      vertex -38.12083592141831 15.093106660071792 0
    endloop
  endfacet
  facet normal -0.6301922170587596 0.3210989726647544 -0.7069322593517744
    outer loop
      vertex -40.71721736097088 19.16006812042826 4
      vertex -39.43380060197386 21.67891533457719 4
      vertex -37.097909151106805 17.45695095416797 0
    endloop
  endfacet
  facet normal -0.6301922170587583 0.32109897266475573 -0.7069322593517752
    outer loop
      vertex -39.43380060197386 21.67891533457719 4
      vertex -35.9285738817984 19.75190063817033 0
      vertex -37.097909151106805 17.45695095416797 0
    endloop
  endfacet
  facet normal 0.9408807689542265 -0.3387379202452888 0
    outer loop
      vertex -38.12083592141831 15.093106660071792 39
      vertex -38.99331716810129 12.669696769372843 0
      vertex -38.12083592141831 15.093106660071792 0
    endloop
  endfacet
  facet normal 0.9177546256839808 -0.3971478906347814 0
    outer loop
      vertex -37.097909151106805 17.45695095416797 39
      vertex -38.12083592141831 15.093106660071792 0
      vertex -37.097909151106805 17.45695095416797 0
    endloop
  endfacet
  facet normal 0.8910065241883671 -0.45399049973954825 0
    outer loop
      vertex -35.9285738817984 19.75190063817033 39
      vertex -37.097909151106805 17.45695095416797 0
      vertex -35.9285738817984 19.75190063817033 0
    endloop
  endfacet
  facet normal -0.6087867053581637 0.36003545390273284 -0.7069322593517752
    outer loop
      vertex -37.99475664759068 24.112205774054853 4
      vertex -34.61744494558261 21.968898594138867 0
      vertex -35.9285738817984 19.75190063817033 0
    endloop
  endfacet
  facet normal -0.6087867053581639 0.3600354539027327 -0.7069322593517751
    outer loop
      vertex -39.43380060197386 21.67891533457719 4
      vertex -37.99475664759068 24.112205774054853 4
      vertex -35.9285738817984 19.75190063817033 0
    endloop
  endfacet
  facet normal -0.5849785906597089 0.39755103968871125 -0.7069322593517751
    outer loop
      vertex -37.99475664759068 24.112205774054853 4
      vertex -36.405764746872634 26.45033635316129 4
      vertex -34.61744494558261 21.968898594138867 0
    endloop
  endfacet
  facet normal -0.5849785906597101 0.3975510396887102 -0.7069322593517746
    outer loop
      vertex -36.405764746872634 26.45033635316129 4
      vertex -33.16969676937285 24.099195343991397 0
      vertex -34.61744494558261 21.968898594138867 0
    endloop
  endfacet
  facet normal -0.5588618327152183 0.4334976731448308 -0.7069322593517746
    outer loop
      vertex -36.405764746872634 26.45033635316129 4
      vertex -34.67309592491052 28.684079538691034 4
      vertex -33.16969676937285 24.099195343991397 0
    endloop
  endfacet
  facet normal 0.8607420270039441 -0.5090414157503705 0
    outer loop
      vertex -34.61744494558261 21.968898594138867 39
      vertex -35.9285738817984 19.75190063817033 0
      vertex -34.61744494558261 21.968898594138867 0
    endloop
  endfacet
  facet normal -0.5588618327152183 0.4334976731448309 -0.7069322593517746
    outer loop
      vertex -34.67309592491052 28.684079538691034 4
      vertex -31.591042953807364 26.134383579696276 0
      vertex -33.16969676937285 24.099195343991397 0
    endloop
  endfacet
  facet normal 0.8270805742745627 -0.5620833778521293 0
    outer loop
      vertex -33.16969676937285 24.099195343991397 39
      vertex -34.61744494558261 21.968898594138867 0
      vertex -33.16969676937285 24.099195343991397 0
    endloop
  endfacet
  facet normal 0.7901550123756905 -0.6129070536529763 0
    outer loop
      vertex -31.591042953807364 26.134383579696276 39
      vertex -33.16969676937285 24.099195343991397 0
      vertex -31.591042953807364 26.134383579696276 0
    endloop
  endfacet
  facet normal 0.7501110696304585 -0.6613118653236533 0
    outer loop
      vertex -29.887713724277877 28.06643134307623 39
      vertex -31.591042953807364 26.134383579696276 0
      vertex -29.887713724277877 28.06643134307623 0
    endloop
  endfacet
  facet normal -0.9177546256839805 0.3971478906347821 0
    outer loop
      vertex -41.839941864971316 16.565604870810503 4
      vertex -40.71721736097088 19.16006812042826 40
      vertex -40.71721736097088 19.16006812042826 4
    endloop
  endfacet
  facet normal -0.8910065241883683 0.45399049973954597 0
    outer loop
      vertex -40.71721736097088 19.16006812042826 4
      vertex -40.71721736097088 19.16006812042826 40
      vertex -39.43380060197386 21.67891533457719 40
    endloop
  endfacet
  facet normal 0.9177546256839808 -0.3971478906347814 0
    outer loop
      vertex -38.12083592141831 15.093106660071792 39
      vertex -38.12083592141831 15.093106660071792 0
      vertex -37.097909151106805 17.45695095416797 39
    endloop
  endfacet
  facet normal 0.8910065241883671 -0.45399049973954825 0
    outer loop
      vertex -37.097909151106805 17.45695095416797 39
      vertex -37.097909151106805 17.45695095416797 0
      vertex -35.9285738817984 19.75190063817033 39
    endloop
  endfacet
  facet normal 0.8607420270039441 -0.5090414157503705 0
    outer loop
      vertex -35.9285738817984 19.75190063817033 39
      vertex -35.9285738817984 19.75190063817033 0
      vertex -34.61744494558261 21.968898594138867 39
    endloop
  endfacet
  facet normal -0.8910065241883683 0.45399049973954597 0
    outer loop
      vertex -40.71721736097088 19.16006812042826 4
      vertex -39.43380060197386 21.67891533457719 40
      vertex -39.43380060197386 21.67891533457719 4
    endloop
  endfacet
  facet normal -0.8607420270039442 0.5090414157503703 0
    outer loop
      vertex -39.43380060197386 21.67891533457719 4
      vertex -37.99475664759068 24.112205774054853 40
      vertex -37.99475664759068 24.112205774054853 4
    endloop
  endfacet
  facet normal -0.8270805742745615 0.562083377852131 0
    outer loop
      vertex -37.99475664759068 24.112205774054853 4
      vertex -36.405764746872634 26.45033635316129 40
      vertex -36.405764746872634 26.45033635316129 4
    endloop
  endfacet
  facet normal -0.8607420270039442 0.5090414157503703 0
    outer loop
      vertex -39.43380060197386 21.67891533457719 4
      vertex -39.43380060197386 21.67891533457719 40
      vertex -37.99475664759068 24.112205774054853 40
    endloop
  endfacet
  facet normal -0.8270805742745615 0.562083377852131 0
    outer loop
      vertex -37.99475664759068 24.112205774054853 4
      vertex -37.99475664759068 24.112205774054853 40
      vertex -36.405764746872634 26.45033635316129 40
    endloop
  endfacet
  facet normal -0.7901550123756906 0.6129070536529762 0
    outer loop
      vertex -36.405764746872634 26.45033635316129 4
      vertex -36.405764746872634 26.45033635316129 40
      vertex -34.67309592491052 28.684079538691034 40
    endloop
  endfacet
  facet normal 0.8270805742745627 -0.5620833778521293 0
    outer loop
      vertex -34.61744494558261 21.968898594138867 39
      vertex -34.61744494558261 21.968898594138867 0
      vertex -33.16969676937285 24.099195343991397 39
    endloop
  endfacet
  facet normal 0.7901550123756905 -0.6129070536529763 0
    outer loop
      vertex -33.16969676937285 24.099195343991397 39
      vertex -33.16969676937285 24.099195343991397 0
      vertex -31.591042953807364 26.134383579696276 39
    endloop
  endfacet
  facet normal 0.7501110696304585 -0.6613118653236533 0
    outer loop
      vertex -31.591042953807364 26.134383579696276 39
      vertex -31.591042953807364 26.134383579696276 0
      vertex -29.887713724277877 28.06643134307623 39
    endloop
  endfacet
  facet normal -0.969691932992058 0.030473796666298954 -0.2424229832480145
    outer loop
      vertex -45 0 40
      vertex -55 0 80
      vertex -44.91120277927222 2.8255733788190973 40
    endloop
  endfacet
  facet normal -0.9658650019426427 0.0913011238456117 -0.2424229832480144
    outer loop
      vertex -44.91120277927222 2.8255733788190973 40
      vertex -54.891470063554934 3.4534785741122302 80
      vertex -44.645161559151504 5.639995510393683 40
    endloop
  endfacet
  facet normal 0.9723519277138133 -0.030557390368098982 0.23151236374138415
    outer loop
      vertex -41 0 39
      vertex -40.919095865559136 2.5744113007018443 39
      vertex -50.523809523809526 0 79
    endloop
  endfacet
  facet normal 0.9685144988804671 -0.09155157504485968 0.231512363741384
    outer loop
      vertex -40.919095865559136 2.5744113007018443 39
      vertex -40.67670275389359 5.138662576136467 39
      vertex -50.424112326780765 3.172416248600066 79
    endloop
  endfacet
  facet normal 0.9608547857922258 -0.15218444748085422 0.231512363741384
    outer loop
      vertex -40.67670275389359 5.138662576136467 39
      vertex -40.273777279876235 7.682633898014718 39
      vertex -50.125414194983854 6.332312419606029 79
    endloop
  endfacet
  facet normal 0.9494030178372587 -0.21221671742910123 0.23151236374138398
    outer loop
      vertex -40.273777279876235 7.682633898014718 39
      vertex -39.71190960627388 10.196285373759048 39
      vertex -49.62889395348279 9.467217846450191 79
    endloop
  endfacet
  facet normal 0.9342043899118677 -0.2714114649462553 0.23151236374138387
    outer loop
      vertex -39.71190960627388 10.196285373759048 39
      vertex -38.99331716810129 12.669696769372843 39
      vertex -48.93651114083226 12.564760489614809 79
    endloop
  endfacet
  facet normal -0.9582262429923059 0.15176812720061908 -0.24242298324801456
    outer loop
      vertex -44.645161559151504 5.639995510393683 40
      vertex -54.566308572296286 6.8933278460367235 80
      vertex -44.20292628279099 8.432159156357617 40
    endloop
  endfacet
  facet normal -0.9468058028328072 0.2116361710938288 -0.2424229832480144
    outer loop
      vertex -44.20292628279099 8.432159156357617 40
      vertex -54.02579879007787 10.305972302214865 80
      vertex -43.5862422507884 11.191044922418468 40
    endloop
  endfacet
  facet normal -0.9316487527239528 0.27066898370710285 -0.2424229832480143
    outer loop
      vertex -43.5862422507884 11.191044922418468 40
      vertex -53.272073862074706 13.677943794067017 80
      vertex -42.79754323328191 13.905764746872633 40
    endloop
  endfacet
  facet normal 0.915318884056885 -0.32953507540736215 0.23151236374138412
    outer loop
      vertex -38.99331716810129 12.669696769372843 39
      vertex -38.12083592141831 15.093106660071792 39
      vertex -48.05099827567418 15.612715763419962 79
    endloop
  endfacet
  facet normal -0.9128149106179274 0.32863358949857513 -0.2424229832480145
    outer loop
      vertex -42.79754323328191 13.905764746872633 40
      vertex -52.30810839623344 16.995934690622107 80
      vertex -41.839941864971316 16.565604870810503 40
    endloop
  endfacet
  facet normal -0.8903786050851553 0.38530122865070887 -0.24242298324801453
    outer loop
      vertex -41.839941864971316 16.565604870810503 40
      vertex -51.13770672385383 20.246850397657283 80
      vertex -40.71721736097088 19.16006812042826 40
    endloop
  endfacet
  facet normal -0.864428381973406 0.4404482598807405 -0.24242298324801456
    outer loop
      vertex -40.71721736097088 19.16006812042826 40
      vertex -49.765487885631075 23.417861036078985 80
      vertex -39.43380060197386 21.67891533457719 40
    endloop
  endfacet
  facet normal -0.8350666549577691 0.4938570430506943 -0.24242298324801456
    outer loop
      vertex -39.43380060197386 21.67891533457719 40
      vertex -48.196867402412494 26.496452075594345 80
      vertex -37.99475664759068 24.112205774054853 40
    endloop
  endfacet
  facet normal 0.8928210327359484 -0.3863581614760998 0.23151236374138398
    outer loop
      vertex -38.12083592141831 15.093106660071792 39
      vertex -37.097909151106805 17.45695095416797 39
      vertex -46.975850072734985 18.599054780878248 79
    endloop
  endfacet
  facet normal 0.8667996246899342 -0.44165646839174266 0.23151236374138412
    outer loop
      vertex -37.097909151106805 17.45695095416797 39
      vertex -35.9285738817984 19.75190063817033 39
      vertex -45.71530965078318 21.511991826216278 79
    endloop
  endfacet
  facet normal 0.8373573545283505 -0.49521175900028797 0.23151236374138406
    outer loop
      vertex -35.9285738817984 19.75190063817033 39
      vertex -34.61744494558261 21.968898594138867 39
      vertex -44.27435178697805 24.340030867710475 79
    endloop
  endfacet
  facet normal 0.8046104174406292 -0.546812675036793 0.23151236374138406
    outer loop
      vertex -34.61744494558261 21.968898594138867 39
      vertex -33.16969676937285 24.099195343991397 39
      vertex -42.65866328369704 27.07201092727217 79
    endloop
  endfacet
  facet normal 0.7686880506268025 -0.596255571259878 0.23151236374138415
    outer loop
      vertex -33.16969676937285 24.099195343991397 39
      vertex -31.591042953807364 26.134383579696276 39
      vertex -40.87462052532473 29.697150127729238 79
    endloop
  endfacet
  facet normal -0.802409301360678 0.54531679809355 -0.2424229832480144
    outer loop
      vertex -37.99475664759068 24.112205774054853 40
      vertex -46.43803590261082 29.470473723844822 80
      vertex -36.405764746872634 26.45033635316129 40
    endloop
  endfacet
  facet normal -0.5305395024366841 0.4677334893312972 -0.7069322593517746
    outer loop
      vertex -34.67309592491052 28.684079538691034 4
      vertex -32.803588233963524 30.80461976679098 4
      vertex -31.591042953807364 26.134383579696276 0
    endloop
  endfacet
  facet normal -0.5305395024366838 0.46773348933129755 -0.7069322593517748
    outer loop
      vertex -32.803588233963524 30.80461976679098 4
      vertex -29.887713724277877 28.06643134307623 0
      vertex -31.591042953807364 26.134383579696276 0
    endloop
  endfacet
  facet normal -0.5001233751224766 0.5001233751224766 -0.7069322593517748
    outer loop
      vertex -32.803588233963524 30.80461976679098 4
      vertex -30.80461976679098 32.803588233963524 4
      vertex -29.887713724277877 28.06643134307623 0
    endloop
  endfacet
  facet normal -0.5001233751224766 0.5001233751224766 -0.7069322593517747
    outer loop
      vertex -30.80461976679098 32.803588233963524 4
      vertex -28.06643134307623 29.887713724277877 0
      vertex -29.887713724277877 28.06643134307623 0
    endloop
  endfacet
  facet normal -0.4677334893312976 0.5305395024366839 -0.7069322593517746
    outer loop
      vertex -28.684079538691034 34.67309592491052 4
      vertex -26.134383579696276 31.591042953807364 0
      vertex -28.06643134307623 29.887713724277877 0
    endloop
  endfacet
  facet normal -0.46773348933129716 0.530539502436684 -0.7069322593517748
    outer loop
      vertex -30.80461976679098 32.803588233963524 4
      vertex -28.684079538691034 34.67309592491052 4
      vertex -28.06643134307623 29.887713724277877 0
    endloop
  endfacet
  facet normal 0.7071067811865476 -0.7071067811865476 0
    outer loop
      vertex -28.06643134307623 29.887713724277877 39
      vertex -29.887713724277877 28.06643134307623 0
      vertex -28.06643134307623 29.887713724277877 0
    endloop
  endfacet
  facet normal -0.7901550123756906 0.6129070536529762 0
    outer loop
      vertex -36.405764746872634 26.45033635316129 4
      vertex -34.67309592491052 28.684079538691034 40
      vertex -34.67309592491052 28.684079538691034 4
    endloop
  endfacet
  facet normal -0.7501110696304588 0.6613118653236526 0
    outer loop
      vertex -34.67309592491052 28.684079538691034 4
      vertex -32.803588233963524 30.80461976679098 40
      vertex -32.803588233963524 30.80461976679098 4
    endloop
  endfacet
  facet normal -0.7071067811865475 0.7071067811865475 0
    outer loop
      vertex -32.803588233963524 30.80461976679098 4
      vertex -30.80461976679098 32.803588233963524 40
      vertex -30.80461976679098 32.803588233963524 4
    endloop
  endfacet
  facet normal -0.6613118653236526 0.7501110696304588 0
    outer loop
      vertex -30.80461976679098 32.803588233963524 4
      vertex -30.80461976679098 32.803588233963524 40
      vertex -28.684079538691034 34.67309592491052 4
    endloop
  endfacet
  facet normal -0.7501110696304588 0.6613118653236526 0
    outer loop
      vertex -34.67309592491052 28.684079538691034 4
      vertex -34.67309592491052 28.684079538691034 40
      vertex -32.803588233963524 30.80461976679098 40
    endloop
  endfacet
  facet normal -0.7071067811865475 0.7071067811865475 0
    outer loop
      vertex -32.803588233963524 30.80461976679098 4
      vertex -32.803588233963524 30.80461976679098 40
      vertex -30.80461976679098 32.803588233963524 40
    endloop
  endfacet
  facet normal 0.7071067811865476 -0.7071067811865476 0
    outer loop
      vertex -29.887713724277877 28.06643134307623 39
      vertex -29.887713724277877 28.06643134307623 0
      vertex -28.06643134307623 29.887713724277877 39
    endloop
  endfacet
  facet normal -0.6613118653236526 0.7501110696304588 0
    outer loop
      vertex -28.684079538691034 34.67309592491052 4
      vertex -30.80461976679098 32.803588233963524 40
      vertex -28.684079538691034 34.67309592491052 40
    endloop
  endfacet
  facet normal -0.6129070536529762 0.7901550123756906 0
    outer loop
      vertex -28.684079538691034 34.67309592491052 4
      vertex -28.684079538691034 34.67309592491052 40
      vertex -26.45033635316129 36.405764746872634 4
    endloop
  endfacet
  facet normal -0.7665852048370574 0.5946244368658756 -0.2424229832480145
    outer loop
      vertex -36.405764746872634 26.45033635316129 40
      vertex -44.49593469062211 32.328188876086024 80
      vertex -34.67309592491052 28.684079538691034 40
    endloop
  endfacet
  facet normal -0.72773574672941 0.6415853646439582 -0.24242298324801453
    outer loop
      vertex -34.67309592491052 28.684079538691034 40
      vertex -42.378228352668415 35.05831943617793 80
      vertex -32.803588233963524 30.80461976679098 40
    endloop
  endfacet
  facet normal -0.6860142481002609 0.6860142481002609 -0.24242298324801448
    outer loop
      vertex -32.803588233963524 30.80461976679098 40
      vertex -40.09327450817764 37.650090826077864 80
      vertex -30.80461976679098 32.803588233963524 40
    endloop
  endfacet
  facet normal 0.7297320232573167 -0.6433453191464598 0.23151236374138415
    outer loop
      vertex -31.591042953807364 26.134383579696276 39
      vertex -29.887713724277877 28.06643134307623 39
      vertex -38.92926431357679 32.20508824396951 79
    endloop
  endfacet
  facet normal 0.6878960769748862 -0.6878960769748862 0.2315123637413841
    outer loop
      vertex -29.887713724277877 28.06643134307623 39
      vertex -28.06643134307623 29.887713724277877 39
      vertex -36.83027208067227 34.58592759001612 79
    endloop
  endfacet
  facet normal 0.6433453191464598 -0.7297320232573167 0.23151236374138415
    outer loop
      vertex -28.06643134307623 29.887713724277877 39
      vertex -26.134383579696276 31.591042953807364 39
      vertex -32.20508824396951 38.92926431357679 79
    endloop
  endfacet
  facet normal -0.6415853646439582 0.72773574672941 -0.24242298324801453
    outer loop
      vertex -30.80461976679098 32.803588233963524 40
      vertex -35.05831943617793 42.378228352668415 80
      vertex -28.684079538691034 34.67309592491052 40
    endloop
  endfacet
  facet normal -0.5946244368658756 0.7665852048370574 -0.2424229832480145
    outer loop
      vertex -28.684079538691034 34.67309592491052 40
      vertex -32.328188876086024 44.49593469062211 80
      vertex -26.45033635316129 36.405764746872634 40
    endloop
  endfacet
  facet normal -0.4334976731448308 0.5588618327152183 -0.7069322593517746
    outer loop
      vertex -28.684079538691034 34.67309592491052 4
      vertex -26.45033635316129 36.405764746872634 4
      vertex -26.134383579696276 31.591042953807364 0
    endloop
  endfacet
  facet normal -0.43349767314483095 0.5588618327152183 -0.7069322593517746
    outer loop
      vertex -26.45033635316129 36.405764746872634 4
      vertex -24.099195343991397 33.16969676937285 0
      vertex -26.134383579696276 31.591042953807364 0
    endloop
  endfacet
  facet normal 0.6613118653236533 -0.7501110696304585 0
    outer loop
      vertex -26.134383579696276 31.591042953807364 39
      vertex -28.06643134307623 29.887713724277877 0
      vertex -26.134383579696276 31.591042953807364 0
    endloop
  endfacet
  facet normal 0.6129070536529763 -0.7901550123756905 0
    outer loop
      vertex -24.099195343991397 33.16969676937285 39
      vertex -26.134383579696276 31.591042953807364 0
      vertex -24.099195343991397 33.16969676937285 0
    endloop
  endfacet
  facet normal 0.5620833778521293 -0.8270805742745627 0
    outer loop
      vertex -21.968898594138867 34.61744494558261 39
      vertex -24.099195343991397 33.16969676937285 0
      vertex -21.968898594138867 34.61744494558261 0
    endloop
  endfacet
  facet normal -0.3975510396887115 0.5849785906597094 -0.7069322593517746
    outer loop
      vertex -26.45033635316129 36.405764746872634 4
      vertex -24.112205774054853 37.99475664759068 4
      vertex -24.099195343991397 33.16969676937285 0
    endloop
  endfacet
  facet normal -0.3975510396887099 0.5849785906597098 -0.7069322593517752
    outer loop
      vertex -24.112205774054853 37.99475664759068 4
      vertex -21.968898594138867 34.61744494558261 0
      vertex -24.099195343991397 33.16969676937285 0
    endloop
  endfacet
  facet normal -0.3600354539027332 0.6087867053581635 -0.7069322593517751
    outer loop
      vertex -24.112205774054853 37.99475664759068 4
      vertex -21.678915334577184 39.433800601973864 4
      vertex -21.968898594138867 34.61744494558261 0
    endloop
  endfacet
  facet normal -0.3600354539027335 0.6087867053581635 -0.7069322593517751
    outer loop
      vertex -21.678915334577184 39.433800601973864 4
      vertex -19.751900638170323 35.92857388179841 0
      vertex -21.968898594138867 34.61744494558261 0
    endloop
  endfacet
  facet normal -0.3210989726647545 0.6301922170587588 -0.7069322593517751
    outer loop
      vertex -21.678915334577184 39.433800601973864 4
      vertex -19.16006812042827 40.71721736097088 4
      vertex -19.751900638170323 35.92857388179841 0
    endloop
  endfacet
  facet normal -0.32109897266475507 0.6301922170587588 -0.7069322593517748
    outer loop
      vertex -19.16006812042827 40.71721736097088 4
      vertex -17.456950954167983 37.0979091511068 0
      vertex -19.751900638170323 35.92857388179841 0
    endloop
  endfacet
  facet normal -0.28089526047783503 0.6491106479860611 -0.706932259351775
    outer loop
      vertex -19.16006812042827 40.71721736097088 4
      vertex -16.565604870810503 41.839941864971316 4
      vertex -17.456950954167983 37.0979091511068 0
    endloop
  endfacet
  facet normal -0.2808952604778358 0.6491106479860611 -0.7069322593517747
    outer loop
      vertex -16.565604870810503 41.839941864971316 4
      vertex -15.093106660071792 38.12083592141831 0
      vertex -17.456950954167983 37.0979091511068 0
    endloop
  endfacet
  facet normal -0.23958298302664494 0.6654673357362098 -0.706932259351775
    outer loop
      vertex -13.905764746872633 42.79754323328191 4
      vertex -12.669696769372843 38.99331716810129 0
      vertex -15.093106660071792 38.12083592141831 0
    endloop
  endfacet
  facet normal -0.23958298302664569 0.6654673357362096 -0.7069322593517746
    outer loop
      vertex -16.565604870810503 41.839941864971316 4
      vertex -13.905764746872633 42.79754323328191 4
      vertex -15.093106660071792 38.12083592141831 0
    endloop
  endfacet
  facet normal 0.5090414157503714 -0.8607420270039436 0
    outer loop
      vertex -19.751900638170323 35.92857388179841 39
      vertex -21.968898594138867 34.61744494558261 0
      vertex -19.751900638170323 35.92857388179841 0
    endloop
  endfacet
  facet normal 0.4539904997395472 -0.8910065241883677 0
    outer loop
      vertex -17.456950954167983 37.0979091511068 39
      vertex -19.751900638170323 35.92857388179841 0
      vertex -17.456950954167983 37.0979091511068 0
    endloop
  endfacet
  facet normal 0.39714789063478173 -0.9177546256839807 0
    outer loop
      vertex -15.093106660071792 38.12083592141831 39
      vertex -17.456950954167983 37.0979091511068 0
      vertex -15.093106660071792 38.12083592141831 0
    endloop
  endfacet
  facet normal 0.6613118653236533 -0.7501110696304585 0
    outer loop
      vertex -28.06643134307623 29.887713724277877 39
      vertex -28.06643134307623 29.887713724277877 0
      vertex -26.134383579696276 31.591042953807364 39
    endloop
  endfacet
  facet normal 0.6129070536529763 -0.7901550123756905 0
    outer loop
      vertex -26.134383579696276 31.591042953807364 39
      vertex -26.134383579696276 31.591042953807364 0
      vertex -24.099195343991397 33.16969676937285 39
    endloop
  endfacet
  facet normal 0.5620833778521293 -0.8270805742745627 0
    outer loop
      vertex -24.099195343991397 33.16969676937285 39
      vertex -24.099195343991397 33.16969676937285 0
      vertex -21.968898594138867 34.61744494558261 39
    endloop
  endfacet
  facet normal -0.562083377852131 0.8270805742745615 0
    outer loop
      vertex -26.45033635316129 36.405764746872634 4
      vertex -26.45033635316129 36.405764746872634 40
      vertex -24.112205774054853 37.99475664759068 4
    endloop
  endfacet
  facet normal -0.509041415750371 0.8607420270039438 0
    outer loop
      vertex -24.112205774054853 37.99475664759068 4
      vertex -24.112205774054853 37.99475664759068 40
      vertex -21.678915334577184 39.433800601973864 4
    endloop
  endfacet
  facet normal -0.4539904997395465 0.891006524188368 0
    outer loop
      vertex -21.678915334577184 39.433800601973864 4
      vertex -21.678915334577184 39.433800601973864 40
      vertex -19.16006812042827 40.71721736097088 4
    endloop
  endfacet
  facet normal -0.6129070536529762 0.7901550123756906 0
    outer loop
      vertex -28.684079538691034 34.67309592491052 40
      vertex -26.45033635316129 36.405764746872634 40
      vertex -26.45033635316129 36.405764746872634 4
    endloop
  endfacet
  facet normal -0.562083377852131 0.8270805742745615 0
    outer loop
      vertex -24.112205774054853 37.99475664759068 4
      vertex -26.45033635316129 36.405764746872634 40
      vertex -24.112205774054853 37.99475664759068 40
    endloop
  endfacet
  facet normal 0.5090414157503714 -0.8607420270039436 0
    outer loop
      vertex -21.968898594138867 34.61744494558261 39
      vertex -21.968898594138867 34.61744494558261 0
      vertex -19.751900638170323 35.92857388179841 39
    endloop
  endfacet
  facet normal -0.509041415750371 0.8607420270039438 0
    outer loop
      vertex -21.678915334577184 39.433800601973864 4
      vertex -24.112205774054853 37.99475664759068 40
      vertex -21.678915334577184 39.433800601973864 40
    endloop
  endfacet
  facet normal -0.39714789063478073 0.917754625683981 0
    outer loop
      vertex -19.16006812042827 40.71721736097088 4
      vertex -19.16006812042827 40.71721736097088 40
      vertex -16.565604870810503 41.839941864971316 4
    endloop
  endfacet
  facet normal 0.4539904997395472 -0.8910065241883677 0
    outer loop
      vertex -19.751900638170323 35.92857388179841 39
      vertex -19.751900638170323 35.92857388179841 0
      vertex -17.456950954167983 37.0979091511068 39
    endloop
  endfacet
  facet normal -0.4539904997395465 0.891006524188368 0
    outer loop
      vertex -19.16006812042827 40.71721736097088 4
      vertex -21.678915334577184 39.433800601973864 40
      vertex -19.16006812042827 40.71721736097088 40
    endloop
  endfacet
  facet normal 0.39714789063478173 -0.9177546256839807 0
    outer loop
      vertex -17.456950954167983 37.0979091511068 39
      vertex -17.456950954167983 37.0979091511068 0
      vertex -15.093106660071792 38.12083592141831 39
    endloop
  endfacet
  facet normal 0.3387379202452888 -0.9408807689542265 0
    outer loop
      vertex -15.093106660071792 38.12083592141831 39
      vertex -15.093106660071792 38.12083592141831 0
      vertex -12.669696769372843 38.99331716810129 39
    endloop
  endfacet
  facet normal -0.3387379202452898 0.940880768954226 0
    outer loop
      vertex -16.565604870810503 41.839941864971316 4
      vertex -16.565604870810503 41.839941864971316 40
      vertex -13.905764746872633 42.79754323328191 4
    endloop
  endfacet
  facet normal -0.39714789063478073 0.917754625683981 0
    outer loop
      vertex -16.565604870810503 41.839941864971316 4
      vertex -19.16006812042827 40.71721736097088 40
      vertex -16.565604870810503 41.839941864971316 40
    endloop
  endfacet
  facet normal -0.3387379202452898 0.940880768954226 0
    outer loop
      vertex -13.905764746872633 42.79754323328191 4
      vertex -16.565604870810503 41.839941864971316 40
      vertex -13.905764746872633 42.79754323328191 40
    endloop
  endfacet
  facet normal -0.1973251809965076 0.6791977279353123 -0.7069322593517748
    outer loop
      vertex -11.191044922418468 43.5862422507884 4
      vertex -10.196285373759048 39.71190960627388 0
      vertex -12.669696769372843 38.99331716810129 0
    endloop
  endfacet
  facet normal 0.3387379202452888 -0.9408807689542265 0
    outer loop
      vertex -12.669696769372843 38.99331716810129 39
      vertex -15.093106660071792 38.12083592141831 0
      vertex -12.669696769372843 38.99331716810129 0
    endloop
  endfacet
  facet normal 0.2789911060392318 -0.9602936856769423 0
    outer loop
      vertex -10.196285373759048 39.71190960627388 39
      vertex -12.669696769372843 38.99331716810129 0
      vertex -10.196285373759048 39.71190960627388 0
    endloop
  endfacet
  facet normal 0.21814324139654118 -0.9759167619387478 0
    outer loop
      vertex -7.682633898014707 40.273777279876235 39
      vertex -10.196285373759048 39.71190960627388 0
      vertex -7.682633898014707 40.273777279876235 0
    endloop
  endfacet
  facet normal 0.15643446504023237 -0.9876883405951375 0
    outer loop
      vertex -5.1386625761364755 40.67670275389359 39
      vertex -7.682633898014707 40.273777279876235 0
      vertex -5.1386625761364755 40.67670275389359 0
    endloop
  endfacet
  facet normal 0.09410831331851392 -0.99556196460308 0
    outer loop
      vertex -2.5744113007018443 40.919095865559136 39
      vertex -5.1386625761364755 40.67670275389359 0
      vertex -2.5744113007018443 40.919095865559136 0
    endloop
  endfacet
  facet normal 0.03141075907812762 -0.9995065603657315 0
    outer loop
      vertex 0 41 39
      vertex -2.5744113007018443 40.919095865559136 0
      vertex 0 41 0
    endloop
  endfacet
  facet normal 0.2789911060392318 -0.9602936856769423 0
    outer loop
      vertex -12.669696769372843 38.99331716810129 39
      vertex -12.669696769372843 38.99331716810129 0
      vertex -10.196285373759048 39.71190960627388 39
    endloop
  endfacet
  facet normal 0.21814324139654118 -0.9759167619387478 0
    outer loop
      vertex -10.196285373759048 39.71190960627388 39
      vertex -10.196285373759048 39.71190960627388 0
      vertex -7.682633898014707 40.273777279876235 39
    endloop
  endfacet
  facet normal 0.15643446504023237 -0.9876883405951375 0
    outer loop
      vertex -7.682633898014707 40.273777279876235 39
      vertex -7.682633898014707 40.273777279876235 0
      vertex -5.1386625761364755 40.67670275389359 39
    endloop
  endfacet
  facet normal 0.09410831331851392 -0.99556196460308 0
    outer loop
      vertex -5.1386625761364755 40.67670275389359 39
      vertex -5.1386625761364755 40.67670275389359 0
      vertex -2.5744113007018443 40.919095865559136 39
    endloop
  endfacet
  facet normal 0.03141075907812762 -0.9995065603657315 0
    outer loop
      vertex -2.5744113007018443 40.919095865559136 39
      vertex -2.5744113007018443 40.919095865559136 0
      vertex 0 41 39
    endloop
  endfacet
  facet normal -0.19732518099650737 0.6791977279353123 -0.7069322593517748
    outer loop
      vertex -13.905764746872633 42.79754323328191 4
      vertex -11.191044922418468 43.5862422507884 4
      vertex -12.669696769372843 38.99331716810129 0
    endloop
  endfacet
  facet normal -0.1542886266262707 0.6902476369981819 -0.706932259351775
    outer loop
      vertex -8.432159156357606 44.20292628279099 4
      vertex -7.682633898014707 40.273777279876235 0
      vertex -10.196285373759048 39.71190960627388 0
    endloop
  endfacet
  facet normal -0.15428862662627096 0.690247636998182 -0.7069322593517748
    outer loop
      vertex -11.191044922418468 43.5862422507884 4
      vertex -8.432159156357606 44.20292628279099 4
      vertex -10.196285373759048 39.71190960627388 0
    endloop
  endfacet
  facet normal -0.1106431655345128 0.6985734539819684 -0.7069322593517748
    outer loop
      vertex -8.432159156357606 44.20292628279099 4
      vertex -5.6399955103936925 44.645161559151504 4
      vertex -7.682633898014707 40.273777279876235 0
    endloop
  endfacet
  facet normal -0.11064316553451338 0.6985734539819686 -0.7069322593517747
    outer loop
      vertex -5.6399955103936925 44.645161559151504 4
      vertex -5.1386625761364755 40.67670275389359 0
      vertex -7.682633898014707 40.273777279876235 0
    endloop
  endfacet
  facet normal -0.06656104641644202 0.7041423206907416 -0.706932259351775
    outer loop
      vertex -2.8255733788190973 44.91120277927222 4
      vertex -2.5744113007018443 40.919095865559136 0
      vertex -5.1386625761364755 40.67670275389359 0
    endloop
  endfacet
  facet normal -0.06656104641644255 0.7041423206907417 -0.7069322593517747
    outer loop
      vertex -5.6399955103936925 44.645161559151504 4
      vertex -2.8255733788190973 44.91120277927222 4
      vertex -5.1386625761364755 40.67670275389359 0
    endloop
  endfacet
  facet normal -0.022216241257015535 0.7069322593517748 -0.706932259351775
    outer loop
      vertex -2.8255733788190973 44.91120277927222 4
      vertex 0 45 4
      vertex -2.5744113007018443 40.919095865559136 0
    endloop
  endfacet
  facet normal -0.02221624125701571 0.7069322593517748 -0.7069322593517748
    outer loop
      vertex 0 45 4
      vertex 0 41 0
      vertex -2.5744113007018443 40.919095865559136 0
    endloop
  endfacet
  facet normal -0.2789911060392315 0.9602936856769425 0
    outer loop
      vertex -13.905764746872633 42.79754323328191 4
      vertex -13.905764746872633 42.79754323328191 40
      vertex -11.191044922418468 43.5862422507884 4
    endloop
  endfacet
  facet normal -0.2181432413965415 0.9759167619387477 0
    outer loop
      vertex -11.191044922418468 43.5862422507884 4
      vertex -11.191044922418468 43.5862422507884 40
      vertex -8.432159156357606 44.20292628279099 4
    endloop
  endfacet
  facet normal -0.15643446504023156 0.9876883405951375 0
    outer loop
      vertex -8.432159156357606 44.20292628279099 4
      vertex -8.432159156357606 44.20292628279099 40
      vertex -5.6399955103936925 44.645161559151504 4
    endloop
  endfacet
  facet normal -0.2789911060392315 0.9602936856769425 0
    outer loop
      vertex -11.191044922418468 43.5862422507884 4
      vertex -13.905764746872633 42.79754323328191 40
      vertex -11.191044922418468 43.5862422507884 40
    endloop
  endfacet
  facet normal -0.2181432413965415 0.9759167619387477 0
    outer loop
      vertex -8.432159156357606 44.20292628279099 4
      vertex -11.191044922418468 43.5862422507884 40
      vertex -8.432159156357606 44.20292628279099 40
    endloop
  endfacet
  facet normal -0.09410831331851464 0.99556196460308 0
    outer loop
      vertex -5.6399955103936925 44.645161559151504 4
      vertex -5.6399955103936925 44.645161559151504 40
      vertex -2.8255733788190973 44.91120277927222 4
    endloop
  endfacet
  facet normal -0.031410759078127376 0.9995065603657316 0
    outer loop
      vertex -2.8255733788190973 44.91120277927222 4
      vertex -2.8255733788190973 44.91120277927222 40
      vertex 0 45 4
    endloop
  endfacet
  facet normal -0.15643446504023156 0.9876883405951375 0
    outer loop
      vertex -5.6399955103936925 44.645161559151504 4
      vertex -8.432159156357606 44.20292628279099 40
      vertex -5.6399955103936925 44.645161559151504 40
    endloop
  endfacet
  facet normal -0.09410831331851464 0.99556196460308 0
    outer loop
      vertex -2.8255733788190973 44.91120277927222 4
      vertex -5.6399955103936925 44.645161559151504 40
      vertex -2.8255733788190973 44.91120277927222 40
    endloop
  endfacet
  facet normal -0.031410759078127376 0.9995065603657316 0
    outer loop
      vertex -2.8255733788190973 44.91120277927222 40
      vertex 0 45 40
      vertex 0 45 4
    endloop
  endfacet
  facet normal 0.596255571259878 -0.7686880506268025 0.23151236374138415
    outer loop
      vertex -26.134383579696276 31.591042953807364 39
      vertex -24.099195343991397 33.16969676937285 39
      vertex -29.697150127729238 40.87462052532473 79
    endloop
  endfacet
  facet normal 0.546812675036793 -0.8046104174406292 0.23151236374138406
    outer loop
      vertex -24.099195343991397 33.16969676937285 39
      vertex -21.968898594138867 34.61744494558261 39
      vertex -27.07201092727217 42.65866328369704 79
    endloop
  endfacet
  facet normal 0.4952117590002888 -0.83735735452835 0.2315123637413841
    outer loop
      vertex -21.968898594138867 34.61744494558261 39
      vertex -19.751900638170323 35.92857388179841 39
      vertex -24.34003086771047 44.27435178697806 79
    endloop
  endfacet
  facet normal -0.54531679809355 0.802409301360678 -0.24242298324801442
    outer loop
      vertex -26.45033635316129 36.405764746872634 40
      vertex -29.470473723844822 46.43803590261082 80
      vertex -24.112205774054853 37.99475664759068 40
    endloop
  endfacet
  facet normal 0.44165646839174166 -0.8667996246899348 0.23151236374138412
    outer loop
      vertex -19.751900638170323 35.92857388179841 39
      vertex -17.456950954167983 37.0979091511068 39
      vertex -21.511991826216292 45.715309650783176 79
    endloop
  endfacet
  facet normal 0.3863581614761 -0.892821032735948 0.23151236374138398
    outer loop
      vertex -17.456950954167983 37.0979091511068 39
      vertex -15.093106660071792 38.12083592141831 39
      vertex -18.599054780878248 46.975850072734985 79
    endloop
  endfacet
  facet normal -0.49385704305069494 0.8350666549577686 -0.24242298324801437
    outer loop
      vertex -24.112205774054853 37.99475664759068 40
      vertex -26.496452075594338 48.196867402412494 80
      vertex -21.678915334577184 39.433800601973864 40
    endloop
  endfacet
  facet normal -0.440448259880741 0.8644283819734057 -0.24242298324801442
    outer loop
      vertex -21.678915334577184 39.433800601973864 40
      vertex -23.417861036079 49.76548788563107 80
      vertex -19.16006812042827 40.71721736097088 40
    endloop
  endfacet
  facet normal 0.32953507540736215 -0.915318884056885 0.23151236374138412
    outer loop
      vertex -15.093106660071792 38.12083592141831 39
      vertex -12.669696769372843 38.99331716810129 39
      vertex -15.612715763419962 48.05099827567418 79
    endloop
  endfacet
  facet normal -0.38530122865070754 0.8903786050851559 -0.24242298324801453
    outer loop
      vertex -19.16006812042827 40.71721736097088 40
      vertex -20.246850397657283 51.13770672385383 80
      vertex -16.565604870810503 41.839941864971316 40
    endloop
  endfacet
  facet normal -0.32863358949857513 0.9128149106179274 -0.2424229832480145
    outer loop
      vertex -16.565604870810503 41.839941864971316 40
      vertex -16.995934690622107 52.30810839623344 80
      vertex -13.905764746872633 42.79754323328191 40
    endloop
  endfacet
  facet normal 0.2714114649462553 -0.9342043899118677 0.23151236374138387
    outer loop
      vertex -12.669696769372843 38.99331716810129 39
      vertex -10.196285373759048 39.71190960627388 39
      vertex -12.564760489614809 48.93651114083226 79
    endloop
  endfacet
  facet normal 0.2122167174291004 -0.9494030178372589 0.23151236374138412
    outer loop
      vertex -10.196285373759048 39.71190960627388 39
      vertex -7.682633898014707 40.273777279876235 39
      vertex -9.467217846450179 49.628893953482795 79
    endloop
  endfacet
  facet normal 0.15218444748085536 -0.9608547857922256 0.2315123637413841
    outer loop
      vertex -7.682633898014707 40.273777279876235 39
      vertex -5.1386625761364755 40.67670275389359 39
      vertex -9.467217846450179 49.628893953482795 79
    endloop
  endfacet
  facet normal -0.27066898370710285 0.9316487527239528 -0.2424229832480143
    outer loop
      vertex -13.905764746872633 42.79754323328191 40
      vertex -13.677943794067017 53.272073862074706 80
      vertex -11.191044922418468 43.5862422507884 40
    endloop
  endfacet
  facet normal -0.21163617109382798 0.9468058028328074 -0.24242298324801453
    outer loop
      vertex -11.191044922418468 43.5862422507884 40
      vertex -10.305972302214851 54.02579879007788 80
      vertex -8.432159156357606 44.20292628279099 40
    endloop
  endfacet
  facet normal -0.15176812720062016 0.9582262429923056 -0.2424229832480146
    outer loop
      vertex -8.432159156357606 44.20292628279099 40
      vertex -6.893327846036736 54.566308572296286 80
      vertex -5.6399955103936925 44.645161559151504 40
    endloop
  endfacet
  facet normal 0.09155157504485936 -0.9685144988804673 0.231512363741384
    outer loop
      vertex -5.1386625761364755 40.67670275389359 39
      vertex -2.5744113007018443 40.919095865559136 39
      vertex -6.3323124196060405 50.125414194983854 79
    endloop
  endfacet
  facet normal 0.030557390368098982 -0.9723519277138133 0.23151236374138398
    outer loop
      vertex -2.5744113007018443 40.919095865559136 39
      vertex 0 41 39
      vertex -3.172416248600066 50.424112326780765 79
    endloop
  endfacet
  facet normal -0.09130112384561138 0.9658650019426427 -0.2424229832480144
    outer loop
      vertex -5.6399955103936925 44.645161559151504 40
      vertex -3.4534785741122302 54.891470063554934 80
      vertex -2.8255733788190973 44.91120277927222 40
    endloop
  endfacet
  facet normal -0.030473796666298954 0.969691932992058 -0.2424229832480145
    outer loop
      vertex -2.8255733788190973 44.91120277927222 40
      vertex 0 55 80
      vertex 0 45 40
    endloop
  endfacet
  facet normal -0.9696919329920579 0.0304737966663005 -0.24242298324801434
    outer loop
      vertex -44.91120277927222 2.8255733788190973 40
      vertex -55 0 80
      vertex -54.891470063554934 3.4534785741122302 80
    endloop
  endfacet
  facet normal -0.9658650019426429 0.09130112384560905 -0.2424229832480146
    outer loop
      vertex -44.645161559151504 5.639995510393683 40
      vertex -54.891470063554934 3.4534785741122302 80
      vertex -54.566308572296286 6.8933278460367235 80
    endloop
  endfacet
  facet normal -0.9582262429923055 0.1517681272006217 -0.2424229832480144
    outer loop
      vertex -44.20292628279099 8.432159156357617 40
      vertex -54.566308572296286 6.8933278460367235 80
      vertex -54.02579879007787 10.305972302214865 80
    endloop
  endfacet
  facet normal -0.9468058028328071 0.21163617109382943 -0.2424229832480144
    outer loop
      vertex -43.5862422507884 11.191044922418468 40
      vertex -54.02579879007787 10.305972302214865 80
      vertex -53.272073862074706 13.677943794067017 80
    endloop
  endfacet
  facet normal 0.9723519277138133 -0.03055739036810107 0.23151236374138404
    outer loop
      vertex -40.919095865559136 2.5744113007018443 39
      vertex -50.424112326780765 3.172416248600066 79
      vertex -50.523809523809526 0 79
    endloop
  endfacet
  facet normal 0.9685144988804673 -0.09155157504485967 0.231512363741384
    outer loop
      vertex -40.67670275389359 5.138662576136467 39
      vertex -50.125414194983854 6.332312419606029 79
      vertex -50.424112326780765 3.172416248600066 79
    endloop
  endfacet
  facet normal 0.9608547857922259 -0.1521844474808546 0.23151236374138398
    outer loop
      vertex -40.273777279876235 7.682633898014718 39
      vertex -49.62889395348279 9.467217846450191 79
      vertex -50.125414194983854 6.332312419606029 79
    endloop
  endfacet
  facet normal 0.9494030178372584 -0.2122167174291025 0.2315123637413839
    outer loop
      vertex -39.71190960627388 10.196285373759048 39
      vertex -48.93651114083226 12.564760489614809 79
      vertex -49.62889395348279 9.467217846450191 79
    endloop
  endfacet
  facet normal 0.9342043899118686 -0.2714114649462523 0.23151236374138406
    outer loop
      vertex -38.99331716810129 12.669696769372843 39
      vertex -48.05099827567418 15.612715763419962 79
      vertex -48.93651114083226 12.564760489614809 79
    endloop
  endfacet
  facet normal 0 0 1
    outer loop
      vertex -50.89936314984185 -3.2023164959949773 79
      vertex -50.89936314984185 3.2023164959949773 79
      vertex -51 0 79
    endloop
  endfacet
  facet normal 0 0 1
    outer loop
      vertex -50.59784976703837 -6.391994911779507 79
      vertex -50.523809523809526 0 79
      vertex -50.59784976703837 6.391994911779507 79
    endloop
  endfacet
  facet normal 0 0 1
    outer loop
      vertex -50.89936314984185 -3.2023164959949773 79
      vertex -50.59784976703837 6.391994911779507 79
      vertex -50.89936314984185 3.2023164959949773 79
    endloop
  endfacet
  facet normal 0 0 1
    outer loop
      vertex -50.523809523809526 0 79
      vertex -50.424112326780765 3.172416248600066 79
      vertex -50.59784976703837 6.391994911779507 79
    endloop
  endfacet
  facet normal 0 0 1
    outer loop
      vertex -50.424112326780765 3.172416248600066 79
      vertex -50.096649787163116 9.556447043871966 79
      vertex -50.59784976703837 6.391994911779507 79
    endloop
  endfacet
  facet normal 0 0 1
    outer loop
      vertex -50.424112326780765 3.172416248600066 79
      vertex -50.125414194983854 6.332312419606029 79
      vertex -50.096649787163116 9.556447043871966 79
    endloop
  endfacet
  facet normal 0 0 1
    outer loop
      vertex -50.125414194983854 6.332312419606029 79
      vertex -49.62889395348279 9.467217846450191 79
      vertex -50.096649787163116 9.556447043871966 79
    endloop
  endfacet
  facet normal 0 0 1
    outer loop
      vertex -50.096649787163116 9.556447043871966 79
      vertex -49.62889395348279 9.467217846450191 79
      vertex -49.39774121756018 12.683184245407597 79
    endloop
  endfacet
  facet normal 0 0 1
    outer loop
      vertex -49.62889395348279 9.467217846450191 79
      vertex -48.93651114083226 12.564760489614809 79
      vertex -49.39774121756018 12.683184245407597 79
    endloop
  endfacet
  facet normal 0 0 1
    outer loop
      vertex -49.39774121756018 12.683184245407597 79
      vertex -48.93651114083226 12.564760489614809 79
      vertex -48.50388233105283 15.759866713122317 79
    endloop
  endfacet
  facet normal -0.9316487527239534 0.27066898370710035 -0.24242298324801448
    outer loop
      vertex -42.79754323328191 13.905764746872633 40
      vertex -53.272073862074706 13.677943794067017 80
      vertex -52.30810839623344 16.995934690622107 80
    endloop
  endfacet
  facet normal -0.9128149106179275 0.3286335894985751 -0.24242298324801453
    outer loop
      vertex -41.839941864971316 16.565604870810503 40
      vertex -52.30810839623344 16.995934690622107 80
      vertex -51.13770672385383 20.246850397657283 80
    endloop
  endfacet
  facet normal 0.9153188840568843 -0.32953507540736404 0.2315123637413839
    outer loop
      vertex -38.12083592141831 15.093106660071792 39
      vertex -46.975850072734985 18.599054780878248 79
      vertex -48.05099827567418 15.612715763419962 79
    endloop
  endfacet
  facet normal 0.8928210327359491 -0.38635816147609764 0.2315123637413841
    outer loop
      vertex -37.097909151106805 17.45695095416797 39
      vertex -45.71530965078318 21.511991826216278 79
      vertex -46.975850072734985 18.599054780878248 79
    endloop
  endfacet
  facet normal -0.8903786050851554 0.38530122865070904 -0.24242298324801453
    outer loop
      vertex -40.71721736097088 19.16006812042826 40
      vertex -51.13770672385383 20.246850397657283 80
      vertex -49.765487885631075 23.417861036078985 80
    endloop
  endfacet
  facet normal -0.864428381973406 0.4404482598807405 -0.24242298324801453
    outer loop
      vertex -39.43380060197386 21.67891533457719 40
      vertex -49.765487885631075 23.417861036078985 80
      vertex -48.196867402412494 26.496452075594345 80
    endloop
  endfacet
  facet normal 0.8667996246899341 -0.44165646839174305 0.2315123637413841
    outer loop
      vertex -35.9285738817984 19.75190063817033 39
      vertex -44.27435178697805 24.340030867710475 79
      vertex -45.71530965078318 21.511991826216278 79
    endloop
  endfacet
  facet normal -0.8350666549577682 0.4938570430506958 -0.24242298324801442
    outer loop
      vertex -37.99475664759068 24.112205774054853 40
      vertex -48.196867402412494 26.496452075594345 80
      vertex -46.43803590261082 29.470473723844822 80
    endloop
  endfacet
  facet normal 0 0 1
    outer loop
      vertex -48.93651114083226 12.564760489614809 79
      vertex -48.05099827567418 15.612715763419962 79
      vertex -48.50388233105283 15.759866713122317 79
    endloop
  endfacet
  facet normal 0 0 1
    outer loop
      vertex -48.50388233105283 15.759866713122317 79
      vertex -48.05099827567418 15.612715763419962 79
      vertex -47.41860078030082 18.77435218691857 79
    endloop
  endfacet
  facet normal 0 0 1
    outer loop
      vertex -48.05099827567418 15.612715763419962 79
      vertex -46.975850072734985 18.599054780878248 79
      vertex -47.41860078030082 18.77435218691857 79
    endloop
  endfacet
  facet normal 0 0 1
    outer loop
      vertex -47.41860078030082 18.77435218691857 79
      vertex -46.975850072734985 18.599054780878248 79
      vertex -46.146179675767 21.714743869818694 79
    endloop
  endfacet
  facet normal 0 0 1
    outer loop
      vertex -46.975850072734985 18.599054780878248 79
      vertex -45.71530965078318 21.511991826216278 79
      vertex -46.146179675767 21.714743869818694 79
    endloop
  endfacet
  facet normal 0 0 1
    outer loop
      vertex -45.71530965078318 21.511991826216278 79
      vertex -44.691640682237036 24.569437379187484 79
      vertex -46.146179675767 21.714743869818694 79
    endloop
  endfacet
  facet normal 0 0 1
    outer loop
      vertex -45.71530965078318 21.511991826216278 79
      vertex -44.27435178697805 24.340030867710475 79
      vertex -44.691640682237036 24.569437379187484 79
    endloop
  endfacet
  facet normal 0 0 1
    outer loop
      vertex -44.691640682237036 24.569437379187484 79
      vertex -44.27435178697805 24.340030867710475 79
      vertex -43.06072420060276 27.327166543928836 79
    endloop
  endfacet
  facet normal 0 0 1
    outer loop
      vertex -44.27435178697805 24.340030867710475 79
      vertex -42.65866328369704 27.07201092727217 79
      vertex -43.06072420060276 27.327166543928836 79
    endloop
  endfacet
  facet normal 0.8373573545283505 -0.49521175900028824 0.23151236374138406
    outer loop
      vertex -34.61744494558261 21.968898594138867 39
      vertex -42.65866328369704 27.07201092727217 79
      vertex -44.27435178697805 24.340030867710475 79
    endloop
  endfacet
  facet normal 0.8046104174406297 -0.5468126750367925 0.23151236374138412
    outer loop
      vertex -33.16969676937285 24.099195343991397 39
      vertex -40.87462052532473 29.697150127729238 79
      vertex -42.65866328369704 27.07201092727217 79
    endloop
  endfacet
  facet normal -0.9995065603657315 0.031410759078128965 0
    outer loop
      vertex -55 0 80
      vertex -54.891470063554934 3.4534785741122302 116
      vertex -54.891470063554934 3.4534785741122302 80
    endloop
  endfacet
  facet normal -0.9955619646030801 0.09410831331851224 0
    outer loop
      vertex -54.891470063554934 3.4534785741122302 80
      vertex -54.566308572296286 6.8933278460367235 116
      vertex -54.566308572296286 6.8933278460367235 80
    endloop
  endfacet
  facet normal 0.9995065603657317 -0.03141075907812929 0
    outer loop
      vertex -51 0 79
      vertex -50.89936314984185 3.2023164959949773 79
      vertex -50.89936314984185 3.2023164959949773 120
    endloop
  endfacet
  facet normal 0.9955619646030801 -0.09410831331851365 0
    outer loop
      vertex -50.89936314984185 3.2023164959949773 79
      vertex -50.59784976703837 6.391994911779507 79
      vertex -50.59784976703837 6.391994911779507 120
    endloop
  endfacet
  facet normal -0.9995065603657315 0.031410759078128965 0
    outer loop
      vertex -55 0 80
      vertex -55 0 116
      vertex -54.891470063554934 3.4534785741122302 116
    endloop
  endfacet
  facet normal -0.9955619646030801 0.09410831331851224 0
    outer loop
      vertex -54.891470063554934 3.4534785741122302 80
      vertex -54.891470063554934 3.4534785741122302 116
      vertex -54.566308572296286 6.8933278460367235 116
    endloop
  endfacet
  facet normal -0.9876883405951374 0.15643446504023317 0
    outer loop
      vertex -54.566308572296286 6.8933278460367235 80
      vertex -54.02579879007787 10.305972302214865 116
      vertex -54.02579879007787 10.305972302214865 80
    endloop
  endfacet
  facet normal -0.9759167619387472 0.21814324139654295 0
    outer loop
      vertex -54.02579879007787 10.305972302214865 80
      vertex -53.272073862074706 13.677943794067017 116
      vertex -53.272073862074706 13.677943794067017 80
    endloop
  endfacet
  facet normal 0.9876883405951377 -0.1564344650402318 0
    outer loop
      vertex -50.59784976703837 6.391994911779507 79
      vertex -50.096649787163116 9.556447043871966 79
      vertex -50.096649787163116 9.556447043871966 120
    endloop
  endfacet
  facet normal 0.9759167619387473 -0.21814324139654281 0
    outer loop
      vertex -50.096649787163116 9.556447043871966 79
      vertex -49.39774121756018 12.683184245407597 79
      vertex -49.39774121756018 12.683184245407597 120
    endloop
  endfacet
  facet normal -0.9876883405951374 0.15643446504023317 0
    outer loop
      vertex -54.566308572296286 6.8933278460367235 80
      vertex -54.566308572296286 6.8933278460367235 116
      vertex -54.02579879007787 10.305972302214865 116
    endloop
  endfacet
  facet normal -0.9759167619387472 0.21814324139654295 0
    outer loop
      vertex -54.02579879007787 10.305972302214865 80
      vertex -54.02579879007787 10.305972302214865 116
      vertex -53.272073862074706 13.677943794067017 116
    endloop
  endfacet
  facet normal 0.9995065603657317 -0.03141075907812929 0
    outer loop
      vertex -51 0 79
      vertex -50.89936314984185 3.2023164959949773 120
      vertex -51 0 120
    endloop
  endfacet
  facet normal 0.9955619646030801 -0.09410831331851365 0
    outer loop
      vertex -50.89936314984185 3.2023164959949773 79
      vertex -50.59784976703837 6.391994911779507 120
      vertex -50.89936314984185 3.2023164959949773 120
    endloop
  endfacet
  facet normal -0.7069322593517748 0.022216241257016666 0.7069322593517748
    outer loop
      vertex -55 0 116
      vertex -51 0 120
      vertex -54.891470063554934 3.4534785741122302 116
    endloop
  endfacet
  facet normal -0.7069322593517747 0.022216241257016888 0.7069322593517748
    outer loop
      vertex -54.891470063554934 3.4534785741122302 116
      vertex -51 0 120
      vertex -50.89936314984185 3.2023164959949773 120
    endloop
  endfacet
  facet normal -0.7041423206907417 0.06656104641644084 0.706932259351775
    outer loop
      vertex -54.891470063554934 3.4534785741122302 116
      vertex -50.89936314984185 3.2023164959949773 120
      vertex -54.566308572296286 6.8933278460367235 116
    endloop
  endfacet
  facet normal -0.704142320690741 0.06656104641644178 0.7069322593517752
    outer loop
      vertex -54.566308572296286 6.8933278460367235 116
      vertex -50.89936314984185 3.2023164959949773 120
      vertex -50.59784976703837 6.391994911779507 120
    endloop
  endfacet
  facet normal 0.9876883405951377 -0.1564344650402318 0
    outer loop
      vertex -50.59784976703837 6.391994911779507 79
      vertex -50.096649787163116 9.556447043871966 120
      vertex -50.59784976703837 6.391994911779507 120
    endloop
  endfacet
  facet normal 0.9759167619387473 -0.21814324139654281 0
    outer loop
      vertex -50.096649787163116 9.556447043871966 79
      vertex -49.39774121756018 12.683184245407597 120
      vertex -50.096649787163116 9.556447043871966 120
    endloop
  endfacet
  facet normal 0.9602936856769433 -0.278991106039229 0
    outer loop
      vertex -49.39774121756018 12.683184245407597 79
      vertex -48.50388233105283 15.759866713122317 120
      vertex -49.39774121756018 12.683184245407597 120
    endloop
  endfacet
  facet normal -0.6985734539819678 0.11064316553451385 0.7069322593517753
    outer loop
      vertex -54.566308572296286 6.8933278460367235 116
      vertex -50.59784976703837 6.391994911779507 120
      vertex -54.02579879007787 10.305972302214865 116
    endloop
  endfacet
  facet normal -0.6985734539819685 0.11064316553451295 0.706932259351775
    outer loop
      vertex -54.02579879007787 10.305972302214865 116
      vertex -50.59784976703837 6.391994911779507 120
      vertex -50.096649787163116 9.556447043871966 120
    endloop
  endfacet
  facet normal -0.6902476369981818 0.15428862662627196 0.706932259351775
    outer loop
      vertex -54.02579879007787 10.305972302214865 116
      vertex -50.096649787163116 9.556447043871966 120
      vertex -53.272073862074706 13.677943794067017 116
    endloop
  endfacet
  facet normal -0.6902476369981818 0.15428862662627185 0.7069322593517748
    outer loop
      vertex -53.272073862074706 13.677943794067017 116
      vertex -50.096649787163116 9.556447043871966 120
      vertex -49.39774121756018 12.683184245407597 120
    endloop
  endfacet
  facet normal -0.9602936856769432 0.27899110603922894 0
    outer loop
      vertex -53.272073862074706 13.677943794067017 80
      vertex -52.30810839623344 16.995934690622107 116
      vertex -52.30810839623344 16.995934690622107 80
    endloop
  endfacet
  facet normal 0.9602936856769433 -0.278991106039229 0
    outer loop
      vertex -49.39774121756018 12.683184245407597 79
      vertex -48.50388233105283 15.759866713122317 79
      vertex -48.50388233105283 15.759866713122317 120
    endloop
  endfacet
  facet normal -0.940880768954226 0.3387379202452897 0
    outer loop
      vertex -52.30810839623344 16.995934690622107 80
      vertex -51.13770672385383 20.246850397657283 116
      vertex -51.13770672385383 20.246850397657283 80
    endloop
  endfacet
  facet normal -0.9602936856769432 0.27899110603922894 0
    outer loop
      vertex -53.272073862074706 13.677943794067017 80
      vertex -53.272073862074706 13.677943794067017 116
      vertex -52.30810839623344 16.995934690622107 116
    endloop
  endfacet
  facet normal -0.940880768954226 0.3387379202452897 0
    outer loop
      vertex -52.30810839623344 16.995934690622107 80
      vertex -52.30810839623344 16.995934690622107 116
      vertex -51.13770672385383 20.246850397657283 116
    endloop
  endfacet
  facet normal -0.9177546256839805 0.39714789063478223 0
    outer loop
      vertex -51.13770672385383 20.246850397657283 80
      vertex -49.765487885631075 23.417861036078985 116
      vertex -49.765487885631075 23.417861036078985 80
    endloop
  endfacet
  facet normal -0.8910065241883682 0.45399049973954597 0
    outer loop
      vertex -49.765487885631075 23.417861036078985 80
      vertex -48.196867402412494 26.496452075594345 116
      vertex -48.196867402412494 26.496452075594345 80
    endloop
  endfacet
  facet normal -0.9177546256839805 0.39714789063478223 0
    outer loop
      vertex -51.13770672385383 20.246850397657283 80
      vertex -51.13770672385383 20.246850397657283 116
      vertex -49.765487885631075 23.417861036078985 116
    endloop
  endfacet
  facet normal -0.8910065241883682 0.45399049973954597 0
    outer loop
      vertex -49.765487885631075 23.417861036078985 80
      vertex -49.765487885631075 23.417861036078985 116
      vertex -48.196867402412494 26.496452075594345 116
    endloop
  endfacet
  facet normal 0.9408807689542255 -0.33873792024529104 0
    outer loop
      vertex -48.50388233105283 15.759866713122317 79
      vertex -47.41860078030082 18.77435218691857 79
      vertex -47.41860078030082 18.77435218691857 120
    endloop
  endfacet
  facet normal 0.9177546256839816 -0.39714789063477957 0
    outer loop
      vertex -47.41860078030082 18.77435218691857 79
      vertex -46.146179675767 21.714743869818694 79
      vertex -46.146179675767 21.714743869818694 120
    endloop
  endfacet
  facet normal 0.8910065241883673 -0.4539904997395478 0
    outer loop
      vertex -46.146179675767 21.714743869818694 79
      vertex -44.691640682237036 24.569437379187484 79
      vertex -44.691640682237036 24.569437379187484 120
    endloop
  endfacet
  facet normal 0.8607420270039442 -0.5090414157503705 0
    outer loop
      vertex -44.691640682237036 24.569437379187484 79
      vertex -43.06072420060276 27.327166543928836 79
      vertex -43.06072420060276 27.327166543928836 120
    endloop
  endfacet
  facet normal -0.8607420270039434 0.5090414157503719 0
    outer loop
      vertex -48.196867402412494 26.496452075594345 80
      vertex -48.196867402412494 26.496452075594345 116
      vertex -46.43803590261082 29.470473723844822 116
    endloop
  endfacet
  facet normal 0.9408807689542255 -0.33873792024529104 0
    outer loop
      vertex -48.50388233105283 15.759866713122317 79
      vertex -47.41860078030082 18.77435218691857 120
      vertex -48.50388233105283 15.759866713122317 120
    endloop
  endfacet
  facet normal -0.679197727935313 0.1973251809965056 0.706932259351775
    outer loop
      vertex -53.272073862074706 13.677943794067017 116
      vertex -49.39774121756018 12.683184245407597 120
      vertex -52.30810839623344 16.995934690622107 116
    endloop
  endfacet
  facet normal -0.6791977279353129 0.1973251809965056 0.706932259351775
    outer loop
      vertex -52.30810839623344 16.995934690622107 116
      vertex -49.39774121756018 12.683184245407597 120
      vertex -48.50388233105283 15.759866713122317 120
    endloop
  endfacet
  facet normal -0.6654673357362096 0.2395829830266456 0.706932259351775
    outer loop
      vertex -52.30810839623344 16.995934690622107 116
      vertex -48.50388233105283 15.759866713122317 120
      vertex -51.13770672385383 20.246850397657283 116
    endloop
  endfacet
  facet normal -0.6654673357362089 0.23958298302664638 0.7069322593517753
    outer loop
      vertex -51.13770672385383 20.246850397657283 116
      vertex -48.50388233105283 15.759866713122317 120
      vertex -47.41860078030082 18.77435218691857 120
    endloop
  endfacet
  facet normal -0.6491106479860602 0.2808952604778359 0.7069322593517753
    outer loop
      vertex -51.13770672385383 20.246850397657283 116
      vertex -47.41860078030082 18.77435218691857 120
      vertex -49.765487885631075 23.417861036078985 116
    endloop
  endfacet
  facet normal 0.9177546256839816 -0.39714789063477957 0
    outer loop
      vertex -47.41860078030082 18.77435218691857 79
      vertex -46.146179675767 21.714743869818694 120
      vertex -47.41860078030082 18.77435218691857 120
    endloop
  endfacet
  facet normal 0.8910065241883673 -0.4539904997395478 0
    outer loop
      vertex -46.146179675767 21.714743869818694 79
      vertex -44.691640682237036 24.569437379187484 120
      vertex -46.146179675767 21.714743869818694 120
    endloop
  endfacet
  facet normal 0.8607420270039442 -0.5090414157503705 0
    outer loop
      vertex -44.691640682237036 24.569437379187484 79
      vertex -43.06072420060276 27.327166543928836 120
      vertex -44.691640682237036 24.569437379187484 120
    endloop
  endfacet
  facet normal -0.6491106479860618 0.2808952604778343 0.7069322593517745
    outer loop
      vertex -49.765487885631075 23.417861036078985 116
      vertex -47.41860078030082 18.77435218691857 120
      vertex -46.146179675767 21.714743869818694 120
    endloop
  endfacet
  facet normal -0.6301922170587596 0.3210989726647544 0.7069322593517744
    outer loop
      vertex -49.765487885631075 23.417861036078985 116
      vertex -46.146179675767 21.714743869818694 120
      vertex -48.196867402412494 26.496452075594345 116
    endloop
  endfacet
  facet normal -0.6087867053581633 0.36003545390273384 0.7069322593517751
    outer loop
      vertex -48.196867402412494 26.496452075594345 116
      vertex -44.691640682237036 24.569437379187484 120
      vertex -46.43803590261082 29.470473723844822 116
    endloop
  endfacet
  facet normal -0.6301922170587583 0.3210989726647554 0.706932259351775
    outer loop
      vertex -48.196867402412494 26.496452075594345 116
      vertex -46.146179675767 21.714743869818694 120
      vertex -44.691640682237036 24.569437379187484 120
    endloop
  endfacet
  facet normal -0.6087867053581641 0.3600354539027331 0.7069322593517746
    outer loop
      vertex -46.43803590261082 29.470473723844822 116
      vertex -44.691640682237036 24.569437379187484 120
      vertex -43.06072420060276 27.327166543928836 120
    endloop
  endfacet
  facet normal -0.8024093013606787 0.545316798093549 -0.24242298324801453
    outer loop
      vertex -36.405764746872634 26.45033635316129 40
      vertex -46.43803590261082 29.470473723844822 80
      vertex -44.49593469062211 32.328188876086024 80
    endloop
  endfacet
  facet normal 0 0 1
    outer loop
      vertex -43.06072420060276 27.327166543928836 79
      vertex -42.65866328369704 27.07201092727217 79
      vertex -41.25986671312232 29.97704786691613 79
    endloop
  endfacet
  facet normal 0 0 1
    outer loop
      vertex -42.65866328369704 27.07201092727217 79
      vertex -40.87462052532473 29.697150127729238 79
      vertex -41.25986671312232 29.97704786691613 79
    endloop
  endfacet
  facet normal -0.7665852048370579 0.5946244368658751 -0.2424229832480146
    outer loop
      vertex -34.67309592491052 28.684079538691034 40
      vertex -44.49593469062211 32.328188876086024 80
      vertex -42.378228352668415 35.05831943617793 80
    endloop
  endfacet
  facet normal 0.7686880506268025 -0.596255571259878 0.23151236374138412
    outer loop
      vertex -31.591042953807364 26.134383579696276 39
      vertex -38.92926431357679 32.20508824396951 79
      vertex -40.87462052532473 29.697150127729238 79
    endloop
  endfacet
  facet normal 0.7297320232573167 -0.6433453191464598 0.23151236374138418
    outer loop
      vertex -29.887713724277877 28.06643134307623 39
      vertex -36.83027208067227 34.58592759001612 79
      vertex -38.92926431357679 32.20508824396951 79
    endloop
  endfacet
  facet normal -0.7277357467294097 0.6415853646439588 -0.24242298324801453
    outer loop
      vertex -32.803588233963524 30.80461976679098 40
      vertex -42.378228352668415 35.05831943617793 80
      vertex -40.09327450817764 37.650090826077864 80
    endloop
  endfacet
  facet normal -0.6860142481002608 0.6860142481002611 -0.24242298324801437
    outer loop
      vertex -30.80461976679098 32.803588233963524 40
      vertex -40.09327450817764 37.650090826077864 80
      vertex -37.650090826077864 40.09327450817764 80
    endloop
  endfacet
  facet normal -0.6415853646439588 0.7277357467294097 -0.24242298324801453
    outer loop
      vertex -30.80461976679098 32.803588233963524 40
      vertex -37.650090826077864 40.09327450817764 80
      vertex -35.05831943617793 42.378228352668415 80
    endloop
  endfacet
  facet normal 0.6878960769748865 -0.6878960769748859 0.23151236374138415
    outer loop
      vertex -28.06643134307623 29.887713724277877 39
      vertex -34.58592759001612 36.83027208067227 79
      vertex -36.83027208067227 34.58592759001612 79
    endloop
  endfacet
  facet normal 0.6433453191464598 -0.7297320232573167 0.23151236374138418
    outer loop
      vertex -28.06643134307623 29.887713724277877 39
      vertex -32.20508824396951 38.92926431357679 79
      vertex -34.58592759001612 36.83027208067227 79
    endloop
  endfacet
  facet normal -0.5946244368658751 0.7665852048370579 -0.2424229832480146
    outer loop
      vertex -28.684079538691034 34.67309592491052 40
      vertex -35.05831943617793 42.378228352668415 80
      vertex -32.328188876086024 44.49593469062211 80
    endloop
  endfacet
  facet normal 0.596255571259878 -0.7686880506268025 0.23151236374138412
    outer loop
      vertex -26.134383579696276 31.591042953807364 39
      vertex -29.697150127729238 40.87462052532473 79
      vertex -32.20508824396951 38.92926431357679 79
    endloop
  endfacet
  facet normal 0 0 1
    outer loop
      vertex -41.25986671312232 29.97704786691613 79
      vertex -40.87462052532473 29.697150127729238 79
      vertex -39.296175381565256 32.50862347718317 79
    endloop
  endfacet
  facet normal 0 0 1
    outer loop
      vertex -40.87462052532473 29.697150127729238 79
      vertex -38.92926431357679 32.20508824396951 79
      vertex -39.296175381565256 32.50862347718317 79
    endloop
  endfacet
  facet normal 0 0 1
    outer loop
      vertex -39.296175381565256 32.50862347718317 79
      vertex -38.92926431357679 32.20508824396951 79
      vertex -37.17739999849199 34.91190240236311 79
    endloop
  endfacet
  facet normal 0 0 1
    outer loop
      vertex -38.92926431357679 32.20508824396951 79
      vertex -36.83027208067227 34.58592759001612 79
      vertex -37.17739999849199 34.91190240236311 79
    endloop
  endfacet
  facet normal 0 0 1
    outer loop
      vertex -37.17739999849199 34.91190240236311 79
      vertex -36.83027208067227 34.58592759001612 79
      vertex -34.91190240236311 37.17739999849199 79
    endloop
  endfacet
  facet normal 0 0 1
    outer loop
      vertex -36.83027208067227 34.58592759001612 79
      vertex -34.58592759001612 36.83027208067227 79
      vertex -34.91190240236311 37.17739999849199 79
    endloop
  endfacet
  facet normal 0 0 1
    outer loop
      vertex -34.91190240236311 37.17739999849199 79
      vertex -34.58592759001612 36.83027208067227 79
      vertex -32.50862347718317 39.296175381565256 79
    endloop
  endfacet
  facet normal 0 0 1
    outer loop
      vertex -34.58592759001612 36.83027208067227 79
      vertex -32.20508824396951 38.92926431357679 79
      vertex -32.50862347718317 39.296175381565256 79
    endloop
  endfacet
  facet normal 0 0 1
    outer loop
      vertex -32.20508824396951 38.92926431357679 79
      vertex -29.97704786691613 41.25986671312232 79
      vertex -32.50862347718317 39.296175381565256 79
    endloop
  endfacet
  facet normal 0 0 1
    outer loop
      vertex -32.20508824396951 38.92926431357679 79
      vertex -29.697150127729238 40.87462052532473 79
      vertex -29.97704786691613 41.25986671312232 79
    endloop
  endfacet
  facet normal -0.545316798093549 0.8024093013606787 -0.24242298324801453
    outer loop
      vertex -26.45033635316129 36.405764746872634 40
      vertex -32.328188876086024 44.49593469062211 80
      vertex -29.470473723844822 46.43803590261082 80
    endloop
  endfacet
  facet normal 0 0 1
    outer loop
      vertex -29.97704786691613 41.25986671312232 79
      vertex -29.697150127729238 40.87462052532473 79
      vertex -27.327166543928836 43.06072420060276 79
    endloop
  endfacet
  facet normal 0 0 1
    outer loop
      vertex -29.697150127729238 40.87462052532473 79
      vertex -27.07201092727217 42.65866328369704 79
      vertex -27.327166543928836 43.06072420060276 79
    endloop
  endfacet
  facet normal -0.8607420270039434 0.5090414157503719 0
    outer loop
      vertex -48.196867402412494 26.496452075594345 80
      vertex -46.43803590261082 29.470473723844822 116
      vertex -46.43803590261082 29.470473723844822 80
    endloop
  endfacet
  facet normal -0.8270805742745623 0.56208337785213 0
    outer loop
      vertex -46.43803590261082 29.470473723844822 80
      vertex -44.49593469062211 32.328188876086024 116
      vertex -44.49593469062211 32.328188876086024 80
    endloop
  endfacet
  facet normal 0.8270805742745622 -0.5620833778521299 0
    outer loop
      vertex -43.06072420060276 27.327166543928836 79
      vertex -41.25986671312232 29.97704786691613 79
      vertex -41.25986671312232 29.97704786691613 120
    endloop
  endfacet
  facet normal -0.7901550123756912 0.6129070536529755 0
    outer loop
      vertex -44.49593469062211 32.328188876086024 80
      vertex -42.378228352668415 35.05831943617793 116
      vertex -42.378228352668415 35.05831943617793 80
    endloop
  endfacet
  facet normal -0.8270805742745623 0.56208337785213 0
    outer loop
      vertex -46.43803590261082 29.470473723844822 80
      vertex -46.43803590261082 29.470473723844822 116
      vertex -44.49593469062211 32.328188876086024 116
    endloop
  endfacet
  facet normal -0.7901550123756912 0.6129070536529755 0
    outer loop
      vertex -44.49593469062211 32.328188876086024 80
      vertex -44.49593469062211 32.328188876086024 116
      vertex -42.378228352668415 35.05831943617793 116
    endloop
  endfacet
  facet normal -0.7501110696304585 0.6613118653236532 0
    outer loop
      vertex -42.378228352668415 35.05831943617793 80
      vertex -42.378228352668415 35.05831943617793 116
      vertex -40.09327450817764 37.650090826077864 116
    endloop
  endfacet
  facet normal 0.8270805742745622 -0.5620833778521299 0
    outer loop
      vertex -43.06072420060276 27.327166543928836 79
      vertex -41.25986671312232 29.97704786691613 120
      vertex -43.06072420060276 27.327166543928836 120
    endloop
  endfacet
  facet normal -0.5849785906597098 0.3975510396887108 0.7069322593517746
    outer loop
      vertex -46.43803590261082 29.470473723844822 116
      vertex -43.06072420060276 27.327166543928836 120
      vertex -44.49593469062211 32.328188876086024 116
    endloop
  endfacet
  facet normal -0.5849785906597098 0.39755103968871075 0.7069322593517746
    outer loop
      vertex -44.49593469062211 32.328188876086024 116
      vertex -43.06072420060276 27.327166543928836 120
      vertex -41.25986671312232 29.97704786691613 120
    endloop
  endfacet
  facet normal -0.5588618327152187 0.43349767314483034 0.7069322593517746
    outer loop
      vertex -44.49593469062211 32.328188876086024 116
      vertex -41.25986671312232 29.97704786691613 120
      vertex -42.378228352668415 35.05831943617793 116
    endloop
  endfacet
  facet normal 0.7901550123756901 -0.6129070536529767 0
    outer loop
      vertex -41.25986671312232 29.97704786691613 79
      vertex -39.296175381565256 32.50862347718317 79
      vertex -39.296175381565256 32.50862347718317 120
    endloop
  endfacet
  facet normal 0.7501110696304585 -0.6613118653236529 0
    outer loop
      vertex -39.296175381565256 32.50862347718317 79
      vertex -37.17739999849199 34.91190240236311 79
      vertex -37.17739999849199 34.91190240236311 120
    endloop
  endfacet
  facet normal -0.7501110696304585 0.6613118653236532 0
    outer loop
      vertex -42.378228352668415 35.05831943617793 80
      vertex -40.09327450817764 37.650090826077864 116
      vertex -40.09327450817764 37.650090826077864 80
    endloop
  endfacet
  facet normal -0.7071067811865476 0.7071067811865476 0
    outer loop
      vertex -40.09327450817764 37.650090826077864 80
      vertex -37.650090826077864 40.09327450817764 116
      vertex -37.650090826077864 40.09327450817764 80
    endloop
  endfacet
  facet normal 0.7071067811865475 -0.7071067811865475 0
    outer loop
      vertex -37.17739999849199 34.91190240236311 79
      vertex -34.91190240236311 37.17739999849199 79
      vertex -34.91190240236311 37.17739999849199 120
    endloop
  endfacet
  facet normal -0.6613118653236532 0.7501110696304585 0
    outer loop
      vertex -37.650090826077864 40.09327450817764 80
      vertex -37.650090826077864 40.09327450817764 116
      vertex -35.05831943617793 42.378228352668415 80
    endloop
  endfacet
  facet normal -0.7071067811865476 0.7071067811865476 0
    outer loop
      vertex -40.09327450817764 37.650090826077864 80
      vertex -40.09327450817764 37.650090826077864 116
      vertex -37.650090826077864 40.09327450817764 116
    endloop
  endfacet
  facet normal 0.6613118653236529 -0.7501110696304585 0
    outer loop
      vertex -34.91190240236311 37.17739999849199 79
      vertex -32.50862347718317 39.296175381565256 79
      vertex -32.50862347718317 39.296175381565256 120
    endloop
  endfacet
  facet normal 0.6129070536529767 -0.7901550123756901 0
    outer loop
      vertex -32.50862347718317 39.296175381565256 79
      vertex -29.97704786691613 41.25986671312232 79
      vertex -29.97704786691613 41.25986671312232 120
    endloop
  endfacet
  facet normal 0.7901550123756901 -0.6129070536529767 0
    outer loop
      vertex -41.25986671312232 29.97704786691613 79
      vertex -39.296175381565256 32.50862347718317 120
      vertex -41.25986671312232 29.97704786691613 120
    endloop
  endfacet
  facet normal 0.7501110696304585 -0.6613118653236529 0
    outer loop
      vertex -39.296175381565256 32.50862347718317 79
      vertex -37.17739999849199 34.91190240236311 120
      vertex -39.296175381565256 32.50862347718317 120
    endloop
  endfacet
  facet normal -0.5588618327152176 0.43349767314483095 0.7069322593517751
    outer loop
      vertex -42.378228352668415 35.05831943617793 116
      vertex -41.25986671312232 29.97704786691613 120
      vertex -39.296175381565256 32.50862347718317 120
    endloop
  endfacet
  facet normal 0.7071067811865475 -0.7071067811865475 0
    outer loop
      vertex -37.17739999849199 34.91190240236311 79
      vertex -34.91190240236311 37.17739999849199 120
      vertex -37.17739999849199 34.91190240236311 120
    endloop
  endfacet
  facet normal -0.5305395024366836 0.4677334893312973 0.7069322593517752
    outer loop
      vertex -42.378228352668415 35.05831943617793 116
      vertex -39.296175381565256 32.50862347718317 120
      vertex -40.09327450817764 37.650090826077864 116
    endloop
  endfacet
  facet normal -0.5305395024366837 0.4677334893312972 0.7069322593517751
    outer loop
      vertex -40.09327450817764 37.650090826077864 116
      vertex -39.296175381565256 32.50862347718317 120
      vertex -37.17739999849199 34.91190240236311 120
    endloop
  endfacet
  facet normal -0.5001233751224765 0.5001233751224765 0.7069322593517751
    outer loop
      vertex -40.09327450817764 37.650090826077864 116
      vertex -37.17739999849199 34.91190240236311 120
      vertex -37.650090826077864 40.09327450817764 116
    endloop
  endfacet
  facet normal -0.5001233751224765 0.5001233751224765 0.7069322593517751
    outer loop
      vertex -37.650090826077864 40.09327450817764 116
      vertex -37.17739999849199 34.91190240236311 120
      vertex -34.91190240236311 37.17739999849199 120
    endloop
  endfacet
  facet normal -0.4677334893312973 0.5305395024366836 0.7069322593517751
    outer loop
      vertex -37.650090826077864 40.09327450817764 116
      vertex -34.91190240236311 37.17739999849199 120
      vertex -35.05831943617793 42.378228352668415 116
    endloop
  endfacet
  facet normal 0.6613118653236529 -0.7501110696304585 0
    outer loop
      vertex -34.91190240236311 37.17739999849199 79
      vertex -32.50862347718317 39.296175381565256 120
      vertex -34.91190240236311 37.17739999849199 120
    endloop
  endfacet
  facet normal 0.6129070536529767 -0.7901550123756901 0
    outer loop
      vertex -32.50862347718317 39.296175381565256 79
      vertex -29.97704786691613 41.25986671312232 120
      vertex -32.50862347718317 39.296175381565256 120
    endloop
  endfacet
  facet normal -0.4677334893312972 0.5305395024366837 0.7069322593517752
    outer loop
      vertex -35.05831943617793 42.378228352668415 116
      vertex -34.91190240236311 37.17739999849199 120
      vertex -32.50862347718317 39.296175381565256 120
    endloop
  endfacet
  facet normal -0.6613118653236532 0.7501110696304585 0
    outer loop
      vertex -35.05831943617793 42.378228352668415 80
      vertex -37.650090826077864 40.09327450817764 116
      vertex -35.05831943617793 42.378228352668415 116
    endloop
  endfacet
  facet normal -0.6129070536529755 0.7901550123756912 0
    outer loop
      vertex -35.05831943617793 42.378228352668415 80
      vertex -35.05831943617793 42.378228352668415 116
      vertex -32.328188876086024 44.49593469062211 80
    endloop
  endfacet
  facet normal -0.56208337785213 0.8270805742745623 0
    outer loop
      vertex -32.328188876086024 44.49593469062211 80
      vertex -32.328188876086024 44.49593469062211 116
      vertex -29.470473723844822 46.43803590261082 80
    endloop
  endfacet
  facet normal 0.5620833778521299 -0.8270805742745622 0
    outer loop
      vertex -29.97704786691613 41.25986671312232 79
      vertex -27.327166543928836 43.06072420060276 79
      vertex -27.327166543928836 43.06072420060276 120
    endloop
  endfacet
  facet normal -0.509041415750371 0.8607420270039439 0
    outer loop
      vertex -29.470473723844822 46.43803590261082 80
      vertex -29.470473723844822 46.43803590261082 116
      vertex -26.496452075594338 48.196867402412494 80
    endloop
  endfacet
  facet normal -0.6129070536529755 0.7901550123756912 0
    outer loop
      vertex -32.328188876086024 44.49593469062211 80
      vertex -35.05831943617793 42.378228352668415 116
      vertex -32.328188876086024 44.49593469062211 116
    endloop
  endfacet
  facet normal -0.56208337785213 0.8270805742745623 0
    outer loop
      vertex -29.470473723844822 46.43803590261082 80
      vertex -32.328188876086024 44.49593469062211 116
      vertex -29.470473723844822 46.43803590261082 116
    endloop
  endfacet
  facet normal 0.5620833778521299 -0.8270805742745622 0
    outer loop
      vertex -29.97704786691613 41.25986671312232 79
      vertex -27.327166543928836 43.06072420060276 120
      vertex -29.97704786691613 41.25986671312232 120
    endloop
  endfacet
  facet normal -0.43349767314483006 0.5588618327152183 0.7069322593517751
    outer loop
      vertex -35.05831943617793 42.378228352668415 116
      vertex -32.50862347718317 39.296175381565256 120
      vertex -32.328188876086024 44.49593469062211 116
    endloop
  endfacet
  facet normal -0.4334976731448313 0.558861832715218 0.7069322593517746
    outer loop
      vertex -32.328188876086024 44.49593469062211 116
      vertex -32.50862347718317 39.296175381565256 120
      vertex -29.97704786691613 41.25986671312232 120
    endloop
  endfacet
  facet normal -0.3975510396887108 0.5849785906597098 0.7069322593517746
    outer loop
      vertex -32.328188876086024 44.49593469062211 116
      vertex -29.97704786691613 41.25986671312232 120
      vertex -29.470473723844822 46.43803590261082 116
    endloop
  endfacet
  facet normal -0.39755103968871075 0.5849785906597098 0.7069322593517746
    outer loop
      vertex -29.470473723844822 46.43803590261082 116
      vertex -29.97704786691613 41.25986671312232 120
      vertex -27.327166543928836 43.06072420060276 120
    endloop
  endfacet
  facet normal -0.3600354539027334 0.608786705358164 0.7069322593517745
    outer loop
      vertex -29.470473723844822 46.43803590261082 116
      vertex -27.327166543928836 43.06072420060276 120
      vertex -26.496452075594338 48.196867402412494 116
    endloop
  endfacet
  facet normal 0.5468126750367925 -0.8046104174406297 0.23151236374138412
    outer loop
      vertex -24.099195343991397 33.16969676937285 39
      vertex -27.07201092727217 42.65866328369704 79
      vertex -29.697150127729238 40.87462052532473 79
    endloop
  endfacet
  facet normal 0.49521175900028935 -0.8373573545283498 0.23151236374138406
    outer loop
      vertex -21.968898594138867 34.61744494558261 39
      vertex -24.34003086771047 44.27435178697806 79
      vertex -27.07201092727217 42.65866328369704 79
    endloop
  endfacet
  facet normal -0.4938570430506949 0.8350666549577687 -0.24242298324801442
    outer loop
      vertex -24.112205774054853 37.99475664759068 40
      vertex -29.470473723844822 46.43803590261082 80
      vertex -26.496452075594338 48.196867402412494 80
    endloop
  endfacet
  facet normal 0.4416564683917418 -0.8667996246899347 0.23151236374138415
    outer loop
      vertex -19.751900638170323 35.92857388179841 39
      vertex -21.511991826216292 45.715309650783176 79
      vertex -24.34003086771047 44.27435178697806 79
    endloop
  endfacet
  facet normal -0.4404482598807414 0.8644283819734057 -0.2424229832480144
    outer loop
      vertex -21.678915334577184 39.433800601973864 40
      vertex -26.496452075594338 48.196867402412494 80
      vertex -23.417861036079 49.76548788563107 80
    endloop
  endfacet
  facet normal -0.3853012286507092 0.8903786050851552 -0.24242298324801442
    outer loop
      vertex -19.16006812042827 40.71721736097088 40
      vertex -23.417861036079 49.76548788563107 80
      vertex -20.246850397657283 51.13770672385383 80
    endloop
  endfacet
  facet normal 0.38635816147609786 -0.892821032735949 0.23151236374138412
    outer loop
      vertex -17.456950954167983 37.0979091511068 39
      vertex -18.599054780878248 46.975850072734985 79
      vertex -21.511991826216292 45.715309650783176 79
    endloop
  endfacet
  facet normal 0.32953507540736404 -0.9153188840568843 0.2315123637413839
    outer loop
      vertex -15.093106660071792 38.12083592141831 39
      vertex -15.612715763419962 48.05099827567418 79
      vertex -18.599054780878248 46.975850072734985 79
    endloop
  endfacet
  facet normal -0.3286335894985751 0.9128149106179275 -0.24242298324801453
    outer loop
      vertex -16.565604870810503 41.839941864971316 40
      vertex -20.246850397657283 51.13770672385383 80
      vertex -16.995934690622107 52.30810839623344 80
    endloop
  endfacet
  facet normal -0.27066898370710035 0.9316487527239534 -0.24242298324801448
    outer loop
      vertex -13.905764746872633 42.79754323328191 40
      vertex -16.995934690622107 52.30810839623344 80
      vertex -13.677943794067017 53.272073862074706 80
    endloop
  endfacet
  facet normal 0 0 1
    outer loop
      vertex -27.327166543928836 43.06072420060276 79
      vertex -27.07201092727217 42.65866328369704 79
      vertex -24.569437379187477 44.69164068223704 79
    endloop
  endfacet
  facet normal 0 0 1
    outer loop
      vertex -27.07201092727217 42.65866328369704 79
      vertex -24.34003086771047 44.27435178697806 79
      vertex -24.569437379187477 44.69164068223704 79
    endloop
  endfacet
  facet normal 0 0 1
    outer loop
      vertex -24.34003086771047 44.27435178697806 79
      vertex -21.714743869818708 46.146179675766994 79
      vertex -24.569437379187477 44.69164068223704 79
    endloop
  endfacet
  facet normal 0 0 1
    outer loop
      vertex -24.34003086771047 44.27435178697806 79
      vertex -21.511991826216292 45.715309650783176 79
      vertex -21.714743869818708 46.146179675766994 79
    endloop
  endfacet
  facet normal 0 0 1
    outer loop
      vertex -21.714743869818708 46.146179675766994 79
      vertex -21.511991826216292 45.715309650783176 79
      vertex -18.77435218691857 47.41860078030082 79
    endloop
  endfacet
  facet normal 0 0 1
    outer loop
      vertex -21.511991826216292 45.715309650783176 79
      vertex -18.599054780878248 46.975850072734985 79
      vertex -18.77435218691857 47.41860078030082 79
    endloop
  endfacet
  facet normal 0 0 1
    outer loop
      vertex -18.599054780878248 46.975850072734985 79
      vertex -15.759866713122317 48.50388233105283 79
      vertex -18.77435218691857 47.41860078030082 79
    endloop
  endfacet
  facet normal 0 0 1
    outer loop
      vertex -18.599054780878248 46.975850072734985 79
      vertex -15.612715763419962 48.05099827567418 79
      vertex -15.759866713122317 48.50388233105283 79
    endloop
  endfacet
  facet normal 0 0 1
    outer loop
      vertex -15.612715763419962 48.05099827567418 79
      vertex -12.683184245407597 49.39774121756018 79
      vertex -15.759866713122317 48.50388233105283 79
    endloop
  endfacet
  facet normal 0.2714114649462523 -0.9342043899118686 0.23151236374138406
    outer loop
      vertex -12.669696769372843 38.99331716810129 39
      vertex -12.564760489614809 48.93651114083226 79
      vertex -15.612715763419962 48.05099827567418 79
    endloop
  endfacet
  facet normal 0.21221671742910375 -0.9494030178372581 0.23151236374138387
    outer loop
      vertex -10.196285373759048 39.71190960627388 39
      vertex -9.467217846450179 49.628893953482795 79
      vertex -12.564760489614809 48.93651114083226 79
    endloop
  endfacet
  facet normal 0.15218444748085358 -0.9608547857922258 0.23151236374138398
    outer loop
      vertex -5.1386625761364755 40.67670275389359 39
      vertex -6.3323124196060405 50.125414194983854 79
      vertex -9.467217846450179 49.628893953482795 79
    endloop
  endfacet
  facet normal -0.21163617109383046 0.9468058028328068 -0.2424229832480143
    outer loop
      vertex -11.191044922418468 43.5862422507884 40
      vertex -13.677943794067017 53.272073862074706 80
      vertex -10.305972302214851 54.02579879007788 80
    endloop
  endfacet
  facet normal -0.1517681272006209 0.9582262429923056 -0.24242298324801453
    outer loop
      vertex -8.432159156357606 44.20292628279099 40
      vertex -10.305972302214851 54.02579879007788 80
      vertex -6.893327846036736 54.566308572296286 80
    endloop
  endfacet
  facet normal 0.0915515750448593 -0.9685144988804671 0.23151236374138395
    outer loop
      vertex -2.5744113007018443 40.919095865559136 39
      vertex -3.172416248600066 50.424112326780765 79
      vertex -6.3323124196060405 50.125414194983854 79
    endloop
  endfacet
  facet normal 0.03055739036810107 -0.9723519277138133 0.23151236374138418
    outer loop
      vertex -3.172416248600066 50.424112326780765 79
      vertex 0 41 39
      vertex 0 50.523809523809526 79
    endloop
  endfacet
  facet normal -0.09130112384560872 0.9658650019426428 -0.24242298324801456
    outer loop
      vertex -5.6399955103936925 44.645161559151504 40
      vertex -6.893327846036736 54.566308572296286 80
      vertex -3.4534785741122302 54.891470063554934 80
    endloop
  endfacet
  facet normal -0.0304737966663005 0.9696919329920579 -0.24242298324801434
    outer loop
      vertex -2.8255733788190973 44.91120277927222 40
      vertex -3.4534785741122302 54.891470063554934 80
      vertex 0 55 80
    endloop
  endfacet
  facet normal 0 0 1
    outer loop
      vertex -15.612715763419962 48.05099827567418 79
      vertex -12.564760489614809 48.93651114083226 79
      vertex -12.683184245407597 49.39774121756018 79
    endloop
  endfacet
  facet normal 0 0 1
    outer loop
      vertex -12.564760489614809 48.93651114083226 79
      vertex -9.556447043871954 50.09664978716312 79
      vertex -12.683184245407597 49.39774121756018 79
    endloop
  endfacet
  facet normal 0 0 1
    outer loop
      vertex -12.564760489614809 48.93651114083226 79
      vertex -9.467217846450179 49.628893953482795 79
      vertex -9.556447043871954 50.09664978716312 79
    endloop
  endfacet
  facet normal 0 0 1
    outer loop
      vertex -9.467217846450179 49.628893953482795 79
      vertex -6.391994911779519 50.59784976703837 79
      vertex -9.556447043871954 50.09664978716312 79
    endloop
  endfacet
  facet normal 0 0 1
    outer loop
      vertex -9.467217846450179 49.628893953482795 79
      vertex -6.3323124196060405 50.125414194983854 79
      vertex -6.391994911779519 50.59784976703837 79
    endloop
  endfacet
  facet normal 0 0 1
    outer loop
      vertex -6.391994911779519 50.59784976703837 79
      vertex -6.3323124196060405 50.125414194983854 79
      vertex -3.2023164959949773 50.89936314984185 79
    endloop
  endfacet
  facet normal 0 0 1
    outer loop
      vertex -6.3323124196060405 50.125414194983854 79
      vertex -3.172416248600066 50.424112326780765 79
      vertex -3.2023164959949773 50.89936314984185 79
    endloop
  endfacet
  facet normal 0 0 1
    outer loop
      vertex -3.2023164959949773 50.89936314984185 79
      vertex -3.172416248600066 50.424112326780765 79
      vertex 0 51 79
    endloop
  endfacet
  facet normal 0 0 1
    outer loop
      vertex -3.172416248600066 50.424112326780765 79
      vertex 0 50.523809523809526 79
      vertex 0 51 79
    endloop
  endfacet
  facet normal 0.5090414157503712 -0.8607420270039439 0
    outer loop
      vertex -27.327166543928836 43.06072420060276 79
      vertex -24.569437379187477 44.69164068223704 79
      vertex -24.569437379187477 44.69164068223704 120
    endloop
  endfacet
  facet normal 0.4539904997395469 -0.8910065241883677 0
    outer loop
      vertex -24.569437379187477 44.69164068223704 79
      vertex -21.714743869818708 46.146179675766994 79
      vertex -21.714743869818708 46.146179675766994 120
    endloop
  endfacet
  facet normal -0.509041415750371 0.8607420270039439 0
    outer loop
      vertex -29.470473723844822 46.43803590261082 116
      vertex -26.496452075594338 48.196867402412494 116
      vertex -26.496452075594338 48.196867402412494 80
    endloop
  endfacet
  facet normal -0.45399049973954686 0.8910065241883678 0
    outer loop
      vertex -26.496452075594338 48.196867402412494 80
      vertex -26.496452075594338 48.196867402412494 116
      vertex -23.417861036079 49.76548788563107 80
    endloop
  endfacet
  facet normal -0.39714789063478245 0.9177546256839805 0
    outer loop
      vertex -23.417861036079 49.76548788563107 80
      vertex -23.417861036079 49.76548788563107 116
      vertex -20.246850397657283 51.13770672385383 80
    endloop
  endfacet
  facet normal -0.45399049973954686 0.8910065241883678 0
    outer loop
      vertex -23.417861036079 49.76548788563107 80
      vertex -26.496452075594338 48.196867402412494 116
      vertex -23.417861036079 49.76548788563107 116
    endloop
  endfacet
  facet normal -0.39714789063478245 0.9177546256839805 0
    outer loop
      vertex -20.246850397657283 51.13770672385383 80
      vertex -23.417861036079 49.76548788563107 116
      vertex -20.246850397657283 51.13770672385383 116
    endloop
  endfacet
  facet normal 0.3971478906347798 -0.9177546256839815 0
    outer loop
      vertex -21.714743869818708 46.146179675766994 79
      vertex -18.77435218691857 47.41860078030082 79
      vertex -18.77435218691857 47.41860078030082 120
    endloop
  endfacet
  facet normal -0.3387379202452897 0.940880768954226 0
    outer loop
      vertex -20.246850397657283 51.13770672385383 80
      vertex -20.246850397657283 51.13770672385383 116
      vertex -16.995934690622107 52.30810839623344 80
    endloop
  endfacet
  facet normal 0.33873792024529104 -0.9408807689542255 0
    outer loop
      vertex -18.77435218691857 47.41860078030082 79
      vertex -15.759866713122317 48.50388233105283 79
      vertex -15.759866713122317 48.50388233105283 120
    endloop
  endfacet
  facet normal -0.27899110603922894 0.9602936856769432 0
    outer loop
      vertex -16.995934690622107 52.30810839623344 80
      vertex -16.995934690622107 52.30810839623344 116
      vertex -13.677943794067017 53.272073862074706 80
    endloop
  endfacet
  facet normal -0.3387379202452897 0.940880768954226 0
    outer loop
      vertex -16.995934690622107 52.30810839623344 80
      vertex -20.246850397657283 51.13770672385383 116
      vertex -16.995934690622107 52.30810839623344 116
    endloop
  endfacet
  facet normal -0.27899110603922894 0.9602936856769432 0
    outer loop
      vertex -13.677943794067017 53.272073862074706 80
      vertex -16.995934690622107 52.30810839623344 116
      vertex -13.677943794067017 53.272073862074706 116
    endloop
  endfacet
  facet normal 0.5090414157503712 -0.8607420270039439 0
    outer loop
      vertex -27.327166543928836 43.06072420060276 79
      vertex -24.569437379187477 44.69164068223704 120
      vertex -27.327166543928836 43.06072420060276 120
    endloop
  endfacet
  facet normal 0.4539904997395469 -0.8910065241883677 0
    outer loop
      vertex -24.569437379187477 44.69164068223704 79
      vertex -21.714743869818708 46.146179675766994 120
      vertex -24.569437379187477 44.69164068223704 120
    endloop
  endfacet
  facet normal 0.3971478906347798 -0.9177546256839815 0
    outer loop
      vertex -21.714743869818708 46.146179675766994 79
      vertex -18.77435218691857 47.41860078030082 120
      vertex -21.714743869818708 46.146179675766994 120
    endloop
  endfacet
  facet normal -0.3600354539027336 0.6087867053581639 0.7069322593517744
    outer loop
      vertex -26.496452075594338 48.196867402412494 116
      vertex -27.327166543928836 43.06072420060276 120
      vertex -24.569437379187477 44.69164068223704 120
    endloop
  endfacet
  facet normal -0.321098972664755 0.6301922170587593 0.7069322593517745
    outer loop
      vertex -26.496452075594338 48.196867402412494 116
      vertex -24.569437379187477 44.69164068223704 120
      vertex -23.417861036079 49.76548788563107 116
    endloop
  endfacet
  facet normal -0.3210989726647551 0.6301922170587593 0.7069322593517744
    outer loop
      vertex -23.417861036079 49.76548788563107 116
      vertex -24.569437379187477 44.69164068223704 120
      vertex -21.714743869818708 46.146179675766994 120
    endloop
  endfacet
  facet normal -0.28089526047783636 0.6491106479860609 0.7069322593517745
    outer loop
      vertex -23.417861036079 49.76548788563107 116
      vertex -21.714743869818708 46.146179675766994 120
      vertex -20.246850397657283 51.13770672385383 116
    endloop
  endfacet
  facet normal 0.33873792024529104 -0.9408807689542255 0
    outer loop
      vertex -18.77435218691857 47.41860078030082 79
      vertex -15.759866713122317 48.50388233105283 120
      vertex -18.77435218691857 47.41860078030082 120
    endloop
  endfacet
  facet normal 0.278991106039229 -0.9602936856769433 0
    outer loop
      vertex -15.759866713122317 48.50388233105283 79
      vertex -12.683184245407597 49.39774121756018 120
      vertex -15.759866713122317 48.50388233105283 120
    endloop
  endfacet
  facet normal -0.2808952604778342 0.649110647986061 0.7069322593517753
    outer loop
      vertex -20.246850397657283 51.13770672385383 116
      vertex -21.714743869818708 46.146179675766994 120
      vertex -18.77435218691857 47.41860078030082 120
    endloop
  endfacet
  facet normal -0.2395829830266454 0.6654673357362091 0.7069322593517753
    outer loop
      vertex -20.246850397657283 51.13770672385383 116
      vertex -18.77435218691857 47.41860078030082 120
      vertex -16.995934690622107 52.30810839623344 116
    endloop
  endfacet
  facet normal -0.23958298302664652 0.6654673357362092 0.706932259351775
    outer loop
      vertex -16.995934690622107 52.30810839623344 116
      vertex -18.77435218691857 47.41860078030082 120
      vertex -15.759866713122317 48.50388233105283 120
    endloop
  endfacet
  facet normal -0.1973251809965056 0.679197727935313 0.706932259351775
    outer loop
      vertex -16.995934690622107 52.30810839623344 116
      vertex -15.759866713122317 48.50388233105283 120
      vertex -13.677943794067017 53.272073862074706 116
    endloop
  endfacet
  facet normal -0.1973251809965056 0.6791977279353129 0.706932259351775
    outer loop
      vertex -13.677943794067017 53.272073862074706 116
      vertex -15.759866713122317 48.50388233105283 120
      vertex -12.683184245407597 49.39774121756018 120
    endloop
  endfacet
  facet normal 0.278991106039229 -0.9602936856769433 0
    outer loop
      vertex -15.759866713122317 48.50388233105283 79
      vertex -12.683184245407597 49.39774121756018 79
      vertex -12.683184245407597 49.39774121756018 120
    endloop
  endfacet
  facet normal 0.2181432413965441 -0.975916761938747 0
    outer loop
      vertex -12.683184245407597 49.39774121756018 79
      vertex -9.556447043871954 50.09664978716312 79
      vertex -9.556447043871954 50.09664978716312 120
    endloop
  endfacet
  facet normal -0.21814324139654406 0.975916761938747 0
    outer loop
      vertex -13.677943794067017 53.272073862074706 80
      vertex -13.677943794067017 53.272073862074706 116
      vertex -10.305972302214851 54.02579879007788 80
    endloop
  endfacet
  facet normal 0.15643446504023079 -0.9876883405951378 0
    outer loop
      vertex -9.556447043871954 50.09664978716312 79
      vertex -6.391994911779519 50.59784976703837 79
      vertex -6.391994911779519 50.59784976703837 120
    endloop
  endfacet
  facet normal -0.15643446504023234 0.9876883405951374 0
    outer loop
      vertex -10.305972302214851 54.02579879007788 80
      vertex -10.305972302214851 54.02579879007788 116
      vertex -6.893327846036736 54.566308572296286 80
    endloop
  endfacet
  facet normal -0.21814324139654406 0.975916761938747 0
    outer loop
      vertex -10.305972302214851 54.02579879007788 80
      vertex -13.677943794067017 53.272073862074706 116
      vertex -10.305972302214851 54.02579879007788 116
    endloop
  endfacet
  facet normal -0.15643446504023234 0.9876883405951374 0
    outer loop
      vertex -6.893327846036736 54.566308572296286 80
      vertex -10.305972302214851 54.02579879007788 116
      vertex -6.893327846036736 54.566308572296286 116
    endloop
  endfacet
  facet normal 0.0941083133185133 -0.9955619646030801 0
    outer loop
      vertex -6.391994911779519 50.59784976703837 79
      vertex -3.2023164959949773 50.89936314984185 79
      vertex -3.2023164959949773 50.89936314984185 120
    endloop
  endfacet
  facet normal -0.09410831331851192 0.9955619646030802 0
    outer loop
      vertex -6.893327846036736 54.566308572296286 80
      vertex -6.893327846036736 54.566308572296286 116
      vertex -3.4534785741122302 54.891470063554934 80
    endloop
  endfacet
  facet normal 0.03141075907812929 -0.9995065603657317 0
    outer loop
      vertex -3.2023164959949773 50.89936314984185 79
      vertex 0 51 79
      vertex 0 51 120
    endloop
  endfacet
  facet normal -0.031410759078128965 0.9995065603657315 0
    outer loop
      vertex -3.4534785741122302 54.891470063554934 80
      vertex -3.4534785741122302 54.891470063554934 116
      vertex 0 55 80
    endloop
  endfacet
  facet normal -0.09410831331851192 0.9955619646030802 0
    outer loop
      vertex -3.4534785741122302 54.891470063554934 80
      vertex -6.893327846036736 54.566308572296286 116
      vertex -3.4534785741122302 54.891470063554934 116
    endloop
  endfacet
  facet normal -0.031410759078128965 0.9995065603657315 0
    outer loop
      vertex -3.4534785741122302 54.891470063554934 116
      vertex 0 55 116
      vertex 0 55 80
    endloop
  endfacet
  facet normal 0.2181432413965441 -0.975916761938747 0
    outer loop
      vertex -12.683184245407597 49.39774121756018 79
      vertex -9.556447043871954 50.09664978716312 120
      vertex -12.683184245407597 49.39774121756018 120
    endloop
  endfacet
  facet normal 0.15643446504023079 -0.9876883405951378 0
    outer loop
      vertex -9.556447043871954 50.09664978716312 79
      vertex -6.391994911779519 50.59784976703837 120
      vertex -9.556447043871954 50.09664978716312 120
    endloop
  endfacet
  facet normal -0.15428862662627277 0.6902476369981816 0.7069322593517748
    outer loop
      vertex -10.305972302214851 54.02579879007788 116
      vertex -12.683184245407597 49.39774121756018 120
      vertex -9.556447043871954 50.09664978716312 120
    endloop
  endfacet
  facet normal -0.15428862662627274 0.6902476369981817 0.7069322593517748
    outer loop
      vertex -13.677943794067017 53.272073862074706 116
      vertex -12.683184245407597 49.39774121756018 120
      vertex -10.305972302214851 54.02579879007788 116
    endloop
  endfacet
  facet normal -0.11064316553451334 0.6985734539819684 0.706932259351775
    outer loop
      vertex -10.305972302214851 54.02579879007788 116
      vertex -9.556447043871954 50.09664978716312 120
      vertex -6.893327846036736 54.566308572296286 116
    endloop
  endfacet
  facet normal -0.11064316553451216 0.698573453981968 0.7069322593517754
    outer loop
      vertex -6.893327846036736 54.566308572296286 116
      vertex -9.556447043871954 50.09664978716312 120
      vertex -6.391994911779519 50.59784976703837 120
    endloop
  endfacet
  facet normal 0.0941083133185133 -0.9955619646030801 0
    outer loop
      vertex -6.391994911779519 50.59784976703837 79
      vertex -3.2023164959949773 50.89936314984185 120
      vertex -6.391994911779519 50.59784976703837 120
    endloop
  endfacet
  facet normal 0.03141075907812929 -0.9995065603657317 0
    outer loop
      vertex -3.2023164959949773 50.89936314984185 79
      vertex 0 51 120
      vertex -3.2023164959949773 50.89936314984185 120
    endloop
  endfacet
  facet normal -0.06656104641644056 0.7041423206907412 0.7069322593517754
    outer loop
      vertex -6.893327846036736 54.566308572296286 116
      vertex -6.391994911779519 50.59784976703837 120
      vertex -3.4534785741122302 54.891470063554934 116
    endloop
  endfacet
  facet normal -0.06656104641644157 0.7041423206907416 0.7069322593517748
    outer loop
      vertex -3.4534785741122302 54.891470063554934 116
      vertex -6.391994911779519 50.59784976703837 120
      vertex -3.2023164959949773 50.89936314984185 120
    endloop
  endfacet
  facet normal -0.022216241257016663 0.7069322593517747 0.7069322593517748
    outer loop
      vertex -3.4534785741122302 54.891470063554934 116
      vertex -3.2023164959949773 50.89936314984185 120
      vertex 0 55 116
    endloop
  endfacet
  facet normal -0.02221624125701689 0.7069322593517748 0.7069322593517748
    outer loop
      vertex 0 55 116
      vertex -3.2023164959949773 50.89936314984185 120
      vertex 0 51 120
    endloop
  endfacet
  facet normal 0.022216241257015535 -0.7069322593517748 -0.7069322593517748
    outer loop
      vertex 0 -45 4
      vertex 0 -41 0
      vertex 2.5744113007018643 -40.919095865559136 0
    endloop
  endfacet
  facet normal 0.022216241257015358 -0.7069322593517747 -0.7069322593517748
    outer loop
      vertex 0 -45 4
      vertex 2.5744113007018643 -40.919095865559136 0
      vertex 2.8255733788191195 -44.91120277927222 4
    endloop
  endfacet
  facet normal 0.0665610464164433 -0.7041423206907417 -0.7069322593517747
    outer loop
      vertex 2.8255733788191195 -44.91120277927222 4
      vertex 5.138662576136467 -40.67670275389359 0
      vertex 5.639995510393683 -44.645161559151504 4
    endloop
  endfacet
  facet normal 0.06656104641644275 -0.7041423206907415 -0.706932259351775
    outer loop
      vertex 2.8255733788191195 -44.91120277927222 4
      vertex 2.5744113007018643 -40.919095865559136 0
      vertex 5.138662576136467 -40.67670275389359 0
    endloop
  endfacet
  facet normal 0.11064316553451255 -0.6985734539819686 -0.7069322593517747
    outer loop
      vertex 5.639995510393683 -44.645161559151504 4
      vertex 5.138662576136467 -40.67670275389359 0
      vertex 7.682633898014718 -40.273777279876235 0
    endloop
  endfacet
  facet normal 0.110643165534512 -0.6985734539819685 -0.7069322593517748
    outer loop
      vertex 5.639995510393683 -44.645161559151504 4
      vertex 7.682633898014718 -40.273777279876235 0
      vertex 8.432159156357617 -44.20292628279099 4
    endloop
  endfacet
  facet normal 0.15428862662627227 -0.6902476369981817 -0.7069322593517748
    outer loop
      vertex 8.432159156357617 -44.20292628279099 4
      vertex 7.682633898014718 -40.273777279876235 0
      vertex 10.196285373759032 -39.71190960627388 0
    endloop
  endfacet
  facet normal 0.1542886266262726 -0.6902476369981818 -0.7069322593517748
    outer loop
      vertex 8.432159156357617 -44.20292628279099 4
      vertex 10.196285373759032 -39.71190960627388 0
      vertex 11.191044922418449 -43.5862422507884 4
    endloop
  endfacet
  facet normal 0.19732518099650603 -0.6791977279353126 -0.7069322593517748
    outer loop
      vertex 11.191044922418449 -43.5862422507884 4
      vertex 12.669696769372843 -38.99331716810129 0
      vertex 13.905764746872633 -42.79754323328191 4
    endloop
  endfacet
  facet normal 0.031410759078127126 -0.9995065603657316 0
    outer loop
      vertex 0 -45 4
      vertex 2.8255733788191195 -44.91120277927222 4
      vertex 2.8255733788191195 -44.91120277927222 40
    endloop
  endfacet
  facet normal 0.09410831331851571 -0.9955619646030799 0
    outer loop
      vertex 2.8255733788191195 -44.91120277927222 4
      vertex 5.639995510393683 -44.645161559151504 4
      vertex 5.639995510393683 -44.645161559151504 40
    endloop
  endfacet
  facet normal 0.031410759078127126 -0.9995065603657316 0
    outer loop
      vertex 0 -45 4
      vertex 2.8255733788191195 -44.91120277927222 40
      vertex 0 -45 40
    endloop
  endfacet
  facet normal 0.09410831331851571 -0.9955619646030799 0
    outer loop
      vertex 2.8255733788191195 -44.91120277927222 4
      vertex 5.639995510393683 -44.645161559151504 40
      vertex 2.8255733788191195 -44.91120277927222 40
    endloop
  endfacet
  facet normal 0.15643446504023045 -0.9876883405951378 0
    outer loop
      vertex 5.639995510393683 -44.645161559151504 4
      vertex 8.432159156357617 -44.20292628279099 40
      vertex 5.639995510393683 -44.645161559151504 40
    endloop
  endfacet
  facet normal 0.15643446504023045 -0.9876883405951378 0
    outer loop
      vertex 5.639995510393683 -44.645161559151504 4
      vertex 8.432159156357617 -44.20292628279099 4
      vertex 8.432159156357617 -44.20292628279099 40
    endloop
  endfacet
  facet normal 0.2181432413965438 -0.9759167619387471 0
    outer loop
      vertex 8.432159156357617 -44.20292628279099 4
      vertex 11.191044922418449 -43.5862422507884 4
      vertex 11.191044922418449 -43.5862422507884 40
    endloop
  endfacet
  facet normal 0.2789911060392296 -0.9602936856769431 0
    outer loop
      vertex 11.191044922418449 -43.5862422507884 4
      vertex 13.905764746872633 -42.79754323328191 4
      vertex 13.905764746872633 -42.79754323328191 40
    endloop
  endfacet
  facet normal 0.2181432413965438 -0.9759167619387471 0
    outer loop
      vertex 8.432159156357617 -44.20292628279099 4
      vertex 11.191044922418449 -43.5862422507884 40
      vertex 8.432159156357617 -44.20292628279099 40
    endloop
  endfacet
  facet normal 0.2789911060392296 -0.9602936856769431 0
    outer loop
      vertex 11.191044922418449 -43.5862422507884 4
      vertex 13.905764746872633 -42.79754323328191 40
      vertex 11.191044922418449 -43.5862422507884 40
    endloop
  endfacet
  facet normal -0.03141075907812737 0.9995065603657316 0
    outer loop
      vertex 0 -41 39
      vertex 2.5744113007018643 -40.919095865559136 0
      vertex 0 -41 0
    endloop
  endfacet
  facet normal -0.09410831331851498 0.99556196460308 0
    outer loop
      vertex 2.5744113007018643 -40.919095865559136 39
      vertex 5.138662576136467 -40.67670275389359 0
      vertex 2.5744113007018643 -40.919095865559136 0
    endloop
  endfacet
  facet normal -0.15643446504023117 0.9876883405951377 0
    outer loop
      vertex 5.138662576136467 -40.67670275389359 39
      vertex 7.682633898014718 -40.273777279876235 0
      vertex 5.138662576136467 -40.67670275389359 0
    endloop
  endfacet
  facet normal 0.19732518099650642 -0.6791977279353127 -0.7069322593517748
    outer loop
      vertex 11.191044922418449 -43.5862422507884 4
      vertex 10.196285373759032 -39.71190960627388 0
      vertex 12.669696769372843 -38.99331716810129 0
    endloop
  endfacet
  facet normal -0.21814324139654337 0.9759167619387472 0
    outer loop
      vertex 7.682633898014718 -40.273777279876235 39
      vertex 10.196285373759032 -39.71190960627388 0
      vertex 7.682633898014718 -40.273777279876235 0
    endloop
  endfacet
  facet normal -0.2789911060392301 0.9602936856769428 0
    outer loop
      vertex 10.196285373759032 -39.71190960627388 39
      vertex 12.669696769372843 -38.99331716810129 0
      vertex 10.196285373759032 -39.71190960627388 0
    endloop
  endfacet
  facet normal -0.33873792024529104 0.9408807689542256 0
    outer loop
      vertex 12.669696769372843 -38.99331716810129 39
      vertex 15.093106660071813 -38.1208359214183 0
      vertex 12.669696769372843 -38.99331716810129 0
    endloop
  endfacet
  facet normal -0.03141075907812737 0.9995065603657316 0
    outer loop
      vertex 0 -41 39
      vertex 2.5744113007018643 -40.919095865559136 39
      vertex 2.5744113007018643 -40.919095865559136 0
    endloop
  endfacet
  facet normal -0.09410831331851498 0.99556196460308 0
    outer loop
      vertex 2.5744113007018643 -40.919095865559136 39
      vertex 5.138662576136467 -40.67670275389359 39
      vertex 5.138662576136467 -40.67670275389359 0
    endloop
  endfacet
  facet normal -0.15643446504023117 0.9876883405951377 0
    outer loop
      vertex 5.138662576136467 -40.67670275389359 39
      vertex 7.682633898014718 -40.273777279876235 39
      vertex 7.682633898014718 -40.273777279876235 0
    endloop
  endfacet
  facet normal -0.21814324139654337 0.9759167619387472 0
    outer loop
      vertex 7.682633898014718 -40.273777279876235 39
      vertex 10.196285373759032 -39.71190960627388 39
      vertex 10.196285373759032 -39.71190960627388 0
    endloop
  endfacet
  facet normal -0.2789911060392301 0.9602936856769428 0
    outer loop
      vertex 10.196285373759032 -39.71190960627388 39
      vertex 12.669696769372843 -38.99331716810129 39
      vertex 12.669696769372843 -38.99331716810129 0
    endloop
  endfacet
  facet normal 0.33873792024528965 -0.9408807689542261 0
    outer loop
      vertex 13.905764746872633 -42.79754323328191 4
      vertex 16.565604870810525 -41.83994186497131 4
      vertex 16.565604870810525 -41.83994186497131 40
    endloop
  endfacet
  facet normal 0.33873792024528965 -0.9408807689542261 0
    outer loop
      vertex 13.905764746872633 -42.79754323328191 4
      vertex 16.565604870810525 -41.83994186497131 40
      vertex 13.905764746872633 -42.79754323328191 40
    endloop
  endfacet
  facet normal 0.3971478906347828 -0.9177546256839803 0
    outer loop
      vertex 16.565604870810525 -41.83994186497131 4
      vertex 19.16006812042826 -40.71721736097088 40
      vertex 16.565604870810525 -41.83994186497131 40
    endloop
  endfacet
  facet normal 0.23958298302664655 -0.6654673357362092 -0.7069322593517748
    outer loop
      vertex 13.905764746872633 -42.79754323328191 4
      vertex 12.669696769372843 -38.99331716810129 0
      vertex 15.093106660071813 -38.1208359214183 0
    endloop
  endfacet
  facet normal 0.23958298302664535 -0.6654673357362092 -0.7069322593517752
    outer loop
      vertex 13.905764746872633 -42.79754323328191 4
      vertex 15.093106660071813 -38.1208359214183 0
      vertex 16.565604870810525 -41.83994186497131 4
    endloop
  endfacet
  facet normal 0.2808952604778342 -0.649110647986061 -0.7069322593517752
    outer loop
      vertex 16.565604870810525 -41.83994186497131 4
      vertex 15.093106660071813 -38.1208359214183 0
      vertex 17.45695095416797 -37.097909151106805 0
    endloop
  endfacet
  facet normal 0.28089526047783664 -0.6491106479860609 -0.7069322593517745
    outer loop
      vertex 16.565604870810525 -41.83994186497131 4
      vertex 17.45695095416797 -37.097909151106805 0
      vertex 19.16006812042826 -40.71721736097088 4
    endloop
  endfacet
  facet normal 0.321098972664756 -0.6301922170587588 -0.7069322593517744
    outer loop
      vertex 19.16006812042826 -40.71721736097088 4
      vertex 17.45695095416797 -37.097909151106805 0
      vertex 19.75190063817033 -35.9285738817984 0
    endloop
  endfacet
  facet normal 0.3210989726647541 -0.630192217058759 -0.7069322593517751
    outer loop
      vertex 19.16006812042826 -40.71721736097088 4
      vertex 19.75190063817033 -35.9285738817984 0
      vertex 21.67891533457719 -39.43380060197386 4
    endloop
  endfacet
  facet normal -0.3971478906347798 0.9177546256839816 0
    outer loop
      vertex 15.093106660071813 -38.1208359214183 39
      vertex 17.45695095416797 -37.097909151106805 0
      vertex 15.093106660071813 -38.1208359214183 0
    endloop
  endfacet
  facet normal -0.45399049973954825 0.8910065241883671 0
    outer loop
      vertex 17.45695095416797 -37.097909151106805 39
      vertex 19.75190063817033 -35.9285738817984 0
      vertex 17.45695095416797 -37.097909151106805 0
    endloop
  endfacet
  facet normal -0.5090414157503701 0.8607420270039444 0
    outer loop
      vertex 19.75190063817033 -35.9285738817984 39
      vertex 21.968898594138846 -34.617444945582626 0
      vertex 19.75190063817033 -35.9285738817984 0
    endloop
  endfacet
  facet normal 0.3600354539027326 -0.6087867053581639 -0.7069322593517751
    outer loop
      vertex 21.67891533457719 -39.43380060197386 4
      vertex 19.75190063817033 -35.9285738817984 0
      vertex 21.968898594138846 -34.617444945582626 0
    endloop
  endfacet
  facet normal 0.3600354539027329 -0.6087867053581639 -0.7069322593517751
    outer loop
      vertex 21.67891533457719 -39.43380060197386 4
      vertex 21.968898594138846 -34.617444945582626 0
      vertex 24.11220577405483 -37.99475664759069 4
    endloop
  endfacet
  facet normal 0.39755103968871 -0.5849785906597099 -0.706932259351775
    outer loop
      vertex 24.11220577405483 -37.99475664759069 4
      vertex 21.968898594138846 -34.617444945582626 0
      vertex 24.099195343991397 -33.16969676937285 0
    endloop
  endfacet
  facet normal 0.3975510396887111 -0.5849785906597097 -0.7069322593517746
    outer loop
      vertex 24.11220577405483 -37.99475664759069 4
      vertex 24.099195343991397 -33.16969676937285 0
      vertex 26.45033635316129 -36.405764746872634 4
    endloop
  endfacet
  facet normal 0.4334976731448319 -0.5588618327152175 -0.7069322593517746
    outer loop
      vertex 26.45033635316129 -36.405764746872634 4
      vertex 24.099195343991397 -33.16969676937285 0
      vertex 26.134383579696287 -31.59104295380735 0
    endloop
  endfacet
  facet normal 0.4334976731448312 -0.5588618327152177 -0.7069322593517748
    outer loop
      vertex 26.45033635316129 -36.405764746872634 4
      vertex 26.134383579696287 -31.59104295380735 0
      vertex 28.684079538691048 -34.673095924910506 4
    endloop
  endfacet
  facet normal -0.5620833778521293 0.8270805742745628 0
    outer loop
      vertex 21.968898594138846 -34.617444945582626 39
      vertex 24.099195343991397 -33.16969676937285 0
      vertex 21.968898594138846 -34.617444945582626 0
    endloop
  endfacet
  facet normal -0.6129070536529777 0.7901550123756894 0
    outer loop
      vertex 24.099195343991397 -33.16969676937285 39
      vertex 26.134383579696287 -31.59104295380735 0
      vertex 24.099195343991397 -33.16969676937285 0
    endloop
  endfacet
  facet normal -0.6613118653236522 0.7501110696304594 0
    outer loop
      vertex 26.134383579696287 -31.59104295380735 39
      vertex 28.06643134307623 -29.887713724277877 0
      vertex 26.134383579696287 -31.59104295380735 0
    endloop
  endfacet
  facet normal 0.3971478906347828 -0.9177546256839803 0
    outer loop
      vertex 16.565604870810525 -41.83994186497131 4
      vertex 19.16006812042826 -40.71721736097088 4
      vertex 19.16006812042826 -40.71721736097088 40
    endloop
  endfacet
  facet normal -0.33873792024529104 0.9408807689542256 0
    outer loop
      vertex 12.669696769372843 -38.99331716810129 39
      vertex 15.093106660071813 -38.1208359214183 39
      vertex 15.093106660071813 -38.1208359214183 0
    endloop
  endfacet
  facet normal -0.3971478906347798 0.9177546256839816 0
    outer loop
      vertex 15.093106660071813 -38.1208359214183 39
      vertex 17.45695095416797 -37.097909151106805 39
      vertex 17.45695095416797 -37.097909151106805 0
    endloop
  endfacet
  facet normal 0.45399049973954597 -0.8910065241883683 0
    outer loop
      vertex 19.16006812042826 -40.71721736097088 4
      vertex 21.67891533457719 -39.43380060197386 40
      vertex 19.16006812042826 -40.71721736097088 40
    endloop
  endfacet
  facet normal -0.45399049973954825 0.8910065241883671 0
    outer loop
      vertex 17.45695095416797 -37.097909151106805 39
      vertex 19.75190063817033 -35.9285738817984 39
      vertex 19.75190063817033 -35.9285738817984 0
    endloop
  endfacet
  facet normal 0.45399049973954597 -0.8910065241883683 0
    outer loop
      vertex 19.16006812042826 -40.71721736097088 4
      vertex 21.67891533457719 -39.43380060197386 4
      vertex 21.67891533457719 -39.43380060197386 40
    endloop
  endfacet
  facet normal 0.5090414157503704 -0.8607420270039442 0
    outer loop
      vertex 21.67891533457719 -39.43380060197386 4
      vertex 24.11220577405483 -37.99475664759069 4
      vertex 24.11220577405483 -37.99475664759069 40
    endloop
  endfacet
  facet normal 0.5620833778521305 -0.8270805742745619 0
    outer loop
      vertex 24.11220577405483 -37.99475664759069 4
      vertex 26.45033635316129 -36.405764746872634 4
      vertex 26.45033635316129 -36.405764746872634 40
    endloop
  endfacet
  facet normal 0.5090414157503704 -0.8607420270039442 0
    outer loop
      vertex 21.67891533457719 -39.43380060197386 4
      vertex 24.11220577405483 -37.99475664759069 40
      vertex 21.67891533457719 -39.43380060197386 40
    endloop
  endfacet
  facet normal -0.5090414157503701 0.8607420270039444 0
    outer loop
      vertex 19.75190063817033 -35.9285738817984 39
      vertex 21.968898594138846 -34.617444945582626 39
      vertex 21.968898594138846 -34.617444945582626 0
    endloop
  endfacet
  facet normal 0.5620833778521305 -0.8270805742745619 0
    outer loop
      vertex 24.11220577405483 -37.99475664759069 4
      vertex 26.45033635316129 -36.405764746872634 40
      vertex 24.11220577405483 -37.99475664759069 40
    endloop
  endfacet
  facet normal 0.6129070536529768 -0.7901550123756901 0
    outer loop
      vertex 26.45033635316129 -36.405764746872634 4
      vertex 28.684079538691048 -34.673095924910506 40
      vertex 26.45033635316129 -36.405764746872634 40
    endloop
  endfacet
  facet normal -0.5620833778521293 0.8270805742745628 0
    outer loop
      vertex 21.968898594138846 -34.617444945582626 39
      vertex 24.099195343991397 -33.16969676937285 39
      vertex 24.099195343991397 -33.16969676937285 0
    endloop
  endfacet
  facet normal -0.6129070536529777 0.7901550123756894 0
    outer loop
      vertex 24.099195343991397 -33.16969676937285 39
      vertex 26.134383579696287 -31.59104295380735 39
      vertex 26.134383579696287 -31.59104295380735 0
    endloop
  endfacet
  facet normal -0.6613118653236522 0.7501110696304594 0
    outer loop
      vertex 26.134383579696287 -31.59104295380735 39
      vertex 28.06643134307623 -29.887713724277877 39
      vertex 28.06643134307623 -29.887713724277877 0
    endloop
  endfacet
  facet normal 0.03047379666629872 -0.969691932992058 -0.2424229832480145
    outer loop
      vertex 0 -45 40
      vertex 2.8255733788191195 -44.91120277927222 40
      vertex 0 -55 80
    endloop
  endfacet
  facet normal 0.09130112384561241 -0.9658650019426427 -0.2424229832480144
    outer loop
      vertex 2.8255733788191195 -44.91120277927222 40
      vertex 5.639995510393683 -44.645161559151504 40
      vertex 3.453478574112257 -54.891470063554934 80
    endloop
  endfacet
  facet normal -0.03055739036809874 0.9723519277138132 0.23151236374138398
    outer loop
      vertex 0 -41 39
      vertex 3.1724162486000904 -50.424112326780765 79
      vertex 2.5744113007018643 -40.919095865559136 39
    endloop
  endfacet
  facet normal -0.09155157504486039 0.9685144988804671 0.23151236374138398
    outer loop
      vertex 2.5744113007018643 -40.919095865559136 39
      vertex 6.332312419606029 -50.125414194983854 79
      vertex 5.138662576136467 -40.67670275389359 39
    endloop
  endfacet
  facet normal -0.15218444748085422 0.9608547857922258 0.23151236374138398
    outer loop
      vertex 5.138662576136467 -40.67670275389359 39
      vertex 9.467217846450191 -49.62889395348279 79
      vertex 7.682633898014718 -40.273777279876235 39
    endloop
  endfacet
  facet normal -0.21221671742910253 0.9494030178372583 0.23151236374138395
    outer loop
      vertex 7.682633898014718 -40.273777279876235 39
      vertex 9.467217846450191 -49.62889395348279 79
      vertex 10.196285373759032 -39.71190960627388 39
    endloop
  endfacet
  facet normal -0.2714114649462536 0.9342043899118682 0.231512363741384
    outer loop
      vertex 10.196285373759032 -39.71190960627388 39
      vertex 12.564760489614788 -48.936511140832266 79
      vertex 12.669696769372843 -38.99331716810129 39
    endloop
  endfacet
  facet normal 0.15176812720061908 -0.9582262429923059 -0.24242298324801456
    outer loop
      vertex 5.639995510393683 -44.645161559151504 40
      vertex 8.432159156357617 -44.20292628279099 40
      vertex 6.8933278460367235 -54.566308572296286 80
    endloop
  endfacet
  facet normal 0.2116361710938302 -0.9468058028328069 -0.24242298324801437
    outer loop
      vertex 8.432159156357617 -44.20292628279099 40
      vertex 11.191044922418449 -43.5862422507884 40
      vertex 10.305972302214865 -54.02579879007787 80
    endloop
  endfacet
  facet normal 0.2706689837071011 -0.9316487527239534 -0.24242298324801448
    outer loop
      vertex 11.191044922418449 -43.5862422507884 40
      vertex 13.905764746872633 -42.79754323328191 40
      vertex 13.677943794066994 -53.27207386207471 80
    endloop
  endfacet
  facet normal -0.3295350754073643 0.9153188840568841 0.23151236374138406
    outer loop
      vertex 12.669696769372843 -38.99331716810129 39
      vertex 15.612715763419962 -48.05099827567418 79
      vertex 15.093106660071813 -38.1208359214183 39
    endloop
  endfacet
  facet normal 0.32863358949857496 -0.9128149106179274 -0.2424229832480145
    outer loop
      vertex 13.905764746872633 -42.79754323328191 40
      vertex 16.565604870810525 -41.83994186497131 40
      vertex 16.995934690622107 -52.30810839623344 80
    endloop
  endfacet
  facet normal 0.3853012286507095 -0.890378605085155 -0.24242298324801442
    outer loop
      vertex 16.565604870810525 -41.83994186497131 40
      vertex 19.16006812042826 -40.71721736097088 40
      vertex 20.24685039765731 -51.13770672385382 80
    endloop
  endfacet
  facet normal 0.4404482598807405 -0.864428381973406 -0.24242298324801456
    outer loop
      vertex 19.16006812042826 -40.71721736097088 40
      vertex 21.67891533457719 -39.43380060197386 40
      vertex 23.417861036078985 -49.765487885631075 80
    endloop
  endfacet
  facet normal 0.49385704305069433 -0.8350666549577689 -0.24242298324801453
    outer loop
      vertex 21.67891533457719 -39.43380060197386 40
      vertex 24.11220577405483 -37.99475664759069 40
      vertex 26.496452075594345 -48.196867402412494 80
    endloop
  endfacet
  facet normal -0.38635816147609814 0.8928210327359488 0.23151236374138415
    outer loop
      vertex 15.093106660071813 -38.1208359214183 39
      vertex 18.599054780878276 -46.97585007273498 79
      vertex 17.45695095416797 -37.097909151106805 39
    endloop
  endfacet
  facet normal -0.44165646839174266 0.8667996246899342 0.23151236374138412
    outer loop
      vertex 17.45695095416797 -37.097909151106805 39
      vertex 21.511991826216278 -45.71530965078318 79
      vertex 19.75190063817033 -35.9285738817984 39
    endloop
  endfacet
  facet normal -0.4952117590002875 0.8373573545283508 0.2315123637413841
    outer loop
      vertex 19.75190063817033 -35.9285738817984 39
      vertex 24.340030867710475 -44.27435178697805 79
      vertex 21.968898594138846 -34.617444945582626 39
    endloop
  endfacet
  facet normal -0.546812675036793 0.8046104174406292 0.2315123637413841
    outer loop
      vertex 21.968898594138846 -34.617444945582626 39
      vertex 27.072010927272142 -42.65866328369706 79
      vertex 24.099195343991397 -33.16969676937285 39
    endloop
  endfacet
  facet normal -0.5962555712598794 0.7686880506268013 0.23151236374138415
    outer loop
      vertex 24.099195343991397 -33.16969676937285 39
      vertex 29.697150127729238 -40.87462052532473 79
      vertex 26.134383579696287 -31.59104295380735 39
    endloop
  endfacet
  facet normal 0.5453167980935494 -0.8024093013606783 -0.24242298324801442
    outer loop
      vertex 24.11220577405483 -37.99475664759069 40
      vertex 26.45033635316129 -36.405764746872634 40
      vertex 29.47047372384479 -46.43803590261084 80
    endloop
  endfacet
  facet normal 0.46773348933129666 -0.5305395024366844 -0.7069322593517748
    outer loop
      vertex 28.684079538691048 -34.673095924910506 4
      vertex 26.134383579696287 -31.59104295380735 0
      vertex 28.06643134307623 -29.887713724277877 0
    endloop
  endfacet
  facet normal 0.46773348933129694 -0.5305395024366844 -0.7069322593517747
    outer loop
      vertex 28.684079538691048 -34.673095924910506 4
      vertex 28.06643134307623 -29.887713724277877 0
      vertex 30.80461976679098 -32.803588233963524 4
    endloop
  endfacet
  facet normal 0.5001233751224766 -0.5001233751224766 -0.7069322593517747
    outer loop
      vertex 30.80461976679098 -32.803588233963524 4
      vertex 28.06643134307623 -29.887713724277877 0
      vertex 29.887713724277877 -28.06643134307623 0
    endloop
  endfacet
  facet normal 0.5001233751224766 -0.5001233751224766 -0.7069322593517748
    outer loop
      vertex 30.80461976679098 -32.803588233963524 4
      vertex 29.887713724277877 -28.06643134307623 0
      vertex 32.803588233963524 -30.80461976679098 4
    endloop
  endfacet
  facet normal 0.5305395024366845 -0.46773348933129677 -0.7069322593517748
    outer loop
      vertex 32.803588233963524 -30.80461976679098 4
      vertex 29.887713724277877 -28.06643134307623 0
      vertex 31.59104295380735 -26.134383579696287 0
    endloop
  endfacet
  facet normal 0.5305395024366842 -0.4677334893312969 -0.706932259351775
    outer loop
      vertex 32.803588233963524 -30.80461976679098 4
      vertex 31.59104295380735 -26.134383579696287 0
      vertex 34.673095924910506 -28.684079538691048 4
    endloop
  endfacet
  facet normal -0.7071067811865476 0.7071067811865476 0
    outer loop
      vertex 28.06643134307623 -29.887713724277877 39
      vertex 29.887713724277877 -28.06643134307623 0
      vertex 28.06643134307623 -29.887713724277877 0
    endloop
  endfacet
  facet normal 0.6129070536529768 -0.7901550123756901 0
    outer loop
      vertex 26.45033635316129 -36.405764746872634 4
      vertex 28.684079538691048 -34.673095924910506 4
      vertex 28.684079538691048 -34.673095924910506 40
    endloop
  endfacet
  facet normal 0.6613118653236524 -0.7501110696304591 0
    outer loop
      vertex 28.684079538691048 -34.673095924910506 4
      vertex 30.80461976679098 -32.803588233963524 4
      vertex 30.80461976679098 -32.803588233963524 40
    endloop
  endfacet
  facet normal 0.7071067811865475 -0.7071067811865475 0
    outer loop
      vertex 30.80461976679098 -32.803588233963524 4
      vertex 32.803588233963524 -30.80461976679098 4
      vertex 30.80461976679098 -32.803588233963524 40
    endloop
  endfacet
  facet normal 0.7501110696304591 -0.6613118653236524 0
    outer loop
      vertex 32.803588233963524 -30.80461976679098 4
      vertex 34.673095924910506 -28.684079538691048 4
      vertex 32.803588233963524 -30.80461976679098 40
    endloop
  endfacet
  facet normal 0.6613118653236524 -0.7501110696304591 0
    outer loop
      vertex 28.684079538691048 -34.673095924910506 4
      vertex 30.80461976679098 -32.803588233963524 40
      vertex 28.684079538691048 -34.673095924910506 40
    endloop
  endfacet
  facet normal -0.7071067811865476 0.7071067811865476 0
    outer loop
      vertex 28.06643134307623 -29.887713724277877 39
      vertex 29.887713724277877 -28.06643134307623 39
      vertex 29.887713724277877 -28.06643134307623 0
    endloop
  endfacet
  facet normal 0.7071067811865475 -0.7071067811865475 0
    outer loop
      vertex 32.803588233963524 -30.80461976679098 4
      vertex 32.803588233963524 -30.80461976679098 40
      vertex 30.80461976679098 -32.803588233963524 40
    endloop
  endfacet
  facet normal 0.7501110696304591 -0.6613118653236524 0
    outer loop
      vertex 34.673095924910506 -28.684079538691048 4
      vertex 34.673095924910506 -28.684079538691048 40
      vertex 32.803588233963524 -30.80461976679098 40
    endloop
  endfacet
  facet normal 0.7901550123756901 -0.6129070536529768 0
    outer loop
      vertex 34.673095924910506 -28.684079538691048 4
      vertex 36.405764746872634 -26.45033635316129 4
      vertex 34.673095924910506 -28.684079538691048 40
    endloop
  endfacet
  facet normal 0.5946244368658763 -0.7665852048370568 -0.2424229832480145
    outer loop
      vertex 26.45033635316129 -36.405764746872634 40
      vertex 28.684079538691048 -34.673095924910506 40
      vertex 32.328188876086024 -44.49593469062211 80
    endloop
  endfacet
  facet normal 0.6415853646439579 -0.7277357467294103 -0.24242298324801445
    outer loop
      vertex 28.684079538691048 -34.673095924910506 40
      vertex 30.80461976679098 -32.803588233963524 40
      vertex 35.058319436177946 -42.378228352668394 80
    endloop
  endfacet
  facet normal -0.6433453191464588 0.7297320232573176 0.23151236374138423
    outer loop
      vertex 26.134383579696287 -31.59104295380735 39
      vertex 32.20508824396953 -38.92926431357677 79
      vertex 28.06643134307623 -29.887713724277877 39
    endloop
  endfacet
  facet normal -0.6878960769748862 0.6878960769748862 0.23151236374138406
    outer loop
      vertex 28.06643134307623 -29.887713724277877 39
      vertex 36.83027208067227 -34.58592759001612 79
      vertex 29.887713724277877 -28.06643134307623 39
    endloop
  endfacet
  facet normal -0.7297320232573176 0.6433453191464588 0.23151236374138412
    outer loop
      vertex 29.887713724277877 -28.06643134307623 39
      vertex 38.92926431357677 -32.20508824396952 79
      vertex 31.59104295380735 -26.134383579696287 39
    endloop
  endfacet
  facet normal 0.6860142481002609 -0.6860142481002609 -0.24242298324801448
    outer loop
      vertex 30.80461976679098 -32.803588233963524 40
      vertex 32.803588233963524 -30.80461976679098 40
      vertex 40.09327450817764 -37.650090826077864 80
    endloop
  endfacet
  facet normal 0.7277357467294103 -0.6415853646439579 -0.24242298324801445
    outer loop
      vertex 32.803588233963524 -30.80461976679098 40
      vertex 34.673095924910506 -28.684079538691048 40
      vertex 42.378228352668394 -35.058319436177946 80
    endloop
  endfacet
  facet normal 0.7665852048370568 -0.5946244368658763 -0.2424229832480145
    outer loop
      vertex 34.673095924910506 -28.684079538691048 40
      vertex 36.405764746872634 -26.45033635316129 40
      vertex 44.49593469062211 -32.328188876086024 80
    endloop
  endfacet
  facet normal 0.5588618327152173 -0.4334976731448318 -0.7069322593517748
    outer loop
      vertex 34.673095924910506 -28.684079538691048 4
      vertex 31.59104295380735 -26.134383579696287 0
      vertex 33.16969676937285 -24.099195343991397 0
    endloop
  endfacet
  facet normal -0.7501110696304594 0.6613118653236522 0
    outer loop
      vertex 29.887713724277877 -28.06643134307623 39
      vertex 31.59104295380735 -26.134383579696287 0
      vertex 29.887713724277877 -28.06643134307623 0
    endloop
  endfacet
  facet normal -0.7901550123756894 0.6129070536529777 0
    outer loop
      vertex 31.59104295380735 -26.134383579696287 39
      vertex 33.16969676937285 -24.099195343991397 0
      vertex 31.59104295380735 -26.134383579696287 0
    endloop
  endfacet
  facet normal -0.8270805742745628 0.5620833778521293 0
    outer loop
      vertex 33.16969676937285 -24.099195343991397 39
      vertex 34.617444945582626 -21.968898594138846 0
      vertex 33.16969676937285 -24.099195343991397 0
    endloop
  endfacet
  facet normal 0.5588618327152179 -0.4334976731448313 -0.7069322593517746
    outer loop
      vertex 34.673095924910506 -28.684079538691048 4
      vertex 33.16969676937285 -24.099195343991397 0
      vertex 36.405764746872634 -26.45033635316129 4
    endloop
  endfacet
  facet normal 0.5849785906597103 -0.3975510396887102 -0.7069322593517747
    outer loop
      vertex 36.405764746872634 -26.45033635316129 4
      vertex 33.16969676937285 -24.099195343991397 0
      vertex 34.617444945582626 -21.968898594138846 0
    endloop
  endfacet
  facet normal 0.5849785906597094 -0.39755103968871086 -0.706932259351775
    outer loop
      vertex 36.405764746872634 -26.45033635316129 4
      vertex 34.617444945582626 -21.968898594138846 0
      vertex 37.99475664759069 -24.11220577405483 4
    endloop
  endfacet
  facet normal 0.6087867053581639 -0.3600354539027326 -0.7069322593517751
    outer loop
      vertex 37.99475664759069 -24.11220577405483 4
      vertex 34.617444945582626 -21.968898594138846 0
      vertex 35.9285738817984 -19.75190063817033 0
    endloop
  endfacet
  facet normal 0.6087867053581638 -0.3600354539027328 -0.7069322593517751
    outer loop
      vertex 37.99475664759069 -24.11220577405483 4
      vertex 35.9285738817984 -19.75190063817033 0
      vertex 39.43380060197386 -21.67891533457719 4
    endloop
  endfacet
  facet normal -0.8607420270039444 0.5090414157503701 0
    outer loop
      vertex 34.617444945582626 -21.968898594138846 39
      vertex 35.9285738817984 -19.75190063817033 0
      vertex 34.617444945582626 -21.968898594138846 0
    endloop
  endfacet
  facet normal 0.6301922170587583 -0.32109897266475573 -0.7069322593517752
    outer loop
      vertex 39.43380060197386 -21.67891533457719 4
      vertex 35.9285738817984 -19.75190063817033 0
      vertex 37.097909151106805 -17.45695095416797 0
    endloop
  endfacet
  facet normal 0.6301922170587596 -0.3210989726647544 -0.7069322593517744
    outer loop
      vertex 39.43380060197386 -21.67891533457719 4
      vertex 37.097909151106805 -17.45695095416797 0
      vertex 40.71721736097088 -19.16006812042826 4
    endloop
  endfacet
  facet normal 0.6491106479860619 -0.28089526047783453 -0.7069322593517744
    outer loop
      vertex 40.71721736097088 -19.16006812042826 4
      vertex 37.097909151106805 -17.45695095416797 0
      vertex 38.1208359214183 -15.093106660071813 0
    endloop
  endfacet
  facet normal 0.6491106479860601 -0.28089526047783625 -0.7069322593517752
    outer loop
      vertex 40.71721736097088 -19.16006812042826 4
      vertex 38.1208359214183 -15.093106660071813 0
      vertex 41.83994186497131 -16.565604870810525 4
    endloop
  endfacet
  facet normal 0.6654673357362089 -0.2395829830266464 -0.7069322593517752
    outer loop
      vertex 41.83994186497131 -16.565604870810525 4
      vertex 38.1208359214183 -15.093106660071813 0
      vertex 38.99331716810129 -12.669696769372843 0
    endloop
  endfacet
  facet normal 0.6654673357362094 -0.23958298302664546 -0.7069322593517748
    outer loop
      vertex 41.83994186497131 -16.565604870810525 4
      vertex 38.99331716810129 -12.669696769372843 0
      vertex 42.79754323328191 -13.905764746872633 4
    endloop
  endfacet
  facet normal -0.8910065241883671 0.45399049973954825 0
    outer loop
      vertex 35.9285738817984 -19.75190063817033 39
      vertex 37.097909151106805 -17.45695095416797 0
      vertex 35.9285738817984 -19.75190063817033 0
    endloop
  endfacet
  facet normal -0.9177546256839816 0.3971478906347798 0
    outer loop
      vertex 37.097909151106805 -17.45695095416797 39
      vertex 38.1208359214183 -15.093106660071813 0
      vertex 37.097909151106805 -17.45695095416797 0
    endloop
  endfacet
  facet normal -0.9408807689542256 0.33873792024529104 0
    outer loop
      vertex 38.1208359214183 -15.093106660071813 39
      vertex 38.99331716810129 -12.669696769372843 0
      vertex 38.1208359214183 -15.093106660071813 0
    endloop
  endfacet
  facet normal -0.7501110696304594 0.6613118653236522 0
    outer loop
      vertex 29.887713724277877 -28.06643134307623 39
      vertex 31.59104295380735 -26.134383579696287 39
      vertex 31.59104295380735 -26.134383579696287 0
    endloop
  endfacet
  facet normal -0.7901550123756894 0.6129070536529777 0
    outer loop
      vertex 31.59104295380735 -26.134383579696287 39
      vertex 33.16969676937285 -24.099195343991397 39
      vertex 33.16969676937285 -24.099195343991397 0
    endloop
  endfacet
  facet normal -0.8270805742745628 0.5620833778521293 0
    outer loop
      vertex 33.16969676937285 -24.099195343991397 39
      vertex 34.617444945582626 -21.968898594138846 39
      vertex 34.617444945582626 -21.968898594138846 0
    endloop
  endfacet
  facet normal 0.8270805742745619 -0.5620833778521305 0
    outer loop
      vertex 36.405764746872634 -26.45033635316129 4
      vertex 37.99475664759069 -24.11220577405483 4
      vertex 36.405764746872634 -26.45033635316129 40
    endloop
  endfacet
  facet normal 0.8607420270039442 -0.5090414157503704 0
    outer loop
      vertex 37.99475664759069 -24.11220577405483 4
      vertex 39.43380060197386 -21.67891533457719 4
      vertex 37.99475664759069 -24.11220577405483 40
    endloop
  endfacet
  facet normal 0.8910065241883683 -0.45399049973954597 0
    outer loop
      vertex 39.43380060197386 -21.67891533457719 4
      vertex 40.71721736097088 -19.16006812042826 4
      vertex 39.43380060197386 -21.67891533457719 40
    endloop
  endfacet
  facet normal 0.7901550123756901 -0.6129070536529768 0
    outer loop
      vertex 34.673095924910506 -28.684079538691048 40
      vertex 36.405764746872634 -26.45033635316129 4
      vertex 36.405764746872634 -26.45033635316129 40
    endloop
  endfacet
  facet normal 0.8270805742745619 -0.5620833778521305 0
    outer loop
      vertex 37.99475664759069 -24.11220577405483 4
      vertex 37.99475664759069 -24.11220577405483 40
      vertex 36.405764746872634 -26.45033635316129 40
    endloop
  endfacet
  facet normal 0.8607420270039442 -0.5090414157503704 0
    outer loop
      vertex 39.43380060197386 -21.67891533457719 4
      vertex 39.43380060197386 -21.67891533457719 40
      vertex 37.99475664759069 -24.11220577405483 40
    endloop
  endfacet
  facet normal 0.9177546256839803 -0.3971478906347828 0
    outer loop
      vertex 40.71721736097088 -19.16006812042826 4
      vertex 41.83994186497131 -16.565604870810525 4
      vertex 40.71721736097088 -19.16006812042826 40
    endloop
  endfacet
  facet normal -0.8607420270039444 0.5090414157503701 0
    outer loop
      vertex 34.617444945582626 -21.968898594138846 39
      vertex 35.9285738817984 -19.75190063817033 39
      vertex 35.9285738817984 -19.75190063817033 0
    endloop
  endfacet
  facet normal -0.8910065241883671 0.45399049973954825 0
    outer loop
      vertex 35.9285738817984 -19.75190063817033 39
      vertex 37.097909151106805 -17.45695095416797 39
      vertex 37.097909151106805 -17.45695095416797 0
    endloop
  endfacet
  facet normal -0.9177546256839816 0.3971478906347798 0
    outer loop
      vertex 37.097909151106805 -17.45695095416797 39
      vertex 38.1208359214183 -15.093106660071813 39
      vertex 38.1208359214183 -15.093106660071813 0
    endloop
  endfacet
  facet normal 0.8910065241883683 -0.45399049973954597 0
    outer loop
      vertex 40.71721736097088 -19.16006812042826 4
      vertex 40.71721736097088 -19.16006812042826 40
      vertex 39.43380060197386 -21.67891533457719 40
    endloop
  endfacet
  facet normal 0.6791977279353126 -0.1973251809965064 -0.7069322593517748
    outer loop
      vertex 42.79754323328191 -13.905764746872633 4
      vertex 38.99331716810129 -12.669696769372843 0
      vertex 39.71190960627388 -10.196285373759032 0
    endloop
  endfacet
  facet normal 0.6902476369981818 -0.15428862662627227 -0.7069322593517748
    outer loop
      vertex 43.5862422507884 -11.191044922418449 4
      vertex 39.71190960627388 -10.196285373759032 0
      vertex 40.273777279876235 -7.682633898014718 0
    endloop
  endfacet
  facet normal -0.9602936856769428 0.2789911060392301 0
    outer loop
      vertex 38.99331716810129 -12.669696769372843 39
      vertex 39.71190960627388 -10.196285373759032 0
      vertex 38.99331716810129 -12.669696769372843 0
    endloop
  endfacet
  facet normal -0.9759167619387472 0.21814324139654337 0
    outer loop
      vertex 39.71190960627388 -10.196285373759032 39
      vertex 40.273777279876235 -7.682633898014718 0
      vertex 39.71190960627388 -10.196285373759032 0
    endloop
  endfacet
  facet normal -0.9876883405951377 0.15643446504023117 0
    outer loop
      vertex 40.273777279876235 -7.682633898014718 39
      vertex 40.67670275389359 -5.138662576136467 0
      vertex 40.273777279876235 -7.682633898014718 0
    endloop
  endfacet
  facet normal -0.99556196460308 0.09410831331851498 0
    outer loop
      vertex 40.67670275389359 -5.138662576136467 39
      vertex 40.919095865559136 -2.5744113007018643 0
      vertex 40.67670275389359 -5.138662576136467 0
    endloop
  endfacet
  facet normal -0.9995065603657316 0.03141075907812737 0
    outer loop
      vertex 40.919095865559136 -2.5744113007018643 39
      vertex 41 0 0
      vertex 40.919095865559136 -2.5744113007018643 0
    endloop
  endfacet
  facet normal -0.9408807689542256 0.33873792024529104 0
    outer loop
      vertex 38.1208359214183 -15.093106660071813 39
      vertex 38.99331716810129 -12.669696769372843 39
      vertex 38.99331716810129 -12.669696769372843 0
    endloop
  endfacet
  facet normal -0.9602936856769428 0.2789911060392301 0
    outer loop
      vertex 38.99331716810129 -12.669696769372843 39
      vertex 39.71190960627388 -10.196285373759032 39
      vertex 39.71190960627388 -10.196285373759032 0
    endloop
  endfacet
  facet normal -0.9759167619387472 0.21814324139654337 0
    outer loop
      vertex 39.71190960627388 -10.196285373759032 39
      vertex 40.273777279876235 -7.682633898014718 39
      vertex 40.273777279876235 -7.682633898014718 0
    endloop
  endfacet
  facet normal -0.9876883405951377 0.15643446504023117 0
    outer loop
      vertex 40.273777279876235 -7.682633898014718 39
      vertex 40.67670275389359 -5.138662576136467 39
      vertex 40.67670275389359 -5.138662576136467 0
    endloop
  endfacet
  facet normal -0.99556196460308 0.09410831331851498 0
    outer loop
      vertex 40.67670275389359 -5.138662576136467 39
      vertex 40.919095865559136 -2.5744113007018643 39
      vertex 40.919095865559136 -2.5744113007018643 0
    endloop
  endfacet
  facet normal -0.9995065603657316 0.03141075907812737 0
    outer loop
      vertex 40.919095865559136 -2.5744113007018643 39
      vertex 41 0 39
      vertex 41 0 0
    endloop
  endfacet
  facet normal 0.9408807689542261 -0.33873792024528965 0
    outer loop
      vertex 41.83994186497131 -16.565604870810525 4
      vertex 42.79754323328191 -13.905764746872633 4
      vertex 41.83994186497131 -16.565604870810525 40
    endloop
  endfacet
  facet normal 0.9177546256839803 -0.3971478906347828 0
    outer loop
      vertex 41.83994186497131 -16.565604870810525 4
      vertex 41.83994186497131 -16.565604870810525 40
      vertex 40.71721736097088 -19.16006812042826 40
    endloop
  endfacet
  facet normal 0.9408807689542261 -0.33873792024528965 0
    outer loop
      vertex 42.79754323328191 -13.905764746872633 4
      vertex 42.79754323328191 -13.905764746872633 40
      vertex 41.83994186497131 -16.565604870810525 40
    endloop
  endfacet
  facet normal 0.6791977279353129 -0.1973251809965061 -0.7069322593517747
    outer loop
      vertex 42.79754323328191 -13.905764746872633 4
      vertex 39.71190960627388 -10.196285373759032 0
      vertex 43.5862422507884 -11.191044922418449 4
    endloop
  endfacet
  facet normal 0.6902476369981817 -0.15428862662627257 -0.7069322593517748
    outer loop
      vertex 43.5862422507884 -11.191044922418449 4
      vertex 40.273777279876235 -7.682633898014718 0
      vertex 44.20292628279099 -8.432159156357617 4
    endloop
  endfacet
  facet normal 0.6985734539819684 -0.1106431655345125 -0.7069322593517748
    outer loop
      vertex 44.20292628279099 -8.432159156357617 4
      vertex 40.273777279876235 -7.682633898014718 0
      vertex 40.67670275389359 -5.138662576136467 0
    endloop
  endfacet
  facet normal 0.7041423206907417 -0.06656104641644277 -0.7069322593517747
    outer loop
      vertex 44.645161559151504 -5.639995510393683 4
      vertex 40.67670275389359 -5.138662576136467 0
      vertex 40.919095865559136 -2.5744113007018643 0
    endloop
  endfacet
  facet normal 0.6985734539819687 -0.11064316553451203 -0.7069322593517747
    outer loop
      vertex 44.20292628279099 -8.432159156357617 4
      vertex 40.67670275389359 -5.138662576136467 0
      vertex 44.645161559151504 -5.639995510393683 4
    endloop
  endfacet
  facet normal 0.7041423206907415 -0.06656104641644328 -0.706932259351775
    outer loop
      vertex 44.645161559151504 -5.639995510393683 4
      vertex 40.919095865559136 -2.5744113007018643 0
      vertex 44.91120277927222 -2.8255733788191195 4
    endloop
  endfacet
  facet normal 0.7069322593517747 -0.022216241257015535 -0.7069322593517748
    outer loop
      vertex 44.91120277927222 -2.8255733788191195 4
      vertex 40.919095865559136 -2.5744113007018643 0
      vertex 41 0 0
    endloop
  endfacet
  facet normal 0.7069322593517748 -0.02221624125701536 -0.7069322593517748
    outer loop
      vertex 44.91120277927222 -2.8255733788191195 4
      vertex 41 0 0
      vertex 45 0 4
    endloop
  endfacet
  facet normal 0.9602936856769431 -0.2789911060392296 0
    outer loop
      vertex 42.79754323328191 -13.905764746872633 4
      vertex 43.5862422507884 -11.191044922418449 4
      vertex 42.79754323328191 -13.905764746872633 40
    endloop
  endfacet
  facet normal 0.9759167619387471 -0.2181432413965438 0
    outer loop
      vertex 43.5862422507884 -11.191044922418449 4
      vertex 44.20292628279099 -8.432159156357617 4
      vertex 43.5862422507884 -11.191044922418449 40
    endloop
  endfacet
  facet normal 0.9876883405951378 -0.15643446504023045 0
    outer loop
      vertex 44.20292628279099 -8.432159156357617 4
      vertex 44.645161559151504 -5.639995510393683 4
      vertex 44.20292628279099 -8.432159156357617 40
    endloop
  endfacet
  facet normal 0.9602936856769431 -0.2789911060392296 0
    outer loop
      vertex 43.5862422507884 -11.191044922418449 4
      vertex 43.5862422507884 -11.191044922418449 40
      vertex 42.79754323328191 -13.905764746872633 40
    endloop
  endfacet
  facet normal 0.9759167619387471 -0.2181432413965438 0
    outer loop
      vertex 44.20292628279099 -8.432159156357617 4
      vertex 44.20292628279099 -8.432159156357617 40
      vertex 43.5862422507884 -11.191044922418449 40
    endloop
  endfacet
  facet normal 0.9955619646030799 -0.09410831331851571 0
    outer loop
      vertex 44.645161559151504 -5.639995510393683 4
      vertex 44.91120277927222 -2.8255733788191195 4
      vertex 44.645161559151504 -5.639995510393683 40
    endloop
  endfacet
  facet normal 0.9995065603657316 -0.031410759078127126 0
    outer loop
      vertex 44.91120277927222 -2.8255733788191195 4
      vertex 45 0 4
      vertex 44.91120277927222 -2.8255733788191195 40
    endloop
  endfacet
  facet normal 0.9876883405951378 -0.15643446504023045 0
    outer loop
      vertex 44.645161559151504 -5.639995510393683 4
      vertex 44.645161559151504 -5.639995510393683 40
      vertex 44.20292628279099 -8.432159156357617 40
    endloop
  endfacet
  facet normal 0.9955619646030799 -0.09410831331851571 0
    outer loop
      vertex 44.91120277927222 -2.8255733788191195 4
      vertex 44.91120277927222 -2.8255733788191195 40
      vertex 44.645161559151504 -5.639995510393683 40
    endloop
  endfacet
  facet normal 0.9995065603657316 -0.031410759078127126 0
    outer loop
      vertex 44.91120277927222 -2.8255733788191195 40
      vertex 45 0 4
      vertex 45 0 40
    endloop
  endfacet
  facet normal -0.7686880506268013 0.5962555712598794 0.23151236374138415
    outer loop
      vertex 31.59104295380735 -26.134383579696287 39
      vertex 40.87462052532473 -29.697150127729238 79
      vertex 33.16969676937285 -24.099195343991397 39
    endloop
  endfacet
  facet normal -0.8046104174406293 0.546812675036793 0.23151236374138398
    outer loop
      vertex 33.16969676937285 -24.099195343991397 39
      vertex 42.65866328369705 -27.072010927272142 79
      vertex 34.617444945582626 -21.968898594138846 39
    endloop
  endfacet
  facet normal -0.8373573545283508 0.4952117590002875 0.23151236374138406
    outer loop
      vertex 34.617444945582626 -21.968898594138846 39
      vertex 44.27435178697805 -24.340030867710475 79
      vertex 35.9285738817984 -19.75190063817033 39
    endloop
  endfacet
  facet normal 0.8024093013606783 -0.5453167980935494 -0.24242298324801442
    outer loop
      vertex 36.405764746872634 -26.45033635316129 40
      vertex 37.99475664759069 -24.11220577405483 40
      vertex 46.43803590261084 -29.47047372384479 80
    endloop
  endfacet
  facet normal -0.8667996246899342 0.44165646839174266 0.23151236374138412
    outer loop
      vertex 35.9285738817984 -19.75190063817033 39
      vertex 45.71530965078318 -21.511991826216278 79
      vertex 37.097909151106805 -17.45695095416797 39
    endloop
  endfacet
  facet normal -0.8928210327359488 0.38635816147609814 0.23151236374138415
    outer loop
      vertex 37.097909151106805 -17.45695095416797 39
      vertex 46.97585007273498 -18.599054780878276 79
      vertex 38.1208359214183 -15.093106660071813 39
    endloop
  endfacet
  facet normal 0.8350666549577689 -0.49385704305069433 -0.2424229832480145
    outer loop
      vertex 37.99475664759069 -24.11220577405483 40
      vertex 39.43380060197386 -21.67891533457719 40
      vertex 48.196867402412494 -26.496452075594345 80
    endloop
  endfacet
  facet normal 0.864428381973406 -0.4404482598807405 -0.24242298324801453
    outer loop
      vertex 39.43380060197386 -21.67891533457719 40
      vertex 40.71721736097088 -19.16006812042826 40
      vertex 49.765487885631075 -23.417861036078985 80
    endloop
  endfacet
  facet normal -0.9153188840568841 0.3295350754073643 0.23151236374138406
    outer loop
      vertex 38.1208359214183 -15.093106660071813 39
      vertex 48.05099827567418 -15.612715763419962 79
      vertex 38.99331716810129 -12.669696769372843 39
    endloop
  endfacet
  facet normal 0.890378605085155 -0.3853012286507095 -0.24242298324801442
    outer loop
      vertex 40.71721736097088 -19.16006812042826 40
      vertex 41.83994186497131 -16.565604870810525 40
      vertex 51.13770672385382 -20.24685039765731 80
    endloop
  endfacet
  facet normal 0.9128149106179274 -0.32863358949857496 -0.2424229832480145
    outer loop
      vertex 41.83994186497131 -16.565604870810525 40
      vertex 42.79754323328191 -13.905764746872633 40
      vertex 52.30810839623344 -16.995934690622107 80
    endloop
  endfacet
  facet normal -0.9342043899118682 0.2714114649462536 0.231512363741384
    outer loop
      vertex 38.99331716810129 -12.669696769372843 39
      vertex 48.936511140832266 -12.564760489614788 79
      vertex 39.71190960627388 -10.196285373759032 39
    endloop
  endfacet
  facet normal -0.9494030178372583 0.21221671742910253 0.23151236374138415
    outer loop
      vertex 39.71190960627388 -10.196285373759032 39
      vertex 49.628893953482795 -9.467217846450193 79
      vertex 40.273777279876235 -7.682633898014718 39
    endloop
  endfacet
  facet normal 0.9316487527239534 -0.2706689837071011 -0.24242298324801448
    outer loop
      vertex 42.79754323328191 -13.905764746872633 40
      vertex 43.5862422507884 -11.191044922418449 40
      vertex 53.27207386207471 -13.677943794066994 80
    endloop
  endfacet
  facet normal 0.9468058028328069 -0.2116361710938302 -0.24242298324801437
    outer loop
      vertex 43.5862422507884 -11.191044922418449 40
      vertex 44.20292628279099 -8.432159156357617 40
      vertex 54.02579879007787 -10.305972302214865 80
    endloop
  endfacet
  facet normal 0.9582262429923059 -0.15176812720061908 -0.24242298324801456
    outer loop
      vertex 44.20292628279099 -8.432159156357617 40
      vertex 44.645161559151504 -5.639995510393683 40
      vertex 54.566308572296286 -6.8933278460367235 80
    endloop
  endfacet
  facet normal -0.9608547857922258 0.15218444748085422 0.23151236374138398
    outer loop
      vertex 40.273777279876235 -7.682633898014718 39
      vertex 50.125414194983854 -6.332312419606029 79
      vertex 40.67670275389359 -5.138662576136467 39
    endloop
  endfacet
  facet normal -0.9685144988804671 0.09155157504486039 0.23151236374138398
    outer loop
      vertex 40.67670275389359 -5.138662576136467 39
      vertex 50.424112326780765 -3.1724162486000904 79
      vertex 40.919095865559136 -2.5744113007018643 39
    endloop
  endfacet
  facet normal -0.9723519277138132 0.03055739036809874 0.23151236374138415
    outer loop
      vertex 40.919095865559136 -2.5744113007018643 39
      vertex 50.523809523809526 0 79
      vertex 41 0 39
    endloop
  endfacet
  facet normal 0.9658650019426427 -0.09130112384561241 -0.24242298324801437
    outer loop
      vertex 44.645161559151504 -5.639995510393683 40
      vertex 44.91120277927222 -2.8255733788191195 40
      vertex 54.891470063554934 -3.453478574112257 80
    endloop
  endfacet
  facet normal 0.969691932992058 -0.03047379666629872 -0.24242298324801453
    outer loop
      vertex 44.91120277927222 -2.8255733788191195 40
      vertex 45 0 40
      vertex 55 0 80
    endloop
  endfacet
  facet normal 0.03047379666630027 -0.969691932992058 -0.2424229832480144
    outer loop
      vertex 2.8255733788191195 -44.91120277927222 40
      vertex 3.453478574112257 -54.891470063554934 80
      vertex 0 -55 80
    endloop
  endfacet
  facet normal 0.09130112384560976 -0.9658650019426428 -0.2424229832480146
    outer loop
      vertex 5.639995510393683 -44.645161559151504 40
      vertex 6.8933278460367235 -54.566308572296286 80
      vertex 3.453478574112257 -54.891470063554934 80
    endloop
  endfacet
  facet normal -0.03055739036810083 0.9723519277138132 0.23151236374138412
    outer loop
      vertex 0 -41 39
      vertex 0 -50.523809523809526 79
      vertex 3.1724162486000904 -50.424112326780765 79
    endloop
  endfacet
  facet normal -0.09155157504486033 0.968514498880467 0.23151236374138398
    outer loop
      vertex 2.5744113007018643 -40.919095865559136 39
      vertex 3.1724162486000904 -50.424112326780765 79
      vertex 6.332312419606029 -50.125414194983854 79
    endloop
  endfacet
  facet normal 0.1517681272006217 -0.9582262429923055 -0.2424229832480144
    outer loop
      vertex 8.432159156357617 -44.20292628279099 40
      vertex 10.305972302214865 -54.02579879007787 80
      vertex 6.8933278460367235 -54.566308572296286 80
    endloop
  endfacet
  facet normal 0.21163617109382887 -0.9468058028328071 -0.24242298324801448
    outer loop
      vertex 11.191044922418449 -43.5862422507884 40
      vertex 13.677943794066994 -53.27207386207471 80
      vertex 10.305972302214865 -54.02579879007787 80
    endloop
  endfacet
  facet normal -0.1521844474808546 0.9608547857922259 0.23151236374138398
    outer loop
      vertex 5.138662576136467 -40.67670275389359 39
      vertex 6.332312419606029 -50.125414194983854 79
      vertex 9.467217846450191 -49.62889395348279 79
    endloop
  endfacet
  facet normal -0.2122167174291018 0.9494030178372586 0.231512363741384
    outer loop
      vertex 10.196285373759032 -39.71190960627388 39
      vertex 9.467217846450191 -49.62889395348279 79
      vertex 12.564760489614788 -48.936511140832266 79
    endloop
  endfacet
  facet normal -0.27141146494625257 0.9342043899118684 0.23151236374138406
    outer loop
      vertex 12.669696769372843 -38.99331716810129 39
      vertex 12.564760489614788 -48.936511140832266 79
      vertex 15.612715763419962 -48.05099827567418 79
    endloop
  endfacet
  facet normal 0 0 1
    outer loop
      vertex 0 -51 79
      vertex 3.1724162486000904 -50.424112326780765 79
      vertex 0 -50.523809523809526 79
    endloop
  endfacet
  facet normal 0 0 1
    outer loop
      vertex 0 -51 79
      vertex 3.2023164959950017 -50.89936314984185 79
      vertex 3.1724162486000904 -50.424112326780765 79
    endloop
  endfacet
  facet normal 0 0 1
    outer loop
      vertex 3.1724162486000904 -50.424112326780765 79
      vertex 3.2023164959950017 -50.89936314984185 79
      vertex 6.332312419606029 -50.125414194983854 79
    endloop
  endfacet
  facet normal 0 0 1
    outer loop
      vertex 3.2023164959950017 -50.89936314984185 79
      vertex 6.391994911779507 -50.59784976703837 79
      vertex 6.332312419606029 -50.125414194983854 79
    endloop
  endfacet
  facet normal 0 0 1
    outer loop
      vertex 6.332312419606029 -50.125414194983854 79
      vertex 6.391994911779507 -50.59784976703837 79
      vertex 9.467217846450191 -49.62889395348279 79
    endloop
  endfacet
  facet normal 0 0 1
    outer loop
      vertex 6.391994911779507 -50.59784976703837 79
      vertex 9.556447043871966 -50.096649787163116 79
      vertex 9.467217846450191 -49.62889395348279 79
    endloop
  endfacet
  facet normal 0 0 1
    outer loop
      vertex 9.556447043871966 -50.096649787163116 79
      vertex 12.564760489614788 -48.936511140832266 79
      vertex 9.467217846450191 -49.62889395348279 79
    endloop
  endfacet
  facet normal 0 0 1
    outer loop
      vertex 9.556447043871966 -50.096649787163116 79
      vertex 12.683184245407576 -49.39774121756019 79
      vertex 12.564760489614788 -48.936511140832266 79
    endloop
  endfacet
  facet normal 0 0 1
    outer loop
      vertex 12.683184245407576 -49.39774121756019 79
      vertex 15.612715763419962 -48.05099827567418 79
      vertex 12.564760489614788 -48.936511140832266 79
    endloop
  endfacet
  facet normal 0.27066898370710046 -0.9316487527239534 -0.24242298324801453
    outer loop
      vertex 13.905764746872633 -42.79754323328191 40
      vertex 16.995934690622107 -52.30810839623344 80
      vertex 13.677943794066994 -53.27207386207471 80
    endloop
  endfacet
  facet normal 0.328633589498576 -0.9128149106179271 -0.2424229832480144
    outer loop
      vertex 16.565604870810525 -41.83994186497131 40
      vertex 20.24685039765731 -51.13770672385382 80
      vertex 16.995934690622107 -52.30810839623344 80
    endloop
  endfacet
  facet normal -0.32953507540736315 0.9153188840568846 0.2315123637413841
    outer loop
      vertex 15.093106660071813 -38.1208359214183 39
      vertex 15.612715763419962 -48.05099827567418 79
      vertex 18.599054780878276 -46.97585007273498 79
    endloop
  endfacet
  facet normal -0.38635816147609897 0.8928210327359486 0.23151236374138415
    outer loop
      vertex 17.45695095416797 -37.097909151106805 39
      vertex 18.599054780878276 -46.97585007273498 79
      vertex 21.511991826216278 -45.71530965078318 79
    endloop
  endfacet
  facet normal 0.3853012286507085 -0.8903786050851554 -0.24242298324801453
    outer loop
      vertex 19.16006812042826 -40.71721736097088 40
      vertex 23.417861036078985 -49.765487885631075 80
      vertex 20.24685039765731 -51.13770672385382 80
    endloop
  endfacet
  facet normal 0.4404482598807405 -0.864428381973406 -0.24242298324801453
    outer loop
      vertex 21.67891533457719 -39.43380060197386 40
      vertex 26.496452075594345 -48.196867402412494 80
      vertex 23.417861036078985 -49.765487885631075 80
    endloop
  endfacet
  facet normal -0.44165646839174305 0.8667996246899341 0.2315123637413841
    outer loop
      vertex 19.75190063817033 -35.9285738817984 39
      vertex 21.511991826216278 -45.71530965078318 79
      vertex 24.340030867710475 -44.27435178697805 79
    endloop
  endfacet
  facet normal 0.4938570430506952 -0.8350666549577684 -0.24242298324801442
    outer loop
      vertex 24.11220577405483 -37.99475664759069 40
      vertex 29.47047372384479 -46.43803590261084 80
      vertex 26.496452075594345 -48.196867402412494 80
    endloop
  endfacet
  facet normal 0 0 1
    outer loop
      vertex 12.683184245407576 -49.39774121756019 79
      vertex 15.759866713122317 -48.50388233105283 79
      vertex 15.612715763419962 -48.05099827567418 79
    endloop
  endfacet
  facet normal 0 0 1
    outer loop
      vertex 15.759866713122317 -48.50388233105283 79
      vertex 18.599054780878276 -46.97585007273498 79
      vertex 15.612715763419962 -48.05099827567418 79
    endloop
  endfacet
  facet normal 0 0 1
    outer loop
      vertex 15.759866713122317 -48.50388233105283 79
      vertex 18.7743521869186 -47.418600780300814 79
      vertex 18.599054780878276 -46.97585007273498 79
    endloop
  endfacet
  facet normal 0 0 1
    outer loop
      vertex 18.7743521869186 -47.418600780300814 79
      vertex 21.511991826216278 -45.71530965078318 79
      vertex 18.599054780878276 -46.97585007273498 79
    endloop
  endfacet
  facet normal 0 0 1
    outer loop
      vertex 18.7743521869186 -47.418600780300814 79
      vertex 21.714743869818694 -46.146179675767 79
      vertex 21.511991826216278 -45.71530965078318 79
    endloop
  endfacet
  facet normal 0 0 1
    outer loop
      vertex 21.511991826216278 -45.71530965078318 79
      vertex 21.714743869818694 -46.146179675767 79
      vertex 24.340030867710475 -44.27435178697805 79
    endloop
  endfacet
  facet normal 0 0 1
    outer loop
      vertex 21.714743869818694 -46.146179675767 79
      vertex 24.569437379187484 -44.691640682237036 79
      vertex 24.340030867710475 -44.27435178697805 79
    endloop
  endfacet
  facet normal 0 0 1
    outer loop
      vertex 24.569437379187484 -44.691640682237036 79
      vertex 27.072010927272142 -42.65866328369706 79
      vertex 24.340030867710475 -44.27435178697805 79
    endloop
  endfacet
  facet normal 0 0 1
    outer loop
      vertex 24.569437379187484 -44.691640682237036 79
      vertex 27.327166543928808 -43.06072420060278 79
      vertex 27.072010927272142 -42.65866328369706 79
    endloop
  endfacet
  facet normal -0.49521175900028713 0.8373573545283509 0.23151236374138406
    outer loop
      vertex 21.968898594138846 -34.617444945582626 39
      vertex 24.340030867710475 -44.27435178697805 79
      vertex 27.072010927272142 -42.65866328369706 79
    endloop
  endfacet
  facet normal -0.5468126750367929 0.8046104174406292 0.2315123637413841
    outer loop
      vertex 24.099195343991397 -33.16969676937285 39
      vertex 27.072010927272142 -42.65866328369706 79
      vertex 29.697150127729238 -40.87462052532473 79
    endloop
  endfacet
  facet normal 0.03141075907812873 -0.9995065603657316 0
    outer loop
      vertex 0 -55 80
      vertex 3.453478574112257 -54.891470063554934 80
      vertex 3.453478574112257 -54.891470063554934 116
    endloop
  endfacet
  facet normal -0.03141075907812905 0.9995065603657315 0
    outer loop
      vertex 0 -51 79
      vertex 0 -51 120
      vertex 3.2023164959950017 -50.89936314984185 79
    endloop
  endfacet
  facet normal 0.09410831331851298 -0.9955619646030801 0
    outer loop
      vertex 3.453478574112257 -54.891470063554934 80
      vertex 6.8933278460367235 -54.566308572296286 80
      vertex 6.8933278460367235 -54.566308572296286 116
    endloop
  endfacet
  facet normal -0.09410831331851437 0.9955619646030801 0
    outer loop
      vertex 3.2023164959950017 -50.89936314984185 79
      vertex 3.2023164959950017 -50.89936314984185 120
      vertex 6.391994911779507 -50.59784976703837 79
    endloop
  endfacet
  facet normal 0.03141075907812873 -0.9995065603657316 0
    outer loop
      vertex 0 -55 80
      vertex 3.453478574112257 -54.891470063554934 116
      vertex 0 -55 116
    endloop
  endfacet
  facet normal 0.09410831331851298 -0.9955619646030801 0
    outer loop
      vertex 3.453478574112257 -54.891470063554934 80
      vertex 6.8933278460367235 -54.566308572296286 116
      vertex 3.453478574112257 -54.891470063554934 116
    endloop
  endfacet
  facet normal 0.15643446504023317 -0.9876883405951374 0
    outer loop
      vertex 6.8933278460367235 -54.566308572296286 80
      vertex 10.305972302214865 -54.02579879007787 80
      vertex 10.305972302214865 -54.02579879007787 116
    endloop
  endfacet
  facet normal -0.1564344650402318 0.9876883405951377 0
    outer loop
      vertex 6.391994911779507 -50.59784976703837 79
      vertex 6.391994911779507 -50.59784976703837 120
      vertex 9.556447043871966 -50.096649787163116 79
    endloop
  endfacet
  facet normal 0.21814324139654243 -0.9759167619387474 0
    outer loop
      vertex 10.305972302214865 -54.02579879007787 80
      vertex 13.677943794066994 -53.27207386207471 80
      vertex 13.677943794066994 -53.27207386207471 116
    endloop
  endfacet
  facet normal -0.2181432413965421 0.9759167619387475 0
    outer loop
      vertex 9.556447043871966 -50.096649787163116 79
      vertex 9.556447043871966 -50.096649787163116 120
      vertex 12.683184245407576 -49.39774121756019 79
    endloop
  endfacet
  facet normal -0.2789911060392292 0.9602936856769431 0
    outer loop
      vertex 12.683184245407576 -49.39774121756019 79
      vertex 12.683184245407576 -49.39774121756019 120
      vertex 15.759866713122317 -48.50388233105283 79
    endloop
  endfacet
  facet normal 0.15643446504023317 -0.9876883405951374 0
    outer loop
      vertex 6.8933278460367235 -54.566308572296286 80
      vertex 10.305972302214865 -54.02579879007787 116
      vertex 6.8933278460367235 -54.566308572296286 116
    endloop
  endfacet
  facet normal 0.21814324139654243 -0.9759167619387474 0
    outer loop
      vertex 10.305972302214865 -54.02579879007787 80
      vertex 13.677943794066994 -53.27207386207471 116
      vertex 10.305972302214865 -54.02579879007787 116
    endloop
  endfacet
  facet normal -0.03141075907812905 0.9995065603657315 0
    outer loop
      vertex 3.2023164959950017 -50.89936314984185 79
      vertex 0 -51 120
      vertex 3.2023164959950017 -50.89936314984185 120
    endloop
  endfacet
  facet normal -0.09410831331851437 0.9955619646030801 0
    outer loop
      vertex 6.391994911779507 -50.59784976703837 79
      vertex 3.2023164959950017 -50.89936314984185 120
      vertex 6.391994911779507 -50.59784976703837 120
    endloop
  endfacet
  facet normal 0.022216241257016496 -0.7069322593517748 0.7069322593517748
    outer loop
      vertex 0 -55 116
      vertex 3.453478574112257 -54.891470063554934 116
      vertex 0 -51 120
    endloop
  endfacet
  facet normal 0.02221624125701672 -0.7069322593517748 0.706932259351775
    outer loop
      vertex 3.453478574112257 -54.891470063554934 116
      vertex 3.2023164959950017 -50.89936314984185 120
      vertex 0 -51 120
    endloop
  endfacet
  facet normal 0.06656104641644232 -0.7041423206907415 0.706932259351775
    outer loop
      vertex 3.453478574112257 -54.891470063554934 116
      vertex 6.391994911779507 -50.59784976703837 120
      vertex 3.2023164959950017 -50.89936314984185 120
    endloop
  endfacet
  facet normal 0.06656104641644131 -0.7041423206907412 0.7069322593517753
    outer loop
      vertex 3.453478574112257 -54.891470063554934 116
      vertex 6.8933278460367235 -54.566308572296286 116
      vertex 6.391994911779507 -50.59784976703837 120
    endloop
  endfacet
  facet normal -0.1564344650402318 0.9876883405951377 0
    outer loop
      vertex 9.556447043871966 -50.096649787163116 79
      vertex 6.391994911779507 -50.59784976703837 120
      vertex 9.556447043871966 -50.096649787163116 120
    endloop
  endfacet
  facet normal -0.2181432413965421 0.9759167619387475 0
    outer loop
      vertex 12.683184245407576 -49.39774121756019 79
      vertex 9.556447043871966 -50.096649787163116 120
      vertex 12.683184245407576 -49.39774121756019 120
    endloop
  endfacet
  facet normal 0.11064316553451285 -0.6985734539819679 0.7069322593517753
    outer loop
      vertex 6.8933278460367235 -54.566308572296286 116
      vertex 9.556447043871966 -50.096649787163116 120
      vertex 6.391994911779507 -50.59784976703837 120
    endloop
  endfacet
  facet normal 0.11064316553451391 -0.6985734539819682 0.706932259351775
    outer loop
      vertex 6.8933278460367235 -54.566308572296286 116
      vertex 10.305972302214865 -54.02579879007787 116
      vertex 9.556447043871966 -50.096649787163116 120
    endloop
  endfacet
  facet normal 0.1542886266262716 -0.6902476369981819 0.7069322593517747
    outer loop
      vertex 10.305972302214865 -54.02579879007787 116
      vertex 13.677943794066994 -53.27207386207471 116
      vertex 12.683184245407576 -49.39774121756019 120
    endloop
  endfacet
  facet normal 0.15428862662627135 -0.6902476369981819 0.7069322593517748
    outer loop
      vertex 10.305972302214865 -54.02579879007787 116
      vertex 12.683184245407576 -49.39774121756019 120
      vertex 9.556447043871966 -50.096649787163116 120
    endloop
  endfacet
  facet normal 0.27899110603922905 -0.9602936856769432 0
    outer loop
      vertex 13.677943794066994 -53.27207386207471 80
      vertex 16.995934690622107 -52.30810839623344 80
      vertex 16.995934690622107 -52.30810839623344 116
    endloop
  endfacet
  facet normal -0.33873792024529026 0.940880768954226 0
    outer loop
      vertex 15.759866713122317 -48.50388233105283 79
      vertex 15.759866713122317 -48.50388233105283 120
      vertex 18.7743521869186 -47.418600780300814 79
    endloop
  endfacet
  facet normal 0.3387379202452907 -0.9408807689542257 0
    outer loop
      vertex 16.995934690622107 -52.30810839623344 80
      vertex 20.24685039765731 -51.13770672385382 80
      vertex 20.24685039765731 -51.13770672385382 116
    endloop
  endfacet
  facet normal 0.27899110603922905 -0.9602936856769432 0
    outer loop
      vertex 13.677943794066994 -53.27207386207471 80
      vertex 16.995934690622107 -52.30810839623344 116
      vertex 13.677943794066994 -53.27207386207471 116
    endloop
  endfacet
  facet normal 0.3387379202452907 -0.9408807689542257 0
    outer loop
      vertex 16.995934690622107 -52.30810839623344 80
      vertex 20.24685039765731 -51.13770672385382 116
      vertex 16.995934690622107 -52.30810839623344 116
    endloop
  endfacet
  facet normal -0.39714789063478095 0.917754625683981 0
    outer loop
      vertex 18.7743521869186 -47.418600780300814 79
      vertex 18.7743521869186 -47.418600780300814 120
      vertex 21.714743869818694 -46.146179675767 79
    endloop
  endfacet
  facet normal 0.39714789063478173 -0.9177546256839807 0
    outer loop
      vertex 20.24685039765731 -51.13770672385382 80
      vertex 23.417861036078985 -49.765487885631075 80
      vertex 23.417861036078985 -49.765487885631075 116
    endloop
  endfacet
  facet normal 0.45399049973954597 -0.8910065241883682 0
    outer loop
      vertex 23.417861036078985 -49.765487885631075 80
      vertex 26.496452075594345 -48.196867402412494 80
      vertex 26.496452075594345 -48.196867402412494 116
    endloop
  endfacet
  facet normal 0.39714789063478173 -0.9177546256839807 0
    outer loop
      vertex 20.24685039765731 -51.13770672385382 80
      vertex 23.417861036078985 -49.765487885631075 116
      vertex 20.24685039765731 -51.13770672385382 116
    endloop
  endfacet
  facet normal 0.45399049973954597 -0.8910065241883682 0
    outer loop
      vertex 23.417861036078985 -49.765487885631075 80
      vertex 26.496452075594345 -48.196867402412494 116
      vertex 23.417861036078985 -49.765487885631075 116
    endloop
  endfacet
  facet normal -0.4539904997395478 0.8910065241883673 0
    outer loop
      vertex 21.714743869818694 -46.146179675767 79
      vertex 21.714743869818694 -46.146179675767 120
      vertex 24.569437379187484 -44.691640682237036 79
    endloop
  endfacet
  facet normal -0.5090414157503712 0.8607420270039439 0
    outer loop
      vertex 24.569437379187484 -44.691640682237036 79
      vertex 24.569437379187484 -44.691640682237036 120
      vertex 27.327166543928808 -43.06072420060278 79
    endloop
  endfacet
  facet normal 0.5090414157503713 -0.8607420270039435 0
    outer loop
      vertex 26.496452075594345 -48.196867402412494 80
      vertex 29.47047372384479 -46.43803590261084 116
      vertex 26.496452075594345 -48.196867402412494 116
    endloop
  endfacet
  facet normal -0.2789911060392292 0.9602936856769431 0
    outer loop
      vertex 15.759866713122317 -48.50388233105283 79
      vertex 12.683184245407576 -49.39774121756019 120
      vertex 15.759866713122317 -48.50388233105283 120
    endloop
  endfacet
  facet normal 0.1973251809965058 -0.679197727935313 0.7069322593517748
    outer loop
      vertex 13.677943794066994 -53.27207386207471 116
      vertex 15.759866713122317 -48.50388233105283 120
      vertex 12.683184245407576 -49.39774121756019 120
    endloop
  endfacet
  facet normal 0.19732518099650564 -0.6791977279353129 0.7069322593517748
    outer loop
      vertex 13.677943794066994 -53.27207386207471 116
      vertex 16.995934690622107 -52.30810839623344 116
      vertex 15.759866713122317 -48.50388233105283 120
    endloop
  endfacet
  facet normal 0.23958298302664588 -0.6654673357362093 0.706932259351775
    outer loop
      vertex 16.995934690622107 -52.30810839623344 116
      vertex 18.7743521869186 -47.418600780300814 120
      vertex 15.759866713122317 -48.50388233105283 120
    endloop
  endfacet
  facet normal 0.23958298302664632 -0.6654673357362094 0.7069322593517747
    outer loop
      vertex 16.995934690622107 -52.30810839623344 116
      vertex 20.24685039765731 -51.13770672385382 116
      vertex 18.7743521869186 -47.418600780300814 120
    endloop
  endfacet
  facet normal 0.2808952604778352 -0.6491106479860611 0.7069322593517747
    outer loop
      vertex 20.24685039765731 -51.13770672385382 116
      vertex 21.714743869818694 -46.146179675767 120
      vertex 18.7743521869186 -47.418600780300814 120
    endloop
  endfacet
  facet normal -0.33873792024529026 0.940880768954226 0
    outer loop
      vertex 18.7743521869186 -47.418600780300814 79
      vertex 15.759866713122317 -48.50388233105283 120
      vertex 18.7743521869186 -47.418600780300814 120
    endloop
  endfacet
  facet normal 0.2808952604778359 -0.6491106479860612 0.7069322593517745
    outer loop
      vertex 20.24685039765731 -51.13770672385382 116
      vertex 23.417861036078985 -49.765487885631075 116
      vertex 21.714743869818694 -46.146179675767 120
    endloop
  endfacet
  facet normal -0.39714789063478095 0.917754625683981 0
    outer loop
      vertex 21.714743869818694 -46.146179675767 79
      vertex 18.7743521869186 -47.418600780300814 120
      vertex 21.714743869818694 -46.146179675767 120
    endloop
  endfacet
  facet normal -0.4539904997395478 0.8910065241883673 0
    outer loop
      vertex 24.569437379187484 -44.691640682237036 79
      vertex 21.714743869818694 -46.146179675767 120
      vertex 24.569437379187484 -44.691640682237036 120
    endloop
  endfacet
  facet normal -0.5090414157503712 0.8607420270039439 0
    outer loop
      vertex 27.327166543928808 -43.06072420060278 79
      vertex 24.569437379187484 -44.691640682237036 120
      vertex 27.327166543928808 -43.06072420060278 120
    endloop
  endfacet
  facet normal 0.3210989726647557 -0.6301922170587589 0.7069322593517744
    outer loop
      vertex 23.417861036078985 -49.765487885631075 116
      vertex 24.569437379187484 -44.691640682237036 120
      vertex 21.714743869818694 -46.146179675767 120
    endloop
  endfacet
  facet normal 0.3210989726647541 -0.630192217058759 0.706932259351775
    outer loop
      vertex 23.417861036078985 -49.765487885631075 116
      vertex 26.496452075594345 -48.196867402412494 116
      vertex 24.569437379187484 -44.691640682237036 120
    endloop
  endfacet
  facet normal 0.3600354539027333 -0.6087867053581635 0.706932259351775
    outer loop
      vertex 26.496452075594345 -48.196867402412494 116
      vertex 27.327166543928808 -43.06072420060278 120
      vertex 24.569437379187484 -44.691640682237036 120
    endloop
  endfacet
  facet normal 0.5453167980935489 -0.8024093013606788 -0.2424229832480145
    outer loop
      vertex 26.45033635316129 -36.405764746872634 40
      vertex 32.328188876086024 -44.49593469062211 80
      vertex 29.47047372384479 -46.43803590261084 80
    endloop
  endfacet
  facet normal 0 0 1
    outer loop
      vertex 27.072010927272142 -42.65866328369706 79
      vertex 27.327166543928808 -43.06072420060278 79
      vertex 29.697150127729238 -40.87462052532473 79
    endloop
  endfacet
  facet normal 0 0 1
    outer loop
      vertex 27.327166543928808 -43.06072420060278 79
      vertex 29.97704786691613 -41.25986671312232 79
      vertex 29.697150127729238 -40.87462052532473 79
    endloop
  endfacet
  facet normal -0.5962555712598787 0.768688050626802 0.23151236374138418
    outer loop
      vertex 26.134383579696287 -31.59104295380735 39
      vertex 29.697150127729238 -40.87462052532473 79
      vertex 32.20508824396953 -38.92926431357677 79
    endloop
  endfacet
  facet normal 0.5946244368658767 -0.7665852048370565 -0.24242298324801442
    outer loop
      vertex 28.684079538691048 -34.673095924910506 40
      vertex 35.058319436177946 -42.378228352668394 80
      vertex 32.328188876086024 -44.49593469062211 80
    endloop
  endfacet
  facet normal -0.6433453191464593 0.7297320232573168 0.23151236374138412
    outer loop
      vertex 28.06643134307623 -29.887713724277877 39
      vertex 32.20508824396953 -38.92926431357677 79
      vertex 34.58592759001612 -36.83027208067227 79
    endloop
  endfacet
  facet normal -0.6878960769748865 0.6878960769748859 0.23151236374138415
    outer loop
      vertex 28.06643134307623 -29.887713724277877 39
      vertex 34.58592759001612 -36.83027208067227 79
      vertex 36.83027208067227 -34.58592759001612 79
    endloop
  endfacet
  facet normal 0.6415853646439573 -0.7277357467294109 -0.24242298324801456
    outer loop
      vertex 30.80461976679098 -32.803588233963524 40
      vertex 37.650090826077864 -40.09327450817764 80
      vertex 35.058319436177946 -42.378228352668394 80
    endloop
  endfacet
  facet normal 0.6860142481002608 -0.6860142481002611 -0.24242298324801437
    outer loop
      vertex 30.80461976679098 -32.803588233963524 40
      vertex 40.09327450817764 -37.650090826077864 80
      vertex 37.650090826077864 -40.09327450817764 80
    endloop
  endfacet
  facet normal 0.7277357467294109 -0.6415853646439573 -0.24242298324801456
    outer loop
      vertex 32.803588233963524 -30.80461976679098 40
      vertex 42.378228352668394 -35.058319436177946 80
      vertex 40.09327450817764 -37.650090826077864 80
    endloop
  endfacet
  facet normal -0.7297320232573178 0.6433453191464584 0.23151236374138415
    outer loop
      vertex 29.887713724277877 -28.06643134307623 39
      vertex 36.83027208067227 -34.58592759001612 79
      vertex 38.92926431357677 -32.20508824396952 79
    endloop
  endfacet
  facet normal -0.7686880506268011 0.5962555712598797 0.23151236374138404
    outer loop
      vertex 31.59104295380735 -26.134383579696287 39
      vertex 38.92926431357677 -32.20508824396952 79
      vertex 40.87462052532473 -29.697150127729238 79
    endloop
  endfacet
  facet normal 0.7665852048370565 -0.5946244368658767 -0.24242298324801442
    outer loop
      vertex 34.673095924910506 -28.684079538691048 40
      vertex 44.49593469062211 -32.328188876086024 80
      vertex 42.378228352668394 -35.058319436177946 80
    endloop
  endfacet
  facet normal 0 0 1
    outer loop
      vertex 29.697150127729238 -40.87462052532473 79
      vertex 29.97704786691613 -41.25986671312232 79
      vertex 32.20508824396953 -38.92926431357677 79
    endloop
  endfacet
  facet normal 0 0 1
    outer loop
      vertex 29.97704786691613 -41.25986671312232 79
      vertex 32.508623477183185 -39.29617538156524 79
      vertex 32.20508824396953 -38.92926431357677 79
    endloop
  endfacet
  facet normal 0 0 1
    outer loop
      vertex 32.508623477183185 -39.29617538156524 79
      vertex 34.58592759001612 -36.83027208067227 79
      vertex 32.20508824396953 -38.92926431357677 79
    endloop
  endfacet
  facet normal 0 0 1
    outer loop
      vertex 32.508623477183185 -39.29617538156524 79
      vertex 34.91190240236311 -37.17739999849199 79
      vertex 34.58592759001612 -36.83027208067227 79
    endloop
  endfacet
  facet normal 0 0 1
    outer loop
      vertex 34.58592759001612 -36.83027208067227 79
      vertex 34.91190240236311 -37.17739999849199 79
      vertex 36.83027208067227 -34.58592759001612 79
    endloop
  endfacet
  facet normal 0 0 1
    outer loop
      vertex 34.91190240236311 -37.17739999849199 79
      vertex 37.17739999849199 -34.91190240236311 79
      vertex 36.83027208067227 -34.58592759001612 79
    endloop
  endfacet
  facet normal 0 0 1
    outer loop
      vertex 36.83027208067227 -34.58592759001612 79
      vertex 37.17739999849199 -34.91190240236311 79
      vertex 38.92926431357677 -32.20508824396952 79
    endloop
  endfacet
  facet normal 0 0 1
    outer loop
      vertex 37.17739999849199 -34.91190240236311 79
      vertex 39.29617538156524 -32.508623477183185 79
      vertex 38.92926431357677 -32.20508824396952 79
    endloop
  endfacet
  facet normal 0 0 1
    outer loop
      vertex 38.92926431357677 -32.20508824396952 79
      vertex 39.29617538156524 -32.508623477183185 79
      vertex 40.87462052532473 -29.697150127729238 79
    endloop
  endfacet
  facet normal 0 0 1
    outer loop
      vertex 39.29617538156524 -32.508623477183185 79
      vertex 41.25986671312232 -29.97704786691613 79
      vertex 40.87462052532473 -29.697150127729238 79
    endloop
  endfacet
  facet normal 0.8024093013606788 -0.5453167980935489 -0.2424229832480145
    outer loop
      vertex 36.405764746872634 -26.45033635316129 40
      vertex 46.43803590261084 -29.47047372384479 80
      vertex 44.49593469062211 -32.328188876086024 80
    endloop
  endfacet
  facet normal 0 0 1
    outer loop
      vertex 40.87462052532473 -29.697150127729238 79
      vertex 41.25986671312232 -29.97704786691613 79
      vertex 42.65866328369705 -27.072010927272142 79
    endloop
  endfacet
  facet normal 0 0 1
    outer loop
      vertex 41.25986671312232 -29.97704786691613 79
      vertex 43.06072420060278 -27.327166543928808 79
      vertex 42.65866328369705 -27.072010927272142 79
    endloop
  endfacet
  facet normal 0.5090414157503713 -0.8607420270039435 0
    outer loop
      vertex 26.496452075594345 -48.196867402412494 80
      vertex 29.47047372384479 -46.43803590261084 80
      vertex 29.47047372384479 -46.43803590261084 116
    endloop
  endfacet
  facet normal -0.5620833778521288 0.8270805742745628 0
    outer loop
      vertex 27.327166543928808 -43.06072420060278 79
      vertex 27.327166543928808 -43.06072420060278 120
      vertex 29.97704786691613 -41.25986671312232 79
    endloop
  endfacet
  facet normal 0.5620833778521299 -0.8270805742745623 0
    outer loop
      vertex 29.47047372384479 -46.43803590261084 80
      vertex 32.328188876086024 -44.49593469062211 80
      vertex 32.328188876086024 -44.49593469062211 116
    endloop
  endfacet
  facet normal 0.6129070536529773 -0.7901550123756897 0
    outer loop
      vertex 32.328188876086024 -44.49593469062211 80
      vertex 35.058319436177946 -42.378228352668394 80
      vertex 35.058319436177946 -42.378228352668394 116
    endloop
  endfacet
  facet normal 0.5620833778521299 -0.8270805742745623 0
    outer loop
      vertex 29.47047372384479 -46.43803590261084 80
      vertex 32.328188876086024 -44.49593469062211 116
      vertex 29.47047372384479 -46.43803590261084 116
    endloop
  endfacet
  facet normal 0.6129070536529773 -0.7901550123756897 0
    outer loop
      vertex 32.328188876086024 -44.49593469062211 80
      vertex 35.058319436177946 -42.378228352668394 116
      vertex 32.328188876086024 -44.49593469062211 116
    endloop
  endfacet
  facet normal 0.6613118653236517 -0.7501110696304597 0
    outer loop
      vertex 35.058319436177946 -42.378228352668394 80
      vertex 37.650090826077864 -40.09327450817764 116
      vertex 35.058319436177946 -42.378228352668394 116
    endloop
  endfacet
  facet normal -0.5620833778521288 0.8270805742745628 0
    outer loop
      vertex 29.97704786691613 -41.25986671312232 79
      vertex 27.327166543928808 -43.06072420060278 120
      vertex 29.97704786691613 -41.25986671312232 120
    endloop
  endfacet
  facet normal 0.36003545390273345 -0.6087867053581635 0.7069322593517751
    outer loop
      vertex 26.496452075594345 -48.196867402412494 116
      vertex 29.47047372384479 -46.43803590261084 116
      vertex 27.327166543928808 -43.06072420060278 120
    endloop
  endfacet
  facet normal 0.39755103968870975 -0.58497859065971 0.706932259351775
    outer loop
      vertex 29.47047372384479 -46.43803590261084 116
      vertex 29.97704786691613 -41.25986671312232 120
      vertex 27.327166543928808 -43.06072420060278 120
    endloop
  endfacet
  facet normal 0.39755103968871075 -0.5849785906597099 0.7069322593517746
    outer loop
      vertex 29.47047372384479 -46.43803590261084 116
      vertex 32.328188876086024 -44.49593469062211 116
      vertex 29.97704786691613 -41.25986671312232 120
    endloop
  endfacet
  facet normal 0.4334976731448317 -0.5588618327152177 0.7069322593517746
    outer loop
      vertex 32.328188876086024 -44.49593469062211 116
      vertex 32.508623477183185 -39.29617538156524 120
      vertex 29.97704786691613 -41.25986671312232 120
    endloop
  endfacet
  facet normal 0.4334976731448317 -0.5588618327152177 0.7069322593517747
    outer loop
      vertex 32.328188876086024 -44.49593469062211 116
      vertex 35.058319436177946 -42.378228352668394 116
      vertex 32.508623477183185 -39.29617538156524 120
    endloop
  endfacet
  facet normal -0.6129070536529773 0.7901550123756896 0
    outer loop
      vertex 29.97704786691613 -41.25986671312232 79
      vertex 29.97704786691613 -41.25986671312232 120
      vertex 32.508623477183185 -39.29617538156524 79
    endloop
  endfacet
  facet normal -0.6613118653236527 0.7501110696304588 0
    outer loop
      vertex 32.508623477183185 -39.29617538156524 79
      vertex 32.508623477183185 -39.29617538156524 120
      vertex 34.91190240236311 -37.17739999849199 79
    endloop
  endfacet
  facet normal 0.6613118653236517 -0.7501110696304597 0
    outer loop
      vertex 35.058319436177946 -42.378228352668394 80
      vertex 37.650090826077864 -40.09327450817764 80
      vertex 37.650090826077864 -40.09327450817764 116
    endloop
  endfacet
  facet normal -0.7071067811865475 0.7071067811865475 0
    outer loop
      vertex 34.91190240236311 -37.17739999849199 79
      vertex 34.91190240236311 -37.17739999849199 120
      vertex 37.17739999849199 -34.91190240236311 79
    endloop
  endfacet
  facet normal 0.7071067811865476 -0.7071067811865476 0
    outer loop
      vertex 37.650090826077864 -40.09327450817764 80
      vertex 40.09327450817764 -37.650090826077864 80
      vertex 37.650090826077864 -40.09327450817764 116
    endloop
  endfacet
  facet normal 0.7501110696304597 -0.6613118653236517 0
    outer loop
      vertex 40.09327450817764 -37.650090826077864 80
      vertex 42.378228352668394 -35.058319436177946 80
      vertex 40.09327450817764 -37.650090826077864 116
    endloop
  endfacet
  facet normal 0.7071067811865476 -0.7071067811865476 0
    outer loop
      vertex 40.09327450817764 -37.650090826077864 80
      vertex 40.09327450817764 -37.650090826077864 116
      vertex 37.650090826077864 -40.09327450817764 116
    endloop
  endfacet
  facet normal -0.7501110696304588 0.6613118653236527 0
    outer loop
      vertex 37.17739999849199 -34.91190240236311 79
      vertex 37.17739999849199 -34.91190240236311 120
      vertex 39.29617538156524 -32.508623477183185 79
    endloop
  endfacet
  facet normal -0.7901550123756896 0.6129070536529773 0
    outer loop
      vertex 39.29617538156524 -32.508623477183185 79
      vertex 39.29617538156524 -32.508623477183185 120
      vertex 41.25986671312232 -29.97704786691613 79
    endloop
  endfacet
  facet normal -0.6129070536529773 0.7901550123756896 0
    outer loop
      vertex 32.508623477183185 -39.29617538156524 79
      vertex 29.97704786691613 -41.25986671312232 120
      vertex 32.508623477183185 -39.29617538156524 120
    endloop
  endfacet
  facet normal -0.6613118653236527 0.7501110696304588 0
    outer loop
      vertex 34.91190240236311 -37.17739999849199 79
      vertex 32.508623477183185 -39.29617538156524 120
      vertex 34.91190240236311 -37.17739999849199 120
    endloop
  endfacet
  facet normal 0.4677334893312973 -0.5305395024366842 0.7069322593517746
    outer loop
      vertex 35.058319436177946 -42.378228352668394 116
      vertex 34.91190240236311 -37.17739999849199 120
      vertex 32.508623477183185 -39.29617538156524 120
    endloop
  endfacet
  facet normal -0.7071067811865475 0.7071067811865475 0
    outer loop
      vertex 37.17739999849199 -34.91190240236311 79
      vertex 34.91190240236311 -37.17739999849199 120
      vertex 37.17739999849199 -34.91190240236311 120
    endloop
  endfacet
  facet normal 0.4677334893312963 -0.5305395024366846 0.7069322593517751
    outer loop
      vertex 35.058319436177946 -42.378228352668394 116
      vertex 37.650090826077864 -40.09327450817764 116
      vertex 34.91190240236311 -37.17739999849199 120
    endloop
  endfacet
  facet normal 0.5001233751224765 -0.5001233751224765 0.7069322593517751
    outer loop
      vertex 37.650090826077864 -40.09327450817764 116
      vertex 37.17739999849199 -34.91190240236311 120
      vertex 34.91190240236311 -37.17739999849199 120
    endloop
  endfacet
  facet normal 0.5001233751224765 -0.5001233751224765 0.7069322593517751
    outer loop
      vertex 37.650090826077864 -40.09327450817764 116
      vertex 40.09327450817764 -37.650090826077864 116
      vertex 37.17739999849199 -34.91190240236311 120
    endloop
  endfacet
  facet normal 0.5305395024366839 -0.46773348933129705 0.706932259351775
    outer loop
      vertex 40.09327450817764 -37.650090826077864 116
      vertex 39.29617538156524 -32.508623477183185 120
      vertex 37.17739999849199 -34.91190240236311 120
    endloop
  endfacet
  facet normal 0.5305395024366848 -0.4677334893312966 0.7069322593517746
    outer loop
      vertex 40.09327450817764 -37.650090826077864 116
      vertex 42.378228352668394 -35.058319436177946 116
      vertex 39.29617538156524 -32.508623477183185 120
    endloop
  endfacet
  facet normal -0.7501110696304588 0.6613118653236527 0
    outer loop
      vertex 39.29617538156524 -32.508623477183185 79
      vertex 37.17739999849199 -34.91190240236311 120
      vertex 39.29617538156524 -32.508623477183185 120
    endloop
  endfacet
  facet normal -0.7901550123756896 0.6129070536529773 0
    outer loop
      vertex 41.25986671312232 -29.97704786691613 79
      vertex 39.29617538156524 -32.508623477183185 120
      vertex 41.25986671312232 -29.97704786691613 120
    endloop
  endfacet
  facet normal 0.5588618327152177 -0.4334976731448317 0.7069322593517746
    outer loop
      vertex 42.378228352668394 -35.058319436177946 116
      vertex 41.25986671312232 -29.97704786691613 120
      vertex 39.29617538156524 -32.508623477183185 120
    endloop
  endfacet
  facet normal 0.7501110696304597 -0.6613118653236517 0
    outer loop
      vertex 42.378228352668394 -35.058319436177946 80
      vertex 42.378228352668394 -35.058319436177946 116
      vertex 40.09327450817764 -37.650090826077864 116
    endloop
  endfacet
  facet normal 0.7901550123756897 -0.6129070536529773 0
    outer loop
      vertex 42.378228352668394 -35.058319436177946 80
      vertex 44.49593469062211 -32.328188876086024 80
      vertex 42.378228352668394 -35.058319436177946 116
    endloop
  endfacet
  facet normal -0.8270805742745628 0.5620833778521288 0
    outer loop
      vertex 41.25986671312232 -29.97704786691613 79
      vertex 41.25986671312232 -29.97704786691613 120
      vertex 43.06072420060278 -27.327166543928808 79
    endloop
  endfacet
  facet normal 0.8270805742745623 -0.5620833778521299 0
    outer loop
      vertex 44.49593469062211 -32.328188876086024 80
      vertex 46.43803590261084 -29.47047372384479 80
      vertex 44.49593469062211 -32.328188876086024 116
    endloop
  endfacet
  facet normal 0.8607420270039435 -0.5090414157503713 0
    outer loop
      vertex 46.43803590261084 -29.47047372384479 80
      vertex 48.196867402412494 -26.496452075594345 80
      vertex 46.43803590261084 -29.47047372384479 116
    endloop
  endfacet
  facet normal 0.7901550123756897 -0.6129070536529773 0
    outer loop
      vertex 44.49593469062211 -32.328188876086024 80
      vertex 44.49593469062211 -32.328188876086024 116
      vertex 42.378228352668394 -35.058319436177946 116
    endloop
  endfacet
  facet normal 0.8270805742745623 -0.5620833778521299 0
    outer loop
      vertex 46.43803590261084 -29.47047372384479 80
      vertex 46.43803590261084 -29.47047372384479 116
      vertex 44.49593469062211 -32.328188876086024 116
    endloop
  endfacet
  facet normal -0.8270805742745628 0.5620833778521288 0
    outer loop
      vertex 43.06072420060278 -27.327166543928808 79
      vertex 41.25986671312232 -29.97704786691613 120
      vertex 43.06072420060278 -27.327166543928808 120
    endloop
  endfacet
  facet normal 0.5588618327152177 -0.4334976731448317 0.7069322593517746
    outer loop
      vertex 42.378228352668394 -35.058319436177946 116
      vertex 44.49593469062211 -32.328188876086024 116
      vertex 41.25986671312232 -29.97704786691613 120
    endloop
  endfacet
  facet normal 0.5849785906597104 -0.39755103968871003 0.7069322593517747
    outer loop
      vertex 44.49593469062211 -32.328188876086024 116
      vertex 43.06072420060278 -27.327166543928808 120
      vertex 41.25986671312232 -29.97704786691613 120
    endloop
  endfacet
  facet normal 0.5849785906597096 -0.39755103968871053 0.7069322593517748
    outer loop
      vertex 44.49593469062211 -32.328188876086024 116
      vertex 46.43803590261084 -29.47047372384479 116
      vertex 43.06072420060278 -27.327166543928808 120
    endloop
  endfacet
  facet normal -0.8046104174406303 0.5468126750367914 0.23151236374138412
    outer loop
      vertex 33.16969676937285 -24.099195343991397 39
      vertex 40.87462052532473 -29.697150127729238 79
      vertex 42.65866328369705 -27.072010927272142 79
    endloop
  endfacet
  facet normal -0.83735735452835 0.49521175900028874 0.23151236374138395
    outer loop
      vertex 34.617444945582626 -21.968898594138846 39
      vertex 42.65866328369705 -27.072010927272142 79
      vertex 44.27435178697805 -24.340030867710475 79
    endloop
  endfacet
  facet normal 0.8350666549577684 -0.4938570430506952 -0.24242298324801442
    outer loop
      vertex 37.99475664759069 -24.11220577405483 40
      vertex 48.196867402412494 -26.496452075594345 80
      vertex 46.43803590261084 -29.47047372384479 80
    endloop
  endfacet
  facet normal -0.8667996246899341 0.44165646839174305 0.2315123637413841
    outer loop
      vertex 35.9285738817984 -19.75190063817033 39
      vertex 44.27435178697805 -24.340030867710475 79
      vertex 45.71530965078318 -21.511991826216278 79
    endloop
  endfacet
  facet normal 0.864428381973406 -0.4404482598807405 -0.24242298324801453
    outer loop
      vertex 39.43380060197386 -21.67891533457719 40
      vertex 49.765487885631075 -23.417861036078985 80
      vertex 48.196867402412494 -26.496452075594345 80
    endloop
  endfacet
  facet normal 0.8903786050851554 -0.3853012286507085 -0.24242298324801453
    outer loop
      vertex 40.71721736097088 -19.16006812042826 40
      vertex 51.13770672385382 -20.24685039765731 80
      vertex 49.765487885631075 -23.417861036078985 80
    endloop
  endfacet
  facet normal -0.8928210327359486 0.38635816147609897 0.23151236374138415
    outer loop
      vertex 37.097909151106805 -17.45695095416797 39
      vertex 45.71530965078318 -21.511991826216278 79
      vertex 46.97585007273498 -18.599054780878276 79
    endloop
  endfacet
  facet normal -0.9153188840568846 0.32953507540736315 0.2315123637413841
    outer loop
      vertex 38.1208359214183 -15.093106660071813 39
      vertex 46.97585007273498 -18.599054780878276 79
      vertex 48.05099827567418 -15.612715763419962 79
    endloop
  endfacet
  facet normal 0.9128149106179271 -0.328633589498576 -0.2424229832480144
    outer loop
      vertex 41.83994186497131 -16.565604870810525 40
      vertex 52.30810839623344 -16.995934690622107 80
      vertex 51.13770672385382 -20.24685039765731 80
    endloop
  endfacet
  facet normal 0.9316487527239534 -0.27066898370710046 -0.24242298324801453
    outer loop
      vertex 42.79754323328191 -13.905764746872633 40
      vertex 53.27207386207471 -13.677943794066994 80
      vertex 52.30810839623344 -16.995934690622107 80
    endloop
  endfacet
  facet normal 0 0 1
    outer loop
      vertex 42.65866328369705 -27.072010927272142 79
      vertex 43.06072420060278 -27.327166543928808 79
      vertex 44.27435178697805 -24.340030867710475 79
    endloop
  endfacet
  facet normal 0 0 1
    outer loop
      vertex 43.06072420060278 -27.327166543928808 79
      vertex 44.691640682237036 -24.569437379187484 79
      vertex 44.27435178697805 -24.340030867710475 79
    endloop
  endfacet
  facet normal 0 0 1
    outer loop
      vertex 44.27435178697805 -24.340030867710475 79
      vertex 44.691640682237036 -24.569437379187484 79
      vertex 45.71530965078318 -21.511991826216278 79
    endloop
  endfacet
  facet normal 0 0 1
    outer loop
      vertex 44.691640682237036 -24.569437379187484 79
      vertex 46.146179675767 -21.714743869818694 79
      vertex 45.71530965078318 -21.511991826216278 79
    endloop
  endfacet
  facet normal 0 0 1
    outer loop
      vertex 46.146179675767 -21.714743869818694 79
      vertex 46.97585007273498 -18.599054780878276 79
      vertex 45.71530965078318 -21.511991826216278 79
    endloop
  endfacet
  facet normal 0 0 1
    outer loop
      vertex 46.146179675767 -21.714743869818694 79
      vertex 47.418600780300814 -18.7743521869186 79
      vertex 46.97585007273498 -18.599054780878276 79
    endloop
  endfacet
  facet normal 0 0 1
    outer loop
      vertex 46.97585007273498 -18.599054780878276 79
      vertex 47.418600780300814 -18.7743521869186 79
      vertex 48.05099827567418 -15.612715763419962 79
    endloop
  endfacet
  facet normal 0 0 1
    outer loop
      vertex 47.418600780300814 -18.7743521869186 79
      vertex 48.50388233105283 -15.759866713122317 79
      vertex 48.05099827567418 -15.612715763419962 79
    endloop
  endfacet
  facet normal 0 0 1
    outer loop
      vertex 48.05099827567418 -15.612715763419962 79
      vertex 48.50388233105283 -15.759866713122317 79
      vertex 48.936511140832266 -12.564760489614788 79
    endloop
  endfacet
  facet normal -0.9342043899118684 0.27141146494625257 0.23151236374138406
    outer loop
      vertex 38.99331716810129 -12.669696769372843 39
      vertex 48.05099827567418 -15.612715763419962 79
      vertex 48.936511140832266 -12.564760489614788 79
    endloop
  endfacet
  facet normal -0.949403017837258 0.21221671742910397 0.23151236374138398
    outer loop
      vertex 39.71190960627388 -10.196285373759032 39
      vertex 48.936511140832266 -12.564760489614788 79
      vertex 49.628893953482795 -9.467217846450193 79
    endloop
  endfacet
  facet normal -0.9608547857922262 0.1521844474808524 0.23151236374138412
    outer loop
      vertex 40.273777279876235 -7.682633898014718 39
      vertex 49.628893953482795 -9.467217846450193 79
      vertex 50.125414194983854 -6.332312419606029 79
    endloop
  endfacet
  facet normal -0.968514498880467 0.09155157504486033 0.23151236374138398
    outer loop
      vertex 40.67670275389359 -5.138662576136467 39
      vertex 50.125414194983854 -6.332312419606029 79
      vertex 50.424112326780765 -3.1724162486000904 79
    endloop
  endfacet
  facet normal -0.9723519277138133 0.03055739036810083 0.231512363741384
    outer loop
      vertex 40.919095865559136 -2.5744113007018643 39
      vertex 50.424112326780765 -3.1724162486000904 79
      vertex 50.523809523809526 0 79
    endloop
  endfacet
  facet normal 0.9468058028328071 -0.21163617109382887 -0.24242298324801448
    outer loop
      vertex 43.5862422507884 -11.191044922418449 40
      vertex 54.02579879007787 -10.305972302214865 80
      vertex 53.27207386207471 -13.677943794066994 80
    endloop
  endfacet
  facet normal 0.9582262429923055 -0.1517681272006217 -0.2424229832480144
    outer loop
      vertex 44.20292628279099 -8.432159156357617 40
      vertex 54.566308572296286 -6.8933278460367235 80
      vertex 54.02579879007787 -10.305972302214865 80
    endloop
  endfacet
  facet normal 0.9658650019426428 -0.09130112384560976 -0.2424229832480146
    outer loop
      vertex 44.645161559151504 -5.639995510393683 40
      vertex 54.891470063554934 -3.453478574112257 80
      vertex 54.566308572296286 -6.8933278460367235 80
    endloop
  endfacet
  facet normal 0.969691932992058 -0.03047379666630027 -0.2424229832480144
    outer loop
      vertex 44.91120277927222 -2.8255733788191195 40
      vertex 55 0 80
      vertex 54.891470063554934 -3.453478574112257 80
    endloop
  endfacet
  facet normal 0 0 1
    outer loop
      vertex 48.50388233105283 -15.759866713122317 79
      vertex 49.39774121756019 -12.683184245407576 79
      vertex 48.936511140832266 -12.564760489614788 79
    endloop
  endfacet
  facet normal 0 0 1
    outer loop
      vertex 48.936511140832266 -12.564760489614788 79
      vertex 49.39774121756019 -12.683184245407576 79
      vertex 49.628893953482795 -9.467217846450193 79
    endloop
  endfacet
  facet normal 0 0 1
    outer loop
      vertex 49.39774121756019 -12.683184245407576 79
      vertex 50.096649787163116 -9.556447043871966 79
      vertex 49.628893953482795 -9.467217846450193 79
    endloop
  endfacet
  facet normal 0 0 1
    outer loop
      vertex 49.628893953482795 -9.467217846450193 79
      vertex 50.096649787163116 -9.556447043871966 79
      vertex 50.125414194983854 -6.332312419606029 79
    endloop
  endfacet
  facet normal 0 0 1
    outer loop
      vertex 50.096649787163116 -9.556447043871966 79
      vertex 50.424112326780765 -3.1724162486000904 79
      vertex 50.125414194983854 -6.332312419606029 79
    endloop
  endfacet
  facet normal 0 0 1
    outer loop
      vertex 50.096649787163116 -9.556447043871966 79
      vertex 50.59784976703837 -6.391994911779507 79
      vertex 50.424112326780765 -3.1724162486000904 79
    endloop
  endfacet
  facet normal 0 0 1
    outer loop
      vertex 50.59784976703837 -6.391994911779507 79
      vertex 50.523809523809526 0 79
      vertex 50.424112326780765 -3.1724162486000904 79
    endloop
  endfacet
  facet normal 0 0 1
    outer loop
      vertex 50.59784976703837 -6.391994911779507 79
      vertex 50.89936314984185 -3.2023164959950017 79
      vertex 50.89936314984185 3.202316495994982 79
    endloop
  endfacet
  facet normal 0 0 1
    outer loop
      vertex 50.89936314984185 -3.2023164959950017 79
      vertex 51 0 79
      vertex 50.89936314984185 3.202316495994982 79
    endloop
  endfacet
  facet normal -0.8607420270039439 0.5090414157503712 0
    outer loop
      vertex 43.06072420060278 -27.327166543928808 79
      vertex 43.06072420060278 -27.327166543928808 120
      vertex 44.691640682237036 -24.569437379187484 79
    endloop
  endfacet
  facet normal -0.8910065241883673 0.4539904997395478 0
    outer loop
      vertex 44.691640682237036 -24.569437379187484 79
      vertex 44.691640682237036 -24.569437379187484 120
      vertex 46.146179675767 -21.714743869818694 79
    endloop
  endfacet
  facet normal -0.917754625683981 0.39714789063478095 0
    outer loop
      vertex 46.146179675767 -21.714743869818694 79
      vertex 46.146179675767 -21.714743869818694 120
      vertex 47.418600780300814 -18.7743521869186 79
    endloop
  endfacet
  facet normal 0.8607420270039435 -0.5090414157503713 0
    outer loop
      vertex 46.43803590261084 -29.47047372384479 116
      vertex 48.196867402412494 -26.496452075594345 80
      vertex 48.196867402412494 -26.496452075594345 116
    endloop
  endfacet
  facet normal -0.940880768954226 0.33873792024529026 0
    outer loop
      vertex 47.418600780300814 -18.7743521869186 79
      vertex 47.418600780300814 -18.7743521869186 120
      vertex 48.50388233105283 -15.759866713122317 79
    endloop
  endfacet
  facet normal 0.8910065241883682 -0.45399049973954597 0
    outer loop
      vertex 48.196867402412494 -26.496452075594345 80
      vertex 49.765487885631075 -23.417861036078985 80
      vertex 48.196867402412494 -26.496452075594345 116
    endloop
  endfacet
  facet normal 0.9177546256839807 -0.39714789063478173 0
    outer loop
      vertex 49.765487885631075 -23.417861036078985 80
      vertex 51.13770672385382 -20.24685039765731 80
      vertex 49.765487885631075 -23.417861036078985 116
    endloop
  endfacet
  facet normal 0.8910065241883682 -0.45399049973954597 0
    outer loop
      vertex 49.765487885631075 -23.417861036078985 80
      vertex 49.765487885631075 -23.417861036078985 116
      vertex 48.196867402412494 -26.496452075594345 116
    endloop
  endfacet
  facet normal 0.9177546256839807 -0.39714789063478173 0
    outer loop
      vertex 51.13770672385382 -20.24685039765731 80
      vertex 51.13770672385382 -20.24685039765731 116
      vertex 49.765487885631075 -23.417861036078985 116
    endloop
  endfacet
  facet normal 0.9408807689542257 -0.3387379202452907 0
    outer loop
      vertex 51.13770672385382 -20.24685039765731 80
      vertex 52.30810839623344 -16.995934690622107 80
      vertex 51.13770672385382 -20.24685039765731 116
    endloop
  endfacet
  facet normal -0.9602936856769431 0.2789911060392292 0
    outer loop
      vertex 48.50388233105283 -15.759866713122317 79
      vertex 48.50388233105283 -15.759866713122317 120
      vertex 49.39774121756019 -12.683184245407576 79
    endloop
  endfacet
  facet normal 0.9602936856769432 -0.27899110603922905 0
    outer loop
      vertex 52.30810839623344 -16.995934690622107 80
      vertex 53.27207386207471 -13.677943794066994 80
      vertex 52.30810839623344 -16.995934690622107 116
    endloop
  endfacet
  facet normal 0.9408807689542257 -0.3387379202452907 0
    outer loop
      vertex 52.30810839623344 -16.995934690622107 80
      vertex 52.30810839623344 -16.995934690622107 116
      vertex 51.13770672385382 -20.24685039765731 116
    endloop
  endfacet
  facet normal 0.9602936856769432 -0.27899110603922905 0
    outer loop
      vertex 53.27207386207471 -13.677943794066994 80
      vertex 53.27207386207471 -13.677943794066994 116
      vertex 52.30810839623344 -16.995934690622107 116
    endloop
  endfacet
  facet normal -0.8607420270039439 0.5090414157503712 0
    outer loop
      vertex 44.691640682237036 -24.569437379187484 79
      vertex 43.06072420060278 -27.327166543928808 120
      vertex 44.691640682237036 -24.569437379187484 120
    endloop
  endfacet
  facet normal -0.8910065241883673 0.4539904997395478 0
    outer loop
      vertex 46.146179675767 -21.714743869818694 79
      vertex 44.691640682237036 -24.569437379187484 120
      vertex 46.146179675767 -21.714743869818694 120
    endloop
  endfacet
  facet normal 0.6087867053581636 -0.36003545390273334 0.706932259351775
    outer loop
      vertex 46.43803590261084 -29.47047372384479 116
      vertex 44.691640682237036 -24.569437379187484 120
      vertex 43.06072420060278 -27.327166543928808 120
    endloop
  endfacet
  facet normal 0.6301922170587583 -0.3210989726647554 0.706932259351775
    outer loop
      vertex 48.196867402412494 -26.496452075594345 116
      vertex 46.146179675767 -21.714743869818694 120
      vertex 44.691640682237036 -24.569437379187484 120
    endloop
  endfacet
  facet normal 0.6087867053581635 -0.36003545390273345 0.7069322593517752
    outer loop
      vertex 46.43803590261084 -29.47047372384479 116
      vertex 48.196867402412494 -26.496452075594345 116
      vertex 44.691640682237036 -24.569437379187484 120
    endloop
  endfacet
  facet normal 0.6301922170587596 -0.3210989726647544 0.7069322593517744
    outer loop
      vertex 48.196867402412494 -26.496452075594345 116
      vertex 49.765487885631075 -23.417861036078985 116
      vertex 46.146179675767 -21.714743869818694 120
    endloop
  endfacet
  facet normal 0.6491106479860614 -0.28089526047783536 0.7069322593517745
    outer loop
      vertex 49.765487885631075 -23.417861036078985 116
      vertex 47.418600780300814 -18.7743521869186 120
      vertex 46.146179675767 -21.714743869818694 120
    endloop
  endfacet
  facet normal -0.917754625683981 0.39714789063478095 0
    outer loop
      vertex 47.418600780300814 -18.7743521869186 79
      vertex 46.146179675767 -21.714743869818694 120
      vertex 47.418600780300814 -18.7743521869186 120
    endloop
  endfacet
  facet normal 0.649110647986061 -0.2808952604778358 0.7069322593517747
    outer loop
      vertex 49.765487885631075 -23.417861036078985 116
      vertex 51.13770672385382 -20.24685039765731 116
      vertex 47.418600780300814 -18.7743521869186 120
    endloop
  endfacet
  facet normal -0.940880768954226 0.33873792024529026 0
    outer loop
      vertex 48.50388233105283 -15.759866713122317 79
      vertex 47.418600780300814 -18.7743521869186 120
      vertex 48.50388233105283 -15.759866713122317 120
    endloop
  endfacet
  facet normal 0.6654673357362095 -0.23958298302664593 0.7069322593517746
    outer loop
      vertex 51.13770672385382 -20.24685039765731 116
      vertex 48.50388233105283 -15.759866713122317 120
      vertex 47.418600780300814 -18.7743521869186 120
    endloop
  endfacet
  facet normal 0.6654673357362093 -0.23958298302664627 0.7069322593517748
    outer loop
      vertex 51.13770672385382 -20.24685039765731 116
      vertex 52.30810839623344 -16.995934690622107 116
      vertex 48.50388233105283 -15.759866713122317 120
    endloop
  endfacet
  facet normal 0.6791977279353129 -0.19732518099650578 0.706932259351775
    outer loop
      vertex 52.30810839623344 -16.995934690622107 116
      vertex 49.39774121756019 -12.683184245407576 120
      vertex 48.50388233105283 -15.759866713122317 120
    endloop
  endfacet
  facet normal 0.679197727935313 -0.19732518099650567 0.7069322593517747
    outer loop
      vertex 52.30810839623344 -16.995934690622107 116
      vertex 53.27207386207471 -13.677943794066994 116
      vertex 49.39774121756019 -12.683184245407576 120
    endloop
  endfacet
  facet normal -0.9759167619387475 0.2181432413965421 0
    outer loop
      vertex 49.39774121756019 -12.683184245407576 79
      vertex 49.39774121756019 -12.683184245407576 120
      vertex 50.096649787163116 -9.556447043871966 79
    endloop
  endfacet
  facet normal -0.9876883405951377 0.1564344650402318 0
    outer loop
      vertex 50.096649787163116 -9.556447043871966 79
      vertex 50.096649787163116 -9.556447043871966 120
      vertex 50.59784976703837 -6.391994911779507 79
    endloop
  endfacet
  facet normal 0.9759167619387474 -0.21814324139654243 0
    outer loop
      vertex 53.27207386207471 -13.677943794066994 80
      vertex 54.02579879007787 -10.305972302214865 80
      vertex 53.27207386207471 -13.677943794066994 116
    endloop
  endfacet
  facet normal 0.9876883405951374 -0.15643446504023317 0
    outer loop
      vertex 54.02579879007787 -10.305972302214865 80
      vertex 54.566308572296286 -6.8933278460367235 80
      vertex 54.02579879007787 -10.305972302214865 116
    endloop
  endfacet
  facet normal 0.9759167619387474 -0.21814324139654243 0
    outer loop
      vertex 54.02579879007787 -10.305972302214865 80
      vertex 54.02579879007787 -10.305972302214865 116
      vertex 53.27207386207471 -13.677943794066994 116
    endloop
  endfacet
  facet normal 0.9876883405951374 -0.15643446504023317 0
    outer loop
      vertex 54.566308572296286 -6.8933278460367235 80
      vertex 54.566308572296286 -6.8933278460367235 116
      vertex 54.02579879007787 -10.305972302214865 116
    endloop
  endfacet
  facet normal -0.9955619646030801 0.09410831331851437 0
    outer loop
      vertex 50.59784976703837 -6.391994911779507 79
      vertex 50.59784976703837 -6.391994911779507 120
      vertex 50.89936314984185 -3.2023164959950017 79
    endloop
  endfacet
  facet normal -0.9995065603657315 0.03141075907812905 0
    outer loop
      vertex 50.89936314984185 -3.2023164959950017 79
      vertex 50.89936314984185 -3.2023164959950017 120
      vertex 51 0 79
    endloop
  endfacet
  facet normal -0.9995065603657316 0.031410759078129055 0
    outer loop
      vertex 51 0 79
      vertex 50.89936314984185 -3.2023164959950017 120
      vertex 51 0 81
    endloop
  endfacet
  facet normal 0.9955619646030801 -0.09410831331851298 0
    outer loop
      vertex 54.566308572296286 -6.8933278460367235 80
      vertex 54.891470063554934 -3.453478574112257 80
      vertex 54.566308572296286 -6.8933278460367235 116
    endloop
  endfacet
  facet normal 0.9995065603657316 -0.03141075907812873 0
    outer loop
      vertex 54.891470063554934 -3.453478574112257 80
      vertex 55 0 80
      vertex 54.891470063554934 -3.453478574112257 116
    endloop
  endfacet
  facet normal 0.9955619646030801 -0.09410831331851298 0
    outer loop
      vertex 54.891470063554934 -3.453478574112257 80
      vertex 54.891470063554934 -3.453478574112257 116
      vertex 54.566308572296286 -6.8933278460367235 116
    endloop
  endfacet
  facet normal 0.9995065603657316 -0.03141075907812873 0
    outer loop
      vertex 54.891470063554934 -3.453478574112257 116
      vertex 55 0 80
      vertex 55 0 116
    endloop
  endfacet
  facet normal -0.9602936856769431 0.2789911060392292 0
    outer loop
      vertex 49.39774121756019 -12.683184245407576 79
      vertex 48.50388233105283 -15.759866713122317 120
      vertex 49.39774121756019 -12.683184245407576 120
    endloop
  endfacet
  facet normal -0.9759167619387475 0.2181432413965421 0
    outer loop
      vertex 50.096649787163116 -9.556447043871966 79
      vertex 49.39774121756019 -12.683184245407576 120
      vertex 50.096649787163116 -9.556447043871966 120
    endloop
  endfacet
  facet normal -0.9876883405951377 0.1564344650402318 0
    outer loop
      vertex 50.59784976703837 -6.391994911779507 79
      vertex 50.096649787163116 -9.556447043871966 120
      vertex 50.59784976703837 -6.391994911779507 120
    endloop
  endfacet
  facet normal 0.690247636998182 -0.15428862662627138 0.7069322593517748
    outer loop
      vertex 53.27207386207471 -13.677943794066994 116
      vertex 50.096649787163116 -9.556447043871966 120
      vertex 49.39774121756019 -12.683184245407576 120
    endloop
  endfacet
  facet normal 0.6902476369981818 -0.15428862662627157 0.706932259351775
    outer loop
      vertex 53.27207386207471 -13.677943794066994 116
      vertex 54.02579879007787 -10.305972302214865 116
      vertex 50.096649787163116 -9.556447043871966 120
    endloop
  endfacet
  facet normal 0.6985734539819685 -0.11064316553451295 0.706932259351775
    outer loop
      vertex 54.02579879007787 -10.305972302214865 116
      vertex 50.59784976703837 -6.391994911779507 120
      vertex 50.096649787163116 -9.556447043871966 120
    endloop
  endfacet
  facet normal 0.6985734539819677 -0.11064316553451382 0.7069322593517753
    outer loop
      vertex 54.02579879007787 -10.305972302214865 116
      vertex 54.566308572296286 -6.8933278460367235 116
      vertex 50.59784976703837 -6.391994911779507 120
    endloop
  endfacet
  facet normal -0.9955619646030801 0.09410831331851437 0
    outer loop
      vertex 50.89936314984185 -3.2023164959950017 79
      vertex 50.59784976703837 -6.391994911779507 120
      vertex 50.89936314984185 -3.2023164959950017 120
    endloop
  endfacet
  facet normal -0.9995065603657316 0.03141075907812905 0
    outer loop
      vertex 51 0 81
      vertex 50.89936314984185 -3.2023164959950017 120
      vertex 51 0 120
    endloop
  endfacet
  facet normal 0.704142320690741 -0.06656104641644228 0.7069322593517753
    outer loop
      vertex 54.566308572296286 -6.8933278460367235 116
      vertex 50.89936314984185 -3.2023164959950017 120
      vertex 50.59784976703837 -6.391994911779507 120
    endloop
  endfacet
  facet normal 0.7041423206907416 -0.06656104641644134 0.706932259351775
    outer loop
      vertex 54.566308572296286 -6.8933278460367235 116
      vertex 54.891470063554934 -3.453478574112257 116
      vertex 50.89936314984185 -3.2023164959950017 120
    endloop
  endfacet
  facet normal 0.7069322593517748 -0.02221624125701672 0.706932259351775
    outer loop
      vertex 54.891470063554934 -3.453478574112257 116
      vertex 51 0 120
      vertex 50.89936314984185 -3.2023164959950017 120
    endloop
  endfacet
  facet normal 0.7069322593517748 -0.022216241257016496 0.7069322593517748
    outer loop
      vertex 54.891470063554934 -3.453478574112257 116
      vertex 55 0 116
      vertex 51 0 120
    endloop
  endfacet
  facet normal -0.03141075907812762 -0.9995065603657315 0
    outer loop
      vertex 2.5744113007018443 40.919095865559136 39
      vertex 0 41 0
      vertex 2.5744113007018443 40.919095865559136 0
    endloop
  endfacet
  facet normal -0.09410831331851392 -0.99556196460308 0
    outer loop
      vertex 5.1386625761364755 40.67670275389359 39
      vertex 2.5744113007018443 40.919095865559136 0
      vertex 5.1386625761364755 40.67670275389359 0
    endloop
  endfacet
  facet normal -0.15643446504023237 -0.9876883405951375 0
    outer loop
      vertex 7.682633898014707 40.273777279876235 39
      vertex 5.1386625761364755 40.67670275389359 0
      vertex 7.682633898014707 40.273777279876235 0
    endloop
  endfacet
  facet normal 0.1973251809965076 0.6791977279353123 -0.7069322593517748
    outer loop
      vertex 11.191044922418468 43.5862422507884 4
      vertex 12.669696769372843 38.99331716810129 0
      vertex 10.196285373759048 39.71190960627388 0
    endloop
  endfacet
  facet normal -0.21814324139654118 -0.9759167619387478 0
    outer loop
      vertex 10.196285373759048 39.71190960627388 39
      vertex 7.682633898014707 40.273777279876235 0
      vertex 10.196285373759048 39.71190960627388 0
    endloop
  endfacet
  facet normal -0.2789911060392318 -0.9602936856769423 0
    outer loop
      vertex 12.669696769372843 38.99331716810129 39
      vertex 10.196285373759048 39.71190960627388 0
      vertex 12.669696769372843 38.99331716810129 0
    endloop
  endfacet
  facet normal -0.03141075907812762 -0.9995065603657315 0
    outer loop
      vertex 0 41 39
      vertex 0 41 0
      vertex 2.5744113007018443 40.919095865559136 39
    endloop
  endfacet
  facet normal -0.09410831331851392 -0.99556196460308 0
    outer loop
      vertex 2.5744113007018443 40.919095865559136 39
      vertex 2.5744113007018443 40.919095865559136 0
      vertex 5.1386625761364755 40.67670275389359 39
    endloop
  endfacet
  facet normal -0.15643446504023237 -0.9876883405951375 0
    outer loop
      vertex 5.1386625761364755 40.67670275389359 39
      vertex 5.1386625761364755 40.67670275389359 0
      vertex 7.682633898014707 40.273777279876235 39
    endloop
  endfacet
  facet normal -0.21814324139654118 -0.9759167619387478 0
    outer loop
      vertex 7.682633898014707 40.273777279876235 39
      vertex 7.682633898014707 40.273777279876235 0
      vertex 10.196285373759048 39.71190960627388 39
    endloop
  endfacet
  facet normal -0.2789911060392318 -0.9602936856769423 0
    outer loop
      vertex 10.196285373759048 39.71190960627388 39
      vertex 10.196285373759048 39.71190960627388 0
      vertex 12.669696769372843 38.99331716810129 39
    endloop
  endfacet
  facet normal -0.3387379202452888 -0.9408807689542265 0
    outer loop
      vertex 12.669696769372843 38.99331716810129 39
      vertex 12.669696769372843 38.99331716810129 0
      vertex 15.093106660071792 38.12083592141831 39
    endloop
  endfacet
  facet normal 0.022216241257015535 0.7069322593517748 -0.7069322593517748
    outer loop
      vertex 0 45 4
      vertex 2.8255733788190973 44.91120277927222 4
      vertex 0 41 0
    endloop
  endfacet
  facet normal 0.02221624125701571 0.7069322593517748 -0.706932259351775
    outer loop
      vertex 2.8255733788190973 44.91120277927222 4
      vertex 2.5744113007018443 40.919095865559136 0
      vertex 0 41 0
    endloop
  endfacet
  facet normal 0.06656104641644202 0.7041423206907416 -0.706932259351775
    outer loop
      vertex 2.8255733788190973 44.91120277927222 4
      vertex 5.1386625761364755 40.67670275389359 0
      vertex 2.5744113007018443 40.919095865559136 0
    endloop
  endfacet
  facet normal 0.06656104641644255 0.7041423206907417 -0.7069322593517747
    outer loop
      vertex 2.8255733788190973 44.91120277927222 4
      vertex 5.6399955103936925 44.645161559151504 4
      vertex 5.1386625761364755 40.67670275389359 0
    endloop
  endfacet
  facet normal 0.11064316553451338 0.6985734539819686 -0.7069322593517747
    outer loop
      vertex 5.6399955103936925 44.645161559151504 4
      vertex 7.682633898014707 40.273777279876235 0
      vertex 5.1386625761364755 40.67670275389359 0
    endloop
  endfacet
  facet normal 0.1106431655345128 0.6985734539819684 -0.7069322593517748
    outer loop
      vertex 5.6399955103936925 44.645161559151504 4
      vertex 8.432159156357606 44.20292628279099 4
      vertex 7.682633898014707 40.273777279876235 0
    endloop
  endfacet
  facet normal 0.1542886266262707 0.6902476369981819 -0.706932259351775
    outer loop
      vertex 8.432159156357606 44.20292628279099 4
      vertex 10.196285373759048 39.71190960627388 0
      vertex 7.682633898014707 40.273777279876235 0
    endloop
  endfacet
  facet normal 0.15428862662627096 0.690247636998182 -0.7069322593517747
    outer loop
      vertex 8.432159156357606 44.20292628279099 4
      vertex 11.191044922418468 43.5862422507884 4
      vertex 10.196285373759048 39.71190960627388 0
    endloop
  endfacet
  facet normal 0.19732518099650737 0.6791977279353123 -0.7069322593517748
    outer loop
      vertex 11.191044922418468 43.5862422507884 4
      vertex 13.905764746872633 42.79754323328191 4
      vertex 12.669696769372843 38.99331716810129 0
    endloop
  endfacet
  facet normal 0.031410759078127376 0.9995065603657316 0
    outer loop
      vertex 0 45 4
      vertex 0 45 40
      vertex 2.8255733788190973 44.91120277927222 4
    endloop
  endfacet
  facet normal 0.15643446504023156 0.9876883405951375 0
    outer loop
      vertex 5.6399955103936925 44.645161559151504 4
      vertex 5.6399955103936925 44.645161559151504 40
      vertex 8.432159156357606 44.20292628279099 4
    endloop
  endfacet
  facet normal 0.09410831331851464 0.99556196460308 0
    outer loop
      vertex 2.8255733788190973 44.91120277927222 4
      vertex 2.8255733788190973 44.91120277927222 40
      vertex 5.6399955103936925 44.645161559151504 4
    endloop
  endfacet
  facet normal 0.031410759078127376 0.9995065603657316 0
    outer loop
      vertex 2.8255733788190973 44.91120277927222 4
      vertex 0 45 40
      vertex 2.8255733788190973 44.91120277927222 40
    endloop
  endfacet
  facet normal 0.09410831331851464 0.99556196460308 0
    outer loop
      vertex 5.6399955103936925 44.645161559151504 4
      vertex 2.8255733788190973 44.91120277927222 40
      vertex 5.6399955103936925 44.645161559151504 40
    endloop
  endfacet
  facet normal 0.2181432413965415 0.9759167619387477 0
    outer loop
      vertex 8.432159156357606 44.20292628279099 4
      vertex 8.432159156357606 44.20292628279099 40
      vertex 11.191044922418468 43.5862422507884 4
    endloop
  endfacet
  facet normal 0.2789911060392315 0.9602936856769425 0
    outer loop
      vertex 11.191044922418468 43.5862422507884 4
      vertex 11.191044922418468 43.5862422507884 40
      vertex 13.905764746872633 42.79754323328191 4
    endloop
  endfacet
  facet normal 0.15643446504023156 0.9876883405951375 0
    outer loop
      vertex 8.432159156357606 44.20292628279099 4
      vertex 5.6399955103936925 44.645161559151504 40
      vertex 8.432159156357606 44.20292628279099 40
    endloop
  endfacet
  facet normal 0.2181432413965415 0.9759167619387477 0
    outer loop
      vertex 11.191044922418468 43.5862422507884 4
      vertex 8.432159156357606 44.20292628279099 40
      vertex 11.191044922418468 43.5862422507884 40
    endloop
  endfacet
  facet normal 0.2789911060392315 0.9602936856769425 0
    outer loop
      vertex 13.905764746872633 42.79754323328191 4
      vertex 11.191044922418468 43.5862422507884 40
      vertex 13.905764746872633 42.79754323328191 40
    endloop
  endfacet
  facet normal 0.23958298302664494 0.6654673357362098 -0.706932259351775
    outer loop
      vertex 13.905764746872633 42.79754323328191 4
      vertex 15.093106660071792 38.12083592141831 0
      vertex 12.669696769372843 38.99331716810129 0
    endloop
  endfacet
  facet normal 0.23958298302664569 0.6654673357362096 -0.7069322593517746
    outer loop
      vertex 13.905764746872633 42.79754323328191 4
      vertex 16.565604870810503 41.839941864971316 4
      vertex 15.093106660071792 38.12083592141831 0
    endloop
  endfacet
  facet normal 0.2808952604778358 0.6491106479860611 -0.7069322593517747
    outer loop
      vertex 16.565604870810503 41.839941864971316 4
      vertex 17.456950954167983 37.0979091511068 0
      vertex 15.093106660071792 38.12083592141831 0
    endloop
  endfacet
  facet normal 0.32109897266475507 0.6301922170587588 -0.7069322593517748
    outer loop
      vertex 19.16006812042827 40.71721736097088 4
      vertex 19.751900638170323 35.92857388179841 0
      vertex 17.456950954167983 37.0979091511068 0
    endloop
  endfacet
  facet normal 0.28089526047783503 0.6491106479860611 -0.706932259351775
    outer loop
      vertex 19.16006812042827 40.71721736097088 4
      vertex 17.456950954167983 37.0979091511068 0
      vertex 16.565604870810503 41.839941864971316 4
    endloop
  endfacet
  facet normal 0.3210989726647545 0.6301922170587588 -0.7069322593517751
    outer loop
      vertex 19.16006812042827 40.71721736097088 4
      vertex 21.678915334577184 39.433800601973864 4
      vertex 19.751900638170323 35.92857388179841 0
    endloop
  endfacet
  facet normal -0.39714789063478173 -0.9177546256839807 0
    outer loop
      vertex 17.456950954167983 37.0979091511068 39
      vertex 15.093106660071792 38.12083592141831 0
      vertex 17.456950954167983 37.0979091511068 0
    endloop
  endfacet
  facet normal -0.3387379202452888 -0.9408807689542265 0
    outer loop
      vertex 15.093106660071792 38.12083592141831 39
      vertex 12.669696769372843 38.99331716810129 0
      vertex 15.093106660071792 38.12083592141831 0
    endloop
  endfacet
  facet normal -0.4539904997395472 -0.8910065241883677 0
    outer loop
      vertex 19.751900638170323 35.92857388179841 39
      vertex 17.456950954167983 37.0979091511068 0
      vertex 19.751900638170323 35.92857388179841 0
    endloop
  endfacet
  facet normal 0.4334976731448316 0.5588618327152176 -0.7069322593517746
    outer loop
      vertex 26.45033635316129 36.405764746872634 4
      vertex 26.13438357969628 31.591042953807356 0
      vertex 24.099195343991397 33.16969676937285 0
    endloop
  endfacet
  facet normal 0.43349767314483145 0.5588618327152177 -0.7069322593517746
    outer loop
      vertex 26.45033635316129 36.405764746872634 4
      vertex 28.684079538691037 34.67309592491051 4
      vertex 26.13438357969628 31.591042953807356 0
    endloop
  endfacet
  facet normal -0.5620833778521305 -0.8270805742745618 0
    outer loop
      vertex 24.099195343991397 33.16969676937285 39
      vertex 21.968898594138864 34.61744494558262 0
      vertex 24.099195343991397 33.16969676937285 0
    endloop
  endfacet
  facet normal -0.661311865323651 -0.7501110696304604 0
    outer loop
      vertex 28.06643134307624 29.887713724277873 39
      vertex 26.13438357969628 31.591042953807356 0
      vertex 28.06643134307624 29.887713724277873 0
    endloop
  endfacet
  facet normal -0.6129070536529773 -0.7901550123756897 0
    outer loop
      vertex 26.13438357969628 31.591042953807356 39
      vertex 24.099195343991397 33.16969676937285 0
      vertex 26.13438357969628 31.591042953807356 0
    endloop
  endfacet
  facet normal 0.3600354539027325 0.608786705358164 -0.7069322593517751
    outer loop
      vertex 21.678915334577184 39.433800601973864 4
      vertex 21.968898594138864 34.61744494558262 0
      vertex 19.751900638170323 35.92857388179841 0
    endloop
  endfacet
  facet normal 0.39755103968871114 0.5849785906597097 -0.7069322593517746
    outer loop
      vertex 24.11220577405485 37.99475664759068 4
      vertex 24.099195343991397 33.16969676937285 0
      vertex 21.968898594138864 34.61744494558262 0
    endloop
  endfacet
  facet normal 0.36003545390273384 0.6087867053581637 -0.7069322593517746
    outer loop
      vertex 21.678915334577184 39.433800601973864 4
      vertex 24.11220577405485 37.99475664759068 4
      vertex 21.968898594138864 34.61744494558262 0
    endloop
  endfacet
  facet normal 0.3975510396887111 0.5849785906597096 -0.7069322593517746
    outer loop
      vertex 26.45033635316129 36.405764746872634 4
      vertex 24.099195343991397 33.16969676937285 0
      vertex 24.11220577405485 37.99475664759068 4
    endloop
  endfacet
  facet normal -0.5090414157503699 -0.8607420270039444 0
    outer loop
      vertex 21.968898594138864 34.61744494558262 39
      vertex 19.751900638170323 35.92857388179841 0
      vertex 21.968898594138864 34.61744494558262 0
    endloop
  endfacet
  facet normal 0.4539904997395465 0.891006524188368 0
    outer loop
      vertex 19.16006812042827 40.71721736097088 4
      vertex 19.16006812042827 40.71721736097088 40
      vertex 21.678915334577184 39.433800601973864 4
    endloop
  endfacet
  facet normal -0.39714789063478173 -0.9177546256839807 0
    outer loop
      vertex 15.093106660071792 38.12083592141831 39
      vertex 15.093106660071792 38.12083592141831 0
      vertex 17.456950954167983 37.0979091511068 39
    endloop
  endfacet
  facet normal -0.4539904997395472 -0.8910065241883677 0
    outer loop
      vertex 17.456950954167983 37.0979091511068 39
      vertex 17.456950954167983 37.0979091511068 0
      vertex 19.751900638170323 35.92857388179841 39
    endloop
  endfacet
  facet normal -0.5090414157503699 -0.8607420270039444 0
    outer loop
      vertex 21.968898594138864 34.61744494558262 39
      vertex 19.751900638170323 35.92857388179841 39
      vertex 19.751900638170323 35.92857388179841 0
    endloop
  endfacet
  facet normal 0.39714789063478073 0.917754625683981 0
    outer loop
      vertex 19.16006812042827 40.71721736097088 4
      vertex 16.565604870810503 41.839941864971316 40
      vertex 19.16006812042827 40.71721736097088 40
    endloop
  endfacet
  facet normal -0.5620833778521305 -0.8270805742745618 0
    outer loop
      vertex 21.968898594138864 34.61744494558262 39
      vertex 21.968898594138864 34.61744494558262 0
      vertex 24.099195343991397 33.16969676937285 39
    endloop
  endfacet
  facet normal -0.6129070536529773 -0.7901550123756897 0
    outer loop
      vertex 24.099195343991397 33.16969676937285 39
      vertex 24.099195343991397 33.16969676937285 0
      vertex 26.13438357969628 31.591042953807356 39
    endloop
  endfacet
  facet normal -0.661311865323651 -0.7501110696304604 0
    outer loop
      vertex 26.13438357969628 31.591042953807356 39
      vertex 26.13438357969628 31.591042953807356 0
      vertex 28.06643134307624 29.887713724277873 39
    endloop
  endfacet
  facet normal 0.5090414157503717 0.8607420270039435 0
    outer loop
      vertex 21.678915334577184 39.433800601973864 4
      vertex 21.678915334577184 39.433800601973864 40
      vertex 24.11220577405485 37.99475664759068 4
    endloop
  endfacet
  facet normal 0.5620833778521305 0.8270805742745618 0
    outer loop
      vertex 26.45033635316129 36.405764746872634 4
      vertex 24.11220577405485 37.99475664759068 4
      vertex 24.11220577405485 37.99475664759068 40
    endloop
  endfacet
  facet normal 0.612907053652977 0.7901550123756899 0
    outer loop
      vertex 26.45033635316129 36.405764746872634 4
      vertex 26.45033635316129 36.405764746872634 40
      vertex 28.684079538691037 34.67309592491051 4
    endloop
  endfacet
  facet normal 0.4539904997395465 0.891006524188368 0
    outer loop
      vertex 21.678915334577184 39.433800601973864 4
      vertex 19.16006812042827 40.71721736097088 40
      vertex 21.678915334577184 39.433800601973864 40
    endloop
  endfacet
  facet normal 0.5090414157503717 0.8607420270039435 0
    outer loop
      vertex 24.11220577405485 37.99475664759068 4
      vertex 21.678915334577184 39.433800601973864 40
      vertex 24.11220577405485 37.99475664759068 40
    endloop
  endfacet
  facet normal 0.5620833778521305 0.8270805742745618 0
    outer loop
      vertex 26.45033635316129 36.405764746872634 4
      vertex 24.11220577405485 37.99475664759068 40
      vertex 26.45033635316129 36.405764746872634 40
    endloop
  endfacet
  facet normal 0.3387379202452898 0.940880768954226 0
    outer loop
      vertex 13.905764746872633 42.79754323328191 4
      vertex 13.905764746872633 42.79754323328191 40
      vertex 16.565604870810503 41.839941864971316 4
    endloop
  endfacet
  facet normal 0.39714789063478073 0.917754625683981 0
    outer loop
      vertex 19.16006812042827 40.71721736097088 4
      vertex 16.565604870810503 41.839941864971316 4
      vertex 16.565604870810503 41.839941864971316 40
    endloop
  endfacet
  facet normal 0.3387379202452898 0.940880768954226 0
    outer loop
      vertex 16.565604870810503 41.839941864971316 4
      vertex 13.905764746872633 42.79754323328191 40
      vertex 16.565604870810503 41.839941864971316 40
    endloop
  endfacet
  facet normal -0.030557390368098982 -0.9723519277138133 0.23151236374138415
    outer loop
      vertex 0 41 39
      vertex 2.5744113007018443 40.919095865559136 39
      vertex 0 50.523809523809526 79
    endloop
  endfacet
  facet normal -0.09155157504485936 -0.9685144988804673 0.231512363741384
    outer loop
      vertex 2.5744113007018443 40.919095865559136 39
      vertex 5.1386625761364755 40.67670275389359 39
      vertex 3.172416248600066 50.424112326780765 79
    endloop
  endfacet
  facet normal -0.15218444748085536 -0.9608547857922256 0.23151236374138395
    outer loop
      vertex 5.1386625761364755 40.67670275389359 39
      vertex 7.682633898014707 40.273777279876235 39
      vertex 6.3323124196060405 50.125414194983854 79
    endloop
  endfacet
  facet normal 0.030473796666298954 0.969691932992058 -0.2424229832480145
    outer loop
      vertex 0 45 40
      vertex 0 55 80
      vertex 2.8255733788190973 44.91120277927222 40
    endloop
  endfacet
  facet normal 0.09130112384561138 0.9658650019426427 -0.2424229832480144
    outer loop
      vertex 2.8255733788190973 44.91120277927222 40
      vertex 3.4534785741122302 54.891470063554934 80
      vertex 5.6399955103936925 44.645161559151504 40
    endloop
  endfacet
  facet normal -0.2122167174291004 -0.9494030178372589 0.23151236374138412
    outer loop
      vertex 7.682633898014707 40.273777279876235 39
      vertex 10.196285373759048 39.71190960627388 39
      vertex 9.467217846450179 49.628893953482795 79
    endloop
  endfacet
  facet normal -0.2714114649462553 -0.9342043899118677 0.23151236374138387
    outer loop
      vertex 10.196285373759048 39.71190960627388 39
      vertex 12.669696769372843 38.99331716810129 39
      vertex 12.564760489614809 48.93651114083226 79
    endloop
  endfacet
  facet normal 0.15176812720062016 0.9582262429923056 -0.2424229832480146
    outer loop
      vertex 5.6399955103936925 44.645161559151504 40
      vertex 6.893327846036736 54.566308572296286 80
      vertex 8.432159156357606 44.20292628279099 40
    endloop
  endfacet
  facet normal 0.21163617109382798 0.9468058028328074 -0.2424229832480145
    outer loop
      vertex 8.432159156357606 44.20292628279099 40
      vertex 10.305972302214851 54.02579879007788 80
      vertex 11.191044922418468 43.5862422507884 40
    endloop
  endfacet
  facet normal 0.27066898370710285 0.9316487527239528 -0.2424229832480143
    outer loop
      vertex 11.191044922418468 43.5862422507884 40
      vertex 13.677943794067017 53.272073862074706 80
      vertex 13.905764746872633 42.79754323328191 40
    endloop
  endfacet
  facet normal -0.3863581614761001 -0.8928210327359482 0.23151236374138398
    outer loop
      vertex 15.093106660071792 38.12083592141831 39
      vertex 17.456950954167983 37.0979091511068 39
      vertex 18.599054780878248 46.975850072734985 79
    endloop
  endfacet
  facet normal -0.44165646839174166 -0.8667996246899348 0.23151236374138412
    outer loop
      vertex 17.456950954167983 37.0979091511068 39
      vertex 19.751900638170323 35.92857388179841 39
      vertex 21.511991826216292 45.715309650783176 79
    endloop
  endfacet
  facet normal -0.49521175900028735 -0.8373573545283508 0.2315123637413841
    outer loop
      vertex 21.968898594138864 34.61744494558262 39
      vertex 24.34003086771047 44.27435178697806 79
      vertex 19.751900638170323 35.92857388179841 39
    endloop
  endfacet
  facet normal -0.5468126750367942 -0.8046104174406283 0.23151236374138415
    outer loop
      vertex 21.968898594138864 34.61744494558262 39
      vertex 24.099195343991397 33.16969676937285 39
      vertex 27.072010927272164 42.65866328369705 79
    endloop
  endfacet
  facet normal -0.596255571259879 -0.7686880506268017 0.23151236374138415
    outer loop
      vertex 24.099195343991397 33.16969676937285 39
      vertex 26.13438357969628 31.591042953807356 39
      vertex 29.697150127729238 40.87462052532473 79
    endloop
  endfacet
  facet normal 0.5453167980935495 0.8024093013606783 -0.24242298324801448
    outer loop
      vertex 26.45033635316129 36.405764746872634 40
      vertex 24.11220577405485 37.99475664759068 40
      vertex 29.470473723844815 46.43803590261083 80
    endloop
  endfacet
  facet normal -0.32953507540736215 -0.915318884056885 0.23151236374138412
    outer loop
      vertex 12.669696769372843 38.99331716810129 39
      vertex 15.093106660071792 38.12083592141831 39
      vertex 15.612715763419962 48.05099827567418 79
    endloop
  endfacet
  facet normal 0.32863358949857513 0.9128149106179274 -0.2424229832480145
    outer loop
      vertex 13.905764746872633 42.79754323328191 40
      vertex 16.995934690622107 52.30810839623344 80
      vertex 16.565604870810503 41.839941864971316 40
    endloop
  endfacet
  facet normal 0.38530122865070754 0.8903786050851559 -0.24242298324801453
    outer loop
      vertex 19.16006812042827 40.71721736097088 40
      vertex 16.565604870810503 41.839941864971316 40
      vertex 20.246850397657283 51.13770672385383 80
    endloop
  endfacet
  facet normal 0.440448259880741 0.8644283819734057 -0.24242298324801442
    outer loop
      vertex 19.16006812042827 40.71721736097088 40
      vertex 23.417861036079 49.76548788563107 80
      vertex 21.678915334577184 39.433800601973864 40
    endloop
  endfacet
  facet normal 0.49385704305069555 0.8350666549577683 -0.24242298324801442
    outer loop
      vertex 21.678915334577184 39.433800601973864 40
      vertex 26.496452075594338 48.196867402412494 80
      vertex 24.11220577405485 37.99475664759068 40
    endloop
  endfacet
  facet normal -0.9995065603657315 -0.03141075907812757 0
    outer loop
      vertex 41 0 39
      vertex 40.919095865559136 2.5744113007018483 0
      vertex 41 0 0
    endloop
  endfacet
  facet normal -0.99556196460308 -0.09410831331851409 0
    outer loop
      vertex 40.919095865559136 2.5744113007018483 39
      vertex 40.67670275389359 5.138662576136475 0
      vertex 40.919095865559136 2.5744113007018483 0
    endloop
  endfacet
  facet normal -0.9876883405951374 -0.15643446504023215 0
    outer loop
      vertex 40.67670275389359 5.138662576136475 39
      vertex 40.273777279876235 7.68263389801471 0
      vertex 40.67670275389359 5.138662576136475 0
    endloop
  endfacet
  facet normal 0.6902476369981821 0.154288626626271 -0.7069322593517748
    outer loop
      vertex 43.5862422507884 11.191044922418465 4
      vertex 40.273777279876235 7.68263389801471 0
      vertex 39.71190960627388 10.196285373759046 0
    endloop
  endfacet
  facet normal 0.6791977279353122 0.19732518099650742 -0.7069322593517748
    outer loop
      vertex 42.79754323328191 13.905764746872633 4
      vertex 39.71190960627388 10.196285373759046 0
      vertex 38.99331716810129 12.669696769372843 0
    endloop
  endfacet
  facet normal -0.9759167619387477 -0.21814324139654157 0
    outer loop
      vertex 40.273777279876235 7.68263389801471 39
      vertex 39.71190960627388 10.196285373759046 0
      vertex 40.273777279876235 7.68263389801471 0
    endloop
  endfacet
  facet normal -0.9602936856769424 -0.27899110603923155 0
    outer loop
      vertex 39.71190960627388 10.196285373759046 39
      vertex 38.99331716810129 12.669696769372843 0
      vertex 39.71190960627388 10.196285373759046 0
    endloop
  endfacet
  facet normal -0.9408807689542258 -0.3387379202452906 0
    outer loop
      vertex 38.99331716810129 12.669696769372843 39
      vertex 38.120835921418305 15.093106660071797 0
      vertex 38.99331716810129 12.669696769372843 0
    endloop
  endfacet
  facet normal -0.9995065603657315 -0.03141075907812757 0
    outer loop
      vertex 41 0 39
      vertex 40.919095865559136 2.5744113007018483 39
      vertex 40.919095865559136 2.5744113007018483 0
    endloop
  endfacet
  facet normal -0.99556196460308 -0.09410831331851409 0
    outer loop
      vertex 40.919095865559136 2.5744113007018483 39
      vertex 40.67670275389359 5.138662576136475 39
      vertex 40.67670275389359 5.138662576136475 0
    endloop
  endfacet
  facet normal -0.9876883405951374 -0.15643446504023215 0
    outer loop
      vertex 40.67670275389359 5.138662576136475 39
      vertex 40.273777279876235 7.68263389801471 39
      vertex 40.273777279876235 7.68263389801471 0
    endloop
  endfacet
  facet normal -0.9759167619387477 -0.21814324139654157 0
    outer loop
      vertex 40.273777279876235 7.68263389801471 39
      vertex 39.71190960627388 10.196285373759046 39
      vertex 39.71190960627388 10.196285373759046 0
    endloop
  endfacet
  facet normal -0.9602936856769424 -0.27899110603923155 0
    outer loop
      vertex 39.71190960627388 10.196285373759046 39
      vertex 38.99331716810129 12.669696769372843 39
      vertex 38.99331716810129 12.669696769372843 0
    endloop
  endfacet
  facet normal 0.5588618327152176 0.4334976731448316 -0.7069322593517746
    outer loop
      vertex 34.67309592491051 28.684079538691037 4
      vertex 33.16969676937285 24.099195343991397 0
      vertex 31.591042953807356 26.13438357969628 0
    endloop
  endfacet
  facet normal -0.8270805742745618 -0.5620833778521305 0
    outer loop
      vertex 34.61744494558262 21.968898594138864 39
      vertex 33.16969676937285 24.099195343991397 0
      vertex 34.61744494558262 21.968898594138864 0
    endloop
  endfacet
  facet normal -0.7901550123756897 -0.6129070536529773 0
    outer loop
      vertex 33.16969676937285 24.099195343991397 39
      vertex 31.591042953807356 26.13438357969628 0
      vertex 33.16969676937285 24.099195343991397 0
    endloop
  endfacet
  facet normal -0.7501110696304604 -0.661311865323651 0
    outer loop
      vertex 31.591042953807356 26.13438357969628 39
      vertex 29.887713724277873 28.06643134307624 0
      vertex 31.591042953807356 26.13438357969628 0
    endloop
  endfacet
  facet normal 0.6301922170587584 0.32109897266475534 -0.7069322593517751
    outer loop
      vertex 39.433800601973864 21.67891533457719 4
      vertex 37.097909151106805 17.45695095416798 0
      vertex 35.92857388179841 19.75190063817033 0
    endloop
  endfacet
  facet normal 0.6654673357362094 0.23958298302664624 -0.7069322593517746
    outer loop
      vertex 41.83994186497131 16.56560487081051 4
      vertex 38.99331716810129 12.669696769372843 0
      vertex 38.120835921418305 15.093106660071797 0
    endloop
  endfacet
  facet normal 0.6654673357362091 0.2395829830266466 -0.7069322593517748
    outer loop
      vertex 42.79754323328191 13.905764746872633 4
      vertex 38.99331716810129 12.669696769372843 0
      vertex 41.83994186497131 16.56560487081051 4
    endloop
  endfacet
  facet normal 0.6491106479860616 0.2808952604778342 -0.7069322593517747
    outer loop
      vertex 40.71721736097088 19.16006812042827 4
      vertex 41.83994186497131 16.56560487081051 4
      vertex 38.120835921418305 15.093106660071797 0
    endloop
  endfacet
  facet normal 0.6491106479860622 0.2808952604778335 -0.7069322593517745
    outer loop
      vertex 40.71721736097088 19.16006812042827 4
      vertex 38.120835921418305 15.093106660071797 0
      vertex 37.097909151106805 17.45695095416798 0
    endloop
  endfacet
  facet normal 0.6301922170587597 0.321098972664754 -0.7069322593517744
    outer loop
      vertex 40.71721736097088 19.16006812042827 4
      vertex 37.097909151106805 17.45695095416798 0
      vertex 39.433800601973864 21.67891533457719 4
    endloop
  endfacet
  facet normal -0.9177546256839821 -0.3971478906347783 0
    outer loop
      vertex 38.120835921418305 15.093106660071797 39
      vertex 37.097909151106805 17.45695095416798 0
      vertex 38.120835921418305 15.093106660071797 0
    endloop
  endfacet
  facet normal -0.8607420270039438 -0.5090414157503712 0
    outer loop
      vertex 35.92857388179841 19.75190063817033 39
      vertex 34.61744494558262 21.968898594138864 0
      vertex 35.92857388179841 19.75190063817033 0
    endloop
  endfacet
  facet normal -0.8910065241883675 -0.4539904997395477 0
    outer loop
      vertex 37.097909151106805 17.45695095416798 39
      vertex 35.92857388179841 19.75190063817033 0
      vertex 37.097909151106805 17.45695095416798 0
    endloop
  endfacet
  facet normal 0.6087867053581639 0.36003545390273356 -0.7069322593517746
    outer loop
      vertex 37.99475664759068 24.11220577405485 4
      vertex 35.92857388179841 19.75190063817033 0
      vertex 34.61744494558262 21.968898594138864 0
    endloop
  endfacet
  facet normal 0.6087867053581629 0.3600354539027344 -0.7069322593517751
    outer loop
      vertex 39.433800601973864 21.67891533457719 4
      vertex 35.92857388179841 19.75190063817033 0
      vertex 37.99475664759068 24.11220577405485 4
    endloop
  endfacet
  facet normal 0.5849785906597097 0.39755103968871114 -0.7069322593517746
    outer loop
      vertex 36.405764746872634 26.45033635316129 4
      vertex 34.61744494558262 21.968898594138864 0
      vertex 33.16969676937285 24.099195343991397 0
    endloop
  endfacet
  facet normal 0.5588618327152178 0.4334976731448315 -0.7069322593517746
    outer loop
      vertex 36.405764746872634 26.45033635316129 4
      vertex 33.16969676937285 24.099195343991397 0
      vertex 34.67309592491051 28.684079538691037 4
    endloop
  endfacet
  facet normal 0.5849785906597096 0.3975510396887111 -0.7069322593517746
    outer loop
      vertex 36.405764746872634 26.45033635316129 4
      vertex 37.99475664759068 24.11220577405485 4
      vertex 34.61744494558262 21.968898594138864 0
    endloop
  endfacet
  facet normal -0.7501110696304604 -0.661311865323651 0
    outer loop
      vertex 29.887713724277873 28.06643134307624 39
      vertex 29.887713724277873 28.06643134307624 0
      vertex 31.591042953807356 26.13438357969628 39
    endloop
  endfacet
  facet normal -0.8270805742745618 -0.5620833778521305 0
    outer loop
      vertex 34.61744494558262 21.968898594138864 39
      vertex 33.16969676937285 24.099195343991397 39
      vertex 33.16969676937285 24.099195343991397 0
    endloop
  endfacet
  facet normal -0.7901550123756897 -0.6129070536529773 0
    outer loop
      vertex 33.16969676937285 24.099195343991397 39
      vertex 31.591042953807356 26.13438357969628 39
      vertex 31.591042953807356 26.13438357969628 0
    endloop
  endfacet
  facet normal 0.8910065241883686 0.45399049973954547 0
    outer loop
      vertex 40.71721736097088 19.16006812042827 4
      vertex 39.433800601973864 21.67891533457719 4
      vertex 40.71721736097088 19.16006812042827 40
    endloop
  endfacet
  facet normal -0.9177546256839821 -0.3971478906347783 0
    outer loop
      vertex 38.120835921418305 15.093106660071797 39
      vertex 37.097909151106805 17.45695095416798 39
      vertex 37.097909151106805 17.45695095416798 0
    endloop
  endfacet
  facet normal -0.8910065241883675 -0.4539904997395477 0
    outer loop
      vertex 37.097909151106805 17.45695095416798 39
      vertex 35.92857388179841 19.75190063817033 39
      vertex 35.92857388179841 19.75190063817033 0
    endloop
  endfacet
  facet normal -0.9408807689542258 -0.3387379202452906 0
    outer loop
      vertex 38.120835921418305 15.093106660071797 39
      vertex 38.120835921418305 15.093106660071797 0
      vertex 38.99331716810129 12.669696769372843 39
    endloop
  endfacet
  facet normal 0.9177546256839816 0.39714789063477957 0
    outer loop
      vertex 40.71721736097088 19.16006812042827 4
      vertex 40.71721736097088 19.16006812042827 40
      vertex 41.83994186497131 16.56560487081051 40
    endloop
  endfacet
  facet normal 0.7901550123756899 0.612907053652977 0
    outer loop
      vertex 36.405764746872634 26.45033635316129 4
      vertex 34.67309592491051 28.684079538691037 4
      vertex 36.405764746872634 26.45033635316129 40
    endloop
  endfacet
  facet normal 0.8270805742745618 0.5620833778521305 0
    outer loop
      vertex 36.405764746872634 26.45033635316129 4
      vertex 37.99475664759068 24.11220577405485 40
      vertex 37.99475664759068 24.11220577405485 4
    endloop
  endfacet
  facet normal 0.8607420270039429 0.5090414157503728 0
    outer loop
      vertex 39.433800601973864 21.67891533457719 4
      vertex 37.99475664759068 24.11220577405485 4
      vertex 39.433800601973864 21.67891533457719 40
    endloop
  endfacet
  facet normal -0.8607420270039438 -0.5090414157503712 0
    outer loop
      vertex 34.61744494558262 21.968898594138864 39
      vertex 34.61744494558262 21.968898594138864 0
      vertex 35.92857388179841 19.75190063817033 39
    endloop
  endfacet
  facet normal 0.8270805742745618 0.5620833778521305 0
    outer loop
      vertex 36.405764746872634 26.45033635316129 4
      vertex 36.405764746872634 26.45033635316129 40
      vertex 37.99475664759068 24.11220577405485 40
    endloop
  endfacet
  facet normal 0.8607420270039429 0.5090414157503728 0
    outer loop
      vertex 37.99475664759068 24.11220577405485 4
      vertex 37.99475664759068 24.11220577405485 40
      vertex 39.433800601973864 21.67891533457719 40
    endloop
  endfacet
  facet normal 0.8910065241883686 0.45399049973954547 0
    outer loop
      vertex 39.433800601973864 21.67891533457719 4
      vertex 39.433800601973864 21.67891533457719 40
      vertex 40.71721736097088 19.16006812042827 40
    endloop
  endfacet
  facet normal 0.7069322593517747 0.02221624125701567 -0.7069322593517748
    outer loop
      vertex 44.91120277927222 2.8255733788191018 4
      vertex 41 0 0
      vertex 40.919095865559136 2.5744113007018483 0
    endloop
  endfacet
  facet normal 0.7069322593517748 0.0222162412570155 -0.7069322593517748
    outer loop
      vertex 45 0 4
      vertex 41 0 0
      vertex 44.91120277927222 2.8255733788191018 4
    endloop
  endfacet
  facet normal 0.7041423206907417 0.06656104641644214 -0.7069322593517747
    outer loop
      vertex 44.645161559151504 5.639995510393692 4
      vertex 40.919095865559136 2.5744113007018483 0
      vertex 40.67670275389359 5.138662576136475 0
    endloop
  endfacet
  facet normal 0.7041423206907415 0.06656104641644264 -0.7069322593517748
    outer loop
      vertex 44.645161559151504 5.639995510393692 4
      vertex 44.91120277927222 2.8255733788191018 4
      vertex 40.919095865559136 2.5744113007018483 0
    endloop
  endfacet
  facet normal 0.6985734539819685 0.11064316553451271 -0.7069322593517747
    outer loop
      vertex 44.645161559151504 5.639995510393692 4
      vertex 40.67670275389359 5.138662576136475 0
      vertex 44.20292628279099 8.432159156357608 4
    endloop
  endfacet
  facet normal 0.6985734539819684 0.1106431655345132 -0.7069322593517748
    outer loop
      vertex 44.20292628279099 8.432159156357608 4
      vertex 40.67670275389359 5.138662576136475 0
      vertex 40.273777279876235 7.68263389801471 0
    endloop
  endfacet
  facet normal 0.6902476369981819 0.15428862662627124 -0.7069322593517748
    outer loop
      vertex 44.20292628279099 8.432159156357608 4
      vertex 40.273777279876235 7.68263389801471 0
      vertex 43.5862422507884 11.191044922418465 4
    endloop
  endfacet
  facet normal 0.6791977279353125 0.19732518099650717 -0.7069322593517747
    outer loop
      vertex 43.5862422507884 11.191044922418465 4
      vertex 39.71190960627388 10.196285373759046 0
      vertex 42.79754323328191 13.905764746872633 4
    endloop
  endfacet
  facet normal 0.9876883405951375 0.15643446504023142 0
    outer loop
      vertex 44.645161559151504 5.639995510393692 4
      vertex 44.20292628279099 8.432159156357608 4
      vertex 44.645161559151504 5.639995510393692 40
    endloop
  endfacet
  facet normal 0.9995065603657315 0.03141075907812732 0
    outer loop
      vertex 45 0 4
      vertex 44.91120277927222 2.8255733788191018 4
      vertex 45 0 40
    endloop
  endfacet
  facet normal 0.9955619646030801 0.09410831331851484 0
    outer loop
      vertex 44.645161559151504 5.639995510393692 4
      vertex 44.91120277927222 2.8255733788191018 40
      vertex 44.91120277927222 2.8255733788191018 4
    endloop
  endfacet
  facet normal 0.9995065603657315 0.03141075907812732 0
    outer loop
      vertex 44.91120277927222 2.8255733788191018 4
      vertex 44.91120277927222 2.8255733788191018 40
      vertex 45 0 40
    endloop
  endfacet
  facet normal 0.9955619646030801 0.09410831331851484 0
    outer loop
      vertex 44.645161559151504 5.639995510393692 4
      vertex 44.645161559151504 5.639995510393692 40
      vertex 44.91120277927222 2.8255733788191018 40
    endloop
  endfacet
  facet normal 0.9759167619387477 0.21814324139654195 0
    outer loop
      vertex 44.20292628279099 8.432159156357608 4
      vertex 43.5862422507884 11.191044922418465 4
      vertex 44.20292628279099 8.432159156357608 40
    endloop
  endfacet
  facet normal 0.9602936856769426 0.27899110603923116 0
    outer loop
      vertex 43.5862422507884 11.191044922418465 4
      vertex 42.79754323328191 13.905764746872633 4
      vertex 43.5862422507884 11.191044922418465 40
    endloop
  endfacet
  facet normal 0.9876883405951375 0.15643446504023142 0
    outer loop
      vertex 44.20292628279099 8.432159156357608 4
      vertex 44.20292628279099 8.432159156357608 40
      vertex 44.645161559151504 5.639995510393692 40
    endloop
  endfacet
  facet normal 0.9759167619387477 0.21814324139654195 0
    outer loop
      vertex 43.5862422507884 11.191044922418465 4
      vertex 43.5862422507884 11.191044922418465 40
      vertex 44.20292628279099 8.432159156357608 40
    endloop
  endfacet
  facet normal 0.9602936856769426 0.27899110603923116 0
    outer loop
      vertex 42.79754323328191 13.905764746872633 4
      vertex 42.79754323328191 13.905764746872633 40
      vertex 43.5862422507884 11.191044922418465 40
    endloop
  endfacet
  facet normal 0.9408807689542256 0.33873792024529126 0
    outer loop
      vertex 42.79754323328191 13.905764746872633 4
      vertex 41.83994186497131 16.56560487081051 4
      vertex 42.79754323328191 13.905764746872633 40
    endloop
  endfacet
  facet normal 0.9177546256839816 0.39714789063477957 0
    outer loop
      vertex 40.71721736097088 19.16006812042827 4
      vertex 41.83994186497131 16.56560487081051 40
      vertex 41.83994186497131 16.56560487081051 4
    endloop
  endfacet
  facet normal 0.9408807689542256 0.33873792024529126 0
    outer loop
      vertex 41.83994186497131 16.56560487081051 4
      vertex 41.83994186497131 16.56560487081051 40
      vertex 42.79754323328191 13.905764746872633 40
    endloop
  endfacet
  facet normal -0.8928210327359496 -0.3863581614760968 0.23151236374138418
    outer loop
      vertex 38.120835921418305 15.093106660071797 39
      vertex 46.975850072734985 18.599054780878255 79
      vertex 37.097909151106805 17.45695095416798 39
    endloop
  endfacet
  facet normal -0.8667996246899344 -0.44165646839174216 0.23151236374138412
    outer loop
      vertex 37.097909151106805 17.45695095416798 39
      vertex 45.71530965078318 21.51199182621629 79
      vertex 35.92857388179841 19.75190063817033 39
    endloop
  endfacet
  facet normal -0.7686880506268017 -0.596255571259879 0.23151236374138415
    outer loop
      vertex 33.16969676937285 24.099195343991397 39
      vertex 40.87462052532473 29.697150127729238 79
      vertex 31.591042953807356 26.13438357969628 39
    endloop
  endfacet
  facet normal -0.8046104174406283 -0.5468126750367942 0.23151236374138415
    outer loop
      vertex 34.61744494558262 21.968898594138864 39
      vertex 42.65866328369705 27.072010927272164 79
      vertex 33.16969676937285 24.099195343991397 39
    endloop
  endfacet
  facet normal -0.8373573545283503 -0.49521175900028863 0.23151236374138404
    outer loop
      vertex 34.61744494558262 21.968898594138864 39
      vertex 35.92857388179841 19.75190063817033 39
      vertex 44.27435178697806 24.34003086771047 79
    endloop
  endfacet
  facet normal 0.8024093013606783 0.5453167980935495 -0.24242298324801448
    outer loop
      vertex 36.405764746872634 26.45033635316129 40
      vertex 46.43803590261083 29.470473723844815 80
      vertex 37.99475664759068 24.11220577405485 40
    endloop
  endfacet
  facet normal -0.9723519277138133 -0.030557390368098934 0.23151236374138398
    outer loop
      vertex 41 0 39
      vertex 50.424112326780765 3.1724162486000713 79
      vertex 40.919095865559136 2.5744113007018483 39
    endloop
  endfacet
  facet normal -0.9685144988804671 -0.09155157504485953 0.23151236374138395
    outer loop
      vertex 40.919095865559136 2.5744113007018483 39
      vertex 50.125414194983854 6.332312419606039 79
      vertex 40.67670275389359 5.138662576136475 39
    endloop
  endfacet
  facet normal -0.9608547857922257 -0.15218444748085516 0.23151236374138415
    outer loop
      vertex 40.67670275389359 5.138662576136475 39
      vertex 49.628893953482795 9.46721784645018 79
      vertex 40.273777279876235 7.68263389801471 39
    endloop
  endfacet
  facet normal -0.9494030178372588 -0.21221671742910075 0.23151236374138412
    outer loop
      vertex 40.273777279876235 7.68263389801471 39
      vertex 49.628893953482795 9.46721784645018 79
      vertex 39.71190960627388 10.196285373759046 39
    endloop
  endfacet
  facet normal -0.9342043899118678 -0.27141146494625507 0.2315123637413839
    outer loop
      vertex 39.71190960627388 10.196285373759046 39
      vertex 48.93651114083226 12.564760489614807 79
      vertex 38.99331716810129 12.669696769372843 39
    endloop
  endfacet
  facet normal 0.9582262429923056 0.15176812720062002 -0.2424229832480146
    outer loop
      vertex 44.645161559151504 5.639995510393692 40
      vertex 44.20292628279099 8.432159156357608 40
      vertex 54.566308572296286 6.893327846036734 80
    endloop
  endfacet
  facet normal 0.9468058028328074 0.2116361710938284 -0.2424229832480146
    outer loop
      vertex 44.20292628279099 8.432159156357608 40
      vertex 43.5862422507884 11.191044922418465 40
      vertex 54.02579879007788 10.305972302214855 80
    endloop
  endfacet
  facet normal 0.931648752723953 0.2706689837071026 -0.24242298324801434
    outer loop
      vertex 43.5862422507884 11.191044922418465 40
      vertex 42.79754323328191 13.905764746872633 40
      vertex 53.272073862074706 13.677943794067014 80
    endloop
  endfacet
  facet normal 0.9696919329920581 0.03047379666629891 -0.24242298324801453
    outer loop
      vertex 45 0 40
      vertex 44.91120277927222 2.8255733788191018 40
      vertex 55 0 80
    endloop
  endfacet
  facet normal 0.9658650019426427 0.09130112384561155 -0.24242298324801437
    outer loop
      vertex 44.645161559151504 5.639995510393692 40
      vertex 54.891470063554934 3.4534785741122356 80
      vertex 44.91120277927222 2.8255733788191018 40
    endloop
  endfacet
  facet normal -0.9153188840568843 -0.3295350754073639 0.23151236374138406
    outer loop
      vertex 38.120835921418305 15.093106660071797 39
      vertex 38.99331716810129 12.669696769372843 39
      vertex 48.05099827567418 15.612715763419962 79
    endloop
  endfacet
  facet normal 0.8903786050851564 0.3853012286507064 -0.2424229832480145
    outer loop
      vertex 40.71721736097088 19.16006812042827 40
      vertex 51.137706723853825 20.246850397657287 80
      vertex 41.83994186497131 16.56560487081051 40
    endloop
  endfacet
  facet normal 0.912814910617927 0.3286335894985766 -0.24242298324801453
    outer loop
      vertex 42.79754323328191 13.905764746872633 40
      vertex 41.83994186497131 16.56560487081051 40
      vertex 52.30810839623344 16.995934690622107 80
    endloop
  endfacet
  facet normal 0.8644283819734062 0.44044825988074 -0.24242298324801456
    outer loop
      vertex 40.71721736097088 19.16006812042827 40
      vertex 39.433800601973864 21.67891533457719 40
      vertex 49.765487885631075 23.417861036078996 80
    endloop
  endfacet
  facet normal 0.8350666549577677 0.49385704305069655 -0.2424229832480143
    outer loop
      vertex 39.433800601973864 21.67891533457719 40
      vertex 37.99475664759068 24.11220577405485 40
      vertex 48.196867402412494 26.49645207559434 80
    endloop
  endfacet
  facet normal 0.5001233751224767 0.5001233751224767 -0.7069322593517745
    outer loop
      vertex 30.804619766790992 32.80358823396352 4
      vertex 29.887713724277873 28.06643134307624 0
      vertex 28.06643134307624 29.887713724277873 0
    endloop
  endfacet
  facet normal 0.4677334893312961 0.5305395024366852 -0.7069322593517747
    outer loop
      vertex 28.684079538691037 34.67309592491051 4
      vertex 28.06643134307624 29.887713724277873 0
      vertex 26.13438357969628 31.591042953807356 0
    endloop
  endfacet
  facet normal 0.46773348933129644 0.530539502436685 -0.7069322593517745
    outer loop
      vertex 30.804619766790992 32.80358823396352 4
      vertex 28.06643134307624 29.887713724277873 0
      vertex 28.684079538691037 34.67309592491051 4
    endloop
  endfacet
  facet normal 0.5305395024366854 0.46773348933129616 -0.7069322593517746
    outer loop
      vertex 32.80358823396352 30.804619766790992 4
      vertex 31.591042953807356 26.13438357969628 0
      vertex 29.887713724277873 28.06643134307624 0
    endloop
  endfacet
  facet normal 0.5001233751224768 0.5001233751224768 -0.7069322593517745
    outer loop
      vertex 30.804619766790992 32.80358823396352 4
      vertex 32.80358823396352 30.804619766790992 4
      vertex 29.887713724277873 28.06643134307624 0
    endloop
  endfacet
  facet normal 0.5305395024366849 0.4677334893312964 -0.7069322593517747
    outer loop
      vertex 32.80358823396352 30.804619766790992 4
      vertex 34.67309592491051 28.684079538691037 4
      vertex 31.591042953807356 26.13438357969628 0
    endloop
  endfacet
  facet normal -0.7071067811865475 -0.7071067811865475 0
    outer loop
      vertex 29.887713724277873 28.06643134307624 39
      vertex 28.06643134307624 29.887713724277873 0
      vertex 29.887713724277873 28.06643134307624 0
    endloop
  endfacet
  facet normal 0.6613118653236515 0.7501110696304599 0
    outer loop
      vertex 30.804619766790992 32.80358823396352 4
      vertex 28.684079538691037 34.67309592491051 4
      vertex 28.684079538691037 34.67309592491051 40
    endloop
  endfacet
  facet normal 0.7501110696304599 0.6613118653236515 0
    outer loop
      vertex 32.80358823396352 30.804619766790992 4
      vertex 34.67309592491051 28.684079538691037 40
      vertex 34.67309592491051 28.684079538691037 4
    endloop
  endfacet
  facet normal 0.7071067811865476 0.7071067811865476 0
    outer loop
      vertex 30.804619766790992 32.80358823396352 4
      vertex 32.80358823396352 30.804619766790992 40
      vertex 32.80358823396352 30.804619766790992 4
    endloop
  endfacet
  facet normal -0.7071067811865475 -0.7071067811865475 0
    outer loop
      vertex 28.06643134307624 29.887713724277873 39
      vertex 28.06643134307624 29.887713724277873 0
      vertex 29.887713724277873 28.06643134307624 39
    endloop
  endfacet
  facet normal 0.6613118653236515 0.7501110696304599 0
    outer loop
      vertex 30.804619766790992 32.80358823396352 4
      vertex 28.684079538691037 34.67309592491051 40
      vertex 30.804619766790992 32.80358823396352 40
    endloop
  endfacet
  facet normal 0.7501110696304599 0.6613118653236515 0
    outer loop
      vertex 32.80358823396352 30.804619766790992 4
      vertex 32.80358823396352 30.804619766790992 40
      vertex 34.67309592491051 28.684079538691037 40
    endloop
  endfacet
  facet normal 0.7071067811865476 0.7071067811865476 0
    outer loop
      vertex 30.804619766790992 32.80358823396352 4
      vertex 30.804619766790992 32.80358823396352 40
      vertex 32.80358823396352 30.804619766790992 40
    endloop
  endfacet
  facet normal 0.612907053652977 0.7901550123756899 0
    outer loop
      vertex 26.45033635316129 36.405764746872634 40
      vertex 28.684079538691037 34.67309592491051 40
      vertex 28.684079538691037 34.67309592491051 4
    endloop
  endfacet
  facet normal 0.7901550123756899 0.612907053652977 0
    outer loop
      vertex 36.405764746872634 26.45033635316129 40
      vertex 34.67309592491051 28.684079538691037 4
      vertex 34.67309592491051 28.684079538691037 40
    endloop
  endfacet
  facet normal -0.6433453191464577 -0.7297320232573185 0.2315123637413842
    outer loop
      vertex 26.13438357969628 31.591042953807356 39
      vertex 28.06643134307624 29.887713724277873 39
      vertex 32.20508824396952 38.92926431357678 79
    endloop
  endfacet
  facet normal -0.6878960769748862 -0.6878960769748862 0.2315123637413842
    outer loop
      vertex 28.06643134307624 29.887713724277873 39
      vertex 29.887713724277873 28.06643134307624 39
      vertex 36.83027208067227 34.585927590016134 79
    endloop
  endfacet
  facet normal -0.7297320232573185 -0.6433453191464577 0.2315123637413841
    outer loop
      vertex 29.887713724277873 28.06643134307624 39
      vertex 31.591042953807356 26.13438357969628 39
      vertex 38.92926431357678 32.20508824396951 79
    endloop
  endfacet
  facet normal 0.5946244368658765 0.7665852048370566 -0.2424229832480145
    outer loop
      vertex 26.45033635316129 36.405764746872634 40
      vertex 32.328188876086024 44.49593469062211 80
      vertex 28.684079538691037 34.67309592491051 40
    endloop
  endfacet
  facet normal 0.641585364643957 0.7277357467294111 -0.24242298324801453
    outer loop
      vertex 30.804619766790992 32.80358823396352 40
      vertex 28.684079538691037 34.67309592491051 40
      vertex 35.05831943617794 42.3782283526684 80
    endloop
  endfacet
  facet normal 0.686014248100261 0.686014248100261 -0.24242298324801456
    outer loop
      vertex 30.804619766790992 32.80358823396352 40
      vertex 40.093274508177636 37.65009082607788 80
      vertex 32.80358823396352 30.804619766790992 40
    endloop
  endfacet
  facet normal 0.7277357467294111 0.641585364643957 -0.24242298324801453
    outer loop
      vertex 32.80358823396352 30.804619766790992 40
      vertex 42.3782283526684 35.05831943617794 80
      vertex 34.67309592491051 28.684079538691037 40
    endloop
  endfacet
  facet normal 0.7665852048370566 0.5946244368658765 -0.2424229832480145
    outer loop
      vertex 36.405764746872634 26.45033635316129 40
      vertex 34.67309592491051 28.684079538691037 40
      vertex 44.49593469062211 32.328188876086024 80
    endloop
  endfacet
  facet normal -0.03055739036810107 -0.9723519277138133 0.23151236374138404
    outer loop
      vertex 2.5744113007018443 40.919095865559136 39
      vertex 3.172416248600066 50.424112326780765 79
      vertex 0 50.523809523809526 79
    endloop
  endfacet
  facet normal -0.0915515750448593 -0.9685144988804671 0.23151236374138395
    outer loop
      vertex 5.1386625761364755 40.67670275389359 39
      vertex 6.3323124196060405 50.125414194983854 79
      vertex 3.172416248600066 50.424112326780765 79
    endloop
  endfacet
  facet normal 0.0304737966663005 0.9696919329920579 -0.24242298324801434
    outer loop
      vertex 2.8255733788190973 44.91120277927222 40
      vertex 0 55 80
      vertex 3.4534785741122302 54.891470063554934 80
    endloop
  endfacet
  facet normal 0.09130112384560872 0.9658650019426428 -0.24242298324801456
    outer loop
      vertex 5.6399955103936925 44.645161559151504 40
      vertex 3.4534785741122302 54.891470063554934 80
      vertex 6.893327846036736 54.566308572296286 80
    endloop
  endfacet
  facet normal -0.15218444748085358 -0.9608547857922258 0.23151236374138406
    outer loop
      vertex 7.682633898014707 40.273777279876235 39
      vertex 9.467217846450179 49.628893953482795 79
      vertex 6.3323124196060405 50.125414194983854 79
    endloop
  endfacet
  facet normal -0.21221671742910375 -0.9494030178372581 0.23151236374138387
    outer loop
      vertex 10.196285373759048 39.71190960627388 39
      vertex 12.564760489614809 48.93651114083226 79
      vertex 9.467217846450179 49.628893953482795 79
    endloop
  endfacet
  facet normal -0.2714114649462523 -0.9342043899118686 0.23151236374138406
    outer loop
      vertex 12.669696769372843 38.99331716810129 39
      vertex 15.612715763419962 48.05099827567418 79
      vertex 12.564760489614809 48.93651114083226 79
    endloop
  endfacet
  facet normal 0.1517681272006209 0.9582262429923056 -0.24242298324801453
    outer loop
      vertex 8.432159156357606 44.20292628279099 40
      vertex 6.893327846036736 54.566308572296286 80
      vertex 10.305972302214851 54.02579879007788 80
    endloop
  endfacet
  facet normal 0.21163617109383046 0.9468058028328068 -0.2424229832480143
    outer loop
      vertex 11.191044922418468 43.5862422507884 40
      vertex 10.305972302214851 54.02579879007788 80
      vertex 13.677943794067017 53.272073862074706 80
    endloop
  endfacet
  facet normal 0 0 1
    outer loop
      vertex 0 50.523809523809526 79
      vertex 3.2023164959949773 50.89936314984185 79
      vertex 0 51 79
    endloop
  endfacet
  facet normal 0 0 1
    outer loop
      vertex 0 50.523809523809526 79
      vertex 3.172416248600066 50.424112326780765 79
      vertex 3.2023164959949773 50.89936314984185 79
    endloop
  endfacet
  facet normal 0 0 1
    outer loop
      vertex 3.172416248600066 50.424112326780765 79
      vertex 6.391994911779519 50.59784976703837 79
      vertex 3.2023164959949773 50.89936314984185 79
    endloop
  endfacet
  facet normal 0 0 1
    outer loop
      vertex 3.172416248600066 50.424112326780765 79
      vertex 6.3323124196060405 50.125414194983854 79
      vertex 6.391994911779519 50.59784976703837 79
    endloop
  endfacet
  facet normal 0 0 1
    outer loop
      vertex 6.3323124196060405 50.125414194983854 79
      vertex 9.556447043871954 50.09664978716312 79
      vertex 6.391994911779519 50.59784976703837 79
    endloop
  endfacet
  facet normal 0 0 1
    outer loop
      vertex 6.3323124196060405 50.125414194983854 79
      vertex 9.467217846450179 49.628893953482795 79
      vertex 9.556447043871954 50.09664978716312 79
    endloop
  endfacet
  facet normal 0 0 1
    outer loop
      vertex 9.467217846450179 49.628893953482795 79
      vertex 12.683184245407597 49.39774121756018 79
      vertex 9.556447043871954 50.09664978716312 79
    endloop
  endfacet
  facet normal 0 0 1
    outer loop
      vertex 9.467217846450179 49.628893953482795 79
      vertex 12.564760489614809 48.93651114083226 79
      vertex 12.683184245407597 49.39774121756018 79
    endloop
  endfacet
  facet normal 0 0 1
    outer loop
      vertex 12.564760489614809 48.93651114083226 79
      vertex 15.759866713122317 48.50388233105283 79
      vertex 12.683184245407597 49.39774121756018 79
    endloop
  endfacet
  facet normal -0.4952117590002871 -0.837357354528351 0.23151236374138412
    outer loop
      vertex 21.968898594138864 34.61744494558262 39
      vertex 27.072010927272164 42.65866328369705 79
      vertex 24.34003086771047 44.27435178697806 79
    endloop
  endfacet
  facet normal -0.5468126750367945 -0.8046104174406283 0.23151236374138418
    outer loop
      vertex 24.099195343991397 33.16969676937285 39
      vertex 29.697150127729238 40.87462052532473 79
      vertex 27.072010927272164 42.65866328369705 79
    endloop
  endfacet
  facet normal -0.32953507540736404 -0.9153188840568843 0.2315123637413839
    outer loop
      vertex 15.093106660071792 38.12083592141831 39
      vertex 18.599054780878248 46.975850072734985 79
      vertex 15.612715763419962 48.05099827567418 79
    endloop
  endfacet
  facet normal -0.38635816147609786 -0.892821032735949 0.23151236374138412
    outer loop
      vertex 17.456950954167983 37.0979091511068 39
      vertex 21.511991826216292 45.715309650783176 79
      vertex 18.599054780878248 46.975850072734985 79
    endloop
  endfacet
  facet normal 0.27066898370710035 0.9316487527239534 -0.24242298324801448
    outer loop
      vertex 13.905764746872633 42.79754323328191 40
      vertex 13.677943794067017 53.272073862074706 80
      vertex 16.995934690622107 52.30810839623344 80
    endloop
  endfacet
  facet normal 0.3286335894985751 0.9128149106179275 -0.24242298324801453
    outer loop
      vertex 16.565604870810503 41.839941864971316 40
      vertex 16.995934690622107 52.30810839623344 80
      vertex 20.246850397657283 51.13770672385383 80
    endloop
  endfacet
  facet normal -0.4416564683917418 -0.8667996246899347 0.23151236374138415
    outer loop
      vertex 19.751900638170323 35.92857388179841 39
      vertex 24.34003086771047 44.27435178697806 79
      vertex 21.511991826216292 45.715309650783176 79
    endloop
  endfacet
  facet normal 0.3853012286507092 0.8903786050851552 -0.24242298324801442
    outer loop
      vertex 19.16006812042827 40.71721736097088 40
      vertex 20.246850397657283 51.13770672385383 80
      vertex 23.417861036079 49.76548788563107 80
    endloop
  endfacet
  facet normal 0.4404482598807414 0.8644283819734057 -0.2424229832480144
    outer loop
      vertex 21.678915334577184 39.433800601973864 40
      vertex 23.417861036079 49.76548788563107 80
      vertex 26.496452075594338 48.196867402412494 80
    endloop
  endfacet
  facet normal 0.4938570430506943 0.835066654957769 -0.2424229832480145
    outer loop
      vertex 24.11220577405485 37.99475664759068 40
      vertex 26.496452075594338 48.196867402412494 80
      vertex 29.470473723844815 46.43803590261083 80
    endloop
  endfacet
  facet normal 0 0 1
    outer loop
      vertex 15.612715763419962 48.05099827567418 79
      vertex 18.77435218691857 47.41860078030082 79
      vertex 15.759866713122317 48.50388233105283 79
    endloop
  endfacet
  facet normal 0 0 1
    outer loop
      vertex 15.612715763419962 48.05099827567418 79
      vertex 18.599054780878248 46.975850072734985 79
      vertex 18.77435218691857 47.41860078030082 79
    endloop
  endfacet
  facet normal 0 0 1
    outer loop
      vertex 18.599054780878248 46.975850072734985 79
      vertex 21.511991826216292 45.715309650783176 79
      vertex 21.714743869818708 46.146179675766994 79
    endloop
  endfacet
  facet normal 0 0 1
    outer loop
      vertex 18.599054780878248 46.975850072734985 79
      vertex 21.714743869818708 46.146179675766994 79
      vertex 18.77435218691857 47.41860078030082 79
    endloop
  endfacet
  facet normal 0 0 1
    outer loop
      vertex 12.564760489614809 48.93651114083226 79
      vertex 15.612715763419962 48.05099827567418 79
      vertex 15.759866713122317 48.50388233105283 79
    endloop
  endfacet
  facet normal 0 0 1
    outer loop
      vertex 21.511991826216292 45.715309650783176 79
      vertex 24.569437379187477 44.69164068223704 79
      vertex 21.714743869818708 46.146179675766994 79
    endloop
  endfacet
  facet normal 0 0 1
    outer loop
      vertex 24.34003086771047 44.27435178697806 79
      vertex 24.569437379187477 44.69164068223704 79
      vertex 21.511991826216292 45.715309650783176 79
    endloop
  endfacet
  facet normal 0 0 1
    outer loop
      vertex 24.34003086771047 44.27435178697806 79
      vertex 27.32716654392883 43.06072420060277 79
      vertex 24.569437379187477 44.69164068223704 79
    endloop
  endfacet
  facet normal 0 0 1
    outer loop
      vertex 24.34003086771047 44.27435178697806 79
      vertex 27.072010927272164 42.65866328369705 79
      vertex 27.32716654392883 43.06072420060277 79
    endloop
  endfacet
  facet normal -0.03141075907812929 -0.9995065603657317 0
    outer loop
      vertex 0 51 79
      vertex 3.2023164959949773 50.89936314984185 79
      vertex 3.2023164959949773 50.89936314984185 120
    endloop
  endfacet
  facet normal 0.031410759078128965 0.9995065603657315 0
    outer loop
      vertex 0 55 80
      vertex 0 55 116
      vertex 3.4534785741122302 54.891470063554934 80
    endloop
  endfacet
  facet normal -0.0941083133185133 -0.9955619646030801 0
    outer loop
      vertex 3.2023164959949773 50.89936314984185 79
      vertex 6.391994911779519 50.59784976703837 79
      vertex 6.391994911779519 50.59784976703837 120
    endloop
  endfacet
  facet normal 0.09410831331851192 0.9955619646030802 0
    outer loop
      vertex 3.4534785741122302 54.891470063554934 80
      vertex 3.4534785741122302 54.891470063554934 116
      vertex 6.893327846036736 54.566308572296286 80
    endloop
  endfacet
  facet normal 0.031410759078128965 0.9995065603657315 0
    outer loop
      vertex 3.4534785741122302 54.891470063554934 80
      vertex 0 55 116
      vertex 3.4534785741122302 54.891470063554934 116
    endloop
  endfacet
  facet normal 0.09410831331851192 0.9955619646030802 0
    outer loop
      vertex 6.893327846036736 54.566308572296286 80
      vertex 3.4534785741122302 54.891470063554934 116
      vertex 6.893327846036736 54.566308572296286 116
    endloop
  endfacet
  facet normal -0.15643446504023079 -0.9876883405951378 0
    outer loop
      vertex 6.391994911779519 50.59784976703837 79
      vertex 9.556447043871954 50.09664978716312 79
      vertex 9.556447043871954 50.09664978716312 120
    endloop
  endfacet
  facet normal 0.15643446504023234 0.9876883405951374 0
    outer loop
      vertex 6.893327846036736 54.566308572296286 80
      vertex 6.893327846036736 54.566308572296286 116
      vertex 10.305972302214851 54.02579879007788 80
    endloop
  endfacet
  facet normal -0.2181432413965441 -0.975916761938747 0
    outer loop
      vertex 9.556447043871954 50.09664978716312 79
      vertex 12.683184245407597 49.39774121756018 79
      vertex 12.683184245407597 49.39774121756018 120
    endloop
  endfacet
  facet normal 0.21814324139654406 0.975916761938747 0
    outer loop
      vertex 10.305972302214851 54.02579879007788 80
      vertex 10.305972302214851 54.02579879007788 116
      vertex 13.677943794067017 53.272073862074706 80
    endloop
  endfacet
  facet normal 0.15643446504023234 0.9876883405951374 0
    outer loop
      vertex 10.305972302214851 54.02579879007788 80
      vertex 6.893327846036736 54.566308572296286 116
      vertex 10.305972302214851 54.02579879007788 116
    endloop
  endfacet
  facet normal 0.21814324139654406 0.975916761938747 0
    outer loop
      vertex 13.677943794067017 53.272073862074706 80
      vertex 10.305972302214851 54.02579879007788 116
      vertex 13.677943794067017 53.272073862074706 116
    endloop
  endfacet
  facet normal -0.03141075907812929 -0.9995065603657317 0
    outer loop
      vertex 0 51 79
      vertex 3.2023164959949773 50.89936314984185 120
      vertex 0 51 120
    endloop
  endfacet
  facet normal -0.0941083133185133 -0.9955619646030801 0
    outer loop
      vertex 3.2023164959949773 50.89936314984185 79
      vertex 6.391994911779519 50.59784976703837 120
      vertex 3.2023164959949773 50.89936314984185 120
    endloop
  endfacet
  facet normal 0.02221624125701689 0.7069322593517748 0.7069322593517748
    outer loop
      vertex 0 55 116
      vertex 0 51 120
      vertex 3.2023164959949773 50.89936314984185 120
    endloop
  endfacet
  facet normal 0.022216241257016663 0.7069322593517747 0.7069322593517748
    outer loop
      vertex 0 55 116
      vertex 3.2023164959949773 50.89936314984185 120
      vertex 3.4534785741122302 54.891470063554934 116
    endloop
  endfacet
  facet normal 0.06656104641644157 0.7041423206907416 0.7069322593517748
    outer loop
      vertex 3.4534785741122302 54.891470063554934 116
      vertex 3.2023164959949773 50.89936314984185 120
      vertex 6.391994911779519 50.59784976703837 120
    endloop
  endfacet
  facet normal 0.06656104641644056 0.7041423206907412 0.7069322593517754
    outer loop
      vertex 3.4534785741122302 54.891470063554934 116
      vertex 6.391994911779519 50.59784976703837 120
      vertex 6.893327846036736 54.566308572296286 116
    endloop
  endfacet
  facet normal -0.15643446504023079 -0.9876883405951378 0
    outer loop
      vertex 6.391994911779519 50.59784976703837 79
      vertex 9.556447043871954 50.09664978716312 120
      vertex 6.391994911779519 50.59784976703837 120
    endloop
  endfacet
  facet normal -0.2181432413965441 -0.975916761938747 0
    outer loop
      vertex 9.556447043871954 50.09664978716312 79
      vertex 12.683184245407597 49.39774121756018 120
      vertex 9.556447043871954 50.09664978716312 120
    endloop
  endfacet
  facet normal -0.278991106039229 -0.9602936856769433 0
    outer loop
      vertex 12.683184245407597 49.39774121756018 79
      vertex 15.759866713122317 48.50388233105283 120
      vertex 12.683184245407597 49.39774121756018 120
    endloop
  endfacet
  facet normal 0.11064316553451216 0.698573453981968 0.7069322593517754
    outer loop
      vertex 6.893327846036736 54.566308572296286 116
      vertex 6.391994911779519 50.59784976703837 120
      vertex 9.556447043871954 50.09664978716312 120
    endloop
  endfacet
  facet normal 0.11064316553451334 0.6985734539819684 0.706932259351775
    outer loop
      vertex 6.893327846036736 54.566308572296286 116
      vertex 9.556447043871954 50.09664978716312 120
      vertex 10.305972302214851 54.02579879007788 116
    endloop
  endfacet
  facet normal 0.15428862662627277 0.6902476369981816 0.7069322593517748
    outer loop
      vertex 10.305972302214851 54.02579879007788 116
      vertex 9.556447043871954 50.09664978716312 120
      vertex 12.683184245407597 49.39774121756018 120
    endloop
  endfacet
  facet normal 0.15428862662627274 0.6902476369981817 0.706932259351775
    outer loop
      vertex 10.305972302214851 54.02579879007788 116
      vertex 12.683184245407597 49.39774121756018 120
      vertex 13.677943794067017 53.272073862074706 116
    endloop
  endfacet
  facet normal -0.33873792024529104 -0.9408807689542255 0
    outer loop
      vertex 15.759866713122317 48.50388233105283 79
      vertex 18.77435218691857 47.41860078030082 79
      vertex 18.77435218691857 47.41860078030082 120
    endloop
  endfacet
  facet normal -0.278991106039229 -0.9602936856769433 0
    outer loop
      vertex 12.683184245407597 49.39774121756018 79
      vertex 15.759866713122317 48.50388233105283 79
      vertex 15.759866713122317 48.50388233105283 120
    endloop
  endfacet
  facet normal 0.27899110603922894 0.9602936856769432 0
    outer loop
      vertex 13.677943794067017 53.272073862074706 80
      vertex 13.677943794067017 53.272073862074706 116
      vertex 16.995934690622107 52.30810839623344 80
    endloop
  endfacet
  facet normal 0.3387379202452897 0.940880768954226 0
    outer loop
      vertex 16.995934690622107 52.30810839623344 80
      vertex 16.995934690622107 52.30810839623344 116
      vertex 20.246850397657283 51.13770672385383 80
    endloop
  endfacet
  facet normal 0.27899110603922894 0.9602936856769432 0
    outer loop
      vertex 16.995934690622107 52.30810839623344 80
      vertex 13.677943794067017 53.272073862074706 116
      vertex 16.995934690622107 52.30810839623344 116
    endloop
  endfacet
  facet normal 0.3387379202452897 0.940880768954226 0
    outer loop
      vertex 20.246850397657283 51.13770672385383 80
      vertex 16.995934690622107 52.30810839623344 116
      vertex 20.246850397657283 51.13770672385383 116
    endloop
  endfacet
  facet normal -0.3971478906347798 -0.9177546256839815 0
    outer loop
      vertex 18.77435218691857 47.41860078030082 79
      vertex 21.714743869818708 46.146179675766994 79
      vertex 21.714743869818708 46.146179675766994 120
    endloop
  endfacet
  facet normal -0.4539904997395469 -0.8910065241883677 0
    outer loop
      vertex 21.714743869818708 46.146179675766994 79
      vertex 24.569437379187477 44.69164068223704 79
      vertex 24.569437379187477 44.69164068223704 120
    endloop
  endfacet
  facet normal -0.5090414157503705 -0.8607420270039442 0
    outer loop
      vertex 24.569437379187477 44.69164068223704 79
      vertex 27.32716654392883 43.06072420060277 79
      vertex 27.32716654392883 43.06072420060277 120
    endloop
  endfacet
  facet normal 0.5090414157503703 0.8607420270039443 0
    outer loop
      vertex 26.496452075594338 48.196867402412494 80
      vertex 26.496452075594338 48.196867402412494 116
      vertex 29.470473723844815 46.43803590261083 80
    endloop
  endfacet
  facet normal 0.39714789063478245 0.9177546256839805 0
    outer loop
      vertex 20.246850397657283 51.13770672385383 80
      vertex 20.246850397657283 51.13770672385383 116
      vertex 23.417861036079 49.76548788563107 80
    endloop
  endfacet
  facet normal 0.45399049973954686 0.8910065241883678 0
    outer loop
      vertex 23.417861036079 49.76548788563107 80
      vertex 23.417861036079 49.76548788563107 116
      vertex 26.496452075594338 48.196867402412494 80
    endloop
  endfacet
  facet normal 0.39714789063478245 0.9177546256839805 0
    outer loop
      vertex 23.417861036079 49.76548788563107 80
      vertex 20.246850397657283 51.13770672385383 116
      vertex 23.417861036079 49.76548788563107 116
    endloop
  endfacet
  facet normal 0.45399049973954686 0.8910065241883678 0
    outer loop
      vertex 26.496452075594338 48.196867402412494 80
      vertex 23.417861036079 49.76548788563107 116
      vertex 26.496452075594338 48.196867402412494 116
    endloop
  endfacet
  facet normal -0.3971478906347798 -0.9177546256839815 0
    outer loop
      vertex 18.77435218691857 47.41860078030082 79
      vertex 21.714743869818708 46.146179675766994 120
      vertex 18.77435218691857 47.41860078030082 120
    endloop
  endfacet
  facet normal -0.33873792024529104 -0.9408807689542255 0
    outer loop
      vertex 15.759866713122317 48.50388233105283 79
      vertex 18.77435218691857 47.41860078030082 120
      vertex 15.759866713122317 48.50388233105283 120
    endloop
  endfacet
  facet normal 0.1973251809965056 0.6791977279353129 0.706932259351775
    outer loop
      vertex 13.677943794067017 53.272073862074706 116
      vertex 12.683184245407597 49.39774121756018 120
      vertex 15.759866713122317 48.50388233105283 120
    endloop
  endfacet
  facet normal 0.23958298302664652 0.6654673357362092 0.706932259351775
    outer loop
      vertex 16.995934690622107 52.30810839623344 116
      vertex 15.759866713122317 48.50388233105283 120
      vertex 18.77435218691857 47.41860078030082 120
    endloop
  endfacet
  facet normal 0.1973251809965056 0.679197727935313 0.706932259351775
    outer loop
      vertex 13.677943794067017 53.272073862074706 116
      vertex 15.759866713122317 48.50388233105283 120
      vertex 16.995934690622107 52.30810839623344 116
    endloop
  endfacet
  facet normal 0.2395829830266454 0.6654673357362091 0.7069322593517753
    outer loop
      vertex 16.995934690622107 52.30810839623344 116
      vertex 18.77435218691857 47.41860078030082 120
      vertex 20.246850397657283 51.13770672385383 116
    endloop
  endfacet
  facet normal 0.2808952604778342 0.649110647986061 0.7069322593517753
    outer loop
      vertex 20.246850397657283 51.13770672385383 116
      vertex 18.77435218691857 47.41860078030082 120
      vertex 21.714743869818708 46.146179675766994 120
    endloop
  endfacet
  facet normal -0.4539904997395469 -0.8910065241883677 0
    outer loop
      vertex 21.714743869818708 46.146179675766994 79
      vertex 24.569437379187477 44.69164068223704 120
      vertex 21.714743869818708 46.146179675766994 120
    endloop
  endfacet
  facet normal -0.5090414157503705 -0.8607420270039442 0
    outer loop
      vertex 24.569437379187477 44.69164068223704 79
      vertex 27.32716654392883 43.06072420060277 120
      vertex 24.569437379187477 44.69164068223704 120
    endloop
  endfacet
  facet normal 0.3210989726647551 0.6301922170587593 0.7069322593517744
    outer loop
      vertex 23.417861036079 49.76548788563107 116
      vertex 21.714743869818708 46.146179675766994 120
      vertex 24.569437379187477 44.69164068223704 120
    endloop
  endfacet
  facet normal 0.32109897266475507 0.6301922170587594 0.7069322593517746
    outer loop
      vertex 23.417861036079 49.76548788563107 116
      vertex 24.569437379187477 44.69164068223704 120
      vertex 26.496452075594338 48.196867402412494 116
    endloop
  endfacet
  facet normal 0.36003545390273317 0.6087867053581643 0.7069322593517745
    outer loop
      vertex 26.496452075594338 48.196867402412494 116
      vertex 24.569437379187477 44.69164068223704 120
      vertex 27.32716654392883 43.06072420060277 120
    endloop
  endfacet
  facet normal 0.28089526047783636 0.6491106479860609 0.7069322593517744
    outer loop
      vertex 20.246850397657283 51.13770672385383 116
      vertex 21.714743869818708 46.146179675766994 120
      vertex 23.417861036079 49.76548788563107 116
    endloop
  endfacet
  facet normal -0.8046104174406283 -0.5468126750367945 0.23151236374138418
    outer loop
      vertex 33.16969676937285 24.099195343991397 39
      vertex 42.65866328369705 27.072010927272164 79
      vertex 40.87462052532473 29.697150127729238 79
    endloop
  endfacet
  facet normal -0.837357354528351 -0.4952117590002871 0.23151236374138412
    outer loop
      vertex 34.61744494558262 21.968898594138864 39
      vertex 44.27435178697806 24.34003086771047 79
      vertex 42.65866328369705 27.072010927272164 79
    endloop
  endfacet
  facet normal -0.9723519277138132 -0.030557390368101008 0.2315123637413841
    outer loop
      vertex 41 0 39
      vertex 50.523809523809526 0 79
      vertex 50.424112326780765 3.1724162486000713 79
    endloop
  endfacet
  facet normal -0.9685144988804673 -0.09155157504485952 0.23151236374138398
    outer loop
      vertex 40.919095865559136 2.5744113007018483 39
      vertex 50.424112326780765 3.1724162486000713 79
      vertex 50.125414194983854 6.332312419606039 79
    endloop
  endfacet
  facet normal -0.960854785792226 -0.15218444748085347 0.231512363741384
    outer loop
      vertex 40.67670275389359 5.138662576136475 39
      vertex 50.125414194983854 6.332312419606039 79
      vertex 49.628893953482795 9.46721784645018 79
    endloop
  endfacet
  facet normal -0.9494030178372581 -0.21221671742910397 0.23151236374138387
    outer loop
      vertex 39.71190960627388 10.196285373759046 39
      vertex 49.628893953482795 9.46721784645018 79
      vertex 48.93651114083226 12.564760489614807 79
    endloop
  endfacet
  facet normal -0.9342043899118685 -0.2714114649462521 0.23151236374138406
    outer loop
      vertex 38.99331716810129 12.669696769372843 39
      vertex 48.93651114083226 12.564760489614807 79
      vertex 48.05099827567418 15.612715763419962 79
    endloop
  endfacet
  facet normal 0.9658650019426429 0.09130112384560893 -0.2424229832480146
    outer loop
      vertex 44.645161559151504 5.639995510393692 40
      vertex 54.566308572296286 6.893327846036734 80
      vertex 54.891470063554934 3.4534785741122356 80
    endloop
  endfacet
  facet normal 0.969691932992058 0.030473796666300457 -0.2424229832480144
    outer loop
      vertex 44.91120277927222 2.8255733788191018 40
      vertex 54.891470063554934 3.4534785741122356 80
      vertex 55 0 80
    endloop
  endfacet
  facet normal 0.9582262429923056 0.15176812720062066 -0.24242298324801456
    outer loop
      vertex 44.20292628279099 8.432159156357608 40
      vertex 54.02579879007788 10.305972302214855 80
      vertex 54.566308572296286 6.893327846036734 80
    endloop
  endfacet
  facet normal 0.9468058028328067 0.21163617109383087 -0.24242298324801437
    outer loop
      vertex 43.5862422507884 11.191044922418465 40
      vertex 53.272073862074706 13.677943794067014 80
      vertex 54.02579879007788 10.305972302214855 80
    endloop
  endfacet
  facet normal 0 0 1
    outer loop
      vertex 50.59784976703837 -6.391994911779507 79
      vertex 50.59784976703837 6.391994911779517 79
      vertex 50.523809523809526 0 79
    endloop
  endfacet
  facet normal 0 0 1
    outer loop
      vertex 50.59784976703837 -6.391994911779507 79
      vertex 50.89936314984185 3.202316495994982 79
      vertex 50.59784976703837 6.391994911779517 79
    endloop
  endfacet
  facet normal -0.9995065603657315 -0.03141075907812924 0
    outer loop
      vertex 51 0 79
      vertex 51 0 81
      vertex 50.89936314984185 3.202316495994982 79
    endloop
  endfacet
  facet normal 0 0 1
    outer loop
      vertex 50.523809523809526 0 79
      vertex 50.59784976703837 6.391994911779517 79
      vertex 50.424112326780765 3.1724162486000713 79
    endloop
  endfacet
  facet normal 0 0 1
    outer loop
      vertex 50.424112326780765 3.1724162486000713 79
      vertex 50.59784976703837 6.391994911779517 79
      vertex 50.125414194983854 6.332312419606039 79
    endloop
  endfacet
  facet normal 0 0 1
    outer loop
      vertex 50.125414194983854 6.332312419606039 79
      vertex 50.59784976703837 6.391994911779517 79
      vertex 49.628893953482795 9.46721784645018 79
    endloop
  endfacet
  facet normal 0 0 1
    outer loop
      vertex 50.59784976703837 6.391994911779517 79
      vertex 50.09664978716312 9.556447043871955 79
      vertex 49.628893953482795 9.46721784645018 79
    endloop
  endfacet
  facet normal 0 0 1
    outer loop
      vertex 49.628893953482795 9.46721784645018 79
      vertex 50.09664978716312 9.556447043871955 79
      vertex 48.93651114083226 12.564760489614807 79
    endloop
  endfacet
  facet normal 0 0 1
    outer loop
      vertex 50.09664978716312 9.556447043871955 79
      vertex 49.39774121756018 12.683184245407595 79
      vertex 48.93651114083226 12.564760489614807 79
    endloop
  endfacet
  facet normal 0 0 1
    outer loop
      vertex 48.93651114083226 12.564760489614807 79
      vertex 49.39774121756018 12.683184245407595 79
      vertex 48.05099827567418 15.612715763419962 79
    endloop
  endfacet
  facet normal -0.9153188840568844 -0.3295350754073633 0.2315123637413841
    outer loop
      vertex 38.120835921418305 15.093106660071797 39
      vertex 48.05099827567418 15.612715763419962 79
      vertex 46.975850072734985 18.599054780878255 79
    endloop
  endfacet
  facet normal -0.8928210327359493 -0.3863581614760972 0.2315123637413841
    outer loop
      vertex 37.097909151106805 17.45695095416798 39
      vertex 46.975850072734985 18.599054780878255 79
      vertex 45.71530965078318 21.51199182621629 79
    endloop
  endfacet
  facet normal -0.8667996246899339 -0.441656468391743 0.231512363741384
    outer loop
      vertex 35.92857388179841 19.75190063817033 39
      vertex 45.71530965078318 21.51199182621629 79
      vertex 44.27435178697806 24.34003086771047 79
    endloop
  endfacet
  facet normal 0.8350666549577687 0.49385704305069467 -0.2424229832480145
    outer loop
      vertex 37.99475664759068 24.11220577405485 40
      vertex 46.43803590261083 29.470473723844815 80
      vertex 48.196867402412494 26.49645207559434 80
    endloop
  endfacet
  facet normal 0.8644283819734052 0.44044825988074215 -0.24242298324801437
    outer loop
      vertex 39.433800601973864 21.67891533457719 40
      vertex 48.196867402412494 26.49645207559434 80
      vertex 49.765487885631075 23.417861036078996 80
    endloop
  endfacet
  facet normal 0.8903786050851563 0.3853012286507066 -0.2424229832480145
    outer loop
      vertex 40.71721736097088 19.16006812042827 40
      vertex 49.765487885631075 23.417861036078996 80
      vertex 51.137706723853825 20.246850397657287 80
    endloop
  endfacet
  facet normal 0.9316487527239534 0.2706689837071 -0.24242298324801445
    outer loop
      vertex 42.79754323328191 13.905764746872633 40
      vertex 52.30810839623344 16.995934690622107 80
      vertex 53.272073862074706 13.677943794067014 80
    endloop
  endfacet
  facet normal 0.9128149106179269 0.32863358949857646 -0.2424229832480145
    outer loop
      vertex 41.83994186497131 16.56560487081051 40
      vertex 51.137706723853825 20.246850397657287 80
      vertex 52.30810839623344 16.995934690622107 80
    endloop
  endfacet
  facet normal 0 0 1
    outer loop
      vertex 46.975850072734985 18.599054780878255 79
      vertex 48.05099827567418 15.612715763419962 79
      vertex 48.50388233105283 15.759866713122317 79
    endloop
  endfacet
  facet normal 0 0 1
    outer loop
      vertex 46.975850072734985 18.599054780878255 79
      vertex 48.50388233105283 15.759866713122317 79
      vertex 47.41860078030082 18.774352186918577 79
    endloop
  endfacet
  facet normal 0 0 1
    outer loop
      vertex 46.975850072734985 18.599054780878255 79
      vertex 47.41860078030082 18.774352186918577 79
      vertex 45.71530965078318 21.51199182621629 79
    endloop
  endfacet
  facet normal 0 0 1
    outer loop
      vertex 44.27435178697806 24.34003086771047 79
      vertex 44.69164068223704 24.56943737918748 79
      vertex 42.65866328369705 27.072010927272164 79
    endloop
  endfacet
  facet normal 0 0 1
    outer loop
      vertex 44.69164068223704 24.56943737918748 79
      vertex 43.06072420060277 27.32716654392883 79
      vertex 42.65866328369705 27.072010927272164 79
    endloop
  endfacet
  facet normal 0 0 1
    outer loop
      vertex 44.27435178697806 24.34003086771047 79
      vertex 45.71530965078318 21.51199182621629 79
      vertex 46.146179675767 21.714743869818705 79
    endloop
  endfacet
  facet normal 0 0 1
    outer loop
      vertex 44.27435178697806 24.34003086771047 79
      vertex 46.146179675767 21.714743869818705 79
      vertex 44.69164068223704 24.56943737918748 79
    endloop
  endfacet
  facet normal 0 0 1
    outer loop
      vertex 47.41860078030082 18.774352186918577 79
      vertex 46.146179675767 21.714743869818705 79
      vertex 45.71530965078318 21.51199182621629 79
    endloop
  endfacet
  facet normal 0 0 1
    outer loop
      vertex 49.39774121756018 12.683184245407595 79
      vertex 48.50388233105283 15.759866713122317 79
      vertex 48.05099827567418 15.612715763419962 79
    endloop
  endfacet
  facet normal -0.9995065603657316 -0.03141075907812924 0
    outer loop
      vertex 51 0 81
      vertex 51 0 120
      vertex 50.89936314984185 3.202316495994982 79
    endloop
  endfacet
  facet normal -0.9955619646030801 -0.0941083133185135 0
    outer loop
      vertex 50.89936314984185 3.202316495994982 79
      vertex 50.89936314984185 3.202316495994982 120
      vertex 50.59784976703837 6.391994911779517 79
    endloop
  endfacet
  facet normal 0.9995065603657315 0.03141075907812892 0
    outer loop
      vertex 55 0 80
      vertex 54.891470063554934 3.4534785741122356 80
      vertex 55 0 116
    endloop
  endfacet
  facet normal 0.9955619646030801 0.0941083133185121 0
    outer loop
      vertex 54.891470063554934 3.4534785741122356 80
      vertex 54.566308572296286 6.893327846036734 80
      vertex 54.891470063554934 3.4534785741122356 116
    endloop
  endfacet
  facet normal 0.9995065603657315 0.03141075907812892 0
    outer loop
      vertex 54.891470063554934 3.4534785741122356 80
      vertex 54.891470063554934 3.4534785741122356 116
      vertex 55 0 116
    endloop
  endfacet
  facet normal 0.9955619646030801 0.0941083133185121 0
    outer loop
      vertex 54.566308572296286 6.893327846036734 80
      vertex 54.566308572296286 6.893327846036734 116
      vertex 54.891470063554934 3.4534785741122356 116
    endloop
  endfacet
  facet normal -0.9876883405951378 -0.15643446504023062 0
    outer loop
      vertex 50.59784976703837 6.391994911779517 79
      vertex 50.59784976703837 6.391994911779517 120
      vertex 50.09664978716312 9.556447043871955 79
    endloop
  endfacet
  facet normal -0.9602936856769432 -0.27899110603922883 0
    outer loop
      vertex 49.39774121756018 12.683184245407595 79
      vertex 49.39774121756018 12.683184245407595 120
      vertex 48.50388233105283 15.759866713122317 79
    endloop
  endfacet
  facet normal -0.975916761938747 -0.2181432413965443 0
    outer loop
      vertex 50.09664978716312 9.556447043871955 79
      vertex 50.09664978716312 9.556447043871955 120
      vertex 49.39774121756018 12.683184245407595 79
    endloop
  endfacet
  facet normal 0.9876883405951374 0.1564344650402321 0
    outer loop
      vertex 54.566308572296286 6.893327846036734 80
      vertex 54.02579879007788 10.305972302214855 80
      vertex 54.566308572296286 6.893327846036734 116
    endloop
  endfacet
  facet normal 0.975916761938747 0.2181432413965445 0
    outer loop
      vertex 54.02579879007788 10.305972302214855 80
      vertex 53.272073862074706 13.677943794067014 80
      vertex 54.02579879007788 10.305972302214855 116
    endloop
  endfacet
  facet normal 0.9876883405951374 0.1564344650402321 0
    outer loop
      vertex 54.02579879007788 10.305972302214855 80
      vertex 54.02579879007788 10.305972302214855 116
      vertex 54.566308572296286 6.893327846036734 116
    endloop
  endfacet
  facet normal 0.975916761938747 0.2181432413965445 0
    outer loop
      vertex 53.272073862074706 13.677943794067014 80
      vertex 53.272073862074706 13.677943794067014 116
      vertex 54.02579879007788 10.305972302214855 116
    endloop
  endfacet
  facet normal -0.9995065603657315 -0.031410759078129236 0
    outer loop
      vertex 50.89936314984185 3.202316495994982 79
      vertex 51 0 120
      vertex 50.89936314984185 3.202316495994982 120
    endloop
  endfacet
  facet normal -0.9955619646030801 -0.0941083133185135 0
    outer loop
      vertex 50.59784976703837 6.391994911779517 79
      vertex 50.89936314984185 3.202316495994982 120
      vertex 50.59784976703837 6.391994911779517 120
    endloop
  endfacet
  facet normal 0.7069322593517746 0.022216241257016853 0.7069322593517748
    outer loop
      vertex 54.891470063554934 3.4534785741122356 116
      vertex 50.89936314984185 3.202316495994982 120
      vertex 51 0 120
    endloop
  endfacet
  facet normal 0.7069322593517748 0.02221624125701663 0.7069322593517748
    outer loop
      vertex 55 0 116
      vertex 54.891470063554934 3.4534785741122356 116
      vertex 51 0 120
    endloop
  endfacet
  facet normal 0.7041423206907411 0.06656104641644169 0.7069322593517754
    outer loop
      vertex 54.566308572296286 6.893327846036734 116
      vertex 50.59784976703837 6.391994911779517 120
      vertex 50.89936314984185 3.202316495994982 120
    endloop
  endfacet
  facet normal 0.7041423206907416 0.06656104641644073 0.7069322593517748
    outer loop
      vertex 54.891470063554934 3.4534785741122356 116
      vertex 54.566308572296286 6.893327846036734 116
      vertex 50.89936314984185 3.202316495994982 120
    endloop
  endfacet
  facet normal -0.9876883405951378 -0.15643446504023062 0
    outer loop
      vertex 50.09664978716312 9.556447043871955 79
      vertex 50.59784976703837 6.391994911779517 120
      vertex 50.09664978716312 9.556447043871955 120
    endloop
  endfacet
  facet normal -0.975916761938747 -0.2181432413965443 0
    outer loop
      vertex 49.39774121756018 12.683184245407595 79
      vertex 50.09664978716312 9.556447043871955 120
      vertex 49.39774121756018 12.683184245407595 120
    endloop
  endfacet
  facet normal 0.6902476369981816 0.15428862662627293 0.7069322593517747
    outer loop
      vertex 53.272073862074706 13.677943794067014 116
      vertex 49.39774121756018 12.683184245407595 120
      vertex 50.09664978716312 9.556447043871955 120
    endloop
  endfacet
  facet normal 0.6985734539819679 0.1106431655345131 0.7069322593517754
    outer loop
      vertex 54.566308572296286 6.893327846036734 116
      vertex 54.02579879007788 10.305972302214855 116
      vertex 50.59784976703837 6.391994911779517 120
    endloop
  endfacet
  facet normal 0.6985734539819685 0.11064316553451209 0.7069322593517748
    outer loop
      vertex 54.02579879007788 10.305972302214855 116
      vertex 50.09664978716312 9.556447043871955 120
      vertex 50.59784976703837 6.391994911779517 120
    endloop
  endfacet
  facet normal 0.6902476369981816 0.15428862662627305 0.706932259351775
    outer loop
      vertex 54.02579879007788 10.305972302214855 116
      vertex 53.272073862074706 13.677943794067014 116
      vertex 50.09664978716312 9.556447043871955 120
    endloop
  endfacet
  facet normal -0.9177546256839819 -0.3971478906347792 0
    outer loop
      vertex 47.41860078030082 18.774352186918577 79
      vertex 47.41860078030082 18.774352186918577 120
      vertex 46.146179675767 21.714743869818705 79
    endloop
  endfacet
  facet normal -0.8607420270039438 -0.509041415750371 0
    outer loop
      vertex 44.69164068223704 24.56943737918748 79
      vertex 44.69164068223704 24.56943737918748 120
      vertex 43.06072420060277 27.32716654392883 79
    endloop
  endfacet
  facet normal -0.8910065241883673 -0.45399049973954786 0
    outer loop
      vertex 46.146179675767 21.714743869818705 79
      vertex 46.146179675767 21.714743869818705 120
      vertex 44.69164068223704 24.56943737918748 79
    endloop
  endfacet
  facet normal 0.860742027003944 0.5090414157503708 0
    outer loop
      vertex 48.196867402412494 26.49645207559434 80
      vertex 46.43803590261083 29.470473723844815 80
      vertex 48.196867402412494 26.49645207559434 116
    endloop
  endfacet
  facet normal -0.9408807689542258 -0.33873792024529037 0
    outer loop
      vertex 47.41860078030082 18.774352186918577 79
      vertex 48.50388233105283 15.759866713122317 79
      vertex 48.50388233105283 15.759866713122317 120
    endloop
  endfacet
  facet normal 0.9602936856769432 0.27899110603922866 0
    outer loop
      vertex 53.272073862074706 13.677943794067014 80
      vertex 52.30810839623344 16.995934690622107 80
      vertex 53.272073862074706 13.677943794067014 116
    endloop
  endfacet
  facet normal 0.9408807689542256 0.3387379202452912 0
    outer loop
      vertex 51.137706723853825 20.246850397657287 80
      vertex 52.30810839623344 16.995934690622107 116
      vertex 52.30810839623344 16.995934690622107 80
    endloop
  endfacet
  facet normal 0.9408807689542256 0.3387379202452912 0
    outer loop
      vertex 51.137706723853825 20.246850397657287 80
      vertex 51.137706723853825 20.246850397657287 116
      vertex 52.30810839623344 16.995934690622107 116
    endloop
  endfacet
  facet normal 0.9602936856769432 0.27899110603922866 0
    outer loop
      vertex 52.30810839623344 16.995934690622107 80
      vertex 52.30810839623344 16.995934690622107 116
      vertex 53.272073862074706 13.677943794067014 116
    endloop
  endfacet
  facet normal 0.9177546256839815 0.39714789063477973 0
    outer loop
      vertex 51.137706723853825 20.246850397657287 80
      vertex 49.765487885631075 23.417861036078996 80
      vertex 51.137706723853825 20.246850397657287 116
    endloop
  endfacet
  facet normal 0.8910065241883675 0.4539904997395477 0
    outer loop
      vertex 49.765487885631075 23.417861036078996 80
      vertex 48.196867402412494 26.49645207559434 80
      vertex 49.765487885631075 23.417861036078996 116
    endloop
  endfacet
  facet normal 0.9177546256839815 0.39714789063477973 0
    outer loop
      vertex 49.765487885631075 23.417861036078996 80
      vertex 49.765487885631075 23.417861036078996 116
      vertex 51.137706723853825 20.246850397657287 116
    endloop
  endfacet
  facet normal 0.8910065241883675 0.4539904997395477 0
    outer loop
      vertex 48.196867402412494 26.49645207559434 80
      vertex 48.196867402412494 26.49645207559434 116
      vertex 49.765487885631075 23.417861036078996 116
    endloop
  endfacet
  facet normal -0.9408807689542258 -0.33873792024529037 0
    outer loop
      vertex 47.41860078030082 18.774352186918577 79
      vertex 48.50388233105283 15.759866713122317 120
      vertex 47.41860078030082 18.774352186918577 120
    endloop
  endfacet
  facet normal -0.8607420270039438 -0.509041415750371 0
    outer loop
      vertex 43.06072420060277 27.32716654392883 79
      vertex 44.69164068223704 24.56943737918748 120
      vertex 43.06072420060277 27.32716654392883 120
    endloop
  endfacet
  facet normal -0.8910065241883673 -0.45399049973954786 0
    outer loop
      vertex 44.69164068223704 24.56943737918748 79
      vertex 46.146179675767 21.714743869818705 120
      vertex 44.69164068223704 24.56943737918748 120
    endloop
  endfacet
  facet normal -0.9177546256839819 -0.3971478906347792 0
    outer loop
      vertex 46.146179675767 21.714743869818705 79
      vertex 47.41860078030082 18.774352186918577 120
      vertex 46.146179675767 21.714743869818705 120
    endloop
  endfacet
  facet normal 0.6491106479860621 0.2808952604778341 0.7069322593517745
    outer loop
      vertex 49.765487885631075 23.417861036078996 116
      vertex 46.146179675767 21.714743869818705 120
      vertex 47.41860078030082 18.774352186918577 120
    endloop
  endfacet
  facet normal 0.630192217058759 0.3210989726647556 0.7069322593517745
    outer loop
      vertex 49.765487885631075 23.417861036078996 116
      vertex 48.196867402412494 26.49645207559434 116
      vertex 46.146179675767 21.714743869818705 120
    endloop
  endfacet
  facet normal 0.6301922170587588 0.32109897266475573 0.7069322593517744
    outer loop
      vertex 48.196867402412494 26.49645207559434 116
      vertex 44.69164068223704 24.56943737918748 120
      vertex 46.146179675767 21.714743869818705 120
    endloop
  endfacet
  facet normal 0.6087867053581639 0.36003545390273345 0.7069322593517746
    outer loop
      vertex 46.43803590261083 29.470473723844815 116
      vertex 43.06072420060277 27.32716654392883 120
      vertex 44.69164068223704 24.56943737918748 120
    endloop
  endfacet
  facet normal 0.6087867053581641 0.3600354539027333 0.7069322593517745
    outer loop
      vertex 48.196867402412494 26.49645207559434 116
      vertex 46.43803590261083 29.470473723844815 116
      vertex 44.69164068223704 24.56943737918748 120
    endloop
  endfacet
  facet normal -0.9602936856769432 -0.27899110603922883 0
    outer loop
      vertex 48.50388233105283 15.759866713122317 79
      vertex 49.39774121756018 12.683184245407595 120
      vertex 48.50388233105283 15.759866713122317 120
    endloop
  endfacet
  facet normal 0.6791977279353129 0.19732518099650548 0.7069322593517748
    outer loop
      vertex 52.30810839623344 16.995934690622107 116
      vertex 48.50388233105283 15.759866713122317 120
      vertex 49.39774121756018 12.683184245407595 120
    endloop
  endfacet
  facet normal 0.6654673357362096 0.2395829830266461 0.7069322593517746
    outer loop
      vertex 51.137706723853825 20.246850397657287 116
      vertex 47.41860078030082 18.774352186918577 120
      vertex 48.50388233105283 15.759866713122317 120
    endloop
  endfacet
  facet normal 0.6654673357362091 0.2395829830266466 0.7069322593517748
    outer loop
      vertex 51.137706723853825 20.246850397657287 116
      vertex 48.50388233105283 15.759866713122317 120
      vertex 52.30810839623344 16.995934690622107 116
    endloop
  endfacet
  facet normal 0.6791977279353129 0.19732518099650537 0.7069322593517748
    outer loop
      vertex 53.272073862074706 13.677943794067014 116
      vertex 52.30810839623344 16.995934690622107 116
      vertex 49.39774121756018 12.683184245407595 120
    endloop
  endfacet
  facet normal 0.6491106479860617 0.28089526047783436 0.7069322593517745
    outer loop
      vertex 51.137706723853825 20.246850397657287 116
      vertex 49.765487885631075 23.417861036078996 116
      vertex 47.41860078030082 18.774352186918577 120
    endloop
  endfacet
  facet normal -0.6878960769748862 -0.6878960769748862 0.2315123637413842
    outer loop
      vertex 28.06643134307624 29.887713724277873 39
      vertex 36.83027208067227 34.585927590016134 79
      vertex 34.585927590016134 36.83027208067227 79
    endloop
  endfacet
  facet normal -0.596255571259878 -0.7686880506268023 0.23151236374138423
    outer loop
      vertex 26.13438357969628 31.591042953807356 39
      vertex 32.20508824396952 38.92926431357678 79
      vertex 29.697150127729238 40.87462052532473 79
    endloop
  endfacet
  facet normal -0.6433453191464578 -0.7297320232573183 0.2315123637413842
    outer loop
      vertex 28.06643134307624 29.887713724277873 39
      vertex 34.585927590016134 36.83027208067227 79
      vertex 32.20508824396952 38.92926431357678 79
    endloop
  endfacet
  facet normal 0.5946244368658765 0.7665852048370567 -0.24242298324801456
    outer loop
      vertex 28.684079538691037 34.67309592491051 40
      vertex 32.328188876086024 44.49593469062211 80
      vertex 35.05831943617794 42.3782283526684 80
    endloop
  endfacet
  facet normal -0.7686880506268015 -0.596255571259879 0.2315123637413841
    outer loop
      vertex 31.591042953807356 26.13438357969628 39
      vertex 40.87462052532473 29.697150127729238 79
      vertex 38.92926431357678 32.20508824396951 79
    endloop
  endfacet
  facet normal -0.7297320232573192 -0.6433453191464567 0.2315123637413842
    outer loop
      vertex 29.887713724277873 28.06643134307624 39
      vertex 38.92926431357678 32.20508824396951 79
      vertex 36.83027208067227 34.585927590016134 79
    endloop
  endfacet
  facet normal 0.7665852048370567 0.5946244368658765 -0.24242298324801456
    outer loop
      vertex 34.67309592491051 28.684079538691037 40
      vertex 42.3782283526684 35.05831943617794 80
      vertex 44.49593469062211 32.328188876086024 80
    endloop
  endfacet
  facet normal 0.6860142481002609 0.6860142481002609 -0.2424229832480145
    outer loop
      vertex 30.804619766790992 32.80358823396352 40
      vertex 37.65009082607788 40.093274508177636 80
      vertex 40.093274508177636 37.65009082607788 80
    endloop
  endfacet
  facet normal 0.6415853646439565 0.7277357467294115 -0.24242298324801453
    outer loop
      vertex 30.804619766790992 32.80358823396352 40
      vertex 35.05831943617794 42.3782283526684 80
      vertex 37.65009082607788 40.093274508177636 80
    endloop
  endfacet
  facet normal 0.7277357467294115 0.6415853646439565 -0.24242298324801453
    outer loop
      vertex 32.80358823396352 30.804619766790992 40
      vertex 40.093274508177636 37.65009082607788 80
      vertex 42.3782283526684 35.05831943617794 80
    endloop
  endfacet
  facet normal 0 0 1
    outer loop
      vertex 29.697150127729238 40.87462052532473 79
      vertex 32.50862347718318 39.29617538156525 79
      vertex 29.97704786691613 41.25986671312232 79
    endloop
  endfacet
  facet normal 0 0 1
    outer loop
      vertex 34.585927590016134 36.83027208067227 79
      vertex 34.911902402363125 37.17739999849199 79
      vertex 32.20508824396952 38.92926431357678 79
    endloop
  endfacet
  facet normal 0 0 1
    outer loop
      vertex 29.697150127729238 40.87462052532473 79
      vertex 32.20508824396952 38.92926431357678 79
      vertex 32.50862347718318 39.29617538156525 79
    endloop
  endfacet
  facet normal 0 0 1
    outer loop
      vertex 34.911902402363125 37.17739999849199 79
      vertex 32.50862347718318 39.29617538156525 79
      vertex 32.20508824396952 38.92926431357678 79
    endloop
  endfacet
  facet normal 0 0 1
    outer loop
      vertex 36.83027208067227 34.585927590016134 79
      vertex 39.29617538156525 32.50862347718318 79
      vertex 37.17739999849199 34.911902402363125 79
    endloop
  endfacet
  facet normal 0 0 1
    outer loop
      vertex 40.87462052532473 29.697150127729238 79
      vertex 41.25986671312232 29.97704786691613 79
      vertex 38.92926431357678 32.20508824396951 79
    endloop
  endfacet
  facet normal 0 0 1
    outer loop
      vertex 36.83027208067227 34.585927590016134 79
      vertex 38.92926431357678 32.20508824396951 79
      vertex 39.29617538156525 32.50862347718318 79
    endloop
  endfacet
  facet normal 0 0 1
    outer loop
      vertex 41.25986671312232 29.97704786691613 79
      vertex 39.29617538156525 32.50862347718318 79
      vertex 38.92926431357678 32.20508824396951 79
    endloop
  endfacet
  facet normal 0 0 1
    outer loop
      vertex 34.585927590016134 36.83027208067227 79
      vertex 37.17739999849199 34.911902402363125 79
      vertex 34.911902402363125 37.17739999849199 79
    endloop
  endfacet
  facet normal 0 0 1
    outer loop
      vertex 34.585927590016134 36.83027208067227 79
      vertex 36.83027208067227 34.585927590016134 79
      vertex 37.17739999849199 34.911902402363125 79
    endloop
  endfacet
  facet normal 0.5453167980935495 0.8024093013606783 -0.2424229832480145
    outer loop
      vertex 26.45033635316129 36.405764746872634 40
      vertex 29.470473723844815 46.43803590261083 80
      vertex 32.328188876086024 44.49593469062211 80
    endloop
  endfacet
  facet normal 0 0 1
    outer loop
      vertex 27.072010927272164 42.65866328369705 79
      vertex 29.97704786691613 41.25986671312232 79
      vertex 27.32716654392883 43.06072420060277 79
    endloop
  endfacet
  facet normal 0 0 1
    outer loop
      vertex 27.072010927272164 42.65866328369705 79
      vertex 29.697150127729238 40.87462052532473 79
      vertex 29.97704786691613 41.25986671312232 79
    endloop
  endfacet
  facet normal 0.8024093013606783 0.5453167980935495 -0.2424229832480145
    outer loop
      vertex 36.405764746872634 26.45033635316129 40
      vertex 44.49593469062211 32.328188876086024 80
      vertex 46.43803590261083 29.470473723844815 80
    endloop
  endfacet
  facet normal 0 0 1
    outer loop
      vertex 40.87462052532473 29.697150127729238 79
      vertex 43.06072420060277 27.32716654392883 79
      vertex 41.25986671312232 29.97704786691613 79
    endloop
  endfacet
  facet normal 0 0 1
    outer loop
      vertex 40.87462052532473 29.697150127729238 79
      vertex 42.65866328369705 27.072010927272164 79
      vertex 43.06072420060277 27.32716654392883 79
    endloop
  endfacet
  facet normal -0.612907053652977 -0.79015501237569 0
    outer loop
      vertex 29.97704786691613 41.25986671312232 79
      vertex 32.50862347718318 39.29617538156525 79
      vertex 32.50862347718318 39.29617538156525 120
    endloop
  endfacet
  facet normal -0.6613118653236507 -0.7501110696304607 0
    outer loop
      vertex 34.911902402363125 37.17739999849199 79
      vertex 34.911902402363125 37.17739999849199 120
      vertex 32.50862347718318 39.29617538156525 79
    endloop
  endfacet
  facet normal -0.79015501237569 -0.612907053652977 0
    outer loop
      vertex 41.25986671312232 29.97704786691613 79
      vertex 41.25986671312232 29.97704786691613 120
      vertex 39.29617538156525 32.50862347718318 79
    endloop
  endfacet
  facet normal -0.7501110696304607 -0.6613118653236507 0
    outer loop
      vertex 37.17739999849199 34.911902402363125 79
      vertex 39.29617538156525 32.50862347718318 79
      vertex 39.29617538156525 32.50862347718318 120
    endloop
  endfacet
  facet normal -0.7071067811865475 -0.7071067811865475 0
    outer loop
      vertex 34.911902402363125 37.17739999849199 79
      vertex 37.17739999849199 34.911902402363125 79
      vertex 37.17739999849199 34.911902402363125 120
    endloop
  endfacet
  facet normal 0.7071067811865475 0.7071067811865475 0
    outer loop
      vertex 37.65009082607788 40.093274508177636 80
      vertex 40.093274508177636 37.65009082607788 116
      vertex 40.093274508177636 37.65009082607788 80
    endloop
  endfacet
  facet normal 0.661311865323651 0.7501110696304605 0
    outer loop
      vertex 37.65009082607788 40.093274508177636 80
      vertex 35.05831943617794 42.3782283526684 116
      vertex 37.65009082607788 40.093274508177636 116
    endloop
  endfacet
  facet normal 0.7501110696304605 0.661311865323651 0
    outer loop
      vertex 40.093274508177636 37.65009082607788 80
      vertex 40.093274508177636 37.65009082607788 116
      vertex 42.3782283526684 35.05831943617794 116
    endloop
  endfacet
  facet normal 0.7071067811865475 0.7071067811865475 0
    outer loop
      vertex 37.65009082607788 40.093274508177636 80
      vertex 37.65009082607788 40.093274508177636 116
      vertex 40.093274508177636 37.65009082607788 116
    endloop
  endfacet
  facet normal -0.612907053652977 -0.79015501237569 0
    outer loop
      vertex 29.97704786691613 41.25986671312232 79
      vertex 32.50862347718318 39.29617538156525 120
      vertex 29.97704786691613 41.25986671312232 120
    endloop
  endfacet
  facet normal -0.6613118653236507 -0.7501110696304607 0
    outer loop
      vertex 32.50862347718318 39.29617538156525 79
      vertex 34.911902402363125 37.17739999849199 120
      vertex 32.50862347718318 39.29617538156525 120
    endloop
  endfacet
  facet normal 0.4677334893312958 0.5305395024366855 0.7069322593517746
    outer loop
      vertex 35.05831943617794 42.3782283526684 116
      vertex 32.50862347718318 39.29617538156525 120
      vertex 34.911902402363125 37.17739999849199 120
    endloop
  endfacet
  facet normal -0.7501110696304607 -0.6613118653236507 0
    outer loop
      vertex 37.17739999849199 34.911902402363125 79
      vertex 39.29617538156525 32.50862347718318 120
      vertex 37.17739999849199 34.911902402363125 120
    endloop
  endfacet
  facet normal -0.79015501237569 -0.612907053652977 0
    outer loop
      vertex 39.29617538156525 32.50862347718318 79
      vertex 41.25986671312232 29.97704786691613 120
      vertex 39.29617538156525 32.50862347718318 120
    endloop
  endfacet
  facet normal 0.5588618327152178 0.4334976731448315 0.7069322593517747
    outer loop
      vertex 42.3782283526684 35.05831943617794 116
      vertex 39.29617538156525 32.50862347718318 120
      vertex 41.25986671312232 29.97704786691613 120
    endloop
  endfacet
  facet normal -0.7071067811865475 -0.7071067811865475 0
    outer loop
      vertex 34.911902402363125 37.17739999849199 79
      vertex 37.17739999849199 34.911902402363125 120
      vertex 34.911902402363125 37.17739999849199 120
    endloop
  endfacet
  facet normal 0.5001233751224768 0.5001233751224768 0.7069322593517745
    outer loop
      vertex 37.65009082607788 40.093274508177636 116
      vertex 34.911902402363125 37.17739999849199 120
      vertex 37.17739999849199 34.911902402363125 120
    endloop
  endfacet
  facet normal 0.4677334893312961 0.5305395024366854 0.7069322593517745
    outer loop
      vertex 37.65009082607788 40.093274508177636 116
      vertex 35.05831943617794 42.3782283526684 116
      vertex 34.911902402363125 37.17739999849199 120
    endloop
  endfacet
  facet normal 0.5305395024366856 0.46773348933129594 0.7069322593517745
    outer loop
      vertex 40.093274508177636 37.65009082607788 116
      vertex 37.17739999849199 34.911902402363125 120
      vertex 39.29617538156525 32.50862347718318 120
    endloop
  endfacet
  facet normal 0.5001233751224768 0.5001233751224768 0.7069322593517746
    outer loop
      vertex 37.65009082607788 40.093274508177636 116
      vertex 37.17739999849199 34.911902402363125 120
      vertex 40.093274508177636 37.65009082607788 116
    endloop
  endfacet
  facet normal 0.5305395024366852 0.46773348933129605 0.7069322593517746
    outer loop
      vertex 40.093274508177636 37.65009082607788 116
      vertex 39.29617538156525 32.50862347718318 120
      vertex 42.3782283526684 35.05831943617794 116
    endloop
  endfacet
  facet normal -0.5620833778521306 -0.827080574274562 0
    outer loop
      vertex 27.32716654392883 43.06072420060277 79
      vertex 29.97704786691613 41.25986671312232 79
      vertex 29.97704786691613 41.25986671312232 120
    endloop
  endfacet
  facet normal 0.5620833778521305 0.8270805742745618 0
    outer loop
      vertex 29.470473723844815 46.43803590261083 80
      vertex 29.470473723844815 46.43803590261083 116
      vertex 32.328188876086024 44.49593469062211 80
    endloop
  endfacet
  facet normal 0.612907053652977 0.79015501237569 0
    outer loop
      vertex 32.328188876086024 44.49593469062211 80
      vertex 32.328188876086024 44.49593469062211 116
      vertex 35.05831943617794 42.3782283526684 80
    endloop
  endfacet
  facet normal 0.5090414157503703 0.8607420270039443 0
    outer loop
      vertex 26.496452075594338 48.196867402412494 116
      vertex 29.470473723844815 46.43803590261083 116
      vertex 29.470473723844815 46.43803590261083 80
    endloop
  endfacet
  facet normal 0.612907053652977 0.79015501237569 0
    outer loop
      vertex 35.05831943617794 42.3782283526684 80
      vertex 32.328188876086024 44.49593469062211 116
      vertex 35.05831943617794 42.3782283526684 116
    endloop
  endfacet
  facet normal 0.5620833778521305 0.8270805742745618 0
    outer loop
      vertex 32.328188876086024 44.49593469062211 80
      vertex 29.470473723844815 46.43803590261083 116
      vertex 32.328188876086024 44.49593469062211 116
    endloop
  endfacet
  facet normal 0.661311865323651 0.7501110696304605 0
    outer loop
      vertex 37.65009082607788 40.093274508177636 80
      vertex 35.05831943617794 42.3782283526684 80
      vertex 35.05831943617794 42.3782283526684 116
    endloop
  endfacet
  facet normal -0.5620833778521306 -0.827080574274562 0
    outer loop
      vertex 27.32716654392883 43.06072420060277 79
      vertex 29.97704786691613 41.25986671312232 120
      vertex 27.32716654392883 43.06072420060277 120
    endloop
  endfacet
  facet normal 0.3975510396887111 0.5849785906597096 0.7069322593517746
    outer loop
      vertex 29.470473723844815 46.43803590261083 116
      vertex 27.32716654392883 43.06072420060277 120
      vertex 29.97704786691613 41.25986671312232 120
    endloop
  endfacet
  facet normal 0.3975510396887111 0.5849785906597096 0.7069322593517745
    outer loop
      vertex 29.470473723844815 46.43803590261083 116
      vertex 29.97704786691613 41.25986671312232 120
      vertex 32.328188876086024 44.49593469062211 116
    endloop
  endfacet
  facet normal 0.360035453902733 0.6087867053581643 0.7069322593517746
    outer loop
      vertex 26.496452075594338 48.196867402412494 116
      vertex 27.32716654392883 43.06072420060277 120
      vertex 29.470473723844815 46.43803590261083 116
    endloop
  endfacet
  facet normal 0.4334976731448315 0.5588618327152178 0.7069322593517747
    outer loop
      vertex 32.328188876086024 44.49593469062211 116
      vertex 29.97704786691613 41.25986671312232 120
      vertex 32.50862347718318 39.29617538156525 120
    endloop
  endfacet
  facet normal 0.43349767314483145 0.5588618327152178 0.7069322593517746
    outer loop
      vertex 32.328188876086024 44.49593469062211 116
      vertex 32.50862347718318 39.29617538156525 120
      vertex 35.05831943617794 42.3782283526684 116
    endloop
  endfacet
  facet normal -0.827080574274562 -0.5620833778521306 0
    outer loop
      vertex 41.25986671312232 29.97704786691613 79
      vertex 43.06072420060277 27.32716654392883 79
      vertex 43.06072420060277 27.32716654392883 120
    endloop
  endfacet
  facet normal 0.79015501237569 0.612907053652977 0
    outer loop
      vertex 44.49593469062211 32.328188876086024 80
      vertex 42.3782283526684 35.05831943617794 80
      vertex 44.49593469062211 32.328188876086024 116
    endloop
  endfacet
  facet normal 0.8270805742745618 0.5620833778521305 0
    outer loop
      vertex 44.49593469062211 32.328188876086024 80
      vertex 46.43803590261083 29.470473723844815 116
      vertex 46.43803590261083 29.470473723844815 80
    endloop
  endfacet
  facet normal 0.79015501237569 0.612907053652977 0
    outer loop
      vertex 42.3782283526684 35.05831943617794 80
      vertex 42.3782283526684 35.05831943617794 116
      vertex 44.49593469062211 32.328188876086024 116
    endloop
  endfacet
  facet normal 0.860742027003944 0.5090414157503708 0
    outer loop
      vertex 48.196867402412494 26.49645207559434 116
      vertex 46.43803590261083 29.470473723844815 80
      vertex 46.43803590261083 29.470473723844815 116
    endloop
  endfacet
  facet normal 0.8270805742745618 0.5620833778521305 0
    outer loop
      vertex 44.49593469062211 32.328188876086024 80
      vertex 44.49593469062211 32.328188876086024 116
      vertex 46.43803590261083 29.470473723844815 116
    endloop
  endfacet
  facet normal 0.7501110696304605 0.661311865323651 0
    outer loop
      vertex 40.093274508177636 37.65009082607788 80
      vertex 42.3782283526684 35.05831943617794 116
      vertex 42.3782283526684 35.05831943617794 80
    endloop
  endfacet
  facet normal -0.827080574274562 -0.5620833778521306 0
    outer loop
      vertex 41.25986671312232 29.97704786691613 79
      vertex 43.06072420060277 27.32716654392883 120
      vertex 41.25986671312232 29.97704786691613 120
    endloop
  endfacet
  facet normal 0.5849785906597096 0.3975510396887111 0.7069322593517745
    outer loop
      vertex 44.49593469062211 32.328188876086024 116
      vertex 41.25986671312232 29.97704786691613 120
      vertex 43.06072420060277 27.32716654392883 120
    endloop
  endfacet
  facet normal 0.5849785906597096 0.3975510396887111 0.7069322593517745
    outer loop
      vertex 44.49593469062211 32.328188876086024 116
      vertex 43.06072420060277 27.32716654392883 120
      vertex 46.43803590261083 29.470473723844815 116
    endloop
  endfacet
  facet normal 0.5588618327152178 0.43349767314483145 0.7069322593517746
    outer loop
      vertex 44.49593469062211 32.328188876086024 116
      vertex 42.3782283526684 35.05831943617794 116
      vertex 41.25986671312232 29.97704786691613 120
    endloop
  endfacet
endsolid OpenSCAD_Model
