solid OpenSCAD_Model
  facet normal 0 0 -1
    outer loop
      vertex -50.406377154986586 28.011140338157006 100
      vertex -52.740660706418325 22.31291051130502 100
      vertex -53.97216072792815 23.060403763014698 100
    endloop
  endfacet
  facet normal 0 0 -1
    outer loop
      vertex -48.29831456659542 24.90922043638762 100
      vertex -51.509756322956186 21.505412053273822 100
      vertex -52.740660706418325 22.31291051130502 100
    endloop
  endfacet
  facet normal 0 0 -1
    outer loop
      vertex -48.29831456659542 24.90922043638762 100
      vertex -50.28430539479653 20.64109521642399 100
      vertex -51.509756322956186 21.505412053273822 100
    endloop
  endfacet
  facet normal 0 0 -1
    outer loop
      vertex -43.51942705923077 19.132537774017187 100
      vertex -45.53303967686418 16.686940430806004 100
      vertex -46.68881432061568 17.74238464745217 100
    endloop
  endfacet
  facet normal 0 0 -1
    outer loop
      vertex -43.51942705923077 19.132537774017187 100
      vertex -44.40630585851518 15.593694141484818 100
      vertex -45.53303967686418 16.686940430806004 100
    endloop
  endfacet
  facet normal 0 0 -1
    outer loop
      vertex -43.51942705923077 19.132537774017187 100
      vertex -46.68881432061568 17.74238464745217 100
      vertex -47.86906847527399 18.75586143528679 100
    endloop
  endfacet
  facet normal 0 0 -1
    outer loop
      vertex -45.999640596010934 21.94578781010356 100
      vertex -43.51942705923077 19.132537774017187 100
      vertex -47.86906847527399 18.75586143528679 100
    endloop
  endfacet
  facet normal 0 0 -1
    outer loop
      vertex -45.999640596010934 21.94578781010356 100
      vertex -49.06914421689752 19.723371064441785 100
      vertex -50.28430539479653 20.64109521642399 100
    endloop
  endfacet
  facet normal 0 0 -1
    outer loop
      vertex -45.999640596010934 21.94578781010356 100
      vertex -47.86906847527399 18.75586143528679 100
      vertex -49.06914421689752 19.723371064441785 100
    endloop
  endfacet
  facet normal 0 0 -1
    outer loop
      vertex -45.999640596010934 21.94578781010356 100
      vertex -50.28430539479653 20.64109521642399 100
      vertex -48.29831456659542 24.90922043638762 100
    endloop
  endfacet
  facet normal 0.5588618327152184 0.4334976731448308 -0.7069322593517747
    outer loop
      vertex -45.999640596010934 21.94578781010356 100
      vertex -48.29831456659542 24.90922043638762 100
      vertex -47.084789075033 25.79089831482633 101.5
    endloop
  endfacet
  facet normal 0.5305395024366841 0.4677334893312968 -0.7069322593517751
    outer loop
      vertex -45.999640596010934 21.94578781010356 100
      vertex -44.84387073184725 22.901923794726592 101.5
      vertex -43.51942705923077 19.132537774017187 100
    endloop
  endfacet
  facet normal 0 0 -1
    outer loop
      vertex -40.86746222598281 16.48057294076923 100
      vertex -43.313059569193996 14.466960323135822 100
      vertex -44.40630585851518 15.593694141484818 100
    endloop
  endfacet
  facet normal 0 0 -1
    outer loop
      vertex -40.86746222598281 16.48057294076923 100
      vertex -42.25761535254783 13.311185679384323 100
      vertex -43.313059569193996 14.466960323135822 100
    endloop
  endfacet
  facet normal 0 0 -1
    outer loop
      vertex -38.05421218989644 14.000359403989066 100
      vertex -41.24413856471321 12.130931524726009 100
      vertex -42.25761535254783 13.311185679384323 100
    endloop
  endfacet
  facet normal 0 0 -1
    outer loop
      vertex -40.86746222598281 16.48057294076923 100
      vertex -38.05421218989644 14.000359403989066 100
      vertex -42.25761535254783 13.311185679384323 100
    endloop
  endfacet
  facet normal 0 0 -1
    outer loop
      vertex -35.09077956361238 11.701685433404577 100
      vertex -39.35890478357601 9.715694605203467 100
      vertex -40.276628935558215 10.93085578310248 100
    endloop
  endfacet
  facet normal 0 0 -1
    outer loop
      vertex -35.09077956361238 11.701685433404577 100
      vertex -36.9395962369853 6.027839272071851 100
      vertex -37.68708948869498 7.259339293581675 100
    endloop
  endfacet
  facet normal 0 0 -1
    outer loop
      vertex -35.09077956361238 11.701685433404577 100
      vertex -38.49458794672618 8.490243677043814 100
      vertex -39.35890478357601 9.715694605203467 100
    endloop
  endfacet
  facet normal 0 0 -1
    outer loop
      vertex -35.09077956361238 11.701685433404577 100
      vertex -37.68708948869498 7.259339293581675 100
      vertex -38.49458794672618 8.490243677043814 100
    endloop
  endfacet
  facet normal 0 0 -1
    outer loop
      vertex -38.05421218989644 14.000359403989066 100
      vertex -40.276628935558215 10.93085578310248 100
      vertex -41.24413856471321 12.130931524726009 100
    endloop
  endfacet
  facet normal 0 0 -1
    outer loop
      vertex -38.05421218989644 14.000359403989066 100
      vertex -35.09077956361238 11.701685433404577 100
      vertex -40.276628935558215 10.93085578310248 100
    endloop
  endfacet
  facet normal 0.4334976731448305 0.5588618327152179 -0.7069322593517751
    outer loop
      vertex -38.05421218989644 14.000359403989066 100
      vertex -37.09807620527341 15.156129268152753 101.5
      vertex -35.09077956361238 11.701685433404577 100
    endloop
  endfacet
  facet normal 0 0 -1
    outer loop
      vertex -43.51942705923077 19.132537774017187 100
      vertex -40.86746222598281 16.48057294076923 100
      vertex -44.40630585851518 15.593694141484818 100
    endloop
  endfacet
  facet normal 0.5001233751224775 0.5001233751224775 -0.7069322593517736
    outer loop
      vertex -43.51942705923077 19.132537774017187 100
      vertex -42.42597411809866 20.159358432910217 101.5
      vertex -40.86746222598281 16.48057294076923 100
    endloop
  endfacet
  facet normal 0.4677334893312977 0.5305395024366851 -0.7069322593517737
    outer loop
      vertex -40.86746222598281 16.48057294076923 100
      vertex -39.84064156708978 17.574025881901342 101.5
      vertex -38.05421218989644 14.000359403989066 100
    endloop
  endfacet
  facet normal 0.5588618327152177 0.43349767314483073 -0.7069322593517751
    outer loop
      vertex -45.999640596010934 21.94578781010356 100
      vertex -47.084789075033 25.79089831482633 101.5
      vertex -44.84387073184725 22.901923794726592 101.5
    endloop
  endfacet
  facet normal 0.467733489331296 0.5305395024366848 -0.7069322593517751
    outer loop
      vertex -38.05421218989644 14.000359403989066 100
      vertex -39.84064156708978 17.574025881901342 101.5
      vertex -37.09807620527341 15.156129268152753 101.5
    endloop
  endfacet
  facet normal 0.5001233751224774 0.5001233751224774 -0.7069322593517736
    outer loop
      vertex -40.86746222598281 16.48057294076923 100
      vertex -42.42597411809866 20.159358432910217 101.5
      vertex -39.84064156708978 17.574025881901342 101.5
    endloop
  endfacet
  facet normal 0.5305395024366859 0.46773348933129694 -0.7069322593517737
    outer loop
      vertex -43.51942705923077 19.132537774017187 100
      vertex -44.84387073184725 22.901923794726592 101.5
      vertex -42.42597411809866 20.159358432910217 101.5
    endloop
  endfacet
  facet normal -0.4529525832409842 -0.8915346080412804 0
    outer loop
      vertex -55.19939621951958 23.744941794035547 100
      vertex -55.19939621951958 23.744941794035547 105
      vertex -56.41752384337788 24.363823045494797 100
    endloop
  endfacet
  facet normal -0.4871324926201313 -0.8733280796090881 0
    outer loop
      vertex -53.97216072792815 23.060403763014698 100
      vertex -53.97216072792815 23.060403763014698 105
      vertex -55.19939621951958 23.744941794035547 100
    endloop
  endfacet
  facet normal -0.8915346080412804 -0.4529525832409842 0
    outer loop
      vertex -36.25505820596445 4.800603780480422 100
      vertex -35.6361769545052 3.5824761566221213 100
      vertex -35.6361769545052 3.5824761566221213 105
    endloop
  endfacet
  facet normal -0.8548500788321388 -0.5188750742911882 0
    outer loop
      vertex -37.68708948869498 7.259339293581675 100
      vertex -36.9395962369853 6.027839272071851 100
      vertex -36.9395962369853 6.027839272071851 105
    endloop
  endfacet
  facet normal -0.8733280796090881 -0.4871324926201313 0
    outer loop
      vertex -36.9395962369853 6.027839272071851 100
      vertex -36.25505820596445 4.800603780480422 100
      vertex -36.25505820596445 4.800603780480422 105
    endloop
  endfacet
  facet normal -0.6026668488489503 -0.7979929005313747 0
    outer loop
      vertex -49.06914421689752 19.723371064441785 100
      vertex -49.06914421689752 19.723371064441785 105
      vertex -50.28430539479653 20.64109521642399 100
    endloop
  endfacet
  facet normal -0.5485222814193013 -0.8361359379829125 0
    outer loop
      vertex -51.509756322956186 21.505412053273822 100
      vertex -51.509756322956186 21.505412053273822 105
      vertex -52.740660706418325 22.31291051130502 100
    endloop
  endfacet
  facet normal -0.5188750742911882 -0.8548500788321388 0
    outer loop
      vertex -52.740660706418325 22.31291051130502 100
      vertex -52.740660706418325 22.31291051130502 105
      vertex -53.97216072792815 23.060403763014698 100
    endloop
  endfacet
  facet normal -0.5763683291733223 -0.8171900324440778 0
    outer loop
      vertex -50.28430539479653 20.64109521642399 100
      vertex -50.28430539479653 20.64109521642399 105
      vertex -51.509756322956186 21.505412053273822 100
    endloop
  endfacet
  facet normal -0.6276371212036678 -0.7785060334301672 0
    outer loop
      vertex -47.86906847527399 18.75586143528679 100
      vertex -47.86906847527399 18.75586143528679 105
      vertex -49.06914421689752 19.723371064441785 100
    endloop
  endfacet
  facet normal -0.6514693736735667 -0.7586749337927086 0
    outer loop
      vertex -46.68881432061568 17.74238464745217 100
      vertex -46.68881432061568 17.74238464745217 105
      vertex -47.86906847527399 18.75586143528679 100
    endloop
  endfacet
  facet normal -0.6743291934538831 -0.7384308626106005 0
    outer loop
      vertex -45.53303967686418 16.686940430806004 100
      vertex -45.53303967686418 16.686940430806004 105
      vertex -46.68881432061568 17.74238464745217 100
    endloop
  endfacet
  facet normal -0.6963611304138585 -0.7176915605249466 0
    outer loop
      vertex -45.53303967686418 16.686940430806004 100
      vertex -44.40630585851518 15.593694141484818 100
      vertex -44.40630585851518 15.593694141484818 105
    endloop
  endfacet
  facet normal -0.7176915605249466 -0.6963611304138585 0
    outer loop
      vertex -44.40630585851518 15.593694141484818 100
      vertex -43.313059569193996 14.466960323135822 100
      vertex -43.313059569193996 14.466960323135822 105
    endloop
  endfacet
  facet normal -0.7384308626106005 -0.6743291934538831 0
    outer loop
      vertex -43.313059569193996 14.466960323135822 100
      vertex -42.25761535254783 13.311185679384323 100
      vertex -42.25761535254783 13.311185679384323 105
    endloop
  endfacet
  facet normal -0.7586749337927086 -0.6514693736735667 0
    outer loop
      vertex -42.25761535254783 13.311185679384323 100
      vertex -41.24413856471321 12.130931524726009 100
      vertex -41.24413856471321 12.130931524726009 105
    endloop
  endfacet
  facet normal -0.7785060334301672 -0.6276371212036678 0
    outer loop
      vertex -41.24413856471321 12.130931524726009 100
      vertex -40.276628935558215 10.93085578310248 100
      vertex -40.276628935558215 10.93085578310248 105
    endloop
  endfacet
  facet normal -0.8361359379829125 -0.5485222814193013 0
    outer loop
      vertex -38.49458794672618 8.490243677043814 100
      vertex -37.68708948869498 7.259339293581675 100
      vertex -37.68708948869498 7.259339293581675 105
    endloop
  endfacet
  facet normal -0.8171900324440778 -0.5763683291733223 0
    outer loop
      vertex -39.35890478357601 9.715694605203467 100
      vertex -38.49458794672618 8.490243677043814 100
      vertex -38.49458794672618 8.490243677043814 105
    endloop
  endfacet
  facet normal -0.7979929005313747 -0.6026668488489503 0
    outer loop
      vertex -40.276628935558215 10.93085578310248 100
      vertex -39.35890478357601 9.715694605203467 100
      vertex -39.35890478357601 9.715694605203467 105
    endloop
  endfacet
  facet normal 0.6129070536529764 0.7901550123756904 0
    outer loop
      vertex -34.20910168517367 12.915210924966999 101.5
      vertex -37.09807620527341 15.156129268152753 101.5
      vertex -37.09807620527341 15.156129268152753 103.5
    endloop
  endfacet
  facet normal 0.7071067811865476 0.7071067811865476 0
    outer loop
      vertex -42.42597411809866 20.159358432910217 101.5
      vertex -42.42597411809866 20.159358432910217 103.5
      vertex -39.84064156708978 17.574025881901342 101.5
    endloop
  endfacet
  facet normal 0.7501110696304601 0.6613118653236513 0
    outer loop
      vertex -42.42597411809866 20.159358432910217 101.5
      vertex -44.84387073184725 22.901923794726592 101.5
      vertex -44.84387073184725 22.901923794726592 103.5
    endloop
  endfacet
  facet normal 0.6613118653236513 0.7501110696304601 0
    outer loop
      vertex -39.84064156708978 17.574025881901342 101.5
      vertex -39.84064156708978 17.574025881901342 103.5
      vertex -37.09807620527341 15.156129268152753 101.5
    endloop
  endfacet
  facet normal -0.6301922170584389 -0.3210989726645907 -0.7069322593521348
    outer loop
      vertex -66.32382294306264 28.790377929549113 100
      vertex -65.26702564761136 26.716296455307003 100
      vertex -65.27396375549411 26.716503474493813 100.00609092014638
    endloop
  endfacet
  facet normal -0.6301922170587637 -0.3210989726647541 -0.7069322593517707
    outer loop
      vertex -66.32382294306264 28.790377929549113 100
      vertex -65.27396375549411 26.716503474493813 100.00609092014638
      vertex -66.20422827644308 26.668334631525966 100.85725087067843
    endloop
  endfacet
  facet normal 0 0 -1
    outer loop
      vertex -66.32382294306264 28.790377929549113 100
      vertex -68.15261641283789 33.016470289310206 100
      vertex -55.507656210299565 38.02296420362764 100
    endloop
  endfacet
  facet normal -0.6491106479860592 -0.28089526047783614 -0.7069322593517761
    outer loop
      vertex -66.32382294306264 28.790377929549113 100
      vertex -67.68106352176167 28.151708992201502 101.5
      vertex -68.15261641283789 33.016470289310206 100
    endloop
  endfacet
  facet normal 0 0 -1
    outer loop
      vertex -69.71244264160039 37.3490543132373 100
      vertex -69.71488789564502 37.3574709328646 100
      vertex -69.69064850121913 37.379323688349515 100
    endloop
  endfacet
  facet normal -0.6791977279352622 -0.1973251809967809 -0.7069322593517468
    outer loop
      vertex -69.71244264160039 37.3490543132373 100
      vertex -69.73086227138324 37.34306941272353 100.01936754490113
      vertex -69.71488789564502 37.3574709328646 100
    endloop
  endfacet
  facet normal -0.6695959456584876 0.7427255681324804 4.078146625271717e-13
    outer loop
      vertex -69.71488789564502 37.3574709328646 100
      vertex -69.73086227138324 37.34306941272353 100.01936754490113
      vertex -69.69064850121913 37.379323688349515 100
    endloop
  endfacet
  facet normal 0 0 -1
    outer loop
      vertex -68.15261641283789 33.016470289310206 100
      vertex -69.71244264160039 37.3490543132373 100
      vertex -56.77807402565504 41.551685434894694 100
    endloop
  endfacet
  facet normal 0 0 -1
    outer loop
      vertex -69.71244264160039 37.3490543132373 100
      vertex -69.69064850121913 37.379323688349515 100
      vertex -57.82441472226588 45.153213735517014 100
    endloop
  endfacet
  facet normal 0 0 -1
    outer loop
      vertex -57.82441472226588 45.153213735517014 100
      vertex -69.69064850121913 37.379323688349515 100
      vertex -69.01895591077941 38.09233299890341 100
    endloop
  endfacet
  facet normal 0 0 -1
    outer loop
      vertex -57.82441472226588 45.153213735517014 100
      vertex -69.01895591077941 38.09233299890341 100
      vertex -68.37007846025203 38.891801862449626 100
    endloop
  endfacet
  facet normal 0 0 -1
    outer loop
      vertex -57.82441472226588 45.153213735517014 100
      vertex -68.37007846025203 38.891801862449626 100
      vertex -67.74657697249032 39.77457514062631 100
    endloop
  endfacet
  facet normal 0 0 -1
    outer loop
      vertex -57.82441472226588 45.153213735517014 100
      vertex -67.74657697249032 39.77457514062631 100
      vertex -67.15091212301573 40.737168930605264 100
    endloop
  endfacet
  facet normal -0.6654673357362116 -0.23958298302664652 -0.7069322593517725
    outer loop
      vertex -68.15261641283789 33.016470289310206 100
      vertex -69.54728114167025 32.46428346028319 101.5
      vertex -69.71244264160039 37.3490543132373 100
    endloop
  endfacet
  facet normal -0.6654673357362392 -0.2395829830266402 -0.7069322593517487
    outer loop
      vertex -69.71244264160039 37.3490543132373 100
      vertex -69.54728114167025 32.46428346028319 101.5
      vertex -69.73086227138324 37.34306941272353 100.01936754490113
    endloop
  endfacet
  facet normal 0 0 -1
    outer loop
      vertex -52.315508801230244 31.239305654691854 100
      vertex -59.96947891807639 25.803454068020116 100
      vertex -61.1037437990663 26.138013148973563 100
    endloop
  endfacet
  facet normal 0 0 -1
    outer loop
      vertex -52.315508801230244 31.239305654691854 100
      vertex -61.1037437990663 26.138013148973563 100
      vertex -62.20559904986642 26.397471091017792 100
    endloop
  endfacet
  facet normal 0 0 -1
    outer loop
      vertex -66.32382294306264 28.790377929549113 100
      vertex -54.01817503491797 34.580976292296256 100
      vertex -65.26702564761136 26.716296455307003 100
    endloop
  endfacet
  facet normal 0 0 -1
    outer loop
      vertex -54.01817503491797 34.580976292296256 100
      vertex -64.29483165137962 26.687288141524675 100
      vertex -65.26702564761136 26.716296455307003 100
    endloop
  endfacet
  facet normal 0 0 -1
    outer loop
      vertex -54.01817503491797 34.580976292296256 100
      vertex -63.27069615119165 26.580803932190598 100
      vertex -64.29483165137962 26.687288141524675 100
    endloop
  endfacet
  facet normal 0 0 -1
    outer loop
      vertex -54.01817503491797 34.580976292296256 100
      vertex -62.20559904986642 26.397471091017792 100
      vertex -63.27069615119165 26.580803932190598 100
    endloop
  endfacet
  facet normal 0 0 -1
    outer loop
      vertex -52.315508801230244 31.239305654691854 100
      vertex -58.80728083218564 25.395114200004443 100
      vertex -59.96947891807639 25.803454068020116 100
    endloop
  endfacet
  facet normal 0 0 -1
    outer loop
      vertex -52.315508801230244 31.239305654691854 100
      vertex -57.621736206281255 24.91460507583288 100
      vertex -58.80728083218564 25.395114200004443 100
    endloop
  endfacet
  facet normal 0 0 -1
    outer loop
      vertex -52.315508801230244 31.239305654691854 100
      vertex -56.41752384337788 24.363823045494797 100
      vertex -57.621736206281255 24.91460507583288 100
    endloop
  endfacet
  facet normal 0 0 -1
    outer loop
      vertex -50.406377154986586 28.011140338157006 100
      vertex -55.19939621951958 23.744941794035547 100
      vertex -56.41752384337788 24.363823045494797 100
    endloop
  endfacet
  facet normal 0 0 -1
    outer loop
      vertex -52.315508801230244 31.239305654691854 100
      vertex -62.20559904986642 26.397471091017792 100
      vertex -54.01817503491797 34.580976292296256 100
    endloop
  endfacet
  facet normal 0 0 -1
    outer loop
      vertex -68.15261641283789 33.016470289310206 100
      vertex -56.77807402565504 41.551685434894694 100
      vertex -55.507656210299565 38.02296420362764 100
    endloop
  endfacet
  facet normal 0 0 -1
    outer loop
      vertex -66.32382294306264 28.790377929549113 100
      vertex -55.507656210299565 38.02296420362764 100
      vertex -54.01817503491797 34.580976292296256 100
    endloop
  endfacet
  facet normal 0 0 -1
    outer loop
      vertex -69.71244264160039 37.3490543132373 100
      vertex -57.82441472226588 45.153213735517014 100
      vertex -56.77807402565504 41.551685434894694 100
    endloop
  endfacet
  facet normal 0.6491106479860602 0.2808952604778352 -0.7069322593517755
    outer loop
      vertex -54.01817503491797 34.580976292296256 100
      vertex -55.507656210299565 38.02296420362764 100
      vertex -54.11299148146718 38.57515103265465 101.5
    endloop
  endfacet
  facet normal 0.6654673357362092 0.23958298302664627 -0.706932259351775
    outer loop
      vertex -56.77807402565504 41.551685434894694 100
      vertex -55.35148925121231 42.015210926457115 101.5
      vertex -55.507656210299565 38.02296420362764 100
    endloop
  endfacet
  facet normal -0.6301922170587533 -0.3210989726647568 -0.7069322593517788
    outer loop
      vertex -66.32382294306264 28.790377929549113 100
      vertex -66.20422827644308 26.668334631525966 100.85725087067843
      vertex -66.87633466797047 26.572339689667764 101.5
    endloop
  endfacet
  facet normal -0.6301922170587582 -0.3210989726647537 -0.7069322593517761
    outer loop
      vertex -66.32382294306264 28.790377929549113 100
      vertex -66.87633466797047 26.572339689667764 101.5
      vertex -67.68106352176167 28.151708992201502 101.5
    endloop
  endfacet
  facet normal -0.6491106479860634 -0.2808952604778355 -0.7069322593517726
    outer loop
      vertex -68.15261641283789 33.016470289310206 100
      vertex -67.68106352176167 28.151708992201502 101.5
      vertex -69.54728114167025 32.46428346028319 101.5
    endloop
  endfacet
  facet normal -0.6654673357362106 -0.23958298302664657 -0.7069322593517734
    outer loop
      vertex -69.54728114167025 32.46428346028319 101.5
      vertex -70.38250536778386 36.75558785279371 100.83188921471493
      vertex -69.73086227138324 37.34306941272353 100.01936754490113
    endloop
  endfacet
  facet normal 0.6491106479860604 0.2808952604778351 -0.7069322593517754
    outer loop
      vertex -54.01817503491797 34.580976292296256 100
      vertex -54.11299148146718 38.57515103265465 101.5
      vertex -52.66093445621893 35.21964522964386 101.5
    endloop
  endfacet
  facet normal 0.6654673357362082 0.2395829830266466 -0.7069322593517756
    outer loop
      vertex -55.507656210299565 38.02296420362764 100
      vertex -55.35148925121231 42.015210926457115 101.5
      vertex -54.11299148146718 38.57515103265465 101.5
    endloop
  endfacet
  facet normal 0 0 -1
    outer loop
      vertex -57.82441472226588 45.153213735517014 100
      vertex -67.15091212301573 40.737168930605264 100
      vertex -66.58543472885573 41.77578431446471 100
    endloop
  endfacet
  facet normal 0 0 -1
    outer loop
      vertex -57.82441472226588 45.153213735517014 100
      vertex -66.58543472885573 41.77578431446471 100
      vertex -66.05237647094306 42.88632235178279 100
    endloop
  endfacet
  facet normal 0 0 -1
    outer loop
      vertex -57.82441472226588 45.153213735517014 100
      vertex -66.05237647094306 42.88632235178279 100
      vertex -65.55384108669053 44.06440025628276 100
    endloop
  endfacet
  facet normal 0 0 -1
    outer loop
      vertex -57.82441472226588 45.153213735517014 100
      vertex -65.55384108669053 44.06440025628276 100
      vertex -65.09179606750062 45.30536869268817 100
    endloop
  endfacet
  facet normal 0 0 -1
    outer loop
      vertex -58.64254887143015 48.81333551867379 100
      vertex -65.09179606750062 45.30536869268817 100
      vertex -64.66806489397581 46.60433012552508 100
    endloop
  endfacet
  facet normal 0 0 -1
    outer loop
      vertex -58.64254887143015 48.81333551867379 100
      vertex -64.66806489397581 46.60433012552508 100
      vertex -64.28431983947364 47.95615814745712 100
    endloop
  endfacet
  facet normal 0 0 -1
    outer loop
      vertex -58.64254887143015 48.81333551867379 100
      vertex -64.28431983947364 47.95615814745712 100
      vertex -63.942075370407764 49.35551771087319 100
    endloop
  endfacet
  facet normal 0 0 -1
    outer loop
      vertex -58.64254887143015 48.81333551867379 100
      vertex -63.942075370407764 49.35551771087319 100
      vertex -63.64268216934098 50.79688618288306 100
    endloop
  endfacet
  facet normal 0 0 -1
    outer loop
      vertex -59.22924767143106 52.517605955837524 100
      vertex -63.64268216934098 50.79688618288306 100
      vertex -63.38732180445815 52.27457514062632 100
    endloop
  endfacet
  facet normal 0 0 -1
    outer loop
      vertex -57.82441472226588 45.153213735517014 100
      vertex -65.09179606750062 45.30536869268817 100
      vertex -58.64254887143015 48.81333551867379 100
    endloop
  endfacet
  facet normal 0 0 -1
    outer loop
      vertex -58.64254887143015 48.81333551867379 100
      vertex -63.64268216934098 50.79688618288306 100
      vertex -59.22924767143106 52.517605955837524 100
    endloop
  endfacet
  facet normal 0.6902476369981835 0.15428862662627146 -0.7069322593517734
    outer loop
      vertex -57.82441472226588 45.153213735517014 100
      vertex -58.64254887143015 48.81333551867379 100
      vertex -57.169117995337125 49.09440749055238 101.5
    endloop
  endfacet
  facet normal 0.6791977279353135 0.19732518099650553 -0.7069322593517742
    outer loop
      vertex -56.77807402565504 41.551685434894694 100
      vertex -57.82441472226588 45.153213735517014 100
      vertex -56.37153998057293 45.52624856626429 101.5
    endloop
  endfacet
  facet normal 0 0 -1
    outer loop
      vertex -59.22924767143106 52.517605955837524 100
      vertex -63.38732180445815 52.27457514062632 100
      vertex -63.177002066456424 53.78275282087863 100
    endloop
  endfacet
  facet normal 0 0 -1
    outer loop
      vertex -59.22924767143106 52.517605955837524 100
      vertex -63.177002066456424 53.78275282087863 100
      vertex -63.01255299125573 55.31546713535688 100
    endloop
  endfacet
  facet normal 0 0 -1
    outer loop
      vertex -59.22924767143106 52.517605955837524 100
      vertex -63.01255299125573 55.31546713535688 100
      vertex -59.582195690142164 56.25140598391287 100
    endloop
  endfacet
  facet normal 0 0 -1
    outer loop
      vertex -59.582195690142164 56.25140598391287 100
      vertex -63.01255299125573 55.31546713535688 100
      vertex -62.89462358422627 56.8666691608924 100
    endloop
  endfacet
  facet normal 0 0 -1
    outer loop
      vertex -59.582195690142164 56.25140598391287 100
      vertex -62.89462358422627 56.8666691608924 100
      vertex -62.823679258860736 58.43023701176717 100
    endloop
  endfacet
  facet normal 0 0 -1
    outer loop
      vertex -59.70000000298023 60 100
      vertex -62.823679258860736 58.43023701176717 100
      vertex -62.8 60 100
    endloop
  endfacet
  facet normal 0 0 -1
    outer loop
      vertex -59.582195690142164 56.25140598391287 100
      vertex -62.823679258860736 58.43023701176717 100
      vertex -59.70000000298023 60 100
    endloop
  endfacet
  facet normal 0.6985734539819684 0.11064316553451349 -0.7069322593517748
    outer loop
      vertex -58.64254887143015 48.81333551867379 100
      vertex -59.22924767143106 52.517605955837524 100
      vertex -57.741075619459345 52.70560580618398 101.5
    endloop
  endfacet
  facet normal 0.7041423206907415 0.06656104641644206 -0.7069322593517751
    outer loop
      vertex -59.22924767143106 52.517605955837524 100
      vertex -59.582195690142164 56.25140598391287 100
      vertex -58.08515559749976 56.34559176320684 101.5
    endloop
  endfacet
  facet normal 0.7069322593517748 0.022216241257016107 -0.7069322593517748
    outer loop
      vertex -59.582195690142164 56.25140598391287 100
      vertex -59.70000000298023 60 100
      vertex -58.20000000298023 60 101.5
    endloop
  endfacet
  facet normal 0.69857345398197 0.11064316553451256 -0.7069322593517733
    outer loop
      vertex -58.64254887143015 48.81333551867379 100
      vertex -57.741075619459345 52.70560580618398 101.5
      vertex -57.169117995337125 49.09440749055238 101.5
    endloop
  endfacet
  facet normal 0.6791977279353127 0.19732518099650587 -0.706932259351775
    outer loop
      vertex -56.77807402565504 41.551685434894694 100
      vertex -56.37153998057293 45.52624856626429 101.5
      vertex -55.35148925121231 42.015210926457115 101.5
    endloop
  endfacet
  facet normal 0.6902476369981824 0.15428862662627196 -0.7069322593517743
    outer loop
      vertex -57.82441472226588 45.153213735517014 100
      vertex -57.169117995337125 49.09440749055238 101.5
      vertex -56.37153998057293 45.52624856626429 101.5
    endloop
  endfacet
  facet normal 0.7041423206907417 0.0665610464164419 -0.7069322593517747
    outer loop
      vertex -59.22924767143106 52.517605955837524 100
      vertex -58.08515559749976 56.34559176320684 101.5
      vertex -57.741075619459345 52.70560580618398 101.5
    endloop
  endfacet
  facet normal 0.7069322593517747 0.02221624125701618 -0.706932259351775
    outer loop
      vertex -59.582195690142164 56.25140598391287 100
      vertex -58.20000000298023 60 101.5
      vertex -58.08515559749976 56.34559176320684 101.5
    endloop
  endfacet
  facet normal 0 0 -1
    outer loop
      vertex -50.406377154986586 28.011140338157006 100
      vertex -53.97216072792815 23.060403763014698 100
      vertex -55.19939621951958 23.744941794035547 100
    endloop
  endfacet
  facet normal 0 0 -1
    outer loop
      vertex -52.315508801230244 31.239305654691854 100
      vertex -50.406377154986586 28.011140338157006 100
      vertex -56.41752384337788 24.363823045494797 100
    endloop
  endfacet
  facet normal 0 0 -1
    outer loop
      vertex -48.29831456659542 24.90922043638762 100
      vertex -52.740660706418325 22.31291051130502 100
      vertex -50.406377154986586 28.011140338157006 100
    endloop
  endfacet
  facet normal 0.5849785906597097 0.39755103968871075 -0.7069322593517747
    outer loop
      vertex -48.29831456659542 24.90922043638762 100
      vertex -50.406377154986586 28.011140338157006 100
      vertex -49.139885266733565 28.8148805306255 101.5
    endloop
  endfacet
  facet normal 0.608786705358164 0.3600354539027331 -0.7069322593517747
    outer loop
      vertex -52.315508801230244 31.239305654691854 100
      vertex -51.00104878116445 31.961936165844428 101.5
      vertex -50.406377154986586 28.011140338157006 100
    endloop
  endfacet
  facet normal 0.6301922170587583 0.3210989726647554 -0.7069322593517753
    outer loop
      vertex -52.315508801230244 31.239305654691854 100
      vertex -54.01817503491797 34.580976292296256 100
      vertex -52.66093445621893 35.21964522964386 101.5
    endloop
  endfacet
  facet normal 0.6301922170587589 0.32109897266475523 -0.7069322593517747
    outer loop
      vertex -52.315508801230244 31.239305654691854 100
      vertex -52.66093445621893 35.21964522964386 101.5
      vertex -51.00104878116445 31.961936165844428 101.5
    endloop
  endfacet
  facet normal 0.608786705358164 0.3600354539027331 -0.7069322593517748
    outer loop
      vertex -50.406377154986586 28.011140338157006 100
      vertex -51.00104878116445 31.961936165844428 101.5
      vertex -49.139885266733565 28.8148805306255 101.5
    endloop
  endfacet
  facet normal 0.5849785906597097 0.3975510396887108 -0.7069322593517747
    outer loop
      vertex -48.29831456659542 24.90922043638762 100
      vertex -49.139885266733565 28.8148805306255 101.5
      vertex -47.084789075033 25.79089831482633 101.5
    endloop
  endfacet
  facet normal -0.029824715416168494 -0.9995551442268429 0
    outer loop
      vertex -65.26702564761136 26.716296455307003 100
      vertex -65.27396375549411 26.716503474493813 104.99390907985362
      vertex -65.27396375549411 26.716503474493813 100.00609092014638
    endloop
  endfacet
  facet normal -0.02982471541570869 -0.9995551442268564 0
    outer loop
      vertex -64.29483165137962 26.687288141524675 100
      vertex -64.29483165137962 26.687288141524675 105
      vertex -65.26702564761136 26.716296455307003 100
    endloop
  endfacet
  facet normal -0.10341722144825051 -0.9946380639749937 0
    outer loop
      vertex -63.27069615119165 26.580803932190598 100
      vertex -63.27069615119165 26.580803932190598 105
      vertex -64.29483165137962 26.687288141524675 100
    endloop
  endfacet
  facet normal -0.16963321644352491 -0.9855072662740869 0
    outer loop
      vertex -62.20559904986642 26.397471091017792 100
      vertex -62.20559904986642 26.397471091017792 105
      vertex -63.27069615119165 26.580803932190598 100
    endloop
  endfacet
  facet normal -0.6654673357362045 -0.2395829830266463 -0.7069322593517792
    outer loop
      vertex -69.54728114167025 32.46428346028319 101.5
      vertex -70.94134147043852 36.33643498424086 101.5
      vertex -70.38250536778386 36.75558785279371 100.83188921471493
    endloop
  endfacet
  facet normal -0.6695959456585164 0.7427255681324543 0
    outer loop
      vertex -70.38250536778386 36.75558785279371 100.83188921471493
      vertex -70.38250536778386 36.75558785279371 104.16811078528508
      vertex -69.73086227138324 37.34306941272353 100.01936754490113
    endloop
  endfacet
  facet normal -0.6695959456585958 0.7427255681323827 0
    outer loop
      vertex -69.69064850121913 37.379323688349515 100
      vertex -69.73086227138324 37.34306941272353 100.01936754490113
      vertex -69.69064850121913 37.379323688349515 105
    endloop
  endfacet
  facet normal -0.7278814791701042 0.6857029621353121 0
    outer loop
      vertex -69.69064850121913 37.379323688349515 100
      vertex -69.69064850121913 37.379323688349515 105
      vertex -69.01895591077941 38.09233299890341 100
    endloop
  endfacet
  facet normal -0.7764423384405095 0.6301883012854437 0
    outer loop
      vertex -68.37007846025203 38.891801862449626 100
      vertex -69.01895591077941 38.09233299890341 100
      vertex -69.01895591077941 38.09233299890341 105
    endloop
  endfacet
  facet normal -0.8168076685527244 0.576910073229323 0
    outer loop
      vertex -67.74657697249032 39.77457514062631 100
      vertex -68.37007846025203 38.891801862449626 100
      vertex -68.37007846025203 38.891801862449626 105
    endloop
  endfacet
  facet normal -0.8503547003523044 0.5262099234989231 0
    outer loop
      vertex -67.15091212301573 40.737168930605264 100
      vertex -67.74657697249032 39.77457514062631 100
      vertex -67.74657697249032 39.77457514062631 105
    endloop
  endfacet
  facet normal -0.878265041654623 0.47817414882802184 0
    outer loop
      vertex -66.58543472885573 41.77578431446471 100
      vertex -67.15091212301573 40.737168930605264 100
      vertex -67.15091212301573 40.737168930605264 105
    endloop
  endfacet
  facet normal -0.9015230574682757 0.43273106758476676 0
    outer loop
      vertex -66.05237647094306 42.88632235178279 100
      vertex -66.58543472885573 41.77578431446471 100
      vertex -66.58543472885573 41.77578431446471 105
    endloop
  endfacet
  facet normal -0.2292049697992235 -0.9733781802667127 0
    outer loop
      vertex -61.1037437990663 26.138013148973563 100
      vertex -61.1037437990663 26.138013148973563 105
      vertex -62.20559904986642 26.397471091017792 100
    endloop
  endfacet
  facet normal -0.28290698340866977 -0.9591473498574693 0
    outer loop
      vertex -59.96947891807639 25.803454068020116 100
      vertex -59.96947891807639 25.803454068020116 105
      vertex -61.1037437990663 26.138013148973563 100
    endloop
  endfacet
  facet normal -0.3314859950125629 -0.9434601396511307 0
    outer loop
      vertex -58.80728083218564 25.395114200004443 100
      vertex -58.80728083218564 25.395114200004443 105
      vertex -59.96947891807639 25.803454068020116 100
    endloop
  endfacet
  facet normal -0.3756265049863605 -0.9267711307284727 0
    outer loop
      vertex -57.621736206281255 24.91460507583288 100
      vertex -57.621736206281255 24.91460507583288 105
      vertex -58.80728083218564 25.395114200004443 100
    endloop
  endfacet
  facet normal -0.41593774349069035 -0.9093930907698127 0
    outer loop
      vertex -56.41752384337788 24.363823045494797 100
      vertex -56.41752384337788 24.363823045494797 105
      vertex -57.621736206281255 24.91460507583288 100
    endloop
  endfacet
  facet normal -0.8910065241883683 -0.4539904997395461 0
    outer loop
      vertex -67.68106352176167 28.151708992201502 101.5
      vertex -66.87633466797047 26.572339689667764 101.5
      vertex -66.87633466797047 26.572339689667764 103.5
    endloop
  endfacet
  facet normal -0.9177546256839815 -0.3971478906347801 0
    outer loop
      vertex -67.68106352176167 28.151708992201502 101.5
      vertex -67.68106352176167 28.151708992201502 103.5
      vertex -69.54728114167025 32.46428346028319 101.5
    endloop
  endfacet
  facet normal 0.05171045195694326 -0.998662119617245 0
    outer loop
      vertex -65.27396375549411 26.716503474493813 100.00609092014638
      vertex -65.27396375549411 26.716503474493813 104.99390907985362
      vertex -66.20422827644308 26.668334631525966 100.85725087067843
    endloop
  endfacet
  facet normal 0.14139211622880324 -0.9899536703645988 0
    outer loop
      vertex -66.20422827644308 26.668334631525966 100.85725087067843
      vertex -66.20422827644308 26.668334631525966 104.14274912932157
      vertex -66.87633466797047 26.572339689667764 101.5
    endloop
  endfacet
  facet normal -0.600023629183602 0.7999822775670342 0
    outer loop
      vertex -70.94134147043852 36.33643498424086 101.5
      vertex -70.94134147043852 36.33643498424086 103.5
      vertex -70.38250536778386 36.75558785279371 100.83188921471493
    endloop
  endfacet
  facet normal -0.940880768954225 -0.33873792024529287 0
    outer loop
      vertex -69.54728114167025 32.46428346028319 101.5
      vertex -69.54728114167025 32.46428346028319 103.5
      vertex -70.94134147043852 36.33643498424086 101.5
    endloop
  endfacet
  facet normal 0.9177546256839809 0.3971478906347811 0
    outer loop
      vertex -52.66093445621893 35.21964522964386 101.5
      vertex -54.11299148146718 38.57515103265465 101.5
      vertex -54.11299148146718 38.57515103265465 103.5
    endloop
  endfacet
  facet normal 0.9408807689542255 0.3387379202452916 0
    outer loop
      vertex -54.11299148146718 38.57515103265465 101.5
      vertex -55.35148925121231 42.015210926457115 101.5
      vertex -55.35148925121231 42.015210926457115 103.5
    endloop
  endfacet
  facet normal -0.9209342000152859 0.3897181022767681 0
    outer loop
      vertex -65.55384108669053 44.06440025628276 100
      vertex -66.05237647094306 42.88632235178279 100
      vertex -66.05237647094306 42.88632235178279 105
    endloop
  endfacet
  facet normal -0.9371504202212259 0.34892562227383045 0
    outer loop
      vertex -65.09179606750062 45.30536869268817 100
      vertex -65.55384108669053 44.06440025628276 100
      vertex -65.55384108669053 44.06440025628276 105
    endloop
  endfacet
  facet normal -0.9506960101741427 0.31012432384282024 0
    outer loop
      vertex -64.66806489397581 46.60433012552508 100
      vertex -65.09179606750062 45.30536869268817 100
      vertex -65.09179606750062 45.30536869268817 105
    endloop
  endfacet
  facet normal -0.9619908961602127 0.2730815184242074 0
    outer loop
      vertex -64.28431983947364 47.95615814745712 100
      vertex -64.66806489397581 46.60433012552508 100
      vertex -64.66806489397581 46.60433012552508 105
    endloop
  endfacet
  facet normal -0.9713703712600336 0.23757020402008452 0
    outer loop
      vertex -63.942075370407764 49.35551771087319 100
      vertex -64.28431983947364 47.95615814745712 100
      vertex -64.28431983947364 47.95615814745712 105
    endloop
  endfacet
  facet normal -0.9791012165649957 0.20337356691798797 0
    outer loop
      vertex -63.64268216934098 50.79688618288306 100
      vertex -63.942075370407764 49.35551771087319 100
      vertex -63.942075370407764 49.35551771087319 105
    endloop
  endfacet
  facet normal -0.9853945674788775 0.17028665943965157 0
    outer loop
      vertex -63.38732180445815 52.27457514062632 100
      vertex -63.64268216934098 50.79688618288306 100
      vertex -63.64268216934098 50.79688618288306 105
    endloop
  endfacet
  facet normal -0.9904160069218781 0.13811637568703455 0
    outer loop
      vertex -63.177002066456424 53.78275282087863 100
      vertex -63.38732180445815 52.27457514062632 100
      vertex -63.38732180445815 52.27457514062632 105
    endloop
  endfacet
  facet normal -0.9942933599606286 0.10668043090559584 0
    outer loop
      vertex -63.01255299125573 55.31546713535688 100
      vertex -63.177002066456424 53.78275282087863 100
      vertex -63.177002066456424 53.78275282087863 105
    endloop
  endfacet
  facet normal -0.9971226022610113 0.0758057785411429 0
    outer loop
      vertex -62.89462358422627 56.8666691608924 100
      vertex -63.01255299125573 55.31546713535688 100
      vertex -63.01255299125573 55.31546713535688 105
    endloop
  endfacet
  facet normal -0.9989722158326831 0.04532672494609606 0
    outer loop
      vertex -62.823679258860736 58.43023701176717 100
      vertex -62.89462358422627 56.8666691608924 100
      vertex -62.89462358422627 56.8666691608924 105
    endloop
  endfacet
  facet normal -0.9998862467179145 0.015082891777171965 0
    outer loop
      vertex -62.8 60 100
      vertex -62.823679258860736 58.43023701176717 100
      vertex -62.823679258860736 58.43023701176717 105
    endloop
  endfacet
  facet normal 0.9602936856769431 0.27899110603922933 0
    outer loop
      vertex -56.37153998057293 45.52624856626429 101.5
      vertex -56.37153998057293 45.52624856626429 103.5
      vertex -55.35148925121231 42.015210926457115 101.5
    endloop
  endfacet
  facet normal 0.9759167619387473 0.21814324139654276 0
    outer loop
      vertex -56.37153998057293 45.52624856626429 101.5
      vertex -57.169117995337125 49.09440749055238 101.5
      vertex -57.169117995337125 49.09440749055238 103.5
    endloop
  endfacet
  facet normal 0.99556196460308 0.09410831331851373 0
    outer loop
      vertex -57.741075619459345 52.70560580618398 101.5
      vertex -58.08515559749976 56.34559176320684 101.5
      vertex -58.08515559749976 56.34559176320684 103.5
    endloop
  endfacet
  facet normal 0.9995065603657316 0.031410759078128285 0
    outer loop
      vertex -58.08515559749976 56.34559176320684 101.5
      vertex -58.20000000298023 60 101.5
      vertex -58.20000000298023 60 103.5
    endloop
  endfacet
  facet normal 0.9876883405951378 0.15643446504023092 0
    outer loop
      vertex -57.169117995337125 49.09440749055238 101.5
      vertex -57.741075619459345 52.70560580618398 101.5
      vertex -57.741075619459345 52.70560580618398 103.5
    endloop
  endfacet
  facet normal 0.860742027003944 0.5090414157503705 0
    outer loop
      vertex -49.139885266733565 28.8148805306255 101.5
      vertex -51.00104878116445 31.961936165844428 101.5
      vertex -51.00104878116445 31.961936165844428 103.5
    endloop
  endfacet
  facet normal 0.8270805742745622 0.5620833778521301 0
    outer loop
      vertex -47.084789075033 25.79089831482633 101.5
      vertex -49.139885266733565 28.8148805306255 101.5
      vertex -49.139885266733565 28.8148805306255 103.5
    endloop
  endfacet
  facet normal 0.7901550123756904 0.6129070536529764 0
    outer loop
      vertex -47.084789075033 25.79089831482633 101.5
      vertex -47.084789075033 25.79089831482633 103.5
      vertex -44.84387073184725 22.901923794726592 101.5
    endloop
  endfacet
  facet normal 0.8910065241883677 0.4539904997395473 0
    outer loop
      vertex -52.66093445621893 35.21964522964386 101.5
      vertex -52.66093445621893 35.21964522964386 103.5
      vertex -51.00104878116445 31.961936165844428 101.5
    endloop
  endfacet
  facet normal -0.3210989726649652 -0.6301922170591737 -0.7069322593513098
    outer loop
      vertex -31.209622070450887 -6.323822943062638 100
      vertex -33.28349652550619 -5.273963755494108 100.00609092014639
      vertex -33.283703544693 -5.267025647611362 100
    endloop
  endfacet
  facet normal 0 0 -1
    outer loop
      vertex -31.209622070450887 -6.323822943062638 100
      vertex -33.283703544693 -5.267025647611362 100
      vertex -33.31271185847532 -4.2948316513796385 100
    endloop
  endfacet
  facet normal -0.3210989726647531 -0.6301922170587522 -0.7069322593517816
    outer loop
      vertex -31.209622070450887 -6.323822943062638 100
      vertex -33.331665368474034 -6.204228276443075 100.85725087067841
      vertex -33.28349652550619 -5.273963755494108 100.00609092014639
    endloop
  endfacet
  facet normal 0 0 -1
    outer loop
      vertex -31.209622070450887 -6.323822943062638 100
      vertex -25.419023707703747 5.981824965082033 100
      vertex -26.98352971068979 -8.152616412837887 100
    endloop
  endfacet
  facet normal -0.2808952604778372 -0.6491106479860622 -0.7069322593517728
    outer loop
      vertex -31.209622070450887 -6.323822943062638 100
      vertex -26.98352971068979 -8.152616412837887 100
      vertex -27.53571653971681 -9.547281141670254 101.5
    endloop
  endfacet
  facet normal 0 0 -1
    outer loop
      vertex -31.209622070450887 -6.323822943062638 100
      vertex -33.31271185847532 -4.2948316513796385 100
      vertex -28.760694345308146 7.684491198769756 100
    endloop
  endfacet
  facet normal 0 0 -1
    outer loop
      vertex -28.760694345308146 7.684491198769756 100
      vertex -33.31271185847532 -4.2948316513796385 100
      vertex -33.4191960678094 -3.2706961511916504 100
    endloop
  endfacet
  facet normal 0 0 -1
    outer loop
      vertex -28.760694345308146 7.684491198769756 100
      vertex -33.86198685102644 -1.1037437990663008 100
      vertex -34.196545931979884 0.030521081923609472 100
    endloop
  endfacet
  facet normal 0 0 -1
    outer loop
      vertex -28.760694345308146 7.684491198769756 100
      vertex -33.4191960678094 -3.2706961511916504 100
      vertex -33.60252890898221 -2.2055990498664215 100
    endloop
  endfacet
  facet normal 0 0 -1
    outer loop
      vertex -28.760694345308146 7.684491198769756 100
      vertex -33.60252890898221 -2.2055990498664215 100
      vertex -33.86198685102644 -1.1037437990663008 100
    endloop
  endfacet
  facet normal 0 0 -1
    outer loop
      vertex -31.988859661842994 9.593622845013414 100
      vertex -34.60488579999556 1.19271916781436 100
      vertex -35.08539492416712 2.3782637937187445 100
    endloop
  endfacet
  facet normal 0 0 -1
    outer loop
      vertex -31.988859661842994 9.593622845013414 100
      vertex -35.6361769545052 3.5824761566221213 100
      vertex -36.25505820596445 4.800603780480422 100
    endloop
  endfacet
  facet normal 0 0 -1
    outer loop
      vertex -31.988859661842994 9.593622845013414 100
      vertex -35.08539492416712 2.3782637937187445 100
      vertex -35.6361769545052 3.5824761566221213 100
    endloop
  endfacet
  facet normal 0 0 -1
    outer loop
      vertex -28.760694345308146 7.684491198769756 100
      vertex -34.196545931979884 0.030521081923609472 100
      vertex -34.60488579999556 1.19271916781436 100
    endloop
  endfacet
  facet normal 0 0 -1
    outer loop
      vertex -28.760694345308146 7.684491198769756 100
      vertex -34.60488579999556 1.19271916781436 100
      vertex -31.988859661842994 9.593622845013414 100
    endloop
  endfacet
  facet normal 0 0 -1
    outer loop
      vertex -31.209622070450887 -6.323822943062638 100
      vertex -28.760694345308146 7.684491198769756 100
      vertex -25.419023707703747 5.981824965082033 100
    endloop
  endfacet
  facet normal -0.23958298302666237 -0.6654673357362546 -0.7069322593517267
    outer loop
      vertex -26.98352971068979 -8.152616412837887 100
      vertex -22.6509456867627 -9.71244264160039 100
      vertex -22.65693058727647 -9.730862271383245 100.01936754490113
    endloop
  endfacet
  facet normal 0 0 -1
    outer loop
      vertex -22.6509456867627 -9.71244264160039 100
      vertex -22.620676311650488 -9.69064850121913 100
      vertex -22.642529067135403 -9.71488789564502 100
    endloop
  endfacet
  facet normal -0.19732518099678592 -0.6791977279352795 -0.7069322593517285
    outer loop
      vertex -22.6509456867627 -9.71244264160039 100
      vertex -22.642529067135403 -9.71488789564502 100
      vertex -22.65693058727647 -9.730862271383245 100.01936754490113
    endloop
  endfacet
  facet normal -0.23958298302664638 -0.6654673357362114 -0.706932259351773
    outer loop
      vertex -26.98352971068979 -8.152616412837887 100
      vertex -22.65693058727647 -9.730862271383245 100.01936754490113
      vertex -23.244412147206287 -10.382505367783864 100.83188921471493
    endloop
  endfacet
  facet normal 0.7427255681324805 -0.6695959456584876 4.4088006474237766e-14
    outer loop
      vertex -22.642529067135403 -9.71488789564502 100
      vertex -22.620676311650488 -9.69064850121913 100
      vertex -23.244412147206287 -10.382505367783864 100.83188921471493
    endloop
  endfacet
  facet normal 0.7427255681273998 -0.6695959456641231 -8.151408056034555e-12
    outer loop
      vertex -22.642529067135403 -9.71488789564502 100
      vertex -23.244412147206287 -10.382505367783864 100.83188921471493
      vertex -22.65693058727647 -9.730862271383245 100.01936754490113
    endloop
  endfacet
  facet normal 0 0 -1
    outer loop
      vertex -26.98352971068979 -8.152616412837887 100
      vertex -21.977035796372366 4.492343789700435 100
      vertex -22.6509456867627 -9.71244264160039 100
    endloop
  endfacet
  facet normal 0 0 -1
    outer loop
      vertex -22.6509456867627 -9.71244264160039 100
      vertex -18.448314565105303 3.2219259743449626 100
      vertex -22.620676311650488 -9.69064850121913 100
    endloop
  endfacet
  facet normal 0 0 -1
    outer loop
      vertex -18.448314565105303 3.2219259743449626 100
      vertex -21.907667001096588 -9.018955910779411 100
      vertex -22.620676311650488 -9.69064850121913 100
    endloop
  endfacet
  facet normal 0 0 -1
    outer loop
      vertex -18.448314565105303 3.2219259743449626 100
      vertex -21.108198137550374 -8.370078460252032 100
      vertex -21.907667001096588 -9.018955910779411 100
    endloop
  endfacet
  facet normal 0 0 -1
    outer loop
      vertex -18.448314565105303 3.2219259743449626 100
      vertex -20.225424859373685 -7.746576972490317 100
      vertex -21.108198137550374 -8.370078460252032 100
    endloop
  endfacet
  facet normal 0 0 -1
    outer loop
      vertex -18.448314565105303 3.2219259743449626 100
      vertex -19.262831069394736 -7.150912123015729 100
      vertex -20.225424859373685 -7.746576972490317 100
    endloop
  endfacet
  facet normal 0 0 -1
    outer loop
      vertex -18.448314565105303 3.2219259743449626 100
      vertex -18.22421568553529 -6.585434728855731 100
      vertex -19.262831069394736 -7.150912123015729 100
    endloop
  endfacet
  facet normal 0 0 -1
    outer loop
      vertex -18.448314565105303 3.2219259743449626 100
      vertex -17.113677648217212 -6.052376470943059 100
      vertex -18.22421568553529 -6.585434728855731 100
    endloop
  endfacet
  facet normal 0 0 -1
    outer loop
      vertex -26.98352971068979 -8.152616412837887 100
      vertex -25.419023707703747 5.981824965082033 100
      vertex -21.977035796372366 4.492343789700435 100
    endloop
  endfacet
  facet normal 0 0 -1
    outer loop
      vertex -22.6509456867627 -9.71244264160039 100
      vertex -21.977035796372366 4.492343789700435 100
      vertex -18.448314565105303 3.2219259743449626 100
    endloop
  endfacet
  facet normal 0.280895260477835 0.6491106479860598 -0.7069322593517761
    outer loop
      vertex -25.419023707703747 5.981824965082033 100
      vertex -24.780354770356137 7.339065543781068 101.5
      vertex -21.977035796372366 4.492343789700435 100
    endloop
  endfacet
  facet normal 0.2395829830266455 0.6654673357362083 -0.706932259351776
    outer loop
      vertex -21.977035796372366 4.492343789700435 100
      vertex -21.424848967345348 5.8870085185328165 101.5
      vertex -18.448314565105303 3.2219259743449626 100
    endloop
  endfacet
  facet normal -0.32109897266475135 -0.6301922170587594 -0.7069322593517762
    outer loop
      vertex -31.209622070450887 -6.323822943062638 100
      vertex -31.848291007798498 -7.681063521761672 101.5
      vertex -33.331665368474034 -6.204228276443075 100.85725087067841
    endloop
  endfacet
  facet normal -0.2808952604778341 -0.6491106479860602 -0.706932259351776
    outer loop
      vertex -31.209622070450887 -6.323822943062638 100
      vertex -27.53571653971681 -9.547281141670254 101.5
      vertex -31.848291007798498 -7.681063521761672 101.5
    endloop
  endfacet
  facet normal -0.239582983026642 -0.6654673357362063 -0.7069322593517791
    outer loop
      vertex -26.98352971068979 -8.152616412837887 100
      vertex -23.244412147206287 -10.382505367783864 100.83188921471493
      vertex -23.66356501575914 -10.941341470438516 101.5
    endloop
  endfacet
  facet normal -0.23958298302664846 -0.6654673357362106 -0.7069322593517727
    outer loop
      vertex -26.98352971068979 -8.152616412837887 100
      vertex -23.66356501575914 -10.941341470438516 101.5
      vertex -27.53571653971681 -9.547281141670254 101.5
    endloop
  endfacet
  facet normal 0.2808952604778351 0.6491106479860599 -0.706932259351776
    outer loop
      vertex -21.977035796372366 4.492343789700435 100
      vertex -24.780354770356137 7.339065543781068 101.5
      vertex -21.424848967345348 5.8870085185328165 101.5
    endloop
  endfacet
  facet normal 0.23958298302664666 0.6654673357362091 -0.7069322593517748
    outer loop
      vertex -18.448314565105303 3.2219259743449626 100
      vertex -21.424848967345348 5.8870085185328165 101.5
      vertex -17.98478907354288 4.648510748787693 101.5
    endloop
  endfacet
  facet normal 0 0 -1
    outer loop
      vertex -31.988859661842994 9.593622845013414 100
      vertex -36.25505820596445 4.800603780480422 100
      vertex -36.9395962369853 6.027839272071851 100
    endloop
  endfacet
  facet normal 0 0 -1
    outer loop
      vertex -35.09077956361238 11.701685433404577 100
      vertex -31.988859661842994 9.593622845013414 100
      vertex -36.9395962369853 6.027839272071851 100
    endloop
  endfacet
  facet normal 0.3975510396887108 0.5849785906597097 -0.7069322593517747
    outer loop
      vertex -35.09077956361238 11.701685433404577 100
      vertex -34.20910168517367 12.915210924966999 101.5
      vertex -31.988859661842994 9.593622845013414 100
    endloop
  endfacet
  facet normal 0.3600354539027331 0.608786705358164 -0.7069322593517747
    outer loop
      vertex -28.760694345308146 7.684491198769756 100
      vertex -31.988859661842994 9.593622845013414 100
      vertex -31.1851194693745 10.860114733266435 101.5
    endloop
  endfacet
  facet normal 0.3210989726647559 0.6301922170587586 -0.7069322593517747
    outer loop
      vertex -28.760694345308146 7.684491198769756 100
      vertex -28.038063834155572 8.99895121883555 101.5
      vertex -25.419023707703747 5.981824965082033 100
    endloop
  endfacet
  facet normal 0.3975510396887108 0.5849785906597097 -0.7069322593517747
    outer loop
      vertex -31.988859661842994 9.593622845013414 100
      vertex -34.20910168517367 12.915210924966999 101.5
      vertex -31.1851194693745 10.860114733266435 101.5
    endloop
  endfacet
  facet normal 0.43349767314483095 0.558861832715218 -0.7069322593517747
    outer loop
      vertex -35.09077956361238 11.701685433404577 100
      vertex -37.09807620527341 15.156129268152753 101.5
      vertex -34.20910168517367 12.915210924966999 101.5
    endloop
  endfacet
  facet normal 0.3600354539027331 0.608786705358164 -0.7069322593517748
    outer loop
      vertex -28.760694345308146 7.684491198769756 100
      vertex -31.1851194693745 10.860114733266435 101.5
      vertex -28.038063834155572 8.99895121883555 101.5
    endloop
  endfacet
  facet normal 0.32109897266475435 0.6301922170587578 -0.7069322593517761
    outer loop
      vertex -25.419023707703747 5.981824965082033 100
      vertex -28.038063834155572 8.99895121883555 101.5
      vertex -24.780354770356137 7.339065543781068 101.5
    endloop
  endfacet
  facet normal 0 0 -1
    outer loop
      vertex -14.846786264482988 2.175585277734122 100
      vertex -15.93559974371724 -5.553841086690525 100
      vertex -17.113677648217212 -6.052376470943059 100
    endloop
  endfacet
  facet normal 0 0 -1
    outer loop
      vertex -14.846786264482988 2.175585277734122 100
      vertex -14.694631307311829 -5.091796067500624 100
      vertex -15.93559974371724 -5.553841086690525 100
    endloop
  endfacet
  facet normal 0 0 -1
    outer loop
      vertex -14.846786264482988 2.175585277734122 100
      vertex -13.395669874474919 -4.66806489397581 100
      vertex -14.694631307311829 -5.091796067500624 100
    endloop
  endfacet
  facet normal 0 0 -1
    outer loop
      vertex -11.186664481326211 1.3574511285698492 100
      vertex -12.043841852542885 -4.284319839473639 100
      vertex -13.395669874474919 -4.66806489397581 100
    endloop
  endfacet
  facet normal 0 0 -1
    outer loop
      vertex -11.186664481326211 1.3574511285698492 100
      vertex -10.644482289126811 -3.942075370407764 100
      vertex -12.043841852542885 -4.284319839473639 100
    endloop
  endfacet
  facet normal 0 0 -1
    outer loop
      vertex -11.186664481326211 1.3574511285698492 100
      vertex -9.203113817116947 -3.642682169340979 100
      vertex -10.644482289126811 -3.942075370407764 100
    endloop
  endfacet
  facet normal 0 0 -1
    outer loop
      vertex -18.448314565105303 3.2219259743449626 100
      vertex -14.846786264482988 2.175585277734122 100
      vertex -17.113677648217212 -6.052376470943059 100
    endloop
  endfacet
  facet normal 0 0 -1
    outer loop
      vertex -14.846786264482988 2.175585277734122 100
      vertex -11.186664481326211 1.3574511285698492 100
      vertex -13.395669874474919 -4.66806489397581 100
    endloop
  endfacet
  facet normal 0 0 -1
    outer loop
      vertex -11.186664481326211 1.3574511285698492 100
      vertex -7.482394044162475 0.770752328568939 100
      vertex -9.203113817116947 -3.642682169340979 100
    endloop
  endfacet
  facet normal 0.19732518099650562 0.6791977279353127 -0.7069322593517748
    outer loop
      vertex -18.448314565105303 3.2219259743449626 100
      vertex -17.98478907354288 4.648510748787693 101.5
      vertex -14.846786264482988 2.175585277734122 100
    endloop
  endfacet
  facet normal 0.15428862662627113 0.6902476369981825 -0.7069322593517744
    outer loop
      vertex -14.846786264482988 2.175585277734122 100
      vertex -14.473751433735705 3.6284600194270666 101.5
      vertex -11.186664481326211 1.3574511285698492 100
    endloop
  endfacet
  facet normal 0.1106431655345137 0.6985734539819699 -0.7069322593517733
    outer loop
      vertex -11.186664481326211 1.3574511285698492 100
      vertex -10.905592509447624 2.8308820046628753 101.5
      vertex -7.482394044162475 0.770752328568939 100
    endloop
  endfacet
  facet normal 0 0 -1
    outer loop
      vertex -7.482394044162475 0.770752328568939 100
      vertex -7.7254248593736845 -3.3873218044581535 100
      vertex -9.203113817116947 -3.642682169340979 100
    endloop
  endfacet
  facet normal 0 0 -1
    outer loop
      vertex -7.482394044162475 0.770752328568939 100
      vertex -6.2172471791213715 -3.1770020664564242 100
      vertex -7.7254248593736845 -3.3873218044581535 100
    endloop
  endfacet
  facet normal 0 0 -1
    outer loop
      vertex -7.482394044162475 0.770752328568939 100
      vertex -3.748594016087162 0.4178043098578357 100
      vertex -6.2172471791213715 -3.1770020664564242 100
    endloop
  endfacet
  facet normal 0 0 -1
    outer loop
      vertex -3.748594016087162 0.4178043098578357 100
      vertex -4.684532864643121 -3.012552991255731 100
      vertex -6.2172471791213715 -3.1770020664564242 100
    endloop
  endfacet
  facet normal 0 0 -1
    outer loop
      vertex -3.748594016087162 0.4178043098578357 100
      vertex -3.1333308391076016 -2.8946235842262666 100
      vertex -4.684532864643121 -3.012552991255731 100
    endloop
  endfacet
  facet normal 0 0 -1
    outer loop
      vertex -3.748594016087162 0.4178043098578357 100
      vertex 0 0.29999999701976776 100
      vertex -3.1333308391076016 -2.8946235842262666 100
    endloop
  endfacet
  facet normal 0 0 -1
    outer loop
      vertex 0 0.29999999701976776 100
      vertex -1.569762988232832 -2.823679258860736 100
      vertex -3.1333308391076016 -2.8946235842262666 100
    endloop
  endfacet
  facet normal 0 0 -1
    outer loop
      vertex 0 0.29999999701976776 100
      vertex 0 -2.799999999999997 100
      vertex -1.569762988232832 -2.823679258860736 100
    endloop
  endfacet
  facet normal 0.06656104641644262 0.7041423206907417 -0.7069322593517746
    outer loop
      vertex -7.482394044162475 0.770752328568939 100
      vertex -7.294394193816019 2.2589243805406554 101.5
      vertex -3.748594016087162 0.4178043098578357 100
    endloop
  endfacet
  facet normal 0.022216241257015927 0.7069322593517747 -0.706932259351775
    outer loop
      vertex -3.748594016087162 0.4178043098578357 100
      vertex -3.6544082367931914 1.9148444025002433 101.5
      vertex 0 0.29999999701976776 100
    endloop
  endfacet
  facet normal 0.19732518099650606 0.6791977279353131 -0.7069322593517745
    outer loop
      vertex -14.846786264482988 2.175585277734122 100
      vertex -17.98478907354288 4.648510748787693 101.5
      vertex -14.473751433735705 3.6284600194270666 101.5
    endloop
  endfacet
  facet normal 0.15428862662627232 0.6902476369981834 -0.7069322593517732
    outer loop
      vertex -11.186664481326211 1.3574511285698492 100
      vertex -14.473751433735705 3.6284600194270666 101.5
      vertex -10.905592509447624 2.8308820046628753 101.5
    endloop
  endfacet
  facet normal 0.11064316553451231 0.6985734539819686 -0.7069322593517747
    outer loop
      vertex -7.482394044162475 0.770752328568939 100
      vertex -10.905592509447624 2.8308820046628753 101.5
      vertex -7.294394193816019 2.2589243805406554 101.5
    endloop
  endfacet
  facet normal 0.06656104641644245 0.7041423206907415 -0.706932259351775
    outer loop
      vertex -3.748594016087162 0.4178043098578357 100
      vertex -7.294394193816019 2.2589243805406554 101.5
      vertex -3.6544082367931914 1.9148444025002433 101.5
    endloop
  endfacet
  facet normal 0.02221624125701599 0.7069322593517748 -0.7069322593517748
    outer loop
      vertex -3.6544082367931914 1.9148444025002433 101.5
      vertex 0 1.7999999970197678 101.5
      vertex 0 0.29999999701976776 100
    endloop
  endfacet
  facet normal -0.32109897266475557 -0.6301922170587618 -0.7069322593517718
    outer loop
      vertex -31.848291007798498 -7.681063521761672 101.5
      vertex -33.427660310332236 -6.876334667970468 101.5
      vertex -33.331665368474034 -6.204228276443075 100.85725087067841
    endloop
  endfacet
  facet normal -0.9986621196172449 0.05171045195694326 0
    outer loop
      vertex -33.28349652550619 -5.273963755494108 100.00609092014639
      vertex -33.331665368474034 -6.204228276443075 100.85725087067841
      vertex -33.331665368474034 -6.204228276443075 104.14274912932157
    endloop
  endfacet
  facet normal -0.9995551442268429 -0.0298247154161685 0
    outer loop
      vertex -33.283703544693 -5.267025647611362 100
      vertex -33.28349652550619 -5.273963755494108 100.00609092014639
      vertex -33.28349652550619 -5.273963755494108 104.99390907985361
    endloop
  endfacet
  facet normal -0.9995551442268568 -0.029824715415701832 6.489196217784817e-16
    outer loop
      vertex -33.283703544693 -5.267025647611362 100
      vertex -33.28349652550619 -5.273963755494108 104.99390907985361
      vertex -33.31271185847532 -4.2948316513796385 100
    endloop
  endfacet
  facet normal -0.9946380639749931 -0.10341722144825591 0
    outer loop
      vertex -33.4191960678094 -3.2706961511916504 100
      vertex -33.31271185847532 -4.2948316513796385 100
      vertex -33.31271185847532 -4.2948316513796385 105
    endloop
  endfacet
  facet normal -0.9855072662740869 -0.16963321644352491 0
    outer loop
      vertex -33.60252890898221 -2.2055990498664215 100
      vertex -33.4191960678094 -3.2706961511916504 100
      vertex -33.4191960678094 -3.2706961511916504 105
    endloop
  endfacet
  facet normal -0.9733781802667127 -0.2292049697992235 0
    outer loop
      vertex -33.86198685102644 -1.1037437990663008 100
      vertex -33.60252890898221 -2.2055990498664215 100
      vertex -33.60252890898221 -2.2055990498664215 105
    endloop
  endfacet
  facet normal -0.9591473498574693 -0.28290698340866977 0
    outer loop
      vertex -34.196545931979884 0.030521081923609472 100
      vertex -33.86198685102644 -1.1037437990663008 100
      vertex -33.86198685102644 -1.1037437990663008 105
    endloop
  endfacet
  facet normal -0.9267711307284727 -0.3756265049863605 0
    outer loop
      vertex -35.08539492416712 2.3782637937187445 100
      vertex -34.60488579999556 1.19271916781436 100
      vertex -34.60488579999556 1.19271916781436 105
    endloop
  endfacet
  facet normal -0.9434601396511307 -0.3314859950125629 0
    outer loop
      vertex -34.60488579999556 1.19271916781436 100
      vertex -34.196545931979884 0.030521081923609472 100
      vertex -34.196545931979884 0.030521081923609472 105
    endloop
  endfacet
  facet normal -0.9093930907698127 -0.41593774349069035 0
    outer loop
      vertex -35.6361769545052 3.5824761566221213 100
      vertex -35.08539492416712 2.3782637937187445 100
      vertex -35.08539492416712 2.3782637937187445 105
    endloop
  endfacet
  facet normal 0.6857029621353086 -0.7278814791701075 0
    outer loop
      vertex -21.907667001096588 -9.018955910779411 100
      vertex -21.907667001096588 -9.018955910779411 105
      vertex -22.620676311650488 -9.69064850121913 100
    endloop
  endfacet
  facet normal 0.6301883012854455 -0.7764423384405081 0
    outer loop
      vertex -21.108198137550374 -8.370078460252032 100
      vertex -21.108198137550374 -8.370078460252032 105
      vertex -21.907667001096588 -9.018955910779411 100
    endloop
  endfacet
  facet normal 0.5769100732293214 -0.8168076685527255 0
    outer loop
      vertex -20.225424859373685 -7.746576972490317 100
      vertex -20.225424859373685 -7.746576972490317 105
      vertex -21.108198137550374 -8.370078460252032 100
    endloop
  endfacet
  facet normal 0.5262099234989246 -0.8503547003523035 0
    outer loop
      vertex -19.262831069394736 -7.150912123015729 100
      vertex -19.262831069394736 -7.150912123015729 105
      vertex -20.225424859373685 -7.746576972490317 100
    endloop
  endfacet
  facet normal 0.47817414882802184 -0.878265041654623 0
    outer loop
      vertex -18.22421568553529 -6.585434728855731 100
      vertex -18.22421568553529 -6.585434728855731 105
      vertex -19.262831069394736 -7.150912123015729 100
    endloop
  endfacet
  facet normal -0.9899536703645987 0.1413921162288032 0
    outer loop
      vertex -33.427660310332236 -6.876334667970468 101.5
      vertex -33.427660310332236 -6.876334667970468 103.5
      vertex -33.331665368474034 -6.204228276443075 100.85725087067841
    endloop
  endfacet
  facet normal -0.4539904997395461 -0.8910065241883683 0
    outer loop
      vertex -31.848291007798498 -7.681063521761672 101.5
      vertex -31.848291007798498 -7.681063521761672 103.5
      vertex -33.427660310332236 -6.876334667970468 101.5
    endloop
  endfacet
  facet normal -0.3971478906347801 -0.9177546256839815 0
    outer loop
      vertex -31.848291007798498 -7.681063521761672 101.5
      vertex -27.53571653971681 -9.547281141670254 101.5
      vertex -27.53571653971681 -9.547281141670254 103.5
    endloop
  endfacet
  facet normal 0.742725568132454 -0.6695959456585169 0
    outer loop
      vertex -23.244412147206287 -10.382505367783864 100.83188921471493
      vertex -22.620676311650488 -9.69064850121913 100
      vertex -22.620676311650488 -9.69064850121913 105
    endloop
  endfacet
  facet normal -0.33873792024529287 -0.940880768954225 0
    outer loop
      vertex -27.53571653971681 -9.547281141670254 101.5
      vertex -23.66356501575914 -10.941341470438516 101.5
      vertex -23.66356501575914 -10.941341470438516 103.5
    endloop
  endfacet
  facet normal 0.7999822775670318 -0.6000236291836051 0
    outer loop
      vertex -23.66356501575914 -10.941341470438516 101.5
      vertex -23.244412147206287 -10.382505367783864 100.83188921471493
      vertex -23.244412147206287 -10.382505367783864 104.16811078528507
    endloop
  endfacet
  facet normal 0.33873792024529126 0.9408807689542256 0
    outer loop
      vertex -21.424848967345348 5.8870085185328165 101.5
      vertex -21.424848967345348 5.8870085185328165 103.5
      vertex -17.98478907354288 4.648510748787693 101.5
    endloop
  endfacet
  facet normal 0.5620833778521301 0.8270805742745622 0
    outer loop
      vertex -34.20910168517367 12.915210924966999 101.5
      vertex -34.20910168517367 12.915210924966999 103.5
      vertex -31.1851194693745 10.860114733266435 101.5
    endloop
  endfacet
  facet normal 0.5090414157503705 0.860742027003944 0
    outer loop
      vertex -31.1851194693745 10.860114733266435 101.5
      vertex -31.1851194693745 10.860114733266435 103.5
      vertex -28.038063834155572 8.99895121883555 101.5
    endloop
  endfacet
  facet normal 0.4539904997395469 0.8910065241883679 0
    outer loop
      vertex -24.780354770356137 7.339065543781068 101.5
      vertex -28.038063834155572 8.99895121883555 101.5
      vertex -28.038063834155572 8.99895121883555 103.5
    endloop
  endfacet
  facet normal 0.3971478906347815 0.9177546256839808 0
    outer loop
      vertex -24.780354770356137 7.339065543781068 101.5
      vertex -24.780354770356137 7.339065543781068 103.5
      vertex -21.424848967345348 5.8870085185328165 101.5
    endloop
  endfacet
  facet normal 0.43273106758476676 -0.9015230574682757 0
    outer loop
      vertex -17.113677648217212 -6.052376470943059 100
      vertex -17.113677648217212 -6.052376470943059 105
      vertex -18.22421568553529 -6.585434728855731 100
    endloop
  endfacet
  facet normal 0.3897181022767681 -0.9209342000152859 0
    outer loop
      vertex -15.93559974371724 -5.553841086690525 100
      vertex -15.93559974371724 -5.553841086690525 105
      vertex -17.113677648217212 -6.052376470943059 100
    endloop
  endfacet
  facet normal 0.34892562227383006 -0.9371504202212261 0
    outer loop
      vertex -14.694631307311829 -5.091796067500624 100
      vertex -14.694631307311829 -5.091796067500624 105
      vertex -15.93559974371724 -5.553841086690525 100
    endloop
  endfacet
  facet normal 0.3101243238428206 -0.9506960101741425 0
    outer loop
      vertex -13.395669874474919 -4.66806489397581 100
      vertex -13.395669874474919 -4.66806489397581 105
      vertex -14.694631307311829 -5.091796067500624 100
    endloop
  endfacet
  facet normal 0.27308151842420775 -0.9619908961602127 0
    outer loop
      vertex -12.043841852542885 -4.284319839473639 100
      vertex -12.043841852542885 -4.284319839473639 105
      vertex -13.395669874474919 -4.66806489397581 100
    endloop
  endfacet
  facet normal 0.23757020402008394 -0.9713703712600337 0
    outer loop
      vertex -10.644482289126811 -3.942075370407764 100
      vertex -10.644482289126811 -3.942075370407764 105
      vertex -12.043841852542885 -4.284319839473639 100
    endloop
  endfacet
  facet normal 0.2033735669179887 -0.9791012165649957 0
    outer loop
      vertex -9.203113817116947 -3.642682169340979 100
      vertex -9.203113817116947 -3.642682169340979 105
      vertex -10.644482289126811 -3.942075370407764 100
    endloop
  endfacet
  facet normal 0.1702866594396515 -0.9853945674788775 0
    outer loop
      vertex -7.7254248593736845 -3.3873218044581535 100
      vertex -7.7254248593736845 -3.3873218044581535 105
      vertex -9.203113817116947 -3.642682169340979 100
    endloop
  endfacet
  facet normal 0.13811637568703422 -0.9904160069218783 0
    outer loop
      vertex -6.2172471791213715 -3.1770020664564242 100
      vertex -6.2172471791213715 -3.1770020664564242 105
      vertex -7.7254248593736845 -3.3873218044581535 100
    endloop
  endfacet
  facet normal 0.10668043090559615 -0.9942933599606286 0
    outer loop
      vertex -4.684532864643121 -3.012552991255731 100
      vertex -4.684532864643121 -3.012552991255731 105
      vertex -6.2172471791213715 -3.1770020664564242 100
    endloop
  endfacet
  facet normal 0.0758057785411428 -0.9971226022610115 0
    outer loop
      vertex -3.1333308391076016 -2.8946235842262666 100
      vertex -3.1333308391076016 -2.8946235842262666 105
      vertex -4.684532864643121 -3.012552991255731 100
    endloop
  endfacet
  facet normal 0.04532672494609604 -0.9989722158326831 0
    outer loop
      vertex -1.569762988232832 -2.823679258860736 100
      vertex -1.569762988232832 -2.823679258860736 105
      vertex -3.1333308391076016 -2.8946235842262666 100
    endloop
  endfacet
  facet normal 0.015082891777171962 -0.9998862467179145 0
    outer loop
      vertex 0 -2.799999999999997 105
      vertex -1.569762988232832 -2.823679258860736 100
      vertex 0 -2.799999999999997 100
    endloop
  endfacet
  facet normal 0.2789911060392295 0.9602936856769431 0
    outer loop
      vertex -14.473751433735705 3.6284600194270666 101.5
      vertex -17.98478907354288 4.648510748787693 101.5
      vertex -17.98478907354288 4.648510748787693 103.5
    endloop
  endfacet
  facet normal 0.21814324139654298 0.9759167619387473 0
    outer loop
      vertex -14.473751433735705 3.6284600194270666 101.5
      vertex -14.473751433735705 3.6284600194270666 103.5
      vertex -10.905592509447624 2.8308820046628753 101.5
    endloop
  endfacet
  facet normal 0.15643446504023087 0.9876883405951378 0
    outer loop
      vertex -10.905592509447624 2.8308820046628753 101.5
      vertex -10.905592509447624 2.8308820046628753 103.5
      vertex -7.294394193816019 2.2589243805406554 101.5
    endloop
  endfacet
  facet normal 0.09410831331851453 0.99556196460308 0
    outer loop
      vertex -7.294394193816019 2.2589243805406554 101.5
      vertex -7.294394193816019 2.2589243805406554 103.5
      vertex -3.6544082367931914 1.9148444025002433 101.5
    endloop
  endfacet
  facet normal 0.031410759078128014 0.9995065603657316 0
    outer loop
      vertex -3.6544082367931914 1.9148444025002433 101.5
      vertex -3.6544082367931914 1.9148444025002433 103.5
      vertex 0 1.7999999970197678 101.5
    endloop
  endfacet
  facet normal -0.4529525832409842 -0.8915346080412804 0
    outer loop
      vertex -56.41752384337788 24.363823045494797 100
      vertex -55.19939621951958 23.744941794035547 105
      vertex -56.41752384337788 24.363823045494797 105
    endloop
  endfacet
  facet normal -0.4871324926201313 -0.8733280796090881 0
    outer loop
      vertex -55.19939621951958 23.744941794035547 100
      vertex -53.97216072792815 23.060403763014698 105
      vertex -55.19939621951958 23.744941794035547 105
    endloop
  endfacet
  facet normal -0.5188750742911882 -0.8548500788321388 0
    outer loop
      vertex -53.97216072792815 23.060403763014698 100
      vertex -52.740660706418325 22.31291051130502 105
      vertex -53.97216072792815 23.060403763014698 105
    endloop
  endfacet
  facet normal -0.8915346080412804 -0.4529525832409842 0
    outer loop
      vertex -35.6361769545052 3.5824761566221213 105
      vertex -36.25505820596445 4.800603780480422 105
      vertex -36.25505820596445 4.800603780480422 100
    endloop
  endfacet
  facet normal -0.8733280796090881 -0.4871324926201313 0
    outer loop
      vertex -36.25505820596445 4.800603780480422 105
      vertex -36.9395962369853 6.027839272071851 105
      vertex -36.9395962369853 6.027839272071851 100
    endloop
  endfacet
  facet normal 0.7901550123756904 0.6129070536529764 0
    outer loop
      vertex -44.84387073184725 22.901923794726592 101.5
      vertex -47.084789075033 25.79089831482633 103.5
      vertex -44.84387073184725 22.901923794726592 103.5
    endloop
  endfacet
  facet normal 0.7071067811865476 0.7071067811865476 0
    outer loop
      vertex -39.84064156708978 17.574025881901342 101.5
      vertex -42.42597411809866 20.159358432910217 103.5
      vertex -39.84064156708978 17.574025881901342 103.5
    endloop
  endfacet
  facet normal 0.7501110696304601 0.6613118653236513 0
    outer loop
      vertex -42.42597411809866 20.159358432910217 101.5
      vertex -44.84387073184725 22.901923794726592 103.5
      vertex -42.42597411809866 20.159358432910217 103.5
    endloop
  endfacet
  facet normal 0.6613118653236513 0.7501110696304601 0
    outer loop
      vertex -37.09807620527341 15.156129268152753 101.5
      vertex -39.84064156708978 17.574025881901342 103.5
      vertex -37.09807620527341 15.156129268152753 103.5
    endloop
  endfacet
  facet normal -0.5485222814193013 -0.8361359379829125 0
    outer loop
      vertex -52.740660706418325 22.31291051130502 100
      vertex -51.509756322956186 21.505412053273822 105
      vertex -52.740660706418325 22.31291051130502 105
    endloop
  endfacet
  facet normal -0.5763683291733223 -0.8171900324440778 0
    outer loop
      vertex -51.509756322956186 21.505412053273822 100
      vertex -50.28430539479653 20.64109521642399 105
      vertex -51.509756322956186 21.505412053273822 105
    endloop
  endfacet
  facet normal -0.6026668488489503 -0.7979929005313747 0
    outer loop
      vertex -50.28430539479653 20.64109521642399 100
      vertex -49.06914421689752 19.723371064441785 105
      vertex -50.28430539479653 20.64109521642399 105
    endloop
  endfacet
  facet normal -0.6276371212036678 -0.7785060334301672 0
    outer loop
      vertex -49.06914421689752 19.723371064441785 100
      vertex -47.86906847527399 18.75586143528679 105
      vertex -49.06914421689752 19.723371064441785 105
    endloop
  endfacet
  facet normal -0.6514693736735667 -0.7586749337927086 0
    outer loop
      vertex -47.86906847527399 18.75586143528679 100
      vertex -46.68881432061568 17.74238464745217 105
      vertex -47.86906847527399 18.75586143528679 105
    endloop
  endfacet
  facet normal -0.6743291934538831 -0.7384308626106005 0
    outer loop
      vertex -46.68881432061568 17.74238464745217 100
      vertex -45.53303967686418 16.686940430806004 105
      vertex -46.68881432061568 17.74238464745217 105
    endloop
  endfacet
  facet normal -0.6963611304138585 -0.7176915605249466 0
    outer loop
      vertex -45.53303967686418 16.686940430806004 100
      vertex -44.40630585851518 15.593694141484818 105
      vertex -45.53303967686418 16.686940430806004 105
    endloop
  endfacet
  facet normal -0.7979929005313747 -0.6026668488489503 0
    outer loop
      vertex -40.276628935558215 10.93085578310248 100
      vertex -39.35890478357601 9.715694605203467 105
      vertex -40.276628935558215 10.93085578310248 105
    endloop
  endfacet
  facet normal -0.7176915605249466 -0.6963611304138585 0
    outer loop
      vertex -43.313059569193996 14.466960323135822 105
      vertex -44.40630585851518 15.593694141484818 105
      vertex -44.40630585851518 15.593694141484818 100
    endloop
  endfacet
  facet normal -0.7384308626106005 -0.6743291934538831 0
    outer loop
      vertex -42.25761535254783 13.311185679384323 105
      vertex -43.313059569193996 14.466960323135822 105
      vertex -43.313059569193996 14.466960323135822 100
    endloop
  endfacet
  facet normal -0.7586749337927086 -0.6514693736735667 0
    outer loop
      vertex -42.25761535254783 13.311185679384323 100
      vertex -41.24413856471321 12.130931524726009 105
      vertex -42.25761535254783 13.311185679384323 105
    endloop
  endfacet
  facet normal -0.7785060334301672 -0.6276371212036678 0
    outer loop
      vertex -40.276628935558215 10.93085578310248 105
      vertex -41.24413856471321 12.130931524726009 105
      vertex -41.24413856471321 12.130931524726009 100
    endloop
  endfacet
  facet normal -0.8361359379829125 -0.5485222814193013 0
    outer loop
      vertex -37.68708948869498 7.259339293581675 105
      vertex -38.49458794672618 8.490243677043814 105
      vertex -38.49458794672618 8.490243677043814 100
    endloop
  endfacet
  facet normal -0.8171900324440778 -0.5763683291733223 0
    outer loop
      vertex -38.49458794672618 8.490243677043814 105
      vertex -39.35890478357601 9.715694605203467 105
      vertex -39.35890478357601 9.715694605203467 100
    endloop
  endfacet
  facet normal -0.8548500788321388 -0.5188750742911882 0
    outer loop
      vertex -37.68708948869498 7.259339293581675 100
      vertex -36.9395962369853 6.027839272071851 105
      vertex -37.68708948869498 7.259339293581675 105
    endloop
  endfacet
  facet normal 0.5305395024366848 0.467733489331296 0.7069322593517751
    outer loop
      vertex -42.42597411809866 20.159358432910217 103.5
      vertex -44.84387073184725 22.901923794726592 103.5
      vertex -45.999640596010934 21.94578781010356 105
    endloop
  endfacet
  facet normal 0.43349767314483073 0.5588618327152177 0.7069322593517751
    outer loop
      vertex -38.05421218989644 14.000359403989066 105
      vertex -34.20910168517367 12.915210924966999 103.5
      vertex -37.09807620527341 15.156129268152753 103.5
    endloop
  endfacet
  facet normal 0.5001233751224774 0.5001233751224774 0.7069322593517736
    outer loop
      vertex -42.42597411809866 20.159358432910217 103.5
      vertex -43.51942705923077 19.132537774017187 105
      vertex -39.84064156708978 17.574025881901342 103.5
    endloop
  endfacet
  facet normal 0.46773348933129694 0.5305395024366859 0.7069322593517737
    outer loop
      vertex -39.84064156708978 17.574025881901342 103.5
      vertex -40.86746222598281 16.48057294076923 105
      vertex -37.09807620527341 15.156129268152753 103.5
    endloop
  endfacet
  facet normal 0.5588618327152179 0.4334976731448305 0.7069322593517751
    outer loop
      vertex -45.999640596010934 21.94578781010356 105
      vertex -44.84387073184725 22.901923794726592 103.5
      vertex -48.29831456659542 24.90922043638762 105
    endloop
  endfacet
  facet normal 0 0 1
    outer loop
      vertex -48.29831456659542 24.90922043638762 105
      vertex -53.97216072792815 23.060403763014698 105
      vertex -52.740660706418325 22.31291051130502 105
    endloop
  endfacet
  facet normal 0 0 1
    outer loop
      vertex -48.29831456659542 24.90922043638762 105
      vertex -50.28430539479653 20.64109521642399 105
      vertex -49.06914421689752 19.723371064441785 105
    endloop
  endfacet
  facet normal 0 0 1
    outer loop
      vertex -48.29831456659542 24.90922043638762 105
      vertex -52.740660706418325 22.31291051130502 105
      vertex -51.509756322956186 21.505412053273822 105
    endloop
  endfacet
  facet normal 0 0 1
    outer loop
      vertex -48.29831456659542 24.90922043638762 105
      vertex -51.509756322956186 21.505412053273822 105
      vertex -50.28430539479653 20.64109521642399 105
    endloop
  endfacet
  facet normal 0 0 1
    outer loop
      vertex -45.999640596010934 21.94578781010356 105
      vertex -47.86906847527399 18.75586143528679 105
      vertex -46.68881432061568 17.74238464745217 105
    endloop
  endfacet
  facet normal 0 0 1
    outer loop
      vertex -43.51942705923077 19.132537774017187 105
      vertex -46.68881432061568 17.74238464745217 105
      vertex -45.53303967686418 16.686940430806004 105
    endloop
  endfacet
  facet normal 0 0 1
    outer loop
      vertex -43.51942705923077 19.132537774017187 105
      vertex -45.53303967686418 16.686940430806004 105
      vertex -44.40630585851518 15.593694141484818 105
    endloop
  endfacet
  facet normal 0 0 1
    outer loop
      vertex -45.999640596010934 21.94578781010356 105
      vertex -46.68881432061568 17.74238464745217 105
      vertex -43.51942705923077 19.132537774017187 105
    endloop
  endfacet
  facet normal 0 0 1
    outer loop
      vertex -45.999640596010934 21.94578781010356 105
      vertex -48.29831456659542 24.90922043638762 105
      vertex -49.06914421689752 19.723371064441785 105
    endloop
  endfacet
  facet normal 0 0 1
    outer loop
      vertex -45.999640596010934 21.94578781010356 105
      vertex -49.06914421689752 19.723371064441785 105
      vertex -47.86906847527399 18.75586143528679 105
    endloop
  endfacet
  facet normal 0.4677334893312968 0.5305395024366841 0.7069322593517751
    outer loop
      vertex -40.86746222598281 16.48057294076923 105
      vertex -38.05421218989644 14.000359403989066 105
      vertex -37.09807620527341 15.156129268152753 103.5
    endloop
  endfacet
  facet normal 0.4334976731448308 0.5588618327152184 0.7069322593517747
    outer loop
      vertex -38.05421218989644 14.000359403989066 105
      vertex -35.09077956361238 11.701685433404577 105
      vertex -34.20910168517367 12.915210924966999 103.5
    endloop
  endfacet
  facet normal 0 0 1
    outer loop
      vertex -40.86746222598281 16.48057294076923 105
      vertex -44.40630585851518 15.593694141484818 105
      vertex -43.313059569193996 14.466960323135822 105
    endloop
  endfacet
  facet normal 0 0 1
    outer loop
      vertex -40.86746222598281 16.48057294076923 105
      vertex -43.313059569193996 14.466960323135822 105
      vertex -42.25761535254783 13.311185679384323 105
    endloop
  endfacet
  facet normal 0 0 1
    outer loop
      vertex -38.05421218989644 14.000359403989066 105
      vertex -42.25761535254783 13.311185679384323 105
      vertex -41.24413856471321 12.130931524726009 105
    endloop
  endfacet
  facet normal 0 0 1
    outer loop
      vertex -40.86746222598281 16.48057294076923 105
      vertex -42.25761535254783 13.311185679384323 105
      vertex -38.05421218989644 14.000359403989066 105
    endloop
  endfacet
  facet normal 0 0 1
    outer loop
      vertex -35.09077956361238 11.701685433404577 105
      vertex -40.276628935558215 10.93085578310248 105
      vertex -39.35890478357601 9.715694605203467 105
    endloop
  endfacet
  facet normal 0 0 1
    outer loop
      vertex -31.988859661842994 9.593622845013414 105
      vertex -37.68708948869498 7.259339293581675 105
      vertex -36.9395962369853 6.027839272071851 105
    endloop
  endfacet
  facet normal 0 0 1
    outer loop
      vertex -35.09077956361238 11.701685433404577 105
      vertex -39.35890478357601 9.715694605203467 105
      vertex -38.49458794672618 8.490243677043814 105
    endloop
  endfacet
  facet normal 0 0 1
    outer loop
      vertex -35.09077956361238 11.701685433404577 105
      vertex -38.49458794672618 8.490243677043814 105
      vertex -37.68708948869498 7.259339293581675 105
    endloop
  endfacet
  facet normal 0 0 1
    outer loop
      vertex -38.05421218989644 14.000359403989066 105
      vertex -41.24413856471321 12.130931524726009 105
      vertex -40.276628935558215 10.93085578310248 105
    endloop
  endfacet
  facet normal 0 0 1
    outer loop
      vertex -38.05421218989644 14.000359403989066 105
      vertex -40.276628935558215 10.93085578310248 105
      vertex -35.09077956361238 11.701685433404577 105
    endloop
  endfacet
  facet normal 0.5001233751224774 0.5001233751224774 0.7069322593517737
    outer loop
      vertex -39.84064156708978 17.574025881901342 103.5
      vertex -43.51942705923077 19.132537774017187 105
      vertex -40.86746222598281 16.48057294076923 105
    endloop
  endfacet
  facet normal 0.5305395024366851 0.4677334893312977 0.7069322593517737
    outer loop
      vertex -42.42597411809866 20.159358432910217 103.5
      vertex -45.999640596010934 21.94578781010356 105
      vertex -43.51942705923077 19.132537774017187 105
    endloop
  endfacet
  facet normal 0 0 1
    outer loop
      vertex -43.51942705923077 19.132537774017187 105
      vertex -44.40630585851518 15.593694141484818 105
      vertex -40.86746222598281 16.48057294076923 105
    endloop
  endfacet
  facet normal -0.8910065241883683 -0.4539904997395461 0
    outer loop
      vertex -67.68106352176167 28.151708992201502 101.5
      vertex -66.87633466797047 26.572339689667764 103.5
      vertex -67.68106352176167 28.151708992201502 103.5
    endloop
  endfacet
  facet normal 0.1413921162288032 -0.9899536703645987 0
    outer loop
      vertex -66.87633466797047 26.572339689667764 103.5
      vertex -66.87633466797047 26.572339689667764 101.5
      vertex -66.20422827644308 26.668334631525966 104.14274912932157
    endloop
  endfacet
  facet normal -0.9177546256839815 -0.3971478906347801 0
    outer loop
      vertex -69.54728114167025 32.46428346028319 101.5
      vertex -67.68106352176167 28.151708992201502 103.5
      vertex -69.54728114167025 32.46428346028319 103.5
    endloop
  endfacet
  facet normal -0.940880768954225 -0.33873792024529287 0
    outer loop
      vertex -69.54728114167025 32.46428346028319 103.5
      vertex -70.94134147043852 36.33643498424086 103.5
      vertex -70.94134147043852 36.33643498424086 101.5
    endloop
  endfacet
  facet normal -0.600023629183602 0.7999822775670342 0
    outer loop
      vertex -70.38250536778386 36.75558785279371 104.16811078528508
      vertex -70.38250536778386 36.75558785279371 100.83188921471493
      vertex -70.94134147043852 36.33643498424086 103.5
    endloop
  endfacet
  facet normal -0.6695959456585163 0.7427255681324543 0
    outer loop
      vertex -69.73086227138324 37.34306941272353 104.98063245509887
      vertex -69.73086227138324 37.34306941272353 100.01936754490113
      vertex -70.38250536778386 36.75558785279371 104.16811078528508
    endloop
  endfacet
  facet normal 0.9408807689542255 0.3387379202452916 0
    outer loop
      vertex -54.11299148146718 38.57515103265465 101.5
      vertex -55.35148925121231 42.015210926457115 103.5
      vertex -54.11299148146718 38.57515103265465 103.5
    endloop
  endfacet
  facet normal 0.05171045195694325 -0.9986621196172449 0
    outer loop
      vertex -66.20422827644308 26.668334631525966 100.85725087067843
      vertex -65.27396375549411 26.716503474493813 104.99390907985362
      vertex -66.20422827644308 26.668334631525966 104.14274912932157
    endloop
  endfacet
  facet normal -0.02982471541616849 -0.9995551442268428 0
    outer loop
      vertex -65.27396375549411 26.716503474493813 104.99390907985362
      vertex -65.26702564761136 26.716296455307003 100
      vertex -65.26702564761136 26.716296455307003 105
    endloop
  endfacet
  facet normal -0.02982471541570869 -0.9995551442268564 0
    outer loop
      vertex -65.26702564761136 26.716296455307003 105
      vertex -65.26702564761136 26.716296455307003 100
      vertex -64.29483165137962 26.687288141524675 105
    endloop
  endfacet
  facet normal -0.10341722144825051 -0.9946380639749937 0
    outer loop
      vertex -64.29483165137962 26.687288141524675 100
      vertex -63.27069615119165 26.580803932190598 105
      vertex -64.29483165137962 26.687288141524675 105
    endloop
  endfacet
  facet normal -0.16963321644352491 -0.9855072662740869 0
    outer loop
      vertex -63.27069615119165 26.580803932190598 100
      vertex -62.20559904986642 26.397471091017792 105
      vertex -63.27069615119165 26.580803932190598 105
    endloop
  endfacet
  facet normal -0.6301922170587549 -0.32109897266475207 0.7069322593517797
    outer loop
      vertex -67.68106352176167 28.151708992201502 103.5
      vertex -66.87633466797047 26.572339689667764 103.5
      vertex -66.20422827644308 26.668334631525966 104.14274912932157
    endloop
  endfacet
  facet normal -0.6695959456587603 0.7427255681322344 0
    outer loop
      vertex -69.73086227138324 37.34306941272353 104.98063245509887
      vertex -69.71488789564502 37.3574709328646 105
      vertex -69.73086227138324 37.34306941272353 100.01936754490113
    endloop
  endfacet
  facet normal -0.6695959456584876 0.7427255681324804 -1.5854829267232222e-15
    outer loop
      vertex -69.69064850121913 37.379323688349515 105
      vertex -69.73086227138324 37.34306941272353 100.01936754490113
      vertex -69.71488789564502 37.3574709328646 105
    endloop
  endfacet
  facet normal -0.7278814791701042 0.6857029621353121 0
    outer loop
      vertex -69.01895591077941 38.09233299890341 100
      vertex -69.69064850121913 37.379323688349515 105
      vertex -69.01895591077941 38.09233299890341 105
    endloop
  endfacet
  facet normal -0.7764423384405095 0.6301883012854437 0
    outer loop
      vertex -68.37007846025203 38.891801862449626 100
      vertex -69.01895591077941 38.09233299890341 105
      vertex -68.37007846025203 38.891801862449626 105
    endloop
  endfacet
  facet normal -0.8168076685527244 0.576910073229323 0
    outer loop
      vertex -67.74657697249032 39.77457514062631 100
      vertex -68.37007846025203 38.891801862449626 105
      vertex -67.74657697249032 39.77457514062631 105
    endloop
  endfacet
  facet normal -0.8503547003523044 0.5262099234989231 0
    outer loop
      vertex -67.15091212301573 40.737168930605264 100
      vertex -67.74657697249032 39.77457514062631 105
      vertex -67.15091212301573 40.737168930605264 105
    endloop
  endfacet
  facet normal -0.878265041654623 0.47817414882802184 0
    outer loop
      vertex -67.15091212301573 40.737168930605264 105
      vertex -66.58543472885573 41.77578431446471 105
      vertex -66.58543472885573 41.77578431446471 100
    endloop
  endfacet
  facet normal -0.2292049697992235 -0.9733781802667127 0
    outer loop
      vertex -62.20559904986642 26.397471091017792 100
      vertex -61.1037437990663 26.138013148973563 105
      vertex -62.20559904986642 26.397471091017792 105
    endloop
  endfacet
  facet normal -0.28290698340866977 -0.9591473498574693 0
    outer loop
      vertex -61.1037437990663 26.138013148973563 100
      vertex -59.96947891807639 25.803454068020116 105
      vertex -61.1037437990663 26.138013148973563 105
    endloop
  endfacet
  facet normal -0.3314859950125629 -0.9434601396511307 0
    outer loop
      vertex -59.96947891807639 25.803454068020116 100
      vertex -58.80728083218564 25.395114200004443 105
      vertex -59.96947891807639 25.803454068020116 105
    endloop
  endfacet
  facet normal -0.3756265049863605 -0.9267711307284727 0
    outer loop
      vertex -58.80728083218564 25.395114200004443 100
      vertex -57.621736206281255 24.91460507583288 105
      vertex -58.80728083218564 25.395114200004443 105
    endloop
  endfacet
  facet normal -0.41593774349069035 -0.9093930907698127 0
    outer loop
      vertex -57.621736206281255 24.91460507583288 100
      vertex -56.41752384337788 24.363823045494797 105
      vertex -57.621736206281255 24.91460507583288 105
    endloop
  endfacet
  facet normal 0.9602936856769431 0.27899110603922933 0
    outer loop
      vertex -55.35148925121231 42.015210926457115 101.5
      vertex -56.37153998057293 45.52624856626429 103.5
      vertex -55.35148925121231 42.015210926457115 103.5
    endloop
  endfacet
  facet normal 0.9759167619387473 0.21814324139654276 0
    outer loop
      vertex -56.37153998057293 45.52624856626429 101.5
      vertex -57.169117995337125 49.09440749055238 103.5
      vertex -56.37153998057293 45.52624856626429 103.5
    endloop
  endfacet
  facet normal 0.9876883405951378 0.15643446504023092 0
    outer loop
      vertex -57.169117995337125 49.09440749055238 101.5
      vertex -57.741075619459345 52.70560580618398 103.5
      vertex -57.169117995337125 49.09440749055238 103.5
    endloop
  endfacet
  facet normal 0.99556196460308 0.09410831331851373 0
    outer loop
      vertex -57.741075619459345 52.70560580618398 101.5
      vertex -58.08515559749976 56.34559176320684 103.5
      vertex -57.741075619459345 52.70560580618398 103.5
    endloop
  endfacet
  facet normal 0.9995065603657316 0.031410759078128285 0
    outer loop
      vertex -58.08515559749976 56.34559176320684 101.5
      vertex -58.20000000298023 60 103.5
      vertex -58.08515559749976 56.34559176320684 103.5
    endloop
  endfacet
  facet normal -0.9015230574682757 0.43273106758476676 0
    outer loop
      vertex -66.05237647094306 42.88632235178279 100
      vertex -66.58543472885573 41.77578431446471 105
      vertex -66.05237647094306 42.88632235178279 105
    endloop
  endfacet
  facet normal -0.9209342000152859 0.3897181022767681 0
    outer loop
      vertex -66.05237647094306 42.88632235178279 105
      vertex -65.55384108669053 44.06440025628276 105
      vertex -65.55384108669053 44.06440025628276 100
    endloop
  endfacet
  facet normal -0.9371504202212259 0.34892562227383045 0
    outer loop
      vertex -65.09179606750062 45.30536869268817 100
      vertex -65.55384108669053 44.06440025628276 105
      vertex -65.09179606750062 45.30536869268817 105
    endloop
  endfacet
  facet normal -0.9506960101741427 0.31012432384282024 0
    outer loop
      vertex -65.09179606750062 45.30536869268817 105
      vertex -64.66806489397581 46.60433012552508 105
      vertex -64.66806489397581 46.60433012552508 100
    endloop
  endfacet
  facet normal -0.9619908961602127 0.2730815184242074 0
    outer loop
      vertex -64.66806489397581 46.60433012552508 105
      vertex -64.28431983947364 47.95615814745712 105
      vertex -64.28431983947364 47.95615814745712 100
    endloop
  endfacet
  facet normal -0.9713703712600336 0.23757020402008452 0
    outer loop
      vertex -63.942075370407764 49.35551771087319 100
      vertex -64.28431983947364 47.95615814745712 105
      vertex -63.942075370407764 49.35551771087319 105
    endloop
  endfacet
  facet normal -0.9791012165649957 0.20337356691798797 0
    outer loop
      vertex -63.942075370407764 49.35551771087319 105
      vertex -63.64268216934098 50.79688618288306 105
      vertex -63.64268216934098 50.79688618288306 100
    endloop
  endfacet
  facet normal -0.9853945674788775 0.17028665943965157 0
    outer loop
      vertex -63.64268216934098 50.79688618288306 105
      vertex -63.38732180445815 52.27457514062632 105
      vertex -63.38732180445815 52.27457514062632 100
    endloop
  endfacet
  facet normal -0.9904160069218781 0.13811637568703455 0
    outer loop
      vertex -63.38732180445815 52.27457514062632 105
      vertex -63.177002066456424 53.78275282087863 105
      vertex -63.177002066456424 53.78275282087863 100
    endloop
  endfacet
  facet normal -0.9942933599606286 0.10668043090559584 0
    outer loop
      vertex -63.01255299125573 55.31546713535688 100
      vertex -63.177002066456424 53.78275282087863 105
      vertex -63.01255299125573 55.31546713535688 105
    endloop
  endfacet
  facet normal -0.9971226022610113 0.0758057785411429 0
    outer loop
      vertex -63.01255299125573 55.31546713535688 105
      vertex -62.89462358422627 56.8666691608924 105
      vertex -62.89462358422627 56.8666691608924 100
    endloop
  endfacet
  facet normal -0.9989722158326831 0.04532672494609606 0
    outer loop
      vertex -62.89462358422627 56.8666691608924 105
      vertex -62.823679258860736 58.43023701176717 105
      vertex -62.823679258860736 58.43023701176717 100
    endloop
  endfacet
  facet normal -0.9998862467179145 0.015082891777171965 0
    outer loop
      vertex -62.8 60 100
      vertex -62.823679258860736 58.43023701176717 105
      vertex -62.8 60 105
    endloop
  endfacet
  facet normal 0.8910065241883677 0.4539904997395473 0
    outer loop
      vertex -51.00104878116445 31.961936165844428 101.5
      vertex -52.66093445621893 35.21964522964386 103.5
      vertex -51.00104878116445 31.961936165844428 103.5
    endloop
  endfacet
  facet normal 0.860742027003944 0.5090414157503705 0
    outer loop
      vertex -49.139885266733565 28.8148805306255 101.5
      vertex -51.00104878116445 31.961936165844428 103.5
      vertex -49.139885266733565 28.8148805306255 103.5
    endloop
  endfacet
  facet normal 0.8270805742745622 0.5620833778521301 0
    outer loop
      vertex -47.084789075033 25.79089831482633 101.5
      vertex -49.139885266733565 28.8148805306255 103.5
      vertex -47.084789075033 25.79089831482633 103.5
    endloop
  endfacet
  facet normal 0.9177546256839809 0.3971478906347811 0
    outer loop
      vertex -52.66093445621893 35.21964522964386 101.5
      vertex -54.11299148146718 38.57515103265465 103.5
      vertex -52.66093445621893 35.21964522964386 103.5
    endloop
  endfacet
  facet normal -0.6491106479860602 -0.2808952604778341 0.7069322593517761
    outer loop
      vertex -67.68106352176167 28.151708992201502 103.5
      vertex -66.32382294306264 28.790377929549113 105
      vertex -69.54728114167025 32.46428346028319 103.5
    endloop
  endfacet
  facet normal -0.630192217058757 -0.3210989726647559 0.7069322593517761
    outer loop
      vertex -67.68106352176167 28.151708992201502 103.5
      vertex -66.20422827644308 26.668334631525966 104.14274912932157
      vertex -66.32382294306264 28.790377929549113 105
    endloop
  endfacet
  facet normal -0.6654673357362109 -0.23958298302664857 0.7069322593517725
    outer loop
      vertex -69.54728114167025 32.46428346028319 103.5
      vertex -68.15261641283789 33.016470289310206 105
      vertex -70.94134147043852 36.33643498424086 103.5
    endloop
  endfacet
  facet normal -0.6654673357362114 -0.23958298302664935 0.7069322593517716
    outer loop
      vertex -68.15261641283789 33.016470289310206 105
      vertex -70.38250536778386 36.75558785279371 104.16811078528508
      vertex -70.94134147043852 36.33643498424086 103.5
    endloop
  endfacet
  facet normal 0.6491106479860603 0.28089526047783503 0.7069322593517756
    outer loop
      vertex -52.66093445621893 35.21964522964386 103.5
      vertex -54.11299148146718 38.57515103265465 103.5
      vertex -55.507656210299565 38.02296420362764 105
    endloop
  endfacet
  facet normal 0.6654673357362091 0.2395829830266469 0.706932259351775
    outer loop
      vertex -54.11299148146718 38.57515103265465 103.5
      vertex -55.35148925121231 42.015210926457115 103.5
      vertex -56.77807402565504 41.551685434894694 105
    endloop
  endfacet
  facet normal -0.6491106479860625 -0.2808952604778376 0.7069322593517725
    outer loop
      vertex -69.54728114167025 32.46428346028319 103.5
      vertex -66.32382294306264 28.790377929549113 105
      vertex -68.15261641283789 33.016470289310206 105
    endloop
  endfacet
  facet normal -0.6301922170587637 -0.3210989726647541 0.7069322593517707
    outer loop
      vertex -66.32382294306264 28.790377929549113 105
      vertex -66.20422827644308 26.668334631525966 104.14274912932157
      vertex -65.27396375549411 26.716503474493813 104.99390907985362
    endloop
  endfacet
  facet normal -0.6301922170584389 -0.3210989726645907 0.7069322593521348
    outer loop
      vertex -66.32382294306264 28.790377929549113 105
      vertex -65.27396375549411 26.716503474493813 104.99390907985362
      vertex -65.26702564761136 26.716296455307003 105
    endloop
  endfacet
  facet normal 0 0 1
    outer loop
      vertex -66.32382294306264 28.790377929549113 105
      vertex -65.26702564761136 26.716296455307003 105
      vertex -64.29483165137962 26.687288141524675 105
    endloop
  endfacet
  facet normal 0 0 1
    outer loop
      vertex -66.32382294306264 28.790377929549113 105
      vertex -54.01817503491797 34.580976292296256 105
      vertex -68.15261641283789 33.016470289310206 105
    endloop
  endfacet
  facet normal -0.6654673357362798 -0.2395829830265215 0.7069322593517506
    outer loop
      vertex -69.71244264160039 37.3490543132373 105
      vertex -69.73086227138324 37.34306941272353 104.98063245509887
      vertex -70.38250536778386 36.75558785279371 104.16811078528508
    endloop
  endfacet
  facet normal -0.6654673357362056 -0.2395829830266444 0.7069322593517787
    outer loop
      vertex -68.15261641283789 33.016470289310206 105
      vertex -69.71244264160039 37.3490543132373 105
      vertex -70.38250536778386 36.75558785279371 104.16811078528508
    endloop
  endfacet
  facet normal -0.6791977279352622 -0.1973251809967809 0.7069322593517468
    outer loop
      vertex -69.71244264160039 37.3490543132373 105
      vertex -69.71488789564502 37.3574709328646 105
      vertex -69.73086227138324 37.34306941272353 104.98063245509887
    endloop
  endfacet
  facet normal 0 0 1
    outer loop
      vertex -68.15261641283789 33.016470289310206 105
      vertex -55.507656210299565 38.02296420362764 105
      vertex -69.71244264160039 37.3490543132373 105
    endloop
  endfacet
  facet normal 0 0 1
    outer loop
      vertex -69.71244264160039 37.3490543132373 105
      vertex -56.77807402565504 41.551685434894694 105
      vertex -69.71488789564502 37.3574709328646 105
    endloop
  endfacet
  facet normal 0 0 1
    outer loop
      vertex -56.77807402565504 41.551685434894694 105
      vertex -69.69064850121913 37.379323688349515 105
      vertex -69.71488789564502 37.3574709328646 105
    endloop
  endfacet
  facet normal 0 0 1
    outer loop
      vertex -56.77807402565504 41.551685434894694 105
      vertex -69.01895591077941 38.09233299890341 105
      vertex -69.69064850121913 37.379323688349515 105
    endloop
  endfacet
  facet normal 0 0 1
    outer loop
      vertex -56.77807402565504 41.551685434894694 105
      vertex -68.37007846025203 38.891801862449626 105
      vertex -69.01895591077941 38.09233299890341 105
    endloop
  endfacet
  facet normal 0 0 1
    outer loop
      vertex -56.77807402565504 41.551685434894694 105
      vertex -67.74657697249032 39.77457514062631 105
      vertex -68.37007846025203 38.891801862449626 105
    endloop
  endfacet
  facet normal 0 0 1
    outer loop
      vertex -56.77807402565504 41.551685434894694 105
      vertex -67.15091212301573 40.737168930605264 105
      vertex -67.74657697249032 39.77457514062631 105
    endloop
  endfacet
  facet normal 0 0 1
    outer loop
      vertex -56.77807402565504 41.551685434894694 105
      vertex -66.58543472885573 41.77578431446471 105
      vertex -67.15091212301573 40.737168930605264 105
    endloop
  endfacet
  facet normal 0 0 1
    outer loop
      vertex -56.77807402565504 41.551685434894694 105
      vertex -66.05237647094306 42.88632235178279 105
      vertex -66.58543472885573 41.77578431446471 105
    endloop
  endfacet
  facet normal 0 0 1
    outer loop
      vertex -66.32382294306264 28.790377929549113 105
      vertex -64.29483165137962 26.687288141524675 105
      vertex -52.315508801230244 31.239305654691854 105
    endloop
  endfacet
  facet normal 0 0 1
    outer loop
      vertex -52.315508801230244 31.239305654691854 105
      vertex -64.29483165137962 26.687288141524675 105
      vertex -63.27069615119165 26.580803932190598 105
    endloop
  endfacet
  facet normal 0 0 1
    outer loop
      vertex -52.315508801230244 31.239305654691854 105
      vertex -63.27069615119165 26.580803932190598 105
      vertex -62.20559904986642 26.397471091017792 105
    endloop
  endfacet
  facet normal 0 0 1
    outer loop
      vertex -52.315508801230244 31.239305654691854 105
      vertex -61.1037437990663 26.138013148973563 105
      vertex -59.96947891807639 25.803454068020116 105
    endloop
  endfacet
  facet normal 0 0 1
    outer loop
      vertex -52.315508801230244 31.239305654691854 105
      vertex -62.20559904986642 26.397471091017792 105
      vertex -61.1037437990663 26.138013148973563 105
    endloop
  endfacet
  facet normal 0 0 1
    outer loop
      vertex -50.406377154986586 28.011140338157006 105
      vertex -58.80728083218564 25.395114200004443 105
      vertex -57.621736206281255 24.91460507583288 105
    endloop
  endfacet
  facet normal 0 0 1
    outer loop
      vertex -52.315508801230244 31.239305654691854 105
      vertex -59.96947891807639 25.803454068020116 105
      vertex -58.80728083218564 25.395114200004443 105
    endloop
  endfacet
  facet normal 0 0 1
    outer loop
      vertex -50.406377154986586 28.011140338157006 105
      vertex -57.621736206281255 24.91460507583288 105
      vertex -56.41752384337788 24.363823045494797 105
    endloop
  endfacet
  facet normal 0 0 1
    outer loop
      vertex -50.406377154986586 28.011140338157006 105
      vertex -56.41752384337788 24.363823045494797 105
      vertex -55.19939621951958 23.744941794035547 105
    endloop
  endfacet
  facet normal 0 0 1
    outer loop
      vertex -52.315508801230244 31.239305654691854 105
      vertex -58.80728083218564 25.395114200004443 105
      vertex -50.406377154986586 28.011140338157006 105
    endloop
  endfacet
  facet normal 0 0 1
    outer loop
      vertex -66.32382294306264 28.790377929549113 105
      vertex -52.315508801230244 31.239305654691854 105
      vertex -54.01817503491797 34.580976292296256 105
    endloop
  endfacet
  facet normal 0.6491106479860604 0.28089526047783525 0.7069322593517754
    outer loop
      vertex -52.66093445621893 35.21964522964386 103.5
      vertex -55.507656210299565 38.02296420362764 105
      vertex -54.01817503491797 34.580976292296256 105
    endloop
  endfacet
  facet normal 0.6654673357362085 0.23958298302664602 0.7069322593517757
    outer loop
      vertex -54.11299148146718 38.57515103265465 103.5
      vertex -56.77807402565504 41.551685434894694 105
      vertex -55.507656210299565 38.02296420362764 105
    endloop
  endfacet
  facet normal 0 0 1
    outer loop
      vertex -68.15261641283789 33.016470289310206 105
      vertex -54.01817503491797 34.580976292296256 105
      vertex -55.507656210299565 38.02296420362764 105
    endloop
  endfacet
  facet normal 0 0 1
    outer loop
      vertex -69.71244264160039 37.3490543132373 105
      vertex -55.507656210299565 38.02296420362764 105
      vertex -56.77807402565504 41.551685434894694 105
    endloop
  endfacet
  facet normal 0.6791977279353134 0.19732518099650603 0.7069322593517742
    outer loop
      vertex -56.37153998057293 45.52624856626429 103.5
      vertex -57.82441472226588 45.153213735517014 105
      vertex -55.35148925121231 42.015210926457115 103.5
    endloop
  endfacet
  facet normal 0.6902476369981833 0.15428862662627216 0.7069322593517734
    outer loop
      vertex -56.37153998057293 45.52624856626429 103.5
      vertex -57.169117995337125 49.09440749055238 103.5
      vertex -58.64254887143015 48.81333551867379 105
    endloop
  endfacet
  facet normal 0.6985734539819685 0.11064316553451232 0.7069322593517747
    outer loop
      vertex -57.169117995337125 49.09440749055238 103.5
      vertex -57.741075619459345 52.70560580618398 103.5
      vertex -59.22924767143106 52.517605955837524 105
    endloop
  endfacet
  facet normal 0.7041423206907415 0.06656104641644188 0.706932259351775
    outer loop
      vertex -57.741075619459345 52.70560580618398 103.5
      vertex -58.08515559749976 56.34559176320684 103.5
      vertex -59.582195690142164 56.25140598391287 105
    endloop
  endfacet
  facet normal 0.7069322593517748 0.022216241257016187 0.7069322593517748
    outer loop
      vertex -58.08515559749976 56.34559176320684 103.5
      vertex -58.20000000298023 60 103.5
      vertex -59.70000000298023 60 105
    endloop
  endfacet
  facet normal 0 0 1
    outer loop
      vertex -57.82441472226588 45.153213735517014 105
      vertex -65.55384108669053 44.06440025628276 105
      vertex -66.05237647094306 42.88632235178279 105
    endloop
  endfacet
  facet normal 0 0 1
    outer loop
      vertex -57.82441472226588 45.153213735517014 105
      vertex -65.09179606750062 45.30536869268817 105
      vertex -65.55384108669053 44.06440025628276 105
    endloop
  endfacet
  facet normal 0 0 1
    outer loop
      vertex -57.82441472226588 45.153213735517014 105
      vertex -64.66806489397581 46.60433012552508 105
      vertex -65.09179606750062 45.30536869268817 105
    endloop
  endfacet
  facet normal 0 0 1
    outer loop
      vertex -58.64254887143015 48.81333551867379 105
      vertex -64.28431983947364 47.95615814745712 105
      vertex -64.66806489397581 46.60433012552508 105
    endloop
  endfacet
  facet normal 0 0 1
    outer loop
      vertex -58.64254887143015 48.81333551867379 105
      vertex -63.942075370407764 49.35551771087319 105
      vertex -64.28431983947364 47.95615814745712 105
    endloop
  endfacet
  facet normal 0 0 1
    outer loop
      vertex -58.64254887143015 48.81333551867379 105
      vertex -63.64268216934098 50.79688618288306 105
      vertex -63.942075370407764 49.35551771087319 105
    endloop
  endfacet
  facet normal 0 0 1
    outer loop
      vertex -59.22924767143106 52.517605955837524 105
      vertex -63.38732180445815 52.27457514062632 105
      vertex -63.64268216934098 50.79688618288306 105
    endloop
  endfacet
  facet normal 0.6985734539819698 0.11064316553451371 0.7069322593517733
    outer loop
      vertex -57.169117995337125 49.09440749055238 103.5
      vertex -59.22924767143106 52.517605955837524 105
      vertex -58.64254887143015 48.81333551867379 105
    endloop
  endfacet
  facet normal 0.6791977279353129 0.19732518099650534 0.706932259351775
    outer loop
      vertex -55.35148925121231 42.015210926457115 103.5
      vertex -57.82441472226588 45.153213735517014 105
      vertex -56.77807402565504 41.551685434894694 105
    endloop
  endfacet
  facet normal 0.6902476369981826 0.15428862662627124 0.7069322593517742
    outer loop
      vertex -56.37153998057293 45.52624856626429 103.5
      vertex -58.64254887143015 48.81333551867379 105
      vertex -57.82441472226588 45.153213735517014 105
    endloop
  endfacet
  facet normal 0 0 1
    outer loop
      vertex -56.77807402565504 41.551685434894694 105
      vertex -57.82441472226588 45.153213735517014 105
      vertex -66.05237647094306 42.88632235178279 105
    endloop
  endfacet
  facet normal 0 0 1
    outer loop
      vertex -57.82441472226588 45.153213735517014 105
      vertex -58.64254887143015 48.81333551867379 105
      vertex -64.66806489397581 46.60433012552508 105
    endloop
  endfacet
  facet normal 0 0 1
    outer loop
      vertex -58.64254887143015 48.81333551867379 105
      vertex -59.22924767143106 52.517605955837524 105
      vertex -63.64268216934098 50.79688618288306 105
    endloop
  endfacet
  facet normal 0.7041423206907418 0.06656104641644207 0.7069322593517748
    outer loop
      vertex -57.741075619459345 52.70560580618398 103.5
      vertex -59.582195690142164 56.25140598391287 105
      vertex -59.22924767143106 52.517605955837524 105
    endloop
  endfacet
  facet normal 0.7069322593517747 0.022216241257016104 0.706932259351775
    outer loop
      vertex -58.08515559749976 56.34559176320684 103.5
      vertex -59.70000000298023 60 105
      vertex -59.582195690142164 56.25140598391287 105
    endloop
  endfacet
  facet normal 0 0 1
    outer loop
      vertex -59.22924767143106 52.517605955837524 105
      vertex -63.177002066456424 53.78275282087863 105
      vertex -63.38732180445815 52.27457514062632 105
    endloop
  endfacet
  facet normal 0 0 1
    outer loop
      vertex -59.22924767143106 52.517605955837524 105
      vertex -63.01255299125573 55.31546713535688 105
      vertex -63.177002066456424 53.78275282087863 105
    endloop
  endfacet
  facet normal 0 0 1
    outer loop
      vertex -59.22924767143106 52.517605955837524 105
      vertex -59.582195690142164 56.25140598391287 105
      vertex -63.01255299125573 55.31546713535688 105
    endloop
  endfacet
  facet normal 0 0 1
    outer loop
      vertex -59.582195690142164 56.25140598391287 105
      vertex -62.89462358422627 56.8666691608924 105
      vertex -63.01255299125573 55.31546713535688 105
    endloop
  endfacet
  facet normal 0 0 1
    outer loop
      vertex -59.582195690142164 56.25140598391287 105
      vertex -62.823679258860736 58.43023701176717 105
      vertex -62.89462358422627 56.8666691608924 105
    endloop
  endfacet
  facet normal 0 0 1
    outer loop
      vertex -59.70000000298023 60 105
      vertex -62.8 60 105
      vertex -62.823679258860736 58.43023701176717 105
    endloop
  endfacet
  facet normal 0 0 1
    outer loop
      vertex -59.582195690142164 56.25140598391287 105
      vertex -59.70000000298023 60 105
      vertex -62.823679258860736 58.43023701176717 105
    endloop
  endfacet
  facet normal 0.5849785906597098 0.3975510396887108 0.7069322593517747
    outer loop
      vertex -47.084789075033 25.79089831482633 103.5
      vertex -49.139885266733565 28.8148805306255 103.5
      vertex -50.406377154986586 28.011140338157006 105
    endloop
  endfacet
  facet normal 0.608786705358164 0.3600354539027331 0.7069322593517748
    outer loop
      vertex -49.139885266733565 28.8148805306255 103.5
      vertex -51.00104878116445 31.961936165844428 103.5
      vertex -52.315508801230244 31.239305654691854 105
    endloop
  endfacet
  facet normal 0.558861832715218 0.43349767314483095 0.7069322593517747
    outer loop
      vertex -47.084789075033 25.79089831482633 103.5
      vertex -48.29831456659542 24.90922043638762 105
      vertex -44.84387073184725 22.901923794726592 103.5
    endloop
  endfacet
  facet normal 0.6301922170587585 0.321098972664755 0.7069322593517753
    outer loop
      vertex -52.66093445621893 35.21964522964386 103.5
      vertex -54.01817503491797 34.580976292296256 105
      vertex -51.00104878116445 31.961936165844428 103.5
    endloop
  endfacet
  facet normal 0.6301922170587587 0.3210989726647556 0.7069322593517748
    outer loop
      vertex -51.00104878116445 31.961936165844428 103.5
      vertex -54.01817503491797 34.580976292296256 105
      vertex -52.315508801230244 31.239305654691854 105
    endloop
  endfacet
  facet normal 0.608786705358164 0.36003545390273317 0.7069322593517747
    outer loop
      vertex -49.139885266733565 28.8148805306255 103.5
      vertex -52.315508801230244 31.239305654691854 105
      vertex -50.406377154986586 28.011140338157006 105
    endloop
  endfacet
  facet normal 0.5849785906597097 0.3975510396887108 0.7069322593517747
    outer loop
      vertex -47.084789075033 25.79089831482633 103.5
      vertex -50.406377154986586 28.011140338157006 105
      vertex -48.29831456659542 24.90922043638762 105
    endloop
  endfacet
  facet normal 0 0 1
    outer loop
      vertex -50.406377154986586 28.011140338157006 105
      vertex -55.19939621951958 23.744941794035547 105
      vertex -53.97216072792815 23.060403763014698 105
    endloop
  endfacet
  facet normal 0 0 1
    outer loop
      vertex -48.29831456659542 24.90922043638762 105
      vertex -50.406377154986586 28.011140338157006 105
      vertex -53.97216072792815 23.060403763014698 105
    endloop
  endfacet
  facet normal -0.4539904997395461 -0.8910065241883683 0
    outer loop
      vertex -31.848291007798498 -7.681063521761672 103.5
      vertex -33.427660310332236 -6.876334667970468 103.5
      vertex -33.427660310332236 -6.876334667970468 101.5
    endloop
  endfacet
  facet normal -0.9899536703645987 0.14139211622880318 0
    outer loop
      vertex -33.427660310332236 -6.876334667970468 103.5
      vertex -33.331665368474034 -6.204228276443075 104.14274912932157
      vertex -33.331665368474034 -6.204228276443075 100.85725087067841
    endloop
  endfacet
  facet normal -0.998662119617245 0.05171045195694325 0
    outer loop
      vertex -33.331665368474034 -6.204228276443075 104.14274912932157
      vertex -33.28349652550619 -5.273963755494108 104.99390907985361
      vertex -33.28349652550619 -5.273963755494108 100.00609092014639
    endloop
  endfacet
  facet normal -0.3971478906347801 -0.9177546256839815 0
    outer loop
      vertex -31.848291007798498 -7.681063521761672 101.5
      vertex -27.53571653971681 -9.547281141670254 103.5
      vertex -31.848291007798498 -7.681063521761672 103.5
    endloop
  endfacet
  facet normal -0.33873792024529287 -0.940880768954225 0
    outer loop
      vertex -27.53571653971681 -9.547281141670254 101.5
      vertex -23.66356501575914 -10.941341470438516 103.5
      vertex -27.53571653971681 -9.547281141670254 103.5
    endloop
  endfacet
  facet normal 0.7999822775670318 -0.6000236291836052 0
    outer loop
      vertex -23.66356501575914 -10.941341470438516 103.5
      vertex -23.66356501575914 -10.941341470438516 101.5
      vertex -23.244412147206287 -10.382505367783864 104.16811078528507
    endloop
  endfacet
  facet normal 0.3971478906347815 0.9177546256839808 0
    outer loop
      vertex -21.424848967345348 5.8870085185328165 101.5
      vertex -24.780354770356137 7.339065543781068 103.5
      vertex -21.424848967345348 5.8870085185328165 103.5
    endloop
  endfacet
  facet normal 0.33873792024529126 0.9408807689542256 0
    outer loop
      vertex -17.98478907354288 4.648510748787693 101.5
      vertex -21.424848967345348 5.8870085185328165 103.5
      vertex -17.98478907354288 4.648510748787693 103.5
    endloop
  endfacet
  facet normal -0.9995551442268449 -0.02982471541610045 -7.757630222825698e-14
    outer loop
      vertex -33.283703544693 -5.267025647611362 105
      vertex -33.31271185847532 -4.2948316513796385 100
      vertex -33.28349652550619 -5.273963755494108 104.99390907985361
    endloop
  endfacet
  facet normal -0.9995551442268569 -0.029824715415701832 0
    outer loop
      vertex -33.283703544693 -5.267025647611362 105
      vertex -33.31271185847532 -4.2948316513796385 105
      vertex -33.31271185847532 -4.2948316513796385 100
    endloop
  endfacet
  facet normal -0.9946380639749931 -0.10341722144825591 0
    outer loop
      vertex -33.4191960678094 -3.2706961511916504 100
      vertex -33.31271185847532 -4.2948316513796385 105
      vertex -33.4191960678094 -3.2706961511916504 105
    endloop
  endfacet
  facet normal -0.9855072662740869 -0.16963321644352491 0
    outer loop
      vertex -33.4191960678094 -3.2706961511916504 105
      vertex -33.60252890898221 -2.2055990498664215 105
      vertex -33.60252890898221 -2.2055990498664215 100
    endloop
  endfacet
  facet normal -0.9733781802667127 -0.2292049697992235 0
    outer loop
      vertex -33.60252890898221 -2.2055990498664215 105
      vertex -33.86198685102644 -1.1037437990663008 105
      vertex -33.86198685102644 -1.1037437990663008 100
    endloop
  endfacet
  facet normal -0.9591473498574693 -0.28290698340866977 0
    outer loop
      vertex -34.196545931979884 0.030521081923609472 100
      vertex -33.86198685102644 -1.1037437990663008 105
      vertex -34.196545931979884 0.030521081923609472 105
    endloop
  endfacet
  facet normal -0.9434601396511307 -0.3314859950125629 0
    outer loop
      vertex -34.60488579999556 1.19271916781436 100
      vertex -34.196545931979884 0.030521081923609472 105
      vertex -34.60488579999556 1.19271916781436 105
    endloop
  endfacet
  facet normal -0.9267711307284727 -0.3756265049863605 0
    outer loop
      vertex -34.60488579999556 1.19271916781436 105
      vertex -35.08539492416712 2.3782637937187445 105
      vertex -35.08539492416712 2.3782637937187445 100
    endloop
  endfacet
  facet normal -0.9093930907698127 -0.41593774349069035 0
    outer loop
      vertex -35.6361769545052 3.5824761566221213 100
      vertex -35.08539492416712 2.3782637937187445 105
      vertex -35.6361769545052 3.5824761566221213 105
    endloop
  endfacet
  facet normal 0.7427255681324563 -0.6695959456585142 0
    outer loop
      vertex -22.65693058727647 -9.730862271383245 104.98063245509887
      vertex -23.244412147206287 -10.382505367783864 104.16811078528507
      vertex -23.244412147206287 -10.382505367783864 100.83188921471493
    endloop
  endfacet
  facet normal 0.6857029621353086 -0.7278814791701075 0
    outer loop
      vertex -22.620676311650488 -9.69064850121913 100
      vertex -21.907667001096588 -9.018955910779411 105
      vertex -22.620676311650488 -9.69064850121913 105
    endloop
  endfacet
  facet normal 0.6301883012854455 -0.7764423384405081 0
    outer loop
      vertex -21.907667001096588 -9.018955910779411 100
      vertex -21.108198137550374 -8.370078460252032 105
      vertex -21.907667001096588 -9.018955910779411 105
    endloop
  endfacet
  facet normal 0.5769100732293214 -0.8168076685527255 0
    outer loop
      vertex -21.108198137550374 -8.370078460252032 100
      vertex -20.225424859373685 -7.746576972490317 105
      vertex -21.108198137550374 -8.370078460252032 105
    endloop
  endfacet
  facet normal 0.5262099234989246 -0.8503547003523035 0
    outer loop
      vertex -20.225424859373685 -7.746576972490317 100
      vertex -19.262831069394736 -7.150912123015729 105
      vertex -20.225424859373685 -7.746576972490317 105
    endloop
  endfacet
  facet normal 0.47817414882802184 -0.878265041654623 0
    outer loop
      vertex -19.262831069394736 -7.150912123015729 100
      vertex -18.22421568553529 -6.585434728855731 105
      vertex -19.262831069394736 -7.150912123015729 105
    endloop
  endfacet
  facet normal 0.43273106758476676 -0.9015230574682757 0
    outer loop
      vertex -18.22421568553529 -6.585434728855731 100
      vertex -17.113677648217212 -6.052376470943059 105
      vertex -18.22421568553529 -6.585434728855731 105
    endloop
  endfacet
  facet normal -0.23958298302664607 -0.665467335736204 0.70693225935178
    outer loop
      vertex -27.53571653971681 -9.547281141670254 103.5
      vertex -23.66356501575914 -10.941341470438516 103.5
      vertex -23.244412147206287 -10.382505367783864 104.16811078528507
    endloop
  endfacet
  facet normal 0.7427255681322839 -0.6695959456587057 5.4487926062129086e-14
    outer loop
      vertex -22.65693058727647 -9.730862271383245 104.98063245509887
      vertex -23.244412147206287 -10.382505367783864 100.83188921471493
      vertex -22.642529067135403 -9.71488789564502 105
    endloop
  endfacet
  facet normal 0.7427255681324804 -0.6695959456584876 -8.799271174288669e-15
    outer loop
      vertex -22.642529067135403 -9.71488789564502 105
      vertex -23.244412147206287 -10.382505367783864 100.83188921471493
      vertex -22.620676311650488 -9.69064850121913 105
    endloop
  endfacet
  facet normal 0.6129070536529764 0.7901550123756904 0
    outer loop
      vertex -34.20910168517367 12.915210924966999 101.5
      vertex -37.09807620527341 15.156129268152753 103.5
      vertex -34.20910168517367 12.915210924966999 103.5
    endloop
  endfacet
  facet normal 0.5620833778521301 0.8270805742745622 0
    outer loop
      vertex -31.1851194693745 10.860114733266435 101.5
      vertex -34.20910168517367 12.915210924966999 103.5
      vertex -31.1851194693745 10.860114733266435 103.5
    endloop
  endfacet
  facet normal 0.5090414157503705 0.860742027003944 0
    outer loop
      vertex -28.038063834155572 8.99895121883555 101.5
      vertex -31.1851194693745 10.860114733266435 103.5
      vertex -28.038063834155572 8.99895121883555 103.5
    endloop
  endfacet
  facet normal 0.4539904997395469 0.8910065241883679 0
    outer loop
      vertex -24.780354770356137 7.339065543781068 101.5
      vertex -28.038063834155572 8.99895121883555 103.5
      vertex -24.780354770356137 7.339065543781068 103.5
    endloop
  endfacet
  facet normal 0.2789911060392295 0.9602936856769431 0
    outer loop
      vertex -14.473751433735705 3.6284600194270666 101.5
      vertex -17.98478907354288 4.648510748787693 103.5
      vertex -14.473751433735705 3.6284600194270666 103.5
    endloop
  endfacet
  facet normal 0.21814324139654298 0.9759167619387473 0
    outer loop
      vertex -10.905592509447624 2.8308820046628753 101.5
      vertex -14.473751433735705 3.6284600194270666 103.5
      vertex -10.905592509447624 2.8308820046628753 103.5
    endloop
  endfacet
  facet normal 0.09410831331851453 0.99556196460308 0
    outer loop
      vertex -3.6544082367931914 1.9148444025002433 101.5
      vertex -7.294394193816019 2.2589243805406554 103.5
      vertex -3.6544082367931914 1.9148444025002433 103.5
    endloop
  endfacet
  facet normal 0.15643446504023087 0.9876883405951378 0
    outer loop
      vertex -7.294394193816019 2.2589243805406554 101.5
      vertex -10.905592509447624 2.8308820046628753 103.5
      vertex -7.294394193816019 2.2589243805406554 103.5
    endloop
  endfacet
  facet normal 0.031410759078128014 0.9995065603657316 0
    outer loop
      vertex -3.6544082367931914 1.9148444025002433 103.5
      vertex 0 1.7999999970197678 103.5
      vertex 0 1.7999999970197678 101.5
    endloop
  endfacet
  facet normal 0.3897181022767681 -0.9209342000152859 0
    outer loop
      vertex -17.113677648217212 -6.052376470943059 100
      vertex -15.93559974371724 -5.553841086690525 105
      vertex -17.113677648217212 -6.052376470943059 105
    endloop
  endfacet
  facet normal 0.34892562227383006 -0.9371504202212261 0
    outer loop
      vertex -15.93559974371724 -5.553841086690525 100
      vertex -14.694631307311829 -5.091796067500624 105
      vertex -15.93559974371724 -5.553841086690525 105
    endloop
  endfacet
  facet normal 0.3101243238428206 -0.9506960101741425 0
    outer loop
      vertex -14.694631307311829 -5.091796067500624 100
      vertex -13.395669874474919 -4.66806489397581 105
      vertex -14.694631307311829 -5.091796067500624 105
    endloop
  endfacet
  facet normal 0.27308151842420775 -0.9619908961602127 0
    outer loop
      vertex -13.395669874474919 -4.66806489397581 100
      vertex -12.043841852542885 -4.284319839473639 105
      vertex -13.395669874474919 -4.66806489397581 105
    endloop
  endfacet
  facet normal 0.23757020402008394 -0.9713703712600337 0
    outer loop
      vertex -12.043841852542885 -4.284319839473639 100
      vertex -10.644482289126811 -3.942075370407764 105
      vertex -12.043841852542885 -4.284319839473639 105
    endloop
  endfacet
  facet normal 0.2033735669179887 -0.9791012165649957 0
    outer loop
      vertex -10.644482289126811 -3.942075370407764 100
      vertex -9.203113817116947 -3.642682169340979 105
      vertex -10.644482289126811 -3.942075370407764 105
    endloop
  endfacet
  facet normal 0.1702866594396515 -0.9853945674788775 0
    outer loop
      vertex -9.203113817116947 -3.642682169340979 100
      vertex -7.7254248593736845 -3.3873218044581535 105
      vertex -9.203113817116947 -3.642682169340979 105
    endloop
  endfacet
  facet normal 0.13811637568703422 -0.9904160069218783 0
    outer loop
      vertex -7.7254248593736845 -3.3873218044581535 100
      vertex -6.2172471791213715 -3.1770020664564242 105
      vertex -7.7254248593736845 -3.3873218044581535 105
    endloop
  endfacet
  facet normal 0.10668043090559615 -0.9942933599606286 0
    outer loop
      vertex -6.2172471791213715 -3.1770020664564242 100
      vertex -4.684532864643121 -3.012552991255731 105
      vertex -6.2172471791213715 -3.1770020664564242 105
    endloop
  endfacet
  facet normal 0.0758057785411428 -0.9971226022610115 0
    outer loop
      vertex -4.684532864643121 -3.012552991255731 100
      vertex -3.1333308391076016 -2.8946235842262666 105
      vertex -4.684532864643121 -3.012552991255731 105
    endloop
  endfacet
  facet normal 0.04532672494609604 -0.9989722158326831 0
    outer loop
      vertex -3.1333308391076016 -2.8946235842262666 100
      vertex -1.569762988232832 -2.823679258860736 105
      vertex -3.1333308391076016 -2.8946235842262666 105
    endloop
  endfacet
  facet normal 0.015082891777171962 -0.9998862467179145 0
    outer loop
      vertex 0 -2.799999999999997 105
      vertex -1.569762988232832 -2.823679258860736 105
      vertex -1.569762988232832 -2.823679258860736 100
    endloop
  endfacet
  facet normal -0.3210989726647537 -0.6301922170587582 0.7069322593517761
    outer loop
      vertex -31.848291007798498 -7.681063521761672 103.5
      vertex -31.209622070450887 -6.323822943062638 105
      vertex -33.427660310332236 -6.876334667970468 103.5
    endloop
  endfacet
  facet normal -0.28089526047783536 -0.6491106479860631 0.706932259351773
    outer loop
      vertex -31.848291007798498 -7.681063521761672 103.5
      vertex -27.53571653971681 -9.547281141670254 103.5
      vertex -26.98352971068979 -8.152616412837887 105
    endloop
  endfacet
  facet normal -0.3210989726647568 -0.6301922170587533 0.7069322593517788
    outer loop
      vertex -31.209622070450887 -6.323822943062638 105
      vertex -33.331665368474034 -6.204228276443075 104.14274912932157
      vertex -33.427660310332236 -6.876334667970468 103.5
    endloop
  endfacet
  facet normal -0.23958298302664643 -0.6654673357362114 0.7069322593517728
    outer loop
      vertex -27.53571653971681 -9.547281141670254 103.5
      vertex -23.244412147206287 -10.382505367783864 104.16811078528507
      vertex -22.65693058727647 -9.730862271383245 104.98063245509887
    endloop
  endfacet
  facet normal 0.2808952604778351 0.6491106479860598 0.7069322593517761
    outer loop
      vertex -24.780354770356137 7.339065543781068 103.5
      vertex -25.419023707703747 5.981824965082033 105
      vertex -21.424848967345348 5.8870085185328165 103.5
    endloop
  endfacet
  facet normal 0.2395829830266463 0.6654673357362081 0.706932259351776
    outer loop
      vertex -21.424848967345348 5.8870085185328165 103.5
      vertex -21.977035796372366 4.492343789700435 105
      vertex -17.98478907354288 4.648510748787693 103.5
    endloop
  endfacet
  facet normal -0.2808952604778359 -0.6491106479860593 0.7069322593517761
    outer loop
      vertex -31.848291007798498 -7.681063521761672 103.5
      vertex -26.98352971068979 -8.152616412837887 105
      vertex -31.209622070450887 -6.323822943062638 105
    endloop
  endfacet
  facet normal -0.32109897266475573 -0.6301922170587574 0.7069322593517757
    outer loop
      vertex -31.209622070450887 -6.323822943062638 105
      vertex -33.28349652550619 -5.273963755494108 104.99390907985361
      vertex -33.331665368474034 -6.204228276443075 104.14274912932157
    endloop
  endfacet
  facet normal -0.3210989726649652 -0.6301922170591737 0.7069322593513098
    outer loop
      vertex -31.209622070450887 -6.323822943062638 105
      vertex -33.283703544693 -5.267025647611362 105
      vertex -33.28349652550619 -5.273963755494108 104.99390907985361
    endloop
  endfacet
  facet normal 0 0 1
    outer loop
      vertex -31.209622070450887 -6.323822943062638 105
      vertex -26.98352971068979 -8.152616412837887 105
      vertex -21.977035796372366 4.492343789700435 105
    endloop
  endfacet
  facet normal 0 0 1
    outer loop
      vertex -28.760694345308146 7.684491198769756 105
      vertex -34.196545931979884 0.030521081923609472 105
      vertex -33.86198685102644 -1.1037437990663008 105
    endloop
  endfacet
  facet normal 0 0 1
    outer loop
      vertex -28.760694345308146 7.684491198769756 105
      vertex -33.86198685102644 -1.1037437990663008 105
      vertex -33.60252890898221 -2.2055990498664215 105
    endloop
  endfacet
  facet normal 0 0 1
    outer loop
      vertex -31.988859661842994 9.593622845013414 105
      vertex -36.25505820596445 4.800603780480422 105
      vertex -35.6361769545052 3.5824761566221213 105
    endloop
  endfacet
  facet normal 0 0 1
    outer loop
      vertex -28.760694345308146 7.684491198769756 105
      vertex -34.60488579999556 1.19271916781436 105
      vertex -34.196545931979884 0.030521081923609472 105
    endloop
  endfacet
  facet normal 0 0 1
    outer loop
      vertex -28.760694345308146 7.684491198769756 105
      vertex -35.08539492416712 2.3782637937187445 105
      vertex -34.60488579999556 1.19271916781436 105
    endloop
  endfacet
  facet normal 0 0 1
    outer loop
      vertex -28.760694345308146 7.684491198769756 105
      vertex -35.6361769545052 3.5824761566221213 105
      vertex -35.08539492416712 2.3782637937187445 105
    endloop
  endfacet
  facet normal 0 0 1
    outer loop
      vertex -25.419023707703747 5.981824965082033 105
      vertex -33.31271185847532 -4.2948316513796385 105
      vertex -33.283703544693 -5.267025647611362 105
    endloop
  endfacet
  facet normal 0 0 1
    outer loop
      vertex -31.209622070450887 -6.323822943062638 105
      vertex -25.419023707703747 5.981824965082033 105
      vertex -33.283703544693 -5.267025647611362 105
    endloop
  endfacet
  facet normal 0 0 1
    outer loop
      vertex -25.419023707703747 5.981824965082033 105
      vertex -33.4191960678094 -3.2706961511916504 105
      vertex -33.31271185847532 -4.2948316513796385 105
    endloop
  endfacet
  facet normal 0 0 1
    outer loop
      vertex -25.419023707703747 5.981824965082033 105
      vertex -33.60252890898221 -2.2055990498664215 105
      vertex -33.4191960678094 -3.2706961511916504 105
    endloop
  endfacet
  facet normal 0 0 1
    outer loop
      vertex -28.760694345308146 7.684491198769756 105
      vertex -33.60252890898221 -2.2055990498664215 105
      vertex -25.419023707703747 5.981824965082033 105
    endloop
  endfacet
  facet normal -0.23958298302664677 -0.6654673357362113 0.7069322593517727
    outer loop
      vertex -27.53571653971681 -9.547281141670254 103.5
      vertex -22.6509456867627 -9.71244264160039 105
      vertex -26.98352971068979 -8.152616412837887 105
    endloop
  endfacet
  facet normal -0.23958298302663464 -0.6654673357362643 0.706932259351727
    outer loop
      vertex -27.53571653971681 -9.547281141670254 103.5
      vertex -22.65693058727647 -9.730862271383245 104.98063245509887
      vertex -22.6509456867627 -9.71244264160039 105
    endloop
  endfacet
  facet normal -0.19732518099678592 -0.6791977279352795 0.7069322593517285
    outer loop
      vertex -22.6509456867627 -9.71244264160039 105
      vertex -22.65693058727647 -9.730862271383245 104.98063245509887
      vertex -22.642529067135403 -9.71488789564502 105
    endloop
  endfacet
  facet normal 0 0 1
    outer loop
      vertex -22.6509456867627 -9.71244264160039 105
      vertex -22.642529067135403 -9.71488789564502 105
      vertex -22.620676311650488 -9.69064850121913 105
    endloop
  endfacet
  facet normal 0 0 1
    outer loop
      vertex -26.98352971068979 -8.152616412837887 105
      vertex -22.6509456867627 -9.71244264160039 105
      vertex -18.448314565105303 3.2219259743449626 105
    endloop
  endfacet
  facet normal 0 0 1
    outer loop
      vertex -22.6509456867627 -9.71244264160039 105
      vertex -22.620676311650488 -9.69064850121913 105
      vertex -14.846786264482988 2.175585277734122 105
    endloop
  endfacet
  facet normal 0 0 1
    outer loop
      vertex -14.846786264482988 2.175585277734122 105
      vertex -22.620676311650488 -9.69064850121913 105
      vertex -21.907667001096588 -9.018955910779411 105
    endloop
  endfacet
  facet normal 0 0 1
    outer loop
      vertex -14.846786264482988 2.175585277734122 105
      vertex -21.907667001096588 -9.018955910779411 105
      vertex -21.108198137550374 -8.370078460252032 105
    endloop
  endfacet
  facet normal 0 0 1
    outer loop
      vertex -14.846786264482988 2.175585277734122 105
      vertex -21.108198137550374 -8.370078460252032 105
      vertex -20.225424859373685 -7.746576972490317 105
    endloop
  endfacet
  facet normal 0 0 1
    outer loop
      vertex -14.846786264482988 2.175585277734122 105
      vertex -20.225424859373685 -7.746576972490317 105
      vertex -19.262831069394736 -7.150912123015729 105
    endloop
  endfacet
  facet normal 0.28089526047783503 0.6491106479860599 0.706932259351776
    outer loop
      vertex -21.424848967345348 5.8870085185328165 103.5
      vertex -25.419023707703747 5.981824965082033 105
      vertex -21.977035796372366 4.492343789700435 105
    endloop
  endfacet
  facet normal 0.23958298302664582 0.6654673357362093 0.706932259351775
    outer loop
      vertex -17.98478907354288 4.648510748787693 103.5
      vertex -21.977035796372366 4.492343789700435 105
      vertex -18.448314565105303 3.2219259743449626 105
    endloop
  endfacet
  facet normal 0 0 1
    outer loop
      vertex -31.209622070450887 -6.323822943062638 105
      vertex -21.977035796372366 4.492343789700435 105
      vertex -25.419023707703747 5.981824965082033 105
    endloop
  endfacet
  facet normal 0 0 1
    outer loop
      vertex -26.98352971068979 -8.152616412837887 105
      vertex -18.448314565105303 3.2219259743449626 105
      vertex -21.977035796372366 4.492343789700435 105
    endloop
  endfacet
  facet normal 0 0 1
    outer loop
      vertex -22.6509456867627 -9.71244264160039 105
      vertex -14.846786264482988 2.175585277734122 105
      vertex -18.448314565105303 3.2219259743449626 105
    endloop
  endfacet
  facet normal 0.3975510396887108 0.5849785906597097 0.7069322593517747
    outer loop
      vertex -34.20910168517367 12.915210924966999 103.5
      vertex -35.09077956361238 11.701685433404577 105
      vertex -31.1851194693745 10.860114733266435 103.5
    endloop
  endfacet
  facet normal 0.3600354539027331 0.608786705358164 0.7069322593517747
    outer loop
      vertex -31.1851194693745 10.860114733266435 103.5
      vertex -31.988859661842994 9.593622845013414 105
      vertex -28.038063834155572 8.99895121883555 103.5
    endloop
  endfacet
  facet normal 0.32109897266475496 0.630192217058759 0.7069322593517747
    outer loop
      vertex -24.780354770356137 7.339065543781068 103.5
      vertex -28.038063834155572 8.99895121883555 103.5
      vertex -28.760694345308146 7.684491198769756 105
    endloop
  endfacet
  facet normal 0.39755103968871075 0.5849785906597097 0.7069322593517747
    outer loop
      vertex -31.1851194693745 10.860114733266435 103.5
      vertex -35.09077956361238 11.701685433404577 105
      vertex -31.988859661842994 9.593622845013414 105
    endloop
  endfacet
  facet normal 0.3600354539027331 0.608786705358164 0.7069322593517747
    outer loop
      vertex -28.038063834155572 8.99895121883555 103.5
      vertex -31.988859661842994 9.593622845013414 105
      vertex -28.760694345308146 7.684491198769756 105
    endloop
  endfacet
  facet normal 0 0 1
    outer loop
      vertex -31.988859661842994 9.593622845013414 105
      vertex -36.9395962369853 6.027839272071851 105
      vertex -36.25505820596445 4.800603780480422 105
    endloop
  endfacet
  facet normal 0 0 1
    outer loop
      vertex -35.09077956361238 11.701685433404577 105
      vertex -37.68708948869498 7.259339293581675 105
      vertex -31.988859661842994 9.593622845013414 105
    endloop
  endfacet
  facet normal 0 0 1
    outer loop
      vertex -28.760694345308146 7.684491198769756 105
      vertex -31.988859661842994 9.593622845013414 105
      vertex -35.6361769545052 3.5824761566221213 105
    endloop
  endfacet
  facet normal 0.3210989726647553 0.6301922170587574 0.706932259351776
    outer loop
      vertex -24.780354770356137 7.339065543781068 103.5
      vertex -28.760694345308146 7.684491198769756 105
      vertex -25.419023707703747 5.981824965082033 105
    endloop
  endfacet
  facet normal 0.19732518099650595 0.6791977279353127 0.7069322593517748
    outer loop
      vertex -14.473751433735705 3.6284600194270666 103.5
      vertex -17.98478907354288 4.648510748787693 103.5
      vertex -18.448314565105303 3.2219259743449626 105
    endloop
  endfacet
  facet normal 0.15428862662627207 0.6902476369981823 0.7069322593517745
    outer loop
      vertex -14.473751433735705 3.6284600194270666 103.5
      vertex -14.846786264482988 2.175585277734122 105
      vertex -10.905592509447624 2.8308820046628753 103.5
    endloop
  endfacet
  facet normal 0.11064316553451253 0.6985734539819701 0.7069322593517732
    outer loop
      vertex -10.905592509447624 2.8308820046628753 103.5
      vertex -11.186664481326211 1.3574511285698492 105
      vertex -7.294394193816019 2.2589243805406554 103.5
    endloop
  endfacet
  facet normal 0.06656104641644245 0.7041423206907417 0.7069322593517747
    outer loop
      vertex -7.294394193816019 2.2589243805406554 103.5
      vertex -7.482394044162475 0.770752328568939 105
      vertex -3.6544082367931914 1.9148444025002433 103.5
    endloop
  endfacet
  facet normal 0.022216241257015986 0.7069322593517747 0.7069322593517748
    outer loop
      vertex -3.6544082367931914 1.9148444025002433 103.5
      vertex -3.748594016087162 0.4178043098578357 105
      vertex 0 1.7999999970197678 103.5
    endloop
  endfacet
  facet normal 0 0 1
    outer loop
      vertex -14.846786264482988 2.175585277734122 105
      vertex -19.262831069394736 -7.150912123015729 105
      vertex -18.22421568553529 -6.585434728855731 105
    endloop
  endfacet
  facet normal 0 0 1
    outer loop
      vertex -14.846786264482988 2.175585277734122 105
      vertex -18.22421568553529 -6.585434728855731 105
      vertex -17.113677648217212 -6.052376470943059 105
    endloop
  endfacet
  facet normal 0 0 1
    outer loop
      vertex -14.846786264482988 2.175585277734122 105
      vertex -17.113677648217212 -6.052376470943059 105
      vertex -15.93559974371724 -5.553841086690525 105
    endloop
  endfacet
  facet normal 0 0 1
    outer loop
      vertex -14.846786264482988 2.175585277734122 105
      vertex -15.93559974371724 -5.553841086690525 105
      vertex -14.694631307311829 -5.091796067500624 105
    endloop
  endfacet
  facet normal 0 0 1
    outer loop
      vertex -11.186664481326211 1.3574511285698492 105
      vertex -14.694631307311829 -5.091796067500624 105
      vertex -13.395669874474919 -4.66806489397581 105
    endloop
  endfacet
  facet normal 0 0 1
    outer loop
      vertex -11.186664481326211 1.3574511285698492 105
      vertex -13.395669874474919 -4.66806489397581 105
      vertex -12.043841852542885 -4.284319839473639 105
    endloop
  endfacet
  facet normal 0 0 1
    outer loop
      vertex -11.186664481326211 1.3574511285698492 105
      vertex -12.043841852542885 -4.284319839473639 105
      vertex -10.644482289126811 -3.942075370407764 105
    endloop
  endfacet
  facet normal 0 0 1
    outer loop
      vertex -11.186664481326211 1.3574511285698492 105
      vertex -10.644482289126811 -3.942075370407764 105
      vertex -9.203113817116947 -3.642682169340979 105
    endloop
  endfacet
  facet normal 0.19732518099650576 0.6791977279353132 0.7069322593517745
    outer loop
      vertex -14.473751433735705 3.6284600194270666 103.5
      vertex -18.448314565105303 3.2219259743449626 105
      vertex -14.846786264482988 2.175585277734122 105
    endloop
  endfacet
  facet normal 0.15428862662627138 0.6902476369981835 0.7069322593517733
    outer loop
      vertex -10.905592509447624 2.8308820046628753 103.5
      vertex -14.846786264482988 2.175585277734122 105
      vertex -11.186664481326211 1.3574511285698492 105
    endloop
  endfacet
  facet normal 0 0 1
    outer loop
      vertex -14.846786264482988 2.175585277734122 105
      vertex -14.694631307311829 -5.091796067500624 105
      vertex -11.186664481326211 1.3574511285698492 105
    endloop
  endfacet
  facet normal 0 0 1
    outer loop
      vertex -11.186664481326211 1.3574511285698492 105
      vertex -9.203113817116947 -3.642682169340979 105
      vertex -7.482394044162475 0.770752328568939 105
    endloop
  endfacet
  facet normal 0 0 1
    outer loop
      vertex -7.482394044162475 0.770752328568939 105
      vertex -9.203113817116947 -3.642682169340979 105
      vertex -7.7254248593736845 -3.3873218044581535 105
    endloop
  endfacet
  facet normal 0.11064316553451348 0.6985734539819685 0.7069322593517747
    outer loop
      vertex -7.294394193816019 2.2589243805406554 103.5
      vertex -11.186664481326211 1.3574511285698492 105
      vertex -7.482394044162475 0.770752328568939 105
    endloop
  endfacet
  facet normal 0.0665610464164426 0.7041423206907415 0.7069322593517748
    outer loop
      vertex -3.6544082367931914 1.9148444025002433 103.5
      vertex -7.482394044162475 0.770752328568939 105
      vertex -3.748594016087162 0.4178043098578357 105
    endloop
  endfacet
  facet normal 0.02221624125701593 0.7069322593517748 0.7069322593517748
    outer loop
      vertex -3.748594016087162 0.4178043098578357 105
      vertex 0 0.29999999701976776 105
      vertex 0 1.7999999970197678 103.5
    endloop
  endfacet
  facet normal 0 0 1
    outer loop
      vertex -7.482394044162475 0.770752328568939 105
      vertex -7.7254248593736845 -3.3873218044581535 105
      vertex -6.2172471791213715 -3.1770020664564242 105
    endloop
  endfacet
  facet normal 0 0 1
    outer loop
      vertex -7.482394044162475 0.770752328568939 105
      vertex -6.2172471791213715 -3.1770020664564242 105
      vertex -4.684532864643121 -3.012552991255731 105
    endloop
  endfacet
  facet normal 0 0 1
    outer loop
      vertex -7.482394044162475 0.770752328568939 105
      vertex -4.684532864643121 -3.012552991255731 105
      vertex -3.748594016087162 0.4178043098578357 105
    endloop
  endfacet
  facet normal 0 0 1
    outer loop
      vertex -3.748594016087162 0.4178043098578357 105
      vertex -4.684532864643121 -3.012552991255731 105
      vertex -3.1333308391076016 -2.8946235842262666 105
    endloop
  endfacet
  facet normal 0 0 1
    outer loop
      vertex -3.748594016087162 0.4178043098578357 105
      vertex -3.1333308391076016 -2.8946235842262666 105
      vertex -1.569762988232832 -2.823679258860736 105
    endloop
  endfacet
  facet normal 0 0 1
    outer loop
      vertex -3.748594016087162 0.4178043098578357 105
      vertex -1.569762988232832 -2.823679258860736 105
      vertex 0 0.29999999701976776 105
    endloop
  endfacet
  facet normal 0 0 1
    outer loop
      vertex 0 0.29999999701976776 105
      vertex -1.569762988232832 -2.823679258860736 105
      vertex 0 -2.799999999999997 105
    endloop
  endfacet
  facet normal 0 0 -1
    outer loop
      vertex -59.229247671431054 67.48239404416253 100
      vertex -63.38732180445815 67.72542485937369 100
      vertex -63.64268216934098 69.20311381711694 100
    endloop
  endfacet
  facet normal 0 0 -1
    outer loop
      vertex -58.642548871430165 71.18666448132615 100
      vertex -63.64268216934098 69.20311381711694 100
      vertex -63.942075370407764 70.64448228912681 100
    endloop
  endfacet
  facet normal 0 0 -1
    outer loop
      vertex -58.642548871430165 71.18666448132615 100
      vertex -63.942075370407764 70.64448228912681 100
      vertex -64.28431983947364 72.04384185254288 100
    endloop
  endfacet
  facet normal 0 0 -1
    outer loop
      vertex -58.642548871430165 71.18666448132615 100
      vertex -64.28431983947364 72.04384185254288 100
      vertex -64.66806489397581 73.39566987447492 100
    endloop
  endfacet
  facet normal 0 0 -1
    outer loop
      vertex -57.824414722265885 74.84678626448296 100
      vertex -64.66806489397581 73.39566987447492 100
      vertex -65.09179606750062 74.69463130731182 100
    endloop
  endfacet
  facet normal 0 0 -1
    outer loop
      vertex -57.824414722265885 74.84678626448296 100
      vertex -65.09179606750062 74.69463130731182 100
      vertex -65.55384108669053 75.93559974371723 100
    endloop
  endfacet
  facet normal 0 0 -1
    outer loop
      vertex -57.824414722265885 74.84678626448296 100
      vertex -65.55384108669053 75.93559974371723 100
      vertex -66.05237647094306 77.11367764821722 100
    endloop
  endfacet
  facet normal 0 0 -1
    outer loop
      vertex -59.70000000298023 60 100
      vertex -62.8 60 100
      vertex -62.823679258860736 61.56976298823283 100
    endloop
  endfacet
  facet normal 0 0 -1
    outer loop
      vertex -59.70000000298023 60 100
      vertex -62.823679258860736 61.56976298823283 100
      vertex -59.582195690142164 63.74859401608716 100
    endloop
  endfacet
  facet normal 0 0 -1
    outer loop
      vertex -59.582195690142164 63.74859401608716 100
      vertex -62.823679258860736 61.56976298823283 100
      vertex -62.89462358422627 63.1333308391076 100
    endloop
  endfacet
  facet normal 0 0 -1
    outer loop
      vertex -59.582195690142164 63.74859401608716 100
      vertex -62.89462358422627 63.1333308391076 100
      vertex -63.01255299125573 64.68453286464312 100
    endloop
  endfacet
  facet normal 0 0 -1
    outer loop
      vertex -59.229247671431054 67.48239404416253 100
      vertex -63.01255299125573 64.68453286464312 100
      vertex -63.177002066456424 66.21724717912137 100
    endloop
  endfacet
  facet normal 0 0 -1
    outer loop
      vertex -59.582195690142164 63.74859401608716 100
      vertex -63.01255299125573 64.68453286464312 100
      vertex -59.229247671431054 67.48239404416253 100
    endloop
  endfacet
  facet normal 0 0 -1
    outer loop
      vertex -59.229247671431054 67.48239404416253 100
      vertex -63.177002066456424 66.21724717912137 100
      vertex -63.38732180445815 67.72542485937369 100
    endloop
  endfacet
  facet normal 0.7069322593517747 -0.022216241257015934 -0.706932259351775
    outer loop
      vertex -59.70000000298023 60 100
      vertex -59.582195690142164 63.74859401608716 100
      vertex -58.08515559749976 63.65440823679319 101.5
    endloop
  endfacet
  facet normal 0.7041423206907416 -0.06656104641644289 -0.7069322593517748
    outer loop
      vertex -59.582195690142164 63.74859401608716 100
      vertex -59.229247671431054 67.48239404416253 100
      vertex -57.74107561945934 67.29439419381607 101.5
    endloop
  endfacet
  facet normal 0 0 -1
    outer loop
      vertex -59.229247671431054 67.48239404416253 100
      vertex -63.64268216934098 69.20311381711694 100
      vertex -58.642548871430165 71.18666448132615 100
    endloop
  endfacet
  facet normal 0 0 -1
    outer loop
      vertex -58.642548871430165 71.18666448132615 100
      vertex -64.66806489397581 73.39566987447492 100
      vertex -57.824414722265885 74.84678626448296 100
    endloop
  endfacet
  facet normal 0 0 -1
    outer loop
      vertex -57.824414722265885 74.84678626448296 100
      vertex -66.05237647094306 77.11367764821722 100
      vertex -56.77807402565504 78.4483145651053 100
    endloop
  endfacet
  facet normal 0.6985734539819687 -0.11064316553451313 -0.7069322593517744
    outer loop
      vertex -59.229247671431054 67.48239404416253 100
      vertex -58.642548871430165 71.18666448132615 100
      vertex -57.16911799533713 70.90559250944757 101.5
    endloop
  endfacet
  facet normal 0.6902476369981829 -0.15428862662627119 -0.706932259351774
    outer loop
      vertex -58.642548871430165 71.18666448132615 100
      vertex -57.824414722265885 74.84678626448296 100
      vertex -56.37153998057294 74.47375143373569 101.5
    endloop
  endfacet
  facet normal 0.679197727935313 -0.19732518099650517 -0.706932259351775
    outer loop
      vertex -57.824414722265885 74.84678626448296 100
      vertex -56.77807402565504 78.4483145651053 100
      vertex -55.35148925121231 77.98478907354288 101.5
    endloop
  endfacet
  facet normal 0.7069322593517748 -0.022216241257016014 -0.7069322593517748
    outer loop
      vertex -59.70000000298023 60 100
      vertex -58.08515559749976 63.65440823679319 101.5
      vertex -58.20000000298023 60 101.5
    endloop
  endfacet
  facet normal 0.7041423206907415 -0.06656104641644273 -0.706932259351775
    outer loop
      vertex -59.582195690142164 63.74859401608716 100
      vertex -57.74107561945934 67.29439419381607 101.5
      vertex -58.08515559749976 63.65440823679319 101.5
    endloop
  endfacet
  facet normal 0.6985734539819685 -0.11064316553451282 -0.7069322593517747
    outer loop
      vertex -59.229247671431054 67.48239404416253 100
      vertex -57.16911799533713 70.90559250944757 101.5
      vertex -57.74107561945934 67.29439419381607 101.5
    endloop
  endfacet
  facet normal 0.6902476369981826 -0.15428862662627077 -0.7069322593517742
    outer loop
      vertex -58.642548871430165 71.18666448132615 100
      vertex -56.37153998057294 74.47375143373569 101.5
      vertex -57.16911799533713 70.90559250944757 101.5
    endloop
  endfacet
  facet normal 0.6791977279353137 -0.19732518099650634 -0.7069322593517737
    outer loop
      vertex -57.824414722265885 74.84678626448296 100
      vertex -55.35148925121231 77.98478907354288 101.5
      vertex -56.37153998057294 74.47375143373569 101.5
    endloop
  endfacet
  facet normal -0.679197727935297 0.197325180996791 -0.7069322593517104
    outer loop
      vertex -69.71244264160039 82.6509456867627 100
      vertex -69.71488789564502 82.6425290671354 100
      vertex -69.73086227138324 82.65693058727646 100.01936754490113
    endloop
  endfacet
  facet normal -0.6654673357363874 0.2395829830263429 -0.70693225935171
    outer loop
      vertex -69.71244264160039 82.6509456867627 100
      vertex -69.73086227138324 82.65693058727646 100.01936754490113
      vertex -70.38250536778386 83.24441214720629 100.83188921471492
    endloop
  endfacet
  facet normal -0.6654673357362055 0.2395829830266449 -0.706932259351779
    outer loop
      vertex -69.71244264160039 82.6509456867627 100
      vertex -70.38250536778386 83.24441214720629 100.83188921471492
      vertex -68.15261641283787 86.98352971068982 100
    endloop
  endfacet
  facet normal 0 0 -1
    outer loop
      vertex -56.77807402565504 78.4483145651053 100
      vertex -67.74657697249032 80.22542485937369 100
      vertex -68.37007846025203 81.10819813755037 100
    endloop
  endfacet
  facet normal 0 0 -1
    outer loop
      vertex -56.77807402565504 78.4483145651053 100
      vertex -69.71488789564502 82.6425290671354 100
      vertex -69.71244264160039 82.6509456867627 100
    endloop
  endfacet
  facet normal 0 0 -1
    outer loop
      vertex -56.77807402565504 78.4483145651053 100
      vertex -69.01895591077941 81.90766700109658 100
      vertex -69.69064850121913 82.62067631165048 100
    endloop
  endfacet
  facet normal 0 0 -1
    outer loop
      vertex -56.77807402565504 78.4483145651053 100
      vertex -68.37007846025203 81.10819813755037 100
      vertex -69.01895591077941 81.90766700109658 100
    endloop
  endfacet
  facet normal 0 0 -1
    outer loop
      vertex -56.77807402565504 78.4483145651053 100
      vertex -69.69064850121913 82.62067631165048 100
      vertex -69.71488789564502 82.6425290671354 100
    endloop
  endfacet
  facet normal 0 0 -1
    outer loop
      vertex -56.77807402565504 78.4483145651053 100
      vertex -66.58543472885573 78.22421568553528 100
      vertex -67.15091212301573 79.26283106939474 100
    endloop
  endfacet
  facet normal 0 0 -1
    outer loop
      vertex -56.77807402565504 78.4483145651053 100
      vertex -67.15091212301573 79.26283106939474 100
      vertex -67.74657697249032 80.22542485937369 100
    endloop
  endfacet
  facet normal 0 0 -1
    outer loop
      vertex -56.77807402565504 78.4483145651053 100
      vertex -66.05237647094306 77.11367764821722 100
      vertex -66.58543472885573 78.22421568553528 100
    endloop
  endfacet
  facet normal 0 0 -1
    outer loop
      vertex -69.71244264160039 82.6509456867627 100
      vertex -68.15261641283787 86.98352971068982 100
      vertex -55.50765621029955 81.97703579637239 100
    endloop
  endfacet
  facet normal 0 0 -1
    outer loop
      vertex -68.15261641283787 86.98352971068982 100
      vertex -66.32382294306261 91.20962207045096 100
      vertex -54.018175034917945 85.4190237077038 100
    endloop
  endfacet
  facet normal -0.630192217058269 0.3210989726645071 -0.7069322593523242
    outer loop
      vertex -66.32382294306261 91.20962207045096 100
      vertex -65.27396375549411 93.2834965255062 100.00609092014638
      vertex -65.26702564761136 93.283703544693 100
    endloop
  endfacet
  facet normal 0 0 -1
    outer loop
      vertex -66.32382294306261 91.20962207045096 100
      vertex -65.26702564761136 93.283703544693 100
      vertex -64.29483165137964 93.31271185847532 100
    endloop
  endfacet
  facet normal -0.6301922170587595 0.32109897266475373 -0.7069322593517751
    outer loop
      vertex -66.32382294306261 91.20962207045096 100
      vertex -66.20422827644308 93.33166536847403 100.85725087067841
      vertex -65.27396375549411 93.2834965255062 100.00609092014638
    endloop
  endfacet
  facet normal -0.6491106479860622 0.28089526047783653 -0.7069322593517732
    outer loop
      vertex -68.15261641283787 86.98352971068982 100
      vertex -69.54728114167024 87.53571653971684 101.5
      vertex -66.32382294306261 91.20962207045096 100
    endloop
  endfacet
  facet normal 0 0 -1
    outer loop
      vertex -56.77807402565504 78.4483145651053 100
      vertex -69.71244264160039 82.6509456867627 100
      vertex -55.50765621029955 81.97703579637239 100
    endloop
  endfacet
  facet normal 0 0 -1
    outer loop
      vertex -68.15261641283787 86.98352971068982 100
      vertex -54.018175034917945 85.4190237077038 100
      vertex -55.50765621029955 81.97703579637239 100
    endloop
  endfacet
  facet normal 0.6654673357362089 -0.23958298302664688 -0.7069322593517752
    outer loop
      vertex -56.77807402565504 78.4483145651053 100
      vertex -55.50765621029955 81.97703579637239 100
      vertex -54.11299148146717 81.42484896734538 101.5
    endloop
  endfacet
  facet normal 0.649110647986061 -0.28089526047783453 -0.7069322593517752
    outer loop
      vertex -55.50765621029955 81.97703579637239 100
      vertex -54.018175034917945 85.4190237077038 100
      vertex -52.66093445621892 84.78035477035618 101.5
    endloop
  endfacet
  facet normal 0 0 -1
    outer loop
      vertex -66.32382294306261 91.20962207045096 100
      vertex -64.29483165137964 93.31271185847532 100
      vertex -52.315508801230244 88.76069434530814 100
    endloop
  endfacet
  facet normal 0 0 -1
    outer loop
      vertex -52.315508801230244 88.76069434530814 100
      vertex -64.29483165137964 93.31271185847532 100
      vertex -63.27069615119165 93.4191960678094 100
    endloop
  endfacet
  facet normal 0 0 -1
    outer loop
      vertex -52.315508801230244 88.76069434530814 100
      vertex -63.27069615119165 93.4191960678094 100
      vertex -62.20559904986642 93.60252890898221 100
    endloop
  endfacet
  facet normal 0 0 -1
    outer loop
      vertex -52.315508801230244 88.76069434530814 100
      vertex -62.20559904986642 93.60252890898221 100
      vertex -61.1037437990663 93.86198685102644 100
    endloop
  endfacet
  facet normal 0 0 -1
    outer loop
      vertex -52.315508801230244 88.76069434530814 100
      vertex -61.1037437990663 93.86198685102644 100
      vertex -59.96947891807639 94.19654593197988 100
    endloop
  endfacet
  facet normal 0 0 -1
    outer loop
      vertex -66.32382294306261 91.20962207045096 100
      vertex -52.315508801230244 88.76069434530814 100
      vertex -54.018175034917945 85.4190237077038 100
    endloop
  endfacet
  facet normal 0 0 -1
    outer loop
      vertex -52.315508801230244 88.76069434530814 100
      vertex -59.96947891807639 94.19654593197988 100
      vertex -58.80728083218564 94.60488579999556 100
    endloop
  endfacet
  facet normal 0 0 -1
    outer loop
      vertex -50.40637715498661 91.98885966184297 100
      vertex -58.80728083218564 94.60488579999556 100
      vertex -57.621736206281255 95.08539492416712 100
    endloop
  endfacet
  facet normal 0 0 -1
    outer loop
      vertex -52.315508801230244 88.76069434530814 100
      vertex -58.80728083218564 94.60488579999556 100
      vertex -50.40637715498661 91.98885966184297 100
    endloop
  endfacet
  facet normal 0 0 -1
    outer loop
      vertex -50.40637715498661 91.98885966184297 100
      vertex -57.621736206281255 95.08539492416712 100
      vertex -56.41752384337788 95.6361769545052 100
    endloop
  endfacet
  facet normal 0 0 -1
    outer loop
      vertex -50.40637715498661 91.98885966184297 100
      vertex -56.41752384337788 95.6361769545052 100
      vertex -55.19939621951958 96.25505820596445 100
    endloop
  endfacet
  facet normal -0.6654673357362121 0.23958298302665068 -0.7069322593517708
    outer loop
      vertex -68.15261641283787 86.98352971068982 100
      vertex -70.38250536778386 83.24441214720629 100.83188921471492
      vertex -70.94134147043852 83.66356501575913 101.5
    endloop
  endfacet
  facet normal -0.6654673357362105 0.23958298302664824 -0.7069322593517732
    outer loop
      vertex -68.15261641283787 86.98352971068982 100
      vertex -70.94134147043852 83.66356501575913 101.5
      vertex -69.54728114167024 87.53571653971684 101.5
    endloop
  endfacet
  facet normal -0.6301922170587589 0.32109897266475385 -0.7069322593517753
    outer loop
      vertex -66.32382294306261 91.20962207045096 100
      vertex -67.68106352176164 91.84829100779857 101.5
      vertex -66.20422827644308 93.33166536847403 100.85725087067841
    endloop
  endfacet
  facet normal -0.6491106479860608 0.28089526047783436 -0.7069322593517754
    outer loop
      vertex -66.32382294306261 91.20962207045096 100
      vertex -69.54728114167024 87.53571653971684 101.5
      vertex -67.68106352176164 91.84829100779857 101.5
    endloop
  endfacet
  facet normal 0.665467335736209 -0.23958298302664716 -0.706932259351775
    outer loop
      vertex -56.77807402565504 78.4483145651053 100
      vertex -54.11299148146717 81.42484896734538 101.5
      vertex -55.35148925121231 77.98478907354288 101.5
    endloop
  endfacet
  facet normal 0.6491106479860612 -0.2808952604778348 -0.7069322593517751
    outer loop
      vertex -55.50765621029955 81.97703579637239 100
      vertex -52.66093445621892 84.78035477035618 101.5
      vertex -54.11299148146717 81.42484896734538 101.5
    endloop
  endfacet
  facet normal 0 0 -1
    outer loop
      vertex -50.40637715498661 91.98885966184297 100
      vertex -55.19939621951958 96.25505820596445 100
      vertex -53.97216072792815 96.9395962369853 100
    endloop
  endfacet
  facet normal 0 0 -1
    outer loop
      vertex -50.40637715498661 91.98885966184297 100
      vertex -53.97216072792815 96.9395962369853 100
      vertex -48.29831456659542 95.09077956361239 100
    endloop
  endfacet
  facet normal 0.6301922170587578 -0.3210989726647573 -0.7069322593517747
    outer loop
      vertex -54.018175034917945 85.4190237077038 100
      vertex -52.315508801230244 88.76069434530814 100
      vertex -51.00104878116445 88.03806383415557 101.5
    endloop
  endfacet
  facet normal 0.6087867053581648 -0.36003545390273195 -0.7069322593517747
    outer loop
      vertex -52.315508801230244 88.76069434530814 100
      vertex -50.40637715498661 91.98885966184297 100
      vertex -49.139885266733586 91.18511946937447 101.5
    endloop
  endfacet
  facet normal 0.5849785906597084 -0.39755103968870936 -0.7069322593517766
    outer loop
      vertex -50.40637715498661 91.98885966184297 100
      vertex -48.29831456659542 95.09077956361239 100
      vertex -47.084789075033 94.20910168517366 101.5
    endloop
  endfacet
  facet normal 0.6301922170587576 -0.32109897266475673 -0.7069322593517753
    outer loop
      vertex -54.018175034917945 85.4190237077038 100
      vertex -51.00104878116445 88.03806383415557 101.5
      vertex -52.66093445621892 84.78035477035618 101.5
    endloop
  endfacet
  facet normal 0.6087867053581647 -0.36003545390273184 -0.7069322593517747
    outer loop
      vertex -52.315508801230244 88.76069434530814 100
      vertex -49.139885266733586 91.18511946937447 101.5
      vertex -51.00104878116445 88.03806383415557 101.5
    endloop
  endfacet
  facet normal 0.5849785906597091 -0.3975510396887117 -0.7069322593517747
    outer loop
      vertex -50.40637715498661 91.98885966184297 100
      vertex -47.084789075033 94.20910168517366 101.5
      vertex -49.139885266733586 91.18511946937447 101.5
    endloop
  endfacet
  facet normal 0.5588618327152172 -0.43349767314482873 -0.7069322593517768
    outer loop
      vertex -48.29831456659542 95.09077956361239 100
      vertex -44.84387073184723 97.09807620527343 101.5
      vertex -47.084789075033 94.20910168517366 101.5
    endloop
  endfacet
  facet normal -0.9998862467179145 -0.015082891777171965 0
    outer loop
      vertex -62.8 60 100
      vertex -62.8 60 105
      vertex -62.823679258860736 61.56976298823283 100
    endloop
  endfacet
  facet normal -0.9989722158326831 -0.04532672494609606 0
    outer loop
      vertex -62.89462358422627 63.1333308391076 100
      vertex -62.823679258860736 61.56976298823283 100
      vertex -62.823679258860736 61.56976298823283 105
    endloop
  endfacet
  facet normal -0.9971226022610113 -0.0758057785411429 0
    outer loop
      vertex -63.01255299125573 64.68453286464312 100
      vertex -62.89462358422627 63.1333308391076 100
      vertex -62.89462358422627 63.1333308391076 105
    endloop
  endfacet
  facet normal -0.9942933599606286 -0.10668043090559584 0
    outer loop
      vertex -63.177002066456424 66.21724717912137 100
      vertex -63.01255299125573 64.68453286464312 100
      vertex -63.01255299125573 64.68453286464312 105
    endloop
  endfacet
  facet normal -0.9904160069218783 -0.13811637568703392 0
    outer loop
      vertex -63.38732180445815 67.72542485937369 100
      vertex -63.177002066456424 66.21724717912137 100
      vertex -63.177002066456424 66.21724717912137 105
    endloop
  endfacet
  facet normal -0.9853945674788774 -0.1702866594396524 0
    outer loop
      vertex -63.64268216934098 69.20311381711694 100
      vertex -63.38732180445815 67.72542485937369 100
      vertex -63.38732180445815 67.72542485937369 105
    endloop
  endfacet
  facet normal -0.9619908961602127 -0.2730815184242074 0
    outer loop
      vertex -64.66806489397581 73.39566987447492 100
      vertex -64.28431983947364 72.04384185254288 100
      vertex -64.28431983947364 72.04384185254288 105
    endloop
  endfacet
  facet normal -0.9791012165649957 -0.20337356691798797 0
    outer loop
      vertex -63.942075370407764 70.64448228912681 100
      vertex -63.64268216934098 69.20311381711694 100
      vertex -63.64268216934098 69.20311381711694 105
    endloop
  endfacet
  facet normal -0.9713703712600336 -0.23757020402008452 0
    outer loop
      vertex -64.28431983947364 72.04384185254288 100
      vertex -63.942075370407764 70.64448228912681 100
      vertex -63.942075370407764 70.64448228912681 105
    endloop
  endfacet
  facet normal -0.9506960101741422 -0.3101243238428218 0
    outer loop
      vertex -65.09179606750062 74.69463130731182 100
      vertex -64.66806489397581 73.39566987447492 100
      vertex -64.66806489397581 73.39566987447492 105
    endloop
  endfacet
  facet normal -0.9371504202212259 -0.34892562227383045 0
    outer loop
      vertex -65.55384108669053 75.93559974371723 100
      vertex -65.09179606750062 74.69463130731182 100
      vertex -65.09179606750062 74.69463130731182 105
    endloop
  endfacet
  facet normal -0.9209342000152875 -0.3897181022767641 0
    outer loop
      vertex -66.05237647094306 77.11367764821722 100
      vertex -65.55384108669053 75.93559974371723 100
      vertex -65.55384108669053 75.93559974371723 105
    endloop
  endfacet
  facet normal -0.9015230574682735 -0.43273106758477126 0
    outer loop
      vertex -66.58543472885573 78.22421568553528 100
      vertex -66.05237647094306 77.11367764821722 100
      vertex -66.05237647094306 77.11367764821722 105
    endloop
  endfacet
  facet normal 0.9995065603657316 -0.03141075907812804 0
    outer loop
      vertex -58.20000000298023 60 101.5
      vertex -58.08515559749976 63.65440823679319 101.5
      vertex -58.08515559749976 63.65440823679319 103.5
    endloop
  endfacet
  facet normal 0.9955619646030799 -0.09410831331851492 0
    outer loop
      vertex -58.08515559749976 63.65440823679319 101.5
      vertex -57.74107561945934 67.29439419381607 101.5
      vertex -57.74107561945934 67.29439419381607 103.5
    endloop
  endfacet
  facet normal 0.9876883405951377 -0.15643446504023162 0
    outer loop
      vertex -57.74107561945934 67.29439419381607 101.5
      vertex -57.16911799533713 70.90559250944757 101.5
      vertex -57.16911799533713 70.90559250944757 103.5
    endloop
  endfacet
  facet normal 0.9759167619387478 -0.21814324139654112 0
    outer loop
      vertex -57.16911799533713 70.90559250944757 101.5
      vertex -56.37153998057294 74.47375143373569 101.5
      vertex -56.37153998057294 74.47375143373569 103.5
    endloop
  endfacet
  facet normal 0.9602936856769431 -0.2789911060392296 0
    outer loop
      vertex -56.37153998057294 74.47375143373569 101.5
      vertex -55.35148925121231 77.98478907354288 101.5
      vertex -55.35148925121231 77.98478907354288 103.5
    endloop
  endfacet
  facet normal -0.7278814791701075 -0.6857029621353086 0
    outer loop
      vertex -69.69064850121913 82.62067631165048 100
      vertex -69.01895591077941 81.90766700109658 100
      vertex -69.01895591077941 81.90766700109658 105
    endloop
  endfacet
  facet normal -0.8782650416546245 -0.4781741488280193 0
    outer loop
      vertex -67.15091212301573 79.26283106939474 100
      vertex -66.58543472885573 78.22421568553528 100
      vertex -66.58543472885573 78.22421568553528 105
    endloop
  endfacet
  facet normal -0.8503547003523044 -0.5262099234989231 0
    outer loop
      vertex -67.74657697249032 80.22542485937369 100
      vertex -67.15091212301573 79.26283106939474 100
      vertex -67.15091212301573 79.26283106939474 105
    endloop
  endfacet
  facet normal -0.8168076685527244 -0.576910073229323 0
    outer loop
      vertex -68.37007846025203 81.10819813755037 100
      vertex -67.74657697249032 80.22542485937369 100
      vertex -67.74657697249032 80.22542485937369 105
    endloop
  endfacet
  facet normal -0.7764423384405067 -0.6301883012854471 0
    outer loop
      vertex -69.01895591077941 81.90766700109658 100
      vertex -68.37007846025203 81.10819813755037 100
      vertex -68.37007846025203 81.10819813755037 105
    endloop
  endfacet
  facet normal -0.6695959456584876 -0.7427255681324804 5.262709420212967e-16
    outer loop
      vertex -69.71488789564502 82.6425290671354 100
      vertex -69.69064850121913 82.62067631165048 100
      vertex -69.73086227138324 82.65693058727646 104.98063245509887
    endloop
  endfacet
  facet normal -0.669595945658578 -0.7427255681323988 0
    outer loop
      vertex -69.71488789564502 82.6425290671354 100
      vertex -69.73086227138324 82.65693058727646 104.98063245509887
      vertex -69.73086227138324 82.65693058727646 100.01936754490113
    endloop
  endfacet
  facet normal -0.63019221705876 0.3210989726647557 -0.7069322593517736
    outer loop
      vertex -67.68106352176164 91.84829100779857 101.5
      vertex -66.87633466797047 93.42766031033224 101.5
      vertex -66.20422827644308 93.33166536847403 100.85725087067841
    endloop
  endfacet
  facet normal 0.051710451956935646 0.9986621196172454 0
    outer loop
      vertex -66.20422827644308 93.33166536847403 100.85725087067841
      vertex -66.20422827644308 93.33166536847403 104.14274912932157
      vertex -65.27396375549411 93.2834965255062 100.00609092014638
    endloop
  endfacet
  facet normal -0.029824715415145742 0.9995551442268733 0
    outer loop
      vertex -65.27396375549411 93.2834965255062 100.00609092014638
      vertex -65.26702564761136 93.283703544693 105
      vertex -65.26702564761136 93.283703544693 100
    endloop
  endfacet
  facet normal -0.029824715415709132 0.9995551442268567 0
    outer loop
      vertex -65.26702564761136 93.283703544693 100
      vertex -65.26702564761136 93.283703544693 105
      vertex -64.29483165137964 93.31271185847532 100
    endloop
  endfacet
  facet normal -0.10341722144824227 0.9946380639749945 0
    outer loop
      vertex -64.29483165137964 93.31271185847532 100
      vertex -64.29483165137964 93.31271185847532 105
      vertex -63.27069615119165 93.4191960678094 100
    endloop
  endfacet
  facet normal -0.16963321644353133 0.9855072662740859 0
    outer loop
      vertex -63.27069615119165 93.4191960678094 100
      vertex -63.27069615119165 93.4191960678094 105
      vertex -62.20559904986642 93.60252890898221 100
    endloop
  endfacet
  facet normal -0.22920496979922947 0.9733781802667113 0
    outer loop
      vertex -62.20559904986642 93.60252890898221 100
      vertex -62.20559904986642 93.60252890898221 105
      vertex -61.1037437990663 93.86198685102644 100
    endloop
  endfacet
  facet normal -0.2829069834086642 0.959147349857471 0
    outer loop
      vertex -61.1037437990663 93.86198685102644 100
      vertex -61.1037437990663 93.86198685102644 105
      vertex -59.96947891807639 94.19654593197988 100
    endloop
  endfacet
  facet normal -0.3314859950125629 0.9434601396511307 0
    outer loop
      vertex -59.96947891807639 94.19654593197988 100
      vertex -59.96947891807639 94.19654593197988 105
      vertex -58.80728083218564 94.60488579999556 100
    endloop
  endfacet
  facet normal -0.3756265049863605 0.9267711307284727 0
    outer loop
      vertex -58.80728083218564 94.60488579999556 100
      vertex -58.80728083218564 94.60488579999556 105
      vertex -57.621736206281255 95.08539492416712 100
    endloop
  endfacet
  facet normal -0.41593774349069035 0.9093930907698127 0
    outer loop
      vertex -57.621736206281255 95.08539492416712 100
      vertex -57.621736206281255 95.08539492416712 105
      vertex -56.41752384337788 95.6361769545052 100
    endloop
  endfacet
  facet normal -0.6695959456585208 -0.7427255681324504 0
    outer loop
      vertex -69.73086227138324 82.65693058727646 100.01936754490113
      vertex -69.73086227138324 82.65693058727646 104.98063245509887
      vertex -70.38250536778386 83.24441214720629 100.83188921471492
    endloop
  endfacet
  facet normal -0.6000236291835954 -0.7999822775670391 0
    outer loop
      vertex -70.38250536778386 83.24441214720629 100.83188921471492
      vertex -70.38250536778386 83.24441214720629 104.16811078528507
      vertex -70.94134147043852 83.66356501575913 101.5
    endloop
  endfacet
  facet normal -0.940880768954225 0.3387379202452926 0
    outer loop
      vertex -69.54728114167024 87.53571653971684 101.5
      vertex -70.94134147043852 83.66356501575913 101.5
      vertex -70.94134147043852 83.66356501575913 103.5
    endloop
  endfacet
  facet normal -0.9177546256839813 0.3971478906347801 0
    outer loop
      vertex -69.54728114167024 87.53571653971684 101.5
      vertex -69.54728114167024 87.53571653971684 103.5
      vertex -67.68106352176164 91.84829100779857 101.5
    endloop
  endfacet
  facet normal 0.14139211622881345 0.9899536703645972 0
    outer loop
      vertex -66.87633466797047 93.42766031033224 101.5
      vertex -66.87633466797047 93.42766031033224 103.5
      vertex -66.20422827644308 93.33166536847403 100.85725087067841
    endloop
  endfacet
  facet normal -0.8910065241883677 0.4539904997395471 0
    outer loop
      vertex -67.68106352176164 91.84829100779857 101.5
      vertex -67.68106352176164 91.84829100779857 103.5
      vertex -66.87633466797047 93.42766031033224 101.5
    endloop
  endfacet
  facet normal 0.9408807689542252 -0.3387379202452919 0
    outer loop
      vertex -55.35148925121231 77.98478907354288 101.5
      vertex -54.11299148146717 81.42484896734538 101.5
      vertex -54.11299148146717 81.42484896734538 103.5
    endloop
  endfacet
  facet normal 0.9177546256839813 -0.39714789063478045 0
    outer loop
      vertex -54.11299148146717 81.42484896734538 101.5
      vertex -52.66093445621892 84.78035477035618 101.5
      vertex -52.66093445621892 84.78035477035618 103.5
    endloop
  endfacet
  facet normal 0.8910065241883663 -0.4539904997395497 0
    outer loop
      vertex -52.66093445621892 84.78035477035618 101.5
      vertex -51.00104878116445 88.03806383415557 101.5
      vertex -51.00104878116445 88.03806383415557 103.5
    endloop
  endfacet
  facet normal 0.8607420270039451 -0.5090414157503689 0
    outer loop
      vertex -51.00104878116445 88.03806383415557 101.5
      vertex -49.139885266733586 91.18511946937447 101.5
      vertex -49.139885266733586 91.18511946937447 103.5
    endloop
  endfacet
  facet normal 0.8270805742745613 -0.5620833778521314 0
    outer loop
      vertex -49.139885266733586 91.18511946937447 101.5
      vertex -47.084789075033 94.20910168517366 101.5
      vertex -47.084789075033 94.20910168517366 103.5
    endloop
  endfacet
  facet normal 0 0 -1
    outer loop
      vertex -48.29831456659542 95.09077956361239 100
      vertex -53.97216072792815 96.9395962369853 100
      vertex -52.740660706418325 97.68708948869498 100
    endloop
  endfacet
  facet normal 0 0 -1
    outer loop
      vertex -48.29831456659542 95.09077956361239 100
      vertex -52.740660706418325 97.68708948869498 100
      vertex -51.509756322956186 98.49458794672617 100
    endloop
  endfacet
  facet normal 0 0 -1
    outer loop
      vertex -48.29831456659542 95.09077956361239 100
      vertex -51.509756322956186 98.49458794672617 100
      vertex -50.28430539479653 99.35890478357601 100
    endloop
  endfacet
  facet normal 0 0 -1
    outer loop
      vertex -48.29831456659542 95.09077956361239 100
      vertex -50.28430539479653 99.35890478357601 100
      vertex -49.06914421689752 100.27662893555822 100
    endloop
  endfacet
  facet normal 0 0 -1
    outer loop
      vertex -48.29831456659542 95.09077956361239 100
      vertex -49.06914421689752 100.27662893555822 100
      vertex -45.99964059601091 98.05421218989646 100
    endloop
  endfacet
  facet normal 0 0 -1
    outer loop
      vertex -45.99964059601091 98.05421218989646 100
      vertex -49.06914421689752 100.27662893555822 100
      vertex -47.86906847527399 101.24413856471321 100
    endloop
  endfacet
  facet normal 0 0 -1
    outer loop
      vertex -45.99964059601091 98.05421218989646 100
      vertex -47.86906847527399 101.24413856471321 100
      vertex -46.68881432061568 102.25761535254783 100
    endloop
  endfacet
  facet normal 0 0 -1
    outer loop
      vertex -45.99964059601091 98.05421218989646 100
      vertex -46.68881432061568 102.25761535254783 100
      vertex -43.51942705923077 100.86746222598282 100
    endloop
  endfacet
  facet normal 0 0 -1
    outer loop
      vertex -43.51942705923077 100.86746222598282 100
      vertex -46.68881432061568 102.25761535254783 100
      vertex -45.53303967686418 103.313059569194 100
    endloop
  endfacet
  facet normal 0 0 -1
    outer loop
      vertex -43.51942705923077 100.86746222598282 100
      vertex -45.53303967686418 103.313059569194 100
      vertex -44.40630585851518 104.40630585851518 100
    endloop
  endfacet
  facet normal 0.558861832715218 -0.4334976731448325 -0.7069322593517738
    outer loop
      vertex -48.29831456659542 95.09077956361239 100
      vertex -45.99964059601091 98.05421218989646 100
      vertex -44.84387073184723 97.09807620527343 101.5
    endloop
  endfacet
  facet normal 0 0 -1
    outer loop
      vertex -43.51942705923077 100.86746222598282 100
      vertex -44.40630585851518 104.40630585851518 100
      vertex -40.86746222598281 103.51942705923076 100
    endloop
  endfacet
  facet normal 0.5305395024366859 -0.46773348933129677 -0.7069322593517736
    outer loop
      vertex -45.99964059601091 98.05421218989646 100
      vertex -43.51942705923077 100.86746222598282 100
      vertex -42.42597411809866 99.84064156708979 101.5
    endloop
  endfacet
  facet normal 0.5001233751224761 -0.5001233751224787 -0.7069322593517738
    outer loop
      vertex -43.51942705923077 100.86746222598282 100
      vertex -40.86746222598281 103.51942705923076 100
      vertex -39.84064156708978 102.42597411809865 101.5
    endloop
  endfacet
  facet normal 0 0 -1
    outer loop
      vertex -40.86746222598281 103.51942705923076 100
      vertex -44.40630585851518 104.40630585851518 100
      vertex -43.313059569193996 105.53303967686418 100
    endloop
  endfacet
  facet normal 0 0 -1
    outer loop
      vertex -40.86746222598281 103.51942705923076 100
      vertex -43.313059569193996 105.53303967686418 100
      vertex -42.25761535254783 106.68881432061568 100
    endloop
  endfacet
  facet normal 0 0 -1
    outer loop
      vertex -40.86746222598281 103.51942705923076 100
      vertex -42.25761535254783 106.68881432061568 100
      vertex -38.05421218989646 105.99964059601092 100
    endloop
  endfacet
  facet normal 0 0 -1
    outer loop
      vertex -38.05421218989646 105.99964059601092 100
      vertex -42.25761535254783 106.68881432061568 100
      vertex -41.24413856471321 107.86906847527399 100
    endloop
  endfacet
  facet normal 0 0 -1
    outer loop
      vertex -38.05421218989646 105.99964059601092 100
      vertex -41.24413856471321 107.86906847527399 100
      vertex -40.276628935558215 109.06914421689751 100
    endloop
  endfacet
  facet normal 0 0 -1
    outer loop
      vertex -38.05421218989646 105.99964059601092 100
      vertex -40.276628935558215 109.06914421689751 100
      vertex -35.09077956361238 108.29831456659542 100
    endloop
  endfacet
  facet normal 0 0 -1
    outer loop
      vertex -35.09077956361238 108.29831456659542 100
      vertex -40.276628935558215 109.06914421689751 100
      vertex -39.35890478357601 110.28430539479653 100
    endloop
  endfacet
  facet normal 0 0 -1
    outer loop
      vertex -35.09077956361238 108.29831456659542 100
      vertex -39.35890478357601 110.28430539479653 100
      vertex -38.49458794672618 111.50975632295618 100
    endloop
  endfacet
  facet normal 0 0 -1
    outer loop
      vertex -35.09077956361238 108.29831456659542 100
      vertex -38.49458794672618 111.50975632295618 100
      vertex -37.68708948869498 112.74066070641832 100
    endloop
  endfacet
  facet normal 0 0 -1
    outer loop
      vertex -31.988859661842962 110.40637715498661 100
      vertex -37.68708948869498 112.74066070641832 100
      vertex -36.9395962369853 113.97216072792816 100
    endloop
  endfacet
  facet normal 0.4677334893312981 -0.530539502436683 -0.706932259351775
    outer loop
      vertex -40.86746222598281 103.51942705923076 100
      vertex -38.05421218989646 105.99964059601092 100
      vertex -37.09807620527343 104.84387073184723 101.5
    endloop
  endfacet
  facet normal 0.43349767314483045 -0.5588618327152185 -0.7069322593517747
    outer loop
      vertex -38.05421218989646 105.99964059601092 100
      vertex -35.09077956361238 108.29831456659542 100
      vertex -34.20910168517367 107.084789075033 101.5
    endloop
  endfacet
  facet normal 0.5305395024366859 -0.4677334893312966 -0.7069322593517738
    outer loop
      vertex -44.84387073184723 97.09807620527343 101.5
      vertex -45.99964059601091 98.05421218989646 100
      vertex -42.42597411809866 99.84064156708979 101.5
    endloop
  endfacet
  facet normal 0.5001233751224761 -0.5001233751224788 -0.7069322593517737
    outer loop
      vertex -43.51942705923077 100.86746222598282 100
      vertex -39.84064156708978 102.42597411809865 101.5
      vertex -42.42597411809866 99.84064156708979 101.5
    endloop
  endfacet
  facet normal 0.46773348933129816 -0.5305395024366847 -0.7069322593517737
    outer loop
      vertex -40.86746222598281 103.51942705923076 100
      vertex -37.09807620527343 104.84387073184723 101.5
      vertex -39.84064156708978 102.42597411809865 101.5
    endloop
  endfacet
  facet normal 0.43349767314483045 -0.5588618327152179 -0.7069322593517751
    outer loop
      vertex -38.05421218989646 105.99964059601092 100
      vertex -34.20910168517367 107.084789075033 101.5
      vertex -37.09807620527343 104.84387073184723 101.5
    endloop
  endfacet
  facet normal -0.4529525832409801 0.8915346080412824 0
    outer loop
      vertex -56.41752384337788 95.6361769545052 100
      vertex -56.41752384337788 95.6361769545052 105
      vertex -55.19939621951958 96.25505820596445 100
    endloop
  endfacet
  facet normal -0.4871324926201313 0.8733280796090881 0
    outer loop
      vertex -55.19939621951958 96.25505820596445 100
      vertex -55.19939621951958 96.25505820596445 105
      vertex -53.97216072792815 96.9395962369853 100
    endloop
  endfacet
  facet normal -0.5188750742911917 0.8548500788321366 0
    outer loop
      vertex -53.97216072792815 96.9395962369853 100
      vertex -53.97216072792815 96.9395962369853 105
      vertex -52.740660706418325 97.68708948869498 100
    endloop
  endfacet
  facet normal -0.5485222814192978 0.8361359379829146 0
    outer loop
      vertex -52.740660706418325 97.68708948869498 100
      vertex -52.740660706418325 97.68708948869498 105
      vertex -51.509756322956186 98.49458794672617 100
    endloop
  endfacet
  facet normal -0.5763683291733255 0.8171900324440756 0
    outer loop
      vertex -51.509756322956186 98.49458794672617 100
      vertex -51.509756322956186 98.49458794672617 105
      vertex -50.28430539479653 99.35890478357601 100
    endloop
  endfacet
  facet normal -0.6026668488489533 0.7979929005313725 0
    outer loop
      vertex -50.28430539479653 99.35890478357601 100
      vertex -50.28430539479653 99.35890478357601 105
      vertex -49.06914421689752 100.27662893555822 100
    endloop
  endfacet
  facet normal -0.6276371212036649 0.7785060334301693 0
    outer loop
      vertex -49.06914421689752 100.27662893555822 100
      vertex -49.06914421689752 100.27662893555822 105
      vertex -47.86906847527399 101.24413856471321 100
    endloop
  endfacet
  facet normal -0.6514693736735667 0.7586749337927086 0
    outer loop
      vertex -47.86906847527399 101.24413856471321 100
      vertex -47.86906847527399 101.24413856471321 105
      vertex -46.68881432061568 102.25761535254783 100
    endloop
  endfacet
  facet normal -0.6743291934538831 0.7384308626106005 0
    outer loop
      vertex -46.68881432061568 102.25761535254783 100
      vertex -46.68881432061568 102.25761535254783 105
      vertex -45.53303967686418 103.313059569194 100
    endloop
  endfacet
  facet normal -0.6963611304138585 0.7176915605249466 0
    outer loop
      vertex -45.53303967686418 103.313059569194 100
      vertex -45.53303967686418 103.313059569194 105
      vertex -44.40630585851518 104.40630585851518 100
    endloop
  endfacet
  facet normal -0.7176915605249466 0.6963611304138585 0
    outer loop
      vertex -43.313059569193996 105.53303967686418 100
      vertex -44.40630585851518 104.40630585851518 100
      vertex -44.40630585851518 104.40630585851518 105
    endloop
  endfacet
  facet normal -0.7384308626106005 0.6743291934538831 0
    outer loop
      vertex -42.25761535254783 106.68881432061568 100
      vertex -43.313059569193996 105.53303967686418 100
      vertex -43.313059569193996 105.53303967686418 105
    endloop
  endfacet
  facet normal -0.7586749337927086 0.6514693736735667 0
    outer loop
      vertex -41.24413856471321 107.86906847527399 100
      vertex -42.25761535254783 106.68881432061568 100
      vertex -42.25761535254783 106.68881432061568 105
    endloop
  endfacet
  facet normal -0.7785060334301654 0.62763712120367 0
    outer loop
      vertex -40.276628935558215 109.06914421689751 100
      vertex -41.24413856471321 107.86906847527399 100
      vertex -41.24413856471321 107.86906847527399 105
    endloop
  endfacet
  facet normal -0.7979929005313764 0.6026668488489481 0
    outer loop
      vertex -39.35890478357601 110.28430539479653 100
      vertex -40.276628935558215 109.06914421689751 100
      vertex -40.276628935558215 109.06914421689751 105
    endloop
  endfacet
  facet normal -0.8171900324440762 0.5763683291733245 0
    outer loop
      vertex -38.49458794672618 111.50975632295618 100
      vertex -39.35890478357601 110.28430539479653 100
      vertex -39.35890478357601 110.28430539479653 105
    endloop
  endfacet
  facet normal -0.836135937982914 0.548522281419299 0
    outer loop
      vertex -37.68708948869498 112.74066070641832 100
      vertex -38.49458794672618 111.50975632295618 100
      vertex -38.49458794672618 111.50975632295618 105
    endloop
  endfacet
  facet normal -0.8548500788321401 0.518875074291186 0
    outer loop
      vertex -36.9395962369853 113.97216072792816 100
      vertex -37.68708948869498 112.74066070641832 100
      vertex -37.68708948869498 112.74066070641832 105
    endloop
  endfacet
  facet normal 0.7901550123756914 -0.6129070536529752 0
    outer loop
      vertex -47.084789075033 94.20910168517366 101.5
      vertex -44.84387073184723 97.09807620527343 101.5
      vertex -44.84387073184723 97.09807620527343 103.5
    endloop
  endfacet
  facet normal 0.7501110696304604 -0.6613118653236509 0
    outer loop
      vertex -44.84387073184723 97.09807620527343 101.5
      vertex -42.42597411809866 99.84064156708979 101.5
      vertex -42.42597411809866 99.84064156708979 103.5
    endloop
  endfacet
  facet normal 0.7071067811865456 -0.7071067811865495 0
    outer loop
      vertex -42.42597411809866 99.84064156708979 101.5
      vertex -39.84064156708978 102.42597411809865 101.5
      vertex -39.84064156708978 102.42597411809865 103.5
    endloop
  endfacet
  facet normal 0.661311865323653 -0.7501110696304586 0
    outer loop
      vertex -39.84064156708978 102.42597411809865 101.5
      vertex -37.09807620527343 104.84387073184723 101.5
      vertex -37.09807620527343 104.84387073184723 103.5
    endloop
  endfacet
  facet normal -0.8733280796090857 0.4871324926201356 0
    outer loop
      vertex -36.25505820596445 115.19939621951957 100
      vertex -36.9395962369853 113.97216072792816 100
      vertex -36.9395962369853 113.97216072792816 105
    endloop
  endfacet
  facet normal -0.8915346080412814 0.4529525832409821 0
    outer loop
      vertex -35.6361769545052 116.41752384337788 100
      vertex -36.25505820596445 115.19939621951957 100
      vertex -36.25505820596445 115.19939621951957 105
    endloop
  endfacet
  facet normal 0 0 -1
    outer loop
      vertex -35.09077956361238 108.29831456659542 100
      vertex -37.68708948869498 112.74066070641832 100
      vertex -31.988859661842962 110.40637715498661 100
    endloop
  endfacet
  facet normal 0 0 -1
    outer loop
      vertex -31.988859661842962 110.40637715498661 100
      vertex -36.9395962369853 113.97216072792816 100
      vertex -36.25505820596445 115.19939621951957 100
    endloop
  endfacet
  facet normal 0 0 -1
    outer loop
      vertex -31.988859661842962 110.40637715498661 100
      vertex -35.6361769545052 116.41752384337788 100
      vertex -28.760694345308146 112.31550880123024 100
    endloop
  endfacet
  facet normal 0.39755103968871086 -0.584978590659708 -0.7069322593517761
    outer loop
      vertex -35.09077956361238 108.29831456659542 100
      vertex -31.988859661842962 110.40637715498661 100
      vertex -31.185119469374467 109.13988526673359 101.5
    endloop
  endfacet
  facet normal 0.3600354539027322 -0.6087867053581678 -0.7069322593517718
    outer loop
      vertex -31.988859661842962 110.40637715498661 100
      vertex -28.760694345308146 112.31550880123024 100
      vertex -28.038063834155572 111.00104878116446 101.5
    endloop
  endfacet
  facet normal 0.3210989726647566 -0.63019221705876 -0.706932259351773
    outer loop
      vertex -28.760694345308146 112.31550880123024 100
      vertex -25.419023707703747 114.01817503491796 100
      vertex -24.780354770356137 112.66093445621894 101.5
    endloop
  endfacet
  facet normal 0.3975510396887107 -0.5849785906597097 -0.7069322593517747
    outer loop
      vertex -35.09077956361238 108.29831456659542 100
      vertex -31.185119469374467 109.13988526673359 101.5
      vertex -34.20910168517367 107.084789075033 101.5
    endloop
  endfacet
  facet normal 0.36003545390273306 -0.6087867053581624 -0.7069322593517762
    outer loop
      vertex -31.988859661842962 110.40637715498661 100
      vertex -28.038063834155572 111.00104878116446 101.5
      vertex -31.185119469374467 109.13988526673359 101.5
    endloop
  endfacet
  facet normal 0.3210989726647563 -0.6301922170587617 -0.7069322593517717
    outer loop
      vertex -28.760694345308146 112.31550880123024 100
      vertex -24.780354770356137 112.66093445621894 101.5
      vertex -28.038063834155572 111.00104878116446 101.5
    endloop
  endfacet
  facet normal 0 0 -1
    outer loop
      vertex -31.988859661842962 110.40637715498661 100
      vertex -36.25505820596445 115.19939621951957 100
      vertex -35.6361769545052 116.41752384337788 100
    endloop
  endfacet
  facet normal 0 0 -1
    outer loop
      vertex -28.760694345308146 112.31550880123024 100
      vertex -35.6361769545052 116.41752384337788 100
      vertex -35.08539492416712 117.62173620628126 100
    endloop
  endfacet
  facet normal 0 0 -1
    outer loop
      vertex -28.760694345308146 112.31550880123024 100
      vertex -35.08539492416712 117.62173620628126 100
      vertex -34.60488579999556 118.80728083218564 100
    endloop
  endfacet
  facet normal 0 0 -1
    outer loop
      vertex -28.760694345308146 112.31550880123024 100
      vertex -34.60488579999556 118.80728083218564 100
      vertex -34.196545931979884 119.96947891807639 100
    endloop
  endfacet
  facet normal 0 0 -1
    outer loop
      vertex -28.760694345308146 112.31550880123024 100
      vertex -34.196545931979884 119.96947891807639 100
      vertex -33.86198685102644 121.10374379906631 100
    endloop
  endfacet
  facet normal 0 0 -1
    outer loop
      vertex -28.760694345308146 112.31550880123024 100
      vertex -33.86198685102644 121.10374379906631 100
      vertex -33.60252890898221 122.20559904986642 100
    endloop
  endfacet
  facet normal 0 0 -1
    outer loop
      vertex -28.760694345308146 112.31550880123024 100
      vertex -33.60252890898221 122.20559904986642 100
      vertex -25.419023707703747 114.01817503491796 100
    endloop
  endfacet
  facet normal 0 0 -1
    outer loop
      vertex -25.419023707703747 114.01817503491796 100
      vertex -33.60252890898221 122.20559904986642 100
      vertex -33.4191960678094 123.27069615119166 100
    endloop
  endfacet
  facet normal 0 0 -1
    outer loop
      vertex -25.419023707703747 114.01817503491796 100
      vertex -33.4191960678094 123.27069615119166 100
      vertex -33.312711858475325 124.29483165137962 100
    endloop
  endfacet
  facet normal 0 0 -1
    outer loop
      vertex -25.419023707703747 114.01817503491796 100
      vertex -33.312711858475325 124.29483165137962 100
      vertex -33.283703544693 125.26702564761136 100
    endloop
  endfacet
  facet normal 0 0 -1
    outer loop
      vertex -25.419023707703747 114.01817503491796 100
      vertex -33.283703544693 125.26702564761136 100
      vertex -31.209622070450887 126.32382294306264 100
    endloop
  endfacet
  facet normal -0.3210989726649652 0.6301922170591737 -0.7069322593513098
    outer loop
      vertex -31.209622070450887 126.32382294306264 100
      vertex -33.283703544693 125.26702564761136 100
      vertex -33.28349652550619 125.27396375549411 100.00609092014639
    endloop
  endfacet
  facet normal -0.32109897266475573 0.6301922170587574 -0.7069322593517757
    outer loop
      vertex -31.209622070450887 126.32382294306264 100
      vertex -33.28349652550619 125.27396375549411 100.00609092014639
      vertex -33.331665368474034 126.20422827644308 100.85725087067843
    endloop
  endfacet
  facet normal 0 0 -1
    outer loop
      vertex -21.977035796372395 115.50765621029956 100
      vertex -31.209622070450887 126.32382294306264 100
      vertex -26.983529710689826 128.15261641283786 100
    endloop
  endfacet
  facet normal -0.2808952604778343 0.6491106479860601 -0.7069322593517761
    outer loop
      vertex -31.209622070450887 126.32382294306264 100
      vertex -31.848291007798498 127.68106352176167 101.5
      vertex -26.983529710689826 128.15261641283786 100
    endloop
  endfacet
  facet normal 0 0 -1
    outer loop
      vertex -25.419023707703747 114.01817503491796 100
      vertex -31.209622070450887 126.32382294306264 100
      vertex -21.977035796372395 115.50765621029956 100
    endloop
  endfacet
  facet normal 0 0 -1
    outer loop
      vertex -21.977035796372395 115.50765621029956 100
      vertex -26.983529710689826 128.15261641283786 100
      vertex -18.448314565105303 116.77807402565503 100
    endloop
  endfacet
  facet normal 0 0 -1
    outer loop
      vertex -22.6509456867627 129.71244264160038 100
      vertex -14.846786264482963 117.82441472226589 100
      vertex -18.448314565105303 116.77807402565503 100
    endloop
  endfacet
  facet normal 0.28089526047783575 -0.6491106479860562 -0.7069322593517791
    outer loop
      vertex -25.419023707703747 114.01817503491796 100
      vertex -21.977035796372395 115.50765621029956 100
      vertex -21.424848967345376 114.11299148146716 101.5
    endloop
  endfacet
  facet normal 0.23958298302664519 -0.6654673357362129 -0.7069322593517718
    outer loop
      vertex -21.977035796372395 115.50765621029956 100
      vertex -18.448314565105303 116.77807402565503 100
      vertex -17.98478907354288 115.35148925121231 101.5
    endloop
  endfacet
  facet normal 0 0 -1
    outer loop
      vertex -26.983529710689826 128.15261641283786 100
      vertex -22.6509456867627 129.71244264160038 100
      vertex -18.448314565105303 116.77807402565503 100
    endloop
  endfacet
  facet normal 0 0 -1
    outer loop
      vertex -22.6509456867627 129.71244264160038 100
      vertex -22.642529067135403 129.714887895645 100
      vertex -22.620676311650488 129.69064850121913 100
    endloop
  endfacet
  facet normal -0.19732518099671642 0.6791977279350403 -0.7069322593519779
    outer loop
      vertex -22.6509456867627 129.71244264160038 100
      vertex -22.65693058727647 129.73086227138324 100.01936754490113
      vertex -22.642529067135403 129.714887895645 100
    endloop
  endfacet
  facet normal 0 0 -1
    outer loop
      vertex -22.6509456867627 129.71244264160038 100
      vertex -22.620676311650488 129.69064850121913 100
      vertex -14.846786264482963 117.82441472226589 100
    endloop
  endfacet
  facet normal 0 0 -1
    outer loop
      vertex -14.846786264482963 117.82441472226589 100
      vertex -20.225424859373685 127.74657697249032 100
      vertex -19.262831069394736 127.15091212301573 100
    endloop
  endfacet
  facet normal 0 0 -1
    outer loop
      vertex -14.846786264482963 117.82441472226589 100
      vertex -21.90766700109659 129.01895591077943 100
      vertex -21.108198137550374 128.37007846025205 100
    endloop
  endfacet
  facet normal 0 0 -1
    outer loop
      vertex -14.846786264482963 117.82441472226589 100
      vertex -22.620676311650488 129.69064850121913 100
      vertex -21.90766700109659 129.01895591077943 100
    endloop
  endfacet
  facet normal 0 0 -1
    outer loop
      vertex -14.846786264482963 117.82441472226589 100
      vertex -21.108198137550374 128.37007846025205 100
      vertex -20.225424859373685 127.74657697249032 100
    endloop
  endfacet
  facet normal -0.23958298302664696 0.6654673357362112 -0.7069322593517727
    outer loop
      vertex -26.983529710689826 128.15261641283786 100
      vertex -27.535716539716844 129.54728114167023 101.5
      vertex -22.6509456867627 129.71244264160038 100
    endloop
  endfacet
  facet normal -0.23958298302669945 0.6654673357359839 -0.7069322593519688
    outer loop
      vertex -22.6509456867627 129.71244264160038 100
      vertex -27.535716539716844 129.54728114167023 101.5
      vertex -22.65693058727647 129.73086227138324 100.01936754490113
    endloop
  endfacet
  facet normal -0.3210989726647568 0.6301922170587533 -0.7069322593517788
    outer loop
      vertex -31.209622070450887 126.32382294306264 100
      vertex -33.331665368474034 126.20422827644308 100.85725087067843
      vertex -33.427660310332236 126.87633466797047 101.5
    endloop
  endfacet
  facet normal -0.3210989726647537 0.6301922170587582 -0.7069322593517761
    outer loop
      vertex -31.209622070450887 126.32382294306264 100
      vertex -33.427660310332236 126.87633466797047 101.5
      vertex -31.848291007798498 127.68106352176167 101.5
    endloop
  endfacet
  facet normal -0.28089526047783364 0.6491106479860638 -0.7069322593517728
    outer loop
      vertex -26.983529710689826 128.15261641283786 100
      vertex -31.848291007798498 127.68106352176167 101.5
      vertex -27.535716539716844 129.54728114167023 101.5
    endloop
  endfacet
  facet normal 0.28089526047783364 -0.6491106479860638 -0.706932259351773
    outer loop
      vertex -25.419023707703747 114.01817503491796 100
      vertex -21.424848967345376 114.11299148146716 101.5
      vertex -24.780354770356137 112.66093445621894 101.5
    endloop
  endfacet
  facet normal 0.2395829830266483 -0.6654673357362039 -0.7069322593517792
    outer loop
      vertex -21.977035796372395 115.50765621029956 100
      vertex -17.98478907354288 115.35148925121231 101.5
      vertex -21.424848967345376 114.11299148146716 101.5
    endloop
  endfacet
  facet normal -0.23958298302664865 0.66546733573621 -0.7069322593517735
    outer loop
      vertex -27.535716539716844 129.54728114167023 101.5
      vertex -23.244412147206287 130.38250536778386 100.83188921471493
      vertex -22.65693058727647 129.73086227138324 100.01936754490113
    endloop
  endfacet
  facet normal 0 0 -1
    outer loop
      vertex -14.846786264482963 117.82441472226589 100
      vertex -14.694631307311829 125.09179606750062 100
      vertex -11.186664481326211 118.64254887143015 100
    endloop
  endfacet
  facet normal 0 0 -1
    outer loop
      vertex -11.186664481326211 118.64254887143015 100
      vertex -9.203113817116947 123.64268216934099 100
      vertex -7.482394044162475 119.22924767143107 100
    endloop
  endfacet
  facet normal 0.19732518099650745 -0.6791977279353145 -0.7069322593517727
    outer loop
      vertex -18.448314565105303 116.77807402565503 100
      vertex -14.846786264482963 117.82441472226589 100
      vertex -14.473751433735682 116.37153998057295 101.5
    endloop
  endfacet
  facet normal 0.1542886266262715 -0.6902476369981854 -0.7069322593517716
    outer loop
      vertex -14.846786264482963 117.82441472226589 100
      vertex -11.186664481326211 118.64254887143015 100
      vertex -10.905592509447624 117.16911799533713 101.5
    endloop
  endfacet
  facet normal 0 0 -1
    outer loop
      vertex -14.846786264482963 117.82441472226589 100
      vertex -19.262831069394736 127.15091212301573 100
      vertex -18.22421568553529 126.58543472885573 100
    endloop
  endfacet
  facet normal 0 0 -1
    outer loop
      vertex -14.846786264482963 117.82441472226589 100
      vertex -18.22421568553529 126.58543472885573 100
      vertex -17.113677648217212 126.05237647094306 100
    endloop
  endfacet
  facet normal 0 0 -1
    outer loop
      vertex -14.846786264482963 117.82441472226589 100
      vertex -17.113677648217212 126.05237647094306 100
      vertex -15.93559974371724 125.55384108669053 100
    endloop
  endfacet
  facet normal 0 0 -1
    outer loop
      vertex -14.846786264482963 117.82441472226589 100
      vertex -15.93559974371724 125.55384108669053 100
      vertex -14.694631307311829 125.09179606750062 100
    endloop
  endfacet
  facet normal 0 0 -1
    outer loop
      vertex -11.186664481326211 118.64254887143015 100
      vertex -14.694631307311829 125.09179606750062 100
      vertex -13.395669874474919 124.66806489397581 100
    endloop
  endfacet
  facet normal 0 0 -1
    outer loop
      vertex -11.186664481326211 118.64254887143015 100
      vertex -13.395669874474919 124.66806489397581 100
      vertex -12.043841852542885 124.28431983947364 100
    endloop
  endfacet
  facet normal 0 0 -1
    outer loop
      vertex -11.186664481326211 118.64254887143015 100
      vertex -12.043841852542885 124.28431983947364 100
      vertex -10.644482289126811 123.94207537040776 100
    endloop
  endfacet
  facet normal 0 0 -1
    outer loop
      vertex -11.186664481326211 118.64254887143015 100
      vertex -10.644482289126811 123.94207537040776 100
      vertex -9.203113817116947 123.64268216934099 100
    endloop
  endfacet
  facet normal 0 0 -1
    outer loop
      vertex -7.482394044162475 119.22924767143107 100
      vertex -7.7254248593736845 123.38732180445815 100
      vertex -6.2172471791213715 123.17700206645642 100
    endloop
  endfacet
  facet normal 0 0 -1
    outer loop
      vertex -7.482394044162475 119.22924767143107 100
      vertex -6.2172471791213715 123.17700206645642 100
      vertex -4.684532864643121 123.01255299125573 100
    endloop
  endfacet
  facet normal 0 0 -1
    outer loop
      vertex -7.482394044162475 119.22924767143107 100
      vertex -4.684532864643121 123.01255299125573 100
      vertex -3.748594016087162 119.58219569014216 100
    endloop
  endfacet
  facet normal 0 0 -1
    outer loop
      vertex -3.748594016087162 119.58219569014216 100
      vertex -4.684532864643121 123.01255299125573 100
      vertex -3.1333308391076016 122.89462358422627 100
    endloop
  endfacet
  facet normal 0 0 -1
    outer loop
      vertex -3.748594016087162 119.58219569014216 100
      vertex -3.1333308391076016 122.89462358422627 100
      vertex -1.569762988232832 122.82367925886074 100
    endloop
  endfacet
  facet normal 0 0 -1
    outer loop
      vertex -3.748594016087162 119.58219569014216 100
      vertex -1.569762988232832 122.82367925886074 100
      vertex 0 119.70000000298023 100
    endloop
  endfacet
  facet normal 0 0 -1
    outer loop
      vertex 0 119.70000000298023 100
      vertex -1.569762988232832 122.82367925886074 100
      vertex 0 122.8 100
    endloop
  endfacet
  facet normal 0.11064316553451427 -0.698573453981965 -0.7069322593517778
    outer loop
      vertex -11.186664481326211 118.64254887143015 100
      vertex -7.482394044162475 119.22924767143107 100
      vertex -7.294394193816019 117.74107561945934 101.5
    endloop
  endfacet
  facet normal 0.06656104641643994 -0.7041423206907417 -0.706932259351775
    outer loop
      vertex -7.482394044162475 119.22924767143107 100
      vertex -3.748594016087162 119.58219569014216 100
      vertex -3.6544082367931914 118.08515559749975 101.5
    endloop
  endfacet
  facet normal 0.022216241257017273 -0.7069322593517748 -0.7069322593517748
    outer loop
      vertex -3.748594016087162 119.58219569014216 100
      vertex 0 119.70000000298023 100
      vertex 0 118.20000000298023 101.5
    endloop
  endfacet
  facet normal 0 0 -1
    outer loop
      vertex -7.482394044162475 119.22924767143107 100
      vertex -9.203113817116947 123.64268216934099 100
      vertex -7.7254248593736845 123.38732180445815 100
    endloop
  endfacet
  facet normal 0.19732518099650692 -0.6791977279353157 -0.7069322593517717
    outer loop
      vertex -18.448314565105303 116.77807402565503 100
      vertex -14.473751433735682 116.37153998057295 101.5
      vertex -17.98478907354288 115.35148925121231 101.5
    endloop
  endfacet
  facet normal 0.15428862662627207 -0.6902476369981839 -0.7069322593517727
    outer loop
      vertex -14.846786264482963 117.82441472226589 100
      vertex -10.905592509447624 117.16911799533713 101.5
      vertex -14.473751433735682 116.37153998057295 101.5
    endloop
  endfacet
  facet normal 0.11064316553451013 -0.6985734539819721 -0.7069322593517716
    outer loop
      vertex -11.186664481326211 118.64254887143015 100
      vertex -7.294394193816019 117.74107561945934 101.5
      vertex -10.905592509447624 117.16911799533713 101.5
    endloop
  endfacet
  facet normal 0.06656104641644216 -0.7041423206907383 -0.7069322593517781
    outer loop
      vertex -7.482394044162475 119.22924767143107 100
      vertex -3.6544082367931914 118.08515559749975 101.5
      vertex -7.294394193816019 117.74107561945934 101.5
    endloop
  endfacet
  facet normal 0.02221624125701736 -0.7069322593517746 -0.7069322593517748
    outer loop
      vertex -3.748594016087162 119.58219569014216 100
      vertex 0 118.20000000298023 101.5
      vertex -3.6544082367931914 118.08515559749975 101.5
    endloop
  endfacet
  facet normal 0.612907053652976 -0.7901550123756906 0
    outer loop
      vertex -37.09807620527343 104.84387073184723 101.5
      vertex -34.20910168517367 107.084789075033 101.5
      vertex -34.20910168517367 107.084789075033 103.5
    endloop
  endfacet
  facet normal 0.56208337785213 -0.8270805742745622 0
    outer loop
      vertex -34.20910168517367 107.084789075033 101.5
      vertex -31.185119469374467 109.13988526673359 101.5
      vertex -31.185119469374467 109.13988526673359 103.5
    endloop
  endfacet
  facet normal 0.5090414157503715 -0.8607420270039435 0
    outer loop
      vertex -31.185119469374467 109.13988526673359 101.5
      vertex -28.038063834155572 111.00104878116446 101.5
      vertex -28.038063834155572 111.00104878116446 103.5
    endloop
  endfacet
  facet normal 0.4539904997395469 -0.8910065241883679 0
    outer loop
      vertex -28.038063834155572 111.00104878116446 101.5
      vertex -24.780354770356137 112.66093445621894 101.5
      vertex -24.780354770356137 112.66093445621894 103.5
    endloop
  endfacet
  facet normal -0.9093930907698127 0.41593774349069035 0
    outer loop
      vertex -35.08539492416712 117.62173620628126 100
      vertex -35.6361769545052 116.41752384337788 100
      vertex -35.6361769545052 116.41752384337788 105
    endloop
  endfacet
  facet normal -0.9267711307284727 0.3756265049863605 0
    outer loop
      vertex -34.60488579999556 118.80728083218564 100
      vertex -35.08539492416712 117.62173620628126 100
      vertex -35.08539492416712 117.62173620628126 105
    endloop
  endfacet
  facet normal -0.9434601396511307 0.3314859950125629 0
    outer loop
      vertex -34.196545931979884 119.96947891807639 100
      vertex -34.60488579999556 118.80728083218564 100
      vertex -34.60488579999556 118.80728083218564 105
    endloop
  endfacet
  facet normal -0.9591473498574699 0.28290698340866816 0
    outer loop
      vertex -33.86198685102644 121.10374379906631 100
      vertex -34.196545931979884 119.96947891807639 100
      vertex -34.196545931979884 119.96947891807639 105
    endloop
  endfacet
  facet normal -0.9733781802667124 0.22920496979922492 0
    outer loop
      vertex -33.60252890898221 122.20559904986642 100
      vertex -33.86198685102644 121.10374379906631 100
      vertex -33.86198685102644 121.10374379906631 105
    endloop
  endfacet
  facet normal -0.9855072662740871 0.16963321644352383 0
    outer loop
      vertex -33.4191960678094 123.27069615119166 100
      vertex -33.60252890898221 122.20559904986642 100
      vertex -33.60252890898221 122.20559904986642 105
    endloop
  endfacet
  facet normal -0.9946380639749937 0.10341722144825122 0
    outer loop
      vertex -33.312711858475325 124.29483165137962 100
      vertex -33.4191960678094 123.27069615119166 100
      vertex -33.4191960678094 123.27069615119166 105
    endloop
  endfacet
  facet normal -0.9995551442268564 0.02982471541570869 0
    outer loop
      vertex -33.283703544693 125.26702564761136 100
      vertex -33.312711858475325 124.29483165137962 100
      vertex -33.312711858475325 124.29483165137962 105
    endloop
  endfacet
  facet normal -0.9995551442268448 0.029824715416101447 7.643486600108805e-14
    outer loop
      vertex -33.283703544693 125.26702564761136 100
      vertex -33.312711858475325 124.29483165137962 105
      vertex -33.28349652550619 125.27396375549411 100.00609092014639
    endloop
  endfacet
  facet normal -0.23958298302664832 0.6654673357362029 -0.7069322593517803
    outer loop
      vertex -27.535716539716844 129.54728114167023 101.5
      vertex -23.66356501575914 130.94134147043852 101.5
      vertex -23.244412147206287 130.38250536778386 100.83188921471493
    endloop
  endfacet
  facet normal 0.7427255681322851 0.6695959456587042 -5.635359321622348e-14
    outer loop
      vertex -22.642529067135403 129.714887895645 100
      vertex -23.244412147206287 130.38250536778386 104.16811078528507
      vertex -22.620676311650488 129.69064850121913 100
    endloop
  endfacet
  facet normal 0.7427255681326497 0.6695959456582996 6.106778139088155e-14
    outer loop
      vertex -22.65693058727647 129.73086227138324 100.01936754490113
      vertex -23.244412147206287 130.38250536778386 104.16811078528507
      vertex -22.642529067135403 129.714887895645 100
    endloop
  endfacet
  facet normal 0.6857029621353027 0.727881479170113 0
    outer loop
      vertex -21.90766700109659 129.01895591077943 100
      vertex -22.620676311650488 129.69064850121913 100
      vertex -22.620676311650488 129.69064850121913 105
    endloop
  endfacet
  facet normal 0.7427255681324563 0.6695959456585142 0
    outer loop
      vertex -22.65693058727647 129.73086227138324 100.01936754490113
      vertex -23.244412147206287 130.38250536778386 100.83188921471493
      vertex -23.244412147206287 130.38250536778386 104.16811078528507
    endloop
  endfacet
  facet normal 0.43273106758476676 0.9015230574682757 0
    outer loop
      vertex -18.22421568553529 126.58543472885573 100
      vertex -18.22421568553529 126.58543472885573 105
      vertex -17.113677648217212 126.05237647094306 100
    endloop
  endfacet
  facet normal 0.5769100732293302 0.8168076685527191 0
    outer loop
      vertex -21.108198137550374 128.37007846025205 100
      vertex -21.108198137550374 128.37007846025205 105
      vertex -20.225424859373685 127.74657697249032 100
    endloop
  endfacet
  facet normal 0.6301883012854437 0.7764423384405095 0
    outer loop
      vertex -21.90766700109659 129.01895591077943 100
      vertex -21.90766700109659 129.01895591077943 105
      vertex -21.108198137550374 128.37007846025205 100
    endloop
  endfacet
  facet normal 0.5262099234989246 0.8503547003523035 0
    outer loop
      vertex -20.225424859373685 127.74657697249032 100
      vertex -20.225424859373685 127.74657697249032 105
      vertex -19.262831069394736 127.15091212301573 100
    endloop
  endfacet
  facet normal 0.47817414882802184 0.878265041654623 0
    outer loop
      vertex -19.262831069394736 127.15091212301573 100
      vertex -19.262831069394736 127.15091212301573 105
      vertex -18.22421568553529 126.58543472885573 100
    endloop
  endfacet
  facet normal -0.998662119617245 -0.05171045195694325 0
    outer loop
      vertex -33.331665368474034 126.20422827644308 100.85725087067843
      vertex -33.28349652550619 125.27396375549411 100.00609092014639
      vertex -33.28349652550619 125.27396375549411 104.99390907985361
    endloop
  endfacet
  facet normal -0.9899536703645987 -0.14139211622880318 0
    outer loop
      vertex -33.427660310332236 126.87633466797047 101.5
      vertex -33.331665368474034 126.20422827644308 100.85725087067843
      vertex -33.331665368474034 126.20422827644308 104.14274912932159
    endloop
  endfacet
  facet normal -0.4539904997395461 0.8910065241883683 0
    outer loop
      vertex -31.848291007798498 127.68106352176167 101.5
      vertex -33.427660310332236 126.87633466797047 101.5
      vertex -33.427660310332236 126.87633466797047 103.5
    endloop
  endfacet
  facet normal -0.39714789063477773 0.9177546256839824 0
    outer loop
      vertex -31.848291007798498 127.68106352176167 101.5
      vertex -31.848291007798498 127.68106352176167 103.5
      vertex -27.535716539716844 129.54728114167023 101.5
    endloop
  endfacet
  facet normal 0.3971478906347778 -0.9177546256839825 0
    outer loop
      vertex -24.780354770356137 112.66093445621894 101.5
      vertex -21.424848967345376 114.11299148146716 101.5
      vertex -21.424848967345376 114.11299148146716 103.5
    endloop
  endfacet
  facet normal 0.33873792024529564 -0.9408807689542239 0
    outer loop
      vertex -21.424848967345376 114.11299148146716 101.5
      vertex -17.98478907354288 115.35148925121231 101.5
      vertex -17.98478907354288 115.35148925121231 103.5
    endloop
  endfacet
  facet normal 0.7999822775670318 0.6000236291836052 0
    outer loop
      vertex -23.66356501575914 130.94134147043852 101.5
      vertex -23.66356501575914 130.94134147043852 103.5
      vertex -23.244412147206287 130.38250536778386 100.83188921471493
    endloop
  endfacet
  facet normal -0.3387379202452962 0.9408807689542237 0
    outer loop
      vertex -27.535716539716844 129.54728114167023 101.5
      vertex -27.535716539716844 129.54728114167023 103.5
      vertex -23.66356501575914 130.94134147043852 101.5
    endloop
  endfacet
  facet normal 0.3897181022767681 0.9209342000152859 0
    outer loop
      vertex -17.113677648217212 126.05237647094306 100
      vertex -17.113677648217212 126.05237647094306 105
      vertex -15.93559974371724 125.55384108669053 100
    endloop
  endfacet
  facet normal 0.34892562227383006 0.9371504202212261 0
    outer loop
      vertex -15.93559974371724 125.55384108669053 100
      vertex -15.93559974371724 125.55384108669053 105
      vertex -14.694631307311829 125.09179606750062 100
    endloop
  endfacet
  facet normal 0.3101243238428206 0.9506960101741425 0
    outer loop
      vertex -14.694631307311829 125.09179606750062 100
      vertex -14.694631307311829 125.09179606750062 105
      vertex -13.395669874474919 124.66806489397581 100
    endloop
  endfacet
  facet normal 0.23757020402008394 0.9713703712600337 0
    outer loop
      vertex -12.043841852542885 124.28431983947364 100
      vertex -12.043841852542885 124.28431983947364 105
      vertex -10.644482289126811 123.94207537040776 100
    endloop
  endfacet
  facet normal 0.27308151842420775 0.9619908961602127 0
    outer loop
      vertex -13.395669874474919 124.66806489397581 100
      vertex -13.395669874474919 124.66806489397581 105
      vertex -12.043841852542885 124.28431983947364 100
    endloop
  endfacet
  facet normal 0.20337356691798408 0.9791012165649966 0
    outer loop
      vertex -10.644482289126811 123.94207537040776 100
      vertex -10.644482289126811 123.94207537040776 105
      vertex -9.203113817116947 123.64268216934099 100
    endloop
  endfacet
  facet normal 0.17028665943965607 0.9853945674788767 0
    outer loop
      vertex -9.203113817116947 123.64268216934099 100
      vertex -9.203113817116947 123.64268216934099 105
      vertex -7.7254248593736845 123.38732180445815 100
    endloop
  endfacet
  facet normal 0.13811637568703422 0.9904160069218783 0
    outer loop
      vertex -7.7254248593736845 123.38732180445815 100
      vertex -7.7254248593736845 123.38732180445815 105
      vertex -6.2172471791213715 123.17700206645642 100
    endloop
  endfacet
  facet normal 0.10668043090559615 0.9942933599606286 0
    outer loop
      vertex -6.2172471791213715 123.17700206645642 100
      vertex -6.2172471791213715 123.17700206645642 105
      vertex -4.684532864643121 123.01255299125573 100
    endloop
  endfacet
  facet normal 0.0758057785411428 0.9971226022610115 0
    outer loop
      vertex -4.684532864643121 123.01255299125573 100
      vertex -4.684532864643121 123.01255299125573 105
      vertex -3.1333308391076016 122.89462358422627 100
    endloop
  endfacet
  facet normal 0.04532672494609604 0.9989722158326831 0
    outer loop
      vertex -3.1333308391076016 122.89462358422627 100
      vertex -3.1333308391076016 122.89462358422627 105
      vertex -1.569762988232832 122.82367925886074 100
    endloop
  endfacet
  facet normal 0.015082891777171962 0.9998862467179145 0
    outer loop
      vertex -1.569762988232832 122.82367925886074 100
      vertex -1.569762988232832 122.82367925886074 105
      vertex 0 122.8 100
    endloop
  endfacet
  facet normal 0.2789911060392296 -0.9602936856769431 0
    outer loop
      vertex -17.98478907354288 115.35148925121231 101.5
      vertex -14.473751433735682 116.37153998057295 101.5
      vertex -14.473751433735682 116.37153998057295 103.5
    endloop
  endfacet
  facet normal 0.21814324139654248 -0.9759167619387475 0
    outer loop
      vertex -14.473751433735682 116.37153998057295 101.5
      vertex -10.905592509447624 117.16911799533713 101.5
      vertex -10.905592509447624 117.16911799533713 103.5
    endloop
  endfacet
  facet normal 0.1564344650402271 -0.9876883405951383 0
    outer loop
      vertex -10.905592509447624 117.16911799533713 101.5
      vertex -7.294394193816019 117.74107561945934 101.5
      vertex -7.294394193816019 117.74107561945934 103.5
    endloop
  endfacet
  facet normal 0.09410831331851453 -0.99556196460308 0
    outer loop
      vertex -7.294394193816019 117.74107561945934 101.5
      vertex -3.6544082367931914 118.08515559749975 101.5
      vertex -3.6544082367931914 118.08515559749975 103.5
    endloop
  endfacet
  facet normal 0.03141075907812996 -0.9995065603657316 0
    outer loop
      vertex -3.6544082367931914 118.08515559749975 101.5
      vertex 0 118.20000000298023 101.5
      vertex 0 118.20000000298023 103.5
    endloop
  endfacet
  facet normal 0.9995065603657316 -0.03141075907812804 0
    outer loop
      vertex -58.20000000298023 60 101.5
      vertex -58.08515559749976 63.65440823679319 103.5
      vertex -58.20000000298023 60 103.5
    endloop
  endfacet
  facet normal 0.9955619646030799 -0.09410831331851492 0
    outer loop
      vertex -58.08515559749976 63.65440823679319 101.5
      vertex -57.74107561945934 67.29439419381607 103.5
      vertex -58.08515559749976 63.65440823679319 103.5
    endloop
  endfacet
  facet normal 0.9876883405951377 -0.15643446504023162 0
    outer loop
      vertex -57.74107561945934 67.29439419381607 101.5
      vertex -57.16911799533713 70.90559250944757 103.5
      vertex -57.74107561945934 67.29439419381607 103.5
    endloop
  endfacet
  facet normal 0.9759167619387478 -0.21814324139654112 0
    outer loop
      vertex -57.16911799533713 70.90559250944757 101.5
      vertex -56.37153998057294 74.47375143373569 103.5
      vertex -57.16911799533713 70.90559250944757 103.5
    endloop
  endfacet
  facet normal 0.9602936856769431 -0.2789911060392296 0
    outer loop
      vertex -56.37153998057294 74.47375143373569 101.5
      vertex -55.35148925121231 77.98478907354288 103.5
      vertex -56.37153998057294 74.47375143373569 103.5
    endloop
  endfacet
  facet normal -0.9998862467179145 -0.015082891777171965 0
    outer loop
      vertex -62.8 60 105
      vertex -62.823679258860736 61.56976298823283 105
      vertex -62.823679258860736 61.56976298823283 100
    endloop
  endfacet
  facet normal -0.9989722158326831 -0.04532672494609606 0
    outer loop
      vertex -62.89462358422627 63.1333308391076 100
      vertex -62.823679258860736 61.56976298823283 105
      vertex -62.89462358422627 63.1333308391076 105
    endloop
  endfacet
  facet normal -0.9971226022610113 -0.0758057785411429 0
    outer loop
      vertex -62.89462358422627 63.1333308391076 105
      vertex -63.01255299125573 64.68453286464312 105
      vertex -63.01255299125573 64.68453286464312 100
    endloop
  endfacet
  facet normal -0.9942933599606286 -0.10668043090559584 0
    outer loop
      vertex -63.01255299125573 64.68453286464312 105
      vertex -63.177002066456424 66.21724717912137 105
      vertex -63.177002066456424 66.21724717912137 100
    endloop
  endfacet
  facet normal -0.9904160069218783 -0.13811637568703392 0
    outer loop
      vertex -63.38732180445815 67.72542485937369 100
      vertex -63.177002066456424 66.21724717912137 105
      vertex -63.38732180445815 67.72542485937369 105
    endloop
  endfacet
  facet normal -0.9853945674788774 -0.1702866594396524 0
    outer loop
      vertex -63.38732180445815 67.72542485937369 105
      vertex -63.64268216934098 69.20311381711694 105
      vertex -63.64268216934098 69.20311381711694 100
    endloop
  endfacet
  facet normal -0.9619908961602127 -0.2730815184242074 0
    outer loop
      vertex -64.28431983947364 72.04384185254288 105
      vertex -64.66806489397581 73.39566987447492 105
      vertex -64.66806489397581 73.39566987447492 100
    endloop
  endfacet
  facet normal -0.9791012165649957 -0.20337356691798797 0
    outer loop
      vertex -63.64268216934098 69.20311381711694 105
      vertex -63.942075370407764 70.64448228912681 105
      vertex -63.942075370407764 70.64448228912681 100
    endloop
  endfacet
  facet normal -0.9713703712600336 -0.23757020402008452 0
    outer loop
      vertex -64.28431983947364 72.04384185254288 100
      vertex -63.942075370407764 70.64448228912681 105
      vertex -64.28431983947364 72.04384185254288 105
    endloop
  endfacet
  facet normal -0.9506960101741422 -0.3101243238428218 0
    outer loop
      vertex -65.09179606750062 74.69463130731182 100
      vertex -64.66806489397581 73.39566987447492 105
      vertex -65.09179606750062 74.69463130731182 105
    endloop
  endfacet
  facet normal -0.9371504202212259 -0.34892562227383045 0
    outer loop
      vertex -65.09179606750062 74.69463130731182 105
      vertex -65.55384108669053 75.93559974371723 105
      vertex -65.55384108669053 75.93559974371723 100
    endloop
  endfacet
  facet normal -0.9209342000152875 -0.3897181022767641 0
    outer loop
      vertex -65.55384108669053 75.93559974371723 105
      vertex -66.05237647094306 77.11367764821722 105
      vertex -66.05237647094306 77.11367764821722 100
    endloop
  endfacet
  facet normal -0.940880768954225 0.3387379202452926 0
    outer loop
      vertex -69.54728114167024 87.53571653971684 101.5
      vertex -70.94134147043852 83.66356501575913 103.5
      vertex -69.54728114167024 87.53571653971684 103.5
    endloop
  endfacet
  facet normal -0.6000236291835954 -0.7999822775670392 0
    outer loop
      vertex -70.94134147043852 83.66356501575913 101.5
      vertex -70.38250536778386 83.24441214720629 104.16811078528507
      vertex -70.94134147043852 83.66356501575913 103.5
    endloop
  endfacet
  facet normal -0.9177546256839813 0.3971478906347801 0
    outer loop
      vertex -67.68106352176164 91.84829100779857 101.5
      vertex -69.54728114167024 87.53571653971684 103.5
      vertex -67.68106352176164 91.84829100779857 103.5
    endloop
  endfacet
  facet normal -0.8910065241883677 0.4539904997395471 0
    outer loop
      vertex -67.68106352176164 91.84829100779857 103.5
      vertex -66.87633466797047 93.42766031033224 103.5
      vertex -66.87633466797047 93.42766031033224 101.5
    endloop
  endfacet
  facet normal 0.14139211622881345 0.9899536703645972 0
    outer loop
      vertex -66.20422827644308 93.33166536847403 104.14274912932157
      vertex -66.20422827644308 93.33166536847403 100.85725087067841
      vertex -66.87633466797047 93.42766031033224 103.5
    endloop
  endfacet
  facet normal 0.051710451956935646 0.9986621196172454 0
    outer loop
      vertex -65.27396375549411 93.2834965255062 104.99390907985362
      vertex -65.27396375549411 93.2834965255062 100.00609092014638
      vertex -66.20422827644308 93.33166536847403 104.14274912932157
    endloop
  endfacet
  facet normal 0.9408807689542252 -0.3387379202452919 0
    outer loop
      vertex -55.35148925121231 77.98478907354288 101.5
      vertex -54.11299148146717 81.42484896734538 103.5
      vertex -55.35148925121231 77.98478907354288 103.5
    endloop
  endfacet
  facet normal 0.9177546256839813 -0.39714789063478045 0
    outer loop
      vertex -54.11299148146717 81.42484896734538 101.5
      vertex -52.66093445621892 84.78035477035618 103.5
      vertex -54.11299148146717 81.42484896734538 103.5
    endloop
  endfacet
  facet normal -0.7764423384405067 -0.6301883012854471 0
    outer loop
      vertex -69.01895591077941 81.90766700109658 100
      vertex -68.37007846025203 81.10819813755037 105
      vertex -69.01895591077941 81.90766700109658 105
    endloop
  endfacet
  facet normal -0.8503547003523044 -0.5262099234989231 0
    outer loop
      vertex -67.74657697249032 80.22542485937369 100
      vertex -67.15091212301573 79.26283106939474 105
      vertex -67.74657697249032 80.22542485937369 105
    endloop
  endfacet
  facet normal -0.8782650416546245 -0.4781741488280193 0
    outer loop
      vertex -67.15091212301573 79.26283106939474 100
      vertex -66.58543472885573 78.22421568553528 105
      vertex -67.15091212301573 79.26283106939474 105
    endloop
  endfacet
  facet normal -0.8168076685527244 -0.576910073229323 0
    outer loop
      vertex -68.37007846025203 81.10819813755037 100
      vertex -67.74657697249032 80.22542485937369 105
      vertex -68.37007846025203 81.10819813755037 105
    endloop
  endfacet
  facet normal -0.6695959456585209 -0.7427255681324504 0
    outer loop
      vertex -70.38250536778386 83.24441214720629 100.83188921471492
      vertex -69.73086227138324 82.65693058727646 104.98063245509887
      vertex -70.38250536778386 83.24441214720629 104.16811078528507
    endloop
  endfacet
  facet normal -0.6695959456585235 -0.7427255681324479 0
    outer loop
      vertex -69.73086227138324 82.65693058727646 104.98063245509887
      vertex -69.69064850121913 82.62067631165048 100
      vertex -69.69064850121913 82.62067631165048 105
    endloop
  endfacet
  facet normal -0.7278814791701075 -0.6857029621353086 0
    outer loop
      vertex -69.69064850121913 82.62067631165048 100
      vertex -69.01895591077941 81.90766700109658 105
      vertex -69.69064850121913 82.62067631165048 105
    endloop
  endfacet
  facet normal -0.9015230574682735 -0.43273106758477126 0
    outer loop
      vertex -66.58543472885573 78.22421568553528 100
      vertex -66.05237647094306 77.11367764821722 105
      vertex -66.58543472885573 78.22421568553528 105
    endloop
  endfacet
  facet normal -0.6654673357362059 0.2395829830266466 0.7069322593517778
    outer loop
      vertex -69.54728114167024 87.53571653971684 103.5
      vertex -70.94134147043852 83.66356501575913 103.5
      vertex -70.38250536778386 83.24441214720629 104.16811078528507
    endloop
  endfacet
  facet normal -0.02982471541514575 0.9995551442268733 0
    outer loop
      vertex -65.26702564761136 93.283703544693 105
      vertex -65.27396375549411 93.2834965255062 100.00609092014638
      vertex -65.27396375549411 93.2834965255062 104.99390907985362
    endloop
  endfacet
  facet normal -0.029824715415709132 0.9995551442268567 0
    outer loop
      vertex -64.29483165137964 93.31271185847532 100
      vertex -65.26702564761136 93.283703544693 105
      vertex -64.29483165137964 93.31271185847532 105
    endloop
  endfacet
  facet normal -0.10341722144824227 0.9946380639749945 0
    outer loop
      vertex -63.27069615119165 93.4191960678094 100
      vertex -64.29483165137964 93.31271185847532 105
      vertex -63.27069615119165 93.4191960678094 105
    endloop
  endfacet
  facet normal -0.16963321644353133 0.9855072662740859 0
    outer loop
      vertex -62.20559904986642 93.60252890898221 100
      vertex -63.27069615119165 93.4191960678094 105
      vertex -62.20559904986642 93.60252890898221 105
    endloop
  endfacet
  facet normal -0.22920496979922947 0.9733781802667113 0
    outer loop
      vertex -61.1037437990663 93.86198685102644 100
      vertex -62.20559904986642 93.60252890898221 105
      vertex -61.1037437990663 93.86198685102644 105
    endloop
  endfacet
  facet normal -0.2829069834086642 0.959147349857471 0
    outer loop
      vertex -59.96947891807639 94.19654593197988 100
      vertex -61.1037437990663 93.86198685102644 105
      vertex -59.96947891807639 94.19654593197988 105
    endloop
  endfacet
  facet normal -0.3314859950125629 0.9434601396511307 0
    outer loop
      vertex -58.80728083218564 94.60488579999556 100
      vertex -59.96947891807639 94.19654593197988 105
      vertex -58.80728083218564 94.60488579999556 105
    endloop
  endfacet
  facet normal -0.3756265049863605 0.9267711307284727 0
    outer loop
      vertex -57.621736206281255 95.08539492416712 100
      vertex -58.80728083218564 94.60488579999556 105
      vertex -57.621736206281255 95.08539492416712 105
    endloop
  endfacet
  facet normal -0.41593774349069035 0.9093930907698127 0
    outer loop
      vertex -56.41752384337788 95.6361769545052 100
      vertex -57.621736206281255 95.08539492416712 105
      vertex -56.41752384337788 95.6361769545052 105
    endloop
  endfacet
  facet normal 0.8910065241883663 -0.4539904997395497 0
    outer loop
      vertex -52.66093445621892 84.78035477035618 101.5
      vertex -51.00104878116445 88.03806383415557 103.5
      vertex -52.66093445621892 84.78035477035618 103.5
    endloop
  endfacet
  facet normal 0.8607420270039451 -0.5090414157503689 0
    outer loop
      vertex -51.00104878116445 88.03806383415557 101.5
      vertex -49.139885266733586 91.18511946937447 103.5
      vertex -51.00104878116445 88.03806383415557 103.5
    endloop
  endfacet
  facet normal 0.8270805742745613 -0.5620833778521314 0
    outer loop
      vertex -49.139885266733586 91.18511946937447 101.5
      vertex -47.084789075033 94.20910168517366 103.5
      vertex -49.139885266733586 91.18511946937447 103.5
    endloop
  endfacet
  facet normal 0.7901550123756914 -0.6129070536529752 0
    outer loop
      vertex -47.084789075033 94.20910168517366 101.5
      vertex -44.84387073184723 97.09807620527343 103.5
      vertex -47.084789075033 94.20910168517366 103.5
    endloop
  endfacet
  facet normal 0.7069322593517747 -0.022216241257016007 0.706932259351775
    outer loop
      vertex -58.20000000298023 60 103.5
      vertex -58.08515559749976 63.65440823679319 103.5
      vertex -59.582195690142164 63.74859401608716 105
    endloop
  endfacet
  facet normal 0.7041423206907417 -0.06656104641644274 0.7069322593517747
    outer loop
      vertex -58.08515559749976 63.65440823679319 103.5
      vertex -57.74107561945934 67.29439419381607 103.5
      vertex -59.229247671431054 67.48239404416253 105
    endloop
  endfacet
  facet normal 0.6985734539819688 -0.11064316553451288 0.7069322593517744
    outer loop
      vertex -57.74107561945934 67.29439419381607 103.5
      vertex -57.16911799533713 70.90559250944757 103.5
      vertex -58.642548871430165 71.18666448132615 105
    endloop
  endfacet
  facet normal 0.690247636998183 -0.15428862662627088 0.706932259351774
    outer loop
      vertex -57.16911799533713 70.90559250944757 103.5
      vertex -56.37153998057294 74.47375143373569 103.5
      vertex -57.824414722265885 74.84678626448296 105
    endloop
  endfacet
  facet normal 0.6791977279353126 -0.197325180996506 0.7069322593517748
    outer loop
      vertex -56.37153998057294 74.47375143373569 103.5
      vertex -55.35148925121231 77.98478907354288 103.5
      vertex -56.77807402565504 78.4483145651053 105
    endloop
  endfacet
  facet normal 0 0 1
    outer loop
      vertex -59.229247671431054 67.48239404416253 105
      vertex -63.64268216934098 69.20311381711694 105
      vertex -63.38732180445815 67.72542485937369 105
    endloop
  endfacet
  facet normal 0 0 1
    outer loop
      vertex -58.642548871430165 71.18666448132615 105
      vertex -63.942075370407764 70.64448228912681 105
      vertex -63.64268216934098 69.20311381711694 105
    endloop
  endfacet
  facet normal 0 0 1
    outer loop
      vertex -58.642548871430165 71.18666448132615 105
      vertex -64.28431983947364 72.04384185254288 105
      vertex -63.942075370407764 70.64448228912681 105
    endloop
  endfacet
  facet normal 0 0 1
    outer loop
      vertex -58.642548871430165 71.18666448132615 105
      vertex -65.09179606750062 74.69463130731182 105
      vertex -64.66806489397581 73.39566987447492 105
    endloop
  endfacet
  facet normal 0 0 1
    outer loop
      vertex -58.642548871430165 71.18666448132615 105
      vertex -64.66806489397581 73.39566987447492 105
      vertex -64.28431983947364 72.04384185254288 105
    endloop
  endfacet
  facet normal 0 0 1
    outer loop
      vertex -57.824414722265885 74.84678626448296 105
      vertex -65.55384108669053 75.93559974371723 105
      vertex -65.09179606750062 74.69463130731182 105
    endloop
  endfacet
  facet normal 0 0 1
    outer loop
      vertex -57.824414722265885 74.84678626448296 105
      vertex -67.15091212301573 79.26283106939474 105
      vertex -66.58543472885573 78.22421568553528 105
    endloop
  endfacet
  facet normal 0 0 1
    outer loop
      vertex -57.824414722265885 74.84678626448296 105
      vertex -66.58543472885573 78.22421568553528 105
      vertex -66.05237647094306 77.11367764821722 105
    endloop
  endfacet
  facet normal 0 0 1
    outer loop
      vertex -57.824414722265885 74.84678626448296 105
      vertex -66.05237647094306 77.11367764821722 105
      vertex -65.55384108669053 75.93559974371723 105
    endloop
  endfacet
  facet normal 0.7069322593517748 -0.022216241257015937 0.7069322593517748
    outer loop
      vertex -58.20000000298023 60 103.5
      vertex -59.582195690142164 63.74859401608716 105
      vertex -59.70000000298023 60 105
    endloop
  endfacet
  facet normal 0.7041423206907415 -0.06656104641644288 0.706932259351775
    outer loop
      vertex -58.08515559749976 63.65440823679319 103.5
      vertex -59.229247671431054 67.48239404416253 105
      vertex -59.582195690142164 63.74859401608716 105
    endloop
  endfacet
  facet normal 0.6985734539819685 -0.11064316553451309 0.7069322593517747
    outer loop
      vertex -57.74107561945934 67.29439419381607 103.5
      vertex -58.642548871430165 71.18666448132615 105
      vertex -59.229247671431054 67.48239404416253 105
    endloop
  endfacet
  facet normal 0 0 1
    outer loop
      vertex -59.70000000298023 60 105
      vertex -62.823679258860736 61.56976298823283 105
      vertex -62.8 60 105
    endloop
  endfacet
  facet normal 0 0 1
    outer loop
      vertex -59.70000000298023 60 105
      vertex -59.582195690142164 63.74859401608716 105
      vertex -62.823679258860736 61.56976298823283 105
    endloop
  endfacet
  facet normal 0 0 1
    outer loop
      vertex -59.582195690142164 63.74859401608716 105
      vertex -62.89462358422627 63.1333308391076 105
      vertex -62.823679258860736 61.56976298823283 105
    endloop
  endfacet
  facet normal 0 0 1
    outer loop
      vertex -59.582195690142164 63.74859401608716 105
      vertex -63.01255299125573 64.68453286464312 105
      vertex -62.89462358422627 63.1333308391076 105
    endloop
  endfacet
  facet normal 0 0 1
    outer loop
      vertex -59.229247671431054 67.48239404416253 105
      vertex -63.177002066456424 66.21724717912137 105
      vertex -63.01255299125573 64.68453286464312 105
    endloop
  endfacet
  facet normal 0 0 1
    outer loop
      vertex -59.582195690142164 63.74859401608716 105
      vertex -59.229247671431054 67.48239404416253 105
      vertex -63.01255299125573 64.68453286464312 105
    endloop
  endfacet
  facet normal 0 0 1
    outer loop
      vertex -59.229247671431054 67.48239404416253 105
      vertex -63.38732180445815 67.72542485937369 105
      vertex -63.177002066456424 66.21724717912137 105
    endloop
  endfacet
  facet normal 0.6902476369981827 -0.1542886266262711 0.7069322593517743
    outer loop
      vertex -57.16911799533713 70.90559250944757 103.5
      vertex -57.824414722265885 74.84678626448296 105
      vertex -58.642548871430165 71.18666448132615 105
    endloop
  endfacet
  facet normal 0.6791977279353141 -0.19732518099650548 0.7069322593517738
    outer loop
      vertex -56.37153998057294 74.47375143373569 103.5
      vertex -56.77807402565504 78.4483145651053 105
      vertex -57.824414722265885 74.84678626448296 105
    endloop
  endfacet
  facet normal 0 0 1
    outer loop
      vertex -59.229247671431054 67.48239404416253 105
      vertex -58.642548871430165 71.18666448132615 105
      vertex -63.64268216934098 69.20311381711694 105
    endloop
  endfacet
  facet normal 0 0 1
    outer loop
      vertex -58.642548871430165 71.18666448132615 105
      vertex -57.824414722265885 74.84678626448296 105
      vertex -65.09179606750062 74.69463130731182 105
    endloop
  endfacet
  facet normal -0.6654673357362093 0.23958298302664677 0.7069322593517745
    outer loop
      vertex -69.54728114167024 87.53571653971684 103.5
      vertex -70.38250536778386 83.24441214720629 104.16811078528507
      vertex -69.73086227138324 82.65693058727646 104.98063245509887
    endloop
  endfacet
  facet normal -0.6491106479860627 0.28089526047783525 0.7069322593517732
    outer loop
      vertex -69.54728114167024 87.53571653971684 103.5
      vertex -68.15261641283787 86.98352971068982 105
      vertex -67.68106352176164 91.84829100779857 103.5
    endloop
  endfacet
  facet normal -0.6301922170587585 0.32109897266475484 0.7069322593517753
    outer loop
      vertex -67.68106352176164 91.84829100779857 103.5
      vertex -66.32382294306261 91.20962207045096 105
      vertex -66.87633466797047 93.42766031033224 103.5
    endloop
  endfacet
  facet normal -0.6301922170587505 0.32109897266475995 0.7069322593517801
    outer loop
      vertex -66.32382294306261 91.20962207045096 105
      vertex -66.20422827644308 93.33166536847403 104.14274912932157
      vertex -66.87633466797047 93.42766031033224 103.5
    endloop
  endfacet
  facet normal 0.6654673357362088 -0.23958298302664705 0.7069322593517752
    outer loop
      vertex -55.35148925121231 77.98478907354288 103.5
      vertex -54.11299148146717 81.42484896734538 103.5
      vertex -55.50765621029955 81.97703579637239 105
    endloop
  endfacet
  facet normal 0.6491106479860609 -0.28089526047783464 0.7069322593517752
    outer loop
      vertex -54.11299148146717 81.42484896734538 103.5
      vertex -52.66093445621892 84.78035477035618 103.5
      vertex -54.018175034917945 85.4190237077038 105
    endloop
  endfacet
  facet normal -0.6654673357362896 0.2395829830266285 0.7069322593517052
    outer loop
      vertex -69.54728114167024 87.53571653971684 103.5
      vertex -69.73086227138324 82.65693058727646 104.98063245509887
      vertex -69.71244264160039 82.6509456867627 105
    endloop
  endfacet
  facet normal -0.6654673357362109 0.23958298302664688 0.7069322593517732
    outer loop
      vertex -69.54728114167024 87.53571653971684 103.5
      vertex -69.71244264160039 82.6509456867627 105
      vertex -68.15261641283787 86.98352971068982 105
    endloop
  endfacet
  facet normal -0.679197727935297 0.197325180996791 0.7069322593517104
    outer loop
      vertex -69.71244264160039 82.6509456867627 105
      vertex -69.73086227138324 82.65693058727646 104.98063245509887
      vertex -69.71488789564502 82.6425290671354 105
    endloop
  endfacet
  facet normal -0.6695959456584876 -0.7427255681324804 -1.353378627692696e-13
    outer loop
      vertex -69.71488789564502 82.6425290671354 105
      vertex -69.73086227138324 82.65693058727646 104.98063245509887
      vertex -69.69064850121913 82.62067631165048 105
    endloop
  endfacet
  facet normal 0 0 1
    outer loop
      vertex -69.71244264160039 82.6509456867627 105
      vertex -69.71488789564502 82.6425290671354 105
      vertex -69.69064850121913 82.62067631165048 105
    endloop
  endfacet
  facet normal 0 0 1
    outer loop
      vertex -57.824414722265885 74.84678626448296 105
      vertex -69.69064850121913 82.62067631165048 105
      vertex -69.01895591077941 81.90766700109658 105
    endloop
  endfacet
  facet normal 0 0 1
    outer loop
      vertex -57.824414722265885 74.84678626448296 105
      vertex -68.37007846025203 81.10819813755037 105
      vertex -67.74657697249032 80.22542485937369 105
    endloop
  endfacet
  facet normal 0 0 1
    outer loop
      vertex -57.824414722265885 74.84678626448296 105
      vertex -69.01895591077941 81.90766700109658 105
      vertex -68.37007846025203 81.10819813755037 105
    endloop
  endfacet
  facet normal 0 0 1
    outer loop
      vertex -57.824414722265885 74.84678626448296 105
      vertex -69.71244264160039 82.6509456867627 105
      vertex -69.69064850121913 82.62067631165048 105
    endloop
  endfacet
  facet normal 0 0 1
    outer loop
      vertex -57.824414722265885 74.84678626448296 105
      vertex -67.74657697249032 80.22542485937369 105
      vertex -67.15091212301573 79.26283106939474 105
    endloop
  endfacet
  facet normal 0 0 1
    outer loop
      vertex -56.77807402565504 78.4483145651053 105
      vertex -68.15261641283787 86.98352971068982 105
      vertex -69.71244264160039 82.6509456867627 105
    endloop
  endfacet
  facet normal -0.6491106479860603 0.28089526047783575 0.7069322593517755
    outer loop
      vertex -67.68106352176164 91.84829100779857 103.5
      vertex -68.15261641283787 86.98352971068982 105
      vertex -66.32382294306261 91.20962207045096 105
    endloop
  endfacet
  facet normal 0 0 1
    outer loop
      vertex -68.15261641283787 86.98352971068982 105
      vertex -55.50765621029955 81.97703579637239 105
      vertex -66.32382294306261 91.20962207045096 105
    endloop
  endfacet
  facet normal -0.6301922170587647 0.3210989726647564 0.7069322593517692
    outer loop
      vertex -66.32382294306261 91.20962207045096 105
      vertex -65.27396375549411 93.2834965255062 104.99390907985362
      vertex -66.20422827644308 93.33166536847403 104.14274912932157
    endloop
  endfacet
  facet normal -0.630192217058269 0.3210989726645071 0.7069322593523242
    outer loop
      vertex -66.32382294306261 91.20962207045096 105
      vertex -65.26702564761136 93.283703544693 105
      vertex -65.27396375549411 93.2834965255062 104.99390907985362
    endloop
  endfacet
  facet normal 0.6654673357362091 -0.23958298302664696 0.706932259351775
    outer loop
      vertex -55.35148925121231 77.98478907354288 103.5
      vertex -55.50765621029955 81.97703579637239 105
      vertex -56.77807402565504 78.4483145651053 105
    endloop
  endfacet
  facet normal 0.6491106479860612 -0.2808952604778346 0.706932259351775
    outer loop
      vertex -54.11299148146717 81.42484896734538 103.5
      vertex -54.018175034917945 85.4190237077038 105
      vertex -55.50765621029955 81.97703579637239 105
    endloop
  endfacet
  facet normal 0 0 1
    outer loop
      vertex -57.824414722265885 74.84678626448296 105
      vertex -56.77807402565504 78.4483145651053 105
      vertex -69.71244264160039 82.6509456867627 105
    endloop
  endfacet
  facet normal 0 0 1
    outer loop
      vertex -56.77807402565504 78.4483145651053 105
      vertex -55.50765621029955 81.97703579637239 105
      vertex -68.15261641283787 86.98352971068982 105
    endloop
  endfacet
  facet normal 0 0 1
    outer loop
      vertex -66.32382294306261 91.20962207045096 105
      vertex -55.50765621029955 81.97703579637239 105
      vertex -54.018175034917945 85.4190237077038 105
    endloop
  endfacet
  facet normal 0 0 1
    outer loop
      vertex -66.32382294306261 91.20962207045096 105
      vertex -54.018175034917945 85.4190237077038 105
      vertex -65.26702564761136 93.283703544693 105
    endloop
  endfacet
  facet normal 0 0 1
    outer loop
      vertex -54.018175034917945 85.4190237077038 105
      vertex -64.29483165137964 93.31271185847532 105
      vertex -65.26702564761136 93.283703544693 105
    endloop
  endfacet
  facet normal 0 0 1
    outer loop
      vertex -54.018175034917945 85.4190237077038 105
      vertex -63.27069615119165 93.4191960678094 105
      vertex -64.29483165137964 93.31271185847532 105
    endloop
  endfacet
  facet normal 0 0 1
    outer loop
      vertex -54.018175034917945 85.4190237077038 105
      vertex -62.20559904986642 93.60252890898221 105
      vertex -63.27069615119165 93.4191960678094 105
    endloop
  endfacet
  facet normal 0 0 1
    outer loop
      vertex -52.315508801230244 88.76069434530814 105
      vertex -61.1037437990663 93.86198685102644 105
      vertex -62.20559904986642 93.60252890898221 105
    endloop
  endfacet
  facet normal 0 0 1
    outer loop
      vertex -52.315508801230244 88.76069434530814 105
      vertex -59.96947891807639 94.19654593197988 105
      vertex -61.1037437990663 93.86198685102644 105
    endloop
  endfacet
  facet normal 0 0 1
    outer loop
      vertex -54.018175034917945 85.4190237077038 105
      vertex -52.315508801230244 88.76069434530814 105
      vertex -62.20559904986642 93.60252890898221 105
    endloop
  endfacet
  facet normal 0 0 1
    outer loop
      vertex -52.315508801230244 88.76069434530814 105
      vertex -58.80728083218564 94.60488579999556 105
      vertex -59.96947891807639 94.19654593197988 105
    endloop
  endfacet
  facet normal 0 0 1
    outer loop
      vertex -52.315508801230244 88.76069434530814 105
      vertex -57.621736206281255 95.08539492416712 105
      vertex -58.80728083218564 94.60488579999556 105
    endloop
  endfacet
  facet normal 0 0 1
    outer loop
      vertex -52.315508801230244 88.76069434530814 105
      vertex -56.41752384337788 95.6361769545052 105
      vertex -57.621736206281255 95.08539492416712 105
    endloop
  endfacet
  facet normal 0 0 1
    outer loop
      vertex -50.40637715498661 91.98885966184297 105
      vertex -55.19939621951958 96.25505820596445 105
      vertex -56.41752384337788 95.6361769545052 105
    endloop
  endfacet
  facet normal 0.6301922170587579 -0.3210989726647569 0.7069322593517747
    outer loop
      vertex -52.66093445621892 84.78035477035618 103.5
      vertex -51.00104878116445 88.03806383415557 103.5
      vertex -52.315508801230244 88.76069434530814 105
    endloop
  endfacet
  facet normal 0.6087867053581648 -0.3600354539027319 0.7069322593517746
    outer loop
      vertex -51.00104878116445 88.03806383415557 103.5
      vertex -49.139885266733586 91.18511946937447 103.5
      vertex -50.40637715498661 91.98885966184297 105
    endloop
  endfacet
  facet normal 0.5849785906597076 -0.39755103968871064 0.7069322593517766
    outer loop
      vertex -49.139885266733586 91.18511946937447 103.5
      vertex -47.084789075033 94.20910168517366 103.5
      vertex -48.29831456659542 95.09077956361239 105
    endloop
  endfacet
  facet normal 0.6301922170587573 -0.321098972664757 0.7069322593517752
    outer loop
      vertex -52.66093445621892 84.78035477035618 103.5
      vertex -52.315508801230244 88.76069434530814 105
      vertex -54.018175034917945 85.4190237077038 105
    endloop
  endfacet
  facet normal 0.6087867053581647 -0.3600354539027319 0.7069322593517747
    outer loop
      vertex -51.00104878116445 88.03806383415557 103.5
      vertex -50.40637715498661 91.98885966184297 105
      vertex -52.315508801230244 88.76069434530814 105
    endloop
  endfacet
  facet normal 0.5849785906597099 -0.3975510396887104 0.7069322593517748
    outer loop
      vertex -49.139885266733586 91.18511946937447 103.5
      vertex -48.29831456659542 95.09077956361239 105
      vertex -50.40637715498661 91.98885966184297 105
    endloop
  endfacet
  facet normal 0 0 1
    outer loop
      vertex -52.315508801230244 88.76069434530814 105
      vertex -50.40637715498661 91.98885966184297 105
      vertex -56.41752384337788 95.6361769545052 105
    endloop
  endfacet
  facet normal 0 0 1
    outer loop
      vertex -50.40637715498661 91.98885966184297 105
      vertex -53.97216072792815 96.9395962369853 105
      vertex -55.19939621951958 96.25505820596445 105
    endloop
  endfacet
  facet normal 0 0 1
    outer loop
      vertex -50.40637715498661 91.98885966184297 105
      vertex -48.29831456659542 95.09077956361239 105
      vertex -52.740660706418325 97.68708948869498 105
    endloop
  endfacet
  facet normal -0.4529525832409801 0.8915346080412824 0
    outer loop
      vertex -55.19939621951958 96.25505820596445 100
      vertex -56.41752384337788 95.6361769545052 105
      vertex -55.19939621951958 96.25505820596445 105
    endloop
  endfacet
  facet normal -0.4871324926201313 0.8733280796090881 0
    outer loop
      vertex -53.97216072792815 96.9395962369853 100
      vertex -55.19939621951958 96.25505820596445 105
      vertex -53.97216072792815 96.9395962369853 105
    endloop
  endfacet
  facet normal 0.7501110696304604 -0.6613118653236509 0
    outer loop
      vertex -44.84387073184723 97.09807620527343 101.5
      vertex -42.42597411809866 99.84064156708979 103.5
      vertex -44.84387073184723 97.09807620527343 103.5
    endloop
  endfacet
  facet normal 0.7071067811865456 -0.7071067811865495 0
    outer loop
      vertex -42.42597411809866 99.84064156708979 101.5
      vertex -39.84064156708978 102.42597411809865 103.5
      vertex -42.42597411809866 99.84064156708979 103.5
    endloop
  endfacet
  facet normal 0.661311865323653 -0.7501110696304586 0
    outer loop
      vertex -39.84064156708978 102.42597411809865 101.5
      vertex -37.09807620527343 104.84387073184723 103.5
      vertex -39.84064156708978 102.42597411809865 103.5
    endloop
  endfacet
  facet normal 0.612907053652976 -0.7901550123756906 0
    outer loop
      vertex -37.09807620527343 104.84387073184723 101.5
      vertex -34.20910168517367 107.084789075033 103.5
      vertex -37.09807620527343 104.84387073184723 103.5
    endloop
  endfacet
  facet normal -0.5188750742911917 0.8548500788321366 0
    outer loop
      vertex -52.740660706418325 97.68708948869498 100
      vertex -53.97216072792815 96.9395962369853 105
      vertex -52.740660706418325 97.68708948869498 105
    endloop
  endfacet
  facet normal -0.5485222814192978 0.8361359379829146 0
    outer loop
      vertex -51.509756322956186 98.49458794672617 100
      vertex -52.740660706418325 97.68708948869498 105
      vertex -51.509756322956186 98.49458794672617 105
    endloop
  endfacet
  facet normal -0.5763683291733255 0.8171900324440756 0
    outer loop
      vertex -50.28430539479653 99.35890478357601 100
      vertex -51.509756322956186 98.49458794672617 105
      vertex -50.28430539479653 99.35890478357601 105
    endloop
  endfacet
  facet normal -0.6026668488489533 0.7979929005313725 0
    outer loop
      vertex -49.06914421689752 100.27662893555822 100
      vertex -50.28430539479653 99.35890478357601 105
      vertex -49.06914421689752 100.27662893555822 105
    endloop
  endfacet
  facet normal -0.6276371212036649 0.7785060334301693 0
    outer loop
      vertex -47.86906847527399 101.24413856471321 100
      vertex -49.06914421689752 100.27662893555822 105
      vertex -47.86906847527399 101.24413856471321 105
    endloop
  endfacet
  facet normal -0.6514693736735667 0.7586749337927086 0
    outer loop
      vertex -46.68881432061568 102.25761535254783 100
      vertex -47.86906847527399 101.24413856471321 105
      vertex -46.68881432061568 102.25761535254783 105
    endloop
  endfacet
  facet normal -0.6743291934538831 0.7384308626106005 0
    outer loop
      vertex -45.53303967686418 103.313059569194 100
      vertex -46.68881432061568 102.25761535254783 105
      vertex -45.53303967686418 103.313059569194 105
    endloop
  endfacet
  facet normal -0.6963611304138585 0.7176915605249466 0
    outer loop
      vertex -44.40630585851518 104.40630585851518 100
      vertex -45.53303967686418 103.313059569194 105
      vertex -44.40630585851518 104.40630585851518 105
    endloop
  endfacet
  facet normal -0.7176915605249466 0.6963611304138585 0
    outer loop
      vertex -43.313059569193996 105.53303967686418 100
      vertex -44.40630585851518 104.40630585851518 105
      vertex -43.313059569193996 105.53303967686418 105
    endloop
  endfacet
  facet normal -0.7384308626106005 0.6743291934538831 0
    outer loop
      vertex -43.313059569193996 105.53303967686418 105
      vertex -42.25761535254783 106.68881432061568 105
      vertex -42.25761535254783 106.68881432061568 100
    endloop
  endfacet
  facet normal -0.7586749337927086 0.6514693736735667 0
    outer loop
      vertex -41.24413856471321 107.86906847527399 100
      vertex -42.25761535254783 106.68881432061568 105
      vertex -41.24413856471321 107.86906847527399 105
    endloop
  endfacet
  facet normal -0.7785060334301654 0.62763712120367 0
    outer loop
      vertex -41.24413856471321 107.86906847527399 105
      vertex -40.276628935558215 109.06914421689751 105
      vertex -40.276628935558215 109.06914421689751 100
    endloop
  endfacet
  facet normal -0.7979929005313764 0.6026668488489481 0
    outer loop
      vertex -40.276628935558215 109.06914421689751 105
      vertex -39.35890478357601 110.28430539479653 105
      vertex -39.35890478357601 110.28430539479653 100
    endloop
  endfacet
  facet normal -0.8171900324440762 0.5763683291733245 0
    outer loop
      vertex -38.49458794672618 111.50975632295618 100
      vertex -39.35890478357601 110.28430539479653 105
      vertex -38.49458794672618 111.50975632295618 105
    endloop
  endfacet
  facet normal -0.836135937982914 0.548522281419299 0
    outer loop
      vertex -38.49458794672618 111.50975632295618 105
      vertex -37.68708948869498 112.74066070641832 105
      vertex -37.68708948869498 112.74066070641832 100
    endloop
  endfacet
  facet normal -0.8548500788321401 0.518875074291186 0
    outer loop
      vertex -36.9395962369853 113.97216072792816 100
      vertex -37.68708948869498 112.74066070641832 105
      vertex -36.9395962369853 113.97216072792816 105
    endloop
  endfacet
  facet normal -0.8733280796090857 0.4871324926201356 0
    outer loop
      vertex -36.9395962369853 113.97216072792816 105
      vertex -36.25505820596445 115.19939621951957 105
      vertex -36.25505820596445 115.19939621951957 100
    endloop
  endfacet
  facet normal -0.8915346080412814 0.4529525832409821 0
    outer loop
      vertex -36.25505820596445 115.19939621951957 105
      vertex -35.6361769545052 116.41752384337788 105
      vertex -35.6361769545052 116.41752384337788 100
    endloop
  endfacet
  facet normal 0.5588618327152196 -0.4334976731448306 0.7069322593517737
    outer loop
      vertex -47.084789075033 94.20910168517366 103.5
      vertex -44.84387073184723 97.09807620527343 103.5
      vertex -45.99964059601091 98.05421218989646 105
    endloop
  endfacet
  facet normal 0.5305395024366859 -0.46773348933129666 0.7069322593517736
    outer loop
      vertex -44.84387073184723 97.09807620527343 103.5
      vertex -42.42597411809866 99.84064156708979 103.5
      vertex -43.51942705923077 100.86746222598282 105
    endloop
  endfacet
  facet normal 0.5001233751224761 -0.5001233751224788 0.7069322593517737
    outer loop
      vertex -42.42597411809866 99.84064156708979 103.5
      vertex -39.84064156708978 102.42597411809865 103.5
      vertex -40.86746222598281 103.51942705923076 105
    endloop
  endfacet
  facet normal 0.46773348933129727 -0.5305395024366837 0.7069322593517751
    outer loop
      vertex -39.84064156708978 102.42597411809865 103.5
      vertex -37.09807620527343 104.84387073184723 103.5
      vertex -38.05421218989646 105.99964059601092 105
    endloop
  endfacet
  facet normal 0.5588618327152157 -0.43349767314483073 0.7069322593517767
    outer loop
      vertex -47.084789075033 94.20910168517366 103.5
      vertex -45.99964059601091 98.05421218989646 105
      vertex -48.29831456659542 95.09077956361239 105
    endloop
  endfacet
  facet normal 0.5305395024366858 -0.46773348933129666 0.7069322593517737
    outer loop
      vertex -44.84387073184723 97.09807620527343 103.5
      vertex -43.51942705923077 100.86746222598282 105
      vertex -45.99964059601091 98.05421218989646 105
    endloop
  endfacet
  facet normal 0 0 1
    outer loop
      vertex -50.40637715498661 91.98885966184297 105
      vertex -52.740660706418325 97.68708948869498 105
      vertex -53.97216072792815 96.9395962369853 105
    endloop
  endfacet
  facet normal 0 0 1
    outer loop
      vertex -48.29831456659542 95.09077956361239 105
      vertex -51.509756322956186 98.49458794672617 105
      vertex -52.740660706418325 97.68708948869498 105
    endloop
  endfacet
  facet normal 0 0 1
    outer loop
      vertex -48.29831456659542 95.09077956361239 105
      vertex -50.28430539479653 99.35890478357601 105
      vertex -51.509756322956186 98.49458794672617 105
    endloop
  endfacet
  facet normal 0 0 1
    outer loop
      vertex -48.29831456659542 95.09077956361239 105
      vertex -45.99964059601091 98.05421218989646 105
      vertex -50.28430539479653 99.35890478357601 105
    endloop
  endfacet
  facet normal 0 0 1
    outer loop
      vertex -45.99964059601091 98.05421218989646 105
      vertex -49.06914421689752 100.27662893555822 105
      vertex -50.28430539479653 99.35890478357601 105
    endloop
  endfacet
  facet normal 0 0 1
    outer loop
      vertex -45.99964059601091 98.05421218989646 105
      vertex -47.86906847527399 101.24413856471321 105
      vertex -49.06914421689752 100.27662893555822 105
    endloop
  endfacet
  facet normal 0 0 1
    outer loop
      vertex -45.99964059601091 98.05421218989646 105
      vertex -43.51942705923077 100.86746222598282 105
      vertex -47.86906847527399 101.24413856471321 105
    endloop
  endfacet
  facet normal 0 0 1
    outer loop
      vertex -43.51942705923077 100.86746222598282 105
      vertex -46.68881432061568 102.25761535254783 105
      vertex -47.86906847527399 101.24413856471321 105
    endloop
  endfacet
  facet normal 0 0 1
    outer loop
      vertex -43.51942705923077 100.86746222598282 105
      vertex -45.53303967686418 103.313059569194 105
      vertex -46.68881432061568 102.25761535254783 105
    endloop
  endfacet
  facet normal 0 0 1
    outer loop
      vertex -43.51942705923077 100.86746222598282 105
      vertex -44.40630585851518 104.40630585851518 105
      vertex -45.53303967686418 103.313059569194 105
    endloop
  endfacet
  facet normal 0.5001233751224762 -0.5001233751224788 0.7069322593517736
    outer loop
      vertex -42.42597411809866 99.84064156708979 103.5
      vertex -40.86746222598281 103.51942705923076 105
      vertex -43.51942705923077 100.86746222598282 105
    endloop
  endfacet
  facet normal 0.4677334893312989 -0.5305395024366839 0.7069322593517737
    outer loop
      vertex -39.84064156708978 102.42597411809865 103.5
      vertex -38.05421218989646 105.99964059601092 105
      vertex -40.86746222598281 103.51942705923076 105
    endloop
  endfacet
  facet normal 0 0 1
    outer loop
      vertex -43.51942705923077 100.86746222598282 105
      vertex -40.86746222598281 103.51942705923076 105
      vertex -44.40630585851518 104.40630585851518 105
    endloop
  endfacet
  facet normal 0.43349767314483023 -0.5588618327152182 0.7069322593517751
    outer loop
      vertex -38.05421218989646 105.99964059601092 105
      vertex -37.09807620527343 104.84387073184723 103.5
      vertex -35.09077956361238 108.29831456659542 105
    endloop
  endfacet
  facet normal 0 0 1
    outer loop
      vertex -40.86746222598281 103.51942705923076 105
      vertex -43.313059569193996 105.53303967686418 105
      vertex -44.40630585851518 104.40630585851518 105
    endloop
  endfacet
  facet normal 0 0 1
    outer loop
      vertex -40.86746222598281 103.51942705923076 105
      vertex -42.25761535254783 106.68881432061568 105
      vertex -43.313059569193996 105.53303967686418 105
    endloop
  endfacet
  facet normal 0 0 1
    outer loop
      vertex -40.86746222598281 103.51942705923076 105
      vertex -38.05421218989646 105.99964059601092 105
      vertex -42.25761535254783 106.68881432061568 105
    endloop
  endfacet
  facet normal 0 0 1
    outer loop
      vertex -38.05421218989646 105.99964059601092 105
      vertex -41.24413856471321 107.86906847527399 105
      vertex -42.25761535254783 106.68881432061568 105
    endloop
  endfacet
  facet normal 0 0 1
    outer loop
      vertex -38.05421218989646 105.99964059601092 105
      vertex -40.276628935558215 109.06914421689751 105
      vertex -41.24413856471321 107.86906847527399 105
    endloop
  endfacet
  facet normal 0 0 1
    outer loop
      vertex -38.05421218989646 105.99964059601092 105
      vertex -35.09077956361238 108.29831456659542 105
      vertex -40.276628935558215 109.06914421689751 105
    endloop
  endfacet
  facet normal 0 0 1
    outer loop
      vertex -35.09077956361238 108.29831456659542 105
      vertex -39.35890478357601 110.28430539479653 105
      vertex -40.276628935558215 109.06914421689751 105
    endloop
  endfacet
  facet normal 0 0 1
    outer loop
      vertex -35.09077956361238 108.29831456659542 105
      vertex -38.49458794672618 111.50975632295618 105
      vertex -39.35890478357601 110.28430539479653 105
    endloop
  endfacet
  facet normal 0 0 1
    outer loop
      vertex -35.09077956361238 108.29831456659542 105
      vertex -37.68708948869498 112.74066070641832 105
      vertex -38.49458794672618 111.50975632295618 105
    endloop
  endfacet
  facet normal 0 0 1
    outer loop
      vertex -35.09077956361238 108.29831456659542 105
      vertex -36.9395962369853 113.97216072792816 105
      vertex -37.68708948869498 112.74066070641832 105
    endloop
  endfacet
  facet normal 0.56208337785213 -0.8270805742745622 0
    outer loop
      vertex -34.20910168517367 107.084789075033 101.5
      vertex -31.185119469374467 109.13988526673359 103.5
      vertex -34.20910168517367 107.084789075033 103.5
    endloop
  endfacet
  facet normal 0.5090414157503715 -0.8607420270039435 0
    outer loop
      vertex -31.185119469374467 109.13988526673359 101.5
      vertex -28.038063834155572 111.00104878116446 103.5
      vertex -31.185119469374467 109.13988526673359 103.5
    endloop
  endfacet
  facet normal 0.4539904997395469 -0.8910065241883679 0
    outer loop
      vertex -28.038063834155572 111.00104878116446 101.5
      vertex -24.780354770356137 112.66093445621894 103.5
      vertex -28.038063834155572 111.00104878116446 103.5
    endloop
  endfacet
  facet normal 0.3971478906347778 -0.9177546256839825 0
    outer loop
      vertex -24.780354770356137 112.66093445621894 101.5
      vertex -21.424848967345376 114.11299148146716 103.5
      vertex -24.780354770356137 112.66093445621894 103.5
    endloop
  endfacet
  facet normal -0.4539904997395461 0.8910065241883683 0
    outer loop
      vertex -31.848291007798498 127.68106352176167 101.5
      vertex -33.427660310332236 126.87633466797047 103.5
      vertex -31.848291007798498 127.68106352176167 103.5
    endloop
  endfacet
  facet normal -0.9899536703645987 -0.1413921162288032 0
    outer loop
      vertex -33.427660310332236 126.87633466797047 103.5
      vertex -33.427660310332236 126.87633466797047 101.5
      vertex -33.331665368474034 126.20422827644308 104.14274912932159
    endloop
  endfacet
  facet normal -0.39714789063477773 0.9177546256839824 0
    outer loop
      vertex -27.535716539716844 129.54728114167023 101.5
      vertex -31.848291007798498 127.68106352176167 103.5
      vertex -27.535716539716844 129.54728114167023 103.5
    endloop
  endfacet
  facet normal 0.33873792024529564 -0.9408807689542239 0
    outer loop
      vertex -21.424848967345376 114.11299148146716 101.5
      vertex -17.98478907354288 115.35148925121231 103.5
      vertex -21.424848967345376 114.11299148146716 103.5
    endloop
  endfacet
  facet normal -0.3387379202452962 0.9408807689542237 0
    outer loop
      vertex -27.535716539716844 129.54728114167023 103.5
      vertex -23.66356501575914 130.94134147043852 103.5
      vertex -23.66356501575914 130.94134147043852 101.5
    endloop
  endfacet
  facet normal 0.7999822775670318 0.6000236291836051 0
    outer loop
      vertex -23.66356501575914 130.94134147043852 103.5
      vertex -23.244412147206287 130.38250536778386 104.16811078528507
      vertex -23.244412147206287 130.38250536778386 100.83188921471493
    endloop
  endfacet
  facet normal 0.742725568132454 0.6695959456585169 0
    outer loop
      vertex -23.244412147206287 130.38250536778386 104.16811078528507
      vertex -22.620676311650488 129.69064850121913 105
      vertex -22.620676311650488 129.69064850121913 100
    endloop
  endfacet
  facet normal -0.9093930907698127 0.41593774349069035 0
    outer loop
      vertex -35.08539492416712 117.62173620628126 100
      vertex -35.6361769545052 116.41752384337788 105
      vertex -35.08539492416712 117.62173620628126 105
    endloop
  endfacet
  facet normal -0.9267711307284727 0.3756265049863605 0
    outer loop
      vertex -34.60488579999556 118.80728083218564 100
      vertex -35.08539492416712 117.62173620628126 105
      vertex -34.60488579999556 118.80728083218564 105
    endloop
  endfacet
  facet normal -0.9434601396511307 0.3314859950125629 0
    outer loop
      vertex -34.60488579999556 118.80728083218564 105
      vertex -34.196545931979884 119.96947891807639 105
      vertex -34.196545931979884 119.96947891807639 100
    endloop
  endfacet
  facet normal -0.9591473498574699 0.28290698340866816 0
    outer loop
      vertex -33.86198685102644 121.10374379906631 100
      vertex -34.196545931979884 119.96947891807639 105
      vertex -33.86198685102644 121.10374379906631 105
    endloop
  endfacet
  facet normal -0.9733781802667124 0.22920496979922492 0
    outer loop
      vertex -33.86198685102644 121.10374379906631 105
      vertex -33.60252890898221 122.20559904986642 105
      vertex -33.60252890898221 122.20559904986642 100
    endloop
  endfacet
  facet normal -0.9855072662740871 0.16963321644352383 0
    outer loop
      vertex -33.4191960678094 123.27069615119166 100
      vertex -33.60252890898221 122.20559904986642 105
      vertex -33.4191960678094 123.27069615119166 105
    endloop
  endfacet
  facet normal -0.9946380639749937 0.10341722144825122 0
    outer loop
      vertex -33.312711858475325 124.29483165137962 100
      vertex -33.4191960678094 123.27069615119166 105
      vertex -33.312711858475325 124.29483165137962 105
    endloop
  endfacet
  facet normal -0.9995551442268567 0.02982471541570869 -6.393715981740574e-16
    outer loop
      vertex -33.283703544693 125.26702564761136 105
      vertex -33.28349652550619 125.27396375549411 100.00609092014639
      vertex -33.312711858475325 124.29483165137962 105
    endloop
  endfacet
  facet normal -0.9995551442268429 0.0298247154161685 0
    outer loop
      vertex -33.283703544693 125.26702564761136 105
      vertex -33.28349652550619 125.27396375549411 104.99390907985361
      vertex -33.28349652550619 125.27396375549411 100.00609092014639
    endloop
  endfacet
  facet normal -0.9986621196172449 -0.05171045195694325 0
    outer loop
      vertex -33.331665368474034 126.20422827644308 100.85725087067843
      vertex -33.28349652550619 125.27396375549411 104.99390907985361
      vertex -33.331665368474034 126.20422827644308 104.14274912932159
    endloop
  endfacet
  facet normal -0.32109897266475557 0.6301922170587618 0.7069322593517718
    outer loop
      vertex -31.848291007798498 127.68106352176167 103.5
      vertex -33.427660310332236 126.87633466797047 103.5
      vertex -33.331665368474034 126.20422827644308 104.14274912932159
    endloop
  endfacet
  facet normal 0.6301883012854437 0.7764423384405095 0
    outer loop
      vertex -21.108198137550374 128.37007846025205 100
      vertex -21.90766700109659 129.01895591077943 105
      vertex -21.108198137550374 128.37007846025205 105
    endloop
  endfacet
  facet normal 0.5769100732293302 0.8168076685527191 0
    outer loop
      vertex -20.225424859373685 127.74657697249032 100
      vertex -21.108198137550374 128.37007846025205 105
      vertex -20.225424859373685 127.74657697249032 105
    endloop
  endfacet
  facet normal 0.6857029621353027 0.727881479170113 0
    outer loop
      vertex -21.90766700109659 129.01895591077943 100
      vertex -22.620676311650488 129.69064850121913 105
      vertex -21.90766700109659 129.01895591077943 105
    endloop
  endfacet
  facet normal 0.5262099234989246 0.8503547003523035 0
    outer loop
      vertex -19.262831069394736 127.15091212301573 100
      vertex -20.225424859373685 127.74657697249032 105
      vertex -19.262831069394736 127.15091212301573 105
    endloop
  endfacet
  facet normal 0.47817414882802184 0.878265041654623 0
    outer loop
      vertex -18.22421568553529 126.58543472885573 100
      vertex -19.262831069394736 127.15091212301573 105
      vertex -18.22421568553529 126.58543472885573 105
    endloop
  endfacet
  facet normal 0.2789911060392296 -0.9602936856769431 0
    outer loop
      vertex -17.98478907354288 115.35148925121231 101.5
      vertex -14.473751433735682 116.37153998057295 103.5
      vertex -17.98478907354288 115.35148925121231 103.5
    endloop
  endfacet
  facet normal 0.21814324139654248 -0.9759167619387475 0
    outer loop
      vertex -14.473751433735682 116.37153998057295 101.5
      vertex -10.905592509447624 117.16911799533713 103.5
      vertex -14.473751433735682 116.37153998057295 103.5
    endloop
  endfacet
  facet normal 0.1564344650402271 -0.9876883405951383 0
    outer loop
      vertex -10.905592509447624 117.16911799533713 101.5
      vertex -7.294394193816019 117.74107561945934 103.5
      vertex -10.905592509447624 117.16911799533713 103.5
    endloop
  endfacet
  facet normal 0.09410831331851453 -0.99556196460308 0
    outer loop
      vertex -7.294394193816019 117.74107561945934 101.5
      vertex -3.6544082367931914 118.08515559749975 103.5
      vertex -7.294394193816019 117.74107561945934 103.5
    endloop
  endfacet
  facet normal 0.03141075907812996 -0.9995065603657316 0
    outer loop
      vertex -3.6544082367931914 118.08515559749975 101.5
      vertex 0 118.20000000298023 103.5
      vertex -3.6544082367931914 118.08515559749975 103.5
    endloop
  endfacet
  facet normal 0.43273106758476676 0.9015230574682757 0
    outer loop
      vertex -17.113677648217212 126.05237647094306 100
      vertex -18.22421568553529 126.58543472885573 105
      vertex -17.113677648217212 126.05237647094306 105
    endloop
  endfacet
  facet normal 0.3897181022767681 0.9209342000152859 0
    outer loop
      vertex -15.93559974371724 125.55384108669053 100
      vertex -17.113677648217212 126.05237647094306 105
      vertex -15.93559974371724 125.55384108669053 105
    endloop
  endfacet
  facet normal 0.34892562227383006 0.9371504202212261 0
    outer loop
      vertex -14.694631307311829 125.09179606750062 100
      vertex -15.93559974371724 125.55384108669053 105
      vertex -14.694631307311829 125.09179606750062 105
    endloop
  endfacet
  facet normal 0.3101243238428206 0.9506960101741425 0
    outer loop
      vertex -13.395669874474919 124.66806489397581 100
      vertex -14.694631307311829 125.09179606750062 105
      vertex -13.395669874474919 124.66806489397581 105
    endloop
  endfacet
  facet normal 0.23757020402008394 0.9713703712600337 0
    outer loop
      vertex -10.644482289126811 123.94207537040776 100
      vertex -12.043841852542885 124.28431983947364 105
      vertex -10.644482289126811 123.94207537040776 105
    endloop
  endfacet
  facet normal 0.27308151842420775 0.9619908961602127 0
    outer loop
      vertex -12.043841852542885 124.28431983947364 100
      vertex -13.395669874474919 124.66806489397581 105
      vertex -12.043841852542885 124.28431983947364 105
    endloop
  endfacet
  facet normal 0.20337356691798408 0.9791012165649966 0
    outer loop
      vertex -9.203113817116947 123.64268216934099 100
      vertex -10.644482289126811 123.94207537040776 105
      vertex -9.203113817116947 123.64268216934099 105
    endloop
  endfacet
  facet normal 0.17028665943965607 0.9853945674788767 0
    outer loop
      vertex -7.7254248593736845 123.38732180445815 100
      vertex -9.203113817116947 123.64268216934099 105
      vertex -7.7254248593736845 123.38732180445815 105
    endloop
  endfacet
  facet normal 0.13811637568703422 0.9904160069218783 0
    outer loop
      vertex -6.2172471791213715 123.17700206645642 100
      vertex -7.7254248593736845 123.38732180445815 105
      vertex -6.2172471791213715 123.17700206645642 105
    endloop
  endfacet
  facet normal 0.10668043090559615 0.9942933599606286 0
    outer loop
      vertex -4.684532864643121 123.01255299125573 100
      vertex -6.2172471791213715 123.17700206645642 105
      vertex -4.684532864643121 123.01255299125573 105
    endloop
  endfacet
  facet normal 0.0758057785411428 0.9971226022610115 0
    outer loop
      vertex -3.1333308391076016 122.89462358422627 100
      vertex -4.684532864643121 123.01255299125573 105
      vertex -3.1333308391076016 122.89462358422627 105
    endloop
  endfacet
  facet normal 0.04532672494609604 0.9989722158326831 0
    outer loop
      vertex -1.569762988232832 122.82367925886074 100
      vertex -3.1333308391076016 122.89462358422627 105
      vertex -1.569762988232832 122.82367925886074 105
    endloop
  endfacet
  facet normal 0.015082891777171962 0.9998862467179145 0
    outer loop
      vertex 0 122.8 100
      vertex -1.569762988232832 122.82367925886074 105
      vertex 0 122.8 105
    endloop
  endfacet
  facet normal 0.4334976731448307 -0.5588618327152183 0.7069322593517747
    outer loop
      vertex -37.09807620527343 104.84387073184723 103.5
      vertex -34.20910168517367 107.084789075033 103.5
      vertex -35.09077956361238 108.29831456659542 105
    endloop
  endfacet
  facet normal 0.3975510396887099 -0.5849785906597086 0.7069322593517762
    outer loop
      vertex -34.20910168517367 107.084789075033 103.5
      vertex -31.185119469374467 109.13988526673359 103.5
      vertex -31.988859661842962 110.40637715498661 105
    endloop
  endfacet
  facet normal 0.3600354539027352 -0.6087867053581661 0.7069322593517718
    outer loop
      vertex -31.185119469374467 109.13988526673359 103.5
      vertex -28.038063834155572 111.00104878116446 103.5
      vertex -28.760694345308146 112.31550880123024 105
    endloop
  endfacet
  facet normal 0.32109897266475573 -0.6301922170587606 0.7069322593517731
    outer loop
      vertex -28.038063834155572 111.00104878116446 103.5
      vertex -24.780354770356137 112.66093445621894 103.5
      vertex -25.419023707703747 114.01817503491796 105
    endloop
  endfacet
  facet normal 0.3975510396887117 -0.5849785906597091 0.7069322593517747
    outer loop
      vertex -34.20910168517367 107.084789075033 103.5
      vertex -31.988859661842962 110.40637715498661 105
      vertex -35.09077956361238 108.29831456659542 105
    endloop
  endfacet
  facet normal 0.3600354539027301 -0.6087867053581643 0.7069322593517761
    outer loop
      vertex -31.185119469374467 109.13988526673359 103.5
      vertex -28.760694345308146 112.31550880123024 105
      vertex -31.988859661842962 110.40637715498661 105
    endloop
  endfacet
  facet normal 0.3210989726647572 -0.6301922170587612 0.7069322593517717
    outer loop
      vertex -28.038063834155572 111.00104878116446 103.5
      vertex -25.419023707703747 114.01817503491796 105
      vertex -28.760694345308146 112.31550880123024 105
    endloop
  endfacet
  facet normal 0 0 1
    outer loop
      vertex -35.09077956361238 108.29831456659542 105
      vertex -31.988859661842962 110.40637715498661 105
      vertex -36.9395962369853 113.97216072792816 105
    endloop
  endfacet
  facet normal 0 0 1
    outer loop
      vertex -31.988859661842962 110.40637715498661 105
      vertex -36.25505820596445 115.19939621951957 105
      vertex -36.9395962369853 113.97216072792816 105
    endloop
  endfacet
  facet normal -0.2808952604778324 0.6491106479860609 0.706932259351776
    outer loop
      vertex -31.848291007798498 127.68106352176167 103.5
      vertex -31.209622070450887 126.32382294306264 105
      vertex -27.535716539716844 129.54728114167023 103.5
    endloop
  endfacet
  facet normal -0.32109897266475135 0.6301922170587594 0.7069322593517762
    outer loop
      vertex -31.848291007798498 127.68106352176167 103.5
      vertex -33.331665368474034 126.20422827644308 104.14274912932159
      vertex -31.209622070450887 126.32382294306264 105
    endloop
  endfacet
  facet normal 0.28089526047783125 -0.6491106479860581 0.7069322593517791
    outer loop
      vertex -24.780354770356137 112.66093445621894 103.5
      vertex -21.424848967345376 114.11299148146716 103.5
      vertex -21.977035796372395 115.50765621029956 105
    endloop
  endfacet
  facet normal 0.23958298302665082 -0.665467335736211 0.7069322593517717
    outer loop
      vertex -21.424848967345376 114.11299148146716 103.5
      vertex -17.98478907354288 115.35148925121231 103.5
      vertex -18.448314565105303 116.77807402565503 105
    endloop
  endfacet
  facet normal -0.23958298302665082 0.6654673357362098 0.7069322593517728
    outer loop
      vertex -27.535716539716844 129.54728114167023 103.5
      vertex -26.983529710689826 128.15261641283786 105
      vertex -23.66356501575914 130.94134147043852 103.5
    endloop
  endfacet
  facet normal -0.23958298302664402 0.6654673357362051 0.7069322593517796
    outer loop
      vertex -26.983529710689826 128.15261641283786 105
      vertex -23.244412147206287 130.38250536778386 104.16811078528507
      vertex -23.66356501575914 130.94134147043852 103.5
    endloop
  endfacet
  facet normal 0 0 1
    outer loop
      vertex -31.988859661842962 110.40637715498661 105
      vertex -35.6361769545052 116.41752384337788 105
      vertex -36.25505820596445 115.19939621951957 105
    endloop
  endfacet
  facet normal 0 0 1
    outer loop
      vertex -31.988859661842962 110.40637715498661 105
      vertex -35.08539492416712 117.62173620628126 105
      vertex -35.6361769545052 116.41752384337788 105
    endloop
  endfacet
  facet normal 0 0 1
    outer loop
      vertex -31.988859661842962 110.40637715498661 105
      vertex -34.60488579999556 118.80728083218564 105
      vertex -35.08539492416712 117.62173620628126 105
    endloop
  endfacet
  facet normal 0 0 1
    outer loop
      vertex -31.988859661842962 110.40637715498661 105
      vertex -28.760694345308146 112.31550880123024 105
      vertex -34.60488579999556 118.80728083218564 105
    endloop
  endfacet
  facet normal 0 0 1
    outer loop
      vertex -28.760694345308146 112.31550880123024 105
      vertex -34.196545931979884 119.96947891807639 105
      vertex -34.60488579999556 118.80728083218564 105
    endloop
  endfacet
  facet normal 0 0 1
    outer loop
      vertex -28.760694345308146 112.31550880123024 105
      vertex -33.86198685102644 121.10374379906631 105
      vertex -34.196545931979884 119.96947891807639 105
    endloop
  endfacet
  facet normal 0 0 1
    outer loop
      vertex -28.760694345308146 112.31550880123024 105
      vertex -33.60252890898221 122.20559904986642 105
      vertex -33.86198685102644 121.10374379906631 105
    endloop
  endfacet
  facet normal 0 0 1
    outer loop
      vertex -28.760694345308146 112.31550880123024 105
      vertex -33.4191960678094 123.27069615119166 105
      vertex -33.60252890898221 122.20559904986642 105
    endloop
  endfacet
  facet normal 0 0 1
    outer loop
      vertex -28.760694345308146 112.31550880123024 105
      vertex -33.312711858475325 124.29483165137962 105
      vertex -33.4191960678094 123.27069615119166 105
    endloop
  endfacet
  facet normal 0 0 1
    outer loop
      vertex -28.760694345308146 112.31550880123024 105
      vertex -31.209622070450887 126.32382294306264 105
      vertex -33.312711858475325 124.29483165137962 105
    endloop
  endfacet
  facet normal 0 0 1
    outer loop
      vertex -28.760694345308146 112.31550880123024 105
      vertex -25.419023707703747 114.01817503491796 105
      vertex -31.209622070450887 126.32382294306264 105
    endloop
  endfacet
  facet normal -0.2808952604778356 0.6491106479860631 0.7069322593517728
    outer loop
      vertex -27.535716539716844 129.54728114167023 103.5
      vertex -31.209622070450887 126.32382294306264 105
      vertex -26.983529710689826 128.15261641283786 105
    endloop
  endfacet
  facet normal -0.3210989726647531 0.6301922170587522 0.7069322593517816
    outer loop
      vertex -31.209622070450887 126.32382294306264 105
      vertex -33.331665368474034 126.20422827644308 104.14274912932159
      vertex -33.28349652550619 125.27396375549411 104.99390907985361
    endloop
  endfacet
  facet normal 0 0 1
    outer loop
      vertex -31.209622070450887 126.32382294306264 105
      vertex -33.283703544693 125.26702564761136 105
      vertex -33.312711858475325 124.29483165137962 105
    endloop
  endfacet
  facet normal -0.3210989726649652 0.6301922170591737 0.7069322593513098
    outer loop
      vertex -31.209622070450887 126.32382294306264 105
      vertex -33.28349652550619 125.27396375549411 104.99390907985361
      vertex -33.283703544693 125.26702564761136 105
    endloop
  endfacet
  facet normal 0 0 1
    outer loop
      vertex -25.419023707703747 114.01817503491796 105
      vertex -26.983529710689826 128.15261641283786 105
      vertex -31.209622070450887 126.32382294306264 105
    endloop
  endfacet
  facet normal 0.28089526047783814 -0.6491106479860618 0.7069322593517731
    outer loop
      vertex -24.780354770356137 112.66093445621894 103.5
      vertex -21.977035796372395 115.50765621029956 105
      vertex -25.419023707703747 114.01817503491796 105
    endloop
  endfacet
  facet normal 0.23958298302664272 -0.6654673357362061 0.7069322593517791
    outer loop
      vertex -21.424848967345376 114.11299148146716 103.5
      vertex -18.448314565105303 116.77807402565503 105
      vertex -21.977035796372395 115.50765621029956 105
    endloop
  endfacet
  facet normal 0 0 1
    outer loop
      vertex -25.419023707703747 114.01817503491796 105
      vertex -21.977035796372395 115.50765621029956 105
      vertex -26.983529710689826 128.15261641283786 105
    endloop
  endfacet
  facet normal 0 0 1
    outer loop
      vertex -21.977035796372395 115.50765621029956 105
      vertex -18.448314565105303 116.77807402565503 105
      vertex -22.6509456867627 129.71244264160038 105
    endloop
  endfacet
  facet normal 0 0 1
    outer loop
      vertex -21.977035796372395 115.50765621029956 105
      vertex -22.6509456867627 129.71244264160038 105
      vertex -26.983529710689826 128.15261641283786 105
    endloop
  endfacet
  facet normal -0.23958298302664838 0.6654673357362102 0.7069322593517732
    outer loop
      vertex -26.983529710689826 128.15261641283786 105
      vertex -22.65693058727647 129.73086227138324 104.98063245509887
      vertex -23.244412147206287 130.38250536778386 104.16811078528507
    endloop
  endfacet
  facet normal 0.7427255681381194 0.6695959456522328 -9.131731579791974e-12
    outer loop
      vertex -22.65693058727647 129.73086227138324 104.98063245509887
      vertex -22.642529067135403 129.714887895645 105
      vertex -23.244412147206287 130.38250536778386 104.16811078528507
    endloop
  endfacet
  facet normal 0.7427255681322852 0.6695959456587042 2.823549284198836e-13
    outer loop
      vertex -22.642529067135403 129.714887895645 105
      vertex -22.620676311650488 129.69064850121913 105
      vertex -23.244412147206287 130.38250536778386 104.16811078528507
    endloop
  endfacet
  facet normal -0.23958298302658007 0.6654673357360253 0.7069322593519705
    outer loop
      vertex -26.983529710689826 128.15261641283786 105
      vertex -22.6509456867627 129.71244264160038 105
      vertex -22.65693058727647 129.73086227138324 104.98063245509887
    endloop
  endfacet
  facet normal -0.19732518099671642 0.6791977279350403 0.7069322593519779
    outer loop
      vertex -22.6509456867627 129.71244264160038 105
      vertex -22.642529067135403 129.714887895645 105
      vertex -22.65693058727647 129.73086227138324 104.98063245509887
    endloop
  endfacet
  facet normal 0 0 1
    outer loop
      vertex -22.6509456867627 129.71244264160038 105
      vertex -22.620676311650488 129.69064850121913 105
      vertex -22.642529067135403 129.714887895645 105
    endloop
  endfacet
  facet normal 0 0 1
    outer loop
      vertex -22.6509456867627 129.71244264160038 105
      vertex -18.448314565105303 116.77807402565503 105
      vertex -22.620676311650488 129.69064850121913 105
    endloop
  endfacet
  facet normal 0 0 1
    outer loop
      vertex -18.448314565105303 116.77807402565503 105
      vertex -21.90766700109659 129.01895591077943 105
      vertex -22.620676311650488 129.69064850121913 105
    endloop
  endfacet
  facet normal 0 0 1
    outer loop
      vertex -18.448314565105303 116.77807402565503 105
      vertex -21.108198137550374 128.37007846025205 105
      vertex -21.90766700109659 129.01895591077943 105
    endloop
  endfacet
  facet normal 0 0 1
    outer loop
      vertex -18.448314565105303 116.77807402565503 105
      vertex -19.262831069394736 127.15091212301573 105
      vertex -20.225424859373685 127.74657697249032 105
    endloop
  endfacet
  facet normal 0 0 1
    outer loop
      vertex -18.448314565105303 116.77807402565503 105
      vertex -17.113677648217212 126.05237647094306 105
      vertex -18.22421568553529 126.58543472885573 105
    endloop
  endfacet
  facet normal 0 0 1
    outer loop
      vertex -18.448314565105303 116.77807402565503 105
      vertex -18.22421568553529 126.58543472885573 105
      vertex -19.262831069394736 127.15091212301573 105
    endloop
  endfacet
  facet normal 0 0 1
    outer loop
      vertex -18.448314565105303 116.77807402565503 105
      vertex -20.225424859373685 127.74657697249032 105
      vertex -21.108198137550374 128.37007846025205 105
    endloop
  endfacet
  facet normal 0.19732518099650662 -0.6791977279353147 0.7069322593517727
    outer loop
      vertex -17.98478907354288 115.35148925121231 103.5
      vertex -14.473751433735682 116.37153998057295 103.5
      vertex -14.846786264482963 117.82441472226589 105
    endloop
  endfacet
  facet normal 0.15428862662627232 -0.690247636998185 0.7069322593517715
    outer loop
      vertex -14.473751433735682 116.37153998057295 103.5
      vertex -10.905592509447624 117.16911799533713 103.5
      vertex -11.186664481326211 118.64254887143015 105
    endloop
  endfacet
  facet normal 0.1106431655345091 -0.6985734539819658 0.7069322593517781
    outer loop
      vertex -10.905592509447624 117.16911799533713 103.5
      vertex -7.294394193816019 117.74107561945934 103.5
      vertex -7.482394044162475 119.22924767143107 105
    endloop
  endfacet
  facet normal 0.06656104641644243 -0.7041423206907415 0.7069322593517748
    outer loop
      vertex -7.294394193816019 117.74107561945934 103.5
      vertex -3.6544082367931914 118.08515559749975 103.5
      vertex -3.748594016087162 119.58219569014216 105
    endloop
  endfacet
  facet normal 0.022216241257017363 -0.7069322593517748 0.7069322593517748
    outer loop
      vertex -3.6544082367931914 118.08515559749975 103.5
      vertex 0 118.20000000298023 103.5
      vertex 0 119.70000000298023 105
    endloop
  endfacet
  facet normal 0.19732518099650773 -0.6791977279353155 0.7069322593517717
    outer loop
      vertex -17.98478907354288 115.35148925121231 103.5
      vertex -14.846786264482963 117.82441472226589 105
      vertex -18.448314565105303 116.77807402565503 105
    endloop
  endfacet
  facet normal 0.15428862662627124 -0.6902476369981843 0.7069322593517726
    outer loop
      vertex -14.473751433735682 116.37153998057295 103.5
      vertex -11.186664481326211 118.64254887143015 105
      vertex -14.846786264482963 117.82441472226589 105
    endloop
  endfacet
  facet normal 0.11064316553451527 -0.6985734539819712 0.7069322593517716
    outer loop
      vertex -10.905592509447624 117.16911799533713 103.5
      vertex -7.482394044162475 119.22924767143107 105
      vertex -11.186664481326211 118.64254887143015 105
    endloop
  endfacet
  facet normal 0 0 1
    outer loop
      vertex -18.448314565105303 116.77807402565503 105
      vertex -14.846786264482963 117.82441472226589 105
      vertex -17.113677648217212 126.05237647094306 105
    endloop
  endfacet
  facet normal 0 0 1
    outer loop
      vertex -14.846786264482963 117.82441472226589 105
      vertex -11.186664481326211 118.64254887143015 105
      vertex -13.395669874474919 124.66806489397581 105
    endloop
  endfacet
  facet normal 0 0 1
    outer loop
      vertex -11.186664481326211 118.64254887143015 105
      vertex -7.482394044162475 119.22924767143107 105
      vertex -9.203113817116947 123.64268216934099 105
    endloop
  endfacet
  facet normal 0 0 1
    outer loop
      vertex -14.846786264482963 117.82441472226589 105
      vertex -15.93559974371724 125.55384108669053 105
      vertex -17.113677648217212 126.05237647094306 105
    endloop
  endfacet
  facet normal 0 0 1
    outer loop
      vertex -14.846786264482963 117.82441472226589 105
      vertex -14.694631307311829 125.09179606750062 105
      vertex -15.93559974371724 125.55384108669053 105
    endloop
  endfacet
  facet normal 0 0 1
    outer loop
      vertex -14.846786264482963 117.82441472226589 105
      vertex -13.395669874474919 124.66806489397581 105
      vertex -14.694631307311829 125.09179606750062 105
    endloop
  endfacet
  facet normal 0 0 1
    outer loop
      vertex -11.186664481326211 118.64254887143015 105
      vertex -12.043841852542885 124.28431983947364 105
      vertex -13.395669874474919 124.66806489397581 105
    endloop
  endfacet
  facet normal 0 0 1
    outer loop
      vertex -11.186664481326211 118.64254887143015 105
      vertex -10.644482289126811 123.94207537040776 105
      vertex -12.043841852542885 124.28431983947364 105
    endloop
  endfacet
  facet normal 0 0 1
    outer loop
      vertex -11.186664481326211 118.64254887143015 105
      vertex -9.203113817116947 123.64268216934099 105
      vertex -10.644482289126811 123.94207537040776 105
    endloop
  endfacet
  facet normal 0.06656104641643965 -0.7041423206907386 0.7069322593517781
    outer loop
      vertex -7.294394193816019 117.74107561945934 103.5
      vertex -3.748594016087162 119.58219569014216 105
      vertex -7.482394044162475 119.22924767143107 105
    endloop
  endfacet
  facet normal 0.022216241257017266 -0.7069322593517747 0.706932259351775
    outer loop
      vertex -3.6544082367931914 118.08515559749975 103.5
      vertex 0 119.70000000298023 105
      vertex -3.748594016087162 119.58219569014216 105
    endloop
  endfacet
  facet normal 0 0 1
    outer loop
      vertex -7.482394044162475 119.22924767143107 105
      vertex -6.2172471791213715 123.17700206645642 105
      vertex -7.7254248593736845 123.38732180445815 105
    endloop
  endfacet
  facet normal 0 0 1
    outer loop
      vertex -7.482394044162475 119.22924767143107 105
      vertex -3.748594016087162 119.58219569014216 105
      vertex -6.2172471791213715 123.17700206645642 105
    endloop
  endfacet
  facet normal 0 0 1
    outer loop
      vertex -3.748594016087162 119.58219569014216 105
      vertex -4.684532864643121 123.01255299125573 105
      vertex -6.2172471791213715 123.17700206645642 105
    endloop
  endfacet
  facet normal 0 0 1
    outer loop
      vertex -3.748594016087162 119.58219569014216 105
      vertex -3.1333308391076016 122.89462358422627 105
      vertex -4.684532864643121 123.01255299125573 105
    endloop
  endfacet
  facet normal 0 0 1
    outer loop
      vertex -3.748594016087162 119.58219569014216 105
      vertex 0 119.70000000298023 105
      vertex -3.1333308391076016 122.89462358422627 105
    endloop
  endfacet
  facet normal 0 0 1
    outer loop
      vertex 0 119.70000000298023 105
      vertex -1.569762988232832 122.82367925886074 105
      vertex -3.1333308391076016 122.89462358422627 105
    endloop
  endfacet
  facet normal 0 0 1
    outer loop
      vertex 0 119.70000000298023 105
      vertex 0 122.8 105
      vertex -1.569762988232832 122.82367925886074 105
    endloop
  endfacet
  facet normal 0 0 1
    outer loop
      vertex -7.482394044162475 119.22924767143107 105
      vertex -7.7254248593736845 123.38732180445815 105
      vertex -9.203113817116947 123.64268216934099 105
    endloop
  endfacet
  facet normal 0 0 -1
    outer loop
      vertex 7.482394044162475 0.770752328568939 100
      vertex 9.203113817116947 -3.642682169340979 100
      vertex 7.7254248593736845 -3.3873218044581535 100
    endloop
  endfacet
  facet normal 0 0 -1
    outer loop
      vertex 0 0.29999999701976776 100
      vertex 1.569762988232832 -2.823679258860736 100
      vertex 0 -2.799999999999997 100
    endloop
  endfacet
  facet normal 0 0 -1
    outer loop
      vertex 0 0.29999999701976776 100
      vertex 3.748594016087162 0.4178043098578357 100
      vertex 1.569762988232832 -2.823679258860736 100
    endloop
  endfacet
  facet normal 0 0 -1
    outer loop
      vertex 3.748594016087162 0.4178043098578357 100
      vertex 3.1333308391076016 -2.8946235842262666 100
      vertex 1.569762988232832 -2.823679258860736 100
    endloop
  endfacet
  facet normal 0 0 -1
    outer loop
      vertex 3.748594016087162 0.4178043098578357 100
      vertex 4.684532864643121 -3.012552991255731 100
      vertex 3.1333308391076016 -2.8946235842262666 100
    endloop
  endfacet
  facet normal 0 0 -1
    outer loop
      vertex 3.748594016087162 0.4178043098578357 100
      vertex 7.482394044162475 0.770752328568939 100
      vertex 4.684532864643121 -3.012552991255731 100
    endloop
  endfacet
  facet normal 0 0 -1
    outer loop
      vertex 7.482394044162475 0.770752328568939 100
      vertex 6.2172471791213715 -3.1770020664564242 100
      vertex 4.684532864643121 -3.012552991255731 100
    endloop
  endfacet
  facet normal 0 0 -1
    outer loop
      vertex 7.482394044162475 0.770752328568939 100
      vertex 7.7254248593736845 -3.3873218044581535 100
      vertex 6.2172471791213715 -3.1770020664564242 100
    endloop
  endfacet
  facet normal -0.02221624125701593 0.7069322593517748 -0.7069322593517748
    outer loop
      vertex 0 0.29999999701976776 100
      vertex 0 1.7999999970197678 101.5
      vertex 3.748594016087162 0.4178043098578357 100
    endloop
  endfacet
  facet normal -0.0665610464164426 0.7041423206907415 -0.7069322593517748
    outer loop
      vertex 3.748594016087162 0.4178043098578357 100
      vertex 3.6544082367931914 1.9148444025002433 101.5
      vertex 7.482394044162475 0.770752328568939 100
    endloop
  endfacet
  facet normal -0.11064316553451346 0.6985734539819685 -0.7069322593517746
    outer loop
      vertex 7.482394044162475 0.770752328568939 100
      vertex 7.294394193816019 2.2589243805406554 101.5
      vertex 11.186664481326211 1.3574511285698492 100
    endloop
  endfacet
  facet normal 0 0 -1
    outer loop
      vertex 11.186664481326211 1.3574511285698492 100
      vertex 10.644482289126811 -3.942075370407764 100
      vertex 9.203113817116947 -3.642682169340979 100
    endloop
  endfacet
  facet normal 0 0 -1
    outer loop
      vertex 11.186664481326211 1.3574511285698492 100
      vertex 12.043841852542885 -4.284319839473639 100
      vertex 10.644482289126811 -3.942075370407764 100
    endloop
  endfacet
  facet normal 0 0 -1
    outer loop
      vertex 11.186664481326211 1.3574511285698492 100
      vertex 13.395669874474919 -4.66806489397581 100
      vertex 12.043841852542885 -4.284319839473639 100
    endloop
  endfacet
  facet normal 0 0 -1
    outer loop
      vertex 11.186664481326211 1.3574511285698492 100
      vertex 14.694631307311829 -5.091796067500624 100
      vertex 13.395669874474919 -4.66806489397581 100
    endloop
  endfacet
  facet normal 0 0 -1
    outer loop
      vertex 14.846786264482963 2.1755852777341147 100
      vertex 15.93559974371724 -5.553841086690525 100
      vertex 14.694631307311829 -5.091796067500624 100
    endloop
  endfacet
  facet normal 0 0 -1
    outer loop
      vertex 14.846786264482963 2.1755852777341147 100
      vertex 17.113677648217212 -6.052376470943059 100
      vertex 15.93559974371724 -5.553841086690525 100
    endloop
  endfacet
  facet normal 0 0 -1
    outer loop
      vertex 14.846786264482963 2.1755852777341147 100
      vertex 18.22421568553529 -6.585434728855731 100
      vertex 17.113677648217212 -6.052376470943059 100
    endloop
  endfacet
  facet normal 0 0 -1
    outer loop
      vertex 14.846786264482963 2.1755852777341147 100
      vertex 19.262831069394736 -7.150912123015729 100
      vertex 18.22421568553529 -6.585434728855731 100
    endloop
  endfacet
  facet normal 0 0 -1
    outer loop
      vertex 7.482394044162475 0.770752328568939 100
      vertex 11.186664481326211 1.3574511285698492 100
      vertex 9.203113817116947 -3.642682169340979 100
    endloop
  endfacet
  facet normal 0 0 -1
    outer loop
      vertex 11.186664481326211 1.3574511285698492 100
      vertex 14.846786264482963 2.1755852777341147 100
      vertex 14.694631307311829 -5.091796067500624 100
    endloop
  endfacet
  facet normal -0.1542886266262711 0.6902476369981836 -0.7069322593517733
    outer loop
      vertex 11.186664481326211 1.3574511285698492 100
      vertex 10.905592509447624 2.8308820046628753 101.5
      vertex 14.846786264482963 2.1755852777341147 100
    endloop
  endfacet
  facet normal -0.19732518099650576 0.6791977279353133 -0.7069322593517743
    outer loop
      vertex 14.846786264482963 2.1755852777341147 100
      vertex 14.473751433735682 3.6284600194270595 101.5
      vertex 18.448314565105303 3.2219259743449626 100
    endloop
  endfacet
  facet normal -0.022216241257015986 0.7069322593517747 -0.706932259351775
    outer loop
      vertex 3.748594016087162 0.4178043098578357 100
      vertex 0 1.7999999970197678 101.5
      vertex 3.6544082367931914 1.9148444025002433 101.5
    endloop
  endfacet
  facet normal -0.06656104641644246 0.7041423206907417 -0.7069322593517746
    outer loop
      vertex 7.482394044162475 0.770752328568939 100
      vertex 3.6544082367931914 1.9148444025002433 101.5
      vertex 7.294394193816019 2.2589243805406554 101.5
    endloop
  endfacet
  facet normal -0.11064316553451255 0.69857345398197 -0.7069322593517733
    outer loop
      vertex 11.186664481326211 1.3574511285698492 100
      vertex 7.294394193816019 2.2589243805406554 101.5
      vertex 10.905592509447624 2.8308820046628753 101.5
    endloop
  endfacet
  facet normal -0.1542886266262717 0.6902476369981824 -0.7069322593517743
    outer loop
      vertex 14.846786264482963 2.1755852777341147 100
      vertex 10.905592509447624 2.8308820046628753 101.5
      vertex 14.473751433735682 3.6284600194270595 101.5
    endloop
  endfacet
  facet normal -0.197325180996506 0.6791977279353126 -0.7069322593517748
    outer loop
      vertex 18.448314565105303 3.2219259743449626 100
      vertex 14.473751433735682 3.6284600194270595 101.5
      vertex 17.98478907354288 4.648510748787693 101.5
    endloop
  endfacet
  facet normal 0 0 -1
    outer loop
      vertex 14.846786264482963 2.1755852777341147 100
      vertex 21.108198137550374 -8.370078460252032 100
      vertex 20.225424859373685 -7.746576972490317 100
    endloop
  endfacet
  facet normal 0 0 -1
    outer loop
      vertex 14.846786264482963 2.1755852777341147 100
      vertex 22.620676311650488 -9.69064850121913 100
      vertex 21.90766700109659 -9.018955910779411 100
    endloop
  endfacet
  facet normal 0 0 -1
    outer loop
      vertex 14.846786264482963 2.1755852777341147 100
      vertex 21.90766700109659 -9.018955910779411 100
      vertex 21.108198137550374 -8.370078460252032 100
    endloop
  endfacet
  facet normal 0 0 -1
    outer loop
      vertex 14.846786264482963 2.1755852777341147 100
      vertex 20.225424859373685 -7.746576972490317 100
      vertex 19.262831069394736 -7.150912123015729 100
    endloop
  endfacet
  facet normal 0 0 -1
    outer loop
      vertex 14.846786264482963 2.1755852777341147 100
      vertex 22.6509456867627 -9.71244264160039 100
      vertex 22.620676311650488 -9.69064850121913 100
    endloop
  endfacet
  facet normal 0 0 -1
    outer loop
      vertex 22.6509456867627 -9.71244264160039 100
      vertex 22.642529067135403 -9.71488789564502 100
      vertex 22.620676311650488 -9.69064850121913 100
    endloop
  endfacet
  facet normal 0.19732518099678592 -0.6791977279352795 -0.7069322593517285
    outer loop
      vertex 22.6509456867627 -9.71244264160039 100
      vertex 22.65693058727647 -9.730862271383245 100.01936754490113
      vertex 22.642529067135403 -9.71488789564502 100
    endloop
  endfacet
  facet normal 0 0 -1
    outer loop
      vertex 18.448314565105303 3.2219259743449626 100
      vertex 26.983529710689826 -8.152616412837872 100
      vertex 22.6509456867627 -9.71244264160039 100
    endloop
  endfacet
  facet normal 0.23958298302663467 -0.6654673357362642 -0.706932259351727
    outer loop
      vertex 22.6509456867627 -9.71244264160039 100
      vertex 27.535716539716844 -9.54728114167024 101.5
      vertex 22.65693058727647 -9.730862271383245 100.01936754490113
    endloop
  endfacet
  facet normal 0.23958298302664696 -0.6654673357362112 -0.7069322593517728
    outer loop
      vertex 22.6509456867627 -9.71244264160039 100
      vertex 26.983529710689826 -8.152616412837872 100
      vertex 27.535716539716844 -9.54728114167024 101.5
    endloop
  endfacet
  facet normal 0 0 -1
    outer loop
      vertex 14.846786264482963 2.1755852777341147 100
      vertex 18.448314565105303 3.2219259743449626 100
      vertex 22.6509456867627 -9.71244264160039 100
    endloop
  endfacet
  facet normal 0 0 -1
    outer loop
      vertex 18.448314565105303 3.2219259743449626 100
      vertex 21.977035796372395 4.492343789700449 100
      vertex 26.983529710689826 -8.152616412837872 100
    endloop
  endfacet
  facet normal 0 0 -1
    outer loop
      vertex 31.209622070450887 -6.323822943062638 100
      vertex 21.977035796372395 4.492343789700449 100
      vertex 25.419023707703747 5.981824965082033 100
    endloop
  endfacet
  facet normal -0.23958298302664652 0.6654673357362092 -0.7069322593517748
    outer loop
      vertex 18.448314565105303 3.2219259743449626 100
      vertex 17.98478907354288 4.648510748787693 101.5
      vertex 21.977035796372395 4.492343789700449 100
    endloop
  endfacet
  facet normal -0.2808952604778347 0.64911064798606 -0.706932259351776
    outer loop
      vertex 21.977035796372395 4.492343789700449 100
      vertex 21.424848967345376 5.887008518532831 101.5
      vertex 25.419023707703747 5.981824965082033 100
    endloop
  endfacet
  facet normal 0 0 -1
    outer loop
      vertex 26.983529710689826 -8.152616412837872 100
      vertex 21.977035796372395 4.492343789700449 100
      vertex 31.209622070450887 -6.323822943062638 100
    endloop
  endfacet
  facet normal 0.3210989726649652 -0.6301922170591737 -0.7069322593513098
    outer loop
      vertex 31.209622070450887 -6.323822943062638 100
      vertex 33.283703544693 -5.267025647611362 100
      vertex 33.28349652550619 -5.273963755494108 100.00609092014639
    endloop
  endfacet
  facet normal 0.32109897266475573 -0.6301922170587574 -0.7069322593517757
    outer loop
      vertex 31.209622070450887 -6.323822943062638 100
      vertex 33.28349652550619 -5.273963755494108 100.00609092014639
      vertex 33.331665368474034 -6.204228276443075 100.85725087067843
    endloop
  endfacet
  facet normal 0.2808952604778361 -0.6491106479860593 -0.7069322593517762
    outer loop
      vertex 26.983529710689826 -8.152616412837872 100
      vertex 31.209622070450887 -6.323822943062638 100
      vertex 31.848291007798498 -7.681063521761672 101.5
    endloop
  endfacet
  facet normal 0 0 -1
    outer loop
      vertex 31.209622070450887 -6.323822943062638 100
      vertex 25.419023707703747 5.981824965082033 100
      vertex 33.283703544693 -5.267025647611362 100
    endloop
  endfacet
  facet normal 0 0 -1
    outer loop
      vertex 25.419023707703747 5.981824965082033 100
      vertex 33.312711858475325 -4.294831651379624 100
      vertex 33.283703544693 -5.267025647611362 100
    endloop
  endfacet
  facet normal 0 0 -1
    outer loop
      vertex 25.419023707703747 5.981824965082033 100
      vertex 33.4191960678094 -3.2706961511916504 100
      vertex 33.312711858475325 -4.294831651379624 100
    endloop
  endfacet
  facet normal 0 0 -1
    outer loop
      vertex 25.419023707703747 5.981824965082033 100
      vertex 33.60252890898221 -2.2055990498664215 100
      vertex 33.4191960678094 -3.2706961511916504 100
    endloop
  endfacet
  facet normal 0 0 -1
    outer loop
      vertex 25.419023707703747 5.981824965082033 100
      vertex 28.760694345308146 7.684491198769756 100
      vertex 33.60252890898221 -2.2055990498664215 100
    endloop
  endfacet
  facet normal 0 0 -1
    outer loop
      vertex 28.760694345308146 7.684491198769756 100
      vertex 33.86198685102644 -1.1037437990663008 100
      vertex 33.60252890898221 -2.2055990498664215 100
    endloop
  endfacet
  facet normal 0 0 -1
    outer loop
      vertex 28.760694345308146 7.684491198769756 100
      vertex 34.196545931979884 0.030521081923609472 100
      vertex 33.86198685102644 -1.1037437990663008 100
    endloop
  endfacet
  facet normal 0 0 -1
    outer loop
      vertex 28.760694345308146 7.684491198769756 100
      vertex 34.60488579999556 1.19271916781436 100
      vertex 34.196545931979884 0.030521081923609472 100
    endloop
  endfacet
  facet normal 0 0 -1
    outer loop
      vertex 28.760694345308146 7.684491198769756 100
      vertex 35.08539492416712 2.3782637937187445 100
      vertex 34.60488579999556 1.19271916781436 100
    endloop
  endfacet
  facet normal 0 0 -1
    outer loop
      vertex 28.760694345308146 7.684491198769756 100
      vertex 35.6361769545052 3.5824761566221213 100
      vertex 35.08539492416712 2.3782637937187445 100
    endloop
  endfacet
  facet normal 0 0 -1
    outer loop
      vertex 31.988859661842962 9.593622845013392 100
      vertex 36.25505820596445 4.800603780480422 100
      vertex 35.6361769545052 3.5824761566221213 100
    endloop
  endfacet
  facet normal 0.23958298302664668 -0.6654673357362112 -0.7069322593517731
    outer loop
      vertex 27.535716539716844 -9.54728114167024 101.5
      vertex 23.244412147206287 -10.382505367783864 100.83188921471493
      vertex 22.65693058727647 -9.730862271383245 100.01936754490113
    endloop
  endfacet
  facet normal -0.239582983026647 0.6654673357362079 -0.7069322593517761
    outer loop
      vertex 21.977035796372395 4.492343789700449 100
      vertex 17.98478907354288 4.648510748787693 101.5
      vertex 21.424848967345376 5.887008518532831 101.5
    endloop
  endfacet
  facet normal -0.28089526047783475 0.6491106479860599 -0.7069322593517761
    outer loop
      vertex 25.419023707703747 5.981824965082033 100
      vertex 21.424848967345376 5.887008518532831 101.5
      vertex 24.780354770356137 7.339065543781068 101.5
    endloop
  endfacet
  facet normal 0.3210989726647568 -0.6301922170587533 -0.7069322593517788
    outer loop
      vertex 31.209622070450887 -6.323822943062638 100
      vertex 33.331665368474034 -6.204228276443075 100.85725087067843
      vertex 33.427660310332236 -6.876334667970468 101.5
    endloop
  endfacet
  facet normal 0.28089526047783553 -0.6491106479860631 -0.706932259351773
    outer loop
      vertex 26.983529710689826 -8.152616412837872 100
      vertex 31.848291007798498 -7.681063521761672 101.5
      vertex 27.535716539716844 -9.54728114167024 101.5
    endloop
  endfacet
  facet normal 0.3210989726647537 -0.6301922170587582 -0.7069322593517761
    outer loop
      vertex 31.209622070450887 -6.323822943062638 100
      vertex 33.427660310332236 -6.876334667970468 101.5
      vertex 31.848291007798498 -7.681063521761672 101.5
    endloop
  endfacet
  facet normal -0.3210989726647553 0.6301922170587574 -0.7069322593517761
    outer loop
      vertex 25.419023707703747 5.981824965082033 100
      vertex 24.780354770356137 7.339065543781068 101.5
      vertex 28.760694345308146 7.684491198769756 100
    endloop
  endfacet
  facet normal 0 0 -1
    outer loop
      vertex 28.760694345308146 7.684491198769756 100
      vertex 31.988859661842962 9.593622845013392 100
      vertex 35.6361769545052 3.5824761566221213 100
    endloop
  endfacet
  facet normal 0 0 -1
    outer loop
      vertex 31.988859661842962 9.593622845013392 100
      vertex 36.9395962369853 6.027839272071851 100
      vertex 36.25505820596445 4.800603780480422 100
    endloop
  endfacet
  facet normal 0 0 -1
    outer loop
      vertex 31.988859661842962 9.593622845013392 100
      vertex 35.09077956361238 11.701685433404577 100
      vertex 37.68708948869498 7.259339293581675 100
    endloop
  endfacet
  facet normal -0.3600354539027328 0.6087867053581643 -0.7069322593517747
    outer loop
      vertex 28.760694345308146 7.684491198769756 100
      vertex 28.038063834155572 8.99895121883555 101.5
      vertex 31.988859661842962 9.593622845013392 100
    endloop
  endfacet
  facet normal -0.39755103968871075 0.5849785906597098 -0.7069322593517748
    outer loop
      vertex 31.988859661842962 9.593622845013392 100
      vertex 31.185119469374467 10.860114733266414 101.5
      vertex 35.09077956361238 11.701685433404577 100
    endloop
  endfacet
  facet normal -0.32109897266475496 0.630192217058759 -0.7069322593517747
    outer loop
      vertex 28.760694345308146 7.684491198769756 100
      vertex 24.780354770356137 7.339065543781068 101.5
      vertex 28.038063834155572 8.99895121883555 101.5
    endloop
  endfacet
  facet normal -0.3600354539027328 0.6087867053581643 -0.7069322593517747
    outer loop
      vertex 31.988859661842962 9.593622845013392 100
      vertex 28.038063834155572 8.99895121883555 101.5
      vertex 31.185119469374467 10.860114733266414 101.5
    endloop
  endfacet
  facet normal -0.3975510396887107 0.5849785906597097 -0.7069322593517747
    outer loop
      vertex 35.09077956361238 11.701685433404577 100
      vertex 31.185119469374467 10.860114733266414 101.5
      vertex 34.20910168517367 12.915210924966999 101.5
    endloop
  endfacet
  facet normal -0.015082891777171962 -0.9998862467179145 0
    outer loop
      vertex 1.569762988232832 -2.823679258860736 100
      vertex 1.569762988232832 -2.823679258860736 105
      vertex 0 -2.799999999999997 100
    endloop
  endfacet
  facet normal -0.04532672494609604 -0.9989722158326831 0
    outer loop
      vertex 3.1333308391076016 -2.8946235842262666 100
      vertex 3.1333308391076016 -2.8946235842262666 105
      vertex 1.569762988232832 -2.823679258860736 100
    endloop
  endfacet
  facet normal -0.0758057785411428 -0.9971226022610115 0
    outer loop
      vertex 4.684532864643121 -3.012552991255731 100
      vertex 4.684532864643121 -3.012552991255731 105
      vertex 3.1333308391076016 -2.8946235842262666 100
    endloop
  endfacet
  facet normal -0.10668043090559615 -0.9942933599606286 0
    outer loop
      vertex 6.2172471791213715 -3.1770020664564242 100
      vertex 6.2172471791213715 -3.1770020664564242 105
      vertex 4.684532864643121 -3.012552991255731 100
    endloop
  endfacet
  facet normal -0.13811637568703422 -0.9904160069218783 0
    outer loop
      vertex 7.7254248593736845 -3.3873218044581535 100
      vertex 7.7254248593736845 -3.3873218044581535 105
      vertex 6.2172471791213715 -3.1770020664564242 100
    endloop
  endfacet
  facet normal -0.1702866594396515 -0.9853945674788775 0
    outer loop
      vertex 9.203113817116947 -3.642682169340979 100
      vertex 9.203113817116947 -3.642682169340979 105
      vertex 7.7254248593736845 -3.3873218044581535 100
    endloop
  endfacet
  facet normal -0.2033735669179887 -0.9791012165649957 0
    outer loop
      vertex 10.644482289126811 -3.942075370407764 100
      vertex 10.644482289126811 -3.942075370407764 105
      vertex 9.203113817116947 -3.642682169340979 100
    endloop
  endfacet
  facet normal -0.27308151842420775 -0.9619908961602127 0
    outer loop
      vertex 13.395669874474919 -4.66806489397581 100
      vertex 13.395669874474919 -4.66806489397581 105
      vertex 12.043841852542885 -4.284319839473639 100
    endloop
  endfacet
  facet normal -0.23757020402008394 -0.9713703712600337 0
    outer loop
      vertex 12.043841852542885 -4.284319839473639 100
      vertex 12.043841852542885 -4.284319839473639 105
      vertex 10.644482289126811 -3.942075370407764 100
    endloop
  endfacet
  facet normal -0.3101243238428206 -0.9506960101741425 0
    outer loop
      vertex 14.694631307311829 -5.091796067500624 100
      vertex 14.694631307311829 -5.091796067500624 105
      vertex 13.395669874474919 -4.66806489397581 100
    endloop
  endfacet
  facet normal -0.34892562227383006 -0.9371504202212261 0
    outer loop
      vertex 15.93559974371724 -5.553841086690525 100
      vertex 15.93559974371724 -5.553841086690525 105
      vertex 14.694631307311829 -5.091796067500624 100
    endloop
  endfacet
  facet normal -0.3897181022767681 -0.9209342000152859 0
    outer loop
      vertex 17.113677648217212 -6.052376470943059 100
      vertex 17.113677648217212 -6.052376470943059 105
      vertex 15.93559974371724 -5.553841086690525 100
    endloop
  endfacet
  facet normal -0.031410759078128014 0.9995065603657316 0
    outer loop
      vertex 0 1.7999999970197678 101.5
      vertex 0 1.7999999970197678 103.5
      vertex 3.6544082367931914 1.9148444025002433 101.5
    endloop
  endfacet
  facet normal -0.09410831331851453 0.99556196460308 0
    outer loop
      vertex 3.6544082367931914 1.9148444025002433 101.5
      vertex 3.6544082367931914 1.9148444025002433 103.5
      vertex 7.294394193816019 2.2589243805406554 101.5
    endloop
  endfacet
  facet normal -0.15643446504023087 0.9876883405951378 0
    outer loop
      vertex 7.294394193816019 2.2589243805406554 101.5
      vertex 7.294394193816019 2.2589243805406554 103.5
      vertex 10.905592509447624 2.8308820046628753 101.5
    endloop
  endfacet
  facet normal -0.21814324139654248 0.9759167619387475 0
    outer loop
      vertex 10.905592509447624 2.8308820046628753 101.5
      vertex 10.905592509447624 2.8308820046628753 103.5
      vertex 14.473751433735682 3.6284600194270595 101.5
    endloop
  endfacet
  facet normal -0.2789911060392296 0.9602936856769431 0
    outer loop
      vertex 14.473751433735682 3.6284600194270595 101.5
      vertex 14.473751433735682 3.6284600194270595 103.5
      vertex 17.98478907354288 4.648510748787693 101.5
    endloop
  endfacet
  facet normal -0.7427255681324804 -0.6695959456584876 8.799271174288669e-15
    outer loop
      vertex 22.642529067135403 -9.71488789564502 100
      vertex 23.244412147206287 -10.382505367783864 104.16811078528507
      vertex 22.620676311650488 -9.69064850121913 100
    endloop
  endfacet
  facet normal -0.7427255681322839 -0.6695959456587056 -5.45119401326721e-14
    outer loop
      vertex 22.642529067135403 -9.71488789564502 100
      vertex 22.65693058727647 -9.730862271383245 100.01936754490113
      vertex 23.244412147206287 -10.382505367783864 104.16811078528507
    endloop
  endfacet
  facet normal 0.23958298302664632 -0.665467335736204 -0.7069322593517798
    outer loop
      vertex 27.535716539716844 -9.54728114167024 101.5
      vertex 23.66356501575914 -10.941341470438516 101.5
      vertex 23.244412147206287 -10.382505367783864 100.83188921471493
    endloop
  endfacet
  facet normal -0.47817414882802184 -0.878265041654623 0
    outer loop
      vertex 19.262831069394736 -7.150912123015729 100
      vertex 19.262831069394736 -7.150912123015729 105
      vertex 18.22421568553529 -6.585434728855731 100
    endloop
  endfacet
  facet normal -0.5262099234989246 -0.8503547003523035 0
    outer loop
      vertex 20.225424859373685 -7.746576972490317 100
      vertex 20.225424859373685 -7.746576972490317 105
      vertex 19.262831069394736 -7.150912123015729 100
    endloop
  endfacet
  facet normal -0.6301883012854437 -0.7764423384405095 0
    outer loop
      vertex 21.90766700109659 -9.018955910779411 100
      vertex 21.90766700109659 -9.018955910779411 105
      vertex 21.108198137550374 -8.370078460252032 100
    endloop
  endfacet
  facet normal -0.5769100732293214 -0.8168076685527255 0
    outer loop
      vertex 21.108198137550374 -8.370078460252032 100
      vertex 21.108198137550374 -8.370078460252032 105
      vertex 20.225424859373685 -7.746576972490317 100
    endloop
  endfacet
  facet normal -0.43273106758476676 -0.9015230574682757 0
    outer loop
      vertex 18.22421568553529 -6.585434728855731 100
      vertex 18.22421568553529 -6.585434728855731 105
      vertex 17.113677648217212 -6.052376470943059 100
    endloop
  endfacet
  facet normal -0.7427255681324563 -0.6695959456585142 0
    outer loop
      vertex 22.65693058727647 -9.730862271383245 100.01936754490113
      vertex 23.244412147206287 -10.382505367783864 100.83188921471493
      vertex 23.244412147206287 -10.382505367783864 104.16811078528507
    endloop
  endfacet
  facet normal -0.6857029621353103 -0.7278814791701057 0
    outer loop
      vertex 22.620676311650488 -9.69064850121913 100
      vertex 22.620676311650488 -9.69064850121913 105
      vertex 21.90766700109659 -9.018955910779411 100
    endloop
  endfacet
  facet normal 0.9995551442268448 -0.029824715416101447 7.643486600108805e-14
    outer loop
      vertex 33.283703544693 -5.267025647611362 100
      vertex 33.312711858475325 -4.294831651379624 105
      vertex 33.28349652550619 -5.273963755494108 100.00609092014639
    endloop
  endfacet
  facet normal 0.9995551442268564 -0.02982471541570869 0
    outer loop
      vertex 33.283703544693 -5.267025647611362 100
      vertex 33.312711858475325 -4.294831651379624 100
      vertex 33.312711858475325 -4.294831651379624 105
    endloop
  endfacet
  facet normal 0.9946380639749937 -0.10341722144825051 0
    outer loop
      vertex 33.312711858475325 -4.294831651379624 100
      vertex 33.4191960678094 -3.2706961511916504 100
      vertex 33.4191960678094 -3.2706961511916504 105
    endloop
  endfacet
  facet normal 0.9855072662740869 -0.16963321644352491 0
    outer loop
      vertex 33.4191960678094 -3.2706961511916504 100
      vertex 33.60252890898221 -2.2055990498664215 100
      vertex 33.60252890898221 -2.2055990498664215 105
    endloop
  endfacet
  facet normal 0.9733781802667127 -0.2292049697992235 0
    outer loop
      vertex 33.60252890898221 -2.2055990498664215 100
      vertex 33.86198685102644 -1.1037437990663008 100
      vertex 33.86198685102644 -1.1037437990663008 105
    endloop
  endfacet
  facet normal 0.9591473498574693 -0.28290698340866977 0
    outer loop
      vertex 33.86198685102644 -1.1037437990663008 100
      vertex 34.196545931979884 0.030521081923609472 100
      vertex 34.196545931979884 0.030521081923609472 105
    endloop
  endfacet
  facet normal 0.9434601396511307 -0.3314859950125629 0
    outer loop
      vertex 34.196545931979884 0.030521081923609472 100
      vertex 34.60488579999556 1.19271916781436 100
      vertex 34.60488579999556 1.19271916781436 105
    endloop
  endfacet
  facet normal 0.9267711307284727 -0.3756265049863605 0
    outer loop
      vertex 34.60488579999556 1.19271916781436 100
      vertex 35.08539492416712 2.3782637937187445 100
      vertex 35.08539492416712 2.3782637937187445 105
    endloop
  endfacet
  facet normal 0.9093930907698127 -0.41593774349069035 0
    outer loop
      vertex 35.08539492416712 2.3782637937187445 100
      vertex 35.6361769545052 3.5824761566221213 100
      vertex 35.6361769545052 3.5824761566221213 105
    endloop
  endfacet
  facet normal -0.7999822775670318 -0.6000236291836052 0
    outer loop
      vertex 23.66356501575914 -10.941341470438516 101.5
      vertex 23.66356501575914 -10.941341470438516 103.5
      vertex 23.244412147206287 -10.382505367783864 100.83188921471493
    endloop
  endfacet
  facet normal 0.3387379202452931 -0.9408807689542247 0
    outer loop
      vertex 27.535716539716844 -9.54728114167024 101.5
      vertex 27.535716539716844 -9.54728114167024 103.5
      vertex 23.66356501575914 -10.941341470438516 101.5
    endloop
  endfacet
  facet normal -0.33873792024529226 0.9408807689542251 0
    outer loop
      vertex 17.98478907354288 4.648510748787693 101.5
      vertex 17.98478907354288 4.648510748787693 103.5
      vertex 21.424848967345376 5.887008518532831 101.5
    endloop
  endfacet
  facet normal -0.39714789063478106 0.917754625683981 0
    outer loop
      vertex 21.424848967345376 5.887008518532831 101.5
      vertex 21.424848967345376 5.887008518532831 103.5
      vertex 24.780354770356137 7.339065543781068 101.5
    endloop
  endfacet
  facet normal 0.3971478906347803 -0.9177546256839814 0
    outer loop
      vertex 27.535716539716844 -9.54728114167024 101.5
      vertex 31.848291007798498 -7.681063521761672 101.5
      vertex 31.848291007798498 -7.681063521761672 103.5
    endloop
  endfacet
  facet normal 0.4539904997395461 -0.8910065241883683 0
    outer loop
      vertex 31.848291007798498 -7.681063521761672 101.5
      vertex 33.427660310332236 -6.876334667970468 101.5
      vertex 33.427660310332236 -6.876334667970468 103.5
    endloop
  endfacet
  facet normal 0.998662119617245 0.05171045195694325 0
    outer loop
      vertex 33.331665368474034 -6.204228276443075 100.85725087067843
      vertex 33.28349652550619 -5.273963755494108 100.00609092014639
      vertex 33.28349652550619 -5.273963755494108 104.99390907985361
    endloop
  endfacet
  facet normal 0.9899536703645987 0.14139211622880318 0
    outer loop
      vertex 33.427660310332236 -6.876334667970468 101.5
      vertex 33.331665368474034 -6.204228276443075 100.85725087067843
      vertex 33.331665368474034 -6.204228276443075 104.14274912932159
    endloop
  endfacet
  facet normal -0.4539904997395469 0.8910065241883679 0
    outer loop
      vertex 24.780354770356137 7.339065543781068 101.5
      vertex 24.780354770356137 7.339065543781068 103.5
      vertex 28.038063834155572 8.99895121883555 101.5
    endloop
  endfacet
  facet normal -0.5090414157503701 0.8607420270039443 0
    outer loop
      vertex 28.038063834155572 8.99895121883555 101.5
      vertex 28.038063834155572 8.99895121883555 103.5
      vertex 31.185119469374467 10.860114733266414 101.5
    endloop
  endfacet
  facet normal -0.56208337785213 0.8270805742745622 0
    outer loop
      vertex 31.185119469374467 10.860114733266414 101.5
      vertex 31.185119469374467 10.860114733266414 103.5
      vertex 34.20910168517367 12.915210924966999 101.5
    endloop
  endfacet
  facet normal -0.612907053652976 0.7901550123756906 0
    outer loop
      vertex 34.20910168517367 12.915210924966999 101.5
      vertex 34.20910168517367 12.915210924966999 103.5
      vertex 37.09807620527343 15.156129268152768 101.5
    endloop
  endfacet
  facet normal 0 0 -1
    outer loop
      vertex 31.988859661842962 9.593622845013392 100
      vertex 37.68708948869498 7.259339293581675 100
      vertex 36.9395962369853 6.027839272071851 100
    endloop
  endfacet
  facet normal 0 0 -1
    outer loop
      vertex 35.09077956361238 11.701685433404577 100
      vertex 38.49458794672618 8.490243677043814 100
      vertex 37.68708948869498 7.259339293581675 100
    endloop
  endfacet
  facet normal 0 0 -1
    outer loop
      vertex 35.09077956361238 11.701685433404577 100
      vertex 39.35890478357601 9.715694605203467 100
      vertex 38.49458794672618 8.490243677043814 100
    endloop
  endfacet
  facet normal 0 0 -1
    outer loop
      vertex 35.09077956361238 11.701685433404577 100
      vertex 40.276628935558215 10.93085578310248 100
      vertex 39.35890478357601 9.715694605203467 100
    endloop
  endfacet
  facet normal 0 0 -1
    outer loop
      vertex 35.09077956361238 11.701685433404577 100
      vertex 38.05421218989646 14.000359403989087 100
      vertex 40.276628935558215 10.93085578310248 100
    endloop
  endfacet
  facet normal 0 0 -1
    outer loop
      vertex 38.05421218989646 14.000359403989087 100
      vertex 41.24413856471321 12.130931524726009 100
      vertex 40.276628935558215 10.93085578310248 100
    endloop
  endfacet
  facet normal 0 0 -1
    outer loop
      vertex 38.05421218989646 14.000359403989087 100
      vertex 42.25761535254783 13.311185679384323 100
      vertex 41.24413856471321 12.130931524726009 100
    endloop
  endfacet
  facet normal 0 0 -1
    outer loop
      vertex 38.05421218989646 14.000359403989087 100
      vertex 40.86746222598281 16.48057294076923 100
      vertex 42.25761535254783 13.311185679384323 100
    endloop
  endfacet
  facet normal 0 0 -1
    outer loop
      vertex 40.86746222598281 16.48057294076923 100
      vertex 43.313059569193996 14.466960323135822 100
      vertex 42.25761535254783 13.311185679384323 100
    endloop
  endfacet
  facet normal 0 0 -1
    outer loop
      vertex 40.86746222598281 16.48057294076923 100
      vertex 44.40630585851518 15.593694141484818 100
      vertex 43.313059569193996 14.466960323135822 100
    endloop
  endfacet
  facet normal -0.4334976731448313 0.5588618327152178 -0.7069322593517747
    outer loop
      vertex 35.09077956361238 11.701685433404577 100
      vertex 34.20910168517367 12.915210924966999 101.5
      vertex 38.05421218989646 14.000359403989087 100
    endloop
  endfacet
  facet normal -0.4677334893312974 0.5305395024366852 -0.7069322593517736
    outer loop
      vertex 37.09807620527343 15.156129268152768 101.5
      vertex 40.86746222598281 16.48057294076923 100
      vertex 38.05421218989646 14.000359403989087 100
    endloop
  endfacet
  facet normal 0 0 -1
    outer loop
      vertex 40.86746222598281 16.48057294076923 100
      vertex 43.51942705923077 19.132537774017187 100
      vertex 44.40630585851518 15.593694141484818 100
    endloop
  endfacet
  facet normal -0.5001233751224775 0.5001233751224775 -0.7069322593517736
    outer loop
      vertex 40.86746222598281 16.48057294076923 100
      vertex 39.84064156708978 17.574025881901342 101.5
      vertex 43.51942705923077 19.132537774017187 100
    endloop
  endfacet
  facet normal -0.5305395024366854 0.46773348933129744 -0.7069322593517736
    outer loop
      vertex 43.51942705923077 19.132537774017187 100
      vertex 42.42597411809866 20.159358432910217 101.5
      vertex 45.99964059601091 21.94578781010354 100
    endloop
  endfacet
  facet normal 0 0 -1
    outer loop
      vertex 43.51942705923077 19.132537774017187 100
      vertex 45.53303967686418 16.686940430806004 100
      vertex 44.40630585851518 15.593694141484818 100
    endloop
  endfacet
  facet normal 0 0 -1
    outer loop
      vertex 43.51942705923077 19.132537774017187 100
      vertex 46.68881432061568 17.74238464745217 100
      vertex 45.53303967686418 16.686940430806004 100
    endloop
  endfacet
  facet normal 0 0 -1
    outer loop
      vertex 43.51942705923077 19.132537774017187 100
      vertex 45.99964059601091 21.94578781010354 100
      vertex 46.68881432061568 17.74238464745217 100
    endloop
  endfacet
  facet normal 0 0 -1
    outer loop
      vertex 45.99964059601091 21.94578781010354 100
      vertex 47.86906847527399 18.75586143528679 100
      vertex 46.68881432061568 17.74238464745217 100
    endloop
  endfacet
  facet normal 0 0 -1
    outer loop
      vertex 45.99964059601091 21.94578781010354 100
      vertex 49.06914421689752 19.723371064441785 100
      vertex 47.86906847527399 18.75586143528679 100
    endloop
  endfacet
  facet normal 0 0 -1
    outer loop
      vertex 45.99964059601091 21.94578781010354 100
      vertex 48.29831456659542 24.90922043638762 100
      vertex 49.06914421689752 19.723371064441785 100
    endloop
  endfacet
  facet normal 0 0 -1
    outer loop
      vertex 48.29831456659542 24.90922043638762 100
      vertex 50.28430539479653 20.64109521642399 100
      vertex 49.06914421689752 19.723371064441785 100
    endloop
  endfacet
  facet normal 0 0 -1
    outer loop
      vertex 48.29831456659542 24.90922043638762 100
      vertex 51.509756322956186 21.505412053273822 100
      vertex 50.28430539479653 20.64109521642399 100
    endloop
  endfacet
  facet normal 0 0 -1
    outer loop
      vertex 48.29831456659542 24.90922043638762 100
      vertex 52.740660706418325 22.31291051130502 100
      vertex 51.509756322956186 21.505412053273822 100
    endloop
  endfacet
  facet normal 0 0 -1
    outer loop
      vertex 48.29831456659542 24.90922043638762 100
      vertex 53.97216072792815 23.060403763014698 100
      vertex 52.740660706418325 22.31291051130502 100
    endloop
  endfacet
  facet normal -0.5588618327152185 0.43349767314483184 -0.7069322593517738
    outer loop
      vertex 45.99964059601091 21.94578781010354 100
      vertex 44.84387073184723 22.90192379472657 101.5
      vertex 48.29831456659542 24.90922043638762 100
    endloop
  endfacet
  facet normal -0.43349767314483134 0.5588618327152192 -0.7069322593517737
    outer loop
      vertex 34.20910168517367 12.915210924966999 101.5
      vertex 37.09807620527343 15.156129268152768 101.5
      vertex 38.05421218989646 14.000359403989087 100
    endloop
  endfacet
  facet normal -0.4677334893312974 0.5305395024366855 -0.7069322593517736
    outer loop
      vertex 37.09807620527343 15.156129268152768 101.5
      vertex 39.84064156708978 17.574025881901342 101.5
      vertex 40.86746222598281 16.48057294076923 100
    endloop
  endfacet
  facet normal -0.5001233751224774 0.5001233751224774 -0.7069322593517736
    outer loop
      vertex 43.51942705923077 19.132537774017187 100
      vertex 39.84064156708978 17.574025881901342 101.5
      vertex 42.42597411809866 20.159358432910217 101.5
    endloop
  endfacet
  facet normal -0.5305395024366854 0.4677334893312973 -0.7069322593517738
    outer loop
      vertex 45.99964059601091 21.94578781010354 100
      vertex 42.42597411809866 20.159358432910217 101.5
      vertex 44.84387073184723 22.90192379472657 101.5
    endloop
  endfacet
  facet normal 0.8915346080412804 -0.4529525832409842 0
    outer loop
      vertex 35.6361769545052 3.5824761566221213 100
      vertex 36.25505820596445 4.800603780480422 100
      vertex 36.25505820596445 4.800603780480422 105
    endloop
  endfacet
  facet normal 0.8733280796090881 -0.4871324926201313 0
    outer loop
      vertex 36.25505820596445 4.800603780480422 100
      vertex 36.9395962369853 6.027839272071851 100
      vertex 36.9395962369853 6.027839272071851 105
    endloop
  endfacet
  facet normal 0.8548500788321388 -0.5188750742911882 0
    outer loop
      vertex 36.9395962369853 6.027839272071851 100
      vertex 37.68708948869498 7.259339293581675 100
      vertex 37.68708948869498 7.259339293581675 105
    endloop
  endfacet
  facet normal 0.8361359379829125 -0.5485222814193013 0
    outer loop
      vertex 37.68708948869498 7.259339293581675 100
      vertex 38.49458794672618 8.490243677043814 100
      vertex 38.49458794672618 8.490243677043814 105
    endloop
  endfacet
  facet normal 0.8171900324440778 -0.5763683291733223 0
    outer loop
      vertex 38.49458794672618 8.490243677043814 100
      vertex 39.35890478357601 9.715694605203467 100
      vertex 39.35890478357601 9.715694605203467 105
    endloop
  endfacet
  facet normal 0.7979929005313747 -0.6026668488489503 0
    outer loop
      vertex 39.35890478357601 9.715694605203467 100
      vertex 40.276628935558215 10.93085578310248 100
      vertex 40.276628935558215 10.93085578310248 105
    endloop
  endfacet
  facet normal 0.7785060334301672 -0.6276371212036678 0
    outer loop
      vertex 40.276628935558215 10.93085578310248 100
      vertex 41.24413856471321 12.130931524726009 100
      vertex 41.24413856471321 12.130931524726009 105
    endloop
  endfacet
  facet normal 0.7586749337927086 -0.6514693736735667 0
    outer loop
      vertex 41.24413856471321 12.130931524726009 100
      vertex 42.25761535254783 13.311185679384323 100
      vertex 42.25761535254783 13.311185679384323 105
    endloop
  endfacet
  facet normal 0.7384308626106005 -0.6743291934538831 0
    outer loop
      vertex 42.25761535254783 13.311185679384323 100
      vertex 43.313059569193996 14.466960323135822 100
      vertex 43.313059569193996 14.466960323135822 105
    endloop
  endfacet
  facet normal 0.7176915605249466 -0.6963611304138585 0
    outer loop
      vertex 43.313059569193996 14.466960323135822 100
      vertex 44.40630585851518 15.593694141484818 100
      vertex 44.40630585851518 15.593694141484818 105
    endloop
  endfacet
  facet normal 0.6963611304138585 -0.7176915605249466 0
    outer loop
      vertex 45.53303967686418 16.686940430806004 100
      vertex 45.53303967686418 16.686940430806004 105
      vertex 44.40630585851518 15.593694141484818 100
    endloop
  endfacet
  facet normal 0.6743291934538831 -0.7384308626106005 0
    outer loop
      vertex 46.68881432061568 17.74238464745217 100
      vertex 46.68881432061568 17.74238464745217 105
      vertex 45.53303967686418 16.686940430806004 100
    endloop
  endfacet
  facet normal 0.6514693736735667 -0.7586749337927086 0
    outer loop
      vertex 47.86906847527399 18.75586143528679 100
      vertex 47.86906847527399 18.75586143528679 105
      vertex 46.68881432061568 17.74238464745217 100
    endloop
  endfacet
  facet normal 0.6276371212036678 -0.7785060334301672 0
    outer loop
      vertex 49.06914421689752 19.723371064441785 100
      vertex 49.06914421689752 19.723371064441785 105
      vertex 47.86906847527399 18.75586143528679 100
    endloop
  endfacet
  facet normal 0.6026668488489503 -0.7979929005313747 0
    outer loop
      vertex 50.28430539479653 20.64109521642399 100
      vertex 50.28430539479653 20.64109521642399 105
      vertex 49.06914421689752 19.723371064441785 100
    endloop
  endfacet
  facet normal 0.5763683291733223 -0.8171900324440778 0
    outer loop
      vertex 51.509756322956186 21.505412053273822 100
      vertex 51.509756322956186 21.505412053273822 105
      vertex 50.28430539479653 20.64109521642399 100
    endloop
  endfacet
  facet normal 0.5485222814193013 -0.8361359379829125 0
    outer loop
      vertex 52.740660706418325 22.31291051130502 100
      vertex 52.740660706418325 22.31291051130502 105
      vertex 51.509756322956186 21.505412053273822 100
    endloop
  endfacet
  facet normal -0.6613118653236519 0.7501110696304595 0
    outer loop
      vertex 37.09807620527343 15.156129268152768 101.5
      vertex 37.09807620527343 15.156129268152768 103.5
      vertex 39.84064156708978 17.574025881901342 101.5
    endloop
  endfacet
  facet normal -0.7071067811865476 0.7071067811865476 0
    outer loop
      vertex 39.84064156708978 17.574025881901342 101.5
      vertex 39.84064156708978 17.574025881901342 103.5
      vertex 42.42597411809866 20.159358432910217 101.5
    endloop
  endfacet
  facet normal -0.7501110696304595 0.6613118653236519 0
    outer loop
      vertex 42.42597411809866 20.159358432910217 101.5
      vertex 42.42597411809866 20.159358432910217 103.5
      vertex 44.84387073184723 22.90192379472657 101.5
    endloop
  endfacet
  facet normal -0.7901550123756906 0.612907053652976 0
    outer loop
      vertex 44.84387073184723 22.90192379472657 101.5
      vertex 44.84387073184723 22.90192379472657 103.5
      vertex 47.084789075033 25.79089831482633 101.5
    endloop
  endfacet
  facet normal 0.5188750742911882 -0.8548500788321388 0
    outer loop
      vertex 53.97216072792815 23.060403763014698 100
      vertex 53.97216072792815 23.060403763014698 105
      vertex 52.740660706418325 22.31291051130502 100
    endloop
  endfacet
  facet normal 0.4871324926201313 -0.8733280796090881 0
    outer loop
      vertex 55.19939621951958 23.744941794035547 100
      vertex 55.19939621951958 23.744941794035547 105
      vertex 53.97216072792815 23.060403763014698 100
    endloop
  endfacet
  facet normal 0.4529525832409842 -0.8915346080412804 0
    outer loop
      vertex 56.41752384337788 24.363823045494797 100
      vertex 56.41752384337788 24.363823045494797 105
      vertex 55.19939621951958 23.744941794035547 100
    endloop
  endfacet
  facet normal 0 0 -1
    outer loop
      vertex 48.29831456659542 24.90922043638762 100
      vertex 50.40637715498661 28.011140338157038 100
      vertex 53.97216072792815 23.060403763014698 100
    endloop
  endfacet
  facet normal 0 0 -1
    outer loop
      vertex 50.40637715498661 28.011140338157038 100
      vertex 55.19939621951958 23.744941794035547 100
      vertex 53.97216072792815 23.060403763014698 100
    endloop
  endfacet
  facet normal -0.5849785906597098 0.39755103968871075 -0.7069322593517747
    outer loop
      vertex 48.29831456659542 24.90922043638762 100
      vertex 47.084789075033 25.79089831482633 101.5
      vertex 50.40637715498661 28.011140338157038 100
    endloop
  endfacet
  facet normal -0.6087867053581643 0.36003545390273284 -0.7069322593517747
    outer loop
      vertex 50.40637715498661 28.011140338157038 100
      vertex 49.139885266733586 28.814880530625533 101.5
      vertex 52.315508801230244 31.239305654691854 100
    endloop
  endfacet
  facet normal -0.6301922170587587 0.3210989726647556 -0.7069322593517748
    outer loop
      vertex 52.315508801230244 31.239305654691854 100
      vertex 51.00104878116445 31.961936165844428 101.5
      vertex 54.01817503491797 34.580976292296256 100
    endloop
  endfacet
  facet normal -0.5588618327152183 0.4334976731448307 -0.7069322593517747
    outer loop
      vertex 48.29831456659542 24.90922043638762 100
      vertex 44.84387073184723 22.90192379472657 101.5
      vertex 47.084789075033 25.79089831482633 101.5
    endloop
  endfacet
  facet normal -0.5849785906597097 0.3975510396887107 -0.7069322593517747
    outer loop
      vertex 50.40637715498661 28.011140338157038 100
      vertex 47.084789075033 25.79089831482633 101.5
      vertex 49.139885266733586 28.814880530625533 101.5
    endloop
  endfacet
  facet normal -0.6087867053581643 0.3600354539027328 -0.7069322593517747
    outer loop
      vertex 52.315508801230244 31.239305654691854 100
      vertex 49.139885266733586 28.814880530625533 101.5
      vertex 51.00104878116445 31.961936165844428 101.5
    endloop
  endfacet
  facet normal -0.6301922170587584 0.32109897266475496 -0.7069322593517753
    outer loop
      vertex 54.01817503491797 34.580976292296256 100
      vertex 51.00104878116445 31.961936165844428 101.5
      vertex 52.66093445621893 35.21964522964386 101.5
    endloop
  endfacet
  facet normal 0 0 -1
    outer loop
      vertex 50.40637715498661 28.011140338157038 100
      vertex 56.41752384337788 24.363823045494797 100
      vertex 55.19939621951958 23.744941794035547 100
    endloop
  endfacet
  facet normal 0 0 -1
    outer loop
      vertex 50.40637715498661 28.011140338157038 100
      vertex 57.621736206281255 24.91460507583288 100
      vertex 56.41752384337788 24.363823045494797 100
    endloop
  endfacet
  facet normal 0 0 -1
    outer loop
      vertex 50.40637715498661 28.011140338157038 100
      vertex 52.315508801230244 31.239305654691854 100
      vertex 58.80728083218564 25.395114200004443 100
    endloop
  endfacet
  facet normal 0 0 -1
    outer loop
      vertex 50.40637715498661 28.011140338157038 100
      vertex 58.80728083218564 25.395114200004443 100
      vertex 57.621736206281255 24.91460507583288 100
    endloop
  endfacet
  facet normal 0 0 -1
    outer loop
      vertex 52.315508801230244 31.239305654691854 100
      vertex 59.96947891807639 25.803454068020116 100
      vertex 58.80728083218564 25.395114200004443 100
    endloop
  endfacet
  facet normal 0 0 -1
    outer loop
      vertex 52.315508801230244 31.239305654691854 100
      vertex 54.01817503491797 34.580976292296256 100
      vertex 66.32382294306264 28.790377929549113 100
    endloop
  endfacet
  facet normal 0 0 -1
    outer loop
      vertex 52.315508801230244 31.239305654691854 100
      vertex 61.1037437990663 26.138013148973563 100
      vertex 59.96947891807639 25.803454068020116 100
    endloop
  endfacet
  facet normal 0 0 -1
    outer loop
      vertex 52.315508801230244 31.239305654691854 100
      vertex 62.20559904986642 26.397471091017792 100
      vertex 61.1037437990663 26.138013148973563 100
    endloop
  endfacet
  facet normal 0 0 -1
    outer loop
      vertex 52.315508801230244 31.239305654691854 100
      vertex 63.27069615119165 26.580803932190598 100
      vertex 62.20559904986642 26.397471091017792 100
    endloop
  endfacet
  facet normal 0 0 -1
    outer loop
      vertex 52.315508801230244 31.239305654691854 100
      vertex 64.29483165137964 26.687288141524682 100
      vertex 63.27069615119165 26.580803932190598 100
    endloop
  endfacet
  facet normal 0 0 -1
    outer loop
      vertex 52.315508801230244 31.239305654691854 100
      vertex 66.32382294306264 28.790377929549113 100
      vertex 64.29483165137964 26.687288141524682 100
    endloop
  endfacet
  facet normal 0 0 -1
    outer loop
      vertex 54.01817503491797 34.580976292296256 100
      vertex 55.50765621029955 38.02296420362761 100
      vertex 68.15261641283787 33.01647028931018 100
    endloop
  endfacet
  facet normal 0 0 -1
    outer loop
      vertex 55.50765621029955 38.02296420362761 100
      vertex 56.77807402565504 41.551685434894694 100
      vertex 69.71244264160039 37.3490543132373 100
    endloop
  endfacet
  facet normal -0.6491106479860604 0.2808952604778349 -0.7069322593517754
    outer loop
      vertex 54.01817503491797 34.580976292296256 100
      vertex 52.66093445621893 35.21964522964386 101.5
      vertex 55.50765621029955 38.02296420362761 100
    endloop
  endfacet
  facet normal -0.6654673357362082 0.23958298302664666 -0.7069322593517757
    outer loop
      vertex 55.50765621029955 38.02296420362761 100
      vertex 54.11299148146717 38.575151032654624 101.5
      vertex 56.77807402565504 41.551685434894694 100
    endloop
  endfacet
  facet normal 0 0 -1
    outer loop
      vertex 66.32382294306264 28.790377929549113 100
      vertex 65.26702564761136 26.716296455307003 100
      vertex 64.29483165137964 26.687288141524682 100
    endloop
  endfacet
  facet normal 0.6301922170584389 -0.3210989726645907 -0.7069322593521348
    outer loop
      vertex 66.32382294306264 28.790377929549113 100
      vertex 65.27396375549411 26.716503474493813 100.00609092014638
      vertex 65.26702564761136 26.716296455307003 100
    endloop
  endfacet
  facet normal 0.6301922170587637 -0.3210989726647541 -0.7069322593517707
    outer loop
      vertex 66.32382294306264 28.790377929549113 100
      vertex 66.20422827644308 26.668334631525966 100.85725087067843
      vertex 65.27396375549411 26.716503474493813 100.00609092014638
    endloop
  endfacet
  facet normal 0 0 -1
    outer loop
      vertex 54.01817503491797 34.580976292296256 100
      vertex 68.15261641283787 33.01647028931018 100
      vertex 66.32382294306264 28.790377929549113 100
    endloop
  endfacet
  facet normal 0.6491106479860621 -0.2808952604778371 -0.7069322593517732
    outer loop
      vertex 66.32382294306264 28.790377929549113 100
      vertex 68.15261641283787 33.01647028931018 100
      vertex 69.54728114167024 32.464283460283156 101.5
    endloop
  endfacet
  facet normal 0 0 -1
    outer loop
      vertex 55.50765621029955 38.02296420362761 100
      vertex 69.71244264160039 37.3490543132373 100
      vertex 68.15261641283787 33.01647028931018 100
    endloop
  endfacet
  facet normal 0 0 -1
    outer loop
      vertex 56.77807402565504 41.551685434894694 100
      vertex 66.05237647094306 42.88632235178279 100
      vertex 66.58543472885573 41.77578431446471 100
    endloop
  endfacet
  facet normal 0 0 -1
    outer loop
      vertex 56.77807402565504 41.551685434894694 100
      vertex 67.15091212301573 40.737168930605264 100
      vertex 67.74657697249032 39.77457514062631 100
    endloop
  endfacet
  facet normal 0 0 -1
    outer loop
      vertex 56.77807402565504 41.551685434894694 100
      vertex 66.58543472885573 41.77578431446471 100
      vertex 67.15091212301573 40.737168930605264 100
    endloop
  endfacet
  facet normal 0 0 -1
    outer loop
      vertex 56.77807402565504 41.551685434894694 100
      vertex 69.69064850121913 37.379323688349515 100
      vertex 69.71488789564502 37.3574709328646 100
    endloop
  endfacet
  facet normal 0 0 -1
    outer loop
      vertex 56.77807402565504 41.551685434894694 100
      vertex 68.37007846025203 38.891801862449626 100
      vertex 69.01895591077941 38.092332998903416 100
    endloop
  endfacet
  facet normal 0 0 -1
    outer loop
      vertex 56.77807402565504 41.551685434894694 100
      vertex 69.01895591077941 38.092332998903416 100
      vertex 69.69064850121913 37.379323688349515 100
    endloop
  endfacet
  facet normal 0 0 -1
    outer loop
      vertex 69.71244264160039 37.3490543132373 100
      vertex 56.77807402565504 41.551685434894694 100
      vertex 69.71488789564502 37.3574709328646 100
    endloop
  endfacet
  facet normal 0 0 -1
    outer loop
      vertex 56.77807402565504 41.551685434894694 100
      vertex 67.74657697249032 39.77457514062631 100
      vertex 68.37007846025203 38.891801862449626 100
    endloop
  endfacet
  facet normal 0.6791977279352622 -0.1973251809967809 -0.7069322593517468
    outer loop
      vertex 69.71244264160039 37.3490543132373 100
      vertex 69.71488789564502 37.3574709328646 100
      vertex 69.73086227138324 37.34306941272353 100.01936754490113
    endloop
  endfacet
  facet normal 0.6654673357362055 -0.2395829830266449 -0.7069322593517788
    outer loop
      vertex 68.15261641283787 33.01647028931018 100
      vertex 69.71244264160039 37.3490543132373 100
      vertex 70.38250536778386 36.75558785279371 100.83188921471492
    endloop
  endfacet
  facet normal 0.6654673357362798 -0.2395829830265215 -0.7069322593517506
    outer loop
      vertex 69.71244264160039 37.3490543132373 100
      vertex 69.73086227138324 37.34306941272353 100.01936754490113
      vertex 70.38250536778386 36.75558785279371 100.83188921471492
    endloop
  endfacet
  facet normal -0.6491106479860604 0.2808952604778347 -0.7069322593517756
    outer loop
      vertex 55.50765621029955 38.02296420362761 100
      vertex 52.66093445621893 35.21964522964386 101.5
      vertex 54.11299148146717 38.575151032654624 101.5
    endloop
  endfacet
  facet normal -0.6654673357362088 0.23958298302664754 -0.7069322593517748
    outer loop
      vertex 56.77807402565504 41.551685434894694 100
      vertex 54.11299148146717 38.575151032654624 101.5
      vertex 55.35148925121231 42.015210926457115 101.5
    endloop
  endfacet
  facet normal 0.630192217058757 -0.3210989726647559 -0.7069322593517761
    outer loop
      vertex 66.32382294306264 28.790377929549113 100
      vertex 67.68106352176167 28.151708992201502 101.5
      vertex 66.20422827644308 26.668334631525966 100.85725087067843
    endloop
  endfacet
  facet normal 0.6491106479860601 -0.2808952604778342 -0.706932259351776
    outer loop
      vertex 66.32382294306264 28.790377929549113 100
      vertex 69.54728114167024 32.464283460283156 101.5
      vertex 67.68106352176167 28.151708992201502 101.5
    endloop
  endfacet
  facet normal 0.665467335736211 -0.2395829830266498 -0.706932259351772
    outer loop
      vertex 68.15261641283787 33.01647028931018 100
      vertex 70.38250536778386 36.75558785279371 100.83188921471492
      vertex 70.94134147043852 36.33643498424086 101.5
    endloop
  endfacet
  facet normal 0.6654673357362102 -0.23958298302664857 -0.7069322593517732
    outer loop
      vertex 68.15261641283787 33.01647028931018 100
      vertex 70.94134147043852 36.33643498424086 101.5
      vertex 69.54728114167024 32.464283460283156 101.5
    endloop
  endfacet
  facet normal 0 0 -1
    outer loop
      vertex 56.77807402565504 41.551685434894694 100
      vertex 57.824414722265885 45.153213735517035 100
      vertex 66.05237647094306 42.88632235178279 100
    endloop
  endfacet
  facet normal 0 0 -1
    outer loop
      vertex 57.824414722265885 45.153213735517035 100
      vertex 58.64254887143015 48.81333551867379 100
      vertex 64.66806489397581 46.60433012552508 100
    endloop
  endfacet
  facet normal 0 0 -1
    outer loop
      vertex 58.64254887143015 48.81333551867379 100
      vertex 59.22924767143106 52.517605955837524 100
      vertex 63.64268216934098 50.79688618288306 100
    endloop
  endfacet
  facet normal -0.6791977279353129 0.19732518099650553 -0.7069322593517748
    outer loop
      vertex 56.77807402565504 41.551685434894694 100
      vertex 55.35148925121231 42.015210926457115 101.5
      vertex 57.824414722265885 45.153213735517035 100
    endloop
  endfacet
  facet normal -0.6902476369981827 0.15428862662627083 -0.7069322593517743
    outer loop
      vertex 57.824414722265885 45.153213735517035 100
      vertex 56.37153998057294 45.526248566264314 101.5
      vertex 58.64254887143015 48.81333551867379 100
    endloop
  endfacet
  facet normal -0.6985734539819698 0.11064316553451371 -0.7069322593517733
    outer loop
      vertex 58.64254887143015 48.81333551867379 100
      vertex 57.169117995337125 49.09440749055238 101.5
      vertex 59.22924767143106 52.517605955837524 100
    endloop
  endfacet
  facet normal 0 0 -1
    outer loop
      vertex 59.22924767143106 52.517605955837524 100
      vertex 63.177002066456424 53.78275282087863 100
      vertex 63.38732180445815 52.27457514062632 100
    endloop
  endfacet
  facet normal 0 0 -1
    outer loop
      vertex 59.22924767143106 52.517605955837524 100
      vertex 59.582195690142164 56.25140598391284 100
      vertex 63.01255299125573 55.31546713535688 100
    endloop
  endfacet
  facet normal 0 0 -1
    outer loop
      vertex 59.22924767143106 52.517605955837524 100
      vertex 63.01255299125573 55.31546713535688 100
      vertex 63.177002066456424 53.78275282087863 100
    endloop
  endfacet
  facet normal 0 0 -1
    outer loop
      vertex 59.582195690142164 56.25140598391284 100
      vertex 62.89462358422627 56.8666691608924 100
      vertex 63.01255299125573 55.31546713535688 100
    endloop
  endfacet
  facet normal 0 0 -1
    outer loop
      vertex 59.582195690142164 56.25140598391284 100
      vertex 62.823679258860736 58.43023701176717 100
      vertex 62.89462358422627 56.8666691608924 100
    endloop
  endfacet
  facet normal 0 0 -1
    outer loop
      vertex 59.582195690142164 56.25140598391284 100
      vertex 59.70000000298023 60 100
      vertex 62.823679258860736 58.43023701176717 100
    endloop
  endfacet
  facet normal 0 0 -1
    outer loop
      vertex 59.70000000298023 60 100
      vertex 62.8 60 100
      vertex 62.823679258860736 58.43023701176717 100
    endloop
  endfacet
  facet normal -0.7041423206907417 0.06656104641644257 -0.7069322593517747
    outer loop
      vertex 59.22924767143106 52.517605955837524 100
      vertex 57.741075619459345 52.70560580618398 101.5
      vertex 59.582195690142164 56.25140598391284 100
    endloop
  endfacet
  facet normal -0.7069322593517747 0.022216241257015934 -0.706932259351775
    outer loop
      vertex 59.582195690142164 56.25140598391284 100
      vertex 58.08515559749976 56.34559176320681 101.5
      vertex 59.70000000298023 60 100
    endloop
  endfacet
  facet normal 0 0 -1
    outer loop
      vertex 57.824414722265885 45.153213735517035 100
      vertex 65.55384108669053 44.06440025628276 100
      vertex 66.05237647094306 42.88632235178279 100
    endloop
  endfacet
  facet normal 0 0 -1
    outer loop
      vertex 57.824414722265885 45.153213735517035 100
      vertex 65.09179606750062 45.30536869268817 100
      vertex 65.55384108669053 44.06440025628276 100
    endloop
  endfacet
  facet normal 0 0 -1
    outer loop
      vertex 57.824414722265885 45.153213735517035 100
      vertex 64.66806489397581 46.60433012552508 100
      vertex 65.09179606750062 45.30536869268817 100
    endloop
  endfacet
  facet normal 0 0 -1
    outer loop
      vertex 58.64254887143015 48.81333551867379 100
      vertex 64.28431983947364 47.95615814745712 100
      vertex 64.66806489397581 46.60433012552508 100
    endloop
  endfacet
  facet normal 0 0 -1
    outer loop
      vertex 58.64254887143015 48.81333551867379 100
      vertex 63.942075370407764 49.35551771087319 100
      vertex 64.28431983947364 47.95615814745712 100
    endloop
  endfacet
  facet normal 0 0 -1
    outer loop
      vertex 58.64254887143015 48.81333551867379 100
      vertex 63.64268216934098 50.79688618288306 100
      vertex 63.942075370407764 49.35551771087319 100
    endloop
  endfacet
  facet normal 0 0 -1
    outer loop
      vertex 59.22924767143106 52.517605955837524 100
      vertex 63.38732180445815 52.27457514062632 100
      vertex 63.64268216934098 50.79688618288306 100
    endloop
  endfacet
  facet normal -0.6791977279353133 0.1973251809965062 -0.7069322593517743
    outer loop
      vertex 57.824414722265885 45.153213735517035 100
      vertex 55.35148925121231 42.015210926457115 101.5
      vertex 56.37153998057294 45.526248566264314 101.5
    endloop
  endfacet
  facet normal -0.6902476369981834 0.1542886266262717 -0.7069322593517733
    outer loop
      vertex 58.64254887143015 48.81333551867379 100
      vertex 56.37153998057294 45.526248566264314 101.5
      vertex 57.169117995337125 49.09440749055238 101.5
    endloop
  endfacet
  facet normal -0.6985734539819685 0.11064316553451232 -0.7069322593517747
    outer loop
      vertex 59.22924767143106 52.517605955837524 100
      vertex 57.169117995337125 49.09440749055238 101.5
      vertex 57.741075619459345 52.70560580618398 101.5
    endloop
  endfacet
  facet normal -0.7041423206907415 0.0665610464164424 -0.706932259351775
    outer loop
      vertex 59.582195690142164 56.25140598391284 100
      vertex 57.741075619459345 52.70560580618398 101.5
      vertex 58.08515559749976 56.34559176320681 101.5
    endloop
  endfacet
  facet normal -0.7069322593517748 0.022216241257016014 -0.7069322593517748
    outer loop
      vertex 58.08515559749976 56.34559176320681 101.5
      vertex 58.20000000298023 60 101.5
      vertex 59.70000000298023 60 100
    endloop
  endfacet
  facet normal -0.8270805742745622 0.56208337785213 0
    outer loop
      vertex 47.084789075033 25.79089831482633 101.5
      vertex 47.084789075033 25.79089831482633 103.5
      vertex 49.139885266733586 28.814880530625533 101.5
    endloop
  endfacet
  facet normal -0.8607420270039443 0.5090414157503701 0
    outer loop
      vertex 49.139885266733586 28.814880530625533 101.5
      vertex 49.139885266733586 28.814880530625533 103.5
      vertex 51.00104878116445 31.961936165844428 101.5
    endloop
  endfacet
  facet normal -0.8910065241883677 0.4539904997395473 0
    outer loop
      vertex 51.00104878116445 31.961936165844428 101.5
      vertex 51.00104878116445 31.961936165844428 103.5
      vertex 52.66093445621893 35.21964522964386 101.5
    endloop
  endfacet
  facet normal -0.9177546256839811 0.39714789063478073 0
    outer loop
      vertex 52.66093445621893 35.21964522964386 101.5
      vertex 52.66093445621893 35.21964522964386 103.5
      vertex 54.11299148146717 38.575151032654624 101.5
    endloop
  endfacet
  facet normal 0.41593774349069035 -0.9093930907698127 0
    outer loop
      vertex 57.621736206281255 24.91460507583288 100
      vertex 57.621736206281255 24.91460507583288 105
      vertex 56.41752384337788 24.363823045494797 100
    endloop
  endfacet
  facet normal 0.3756265049863605 -0.9267711307284727 0
    outer loop
      vertex 58.80728083218564 25.395114200004443 100
      vertex 58.80728083218564 25.395114200004443 105
      vertex 57.621736206281255 24.91460507583288 100
    endloop
  endfacet
  facet normal 0.3314859950125629 -0.9434601396511307 0
    outer loop
      vertex 59.96947891807639 25.803454068020116 100
      vertex 59.96947891807639 25.803454068020116 105
      vertex 58.80728083218564 25.395114200004443 100
    endloop
  endfacet
  facet normal 0.28290698340866977 -0.9591473498574693 0
    outer loop
      vertex 61.1037437990663 26.138013148973563 100
      vertex 61.1037437990663 26.138013148973563 105
      vertex 59.96947891807639 25.803454068020116 100
    endloop
  endfacet
  facet normal 0.2292049697992235 -0.9733781802667127 0
    outer loop
      vertex 62.20559904986642 26.397471091017792 100
      vertex 62.20559904986642 26.397471091017792 105
      vertex 61.1037437990663 26.138013148973563 100
    endloop
  endfacet
  facet normal 0.6301922170587549 -0.32109897266475207 -0.7069322593517797
    outer loop
      vertex 67.68106352176167 28.151708992201502 101.5
      vertex 66.87633466797047 26.572339689667764 101.5
      vertex 66.20422827644308 26.668334631525966 100.85725087067843
    endloop
  endfacet
  facet normal 0.16963321644352491 -0.9855072662740869 0
    outer loop
      vertex 63.27069615119165 26.580803932190598 100
      vertex 63.27069615119165 26.580803932190598 105
      vertex 62.20559904986642 26.397471091017792 100
    endloop
  endfacet
  facet normal 0.10341722144825591 -0.9946380639749931 0
    outer loop
      vertex 64.29483165137964 26.687288141524682 100
      vertex 64.29483165137964 26.687288141524682 105
      vertex 63.27069615119165 26.580803932190598 100
    endloop
  endfacet
  facet normal 0.029824715415701832 -0.9995551442268569 0
    outer loop
      vertex 65.26702564761136 26.716296455307003 100
      vertex 65.26702564761136 26.716296455307003 105
      vertex 64.29483165137964 26.687288141524682 100
    endloop
  endfacet
  facet normal 0.02982471541616849 -0.9995551442268428 0
    outer loop
      vertex 65.27396375549411 26.716503474493813 100.00609092014638
      vertex 65.26702564761136 26.716296455307003 105
      vertex 65.26702564761136 26.716296455307003 100
    endloop
  endfacet
  facet normal -0.05171045195694325 -0.9986621196172449 0
    outer loop
      vertex 66.20422827644308 26.668334631525966 100.85725087067843
      vertex 66.20422827644308 26.668334631525966 104.14274912932157
      vertex 65.27396375549411 26.716503474493813 100.00609092014638
    endloop
  endfacet
  facet normal 0.6695959456584876 0.7427255681324804 1.5854829267232222e-15
    outer loop
      vertex 69.69064850121913 37.379323688349515 100
      vertex 69.73086227138324 37.34306941272353 104.98063245509887
      vertex 69.71488789564502 37.3574709328646 100
    endloop
  endfacet
  facet normal 0.6695959456587602 0.7427255681322344 0
    outer loop
      vertex 69.71488789564502 37.3574709328646 100
      vertex 69.73086227138324 37.34306941272353 104.98063245509887
      vertex 69.73086227138324 37.34306941272353 100.01936754490113
    endloop
  endfacet
  facet normal 0.7764423384405067 0.6301883012854471 0
    outer loop
      vertex 69.01895591077941 38.092332998903416 100
      vertex 68.37007846025203 38.891801862449626 100
      vertex 68.37007846025203 38.891801862449626 105
    endloop
  endfacet
  facet normal 0.8168076685527244 0.576910073229323 0
    outer loop
      vertex 68.37007846025203 38.891801862449626 100
      vertex 67.74657697249032 39.77457514062631 100
      vertex 67.74657697249032 39.77457514062631 105
    endloop
  endfacet
  facet normal 0.8503547003523044 0.5262099234989231 0
    outer loop
      vertex 67.74657697249032 39.77457514062631 100
      vertex 67.15091212301573 40.737168930605264 100
      vertex 67.15091212301573 40.737168930605264 105
    endloop
  endfacet
  facet normal 0.878265041654623 0.47817414882802184 0
    outer loop
      vertex 67.15091212301573 40.737168930605264 100
      vertex 66.58543472885573 41.77578431446471 100
      vertex 66.58543472885573 41.77578431446471 105
    endloop
  endfacet
  facet normal 0.7278814791701075 0.6857029621353086 0
    outer loop
      vertex 69.69064850121913 37.379323688349515 100
      vertex 69.01895591077941 38.092332998903416 100
      vertex 69.01895591077941 38.092332998903416 105
    endloop
  endfacet
  facet normal -0.9408807689542251 0.33873792024529253 0
    outer loop
      vertex 54.11299148146717 38.575151032654624 101.5
      vertex 54.11299148146717 38.575151032654624 103.5
      vertex 55.35148925121231 42.015210926457115 101.5
    endloop
  endfacet
  facet normal -0.1413921162288032 -0.9899536703645987 0
    outer loop
      vertex 66.87633466797047 26.572339689667764 101.5
      vertex 66.87633466797047 26.572339689667764 103.5
      vertex 66.20422827644308 26.668334631525966 100.85725087067843
    endloop
  endfacet
  facet normal 0.8910065241883683 -0.4539904997395461 0
    outer loop
      vertex 67.68106352176167 28.151708992201502 101.5
      vertex 67.68106352176167 28.151708992201502 103.5
      vertex 66.87633466797047 26.572339689667764 101.5
    endloop
  endfacet
  facet normal 0.9177546256839814 -0.3971478906347803 0
    outer loop
      vertex 67.68106352176167 28.151708992201502 101.5
      vertex 69.54728114167024 32.464283460283156 101.5
      vertex 69.54728114167024 32.464283460283156 103.5
    endloop
  endfacet
  facet normal 0.6695959456585163 0.7427255681324543 0
    outer loop
      vertex 69.73086227138324 37.34306941272353 100.01936754490113
      vertex 69.73086227138324 37.34306941272353 104.98063245509887
      vertex 70.38250536778386 36.75558785279371 100.83188921471492
    endloop
  endfacet
  facet normal 0.9408807689542247 -0.3387379202452931 0
    outer loop
      vertex 69.54728114167024 32.464283460283156 101.5
      vertex 70.94134147043852 36.33643498424086 101.5
      vertex 70.94134147043852 36.33643498424086 103.5
    endloop
  endfacet
  facet normal 0.600023629183602 0.7999822775670342 0
    outer loop
      vertex 70.38250536778386 36.75558785279371 100.83188921471492
      vertex 70.38250536778386 36.75558785279371 104.16811078528507
      vertex 70.94134147043852 36.33643498424086 101.5
    endloop
  endfacet
  facet normal 0.9015230574682757 0.43273106758476676 0
    outer loop
      vertex 66.58543472885573 41.77578431446471 100
      vertex 66.05237647094306 42.88632235178279 100
      vertex 66.05237647094306 42.88632235178279 105
    endloop
  endfacet
  facet normal 0.9209342000152859 0.3897181022767681 0
    outer loop
      vertex 66.05237647094306 42.88632235178279 100
      vertex 65.55384108669053 44.06440025628276 100
      vertex 65.55384108669053 44.06440025628276 105
    endloop
  endfacet
  facet normal 0.9371504202212259 0.34892562227383045 0
    outer loop
      vertex 65.55384108669053 44.06440025628276 100
      vertex 65.09179606750062 45.30536869268817 100
      vertex 65.09179606750062 45.30536869268817 105
    endloop
  endfacet
  facet normal 0.9506960101741427 0.31012432384282024 0
    outer loop
      vertex 65.09179606750062 45.30536869268817 100
      vertex 64.66806489397581 46.60433012552508 100
      vertex 64.66806489397581 46.60433012552508 105
    endloop
  endfacet
  facet normal 0.9713703712600336 0.23757020402008452 0
    outer loop
      vertex 64.28431983947364 47.95615814745712 100
      vertex 63.942075370407764 49.35551771087319 100
      vertex 63.942075370407764 49.35551771087319 105
    endloop
  endfacet
  facet normal 0.9791012165649957 0.20337356691798797 0
    outer loop
      vertex 63.942075370407764 49.35551771087319 100
      vertex 63.64268216934098 50.79688618288306 100
      vertex 63.64268216934098 50.79688618288306 105
    endloop
  endfacet
  facet normal 0.9619908961602127 0.2730815184242074 0
    outer loop
      vertex 64.66806489397581 46.60433012552508 100
      vertex 64.28431983947364 47.95615814745712 100
      vertex 64.28431983947364 47.95615814745712 105
    endloop
  endfacet
  facet normal 0.9853945674788775 0.17028665943965157 0
    outer loop
      vertex 63.64268216934098 50.79688618288306 100
      vertex 63.38732180445815 52.27457514062632 100
      vertex 63.38732180445815 52.27457514062632 105
    endloop
  endfacet
  facet normal 0.9904160069218781 0.13811637568703455 0
    outer loop
      vertex 63.38732180445815 52.27457514062632 100
      vertex 63.177002066456424 53.78275282087863 100
      vertex 63.177002066456424 53.78275282087863 105
    endloop
  endfacet
  facet normal 0.9942933599606286 0.10668043090559584 0
    outer loop
      vertex 63.177002066456424 53.78275282087863 100
      vertex 63.01255299125573 55.31546713535688 100
      vertex 63.01255299125573 55.31546713535688 105
    endloop
  endfacet
  facet normal 0.9971226022610113 0.0758057785411429 0
    outer loop
      vertex 63.01255299125573 55.31546713535688 100
      vertex 62.89462358422627 56.8666691608924 100
      vertex 62.89462358422627 56.8666691608924 105
    endloop
  endfacet
  facet normal 0.9989722158326831 0.04532672494609606 0
    outer loop
      vertex 62.89462358422627 56.8666691608924 100
      vertex 62.823679258860736 58.43023701176717 100
      vertex 62.823679258860736 58.43023701176717 105
    endloop
  endfacet
  facet normal 0.9998862467179145 0.015082891777171965 0
    outer loop
      vertex 62.823679258860736 58.43023701176717 100
      vertex 62.8 60 100
      vertex 62.8 60 105
    endloop
  endfacet
  facet normal -0.9602936856769431 0.2789911060392296 0
    outer loop
      vertex 55.35148925121231 42.015210926457115 101.5
      vertex 55.35148925121231 42.015210926457115 103.5
      vertex 56.37153998057294 45.526248566264314 101.5
    endloop
  endfacet
  facet normal -0.9759167619387475 0.21814324139654218 0
    outer loop
      vertex 56.37153998057294 45.526248566264314 101.5
      vertex 56.37153998057294 45.526248566264314 103.5
      vertex 57.169117995337125 49.09440749055238 101.5
    endloop
  endfacet
  facet normal -0.9876883405951378 0.15643446504023092 0
    outer loop
      vertex 57.169117995337125 49.09440749055238 101.5
      vertex 57.169117995337125 49.09440749055238 103.5
      vertex 57.741075619459345 52.70560580618398 101.5
    endloop
  endfacet
  facet normal -0.99556196460308 0.09410831331851446 0
    outer loop
      vertex 57.741075619459345 52.70560580618398 101.5
      vertex 57.741075619459345 52.70560580618398 103.5
      vertex 58.08515559749976 56.34559176320681 101.5
    endloop
  endfacet
  facet normal -0.9995065603657316 0.03141075907812804 0
    outer loop
      vertex 58.08515559749976 56.34559176320681 101.5
      vertex 58.08515559749976 56.34559176320681 103.5
      vertex 58.20000000298023 60 101.5
    endloop
  endfacet
  facet normal -0.031410759078128014 0.9995065603657316 0
    outer loop
      vertex 3.6544082367931914 1.9148444025002433 101.5
      vertex 0 1.7999999970197678 103.5
      vertex 3.6544082367931914 1.9148444025002433 103.5
    endloop
  endfacet
  facet normal -0.09410831331851453 0.99556196460308 0
    outer loop
      vertex 7.294394193816019 2.2589243805406554 101.5
      vertex 3.6544082367931914 1.9148444025002433 103.5
      vertex 7.294394193816019 2.2589243805406554 103.5
    endloop
  endfacet
  facet normal -0.15643446504023087 0.9876883405951378 0
    outer loop
      vertex 10.905592509447624 2.8308820046628753 101.5
      vertex 7.294394193816019 2.2589243805406554 103.5
      vertex 10.905592509447624 2.8308820046628753 103.5
    endloop
  endfacet
  facet normal -0.21814324139654248 0.9759167619387475 0
    outer loop
      vertex 14.473751433735682 3.6284600194270595 101.5
      vertex 10.905592509447624 2.8308820046628753 103.5
      vertex 14.473751433735682 3.6284600194270595 103.5
    endloop
  endfacet
  facet normal -0.2789911060392296 0.9602936856769431 0
    outer loop
      vertex 17.98478907354288 4.648510748787693 101.5
      vertex 14.473751433735682 3.6284600194270595 103.5
      vertex 17.98478907354288 4.648510748787693 103.5
    endloop
  endfacet
  facet normal -0.015082891777171962 -0.9998862467179145 0
    outer loop
      vertex 0 -2.799999999999997 100
      vertex 1.569762988232832 -2.823679258860736 105
      vertex 0 -2.799999999999997 105
    endloop
  endfacet
  facet normal -0.04532672494609604 -0.9989722158326831 0
    outer loop
      vertex 1.569762988232832 -2.823679258860736 100
      vertex 3.1333308391076016 -2.8946235842262666 105
      vertex 1.569762988232832 -2.823679258860736 105
    endloop
  endfacet
  facet normal -0.0758057785411428 -0.9971226022610115 0
    outer loop
      vertex 3.1333308391076016 -2.8946235842262666 100
      vertex 4.684532864643121 -3.012552991255731 105
      vertex 3.1333308391076016 -2.8946235842262666 105
    endloop
  endfacet
  facet normal -0.10668043090559615 -0.9942933599606286 0
    outer loop
      vertex 4.684532864643121 -3.012552991255731 100
      vertex 6.2172471791213715 -3.1770020664564242 105
      vertex 4.684532864643121 -3.012552991255731 105
    endloop
  endfacet
  facet normal -0.13811637568703422 -0.9904160069218783 0
    outer loop
      vertex 6.2172471791213715 -3.1770020664564242 100
      vertex 7.7254248593736845 -3.3873218044581535 105
      vertex 6.2172471791213715 -3.1770020664564242 105
    endloop
  endfacet
  facet normal -0.1702866594396515 -0.9853945674788775 0
    outer loop
      vertex 7.7254248593736845 -3.3873218044581535 100
      vertex 9.203113817116947 -3.642682169340979 105
      vertex 7.7254248593736845 -3.3873218044581535 105
    endloop
  endfacet
  facet normal -0.2033735669179887 -0.9791012165649957 0
    outer loop
      vertex 9.203113817116947 -3.642682169340979 100
      vertex 10.644482289126811 -3.942075370407764 105
      vertex 9.203113817116947 -3.642682169340979 105
    endloop
  endfacet
  facet normal -0.27308151842420775 -0.9619908961602127 0
    outer loop
      vertex 12.043841852542885 -4.284319839473639 100
      vertex 13.395669874474919 -4.66806489397581 105
      vertex 12.043841852542885 -4.284319839473639 105
    endloop
  endfacet
  facet normal -0.23757020402008394 -0.9713703712600337 0
    outer loop
      vertex 10.644482289126811 -3.942075370407764 100
      vertex 12.043841852542885 -4.284319839473639 105
      vertex 10.644482289126811 -3.942075370407764 105
    endloop
  endfacet
  facet normal -0.3101243238428206 -0.9506960101741425 0
    outer loop
      vertex 13.395669874474919 -4.66806489397581 100
      vertex 14.694631307311829 -5.091796067500624 105
      vertex 13.395669874474919 -4.66806489397581 105
    endloop
  endfacet
  facet normal -0.34892562227383006 -0.9371504202212261 0
    outer loop
      vertex 14.694631307311829 -5.091796067500624 100
      vertex 15.93559974371724 -5.553841086690525 105
      vertex 14.694631307311829 -5.091796067500624 105
    endloop
  endfacet
  facet normal -0.3897181022767681 -0.9209342000152859 0
    outer loop
      vertex 15.93559974371724 -5.553841086690525 100
      vertex 17.113677648217212 -6.052376470943059 105
      vertex 15.93559974371724 -5.553841086690525 105
    endloop
  endfacet
  facet normal -0.43273106758476676 -0.9015230574682757 0
    outer loop
      vertex 17.113677648217212 -6.052376470943059 100
      vertex 18.22421568553529 -6.585434728855731 105
      vertex 17.113677648217212 -6.052376470943059 105
    endloop
  endfacet
  facet normal -0.7999822775670318 -0.6000236291836051 0
    outer loop
      vertex 23.66356501575914 -10.941341470438516 103.5
      vertex 23.244412147206287 -10.382505367783864 104.16811078528507
      vertex 23.244412147206287 -10.382505367783864 100.83188921471493
    endloop
  endfacet
  facet normal 0.3387379202452931 -0.9408807689542247 0
    outer loop
      vertex 27.535716539716844 -9.54728114167024 103.5
      vertex 23.66356501575914 -10.941341470438516 103.5
      vertex 23.66356501575914 -10.941341470438516 101.5
    endloop
  endfacet
  facet normal -0.742725568132454 -0.6695959456585169 0
    outer loop
      vertex 23.244412147206287 -10.382505367783864 104.16811078528507
      vertex 22.620676311650488 -9.69064850121913 105
      vertex 22.620676311650488 -9.69064850121913 100
    endloop
  endfacet
  facet normal -0.33873792024529226 0.9408807689542251 0
    outer loop
      vertex 21.424848967345376 5.887008518532831 101.5
      vertex 17.98478907354288 4.648510748787693 103.5
      vertex 21.424848967345376 5.887008518532831 103.5
    endloop
  endfacet
  facet normal 0.3971478906347803 -0.9177546256839814 0
    outer loop
      vertex 27.535716539716844 -9.54728114167024 101.5
      vertex 31.848291007798498 -7.681063521761672 103.5
      vertex 27.535716539716844 -9.54728114167024 103.5
    endloop
  endfacet
  facet normal 0.4539904997395461 -0.8910065241883683 0
    outer loop
      vertex 31.848291007798498 -7.681063521761672 101.5
      vertex 33.427660310332236 -6.876334667970468 103.5
      vertex 31.848291007798498 -7.681063521761672 103.5
    endloop
  endfacet
  facet normal 0.9899536703645987 0.1413921162288032 0
    outer loop
      vertex 33.427660310332236 -6.876334667970468 103.5
      vertex 33.427660310332236 -6.876334667970468 101.5
      vertex 33.331665368474034 -6.204228276443075 104.14274912932159
    endloop
  endfacet
  facet normal -0.47817414882802184 -0.878265041654623 0
    outer loop
      vertex 18.22421568553529 -6.585434728855731 100
      vertex 19.262831069394736 -7.150912123015729 105
      vertex 18.22421568553529 -6.585434728855731 105
    endloop
  endfacet
  facet normal -0.5262099234989246 -0.8503547003523035 0
    outer loop
      vertex 19.262831069394736 -7.150912123015729 100
      vertex 20.225424859373685 -7.746576972490317 105
      vertex 19.262831069394736 -7.150912123015729 105
    endloop
  endfacet
  facet normal -0.6857029621353103 -0.7278814791701057 0
    outer loop
      vertex 21.90766700109659 -9.018955910779411 100
      vertex 22.620676311650488 -9.69064850121913 105
      vertex 21.90766700109659 -9.018955910779411 105
    endloop
  endfacet
  facet normal -0.5769100732293214 -0.8168076685527255 0
    outer loop
      vertex 20.225424859373685 -7.746576972490317 100
      vertex 21.108198137550374 -8.370078460252032 105
      vertex 20.225424859373685 -7.746576972490317 105
    endloop
  endfacet
  facet normal -0.6301883012854437 -0.7764423384405095 0
    outer loop
      vertex 21.108198137550374 -8.370078460252032 100
      vertex 21.90766700109659 -9.018955910779411 105
      vertex 21.108198137550374 -8.370078460252032 105
    endloop
  endfacet
  facet normal 0.9986621196172449 0.05171045195694325 0
    outer loop
      vertex 33.331665368474034 -6.204228276443075 100.85725087067843
      vertex 33.28349652550619 -5.273963755494108 104.99390907985361
      vertex 33.331665368474034 -6.204228276443075 104.14274912932159
    endloop
  endfacet
  facet normal 0.9995551442268429 -0.0298247154161685 0
    outer loop
      vertex 33.283703544693 -5.267025647611362 105
      vertex 33.28349652550619 -5.273963755494108 104.99390907985361
      vertex 33.28349652550619 -5.273963755494108 100.00609092014639
    endloop
  endfacet
  facet normal 0.9995551442268567 -0.02982471541570869 -6.393715981740574e-16
    outer loop
      vertex 33.283703544693 -5.267025647611362 105
      vertex 33.28349652550619 -5.273963755494108 100.00609092014639
      vertex 33.312711858475325 -4.294831651379624 105
    endloop
  endfacet
  facet normal 0.9946380639749937 -0.10341722144825051 0
    outer loop
      vertex 33.312711858475325 -4.294831651379624 100
      vertex 33.4191960678094 -3.2706961511916504 105
      vertex 33.312711858475325 -4.294831651379624 105
    endloop
  endfacet
  facet normal 0.9855072662740869 -0.16963321644352491 0
    outer loop
      vertex 33.4191960678094 -3.2706961511916504 100
      vertex 33.60252890898221 -2.2055990498664215 105
      vertex 33.4191960678094 -3.2706961511916504 105
    endloop
  endfacet
  facet normal 0.32109897266475557 -0.6301922170587618 0.7069322593517718
    outer loop
      vertex 31.848291007798498 -7.681063521761672 103.5
      vertex 33.427660310332236 -6.876334667970468 103.5
      vertex 33.331665368474034 -6.204228276443075 104.14274912932159
    endloop
  endfacet
  facet normal 0.9733781802667127 -0.2292049697992235 0
    outer loop
      vertex 33.86198685102644 -1.1037437990663008 105
      vertex 33.60252890898221 -2.2055990498664215 105
      vertex 33.60252890898221 -2.2055990498664215 100
    endloop
  endfacet
  facet normal 0.9591473498574693 -0.28290698340866977 0
    outer loop
      vertex 33.86198685102644 -1.1037437990663008 100
      vertex 34.196545931979884 0.030521081923609472 105
      vertex 33.86198685102644 -1.1037437990663008 105
    endloop
  endfacet
  facet normal 0.9434601396511307 -0.3314859950125629 0
    outer loop
      vertex 34.60488579999556 1.19271916781436 105
      vertex 34.196545931979884 0.030521081923609472 105
      vertex 34.196545931979884 0.030521081923609472 100
    endloop
  endfacet
  facet normal 0.9267711307284727 -0.3756265049863605 0
    outer loop
      vertex 34.60488579999556 1.19271916781436 100
      vertex 35.08539492416712 2.3782637937187445 105
      vertex 34.60488579999556 1.19271916781436 105
    endloop
  endfacet
  facet normal 0.9093930907698127 -0.41593774349069035 0
    outer loop
      vertex 35.08539492416712 2.3782637937187445 100
      vertex 35.6361769545052 3.5824761566221213 105
      vertex 35.08539492416712 2.3782637937187445 105
    endloop
  endfacet
  facet normal -0.39714789063478106 0.917754625683981 0
    outer loop
      vertex 24.780354770356137 7.339065543781068 101.5
      vertex 21.424848967345376 5.887008518532831 103.5
      vertex 24.780354770356137 7.339065543781068 103.5
    endloop
  endfacet
  facet normal -0.4539904997395469 0.8910065241883679 0
    outer loop
      vertex 28.038063834155572 8.99895121883555 101.5
      vertex 24.780354770356137 7.339065543781068 103.5
      vertex 28.038063834155572 8.99895121883555 103.5
    endloop
  endfacet
  facet normal -0.5090414157503701 0.8607420270039443 0
    outer loop
      vertex 31.185119469374467 10.860114733266414 101.5
      vertex 28.038063834155572 8.99895121883555 103.5
      vertex 31.185119469374467 10.860114733266414 103.5
    endloop
  endfacet
  facet normal -0.56208337785213 0.8270805742745622 0
    outer loop
      vertex 34.20910168517367 12.915210924966999 101.5
      vertex 31.185119469374467 10.860114733266414 103.5
      vertex 34.20910168517367 12.915210924966999 103.5
    endloop
  endfacet
  facet normal -0.02221624125701599 0.7069322593517748 0.7069322593517748
    outer loop
      vertex 0 1.7999999970197678 103.5
      vertex 0 0.29999999701976776 105
      vertex 3.6544082367931914 1.9148444025002433 103.5
    endloop
  endfacet
  facet normal -0.06656104641644243 0.7041423206907415 0.7069322593517748
    outer loop
      vertex 3.6544082367931914 1.9148444025002433 103.5
      vertex 3.748594016087162 0.4178043098578357 105
      vertex 7.294394193816019 2.2589243805406554 103.5
    endloop
  endfacet
  facet normal -0.11064316553451231 0.6985734539819687 0.7069322593517747
    outer loop
      vertex 7.294394193816019 2.2589243805406554 103.5
      vertex 7.482394044162475 0.770752328568939 105
      vertex 10.905592509447624 2.8308820046628753 103.5
    endloop
  endfacet
  facet normal -0.15428862662627196 0.6902476369981835 0.7069322593517733
    outer loop
      vertex 10.905592509447624 2.8308820046628753 103.5
      vertex 11.186664481326211 1.3574511285698492 105
      vertex 14.473751433735682 3.6284600194270595 103.5
    endloop
  endfacet
  facet normal -0.19732518099650617 0.6791977279353132 0.7069322593517743
    outer loop
      vertex 14.473751433735682 3.6284600194270595 103.5
      vertex 14.846786264482963 2.1755852777341147 105
      vertex 17.98478907354288 4.648510748787693 103.5
    endloop
  endfacet
  facet normal 0 0 1
    outer loop
      vertex 7.482394044162475 0.770752328568939 105
      vertex 7.7254248593736845 -3.3873218044581535 105
      vertex 9.203113817116947 -3.642682169340979 105
    endloop
  endfacet
  facet normal -0.022216241257015927 0.7069322593517747 0.706932259351775
    outer loop
      vertex 3.6544082367931914 1.9148444025002433 103.5
      vertex 0 0.29999999701976776 105
      vertex 3.748594016087162 0.4178043098578357 105
    endloop
  endfacet
  facet normal -0.06656104641644262 0.7041423206907416 0.7069322593517747
    outer loop
      vertex 7.294394193816019 2.2589243805406554 103.5
      vertex 3.748594016087162 0.4178043098578357 105
      vertex 7.482394044162475 0.770752328568939 105
    endloop
  endfacet
  facet normal 0 0 1
    outer loop
      vertex 0 0.29999999701976776 105
      vertex 0 -2.799999999999997 105
      vertex 1.569762988232832 -2.823679258860736 105
    endloop
  endfacet
  facet normal 0 0 1
    outer loop
      vertex 0 0.29999999701976776 105
      vertex 1.569762988232832 -2.823679258860736 105
      vertex 3.1333308391076016 -2.8946235842262666 105
    endloop
  endfacet
  facet normal 0 0 1
    outer loop
      vertex 0 0.29999999701976776 105
      vertex 3.1333308391076016 -2.8946235842262666 105
      vertex 3.748594016087162 0.4178043098578357 105
    endloop
  endfacet
  facet normal 0 0 1
    outer loop
      vertex 3.748594016087162 0.4178043098578357 105
      vertex 3.1333308391076016 -2.8946235842262666 105
      vertex 4.684532864643121 -3.012552991255731 105
    endloop
  endfacet
  facet normal 0 0 1
    outer loop
      vertex 3.748594016087162 0.4178043098578357 105
      vertex 4.684532864643121 -3.012552991255731 105
      vertex 6.2172471791213715 -3.1770020664564242 105
    endloop
  endfacet
  facet normal 0 0 1
    outer loop
      vertex 3.748594016087162 0.4178043098578357 105
      vertex 6.2172471791213715 -3.1770020664564242 105
      vertex 7.482394044162475 0.770752328568939 105
    endloop
  endfacet
  facet normal 0 0 1
    outer loop
      vertex 7.482394044162475 0.770752328568939 105
      vertex 6.2172471791213715 -3.1770020664564242 105
      vertex 7.7254248593736845 -3.3873218044581535 105
    endloop
  endfacet
  facet normal 0 0 1
    outer loop
      vertex 11.186664481326211 1.3574511285698492 105
      vertex 9.203113817116947 -3.642682169340979 105
      vertex 10.644482289126811 -3.942075370407764 105
    endloop
  endfacet
  facet normal 0 0 1
    outer loop
      vertex 11.186664481326211 1.3574511285698492 105
      vertex 10.644482289126811 -3.942075370407764 105
      vertex 12.043841852542885 -4.284319839473639 105
    endloop
  endfacet
  facet normal 0 0 1
    outer loop
      vertex 11.186664481326211 1.3574511285698492 105
      vertex 12.043841852542885 -4.284319839473639 105
      vertex 13.395669874474919 -4.66806489397581 105
    endloop
  endfacet
  facet normal 0 0 1
    outer loop
      vertex 14.846786264482963 2.1755852777341147 105
      vertex 13.395669874474919 -4.66806489397581 105
      vertex 14.694631307311829 -5.091796067500624 105
    endloop
  endfacet
  facet normal 0 0 1
    outer loop
      vertex 14.846786264482963 2.1755852777341147 105
      vertex 14.694631307311829 -5.091796067500624 105
      vertex 15.93559974371724 -5.553841086690525 105
    endloop
  endfacet
  facet normal 0 0 1
    outer loop
      vertex 14.846786264482963 2.1755852777341147 105
      vertex 15.93559974371724 -5.553841086690525 105
      vertex 17.113677648217212 -6.052376470943059 105
    endloop
  endfacet
  facet normal -0.1106431655345137 0.6985734539819698 0.7069322593517733
    outer loop
      vertex 10.905592509447624 2.8308820046628753 103.5
      vertex 7.482394044162475 0.770752328568939 105
      vertex 11.186664481326211 1.3574511285698492 105
    endloop
  endfacet
  facet normal -0.15428862662627088 0.6902476369981826 0.7069322593517743
    outer loop
      vertex 14.473751433735682 3.6284600194270595 103.5
      vertex 11.186664481326211 1.3574511285698492 105
      vertex 14.846786264482963 2.1755852777341147 105
    endloop
  endfacet
  facet normal -0.1973251809965056 0.6791977279353127 0.706932259351775
    outer loop
      vertex 17.98478907354288 4.648510748787693 103.5
      vertex 14.846786264482963 2.1755852777341147 105
      vertex 18.448314565105303 3.2219259743449626 105
    endloop
  endfacet
  facet normal 0 0 1
    outer loop
      vertex 7.482394044162475 0.770752328568939 105
      vertex 9.203113817116947 -3.642682169340979 105
      vertex 11.186664481326211 1.3574511285698492 105
    endloop
  endfacet
  facet normal 0 0 1
    outer loop
      vertex 11.186664481326211 1.3574511285698492 105
      vertex 13.395669874474919 -4.66806489397581 105
      vertex 14.846786264482963 2.1755852777341147 105
    endloop
  endfacet
  facet normal 0 0 1
    outer loop
      vertex 14.846786264482963 2.1755852777341147 105
      vertex 17.113677648217212 -6.052376470943059 105
      vertex 18.448314565105303 3.2219259743449626 105
    endloop
  endfacet
  facet normal 0.23958298302664868 -0.6654673357362105 0.7069322593517727
    outer loop
      vertex 27.535716539716844 -9.54728114167024 103.5
      vertex 26.983529710689826 -8.152616412837872 105
      vertex 23.66356501575914 -10.941341470438516 103.5
    endloop
  endfacet
  facet normal 0.23958298302664213 -0.6654673357362062 0.7069322593517793
    outer loop
      vertex 26.983529710689826 -8.152616412837872 105
      vertex 23.244412147206287 -10.382505367783864 104.16811078528507
      vertex 23.66356501575914 -10.941341470438516 103.5
    endloop
  endfacet
  facet normal -0.23958298302664735 0.6654673357362089 0.7069322593517748
    outer loop
      vertex 17.98478907354288 4.648510748787693 103.5
      vertex 18.448314565105303 3.2219259743449626 105
      vertex 21.424848967345376 5.887008518532831 103.5
    endloop
  endfacet
  facet normal -0.2808952604778348 0.64911064798606 0.706932259351776
    outer loop
      vertex 21.424848967345376 5.887008518532831 103.5
      vertex 21.977035796372395 4.492343789700449 105
      vertex 24.780354770356137 7.339065543781068 103.5
    endloop
  endfacet
  facet normal 0.2808952604778342 -0.6491106479860601 0.7069322593517761
    outer loop
      vertex 27.535716539716844 -9.54728114167024 103.5
      vertex 31.848291007798498 -7.681063521761672 103.5
      vertex 31.209622070450887 -6.323822943062638 105
    endloop
  endfacet
  facet normal 0.32109897266475135 -0.6301922170587594 0.7069322593517762
    outer loop
      vertex 31.848291007798498 -7.681063521761672 103.5
      vertex 33.331665368474034 -6.204228276443075 104.14274912932159
      vertex 31.209622070450887 -6.323822943062638 105
    endloop
  endfacet
  facet normal 0 0 1
    outer loop
      vertex 18.448314565105303 3.2219259743449626 105
      vertex 20.225424859373685 -7.746576972490317 105
      vertex 21.108198137550374 -8.370078460252032 105
    endloop
  endfacet
  facet normal 0 0 1
    outer loop
      vertex 18.448314565105303 3.2219259743449626 105
      vertex 18.22421568553529 -6.585434728855731 105
      vertex 19.262831069394736 -7.150912123015729 105
    endloop
  endfacet
  facet normal 0 0 1
    outer loop
      vertex 18.448314565105303 3.2219259743449626 105
      vertex 17.113677648217212 -6.052376470943059 105
      vertex 18.22421568553529 -6.585434728855731 105
    endloop
  endfacet
  facet normal 0 0 1
    outer loop
      vertex 18.448314565105303 3.2219259743449626 105
      vertex 19.262831069394736 -7.150912123015729 105
      vertex 20.225424859373685 -7.746576972490317 105
    endloop
  endfacet
  facet normal 0 0 1
    outer loop
      vertex 18.448314565105303 3.2219259743449626 105
      vertex 21.108198137550374 -8.370078460252032 105
      vertex 21.90766700109659 -9.018955910779411 105
    endloop
  endfacet
  facet normal 0 0 1
    outer loop
      vertex 18.448314565105303 3.2219259743449626 105
      vertex 21.90766700109659 -9.018955910779411 105
      vertex 22.620676311650488 -9.69064850121913 105
    endloop
  endfacet
  facet normal 0 0 1
    outer loop
      vertex 18.448314565105303 3.2219259743449626 105
      vertex 22.620676311650488 -9.69064850121913 105
      vertex 22.6509456867627 -9.71244264160039 105
    endloop
  endfacet
  facet normal -0.7427255681274014 -0.6695959456641212 8.147817127375486e-12
    outer loop
      vertex 22.65693058727647 -9.730862271383245 104.98063245509887
      vertex 22.642529067135403 -9.71488789564502 105
      vertex 23.244412147206287 -10.382505367783864 104.16811078528507
    endloop
  endfacet
  facet normal -0.7427255681324805 -0.6695959456584876 -4.4088006474237766e-14
    outer loop
      vertex 22.642529067135403 -9.71488789564502 105
      vertex 22.620676311650488 -9.69064850121913 105
      vertex 23.244412147206287 -10.382505367783864 104.16811078528507
    endloop
  endfacet
  facet normal 0.2395829830266466 -0.6654673357362113 0.706932259351773
    outer loop
      vertex 26.983529710689826 -8.152616412837872 105
      vertex 22.65693058727647 -9.730862271383245 104.98063245509887
      vertex 23.244412147206287 -10.382505367783864 104.16811078528507
    endloop
  endfacet
  facet normal 0.19732518099678592 -0.6791977279352795 0.7069322593517285
    outer loop
      vertex 22.6509456867627 -9.71244264160039 105
      vertex 22.642529067135403 -9.71488789564502 105
      vertex 22.65693058727647 -9.730862271383245 104.98063245509887
    endloop
  endfacet
  facet normal 0 0 1
    outer loop
      vertex 22.6509456867627 -9.71244264160039 105
      vertex 22.620676311650488 -9.69064850121913 105
      vertex 22.642529067135403 -9.71488789564502 105
    endloop
  endfacet
  facet normal 0.23958298302666264 -0.6654673357362547 0.7069322593517265
    outer loop
      vertex 22.6509456867627 -9.71244264160039 105
      vertex 22.65693058727647 -9.730862271383245 104.98063245509887
      vertex 26.983529710689826 -8.152616412837872 105
    endloop
  endfacet
  facet normal 0 0 1
    outer loop
      vertex 22.6509456867627 -9.71244264160039 105
      vertex 26.983529710689826 -8.152616412837872 105
      vertex 21.977035796372395 4.492343789700449 105
    endloop
  endfacet
  facet normal -0.23958298302664616 0.6654673357362082 0.7069322593517761
    outer loop
      vertex 21.424848967345376 5.887008518532831 103.5
      vertex 18.448314565105303 3.2219259743449626 105
      vertex 21.977035796372395 4.492343789700449 105
    endloop
  endfacet
  facet normal -0.2808952604778347 0.64911064798606 0.7069322593517761
    outer loop
      vertex 24.780354770356137 7.339065543781068 103.5
      vertex 21.977035796372395 4.492343789700449 105
      vertex 25.419023707703747 5.981824965082033 105
    endloop
  endfacet
  facet normal 0 0 1
    outer loop
      vertex 18.448314565105303 3.2219259743449626 105
      vertex 22.6509456867627 -9.71244264160039 105
      vertex 21.977035796372395 4.492343789700449 105
    endloop
  endfacet
  facet normal 0 0 1
    outer loop
      vertex 26.983529710689826 -8.152616412837872 105
      vertex 25.419023707703747 5.981824965082033 105
      vertex 21.977035796372395 4.492343789700449 105
    endloop
  endfacet
  facet normal 0.28089526047783736 -0.6491106479860622 0.7069322593517728
    outer loop
      vertex 27.535716539716844 -9.54728114167024 103.5
      vertex 31.209622070450887 -6.323822943062638 105
      vertex 26.983529710689826 -8.152616412837872 105
    endloop
  endfacet
  facet normal 0 0 1
    outer loop
      vertex 26.983529710689826 -8.152616412837872 105
      vertex 31.209622070450887 -6.323822943062638 105
      vertex 25.419023707703747 5.981824965082033 105
    endloop
  endfacet
  facet normal 0.3210989726647531 -0.6301922170587522 0.7069322593517816
    outer loop
      vertex 31.209622070450887 -6.323822943062638 105
      vertex 33.331665368474034 -6.204228276443075 104.14274912932159
      vertex 33.28349652550619 -5.273963755494108 104.99390907985361
    endloop
  endfacet
  facet normal 0.3210989726649652 -0.6301922170591737 0.7069322593513098
    outer loop
      vertex 31.209622070450887 -6.323822943062638 105
      vertex 33.28349652550619 -5.273963755494108 104.99390907985361
      vertex 33.283703544693 -5.267025647611362 105
    endloop
  endfacet
  facet normal 0 0 1
    outer loop
      vertex 31.209622070450887 -6.323822943062638 105
      vertex 33.283703544693 -5.267025647611362 105
      vertex 33.312711858475325 -4.294831651379624 105
    endloop
  endfacet
  facet normal 0 0 1
    outer loop
      vertex 31.209622070450887 -6.323822943062638 105
      vertex 28.760694345308146 7.684491198769756 105
      vertex 25.419023707703747 5.981824965082033 105
    endloop
  endfacet
  facet normal 0 0 1
    outer loop
      vertex 31.209622070450887 -6.323822943062638 105
      vertex 33.312711858475325 -4.294831651379624 105
      vertex 28.760694345308146 7.684491198769756 105
    endloop
  endfacet
  facet normal 0 0 1
    outer loop
      vertex 28.760694345308146 7.684491198769756 105
      vertex 33.312711858475325 -4.294831651379624 105
      vertex 33.4191960678094 -3.2706961511916504 105
    endloop
  endfacet
  facet normal 0 0 1
    outer loop
      vertex 28.760694345308146 7.684491198769756 105
      vertex 33.4191960678094 -3.2706961511916504 105
      vertex 33.60252890898221 -2.2055990498664215 105
    endloop
  endfacet
  facet normal 0 0 1
    outer loop
      vertex 28.760694345308146 7.684491198769756 105
      vertex 33.60252890898221 -2.2055990498664215 105
      vertex 33.86198685102644 -1.1037437990663008 105
    endloop
  endfacet
  facet normal 0 0 1
    outer loop
      vertex 28.760694345308146 7.684491198769756 105
      vertex 33.86198685102644 -1.1037437990663008 105
      vertex 34.196545931979884 0.030521081923609472 105
    endloop
  endfacet
  facet normal 0 0 1
    outer loop
      vertex 28.760694345308146 7.684491198769756 105
      vertex 34.196545931979884 0.030521081923609472 105
      vertex 34.60488579999556 1.19271916781436 105
    endloop
  endfacet
  facet normal 0 0 1
    outer loop
      vertex 28.760694345308146 7.684491198769756 105
      vertex 34.60488579999556 1.19271916781436 105
      vertex 31.988859661842962 9.593622845013392 105
    endloop
  endfacet
  facet normal 0 0 1
    outer loop
      vertex 31.988859661842962 9.593622845013392 105
      vertex 34.60488579999556 1.19271916781436 105
      vertex 35.08539492416712 2.3782637937187445 105
    endloop
  endfacet
  facet normal 0 0 1
    outer loop
      vertex 31.988859661842962 9.593622845013392 105
      vertex 35.08539492416712 2.3782637937187445 105
      vertex 35.6361769545052 3.5824761566221213 105
    endloop
  endfacet
  facet normal 0 0 1
    outer loop
      vertex 31.988859661842962 9.593622845013392 105
      vertex 35.6361769545052 3.5824761566221213 105
      vertex 36.25505820596445 4.800603780480422 105
    endloop
  endfacet
  facet normal -0.32109897266475435 0.6301922170587578 0.7069322593517761
    outer loop
      vertex 24.780354770356137 7.339065543781068 103.5
      vertex 25.419023707703747 5.981824965082033 105
      vertex 28.038063834155572 8.99895121883555 103.5
    endloop
  endfacet
  facet normal -0.3600354539027328 0.6087867053581643 0.7069322593517747
    outer loop
      vertex 28.038063834155572 8.99895121883555 103.5
      vertex 28.760694345308146 7.684491198769756 105
      vertex 31.185119469374467 10.860114733266414 103.5
    endloop
  endfacet
  facet normal -0.3975510396887107 0.5849785906597097 0.7069322593517747
    outer loop
      vertex 31.185119469374467 10.860114733266414 103.5
      vertex 31.988859661842962 9.593622845013392 105
      vertex 34.20910168517367 12.915210924966999 103.5
    endloop
  endfacet
  facet normal -0.4334976731448307 0.5588618327152183 0.7069322593517747
    outer loop
      vertex 34.20910168517367 12.915210924966999 103.5
      vertex 35.09077956361238 11.701685433404577 105
      vertex 37.09807620527343 15.156129268152768 103.5
    endloop
  endfacet
  facet normal -0.3210989726647559 0.6301922170587586 0.7069322593517747
    outer loop
      vertex 28.038063834155572 8.99895121883555 103.5
      vertex 25.419023707703747 5.981824965082033 105
      vertex 28.760694345308146 7.684491198769756 105
    endloop
  endfacet
  facet normal -0.3600354539027328 0.6087867053581643 0.7069322593517747
    outer loop
      vertex 31.185119469374467 10.860114733266414 103.5
      vertex 28.760694345308146 7.684491198769756 105
      vertex 31.988859661842962 9.593622845013392 105
    endloop
  endfacet
  facet normal -0.39755103968871075 0.5849785906597098 0.7069322593517748
    outer loop
      vertex 34.20910168517367 12.915210924966999 103.5
      vertex 31.988859661842962 9.593622845013392 105
      vertex 35.09077956361238 11.701685433404577 105
    endloop
  endfacet
  facet normal 0 0 1
    outer loop
      vertex 31.988859661842962 9.593622845013392 105
      vertex 36.25505820596445 4.800603780480422 105
      vertex 36.9395962369853 6.027839272071851 105
    endloop
  endfacet
  facet normal 0 0 1
    outer loop
      vertex 31.988859661842962 9.593622845013392 105
      vertex 36.9395962369853 6.027839272071851 105
      vertex 35.09077956361238 11.701685433404577 105
    endloop
  endfacet
  facet normal 0.8915346080412804 -0.4529525832409842 0
    outer loop
      vertex 36.25505820596445 4.800603780480422 105
      vertex 35.6361769545052 3.5824761566221213 105
      vertex 35.6361769545052 3.5824761566221213 100
    endloop
  endfacet
  facet normal 0.8733280796090881 -0.4871324926201313 0
    outer loop
      vertex 36.9395962369853 6.027839272071851 105
      vertex 36.25505820596445 4.800603780480422 105
      vertex 36.25505820596445 4.800603780480422 100
    endloop
  endfacet
  facet normal 0.8548500788321388 -0.5188750742911882 0
    outer loop
      vertex 36.9395962369853 6.027839272071851 100
      vertex 37.68708948869498 7.259339293581675 105
      vertex 36.9395962369853 6.027839272071851 105
    endloop
  endfacet
  facet normal -0.612907053652976 0.7901550123756906 0
    outer loop
      vertex 37.09807620527343 15.156129268152768 101.5
      vertex 34.20910168517367 12.915210924966999 103.5
      vertex 37.09807620527343 15.156129268152768 103.5
    endloop
  endfacet
  facet normal -0.6613118653236519 0.7501110696304595 0
    outer loop
      vertex 39.84064156708978 17.574025881901342 101.5
      vertex 37.09807620527343 15.156129268152768 103.5
      vertex 39.84064156708978 17.574025881901342 103.5
    endloop
  endfacet
  facet normal -0.7071067811865476 0.7071067811865476 0
    outer loop
      vertex 42.42597411809866 20.159358432910217 101.5
      vertex 39.84064156708978 17.574025881901342 103.5
      vertex 42.42597411809866 20.159358432910217 103.5
    endloop
  endfacet
  facet normal -0.7501110696304595 0.6613118653236519 0
    outer loop
      vertex 44.84387073184723 22.90192379472657 101.5
      vertex 42.42597411809866 20.159358432910217 103.5
      vertex 44.84387073184723 22.90192379472657 103.5
    endloop
  endfacet
  facet normal 0.8361359379829125 -0.5485222814193013 0
    outer loop
      vertex 38.49458794672618 8.490243677043814 105
      vertex 37.68708948869498 7.259339293581675 105
      vertex 37.68708948869498 7.259339293581675 100
    endloop
  endfacet
  facet normal 0.8171900324440778 -0.5763683291733223 0
    outer loop
      vertex 38.49458794672618 8.490243677043814 100
      vertex 39.35890478357601 9.715694605203467 105
      vertex 38.49458794672618 8.490243677043814 105
    endloop
  endfacet
  facet normal 0.7979929005313747 -0.6026668488489503 0
    outer loop
      vertex 40.276628935558215 10.93085578310248 105
      vertex 39.35890478357601 9.715694605203467 105
      vertex 39.35890478357601 9.715694605203467 100
    endloop
  endfacet
  facet normal 0.7785060334301672 -0.6276371212036678 0
    outer loop
      vertex 41.24413856471321 12.130931524726009 105
      vertex 40.276628935558215 10.93085578310248 105
      vertex 40.276628935558215 10.93085578310248 100
    endloop
  endfacet
  facet normal 0.7586749337927086 -0.6514693736735667 0
    outer loop
      vertex 41.24413856471321 12.130931524726009 100
      vertex 42.25761535254783 13.311185679384323 105
      vertex 41.24413856471321 12.130931524726009 105
    endloop
  endfacet
  facet normal 0.7384308626106005 -0.6743291934538831 0
    outer loop
      vertex 43.313059569193996 14.466960323135822 105
      vertex 42.25761535254783 13.311185679384323 105
      vertex 42.25761535254783 13.311185679384323 100
    endloop
  endfacet
  facet normal 0.7176915605249466 -0.6963611304138585 0
    outer loop
      vertex 43.313059569193996 14.466960323135822 100
      vertex 44.40630585851518 15.593694141484818 105
      vertex 43.313059569193996 14.466960323135822 105
    endloop
  endfacet
  facet normal 0.6963611304138585 -0.7176915605249466 0
    outer loop
      vertex 44.40630585851518 15.593694141484818 100
      vertex 45.53303967686418 16.686940430806004 105
      vertex 44.40630585851518 15.593694141484818 105
    endloop
  endfacet
  facet normal 0.6743291934538831 -0.7384308626106005 0
    outer loop
      vertex 45.53303967686418 16.686940430806004 100
      vertex 46.68881432061568 17.74238464745217 105
      vertex 45.53303967686418 16.686940430806004 105
    endloop
  endfacet
  facet normal 0.6514693736735667 -0.7586749337927086 0
    outer loop
      vertex 46.68881432061568 17.74238464745217 100
      vertex 47.86906847527399 18.75586143528679 105
      vertex 46.68881432061568 17.74238464745217 105
    endloop
  endfacet
  facet normal 0.6276371212036678 -0.7785060334301672 0
    outer loop
      vertex 47.86906847527399 18.75586143528679 100
      vertex 49.06914421689752 19.723371064441785 105
      vertex 47.86906847527399 18.75586143528679 105
    endloop
  endfacet
  facet normal 0.6026668488489503 -0.7979929005313747 0
    outer loop
      vertex 49.06914421689752 19.723371064441785 100
      vertex 50.28430539479653 20.64109521642399 105
      vertex 49.06914421689752 19.723371064441785 105
    endloop
  endfacet
  facet normal 0.5763683291733223 -0.8171900324440778 0
    outer loop
      vertex 50.28430539479653 20.64109521642399 100
      vertex 51.509756322956186 21.505412053273822 105
      vertex 50.28430539479653 20.64109521642399 105
    endloop
  endfacet
  facet normal 0.5485222814193013 -0.8361359379829125 0
    outer loop
      vertex 51.509756322956186 21.505412053273822 100
      vertex 52.740660706418325 22.31291051130502 105
      vertex 51.509756322956186 21.505412053273822 105
    endloop
  endfacet
  facet normal 0.5188750742911882 -0.8548500788321388 0
    outer loop
      vertex 52.740660706418325 22.31291051130502 100
      vertex 53.97216072792815 23.060403763014698 105
      vertex 52.740660706418325 22.31291051130502 105
    endloop
  endfacet
  facet normal 0.4871324926201313 -0.8733280796090881 0
    outer loop
      vertex 53.97216072792815 23.060403763014698 100
      vertex 55.19939621951958 23.744941794035547 105
      vertex 53.97216072792815 23.060403763014698 105
    endloop
  endfacet
  facet normal 0.4529525832409842 -0.8915346080412804 0
    outer loop
      vertex 55.19939621951958 23.744941794035547 100
      vertex 56.41752384337788 24.363823045494797 105
      vertex 55.19939621951958 23.744941794035547 105
    endloop
  endfacet
  facet normal -0.4677334893312973 0.5305395024366854 0.7069322593517738
    outer loop
      vertex 37.09807620527343 15.156129268152768 103.5
      vertex 38.05421218989646 14.000359403989087 105
      vertex 39.84064156708978 17.574025881901342 103.5
    endloop
  endfacet
  facet normal -0.5001233751224774 0.5001233751224774 0.7069322593517736
    outer loop
      vertex 39.84064156708978 17.574025881901342 103.5
      vertex 40.86746222598281 16.48057294076923 105
      vertex 42.42597411809866 20.159358432910217 103.5
    endloop
  endfacet
  facet normal -0.5305395024366855 0.4677334893312974 0.7069322593517736
    outer loop
      vertex 42.42597411809866 20.159358432910217 103.5
      vertex 43.51942705923077 19.132537774017187 105
      vertex 44.84387073184723 22.90192379472657 103.5
    endloop
  endfacet
  facet normal -0.558861832715219 0.4334976731448313 0.7069322593517738
    outer loop
      vertex 45.99964059601091 21.94578781010354 105
      vertex 47.084789075033 25.79089831482633 103.5
      vertex 44.84387073184723 22.90192379472657 103.5
    endloop
  endfacet
  facet normal -0.43349767314483184 0.5588618327152185 0.7069322593517738
    outer loop
      vertex 37.09807620527343 15.156129268152768 103.5
      vertex 35.09077956361238 11.701685433404577 105
      vertex 38.05421218989646 14.000359403989087 105
    endloop
  endfacet
  facet normal 0 0 1
    outer loop
      vertex 35.09077956361238 11.701685433404577 105
      vertex 36.9395962369853 6.027839272071851 105
      vertex 37.68708948869498 7.259339293581675 105
    endloop
  endfacet
  facet normal 0 0 1
    outer loop
      vertex 35.09077956361238 11.701685433404577 105
      vertex 37.68708948869498 7.259339293581675 105
      vertex 38.49458794672618 8.490243677043814 105
    endloop
  endfacet
  facet normal 0 0 1
    outer loop
      vertex 35.09077956361238 11.701685433404577 105
      vertex 38.49458794672618 8.490243677043814 105
      vertex 39.35890478357601 9.715694605203467 105
    endloop
  endfacet
  facet normal 0 0 1
    outer loop
      vertex 35.09077956361238 11.701685433404577 105
      vertex 39.35890478357601 9.715694605203467 105
      vertex 40.276628935558215 10.93085578310248 105
    endloop
  endfacet
  facet normal 0 0 1
    outer loop
      vertex 35.09077956361238 11.701685433404577 105
      vertex 40.276628935558215 10.93085578310248 105
      vertex 38.05421218989646 14.000359403989087 105
    endloop
  endfacet
  facet normal 0 0 1
    outer loop
      vertex 38.05421218989646 14.000359403989087 105
      vertex 40.276628935558215 10.93085578310248 105
      vertex 41.24413856471321 12.130931524726009 105
    endloop
  endfacet
  facet normal 0 0 1
    outer loop
      vertex 38.05421218989646 14.000359403989087 105
      vertex 41.24413856471321 12.130931524726009 105
      vertex 42.25761535254783 13.311185679384323 105
    endloop
  endfacet
  facet normal 0 0 1
    outer loop
      vertex 38.05421218989646 14.000359403989087 105
      vertex 42.25761535254783 13.311185679384323 105
      vertex 40.86746222598281 16.48057294076923 105
    endloop
  endfacet
  facet normal 0 0 1
    outer loop
      vertex 40.86746222598281 16.48057294076923 105
      vertex 42.25761535254783 13.311185679384323 105
      vertex 43.313059569193996 14.466960323135822 105
    endloop
  endfacet
  facet normal 0 0 1
    outer loop
      vertex 40.86746222598281 16.48057294076923 105
      vertex 43.313059569193996 14.466960323135822 105
      vertex 44.40630585851518 15.593694141484818 105
    endloop
  endfacet
  facet normal -0.46773348933129744 0.5305395024366854 0.7069322593517736
    outer loop
      vertex 39.84064156708978 17.574025881901342 103.5
      vertex 38.05421218989646 14.000359403989087 105
      vertex 40.86746222598281 16.48057294076923 105
    endloop
  endfacet
  facet normal -0.5001233751224774 0.5001233751224774 0.7069322593517737
    outer loop
      vertex 42.42597411809866 20.159358432910217 103.5
      vertex 40.86746222598281 16.48057294076923 105
      vertex 43.51942705923077 19.132537774017187 105
    endloop
  endfacet
  facet normal 0 0 1
    outer loop
      vertex 40.86746222598281 16.48057294076923 105
      vertex 44.40630585851518 15.593694141484818 105
      vertex 43.51942705923077 19.132537774017187 105
    endloop
  endfacet
  facet normal -0.5305395024366852 0.4677334893312974 0.7069322593517736
    outer loop
      vertex 43.51942705923077 19.132537774017187 105
      vertex 45.99964059601091 21.94578781010354 105
      vertex 44.84387073184723 22.90192379472657 103.5
    endloop
  endfacet
  facet normal -0.5588618327152178 0.43349767314483134 0.7069322593517747
    outer loop
      vertex 45.99964059601091 21.94578781010354 105
      vertex 48.29831456659542 24.90922043638762 105
      vertex 47.084789075033 25.79089831482633 103.5
    endloop
  endfacet
  facet normal 0 0 1
    outer loop
      vertex 43.51942705923077 19.132537774017187 105
      vertex 44.40630585851518 15.593694141484818 105
      vertex 45.53303967686418 16.686940430806004 105
    endloop
  endfacet
  facet normal 0 0 1
    outer loop
      vertex 43.51942705923077 19.132537774017187 105
      vertex 45.53303967686418 16.686940430806004 105
      vertex 46.68881432061568 17.74238464745217 105
    endloop
  endfacet
  facet normal 0 0 1
    outer loop
      vertex 43.51942705923077 19.132537774017187 105
      vertex 46.68881432061568 17.74238464745217 105
      vertex 47.86906847527399 18.75586143528679 105
    endloop
  endfacet
  facet normal 0 0 1
    outer loop
      vertex 43.51942705923077 19.132537774017187 105
      vertex 47.86906847527399 18.75586143528679 105
      vertex 45.99964059601091 21.94578781010354 105
    endloop
  endfacet
  facet normal 0 0 1
    outer loop
      vertex 45.99964059601091 21.94578781010354 105
      vertex 47.86906847527399 18.75586143528679 105
      vertex 49.06914421689752 19.723371064441785 105
    endloop
  endfacet
  facet normal 0 0 1
    outer loop
      vertex 45.99964059601091 21.94578781010354 105
      vertex 49.06914421689752 19.723371064441785 105
      vertex 50.28430539479653 20.64109521642399 105
    endloop
  endfacet
  facet normal 0 0 1
    outer loop
      vertex 45.99964059601091 21.94578781010354 105
      vertex 50.28430539479653 20.64109521642399 105
      vertex 48.29831456659542 24.90922043638762 105
    endloop
  endfacet
  facet normal 0 0 1
    outer loop
      vertex 48.29831456659542 24.90922043638762 105
      vertex 50.28430539479653 20.64109521642399 105
      vertex 51.509756322956186 21.505412053273822 105
    endloop
  endfacet
  facet normal 0 0 1
    outer loop
      vertex 48.29831456659542 24.90922043638762 105
      vertex 51.509756322956186 21.505412053273822 105
      vertex 52.740660706418325 22.31291051130502 105
    endloop
  endfacet
  facet normal 0 0 1
    outer loop
      vertex 50.40637715498661 28.011140338157038 105
      vertex 52.740660706418325 22.31291051130502 105
      vertex 53.97216072792815 23.060403763014698 105
    endloop
  endfacet
  facet normal -0.7901550123756906 0.612907053652976 0
    outer loop
      vertex 47.084789075033 25.79089831482633 101.5
      vertex 44.84387073184723 22.90192379472657 103.5
      vertex 47.084789075033 25.79089831482633 103.5
    endloop
  endfacet
  facet normal -0.8270805742745622 0.56208337785213 0
    outer loop
      vertex 49.139885266733586 28.814880530625533 101.5
      vertex 47.084789075033 25.79089831482633 103.5
      vertex 49.139885266733586 28.814880530625533 103.5
    endloop
  endfacet
  facet normal -0.8607420270039443 0.5090414157503701 0
    outer loop
      vertex 51.00104878116445 31.961936165844428 101.5
      vertex 49.139885266733586 28.814880530625533 103.5
      vertex 51.00104878116445 31.961936165844428 103.5
    endloop
  endfacet
  facet normal -0.8910065241883677 0.4539904997395473 0
    outer loop
      vertex 52.66093445621893 35.21964522964386 101.5
      vertex 51.00104878116445 31.961936165844428 103.5
      vertex 52.66093445621893 35.21964522964386 103.5
    endloop
  endfacet
  facet normal -0.9177546256839811 0.39714789063478073 0
    outer loop
      vertex 54.11299148146717 38.575151032654624 101.5
      vertex 52.66093445621893 35.21964522964386 103.5
      vertex 54.11299148146717 38.575151032654624 103.5
    endloop
  endfacet
  facet normal -0.9408807689542251 0.33873792024529253 0
    outer loop
      vertex 55.35148925121231 42.015210926457115 101.5
      vertex 54.11299148146717 38.575151032654624 103.5
      vertex 55.35148925121231 42.015210926457115 103.5
    endloop
  endfacet
  facet normal -0.14139211622880324 -0.9899536703645988 0
    outer loop
      vertex 66.20422827644308 26.668334631525966 104.14274912932157
      vertex 66.20422827644308 26.668334631525966 100.85725087067843
      vertex 66.87633466797047 26.572339689667764 103.5
    endloop
  endfacet
  facet normal -0.05171045195694326 -0.998662119617245 0
    outer loop
      vertex 65.27396375549411 26.716503474493813 104.99390907985362
      vertex 65.27396375549411 26.716503474493813 100.00609092014638
      vertex 66.20422827644308 26.668334631525966 104.14274912932157
    endloop
  endfacet
  facet normal 0.8910065241883683 -0.4539904997395461 0
    outer loop
      vertex 67.68106352176167 28.151708992201502 103.5
      vertex 66.87633466797047 26.572339689667764 103.5
      vertex 66.87633466797047 26.572339689667764 101.5
    endloop
  endfacet
  facet normal 0.9177546256839814 -0.3971478906347803 0
    outer loop
      vertex 67.68106352176167 28.151708992201502 101.5
      vertex 69.54728114167024 32.464283460283156 103.5
      vertex 67.68106352176167 28.151708992201502 103.5
    endloop
  endfacet
  facet normal 0.9408807689542247 -0.3387379202452931 0
    outer loop
      vertex 69.54728114167024 32.464283460283156 101.5
      vertex 70.94134147043852 36.33643498424086 103.5
      vertex 69.54728114167024 32.464283460283156 103.5
    endloop
  endfacet
  facet normal 0.600023629183602 0.7999822775670342 0
    outer loop
      vertex 70.94134147043852 36.33643498424086 101.5
      vertex 70.38250536778386 36.75558785279371 104.16811078528507
      vertex 70.94134147043852 36.33643498424086 103.5
    endloop
  endfacet
  facet normal 0.41593774349069035 -0.9093930907698127 0
    outer loop
      vertex 56.41752384337788 24.363823045494797 100
      vertex 57.621736206281255 24.91460507583288 105
      vertex 56.41752384337788 24.363823045494797 105
    endloop
  endfacet
  facet normal 0.3756265049863605 -0.9267711307284727 0
    outer loop
      vertex 57.621736206281255 24.91460507583288 100
      vertex 58.80728083218564 25.395114200004443 105
      vertex 57.621736206281255 24.91460507583288 105
    endloop
  endfacet
  facet normal 0.3314859950125629 -0.9434601396511307 0
    outer loop
      vertex 58.80728083218564 25.395114200004443 100
      vertex 59.96947891807639 25.803454068020116 105
      vertex 58.80728083218564 25.395114200004443 105
    endloop
  endfacet
  facet normal 0.28290698340866977 -0.9591473498574693 0
    outer loop
      vertex 59.96947891807639 25.803454068020116 100
      vertex 61.1037437990663 26.138013148973563 105
      vertex 59.96947891807639 25.803454068020116 105
    endloop
  endfacet
  facet normal 0.2292049697992235 -0.9733781802667127 0
    outer loop
      vertex 61.1037437990663 26.138013148973563 100
      vertex 62.20559904986642 26.397471091017792 105
      vertex 61.1037437990663 26.138013148973563 105
    endloop
  endfacet
  facet normal 0.16963321644352491 -0.9855072662740869 0
    outer loop
      vertex 62.20559904986642 26.397471091017792 100
      vertex 63.27069615119165 26.580803932190598 105
      vertex 62.20559904986642 26.397471091017792 105
    endloop
  endfacet
  facet normal 0.10341722144825591 -0.9946380639749931 0
    outer loop
      vertex 63.27069615119165 26.580803932190598 100
      vertex 64.29483165137964 26.687288141524682 105
      vertex 63.27069615119165 26.580803932190598 105
    endloop
  endfacet
  facet normal 0.029824715415701832 -0.9995551442268569 0
    outer loop
      vertex 64.29483165137964 26.687288141524682 100
      vertex 65.26702564761136 26.716296455307003 105
      vertex 64.29483165137964 26.687288141524682 105
    endloop
  endfacet
  facet normal 0.029824715416168494 -0.9995551442268429 0
    outer loop
      vertex 65.26702564761136 26.716296455307003 105
      vertex 65.27396375549411 26.716503474493813 100.00609092014638
      vertex 65.27396375549411 26.716503474493813 104.99390907985362
    endloop
  endfacet
  facet normal 0.9015230574682757 0.43273106758476676 0
    outer loop
      vertex 66.58543472885573 41.77578431446471 100
      vertex 66.05237647094306 42.88632235178279 105
      vertex 66.58543472885573 41.77578431446471 105
    endloop
  endfacet
  facet normal 0.7278814791701075 0.6857029621353086 0
    outer loop
      vertex 69.69064850121913 37.379323688349515 100
      vertex 69.01895591077941 38.092332998903416 105
      vertex 69.69064850121913 37.379323688349515 105
    endloop
  endfacet
  facet normal 0.6695959456585958 0.7427255681323827 0
    outer loop
      vertex 69.69064850121913 37.379323688349515 100
      vertex 69.69064850121913 37.379323688349515 105
      vertex 69.73086227138324 37.34306941272353 104.98063245509887
    endloop
  endfacet
  facet normal 0.6695959456585164 0.7427255681324543 0
    outer loop
      vertex 70.38250536778386 36.75558785279371 100.83188921471492
      vertex 69.73086227138324 37.34306941272353 104.98063245509887
      vertex 70.38250536778386 36.75558785279371 104.16811078528507
    endloop
  endfacet
  facet normal 0.8168076685527244 0.576910073229323 0
    outer loop
      vertex 68.37007846025203 38.891801862449626 100
      vertex 67.74657697249032 39.77457514062631 105
      vertex 68.37007846025203 38.891801862449626 105
    endloop
  endfacet
  facet normal 0.878265041654623 0.47817414882802184 0
    outer loop
      vertex 67.15091212301573 40.737168930605264 100
      vertex 66.58543472885573 41.77578431446471 105
      vertex 67.15091212301573 40.737168930605264 105
    endloop
  endfacet
  facet normal 0.8503547003523044 0.5262099234989231 0
    outer loop
      vertex 67.74657697249032 39.77457514062631 100
      vertex 67.15091212301573 40.737168930605264 105
      vertex 67.74657697249032 39.77457514062631 105
    endloop
  endfacet
  facet normal 0.7764423384405067 0.6301883012854471 0
    outer loop
      vertex 69.01895591077941 38.092332998903416 100
      vertex 68.37007846025203 38.891801862449626 105
      vertex 69.01895591077941 38.092332998903416 105
    endloop
  endfacet
  facet normal 0.6654673357362046 -0.23958298302664655 0.7069322593517792
    outer loop
      vertex 69.54728114167024 32.464283460283156 103.5
      vertex 70.94134147043852 36.33643498424086 103.5
      vertex 70.38250536778386 36.75558785279371 104.16811078528507
    endloop
  endfacet
  facet normal -0.9602936856769431 0.2789911060392296 0
    outer loop
      vertex 56.37153998057294 45.526248566264314 101.5
      vertex 55.35148925121231 42.015210926457115 103.5
      vertex 56.37153998057294 45.526248566264314 103.5
    endloop
  endfacet
  facet normal -0.9759167619387475 0.21814324139654218 0
    outer loop
      vertex 57.169117995337125 49.09440749055238 101.5
      vertex 56.37153998057294 45.526248566264314 103.5
      vertex 57.169117995337125 49.09440749055238 103.5
    endloop
  endfacet
  facet normal -0.9876883405951378 0.15643446504023092 0
    outer loop
      vertex 57.741075619459345 52.70560580618398 101.5
      vertex 57.169117995337125 49.09440749055238 103.5
      vertex 57.741075619459345 52.70560580618398 103.5
    endloop
  endfacet
  facet normal -0.99556196460308 0.09410831331851446 0
    outer loop
      vertex 58.08515559749976 56.34559176320681 101.5
      vertex 57.741075619459345 52.70560580618398 103.5
      vertex 58.08515559749976 56.34559176320681 103.5
    endloop
  endfacet
  facet normal -0.9995065603657316 0.03141075907812804 0
    outer loop
      vertex 58.08515559749976 56.34559176320681 103.5
      vertex 58.20000000298023 60 103.5
      vertex 58.20000000298023 60 101.5
    endloop
  endfacet
  facet normal 0.9209342000152859 0.3897181022767681 0
    outer loop
      vertex 65.55384108669053 44.06440025628276 105
      vertex 66.05237647094306 42.88632235178279 105
      vertex 66.05237647094306 42.88632235178279 100
    endloop
  endfacet
  facet normal 0.9371504202212259 0.34892562227383045 0
    outer loop
      vertex 65.09179606750062 45.30536869268817 105
      vertex 65.55384108669053 44.06440025628276 105
      vertex 65.55384108669053 44.06440025628276 100
    endloop
  endfacet
  facet normal 0.9506960101741427 0.31012432384282024 0
    outer loop
      vertex 65.09179606750062 45.30536869268817 100
      vertex 64.66806489397581 46.60433012552508 105
      vertex 65.09179606750062 45.30536869268817 105
    endloop
  endfacet
  facet normal 0.9713703712600336 0.23757020402008452 0
    outer loop
      vertex 64.28431983947364 47.95615814745712 100
      vertex 63.942075370407764 49.35551771087319 105
      vertex 64.28431983947364 47.95615814745712 105
    endloop
  endfacet
  facet normal 0.9791012165649957 0.20337356691798797 0
    outer loop
      vertex 63.64268216934098 50.79688618288306 105
      vertex 63.942075370407764 49.35551771087319 105
      vertex 63.942075370407764 49.35551771087319 100
    endloop
  endfacet
  facet normal 0.9619908961602127 0.2730815184242074 0
    outer loop
      vertex 64.28431983947364 47.95615814745712 105
      vertex 64.66806489397581 46.60433012552508 105
      vertex 64.66806489397581 46.60433012552508 100
    endloop
  endfacet
  facet normal 0.9853945674788775 0.17028665943965157 0
    outer loop
      vertex 63.38732180445815 52.27457514062632 105
      vertex 63.64268216934098 50.79688618288306 105
      vertex 63.64268216934098 50.79688618288306 100
    endloop
  endfacet
  facet normal 0.9904160069218781 0.13811637568703455 0
    outer loop
      vertex 63.38732180445815 52.27457514062632 100
      vertex 63.177002066456424 53.78275282087863 105
      vertex 63.38732180445815 52.27457514062632 105
    endloop
  endfacet
  facet normal 0.9942933599606286 0.10668043090559584 0
    outer loop
      vertex 63.01255299125573 55.31546713535688 105
      vertex 63.177002066456424 53.78275282087863 105
      vertex 63.177002066456424 53.78275282087863 100
    endloop
  endfacet
  facet normal 0.9971226022610113 0.0758057785411429 0
    outer loop
      vertex 62.89462358422627 56.8666691608924 105
      vertex 63.01255299125573 55.31546713535688 105
      vertex 63.01255299125573 55.31546713535688 100
    endloop
  endfacet
  facet normal 0.9989722158326831 0.04532672494609606 0
    outer loop
      vertex 62.89462358422627 56.8666691608924 100
      vertex 62.823679258860736 58.43023701176717 105
      vertex 62.89462358422627 56.8666691608924 105
    endloop
  endfacet
  facet normal 0.9998862467179145 0.015082891777171965 0
    outer loop
      vertex 62.8 60 105
      vertex 62.823679258860736 58.43023701176717 105
      vertex 62.823679258860736 58.43023701176717 100
    endloop
  endfacet
  facet normal -0.5849785906597097 0.3975510396887107 0.7069322593517747
    outer loop
      vertex 47.084789075033 25.79089831482633 103.5
      vertex 48.29831456659542 24.90922043638762 105
      vertex 49.139885266733586 28.814880530625533 103.5
    endloop
  endfacet
  facet normal -0.6087867053581643 0.3600354539027328 0.7069322593517747
    outer loop
      vertex 49.139885266733586 28.814880530625533 103.5
      vertex 50.40637715498661 28.011140338157038 105
      vertex 51.00104878116445 31.961936165844428 103.5
    endloop
  endfacet
  facet normal -0.6301922170587589 0.32109897266475523 0.7069322593517747
    outer loop
      vertex 51.00104878116445 31.961936165844428 103.5
      vertex 52.315508801230244 31.239305654691854 105
      vertex 52.66093445621893 35.21964522964386 103.5
    endloop
  endfacet
  facet normal -0.5849785906597098 0.39755103968871075 0.7069322593517747
    outer loop
      vertex 49.139885266733586 28.814880530625533 103.5
      vertex 48.29831456659542 24.90922043638762 105
      vertex 50.40637715498661 28.011140338157038 105
    endloop
  endfacet
  facet normal -0.6087867053581641 0.3600354539027328 0.7069322593517747
    outer loop
      vertex 51.00104878116445 31.961936165844428 103.5
      vertex 50.40637715498661 28.011140338157038 105
      vertex 52.315508801230244 31.239305654691854 105
    endloop
  endfacet
  facet normal 0 0 1
    outer loop
      vertex 48.29831456659542 24.90922043638762 105
      vertex 52.740660706418325 22.31291051130502 105
      vertex 50.40637715498661 28.011140338157038 105
    endloop
  endfacet
  facet normal 0 0 1
    outer loop
      vertex 50.40637715498661 28.011140338157038 105
      vertex 53.97216072792815 23.060403763014698 105
      vertex 55.19939621951958 23.744941794035547 105
    endloop
  endfacet
  facet normal 0 0 1
    outer loop
      vertex 50.40637715498661 28.011140338157038 105
      vertex 56.41752384337788 24.363823045494797 105
      vertex 52.315508801230244 31.239305654691854 105
    endloop
  endfacet
  facet normal -0.6301922170587583 0.3210989726647554 0.7069322593517754
    outer loop
      vertex 52.66093445621893 35.21964522964386 103.5
      vertex 52.315508801230244 31.239305654691854 105
      vertex 54.01817503491797 34.580976292296256 105
    endloop
  endfacet
  facet normal -0.6491106479860607 0.28089526047783475 0.7069322593517755
    outer loop
      vertex 52.66093445621893 35.21964522964386 103.5
      vertex 54.01817503491797 34.580976292296256 105
      vertex 54.11299148146717 38.575151032654624 103.5
    endloop
  endfacet
  facet normal -0.665467335736208 0.2395829830266473 0.7069322593517756
    outer loop
      vertex 54.11299148146717 38.575151032654624 103.5
      vertex 55.50765621029955 38.02296420362761 105
      vertex 55.35148925121231 42.015210926457115 103.5
    endloop
  endfacet
  facet normal 0.6301922170587582 -0.3210989726647537 0.7069322593517761
    outer loop
      vertex 67.68106352176167 28.151708992201502 103.5
      vertex 66.32382294306264 28.790377929549113 105
      vertex 66.87633466797047 26.572339689667764 103.5
    endloop
  endfacet
  facet normal 0.6491106479860628 -0.28089526047783536 0.7069322593517732
    outer loop
      vertex 67.68106352176167 28.151708992201502 103.5
      vertex 69.54728114167024 32.464283460283156 103.5
      vertex 68.15261641283787 33.01647028931018 105
    endloop
  endfacet
  facet normal 0.6301922170587533 -0.3210989726647568 0.7069322593517788
    outer loop
      vertex 66.32382294306264 28.790377929549113 105
      vertex 66.20422827644308 26.668334631525966 104.14274912932157
      vertex 66.87633466797047 26.572339689667764 103.5
    endloop
  endfacet
  facet normal 0.6654673357362104 -0.23958298302664682 0.7069322593517735
    outer loop
      vertex 69.54728114167024 32.464283460283156 103.5
      vertex 70.38250536778386 36.75558785279371 104.16811078528507
      vertex 69.73086227138324 37.34306941272353 104.98063245509887
    endloop
  endfacet
  facet normal 0 0 1
    outer loop
      vertex 50.40637715498661 28.011140338157038 105
      vertex 55.19939621951958 23.744941794035547 105
      vertex 56.41752384337788 24.363823045494797 105
    endloop
  endfacet
  facet normal 0 0 1
    outer loop
      vertex 52.315508801230244 31.239305654691854 105
      vertex 56.41752384337788 24.363823045494797 105
      vertex 57.621736206281255 24.91460507583288 105
    endloop
  endfacet
  facet normal 0 0 1
    outer loop
      vertex 52.315508801230244 31.239305654691854 105
      vertex 57.621736206281255 24.91460507583288 105
      vertex 58.80728083218564 25.395114200004443 105
    endloop
  endfacet
  facet normal 0 0 1
    outer loop
      vertex 52.315508801230244 31.239305654691854 105
      vertex 58.80728083218564 25.395114200004443 105
      vertex 59.96947891807639 25.803454068020116 105
    endloop
  endfacet
  facet normal 0 0 1
    outer loop
      vertex 52.315508801230244 31.239305654691854 105
      vertex 62.20559904986642 26.397471091017792 105
      vertex 54.01817503491797 34.580976292296256 105
    endloop
  endfacet
  facet normal 0 0 1
    outer loop
      vertex 52.315508801230244 31.239305654691854 105
      vertex 59.96947891807639 25.803454068020116 105
      vertex 61.1037437990663 26.138013148973563 105
    endloop
  endfacet
  facet normal 0 0 1
    outer loop
      vertex 52.315508801230244 31.239305654691854 105
      vertex 61.1037437990663 26.138013148973563 105
      vertex 62.20559904986642 26.397471091017792 105
    endloop
  endfacet
  facet normal 0 0 1
    outer loop
      vertex 54.01817503491797 34.580976292296256 105
      vertex 62.20559904986642 26.397471091017792 105
      vertex 63.27069615119165 26.580803932190598 105
    endloop
  endfacet
  facet normal 0 0 1
    outer loop
      vertex 54.01817503491797 34.580976292296256 105
      vertex 63.27069615119165 26.580803932190598 105
      vertex 64.29483165137964 26.687288141524682 105
    endloop
  endfacet
  facet normal 0 0 1
    outer loop
      vertex 54.01817503491797 34.580976292296256 105
      vertex 64.29483165137964 26.687288141524682 105
      vertex 65.26702564761136 26.716296455307003 105
    endloop
  endfacet
  facet normal 0 0 1
    outer loop
      vertex 54.01817503491797 34.580976292296256 105
      vertex 65.26702564761136 26.716296455307003 105
      vertex 66.32382294306264 28.790377929549113 105
    endloop
  endfacet
  facet normal -0.6491106479860603 0.28089526047783486 0.7069322593517755
    outer loop
      vertex 54.11299148146717 38.575151032654624 103.5
      vertex 54.01817503491797 34.580976292296256 105
      vertex 55.50765621029955 38.02296420362761 105
    endloop
  endfacet
  facet normal -0.6654673357362091 0.23958298302664696 0.706932259351775
    outer loop
      vertex 55.35148925121231 42.015210926457115 103.5
      vertex 55.50765621029955 38.02296420362761 105
      vertex 56.77807402565504 41.551685434894694 105
    endloop
  endfacet
  facet normal 0 0 1
    outer loop
      vertex 54.01817503491797 34.580976292296256 105
      vertex 66.32382294306264 28.790377929549113 105
      vertex 55.50765621029955 38.02296420362761 105
    endloop
  endfacet
  facet normal 0 0 1
    outer loop
      vertex 55.50765621029955 38.02296420362761 105
      vertex 68.15261641283787 33.01647028931018 105
      vertex 56.77807402565504 41.551685434894694 105
    endloop
  endfacet
  facet normal 0 0 1
    outer loop
      vertex 69.71244264160039 37.3490543132373 105
      vertex 57.824414722265885 45.153213735517035 105
      vertex 56.77807402565504 41.551685434894694 105
    endloop
  endfacet
  facet normal 0.6491106479860593 -0.2808952604778359 0.7069322593517761
    outer loop
      vertex 67.68106352176167 28.151708992201502 103.5
      vertex 68.15261641283787 33.01647028931018 105
      vertex 66.32382294306264 28.790377929549113 105
    endloop
  endfacet
  facet normal 0.6301922170587637 -0.3210989726647541 0.7069322593517707
    outer loop
      vertex 66.32382294306264 28.790377929549113 105
      vertex 65.27396375549411 26.716503474493813 104.99390907985362
      vertex 66.20422827644308 26.668334631525966 104.14274912932157
    endloop
  endfacet
  facet normal 0.6301922170584389 -0.3210989726645907 0.7069322593521348
    outer loop
      vertex 66.32382294306264 28.790377929549113 105
      vertex 65.26702564761136 26.716296455307003 105
      vertex 65.27396375549411 26.716503474493813 104.99390907985362
    endloop
  endfacet
  facet normal 0 0 1
    outer loop
      vertex 55.50765621029955 38.02296420362761 105
      vertex 66.32382294306264 28.790377929549113 105
      vertex 68.15261641283787 33.01647028931018 105
    endloop
  endfacet
  facet normal 0.6654673357362109 -0.23958298302664688 0.7069322593517732
    outer loop
      vertex 69.54728114167024 32.464283460283156 103.5
      vertex 69.71244264160039 37.3490543132373 105
      vertex 68.15261641283787 33.01647028931018 105
    endloop
  endfacet
  facet normal 0.6654673357362394 -0.23958298302664024 0.7069322593517485
    outer loop
      vertex 69.54728114167024 32.464283460283156 103.5
      vertex 69.73086227138324 37.34306941272353 104.98063245509887
      vertex 69.71244264160039 37.3490543132373 105
    endloop
  endfacet
  facet normal 0 0 1
    outer loop
      vertex 68.15261641283787 33.01647028931018 105
      vertex 69.71244264160039 37.3490543132373 105
      vertex 56.77807402565504 41.551685434894694 105
    endloop
  endfacet
  facet normal 0 0 1
    outer loop
      vertex 57.824414722265885 45.153213735517035 105
      vertex 67.74657697249032 39.77457514062631 105
      vertex 67.15091212301573 40.737168930605264 105
    endloop
  endfacet
  facet normal 0 0 1
    outer loop
      vertex 69.71244264160039 37.3490543132373 105
      vertex 69.69064850121913 37.379323688349515 105
      vertex 57.824414722265885 45.153213735517035 105
    endloop
  endfacet
  facet normal 0 0 1
    outer loop
      vertex 57.824414722265885 45.153213735517035 105
      vertex 69.01895591077941 38.092332998903416 105
      vertex 68.37007846025203 38.891801862449626 105
    endloop
  endfacet
  facet normal 0 0 1
    outer loop
      vertex 57.824414722265885 45.153213735517035 105
      vertex 68.37007846025203 38.891801862449626 105
      vertex 67.74657697249032 39.77457514062631 105
    endloop
  endfacet
  facet normal 0 0 1
    outer loop
      vertex 57.824414722265885 45.153213735517035 105
      vertex 69.69064850121913 37.379323688349515 105
      vertex 69.01895591077941 38.092332998903416 105
    endloop
  endfacet
  facet normal 0.6791977279352622 -0.1973251809967809 0.7069322593517468
    outer loop
      vertex 69.71244264160039 37.3490543132373 105
      vertex 69.73086227138324 37.34306941272353 104.98063245509887
      vertex 69.71488789564502 37.3574709328646 105
    endloop
  endfacet
  facet normal 0.6695959456584876 0.7427255681324804 -4.078146625271717e-13
    outer loop
      vertex 69.71488789564502 37.3574709328646 105
      vertex 69.73086227138324 37.34306941272353 104.98063245509887
      vertex 69.69064850121913 37.379323688349515 105
    endloop
  endfacet
  facet normal 0 0 1
    outer loop
      vertex 69.71244264160039 37.3490543132373 105
      vertex 69.71488789564502 37.3574709328646 105
      vertex 69.69064850121913 37.379323688349515 105
    endloop
  endfacet
  facet normal -0.6791977279353126 0.197325180996506 0.7069322593517748
    outer loop
      vertex 55.35148925121231 42.015210926457115 103.5
      vertex 56.77807402565504 41.551685434894694 105
      vertex 56.37153998057294 45.526248566264314 103.5
    endloop
  endfacet
  facet normal -0.6902476369981825 0.15428862662627152 0.7069322593517743
    outer loop
      vertex 56.37153998057294 45.526248566264314 103.5
      vertex 57.824414722265885 45.153213735517035 105
      vertex 57.169117995337125 49.09440749055238 103.5
    endloop
  endfacet
  facet normal -0.69857345398197 0.11064316553451256 0.7069322593517733
    outer loop
      vertex 57.169117995337125 49.09440749055238 103.5
      vertex 58.64254887143015 48.81333551867379 105
      vertex 57.741075619459345 52.70560580618398 103.5
    endloop
  endfacet
  facet normal -0.7041423206907417 0.06656104641644242 0.7069322593517747
    outer loop
      vertex 57.741075619459345 52.70560580618398 103.5
      vertex 59.22924767143106 52.517605955837524 105
      vertex 58.08515559749976 56.34559176320681 103.5
    endloop
  endfacet
  facet normal -0.7069322593517747 0.022216241257016007 0.706932259351775
    outer loop
      vertex 58.08515559749976 56.34559176320681 103.5
      vertex 59.582195690142164 56.25140598391284 105
      vertex 58.20000000298023 60 103.5
    endloop
  endfacet
  facet normal -0.6791977279353135 0.1973251809965057 0.7069322593517743
    outer loop
      vertex 56.37153998057294 45.526248566264314 103.5
      vertex 56.77807402565504 41.551685434894694 105
      vertex 57.824414722265885 45.153213735517035 105
    endloop
  endfacet
  facet normal -0.6902476369981836 0.15428862662627105 0.7069322593517734
    outer loop
      vertex 57.169117995337125 49.09440749055238 103.5
      vertex 57.824414722265885 45.153213735517035 105
      vertex 58.64254887143015 48.81333551867379 105
    endloop
  endfacet
  facet normal 0 0 1
    outer loop
      vertex 57.824414722265885 45.153213735517035 105
      vertex 65.09179606750062 45.30536869268817 105
      vertex 58.64254887143015 48.81333551867379 105
    endloop
  endfacet
  facet normal 0 0 1
    outer loop
      vertex 58.64254887143015 48.81333551867379 105
      vertex 63.64268216934098 50.79688618288306 105
      vertex 59.22924767143106 52.517605955837524 105
    endloop
  endfacet
  facet normal -0.6985734539819684 0.11064316553451349 0.7069322593517748
    outer loop
      vertex 57.741075619459345 52.70560580618398 103.5
      vertex 58.64254887143015 48.81333551867379 105
      vertex 59.22924767143106 52.517605955837524 105
    endloop
  endfacet
  facet normal -0.7041423206907415 0.06656104641644256 0.706932259351775
    outer loop
      vertex 58.08515559749976 56.34559176320681 103.5
      vertex 59.22924767143106 52.517605955837524 105
      vertex 59.582195690142164 56.25140598391284 105
    endloop
  endfacet
  facet normal -0.7069322593517748 0.022216241257015937 0.7069322593517748
    outer loop
      vertex 59.582195690142164 56.25140598391284 105
      vertex 59.70000000298023 60 105
      vertex 58.20000000298023 60 103.5
    endloop
  endfacet
  facet normal 0 0 1
    outer loop
      vertex 59.22924767143106 52.517605955837524 105
      vertex 63.38732180445815 52.27457514062632 105
      vertex 63.177002066456424 53.78275282087863 105
    endloop
  endfacet
  facet normal 0 0 1
    outer loop
      vertex 59.22924767143106 52.517605955837524 105
      vertex 63.01255299125573 55.31546713535688 105
      vertex 59.582195690142164 56.25140598391284 105
    endloop
  endfacet
  facet normal 0 0 1
    outer loop
      vertex 59.22924767143106 52.517605955837524 105
      vertex 63.177002066456424 53.78275282087863 105
      vertex 63.01255299125573 55.31546713535688 105
    endloop
  endfacet
  facet normal 0 0 1
    outer loop
      vertex 59.582195690142164 56.25140598391284 105
      vertex 63.01255299125573 55.31546713535688 105
      vertex 62.89462358422627 56.8666691608924 105
    endloop
  endfacet
  facet normal 0 0 1
    outer loop
      vertex 59.582195690142164 56.25140598391284 105
      vertex 62.89462358422627 56.8666691608924 105
      vertex 62.823679258860736 58.43023701176717 105
    endloop
  endfacet
  facet normal 0 0 1
    outer loop
      vertex 59.582195690142164 56.25140598391284 105
      vertex 62.823679258860736 58.43023701176717 105
      vertex 59.70000000298023 60 105
    endloop
  endfacet
  facet normal 0 0 1
    outer loop
      vertex 59.70000000298023 60 105
      vertex 62.823679258860736 58.43023701176717 105
      vertex 62.8 60 105
    endloop
  endfacet
  facet normal 0 0 1
    outer loop
      vertex 57.824414722265885 45.153213735517035 105
      vertex 66.05237647094306 42.88632235178279 105
      vertex 65.55384108669053 44.06440025628276 105
    endloop
  endfacet
  facet normal 0 0 1
    outer loop
      vertex 57.824414722265885 45.153213735517035 105
      vertex 66.58543472885573 41.77578431446471 105
      vertex 66.05237647094306 42.88632235178279 105
    endloop
  endfacet
  facet normal 0 0 1
    outer loop
      vertex 57.824414722265885 45.153213735517035 105
      vertex 67.15091212301573 40.737168930605264 105
      vertex 66.58543472885573 41.77578431446471 105
    endloop
  endfacet
  facet normal 0 0 1
    outer loop
      vertex 57.824414722265885 45.153213735517035 105
      vertex 65.55384108669053 44.06440025628276 105
      vertex 65.09179606750062 45.30536869268817 105
    endloop
  endfacet
  facet normal 0 0 1
    outer loop
      vertex 58.64254887143015 48.81333551867379 105
      vertex 64.66806489397581 46.60433012552508 105
      vertex 64.28431983947364 47.95615814745712 105
    endloop
  endfacet
  facet normal 0 0 1
    outer loop
      vertex 58.64254887143015 48.81333551867379 105
      vertex 65.09179606750062 45.30536869268817 105
      vertex 64.66806489397581 46.60433012552508 105
    endloop
  endfacet
  facet normal 0 0 1
    outer loop
      vertex 58.64254887143015 48.81333551867379 105
      vertex 64.28431983947364 47.95615814745712 105
      vertex 63.942075370407764 49.35551771087319 105
    endloop
  endfacet
  facet normal 0 0 1
    outer loop
      vertex 58.64254887143015 48.81333551867379 105
      vertex 63.942075370407764 49.35551771087319 105
      vertex 63.64268216934098 50.79688618288306 105
    endloop
  endfacet
  facet normal 0 0 1
    outer loop
      vertex 59.22924767143106 52.517605955837524 105
      vertex 63.64268216934098 50.79688618288306 105
      vertex 63.38732180445815 52.27457514062632 105
    endloop
  endfacet
  facet normal 0 0 -1
    outer loop
      vertex 0 119.70000000298023 100
      vertex 0 122.8 100
      vertex 1.569762988232832 122.82367925886074 100
    endloop
  endfacet
  facet normal 0 0 -1
    outer loop
      vertex 0 119.70000000298023 100
      vertex 1.569762988232832 122.82367925886074 100
      vertex 3.1333308391076016 122.89462358422627 100
    endloop
  endfacet
  facet normal 0 0 -1
    outer loop
      vertex 0 119.70000000298023 100
      vertex 3.1333308391076016 122.89462358422627 100
      vertex 3.748594016087162 119.58219569014216 100
    endloop
  endfacet
  facet normal 0 0 -1
    outer loop
      vertex 3.748594016087162 119.58219569014216 100
      vertex 3.1333308391076016 122.89462358422627 100
      vertex 4.684532864643121 123.01255299125573 100
    endloop
  endfacet
  facet normal 0 0 -1
    outer loop
      vertex 3.748594016087162 119.58219569014216 100
      vertex 4.684532864643121 123.01255299125573 100
      vertex 6.2172471791213715 123.17700206645642 100
    endloop
  endfacet
  facet normal 0 0 -1
    outer loop
      vertex 3.748594016087162 119.58219569014216 100
      vertex 6.2172471791213715 123.17700206645642 100
      vertex 7.482394044162475 119.22924767143107 100
    endloop
  endfacet
  facet normal 0 0 -1
    outer loop
      vertex 7.482394044162475 119.22924767143107 100
      vertex 6.2172471791213715 123.17700206645642 100
      vertex 7.7254248593736845 123.38732180445815 100
    endloop
  endfacet
  facet normal -0.022216241257017266 -0.7069322593517747 -0.706932259351775
    outer loop
      vertex 0 119.70000000298023 100
      vertex 3.748594016087162 119.58219569014216 100
      vertex 3.6544082367931914 118.08515559749975 101.5
    endloop
  endfacet
  facet normal -0.06656104641643966 -0.7041423206907387 -0.7069322593517781
    outer loop
      vertex 3.748594016087162 119.58219569014216 100
      vertex 7.482394044162475 119.22924767143107 100
      vertex 7.294394193816019 117.74107561945934 101.5
    endloop
  endfacet
  facet normal 0 0 -1
    outer loop
      vertex 7.482394044162475 119.22924767143107 100
      vertex 7.7254248593736845 123.38732180445815 100
      vertex 9.203113817116947 123.64268216934099 100
    endloop
  endfacet
  facet normal 0 0 -1
    outer loop
      vertex 7.482394044162475 119.22924767143107 100
      vertex 9.203113817116947 123.64268216934099 100
      vertex 11.186664481326211 118.64254887143015 100
    endloop
  endfacet
  facet normal 0 0 -1
    outer loop
      vertex 11.186664481326211 118.64254887143015 100
      vertex 13.395669874474919 124.66806489397581 100
      vertex 14.846786264482963 117.82441472226589 100
    endloop
  endfacet
  facet normal 0 0 -1
    outer loop
      vertex 14.846786264482963 117.82441472226589 100
      vertex 17.113677648217212 126.05237647094306 100
      vertex 18.448314565105303 116.77807402565503 100
    endloop
  endfacet
  facet normal -0.11064316553451527 -0.6985734539819713 -0.7069322593517715
    outer loop
      vertex 7.482394044162475 119.22924767143107 100
      vertex 11.186664481326211 118.64254887143015 100
      vertex 10.905592509447624 117.16911799533713 101.5
    endloop
  endfacet
  facet normal -0.15428862662627124 -0.6902476369981841 -0.7069322593517727
    outer loop
      vertex 11.186664481326211 118.64254887143015 100
      vertex 14.846786264482963 117.82441472226589 100
      vertex 14.473751433735682 116.37153998057295 101.5
    endloop
  endfacet
  facet normal -0.19732518099650775 -0.6791977279353155 -0.7069322593517715
    outer loop
      vertex 14.846786264482963 117.82441472226589 100
      vertex 18.448314565105303 116.77807402565503 100
      vertex 17.98478907354288 115.35148925121231 101.5
    endloop
  endfacet
  facet normal 0 0 -1
    outer loop
      vertex 11.186664481326211 118.64254887143015 100
      vertex 9.203113817116947 123.64268216934099 100
      vertex 10.644482289126811 123.94207537040776 100
    endloop
  endfacet
  facet normal 0 0 -1
    outer loop
      vertex 11.186664481326211 118.64254887143015 100
      vertex 10.644482289126811 123.94207537040776 100
      vertex 12.043841852542885 124.28431983947364 100
    endloop
  endfacet
  facet normal 0 0 -1
    outer loop
      vertex 11.186664481326211 118.64254887143015 100
      vertex 12.043841852542885 124.28431983947364 100
      vertex 13.395669874474919 124.66806489397581 100
    endloop
  endfacet
  facet normal 0 0 -1
    outer loop
      vertex 14.846786264482963 117.82441472226589 100
      vertex 13.395669874474919 124.66806489397581 100
      vertex 14.694631307311829 125.09179606750062 100
    endloop
  endfacet
  facet normal 0 0 -1
    outer loop
      vertex 14.846786264482963 117.82441472226589 100
      vertex 14.694631307311829 125.09179606750062 100
      vertex 15.93559974371724 125.55384108669053 100
    endloop
  endfacet
  facet normal 0 0 -1
    outer loop
      vertex 14.846786264482963 117.82441472226589 100
      vertex 15.93559974371724 125.55384108669053 100
      vertex 17.113677648217212 126.05237647094306 100
    endloop
  endfacet
  facet normal -0.022216241257017363 -0.7069322593517748 -0.7069322593517748
    outer loop
      vertex 0 119.70000000298023 100
      vertex 3.6544082367931914 118.08515559749975 101.5
      vertex 0 118.20000000298023 101.5
    endloop
  endfacet
  facet normal -0.06656104641644245 -0.7041423206907415 -0.706932259351775
    outer loop
      vertex 3.748594016087162 119.58219569014216 100
      vertex 7.294394193816019 117.74107561945934 101.5
      vertex 3.6544082367931914 118.08515559749975 101.5
    endloop
  endfacet
  facet normal -0.1106431655345091 -0.6985734539819657 -0.7069322593517781
    outer loop
      vertex 7.482394044162475 119.22924767143107 100
      vertex 10.905592509447624 117.16911799533713 101.5
      vertex 7.294394193816019 117.74107561945934 101.5
    endloop
  endfacet
  facet normal -0.15428862662627232 -0.690247636998185 -0.7069322593517716
    outer loop
      vertex 11.186664481326211 118.64254887143015 100
      vertex 14.473751433735682 116.37153998057295 101.5
      vertex 10.905592509447624 117.16911799533713 101.5
    endloop
  endfacet
  facet normal -0.1973251809965066 -0.6791977279353147 -0.7069322593517727
    outer loop
      vertex 14.846786264482963 117.82441472226589 100
      vertex 17.98478907354288 115.35148925121231 101.5
      vertex 14.473751433735682 116.37153998057295 101.5
    endloop
  endfacet
  facet normal 0 0 -1
    outer loop
      vertex 31.988859661842962 110.40637715498661 100
      vertex 36.9395962369853 113.97216072792816 100
      vertex 35.09077956361238 108.29831456659542 100
    endloop
  endfacet
  facet normal 0 0 -1
    outer loop
      vertex 31.988859661842962 110.40637715498661 100
      vertex 36.25505820596445 115.19939621951957 100
      vertex 36.9395962369853 113.97216072792816 100
    endloop
  endfacet
  facet normal -0.32109897266475723 -0.6301922170587613 -0.7069322593517717
    outer loop
      vertex 25.419023707703747 114.01817503491796 100
      vertex 28.760694345308146 112.31550880123024 100
      vertex 28.038063834155572 111.00104878116446 101.5
    endloop
  endfacet
  facet normal -0.3600354539027301 -0.6087867053581643 -0.7069322593517761
    outer loop
      vertex 31.988859661842962 110.40637715498661 100
      vertex 31.185119469374467 109.13988526673359 101.5
      vertex 28.760694345308146 112.31550880123024 100
    endloop
  endfacet
  facet normal -0.39755103968871164 -0.5849785906597091 -0.7069322593517748
    outer loop
      vertex 31.988859661842962 110.40637715498661 100
      vertex 35.09077956361238 108.29831456659542 100
      vertex 34.20910168517367 107.084789075033 101.5
    endloop
  endfacet
  facet normal -0.32109897266475573 -0.6301922170587606 -0.7069322593517731
    outer loop
      vertex 25.419023707703747 114.01817503491796 100
      vertex 28.038063834155572 111.00104878116446 101.5
      vertex 24.780354770356137 112.66093445621894 101.5
    endloop
  endfacet
  facet normal -0.3600354539027352 -0.6087867053581661 -0.7069322593517718
    outer loop
      vertex 28.760694345308146 112.31550880123024 100
      vertex 31.185119469374467 109.13988526673359 101.5
      vertex 28.038063834155572 111.00104878116446 101.5
    endloop
  endfacet
  facet normal -0.4334976731448307 -0.5588618327152183 -0.7069322593517747
    outer loop
      vertex 35.09077956361238 108.29831456659542 100
      vertex 37.09807620527343 104.84387073184723 101.5
      vertex 34.20910168517367 107.084789075033 101.5
    endloop
  endfacet
  facet normal -0.3975510396887099 -0.5849785906597086 -0.7069322593517761
    outer loop
      vertex 31.988859661842962 110.40637715498661 100
      vertex 34.20910168517367 107.084789075033 101.5
      vertex 31.185119469374467 109.13988526673359 101.5
    endloop
  endfacet
  facet normal 0 0 -1
    outer loop
      vertex 18.448314565105303 116.77807402565503 100
      vertex 22.6509456867627 129.71244264160038 100
      vertex 21.977035796372395 115.50765621029956 100
    endloop
  endfacet
  facet normal 0 0 -1
    outer loop
      vertex 21.977035796372395 115.50765621029956 100
      vertex 26.983529710689826 128.15261641283786 100
      vertex 25.419023707703747 114.01817503491796 100
    endloop
  endfacet
  facet normal -0.23958298302664272 -0.6654673357362061 -0.7069322593517791
    outer loop
      vertex 18.448314565105303 116.77807402565503 100
      vertex 21.977035796372395 115.50765621029956 100
      vertex 21.424848967345376 114.11299148146716 101.5
    endloop
  endfacet
  facet normal -0.28089526047783814 -0.6491106479860618 -0.7069322593517731
    outer loop
      vertex 21.977035796372395 115.50765621029956 100
      vertex 25.419023707703747 114.01817503491796 100
      vertex 24.780354770356137 112.66093445621894 101.5
    endloop
  endfacet
  facet normal 0 0 -1
    outer loop
      vertex 18.448314565105303 116.77807402565503 100
      vertex 17.113677648217212 126.05237647094306 100
      vertex 18.22421568553529 126.58543472885573 100
    endloop
  endfacet
  facet normal 0 0 -1
    outer loop
      vertex 18.448314565105303 116.77807402565503 100
      vertex 18.22421568553529 126.58543472885573 100
      vertex 19.262831069394736 127.15091212301573 100
    endloop
  endfacet
  facet normal 0 0 -1
    outer loop
      vertex 18.448314565105303 116.77807402565503 100
      vertex 19.262831069394736 127.15091212301573 100
      vertex 20.225424859373685 127.74657697249032 100
    endloop
  endfacet
  facet normal 0 0 -1
    outer loop
      vertex 18.448314565105303 116.77807402565503 100
      vertex 20.225424859373685 127.74657697249032 100
      vertex 21.108198137550374 128.37007846025205 100
    endloop
  endfacet
  facet normal 0 0 -1
    outer loop
      vertex 18.448314565105303 116.77807402565503 100
      vertex 21.108198137550374 128.37007846025205 100
      vertex 21.907667001096588 129.01895591077943 100
    endloop
  endfacet
  facet normal 0 0 -1
    outer loop
      vertex 18.448314565105303 116.77807402565503 100
      vertex 21.907667001096588 129.01895591077943 100
      vertex 22.620676311650488 129.69064850121913 100
    endloop
  endfacet
  facet normal 0 0 -1
    outer loop
      vertex 18.448314565105303 116.77807402565503 100
      vertex 22.620676311650488 129.69064850121913 100
      vertex 22.6509456867627 129.71244264160038 100
    endloop
  endfacet
  facet normal 0 0 -1
    outer loop
      vertex 21.977035796372395 115.50765621029956 100
      vertex 22.6509456867627 129.71244264160038 100
      vertex 26.983529710689826 128.15261641283786 100
    endloop
  endfacet
  facet normal 0 0 -1
    outer loop
      vertex 22.6509456867627 129.71244264160038 100
      vertex 22.620676311650488 129.69064850121913 100
      vertex 22.642529067135403 129.714887895645 100
    endloop
  endfacet
  facet normal 0.19732518099671642 0.6791977279350403 -0.7069322593519779
    outer loop
      vertex 22.6509456867627 129.71244264160038 100
      vertex 22.642529067135403 129.714887895645 100
      vertex 22.65693058727647 129.73086227138324 100.01936754490113
    endloop
  endfacet
  facet normal 0.2395829830265799 0.6654673357360249 -0.7069322593519708
    outer loop
      vertex 22.6509456867627 129.71244264160038 100
      vertex 22.65693058727647 129.73086227138324 100.01936754490113
      vertex 26.983529710689826 128.15261641283786 100
    endloop
  endfacet
  facet normal -0.7427255681322852 0.6695959456587042 -2.823549284198836e-13
    outer loop
      vertex 22.642529067135403 129.714887895645 100
      vertex 22.620676311650488 129.69064850121913 100
      vertex 23.244412147206287 130.38250536778386 100.83188921471493
    endloop
  endfacet
  facet normal -0.7427255681381176 0.6695959456522345 9.131731579791997e-12
    outer loop
      vertex 22.642529067135403 129.714887895645 100
      vertex 23.244412147206287 130.38250536778386 100.83188921471493
      vertex 22.65693058727647 129.73086227138324 100.01936754490113
    endloop
  endfacet
  facet normal 0.23958298302664838 0.6654673357362102 -0.7069322593517732
    outer loop
      vertex 26.983529710689826 128.15261641283786 100
      vertex 22.65693058727647 129.73086227138324 100.01936754490113
      vertex 23.244412147206287 130.38250536778386 100.83188921471493
    endloop
  endfacet
  facet normal 0 0 -1
    outer loop
      vertex 25.419023707703747 114.01817503491796 100
      vertex 31.209622070450887 126.32382294306264 100
      vertex 28.760694345308146 112.31550880123024 100
    endloop
  endfacet
  facet normal 0 0 -1
    outer loop
      vertex 31.988859661842962 110.40637715498661 100
      vertex 28.760694345308146 112.31550880123024 100
      vertex 34.60488579999556 118.80728083218564 100
    endloop
  endfacet
  facet normal 0 0 -1
    outer loop
      vertex 28.760694345308146 112.31550880123024 100
      vertex 34.196545931979884 119.96947891807639 100
      vertex 34.60488579999556 118.80728083218564 100
    endloop
  endfacet
  facet normal 0 0 -1
    outer loop
      vertex 31.988859661842962 110.40637715498661 100
      vertex 35.08539492416712 117.62173620628126 100
      vertex 35.6361769545052 116.41752384337788 100
    endloop
  endfacet
  facet normal 0 0 -1
    outer loop
      vertex 31.988859661842962 110.40637715498661 100
      vertex 35.6361769545052 116.41752384337788 100
      vertex 36.25505820596445 115.19939621951957 100
    endloop
  endfacet
  facet normal 0 0 -1
    outer loop
      vertex 31.988859661842962 110.40637715498661 100
      vertex 34.60488579999556 118.80728083218564 100
      vertex 35.08539492416712 117.62173620628126 100
    endloop
  endfacet
  facet normal 0 0 -1
    outer loop
      vertex 28.760694345308146 112.31550880123024 100
      vertex 33.60252890898221 122.20559904986642 100
      vertex 33.86198685102644 121.10374379906631 100
    endloop
  endfacet
  facet normal 0 0 -1
    outer loop
      vertex 28.760694345308146 112.31550880123024 100
      vertex 33.4191960678094 123.27069615119166 100
      vertex 33.60252890898221 122.20559904986642 100
    endloop
  endfacet
  facet normal 0 0 -1
    outer loop
      vertex 28.760694345308146 112.31550880123024 100
      vertex 33.86198685102644 121.10374379906631 100
      vertex 34.196545931979884 119.96947891807639 100
    endloop
  endfacet
  facet normal 0 0 -1
    outer loop
      vertex 28.760694345308146 112.31550880123024 100
      vertex 33.31271185847532 124.29483165137964 100
      vertex 33.4191960678094 123.27069615119166 100
    endloop
  endfacet
  facet normal 0 0 -1
    outer loop
      vertex 28.760694345308146 112.31550880123024 100
      vertex 31.209622070450887 126.32382294306264 100
      vertex 33.31271185847532 124.29483165137964 100
    endloop
  endfacet
  facet normal 0 0 -1
    outer loop
      vertex 25.419023707703747 114.01817503491796 100
      vertex 26.983529710689826 128.15261641283786 100
      vertex 31.209622070450887 126.32382294306264 100
    endloop
  endfacet
  facet normal 0 0 -1
    outer loop
      vertex 31.209622070450887 126.32382294306264 100
      vertex 33.283703544693 125.26702564761136 100
      vertex 33.31271185847532 124.29483165137964 100
    endloop
  endfacet
  facet normal 0.3210989726649652 0.6301922170591737 -0.7069322593513098
    outer loop
      vertex 31.209622070450887 126.32382294306264 100
      vertex 33.28349652550619 125.27396375549411 100.00609092014639
      vertex 33.283703544693 125.26702564761136 100
    endloop
  endfacet
  facet normal 0.3210989726647531 0.6301922170587522 -0.7069322593517816
    outer loop
      vertex 31.209622070450887 126.32382294306264 100
      vertex 33.331665368474034 126.20422827644308 100.85725087067841
      vertex 33.28349652550619 125.27396375549411 100.00609092014639
    endloop
  endfacet
  facet normal 0.2808952604778356 0.6491106479860631 -0.7069322593517728
    outer loop
      vertex 26.983529710689826 128.15261641283786 100
      vertex 27.535716539716844 129.54728114167023 101.5
      vertex 31.209622070450887 126.32382294306264 100
    endloop
  endfacet
  facet normal -0.23958298302665085 -0.665467335736211 -0.7069322593517716
    outer loop
      vertex 18.448314565105303 116.77807402565503 100
      vertex 21.424848967345376 114.11299148146716 101.5
      vertex 17.98478907354288 115.35148925121231 101.5
    endloop
  endfacet
  facet normal -0.28089526047783125 -0.6491106479860581 -0.7069322593517791
    outer loop
      vertex 21.977035796372395 115.50765621029956 100
      vertex 24.780354770356137 112.66093445621894 101.5
      vertex 21.424848967345376 114.11299148146716 101.5
    endloop
  endfacet
  facet normal 0.23958298302664402 0.6654673357362051 -0.7069322593517796
    outer loop
      vertex 26.983529710689826 128.15261641283786 100
      vertex 23.244412147206287 130.38250536778386 100.83188921471493
      vertex 23.66356501575914 130.94134147043852 101.5
    endloop
  endfacet
  facet normal 0.23958298302665082 0.6654673357362098 -0.7069322593517728
    outer loop
      vertex 26.983529710689826 128.15261641283786 100
      vertex 23.66356501575914 130.94134147043852 101.5
      vertex 27.535716539716844 129.54728114167023 101.5
    endloop
  endfacet
  facet normal 0.32109897266475135 0.6301922170587594 -0.7069322593517762
    outer loop
      vertex 31.209622070450887 126.32382294306264 100
      vertex 31.848291007798498 127.68106352176167 101.5
      vertex 33.331665368474034 126.20422827644308 100.85725087067841
    endloop
  endfacet
  facet normal 0.2808952604778325 0.649110647986061 -0.706932259351776
    outer loop
      vertex 31.209622070450887 126.32382294306264 100
      vertex 27.535716539716844 129.54728114167023 101.5
      vertex 31.848291007798498 127.68106352176167 101.5
    endloop
  endfacet
  facet normal -0.015082891777171962 0.9998862467179145 0
    outer loop
      vertex 0 122.8 100
      vertex 0 122.8 105
      vertex 1.569762988232832 122.82367925886074 100
    endloop
  endfacet
  facet normal -0.04532672494609604 0.9989722158326831 0
    outer loop
      vertex 1.569762988232832 122.82367925886074 100
      vertex 1.569762988232832 122.82367925886074 105
      vertex 3.1333308391076016 122.89462358422627 100
    endloop
  endfacet
  facet normal -0.0758057785411428 0.9971226022610115 0
    outer loop
      vertex 3.1333308391076016 122.89462358422627 100
      vertex 3.1333308391076016 122.89462358422627 105
      vertex 4.684532864643121 123.01255299125573 100
    endloop
  endfacet
  facet normal -0.10668043090559615 0.9942933599606286 0
    outer loop
      vertex 4.684532864643121 123.01255299125573 100
      vertex 4.684532864643121 123.01255299125573 105
      vertex 6.2172471791213715 123.17700206645642 100
    endloop
  endfacet
  facet normal -0.13811637568703422 0.9904160069218783 0
    outer loop
      vertex 6.2172471791213715 123.17700206645642 100
      vertex 6.2172471791213715 123.17700206645642 105
      vertex 7.7254248593736845 123.38732180445815 100
    endloop
  endfacet
  facet normal -0.17028665943965607 0.9853945674788767 0
    outer loop
      vertex 7.7254248593736845 123.38732180445815 100
      vertex 7.7254248593736845 123.38732180445815 105
      vertex 9.203113817116947 123.64268216934099 100
    endloop
  endfacet
  facet normal -0.20337356691798408 0.9791012165649966 0
    outer loop
      vertex 9.203113817116947 123.64268216934099 100
      vertex 9.203113817116947 123.64268216934099 105
      vertex 10.644482289126811 123.94207537040776 100
    endloop
  endfacet
  facet normal -0.23757020402008394 0.9713703712600337 0
    outer loop
      vertex 10.644482289126811 123.94207537040776 100
      vertex 10.644482289126811 123.94207537040776 105
      vertex 12.043841852542885 124.28431983947364 100
    endloop
  endfacet
  facet normal -0.27308151842420775 0.9619908961602127 0
    outer loop
      vertex 12.043841852542885 124.28431983947364 100
      vertex 12.043841852542885 124.28431983947364 105
      vertex 13.395669874474919 124.66806489397581 100
    endloop
  endfacet
  facet normal -0.3101243238428206 0.9506960101741425 0
    outer loop
      vertex 13.395669874474919 124.66806489397581 100
      vertex 13.395669874474919 124.66806489397581 105
      vertex 14.694631307311829 125.09179606750062 100
    endloop
  endfacet
  facet normal -0.34892562227383006 0.9371504202212261 0
    outer loop
      vertex 14.694631307311829 125.09179606750062 100
      vertex 14.694631307311829 125.09179606750062 105
      vertex 15.93559974371724 125.55384108669053 100
    endloop
  endfacet
  facet normal -0.3897181022767681 0.9209342000152859 0
    outer loop
      vertex 15.93559974371724 125.55384108669053 100
      vertex 15.93559974371724 125.55384108669053 105
      vertex 17.113677648217212 126.05237647094306 100
    endloop
  endfacet
  facet normal -0.43273106758476676 0.9015230574682757 0
    outer loop
      vertex 17.113677648217212 126.05237647094306 100
      vertex 17.113677648217212 126.05237647094306 105
      vertex 18.22421568553529 126.58543472885573 100
    endloop
  endfacet
  facet normal -0.03141075907812996 -0.9995065603657316 0
    outer loop
      vertex 0 118.20000000298023 101.5
      vertex 3.6544082367931914 118.08515559749975 101.5
      vertex 3.6544082367931914 118.08515559749975 103.5
    endloop
  endfacet
  facet normal -0.09410831331851453 -0.99556196460308 0
    outer loop
      vertex 3.6544082367931914 118.08515559749975 101.5
      vertex 7.294394193816019 117.74107561945934 101.5
      vertex 7.294394193816019 117.74107561945934 103.5
    endloop
  endfacet
  facet normal -0.1564344650402271 -0.9876883405951383 0
    outer loop
      vertex 7.294394193816019 117.74107561945934 101.5
      vertex 10.905592509447624 117.16911799533713 101.5
      vertex 10.905592509447624 117.16911799533713 103.5
    endloop
  endfacet
  facet normal -0.21814324139654248 -0.9759167619387475 0
    outer loop
      vertex 10.905592509447624 117.16911799533713 101.5
      vertex 14.473751433735682 116.37153998057295 101.5
      vertex 14.473751433735682 116.37153998057295 103.5
    endloop
  endfacet
  facet normal -0.2789911060392296 -0.9602936856769431 0
    outer loop
      vertex 17.98478907354288 115.35148925121231 101.5
      vertex 17.98478907354288 115.35148925121231 103.5
      vertex 14.473751433735682 116.37153998057295 101.5
    endloop
  endfacet
  facet normal -0.3971478906347778 -0.9177546256839825 0
    outer loop
      vertex 21.424848967345376 114.11299148146716 101.5
      vertex 24.780354770356137 112.66093445621894 101.5
      vertex 24.780354770356137 112.66093445621894 103.5
    endloop
  endfacet
  facet normal -0.4539904997395469 -0.8910065241883679 0
    outer loop
      vertex 28.038063834155572 111.00104878116446 101.5
      vertex 28.038063834155572 111.00104878116446 103.5
      vertex 24.780354770356137 112.66093445621894 101.5
    endloop
  endfacet
  facet normal -0.5090414157503715 -0.8607420270039435 0
    outer loop
      vertex 28.038063834155572 111.00104878116446 101.5
      vertex 31.185119469374467 109.13988526673359 101.5
      vertex 31.185119469374467 109.13988526673359 103.5
    endloop
  endfacet
  facet normal -0.56208337785213 -0.8270805742745622 0
    outer loop
      vertex 31.185119469374467 109.13988526673359 101.5
      vertex 34.20910168517367 107.084789075033 101.5
      vertex 34.20910168517367 107.084789075033 103.5
    endloop
  endfacet
  facet normal -0.47817414882802184 0.878265041654623 0
    outer loop
      vertex 18.22421568553529 126.58543472885573 100
      vertex 18.22421568553529 126.58543472885573 105
      vertex 19.262831069394736 127.15091212301573 100
    endloop
  endfacet
  facet normal -0.5262099234989246 0.8503547003523035 0
    outer loop
      vertex 19.262831069394736 127.15091212301573 100
      vertex 19.262831069394736 127.15091212301573 105
      vertex 20.225424859373685 127.74657697249032 100
    endloop
  endfacet
  facet normal -0.5769100732293302 0.8168076685527191 0
    outer loop
      vertex 20.225424859373685 127.74657697249032 100
      vertex 20.225424859373685 127.74657697249032 105
      vertex 21.108198137550374 128.37007846025205 100
    endloop
  endfacet
  facet normal -0.6301883012854455 0.7764423384405081 0
    outer loop
      vertex 21.108198137550374 128.37007846025205 100
      vertex 21.108198137550374 128.37007846025205 105
      vertex 21.907667001096588 129.01895591077943 100
    endloop
  endfacet
  facet normal -0.6857029621353009 0.7278814791701148 0
    outer loop
      vertex 21.907667001096588 129.01895591077943 100
      vertex 21.907667001096588 129.01895591077943 105
      vertex 22.620676311650488 129.69064850121913 100
    endloop
  endfacet
  facet normal 0.9093930907698127 0.41593774349069035 0
    outer loop
      vertex 35.6361769545052 116.41752384337788 100
      vertex 35.08539492416712 117.62173620628126 100
      vertex 35.08539492416712 117.62173620628126 105
    endloop
  endfacet
  facet normal 0.9434601396511307 0.3314859950125629 0
    outer loop
      vertex 34.60488579999556 118.80728083218564 100
      vertex 34.196545931979884 119.96947891807639 100
      vertex 34.196545931979884 119.96947891807639 105
    endloop
  endfacet
  facet normal 0.9267711307284727 0.3756265049863605 0
    outer loop
      vertex 35.08539492416712 117.62173620628126 100
      vertex 34.60488579999556 118.80728083218564 100
      vertex 34.60488579999556 118.80728083218564 105
    endloop
  endfacet
  facet normal 0.9591473498574699 0.28290698340866816 0
    outer loop
      vertex 34.196545931979884 119.96947891807639 100
      vertex 33.86198685102644 121.10374379906631 100
      vertex 33.86198685102644 121.10374379906631 105
    endloop
  endfacet
  facet normal 0.9733781802667124 0.22920496979922492 0
    outer loop
      vertex 33.86198685102644 121.10374379906631 100
      vertex 33.60252890898221 122.20559904986642 100
      vertex 33.60252890898221 122.20559904986642 105
    endloop
  endfacet
  facet normal 0.32109897266475557 0.6301922170587618 -0.7069322593517718
    outer loop
      vertex 31.848291007798498 127.68106352176167 101.5
      vertex 33.427660310332236 126.87633466797047 101.5
      vertex 33.331665368474034 126.20422827644308 100.85725087067841
    endloop
  endfacet
  facet normal 0.9855072662740871 0.16963321644352383 0
    outer loop
      vertex 33.60252890898221 122.20559904986642 100
      vertex 33.4191960678094 123.27069615119166 100
      vertex 33.4191960678094 123.27069615119166 105
    endloop
  endfacet
  facet normal 0.994638063974993 0.10341722144825663 0
    outer loop
      vertex 33.4191960678094 123.27069615119166 100
      vertex 33.31271185847532 124.29483165137964 100
      vertex 33.31271185847532 124.29483165137964 105
    endloop
  endfacet
  facet normal 0.9995551442268568 0.029824715415701832 6.489196217784817e-16
    outer loop
      vertex 33.283703544693 125.26702564761136 100
      vertex 33.28349652550619 125.27396375549411 104.99390907985361
      vertex 33.31271185847532 124.29483165137964 100
    endloop
  endfacet
  facet normal 0.9995551442268429 0.0298247154161685 0
    outer loop
      vertex 33.283703544693 125.26702564761136 100
      vertex 33.28349652550619 125.27396375549411 100.00609092014639
      vertex 33.28349652550619 125.27396375549411 104.99390907985361
    endloop
  endfacet
  facet normal 0.9986621196172449 -0.05171045195694326 0
    outer loop
      vertex 33.28349652550619 125.27396375549411 100.00609092014639
      vertex 33.331665368474034 126.20422827644308 100.85725087067841
      vertex 33.331665368474034 126.20422827644308 104.14274912932157
    endloop
  endfacet
  facet normal -0.33873792024529564 -0.9408807689542239 0
    outer loop
      vertex 17.98478907354288 115.35148925121231 101.5
      vertex 21.424848967345376 114.11299148146716 101.5
      vertex 21.424848967345376 114.11299148146716 103.5
    endloop
  endfacet
  facet normal -0.742725568132454 0.6695959456585169 0
    outer loop
      vertex 22.620676311650488 129.69064850121913 100
      vertex 22.620676311650488 129.69064850121913 105
      vertex 23.244412147206287 130.38250536778386 100.83188921471493
    endloop
  endfacet
  facet normal -0.7999822775670318 0.6000236291836051 0
    outer loop
      vertex 23.66356501575914 130.94134147043852 101.5
      vertex 23.244412147206287 130.38250536778386 100.83188921471493
      vertex 23.244412147206287 130.38250536778386 104.16811078528507
    endloop
  endfacet
  facet normal 0.3387379202452962 0.9408807689542237 0
    outer loop
      vertex 27.535716539716844 129.54728114167023 101.5
      vertex 23.66356501575914 130.94134147043852 101.5
      vertex 23.66356501575914 130.94134147043852 103.5
    endloop
  endfacet
  facet normal 0.39714789063477773 0.9177546256839824 0
    outer loop
      vertex 27.535716539716844 129.54728114167023 101.5
      vertex 27.535716539716844 129.54728114167023 103.5
      vertex 31.848291007798498 127.68106352176167 101.5
    endloop
  endfacet
  facet normal 0.9899536703645987 -0.1413921162288032 0
    outer loop
      vertex 33.427660310332236 126.87633466797047 101.5
      vertex 33.427660310332236 126.87633466797047 103.5
      vertex 33.331665368474034 126.20422827644308 100.85725087067841
    endloop
  endfacet
  facet normal 0.4539904997395461 0.8910065241883683 0
    outer loop
      vertex 31.848291007798498 127.68106352176167 101.5
      vertex 31.848291007798498 127.68106352176167 103.5
      vertex 33.427660310332236 126.87633466797047 101.5
    endloop
  endfacet
  facet normal -0.630192217058758 -0.32109897266475596 -0.7069322593517753
    outer loop
      vertex 54.01817503491797 85.41902370770374 100
      vertex 52.66093445621893 84.78035477035614 101.5
      vertex 52.315508801230244 88.76069434530814 100
    endloop
  endfacet
  facet normal 0 0 -1
    outer loop
      vertex 50.40637715498661 91.98885966184297 100
      vertex 48.29831456659542 95.09077956361239 100
      vertex 52.740660706418325 97.68708948869498 100
    endloop
  endfacet
  facet normal 0 0 -1
    outer loop
      vertex 50.40637715498661 91.98885966184297 100
      vertex 56.41752384337788 95.6361769545052 100
      vertex 52.315508801230244 88.76069434530814 100
    endloop
  endfacet
  facet normal 0 0 -1
    outer loop
      vertex 50.40637715498661 91.98885966184297 100
      vertex 53.97216072792815 96.9395962369853 100
      vertex 55.19939621951958 96.25505820596445 100
    endloop
  endfacet
  facet normal -0.6087867053581647 -0.3600354539027319 -0.7069322593517747
    outer loop
      vertex 50.40637715498661 91.98885966184297 100
      vertex 52.315508801230244 88.76069434530814 100
      vertex 51.00104878116445 88.03806383415557 101.5
    endloop
  endfacet
  facet normal -0.5849785906597099 -0.3975510396887104 -0.7069322593517747
    outer loop
      vertex 50.40637715498661 91.98885966184297 100
      vertex 49.139885266733586 91.18511946937447 101.5
      vertex 48.29831456659542 95.09077956361239 100
    endloop
  endfacet
  facet normal -0.5849785906597076 -0.39755103968871064 -0.7069322593517766
    outer loop
      vertex 48.29831456659542 95.09077956361239 100
      vertex 49.139885266733586 91.18511946937447 101.5
      vertex 47.084789075033 94.20910168517366 101.5
    endloop
  endfacet
  facet normal -0.6087867053581648 -0.3600354539027319 -0.7069322593517746
    outer loop
      vertex 50.40637715498661 91.98885966184297 100
      vertex 51.00104878116445 88.03806383415557 101.5
      vertex 49.139885266733586 91.18511946937447 101.5
    endloop
  endfacet
  facet normal -0.6301922170587586 -0.3210989726647558 -0.7069322593517747
    outer loop
      vertex 52.315508801230244 88.76069434530814 100
      vertex 52.66093445621893 84.78035477035614 101.5
      vertex 51.00104878116445 88.03806383415557 101.5
    endloop
  endfacet
  facet normal 0 0 -1
    outer loop
      vertex 59.70000000298023 60 100
      vertex 59.582195690142164 63.74859401608716 100
      vertex 62.823679258860736 61.56976298823283 100
    endloop
  endfacet
  facet normal 0 0 -1
    outer loop
      vertex 59.70000000298023 60 100
      vertex 62.823679258860736 61.56976298823283 100
      vertex 62.8 60 100
    endloop
  endfacet
  facet normal 0 0 -1
    outer loop
      vertex 59.582195690142164 63.74859401608716 100
      vertex 62.89462358422627 63.1333308391076 100
      vertex 62.823679258860736 61.56976298823283 100
    endloop
  endfacet
  facet normal 0 0 -1
    outer loop
      vertex 59.582195690142164 63.74859401608716 100
      vertex 63.01255299125573 64.68453286464312 100
      vertex 62.89462358422627 63.1333308391076 100
    endloop
  endfacet
  facet normal 0 0 -1
    outer loop
      vertex 59.582195690142164 63.74859401608716 100
      vertex 59.22924767143106 67.48239404416248 100
      vertex 63.01255299125573 64.68453286464312 100
    endloop
  endfacet
  facet normal 0 0 -1
    outer loop
      vertex 59.22924767143106 67.48239404416248 100
      vertex 63.177002066456424 66.21724717912137 100
      vertex 63.01255299125573 64.68453286464312 100
    endloop
  endfacet
  facet normal 0 0 -1
    outer loop
      vertex 59.22924767143106 67.48239404416248 100
      vertex 63.38732180445815 67.72542485937369 100
      vertex 63.177002066456424 66.21724717912137 100
    endloop
  endfacet
  facet normal -0.7069322593517748 -0.022216241257015937 -0.7069322593517748
    outer loop
      vertex 59.70000000298023 60 100
      vertex 58.20000000298023 60 101.5
      vertex 59.582195690142164 63.74859401608716 100
    endloop
  endfacet
  facet normal -0.7041423206907415 -0.06656104641644256 -0.706932259351775
    outer loop
      vertex 59.582195690142164 63.74859401608716 100
      vertex 58.08515559749976 63.65440823679319 101.5
      vertex 59.22924767143106 67.48239404416248 100
    endloop
  endfacet
  facet normal -0.6985734539819684 -0.1106431655345137 -0.7069322593517747
    outer loop
      vertex 59.22924767143106 67.48239404416248 100
      vertex 57.741075619459345 67.29439419381602 101.5
      vertex 58.64254887143015 71.1866644813262 100
    endloop
  endfacet
  facet normal 0 0 -1
    outer loop
      vertex 59.22924767143106 67.48239404416248 100
      vertex 58.64254887143015 71.1866644813262 100
      vertex 63.64268216934098 69.20311381711694 100
    endloop
  endfacet
  facet normal 0 0 -1
    outer loop
      vertex 58.64254887143015 71.1866644813262 100
      vertex 57.824414722265885 74.84678626448296 100
      vertex 65.09179606750062 74.69463130731182 100
    endloop
  endfacet
  facet normal -0.6791977279353141 -0.19732518099650548 -0.7069322593517738
    outer loop
      vertex 57.824414722265885 74.84678626448296 100
      vertex 56.37153998057294 74.47375143373569 101.5
      vertex 56.77807402565504 78.4483145651053 100
    endloop
  endfacet
  facet normal -0.6902476369981844 -0.15428862662627119 -0.7069322593517726
    outer loop
      vertex 58.64254887143015 71.1866644813262 100
      vertex 57.169117995337125 70.90559250944763 101.5
      vertex 57.824414722265885 74.84678626448296 100
    endloop
  endfacet
  facet normal 0 0 -1
    outer loop
      vertex 59.22924767143106 67.48239404416248 100
      vertex 63.64268216934098 69.20311381711694 100
      vertex 63.38732180445815 67.72542485937369 100
    endloop
  endfacet
  facet normal 0 0 -1
    outer loop
      vertex 58.64254887143015 71.1866644813262 100
      vertex 63.942075370407764 70.64448228912681 100
      vertex 63.64268216934098 69.20311381711694 100
    endloop
  endfacet
  facet normal 0 0 -1
    outer loop
      vertex 58.64254887143015 71.1866644813262 100
      vertex 64.28431983947364 72.04384185254288 100
      vertex 63.942075370407764 70.64448228912681 100
    endloop
  endfacet
  facet normal 0 0 -1
    outer loop
      vertex 58.64254887143015 71.1866644813262 100
      vertex 64.66806489397581 73.39566987447492 100
      vertex 64.28431983947364 72.04384185254288 100
    endloop
  endfacet
  facet normal 0 0 -1
    outer loop
      vertex 58.64254887143015 71.1866644813262 100
      vertex 65.09179606750062 74.69463130731182 100
      vertex 64.66806489397581 73.39566987447492 100
    endloop
  endfacet
  facet normal 0 0 -1
    outer loop
      vertex 57.824414722265885 74.84678626448296 100
      vertex 65.55384108669053 75.93559974371723 100
      vertex 65.09179606750062 74.69463130731182 100
    endloop
  endfacet
  facet normal 0 0 -1
    outer loop
      vertex 57.824414722265885 74.84678626448296 100
      vertex 66.05237647094306 77.11367764821722 100
      vertex 65.55384108669053 75.93559974371723 100
    endloop
  endfacet
  facet normal 0 0 -1
    outer loop
      vertex 57.824414722265885 74.84678626448296 100
      vertex 66.58543472885573 78.22421568553528 100
      vertex 66.05237647094306 77.11367764821722 100
    endloop
  endfacet
  facet normal 0 0 -1
    outer loop
      vertex 57.824414722265885 74.84678626448296 100
      vertex 67.15091212301573 79.26283106939474 100
      vertex 66.58543472885573 78.22421568553528 100
    endloop
  endfacet
  facet normal -0.7069322593517747 -0.022216241257016007 -0.706932259351775
    outer loop
      vertex 59.582195690142164 63.74859401608716 100
      vertex 58.20000000298023 60 101.5
      vertex 58.08515559749976 63.65440823679319 101.5
    endloop
  endfacet
  facet normal -0.7041423206907417 -0.06656104641644242 -0.7069322593517747
    outer loop
      vertex 59.22924767143106 67.48239404416248 100
      vertex 58.08515559749976 63.65440823679319 101.5
      vertex 57.741075619459345 67.29439419381602 101.5
    endloop
  endfacet
  facet normal -0.6902476369981828 -0.1542886266262719 -0.706932259351774
    outer loop
      vertex 57.824414722265885 74.84678626448296 100
      vertex 57.169117995337125 70.90559250944763 101.5
      vertex 56.37153998057294 74.47375143373569 101.5
    endloop
  endfacet
  facet normal -0.6791977279353126 -0.197325180996506 -0.7069322593517748
    outer loop
      vertex 56.77807402565504 78.4483145651053 100
      vertex 56.37153998057294 74.47375143373569 101.5
      vertex 55.35148925121231 77.98478907354288 101.5
    endloop
  endfacet
  facet normal -0.6985734539819706 -0.11064316553451242 -0.7069322593517727
    outer loop
      vertex 58.64254887143015 71.1866644813262 100
      vertex 57.741075619459345 67.29439419381602 101.5
      vertex 57.169117995337125 70.90559250944763 101.5
    endloop
  endfacet
  facet normal 0 0 -1
    outer loop
      vertex 57.824414722265885 74.84678626448296 100
      vertex 56.77807402565504 78.4483145651053 100
      vertex 69.71244264160039 82.6509456867627 100
    endloop
  endfacet
  facet normal 0 0 -1
    outer loop
      vertex 55.50765621029955 81.97703579637239 100
      vertex 54.01817503491797 85.41902370770374 100
      vertex 66.32382294306264 91.20962207045089 100
    endloop
  endfacet
  facet normal 0 0 -1
    outer loop
      vertex 55.50765621029955 81.97703579637239 100
      vertex 68.15261641283787 86.98352971068982 100
      vertex 56.77807402565504 78.4483145651053 100
    endloop
  endfacet
  facet normal -0.6654673357362091 -0.23958298302664696 -0.706932259351775
    outer loop
      vertex 55.50765621029955 81.97703579637239 100
      vertex 56.77807402565504 78.4483145651053 100
      vertex 55.35148925121231 77.98478907354288 101.5
    endloop
  endfacet
  facet normal -0.649110647986061 -0.28089526047783514 -0.706932259351775
    outer loop
      vertex 55.50765621029955 81.97703579637239 100
      vertex 54.11299148146717 81.42484896734538 101.5
      vertex 54.01817503491797 85.41902370770374 100
    endloop
  endfacet
  facet normal 0 0 -1
    outer loop
      vertex 54.01817503491797 85.41902370770374 100
      vertex 52.315508801230244 88.76069434530814 100
      vertex 62.20559904986642 93.60252890898221 100
    endloop
  endfacet
  facet normal 0 0 -1
    outer loop
      vertex 50.40637715498661 91.98885966184297 100
      vertex 55.19939621951958 96.25505820596445 100
      vertex 56.41752384337788 95.6361769545052 100
    endloop
  endfacet
  facet normal 0 0 -1
    outer loop
      vertex 52.315508801230244 88.76069434530814 100
      vertex 56.41752384337788 95.6361769545052 100
      vertex 57.621736206281255 95.08539492416712 100
    endloop
  endfacet
  facet normal 0 0 -1
    outer loop
      vertex 52.315508801230244 88.76069434530814 100
      vertex 57.621736206281255 95.08539492416712 100
      vertex 58.80728083218564 94.60488579999556 100
    endloop
  endfacet
  facet normal 0 0 -1
    outer loop
      vertex 52.315508801230244 88.76069434530814 100
      vertex 58.80728083218564 94.60488579999556 100
      vertex 59.96947891807639 94.19654593197988 100
    endloop
  endfacet
  facet normal 0 0 -1
    outer loop
      vertex 54.01817503491797 85.41902370770374 100
      vertex 62.20559904986642 93.60252890898221 100
      vertex 63.27069615119165 93.4191960678094 100
    endloop
  endfacet
  facet normal 0 0 -1
    outer loop
      vertex 54.01817503491797 85.41902370770374 100
      vertex 63.27069615119165 93.4191960678094 100
      vertex 64.29483165137962 93.31271185847532 100
    endloop
  endfacet
  facet normal 0 0 -1
    outer loop
      vertex 54.01817503491797 85.41902370770374 100
      vertex 64.29483165137962 93.31271185847532 100
      vertex 65.26702564761136 93.283703544693 100
    endloop
  endfacet
  facet normal 0 0 -1
    outer loop
      vertex 54.01817503491797 85.41902370770374 100
      vertex 65.26702564761136 93.283703544693 100
      vertex 66.32382294306264 91.20962207045089 100
    endloop
  endfacet
  facet normal 0 0 -1
    outer loop
      vertex 52.315508801230244 88.76069434530814 100
      vertex 61.1037437990663 93.86198685102644 100
      vertex 62.20559904986642 93.60252890898221 100
    endloop
  endfacet
  facet normal 0 0 -1
    outer loop
      vertex 52.315508801230244 88.76069434530814 100
      vertex 59.96947891807639 94.19654593197988 100
      vertex 61.1037437990663 93.86198685102644 100
    endloop
  endfacet
  facet normal 0 0 -1
    outer loop
      vertex 57.824414722265885 74.84678626448296 100
      vertex 67.74657697249032 80.22542485937369 100
      vertex 67.15091212301573 79.26283106939474 100
    endloop
  endfacet
  facet normal 0 0 -1
    outer loop
      vertex 57.824414722265885 74.84678626448296 100
      vertex 68.37007846025203 81.10819813755037 100
      vertex 67.74657697249032 80.22542485937369 100
    endloop
  endfacet
  facet normal 0 0 -1
    outer loop
      vertex 57.824414722265885 74.84678626448296 100
      vertex 69.01895591077941 81.9076670010966 100
      vertex 68.37007846025203 81.10819813755037 100
    endloop
  endfacet
  facet normal 0 0 -1
    outer loop
      vertex 57.824414722265885 74.84678626448296 100
      vertex 69.69064850121913 82.62067631165048 100
      vertex 69.01895591077941 81.9076670010966 100
    endloop
  endfacet
  facet normal 0 0 -1
    outer loop
      vertex 57.824414722265885 74.84678626448296 100
      vertex 69.71244264160039 82.6509456867627 100
      vertex 69.69064850121913 82.62067631165048 100
    endloop
  endfacet
  facet normal 0 0 -1
    outer loop
      vertex 56.77807402565504 78.4483145651053 100
      vertex 68.15261641283787 86.98352971068982 100
      vertex 69.71244264160039 82.6509456867627 100
    endloop
  endfacet
  facet normal 0 0 -1
    outer loop
      vertex 69.71244264160039 82.6509456867627 100
      vertex 69.71488789564502 82.6425290671354 100
      vertex 69.69064850121913 82.62067631165048 100
    endloop
  endfacet
  facet normal 0.679197727935297 0.197325180996791 -0.7069322593517104
    outer loop
      vertex 69.71244264160039 82.6509456867627 100
      vertex 69.73086227138324 82.65693058727646 100.01936754490113
      vertex 69.71488789564502 82.6425290671354 100
    endloop
  endfacet
  facet normal 0.6695959456584876 -0.7427255681324804 1.353378627692696e-13
    outer loop
      vertex 69.71488789564502 82.6425290671354 100
      vertex 69.73086227138324 82.65693058727646 100.01936754490113
      vertex 69.69064850121913 82.62067631165048 100
    endloop
  endfacet
  facet normal 0.6654673357362896 0.23958298302662873 -0.7069322593517052
    outer loop
      vertex 69.71244264160039 82.6509456867627 100
      vertex 69.54728114167024 87.53571653971684 101.5
      vertex 69.73086227138324 82.65693058727646 100.01936754490113
    endloop
  endfacet
  facet normal 0.6654673357362109 0.23958298302664688 -0.7069322593517732
    outer loop
      vertex 69.71244264160039 82.6509456867627 100
      vertex 68.15261641283787 86.98352971068982 100
      vertex 69.54728114167024 87.53571653971684 101.5
    endloop
  endfacet
  facet normal 0 0 -1
    outer loop
      vertex 55.50765621029955 81.97703579637239 100
      vertex 66.32382294306264 91.20962207045089 100
      vertex 68.15261641283787 86.98352971068982 100
    endloop
  endfacet
  facet normal 0.6301922170582803 0.32109897266451043 -0.7069322593523125
    outer loop
      vertex 66.32382294306264 91.20962207045089 100
      vertex 65.26702564761136 93.283703544693 100
      vertex 65.27396375549411 93.2834965255062 100.00609092014638
    endloop
  endfacet
  facet normal 0.6301922170587652 0.32109897266475423 -0.7069322593517695
    outer loop
      vertex 66.32382294306264 91.20962207045089 100
      vertex 65.27396375549411 93.2834965255062 100.00609092014638
      vertex 66.20422827644308 93.33166536847403 100.85725087067843
    endloop
  endfacet
  facet normal 0.64911064798606 0.280895260477836 -0.7069322593517754
    outer loop
      vertex 68.15261641283787 86.98352971068982 100
      vertex 66.32382294306264 91.20962207045089 100
      vertex 67.68106352176167 91.8482910077985 101.5
    endloop
  endfacet
  facet normal -0.6654673357362088 -0.23958298302664707 -0.7069322593517751
    outer loop
      vertex 55.50765621029955 81.97703579637239 100
      vertex 55.35148925121231 77.98478907354288 101.5
      vertex 54.11299148146717 81.42484896734538 101.5
    endloop
  endfacet
  facet normal -0.6491106479860603 -0.28089526047783525 -0.7069322593517754
    outer loop
      vertex 54.01817503491797 85.41902370770374 100
      vertex 54.11299148146717 81.42484896734538 101.5
      vertex 52.66093445621893 84.78035477035614 101.5
    endloop
  endfacet
  facet normal 0.6654673357362093 0.23958298302664677 -0.7069322593517745
    outer loop
      vertex 69.54728114167024 87.53571653971684 101.5
      vertex 70.38250536778386 83.24441214720629 100.83188921471493
      vertex 69.73086227138324 82.65693058727646 100.01936754490113
    endloop
  endfacet
  facet normal 0.6301922170587513 0.32109897266475784 -0.7069322593517804
    outer loop
      vertex 66.32382294306264 91.20962207045089 100
      vertex 66.20422827644308 93.33166536847403 100.85725087067843
      vertex 66.87633466797047 93.42766031033224 101.5
    endloop
  endfacet
  facet normal 0.6491106479860627 0.28089526047783553 -0.7069322593517732
    outer loop
      vertex 68.15261641283787 86.98352971068982 100
      vertex 67.68106352176167 91.8482910077985 101.5
      vertex 69.54728114167024 87.53571653971684 101.5
    endloop
  endfacet
  facet normal 0.6301922170587597 0.32109897266475235 -0.7069322593517754
    outer loop
      vertex 66.32382294306264 91.20962207045089 100
      vertex 66.87633466797047 93.42766031033224 101.5
      vertex 67.68106352176167 91.8482910077985 101.5
    endloop
  endfacet
  facet normal -0.8910065241883672 -0.4539904997395481 0
    outer loop
      vertex 51.00104878116445 88.03806383415557 101.5
      vertex 52.66093445621893 84.78035477035614 101.5
      vertex 52.66093445621893 84.78035477035614 103.5
    endloop
  endfacet
  facet normal -0.7901550123756914 -0.6129070536529752 0
    outer loop
      vertex 44.84387073184723 97.09807620527343 101.5
      vertex 47.084789075033 94.20910168517366 101.5
      vertex 47.084789075033 94.20910168517366 103.5
    endloop
  endfacet
  facet normal -0.8270805742745613 -0.5620833778521314 0
    outer loop
      vertex 49.139885266733586 91.18511946937447 101.5
      vertex 49.139885266733586 91.18511946937447 103.5
      vertex 47.084789075033 94.20910168517366 101.5
    endloop
  endfacet
  facet normal -0.8607420270039451 -0.5090414157503689 0
    outer loop
      vertex 51.00104878116445 88.03806383415557 101.5
      vertex 51.00104878116445 88.03806383415557 103.5
      vertex 49.139885266733586 91.18511946937447 101.5
    endloop
  endfacet
  facet normal 0.9998862467179145 -0.015082891777171965 0
    outer loop
      vertex 62.8 60 100
      vertex 62.823679258860736 61.56976298823283 100
      vertex 62.823679258860736 61.56976298823283 105
    endloop
  endfacet
  facet normal 0.9989722158326831 -0.04532672494609606 0
    outer loop
      vertex 62.823679258860736 61.56976298823283 100
      vertex 62.89462358422627 63.1333308391076 100
      vertex 62.89462358422627 63.1333308391076 105
    endloop
  endfacet
  facet normal 0.9971226022610113 -0.0758057785411429 0
    outer loop
      vertex 62.89462358422627 63.1333308391076 100
      vertex 63.01255299125573 64.68453286464312 100
      vertex 63.01255299125573 64.68453286464312 105
    endloop
  endfacet
  facet normal 0.9942933599606286 -0.10668043090559584 0
    outer loop
      vertex 63.01255299125573 64.68453286464312 100
      vertex 63.177002066456424 66.21724717912137 100
      vertex 63.177002066456424 66.21724717912137 105
    endloop
  endfacet
  facet normal 0.9904160069218783 -0.13811637568703392 0
    outer loop
      vertex 63.177002066456424 66.21724717912137 100
      vertex 63.38732180445815 67.72542485937369 100
      vertex 63.38732180445815 67.72542485937369 105
    endloop
  endfacet
  facet normal 0.9853945674788774 -0.1702866594396524 0
    outer loop
      vertex 63.38732180445815 67.72542485937369 100
      vertex 63.64268216934098 69.20311381711694 100
      vertex 63.64268216934098 69.20311381711694 105
    endloop
  endfacet
  facet normal 0.9791012165649957 -0.20337356691798797 0
    outer loop
      vertex 63.64268216934098 69.20311381711694 100
      vertex 63.942075370407764 70.64448228912681 100
      vertex 63.942075370407764 70.64448228912681 105
    endloop
  endfacet
  facet normal 0.9713703712600336 -0.23757020402008452 0
    outer loop
      vertex 63.942075370407764 70.64448228912681 100
      vertex 64.28431983947364 72.04384185254288 100
      vertex 64.28431983947364 72.04384185254288 105
    endloop
  endfacet
  facet normal 0.9619908961602127 -0.2730815184242074 0
    outer loop
      vertex 64.28431983947364 72.04384185254288 100
      vertex 64.66806489397581 73.39566987447492 100
      vertex 64.66806489397581 73.39566987447492 105
    endloop
  endfacet
  facet normal 0.9506960101741422 -0.3101243238428218 0
    outer loop
      vertex 64.66806489397581 73.39566987447492 100
      vertex 65.09179606750062 74.69463130731182 100
      vertex 65.09179606750062 74.69463130731182 105
    endloop
  endfacet
  facet normal 0.9371504202212259 -0.34892562227383045 0
    outer loop
      vertex 65.09179606750062 74.69463130731182 100
      vertex 65.55384108669053 75.93559974371723 100
      vertex 65.55384108669053 75.93559974371723 105
    endloop
  endfacet
  facet normal 0.9209342000152875 -0.3897181022767641 0
    outer loop
      vertex 65.55384108669053 75.93559974371723 100
      vertex 66.05237647094306 77.11367764821722 100
      vertex 66.05237647094306 77.11367764821722 105
    endloop
  endfacet
  facet normal -0.9876883405951378 -0.15643446504023062 0
    outer loop
      vertex 57.741075619459345 67.29439419381602 101.5
      vertex 57.741075619459345 67.29439419381602 103.5
      vertex 57.169117995337125 70.90559250944763 101.5
    endloop
  endfacet
  facet normal -0.9995065603657316 -0.03141075907812804 0
    outer loop
      vertex 58.20000000298023 60 101.5
      vertex 58.20000000298023 60 103.5
      vertex 58.08515559749976 63.65440823679319 101.5
    endloop
  endfacet
  facet normal -0.99556196460308 -0.09410831331851446 0
    outer loop
      vertex 58.08515559749976 63.65440823679319 101.5
      vertex 58.08515559749976 63.65440823679319 103.5
      vertex 57.741075619459345 67.29439419381602 101.5
    endloop
  endfacet
  facet normal -0.9759167619387474 -0.2181432413965426 0
    outer loop
      vertex 57.169117995337125 70.90559250944763 101.5
      vertex 57.169117995337125 70.90559250944763 103.5
      vertex 56.37153998057294 74.47375143373569 101.5
    endloop
  endfacet
  facet normal -0.9602936856769431 -0.2789911060392296 0
    outer loop
      vertex 55.35148925121231 77.98478907354288 101.5
      vertex 56.37153998057294 74.47375143373569 101.5
      vertex 56.37153998057294 74.47375143373569 103.5
    endloop
  endfacet
  facet normal 0.41593774349069035 0.9093930907698127 0
    outer loop
      vertex 56.41752384337788 95.6361769545052 100
      vertex 56.41752384337788 95.6361769545052 105
      vertex 57.621736206281255 95.08539492416712 100
    endloop
  endfacet
  facet normal 0.3756265049863605 0.9267711307284727 0
    outer loop
      vertex 57.621736206281255 95.08539492416712 100
      vertex 57.621736206281255 95.08539492416712 105
      vertex 58.80728083218564 94.60488579999556 100
    endloop
  endfacet
  facet normal 0.3314859950125629 0.9434601396511307 0
    outer loop
      vertex 58.80728083218564 94.60488579999556 100
      vertex 58.80728083218564 94.60488579999556 105
      vertex 59.96947891807639 94.19654593197988 100
    endloop
  endfacet
  facet normal 0.2829069834086642 0.959147349857471 0
    outer loop
      vertex 59.96947891807639 94.19654593197988 100
      vertex 59.96947891807639 94.19654593197988 105
      vertex 61.1037437990663 93.86198685102644 100
    endloop
  endfacet
  facet normal 0.22920496979922947 0.9733781802667113 0
    outer loop
      vertex 61.1037437990663 93.86198685102644 100
      vertex 61.1037437990663 93.86198685102644 105
      vertex 62.20559904986642 93.60252890898221 100
    endloop
  endfacet
  facet normal 0.6654673357362059 0.2395829830266466 -0.7069322593517778
    outer loop
      vertex 69.54728114167024 87.53571653971684 101.5
      vertex 70.94134147043852 83.66356501575913 101.5
      vertex 70.38250536778386 83.24441214720629 100.83188921471493
    endloop
  endfacet
  facet normal 0.9015230574682735 -0.43273106758477126 0
    outer loop
      vertex 66.05237647094306 77.11367764821722 100
      vertex 66.58543472885573 78.22421568553528 100
      vertex 66.58543472885573 78.22421568553528 105
    endloop
  endfacet
  facet normal 0.8782650416546245 -0.4781741488280193 0
    outer loop
      vertex 66.58543472885573 78.22421568553528 100
      vertex 67.15091212301573 79.26283106939474 100
      vertex 67.15091212301573 79.26283106939474 105
    endloop
  endfacet
  facet normal 0.8503547003523044 -0.5262099234989231 0
    outer loop
      vertex 67.15091212301573 79.26283106939474 100
      vertex 67.74657697249032 80.22542485937369 100
      vertex 67.74657697249032 80.22542485937369 105
    endloop
  endfacet
  facet normal 0.8168076685527244 -0.576910073229323 0
    outer loop
      vertex 67.74657697249032 80.22542485937369 100
      vertex 68.37007846025203 81.10819813755037 100
      vertex 68.37007846025203 81.10819813755037 105
    endloop
  endfacet
  facet normal 0.7764423384405122 -0.6301883012854403 0
    outer loop
      vertex 68.37007846025203 81.10819813755037 100
      vertex 69.01895591077941 81.9076670010966 100
      vertex 69.01895591077941 81.9076670010966 105
    endloop
  endfacet
  facet normal 0.7278814791701007 -0.6857029621353158 0
    outer loop
      vertex 69.01895591077941 81.9076670010966 100
      vertex 69.69064850121913 82.62067631165048 100
      vertex 69.69064850121913 82.62067631165048 105
    endloop
  endfacet
  facet normal 0.6695959456585235 -0.7427255681324479 0
    outer loop
      vertex 69.69064850121913 82.62067631165048 100
      vertex 69.73086227138324 82.65693058727646 100.01936754490113
      vertex 69.69064850121913 82.62067631165048 105
    endloop
  endfacet
  facet normal 0.6695959456585209 -0.7427255681324504 0
    outer loop
      vertex 70.38250536778386 83.24441214720629 100.83188921471493
      vertex 70.38250536778386 83.24441214720629 104.16811078528508
      vertex 69.73086227138324 82.65693058727646 100.01936754490113
    endloop
  endfacet
  facet normal 0.16963321644353133 0.9855072662740859 0
    outer loop
      vertex 62.20559904986642 93.60252890898221 100
      vertex 62.20559904986642 93.60252890898221 105
      vertex 63.27069615119165 93.4191960678094 100
    endloop
  endfacet
  facet normal 0.10341722144824368 0.9946380639749943 0
    outer loop
      vertex 63.27069615119165 93.4191960678094 100
      vertex 63.27069615119165 93.4191960678094 105
      vertex 64.29483165137962 93.31271185847532 100
    endloop
  endfacet
  facet normal 0.02982471541570869 0.9995551442268564 0
    outer loop
      vertex 64.29483165137962 93.31271185847532 100
      vertex 64.29483165137962 93.31271185847532 105
      vertex 65.26702564761136 93.283703544693 100
    endloop
  endfacet
  facet normal 0.02982471541514575 0.9995551442268733 0
    outer loop
      vertex 65.26702564761136 93.283703544693 100
      vertex 65.27396375549411 93.2834965255062 104.99390907985362
      vertex 65.27396375549411 93.2834965255062 100.00609092014638
    endloop
  endfacet
  facet normal -0.9408807689542252 -0.3387379202452919 0
    outer loop
      vertex 55.35148925121231 77.98478907354288 101.5
      vertex 55.35148925121231 77.98478907354288 103.5
      vertex 54.11299148146717 81.42484896734538 101.5
    endloop
  endfacet
  facet normal -0.9177546256839808 -0.3971478906347814 0
    outer loop
      vertex 54.11299148146717 81.42484896734538 101.5
      vertex 54.11299148146717 81.42484896734538 103.5
      vertex 52.66093445621893 84.78035477035614 101.5
    endloop
  endfacet
  facet normal 0.6000236291835954 -0.7999822775670392 0
    outer loop
      vertex 70.94134147043852 83.66356501575913 101.5
      vertex 70.94134147043852 83.66356501575913 103.5
      vertex 70.38250536778386 83.24441214720629 100.83188921471493
    endloop
  endfacet
  facet normal 0.940880768954225 0.3387379202452926 0
    outer loop
      vertex 69.54728114167024 87.53571653971684 101.5
      vertex 69.54728114167024 87.53571653971684 103.5
      vertex 70.94134147043852 83.66356501575913 101.5
    endloop
  endfacet
  facet normal -0.051710451956935646 0.9986621196172454 0
    outer loop
      vertex 65.27396375549411 93.2834965255062 100.00609092014638
      vertex 65.27396375549411 93.2834965255062 104.99390907985362
      vertex 66.20422827644308 93.33166536847403 100.85725087067843
    endloop
  endfacet
  facet normal -0.14139211622881345 0.9899536703645972 0
    outer loop
      vertex 66.20422827644308 93.33166536847403 100.85725087067843
      vertex 66.20422827644308 93.33166536847403 104.14274912932157
      vertex 66.87633466797047 93.42766031033224 101.5
    endloop
  endfacet
  facet normal 0.9177546256839811 0.3971478906347805 0
    outer loop
      vertex 69.54728114167024 87.53571653971684 101.5
      vertex 67.68106352176167 91.8482910077985 101.5
      vertex 67.68106352176167 91.8482910077985 103.5
    endloop
  endfacet
  facet normal 0.8910065241883696 0.45399049973954364 0
    outer loop
      vertex 67.68106352176167 91.8482910077985 101.5
      vertex 66.87633466797047 93.42766031033224 101.5
      vertex 66.87633466797047 93.42766031033224 103.5
    endloop
  endfacet
  facet normal 0 0 -1
    outer loop
      vertex 40.86746222598281 103.51942705923076 100
      vertex 44.40630585851518 104.40630585851518 100
      vertex 43.51942705923077 100.86746222598282 100
    endloop
  endfacet
  facet normal -0.4677334893312989 -0.5305395024366839 -0.7069322593517737
    outer loop
      vertex 38.05421218989646 105.99964059601092 100
      vertex 40.86746222598281 103.51942705923076 100
      vertex 39.84064156708978 102.42597411809865 101.5
    endloop
  endfacet
  facet normal -0.5001233751224761 -0.5001233751224787 -0.7069322593517737
    outer loop
      vertex 40.86746222598281 103.51942705923076 100
      vertex 43.51942705923077 100.86746222598282 100
      vertex 42.42597411809866 99.84064156708979 101.5
    endloop
  endfacet
  facet normal 0 0 -1
    outer loop
      vertex 35.09077956361238 108.29831456659542 100
      vertex 40.276628935558215 109.06914421689751 100
      vertex 38.05421218989646 105.99964059601092 100
    endloop
  endfacet
  facet normal 0 0 -1
    outer loop
      vertex 38.05421218989646 105.99964059601092 100
      vertex 40.276628935558215 109.06914421689751 100
      vertex 41.24413856471321 107.86906847527399 100
    endloop
  endfacet
  facet normal 0 0 -1
    outer loop
      vertex 35.09077956361238 108.29831456659542 100
      vertex 37.68708948869498 112.74066070641832 100
      vertex 38.49458794672618 111.50975632295618 100
    endloop
  endfacet
  facet normal 0 0 -1
    outer loop
      vertex 35.09077956361238 108.29831456659542 100
      vertex 38.49458794672618 111.50975632295618 100
      vertex 39.35890478357601 110.28430539479653 100
    endloop
  endfacet
  facet normal 0 0 -1
    outer loop
      vertex 35.09077956361238 108.29831456659542 100
      vertex 36.9395962369853 113.97216072792816 100
      vertex 37.68708948869498 112.74066070641832 100
    endloop
  endfacet
  facet normal 0 0 -1
    outer loop
      vertex 35.09077956361238 108.29831456659542 100
      vertex 39.35890478357601 110.28430539479653 100
      vertex 40.276628935558215 109.06914421689751 100
    endloop
  endfacet
  facet normal 0 0 -1
    outer loop
      vertex 38.05421218989646 105.99964059601092 100
      vertex 42.25761535254783 106.68881432061568 100
      vertex 40.86746222598281 103.51942705923076 100
    endloop
  endfacet
  facet normal 0 0 -1
    outer loop
      vertex 38.05421218989646 105.99964059601092 100
      vertex 41.24413856471321 107.86906847527399 100
      vertex 42.25761535254783 106.68881432061568 100
    endloop
  endfacet
  facet normal 0 0 -1
    outer loop
      vertex 40.86746222598281 103.51942705923076 100
      vertex 42.25761535254783 106.68881432061568 100
      vertex 43.313059569193996 105.53303967686418 100
    endloop
  endfacet
  facet normal 0 0 -1
    outer loop
      vertex 40.86746222598281 103.51942705923076 100
      vertex 43.313059569193996 105.53303967686418 100
      vertex 44.40630585851518 104.40630585851518 100
    endloop
  endfacet
  facet normal -0.43349767314483023 -0.5588618327152182 -0.7069322593517751
    outer loop
      vertex 35.09077956361238 108.29831456659542 100
      vertex 38.05421218989646 105.99964059601092 100
      vertex 37.09807620527343 104.84387073184723 101.5
    endloop
  endfacet
  facet normal 0 0 -1
    outer loop
      vertex 48.29831456659542 95.09077956361239 100
      vertex 45.99964059601091 98.05421218989646 100
      vertex 50.28430539479653 99.35890478357601 100
    endloop
  endfacet
  facet normal 0 0 -1
    outer loop
      vertex 45.99964059601091 98.05421218989646 100
      vertex 47.86906847527399 101.24413856471321 100
      vertex 49.06914421689752 100.27662893555822 100
    endloop
  endfacet
  facet normal 0 0 -1
    outer loop
      vertex 45.99964059601091 98.05421218989646 100
      vertex 49.06914421689752 100.27662893555822 100
      vertex 50.28430539479653 99.35890478357601 100
    endloop
  endfacet
  facet normal 0 0 -1
    outer loop
      vertex 43.51942705923077 100.86746222598282 100
      vertex 47.86906847527399 101.24413856471321 100
      vertex 45.99964059601091 98.05421218989646 100
    endloop
  endfacet
  facet normal 0 0 -1
    outer loop
      vertex 43.51942705923077 100.86746222598282 100
      vertex 46.68881432061568 102.25761535254783 100
      vertex 47.86906847527399 101.24413856471321 100
    endloop
  endfacet
  facet normal 0 0 -1
    outer loop
      vertex 43.51942705923077 100.86746222598282 100
      vertex 44.40630585851518 104.40630585851518 100
      vertex 45.53303967686418 103.313059569194 100
    endloop
  endfacet
  facet normal 0 0 -1
    outer loop
      vertex 43.51942705923077 100.86746222598282 100
      vertex 45.53303967686418 103.313059569194 100
      vertex 46.68881432061568 102.25761535254783 100
    endloop
  endfacet
  facet normal 0 0 -1
    outer loop
      vertex 48.29831456659542 95.09077956361239 100
      vertex 50.28430539479653 99.35890478357601 100
      vertex 51.509756322956186 98.49458794672617 100
    endloop
  endfacet
  facet normal 0 0 -1
    outer loop
      vertex 48.29831456659542 95.09077956361239 100
      vertex 51.509756322956186 98.49458794672617 100
      vertex 52.740660706418325 97.68708948869498 100
    endloop
  endfacet
  facet normal 0 0 -1
    outer loop
      vertex 50.40637715498661 91.98885966184297 100
      vertex 52.740660706418325 97.68708948869498 100
      vertex 53.97216072792815 96.9395962369853 100
    endloop
  endfacet
  facet normal -0.5305395024366858 -0.46773348933129666 -0.7069322593517737
    outer loop
      vertex 44.84387073184723 97.09807620527343 101.5
      vertex 43.51942705923077 100.86746222598282 100
      vertex 45.99964059601091 98.05421218989646 100
    endloop
  endfacet
  facet normal -0.5588618327152157 -0.43349767314483073 -0.7069322593517767
    outer loop
      vertex 48.29831456659542 95.09077956361239 100
      vertex 47.084789075033 94.20910168517366 101.5
      vertex 45.99964059601091 98.05421218989646 100
    endloop
  endfacet
  facet normal -0.5305395024366859 -0.46773348933129666 -0.7069322593517736
    outer loop
      vertex 44.84387073184723 97.09807620527343 101.5
      vertex 42.42597411809866 99.84064156708979 101.5
      vertex 43.51942705923077 100.86746222598282 100
    endloop
  endfacet
  facet normal -0.5001233751224761 -0.5001233751224788 -0.7069322593517737
    outer loop
      vertex 40.86746222598281 103.51942705923076 100
      vertex 42.42597411809866 99.84064156708979 101.5
      vertex 39.84064156708978 102.42597411809865 101.5
    endloop
  endfacet
  facet normal -0.46773348933129727 -0.5305395024366837 -0.7069322593517751
    outer loop
      vertex 37.09807620527343 104.84387073184723 101.5
      vertex 38.05421218989646 105.99964059601092 100
      vertex 39.84064156708978 102.42597411809865 101.5
    endloop
  endfacet
  facet normal -0.5588618327152196 -0.4334976731448306 -0.7069322593517738
    outer loop
      vertex 44.84387073184723 97.09807620527343 101.5
      vertex 45.99964059601091 98.05421218989646 100
      vertex 47.084789075033 94.20910168517366 101.5
    endloop
  endfacet
  facet normal 0.7979929005313764 0.6026668488489481 0
    outer loop
      vertex 40.276628935558215 109.06914421689751 100
      vertex 39.35890478357601 110.28430539479653 100
      vertex 39.35890478357601 110.28430539479653 105
    endloop
  endfacet
  facet normal 0.8171900324440762 0.5763683291733245 0
    outer loop
      vertex 39.35890478357601 110.28430539479653 100
      vertex 38.49458794672618 111.50975632295618 100
      vertex 38.49458794672618 111.50975632295618 105
    endloop
  endfacet
  facet normal 0.836135937982914 0.548522281419299 0
    outer loop
      vertex 38.49458794672618 111.50975632295618 100
      vertex 37.68708948869498 112.74066070641832 100
      vertex 37.68708948869498 112.74066070641832 105
    endloop
  endfacet
  facet normal 0.7785060334301654 0.62763712120367 0
    outer loop
      vertex 41.24413856471321 107.86906847527399 100
      vertex 40.276628935558215 109.06914421689751 100
      vertex 40.276628935558215 109.06914421689751 105
    endloop
  endfacet
  facet normal 0.7586749337927086 0.6514693736735667 0
    outer loop
      vertex 42.25761535254783 106.68881432061568 100
      vertex 41.24413856471321 107.86906847527399 100
      vertex 41.24413856471321 107.86906847527399 105
    endloop
  endfacet
  facet normal 0.7384308626106005 0.6743291934538831 0
    outer loop
      vertex 43.313059569193996 105.53303967686418 100
      vertex 42.25761535254783 106.68881432061568 100
      vertex 42.25761535254783 106.68881432061568 105
    endloop
  endfacet
  facet normal 0.7176915605249466 0.6963611304138585 0
    outer loop
      vertex 44.40630585851518 104.40630585851518 100
      vertex 43.313059569193996 105.53303967686418 100
      vertex 43.313059569193996 105.53303967686418 105
    endloop
  endfacet
  facet normal 0.6963611304138585 0.7176915605249466 0
    outer loop
      vertex 44.40630585851518 104.40630585851518 100
      vertex 44.40630585851518 104.40630585851518 105
      vertex 45.53303967686418 103.313059569194 100
    endloop
  endfacet
  facet normal 0.6743291934538831 0.7384308626106005 0
    outer loop
      vertex 45.53303967686418 103.313059569194 100
      vertex 45.53303967686418 103.313059569194 105
      vertex 46.68881432061568 102.25761535254783 100
    endloop
  endfacet
  facet normal 0.6514693736735667 0.7586749337927086 0
    outer loop
      vertex 46.68881432061568 102.25761535254783 100
      vertex 46.68881432061568 102.25761535254783 105
      vertex 47.86906847527399 101.24413856471321 100
    endloop
  endfacet
  facet normal 0.6276371212036649 0.7785060334301693 0
    outer loop
      vertex 47.86906847527399 101.24413856471321 100
      vertex 47.86906847527399 101.24413856471321 105
      vertex 49.06914421689752 100.27662893555822 100
    endloop
  endfacet
  facet normal 0.5763683291733255 0.8171900324440756 0
    outer loop
      vertex 50.28430539479653 99.35890478357601 100
      vertex 50.28430539479653 99.35890478357601 105
      vertex 51.509756322956186 98.49458794672617 100
    endloop
  endfacet
  facet normal 0.5188750742911917 0.8548500788321366 0
    outer loop
      vertex 52.740660706418325 97.68708948869498 100
      vertex 52.740660706418325 97.68708948869498 105
      vertex 53.97216072792815 96.9395962369853 100
    endloop
  endfacet
  facet normal 0.5485222814192978 0.8361359379829146 0
    outer loop
      vertex 51.509756322956186 98.49458794672617 100
      vertex 51.509756322956186 98.49458794672617 105
      vertex 52.740660706418325 97.68708948869498 100
    endloop
  endfacet
  facet normal 0.6026668488489533 0.7979929005313725 0
    outer loop
      vertex 49.06914421689752 100.27662893555822 100
      vertex 49.06914421689752 100.27662893555822 105
      vertex 50.28430539479653 99.35890478357601 100
    endloop
  endfacet
  facet normal -0.661311865323653 -0.7501110696304586 0
    outer loop
      vertex 37.09807620527343 104.84387073184723 101.5
      vertex 39.84064156708978 102.42597411809865 101.5
      vertex 39.84064156708978 102.42597411809865 103.5
    endloop
  endfacet
  facet normal -0.7501110696304604 -0.6613118653236509 0
    outer loop
      vertex 44.84387073184723 97.09807620527343 101.5
      vertex 44.84387073184723 97.09807620527343 103.5
      vertex 42.42597411809866 99.84064156708979 101.5
    endloop
  endfacet
  facet normal -0.7071067811865456 -0.7071067811865495 0
    outer loop
      vertex 39.84064156708978 102.42597411809865 101.5
      vertex 42.42597411809866 99.84064156708979 101.5
      vertex 42.42597411809866 99.84064156708979 103.5
    endloop
  endfacet
  facet normal -0.612907053652976 -0.7901550123756906 0
    outer loop
      vertex 37.09807620527343 104.84387073184723 101.5
      vertex 37.09807620527343 104.84387073184723 103.5
      vertex 34.20910168517367 107.084789075033 101.5
    endloop
  endfacet
  facet normal 0.8733280796090857 0.4871324926201356 0
    outer loop
      vertex 36.9395962369853 113.97216072792816 100
      vertex 36.25505820596445 115.19939621951957 100
      vertex 36.25505820596445 115.19939621951957 105
    endloop
  endfacet
  facet normal 0.8548500788321401 0.518875074291186 0
    outer loop
      vertex 37.68708948869498 112.74066070641832 100
      vertex 36.9395962369853 113.97216072792816 100
      vertex 36.9395962369853 113.97216072792816 105
    endloop
  endfacet
  facet normal 0.8915346080412814 0.4529525832409821 0
    outer loop
      vertex 36.25505820596445 115.19939621951957 100
      vertex 35.6361769545052 116.41752384337788 100
      vertex 35.6361769545052 116.41752384337788 105
    endloop
  endfacet
  facet normal 0.4871324926201313 0.8733280796090881 0
    outer loop
      vertex 53.97216072792815 96.9395962369853 100
      vertex 53.97216072792815 96.9395962369853 105
      vertex 55.19939621951958 96.25505820596445 100
    endloop
  endfacet
  facet normal 0.4529525832409801 0.8915346080412824 0
    outer loop
      vertex 55.19939621951958 96.25505820596445 100
      vertex 55.19939621951958 96.25505820596445 105
      vertex 56.41752384337788 95.6361769545052 100
    endloop
  endfacet
  facet normal -0.03141075907812996 -0.9995065603657316 0
    outer loop
      vertex 0 118.20000000298023 101.5
      vertex 3.6544082367931914 118.08515559749975 103.5
      vertex 0 118.20000000298023 103.5
    endloop
  endfacet
  facet normal -0.1564344650402271 -0.9876883405951383 0
    outer loop
      vertex 7.294394193816019 117.74107561945934 101.5
      vertex 10.905592509447624 117.16911799533713 103.5
      vertex 7.294394193816019 117.74107561945934 103.5
    endloop
  endfacet
  facet normal -0.09410831331851453 -0.99556196460308 0
    outer loop
      vertex 3.6544082367931914 118.08515559749975 101.5
      vertex 7.294394193816019 117.74107561945934 103.5
      vertex 3.6544082367931914 118.08515559749975 103.5
    endloop
  endfacet
  facet normal -0.21814324139654248 -0.9759167619387475 0
    outer loop
      vertex 10.905592509447624 117.16911799533713 101.5
      vertex 14.473751433735682 116.37153998057295 103.5
      vertex 10.905592509447624 117.16911799533713 103.5
    endloop
  endfacet
  facet normal -0.2789911060392296 -0.9602936856769431 0
    outer loop
      vertex 14.473751433735682 116.37153998057295 101.5
      vertex 17.98478907354288 115.35148925121231 103.5
      vertex 14.473751433735682 116.37153998057295 103.5
    endloop
  endfacet
  facet normal -0.015082891777171962 0.9998862467179145 0
    outer loop
      vertex 1.569762988232832 122.82367925886074 100
      vertex 0 122.8 105
      vertex 1.569762988232832 122.82367925886074 105
    endloop
  endfacet
  facet normal -0.04532672494609604 0.9989722158326831 0
    outer loop
      vertex 3.1333308391076016 122.89462358422627 100
      vertex 1.569762988232832 122.82367925886074 105
      vertex 3.1333308391076016 122.89462358422627 105
    endloop
  endfacet
  facet normal -0.0758057785411428 0.9971226022610115 0
    outer loop
      vertex 4.684532864643121 123.01255299125573 100
      vertex 3.1333308391076016 122.89462358422627 105
      vertex 4.684532864643121 123.01255299125573 105
    endloop
  endfacet
  facet normal -0.10668043090559615 0.9942933599606286 0
    outer loop
      vertex 6.2172471791213715 123.17700206645642 100
      vertex 4.684532864643121 123.01255299125573 105
      vertex 6.2172471791213715 123.17700206645642 105
    endloop
  endfacet
  facet normal -0.13811637568703422 0.9904160069218783 0
    outer loop
      vertex 7.7254248593736845 123.38732180445815 100
      vertex 6.2172471791213715 123.17700206645642 105
      vertex 7.7254248593736845 123.38732180445815 105
    endloop
  endfacet
  facet normal -0.17028665943965607 0.9853945674788767 0
    outer loop
      vertex 9.203113817116947 123.64268216934099 100
      vertex 7.7254248593736845 123.38732180445815 105
      vertex 9.203113817116947 123.64268216934099 105
    endloop
  endfacet
  facet normal -0.20337356691798408 0.9791012165649966 0
    outer loop
      vertex 10.644482289126811 123.94207537040776 100
      vertex 9.203113817116947 123.64268216934099 105
      vertex 10.644482289126811 123.94207537040776 105
    endloop
  endfacet
  facet normal -0.23757020402008394 0.9713703712600337 0
    outer loop
      vertex 12.043841852542885 124.28431983947364 100
      vertex 10.644482289126811 123.94207537040776 105
      vertex 12.043841852542885 124.28431983947364 105
    endloop
  endfacet
  facet normal -0.27308151842420775 0.9619908961602127 0
    outer loop
      vertex 13.395669874474919 124.66806489397581 100
      vertex 12.043841852542885 124.28431983947364 105
      vertex 13.395669874474919 124.66806489397581 105
    endloop
  endfacet
  facet normal -0.3101243238428206 0.9506960101741425 0
    outer loop
      vertex 14.694631307311829 125.09179606750062 100
      vertex 13.395669874474919 124.66806489397581 105
      vertex 14.694631307311829 125.09179606750062 105
    endloop
  endfacet
  facet normal -0.34892562227383006 0.9371504202212261 0
    outer loop
      vertex 15.93559974371724 125.55384108669053 100
      vertex 14.694631307311829 125.09179606750062 105
      vertex 15.93559974371724 125.55384108669053 105
    endloop
  endfacet
  facet normal -0.3897181022767681 0.9209342000152859 0
    outer loop
      vertex 17.113677648217212 126.05237647094306 100
      vertex 15.93559974371724 125.55384108669053 105
      vertex 17.113677648217212 126.05237647094306 105
    endloop
  endfacet
  facet normal -0.4539904997395469 -0.8910065241883679 0
    outer loop
      vertex 24.780354770356137 112.66093445621894 101.5
      vertex 28.038063834155572 111.00104878116446 103.5
      vertex 24.780354770356137 112.66093445621894 103.5
    endloop
  endfacet
  facet normal -0.5090414157503715 -0.8607420270039435 0
    outer loop
      vertex 28.038063834155572 111.00104878116446 101.5
      vertex 31.185119469374467 109.13988526673359 103.5
      vertex 28.038063834155572 111.00104878116446 103.5
    endloop
  endfacet
  facet normal -0.56208337785213 -0.8270805742745622 0
    outer loop
      vertex 31.185119469374467 109.13988526673359 101.5
      vertex 34.20910168517367 107.084789075033 103.5
      vertex 31.185119469374467 109.13988526673359 103.5
    endloop
  endfacet
  facet normal -0.612907053652976 -0.7901550123756906 0
    outer loop
      vertex 34.20910168517367 107.084789075033 101.5
      vertex 37.09807620527343 104.84387073184723 103.5
      vertex 34.20910168517367 107.084789075033 103.5
    endloop
  endfacet
  facet normal -0.33873792024529564 -0.9408807689542239 0
    outer loop
      vertex 17.98478907354288 115.35148925121231 101.5
      vertex 21.424848967345376 114.11299148146716 103.5
      vertex 17.98478907354288 115.35148925121231 103.5
    endloop
  endfacet
  facet normal -0.3971478906347778 -0.9177546256839825 0
    outer loop
      vertex 21.424848967345376 114.11299148146716 101.5
      vertex 24.780354770356137 112.66093445621894 103.5
      vertex 21.424848967345376 114.11299148146716 103.5
    endloop
  endfacet
  facet normal 0.3387379202452962 0.9408807689542237 0
    outer loop
      vertex 27.535716539716844 129.54728114167023 101.5
      vertex 23.66356501575914 130.94134147043852 103.5
      vertex 27.535716539716844 129.54728114167023 103.5
    endloop
  endfacet
  facet normal -0.7999822775670318 0.6000236291836052 0
    outer loop
      vertex 23.66356501575914 130.94134147043852 103.5
      vertex 23.66356501575914 130.94134147043852 101.5
      vertex 23.244412147206287 130.38250536778386 104.16811078528507
    endloop
  endfacet
  facet normal 0.39714789063477773 0.9177546256839824 0
    outer loop
      vertex 31.848291007798498 127.68106352176167 101.5
      vertex 27.535716539716844 129.54728114167023 103.5
      vertex 31.848291007798498 127.68106352176167 103.5
    endloop
  endfacet
  facet normal 0.9899536703645987 -0.14139211622880318 0
    outer loop
      vertex 33.427660310332236 126.87633466797047 103.5
      vertex 33.331665368474034 126.20422827644308 104.14274912932157
      vertex 33.331665368474034 126.20422827644308 100.85725087067841
    endloop
  endfacet
  facet normal 0.998662119617245 -0.05171045195694325 0
    outer loop
      vertex 33.331665368474034 126.20422827644308 104.14274912932157
      vertex 33.28349652550619 125.27396375549411 104.99390907985361
      vertex 33.28349652550619 125.27396375549411 100.00609092014639
    endloop
  endfacet
  facet normal 0.4539904997395461 0.8910065241883683 0
    outer loop
      vertex 31.848291007798498 127.68106352176167 103.5
      vertex 33.427660310332236 126.87633466797047 103.5
      vertex 33.427660310332236 126.87633466797047 101.5
    endloop
  endfacet
  facet normal -0.43273106758476676 0.9015230574682757 0
    outer loop
      vertex 18.22421568553529 126.58543472885573 100
      vertex 17.113677648217212 126.05237647094306 105
      vertex 18.22421568553529 126.58543472885573 105
    endloop
  endfacet
  facet normal -0.47817414882802184 0.878265041654623 0
    outer loop
      vertex 19.262831069394736 127.15091212301573 100
      vertex 18.22421568553529 126.58543472885573 105
      vertex 19.262831069394736 127.15091212301573 105
    endloop
  endfacet
  facet normal -0.5262099234989246 0.8503547003523035 0
    outer loop
      vertex 20.225424859373685 127.74657697249032 100
      vertex 19.262831069394736 127.15091212301573 105
      vertex 20.225424859373685 127.74657697249032 105
    endloop
  endfacet
  facet normal -0.5769100732293302 0.8168076685527191 0
    outer loop
      vertex 21.108198137550374 128.37007846025205 100
      vertex 20.225424859373685 127.74657697249032 105
      vertex 21.108198137550374 128.37007846025205 105
    endloop
  endfacet
  facet normal -0.6301883012854455 0.7764423384405081 0
    outer loop
      vertex 21.907667001096588 129.01895591077943 100
      vertex 21.108198137550374 128.37007846025205 105
      vertex 21.907667001096588 129.01895591077943 105
    endloop
  endfacet
  facet normal -0.6857029621353009 0.7278814791701148 0
    outer loop
      vertex 22.620676311650488 129.69064850121913 100
      vertex 21.907667001096588 129.01895591077943 105
      vertex 22.620676311650488 129.69064850121913 105
    endloop
  endfacet
  facet normal -0.7427255681324563 0.6695959456585142 0
    outer loop
      vertex 22.65693058727647 129.73086227138324 104.98063245509887
      vertex 23.244412147206287 130.38250536778386 104.16811078528507
      vertex 23.244412147206287 130.38250536778386 100.83188921471493
    endloop
  endfacet
  facet normal -0.7427255681326497 0.6695959456582996 -6.106778139088155e-14
    outer loop
      vertex 22.65693058727647 129.73086227138324 104.98063245509887
      vertex 23.244412147206287 130.38250536778386 100.83188921471493
      vertex 22.642529067135403 129.714887895645 105
    endloop
  endfacet
  facet normal -0.7427255681322851 0.6695959456587042 5.635359321622348e-14
    outer loop
      vertex 22.642529067135403 129.714887895645 105
      vertex 23.244412147206287 130.38250536778386 100.83188921471493
      vertex 22.620676311650488 129.69064850121913 105
    endloop
  endfacet
  facet normal 0.23958298302664832 0.6654673357362029 0.7069322593517803
    outer loop
      vertex 27.535716539716844 129.54728114167023 103.5
      vertex 23.66356501575914 130.94134147043852 103.5
      vertex 23.244412147206287 130.38250536778386 104.16811078528507
    endloop
  endfacet
  facet normal 0.9093930907698127 0.41593774349069035 0
    outer loop
      vertex 35.6361769545052 116.41752384337788 100
      vertex 35.08539492416712 117.62173620628126 105
      vertex 35.6361769545052 116.41752384337788 105
    endloop
  endfacet
  facet normal 0.9267711307284727 0.3756265049863605 0
    outer loop
      vertex 34.60488579999556 118.80728083218564 105
      vertex 35.08539492416712 117.62173620628126 105
      vertex 35.08539492416712 117.62173620628126 100
    endloop
  endfacet
  facet normal 0.9434601396511307 0.3314859950125629 0
    outer loop
      vertex 34.60488579999556 118.80728083218564 100
      vertex 34.196545931979884 119.96947891807639 105
      vertex 34.60488579999556 118.80728083218564 105
    endloop
  endfacet
  facet normal 0.9591473498574699 0.28290698340866816 0
    outer loop
      vertex 34.196545931979884 119.96947891807639 100
      vertex 33.86198685102644 121.10374379906631 105
      vertex 34.196545931979884 119.96947891807639 105
    endloop
  endfacet
  facet normal 0.9733781802667124 0.22920496979922492 0
    outer loop
      vertex 33.60252890898221 122.20559904986642 105
      vertex 33.86198685102644 121.10374379906631 105
      vertex 33.86198685102644 121.10374379906631 100
    endloop
  endfacet
  facet normal 0.9855072662740871 0.16963321644352383 0
    outer loop
      vertex 33.4191960678094 123.27069615119166 105
      vertex 33.60252890898221 122.20559904986642 105
      vertex 33.60252890898221 122.20559904986642 100
    endloop
  endfacet
  facet normal 0.994638063974993 0.10341722144825663 0
    outer loop
      vertex 33.4191960678094 123.27069615119166 100
      vertex 33.31271185847532 124.29483165137964 105
      vertex 33.4191960678094 123.27069615119166 105
    endloop
  endfacet
  facet normal 0.9995551442268569 0.029824715415701832 0
    outer loop
      vertex 33.283703544693 125.26702564761136 105
      vertex 33.31271185847532 124.29483165137964 105
      vertex 33.31271185847532 124.29483165137964 100
    endloop
  endfacet
  facet normal 0.9995551442268449 0.02982471541610045 -7.757630222825698e-14
    outer loop
      vertex 33.283703544693 125.26702564761136 105
      vertex 33.31271185847532 124.29483165137964 100
      vertex 33.28349652550619 125.27396375549411 104.99390907985361
    endloop
  endfacet
  facet normal -0.02221624125701736 -0.7069322593517746 0.7069322593517748
    outer loop
      vertex 0 118.20000000298023 103.5
      vertex 3.6544082367931914 118.08515559749975 103.5
      vertex 3.748594016087162 119.58219569014216 105
    endloop
  endfacet
  facet normal -0.06656104641644214 -0.7041423206907385 0.706932259351778
    outer loop
      vertex 3.6544082367931914 118.08515559749975 103.5
      vertex 7.294394193816019 117.74107561945934 103.5
      vertex 7.482394044162475 119.22924767143107 105
    endloop
  endfacet
  facet normal -0.11064316553451013 -0.6985734539819722 0.7069322593517716
    outer loop
      vertex 7.294394193816019 117.74107561945934 103.5
      vertex 10.905592509447624 117.16911799533713 103.5
      vertex 11.186664481326211 118.64254887143015 105
    endloop
  endfacet
  facet normal -0.15428862662627207 -0.6902476369981839 0.7069322593517727
    outer loop
      vertex 10.905592509447624 117.16911799533713 103.5
      vertex 14.473751433735682 116.37153998057295 103.5
      vertex 14.846786264482963 117.82441472226589 105
    endloop
  endfacet
  facet normal -0.19732518099650692 -0.6791977279353157 0.7069322593517717
    outer loop
      vertex 17.98478907354288 115.35148925121231 103.5
      vertex 18.448314565105303 116.77807402565503 105
      vertex 14.473751433735682 116.37153998057295 103.5
    endloop
  endfacet
  facet normal -0.022216241257017273 -0.7069322593517748 0.7069322593517748
    outer loop
      vertex 0 118.20000000298023 103.5
      vertex 3.748594016087162 119.58219569014216 105
      vertex 0 119.70000000298023 105
    endloop
  endfacet
  facet normal -0.06656104641643994 -0.7041423206907417 0.706932259351775
    outer loop
      vertex 3.6544082367931914 118.08515559749975 103.5
      vertex 7.482394044162475 119.22924767143107 105
      vertex 3.748594016087162 119.58219569014216 105
    endloop
  endfacet
  facet normal -0.11064316553451428 -0.698573453981965 0.706932259351778
    outer loop
      vertex 7.294394193816019 117.74107561945934 103.5
      vertex 11.186664481326211 118.64254887143015 105
      vertex 7.482394044162475 119.22924767143107 105
    endloop
  endfacet
  facet normal 0 0 1
    outer loop
      vertex 0 119.70000000298023 105
      vertex 1.569762988232832 122.82367925886074 105
      vertex 0 122.8 105
    endloop
  endfacet
  facet normal 0 0 1
    outer loop
      vertex 0 119.70000000298023 105
      vertex 3.748594016087162 119.58219569014216 105
      vertex 1.569762988232832 122.82367925886074 105
    endloop
  endfacet
  facet normal 0 0 1
    outer loop
      vertex 3.748594016087162 119.58219569014216 105
      vertex 3.1333308391076016 122.89462358422627 105
      vertex 1.569762988232832 122.82367925886074 105
    endloop
  endfacet
  facet normal 0 0 1
    outer loop
      vertex 3.748594016087162 119.58219569014216 105
      vertex 4.684532864643121 123.01255299125573 105
      vertex 3.1333308391076016 122.89462358422627 105
    endloop
  endfacet
  facet normal 0 0 1
    outer loop
      vertex 3.748594016087162 119.58219569014216 105
      vertex 7.482394044162475 119.22924767143107 105
      vertex 4.684532864643121 123.01255299125573 105
    endloop
  endfacet
  facet normal 0 0 1
    outer loop
      vertex 7.482394044162475 119.22924767143107 105
      vertex 6.2172471791213715 123.17700206645642 105
      vertex 4.684532864643121 123.01255299125573 105
    endloop
  endfacet
  facet normal 0 0 1
    outer loop
      vertex 7.482394044162475 119.22924767143107 105
      vertex 7.7254248593736845 123.38732180445815 105
      vertex 6.2172471791213715 123.17700206645642 105
    endloop
  endfacet
  facet normal 0 0 1
    outer loop
      vertex 7.482394044162475 119.22924767143107 105
      vertex 9.203113817116947 123.64268216934099 105
      vertex 7.7254248593736845 123.38732180445815 105
    endloop
  endfacet
  facet normal -0.15428862662627146 -0.6902476369981853 0.7069322593517717
    outer loop
      vertex 10.905592509447624 117.16911799533713 103.5
      vertex 14.846786264482963 117.82441472226589 105
      vertex 11.186664481326211 118.64254887143015 105
    endloop
  endfacet
  facet normal -0.19732518099650745 -0.6791977279353145 0.7069322593517727
    outer loop
      vertex 14.473751433735682 116.37153998057295 103.5
      vertex 18.448314565105303 116.77807402565503 105
      vertex 14.846786264482963 117.82441472226589 105
    endloop
  endfacet
  facet normal 0 0 1
    outer loop
      vertex 7.482394044162475 119.22924767143107 105
      vertex 11.186664481326211 118.64254887143015 105
      vertex 9.203113817116947 123.64268216934099 105
    endloop
  endfacet
  facet normal 0 0 1
    outer loop
      vertex 11.186664481326211 118.64254887143015 105
      vertex 14.846786264482963 117.82441472226589 105
      vertex 14.694631307311829 125.09179606750062 105
    endloop
  endfacet
  facet normal 0 0 1
    outer loop
      vertex 11.186664481326211 118.64254887143015 105
      vertex 10.644482289126811 123.94207537040776 105
      vertex 9.203113817116947 123.64268216934099 105
    endloop
  endfacet
  facet normal 0 0 1
    outer loop
      vertex 11.186664481326211 118.64254887143015 105
      vertex 12.043841852542885 124.28431983947364 105
      vertex 10.644482289126811 123.94207537040776 105
    endloop
  endfacet
  facet normal 0 0 1
    outer loop
      vertex 11.186664481326211 118.64254887143015 105
      vertex 13.395669874474919 124.66806489397581 105
      vertex 12.043841852542885 124.28431983947364 105
    endloop
  endfacet
  facet normal 0 0 1
    outer loop
      vertex 11.186664481326211 118.64254887143015 105
      vertex 14.694631307311829 125.09179606750062 105
      vertex 13.395669874474919 124.66806489397581 105
    endloop
  endfacet
  facet normal 0 0 1
    outer loop
      vertex 14.846786264482963 117.82441472226589 105
      vertex 15.93559974371724 125.55384108669053 105
      vertex 14.694631307311829 125.09179606750062 105
    endloop
  endfacet
  facet normal 0 0 1
    outer loop
      vertex 14.846786264482963 117.82441472226589 105
      vertex 17.113677648217212 126.05237647094306 105
      vertex 15.93559974371724 125.55384108669053 105
    endloop
  endfacet
  facet normal 0 0 1
    outer loop
      vertex 14.846786264482963 117.82441472226589 105
      vertex 18.22421568553529 126.58543472885573 105
      vertex 17.113677648217212 126.05237647094306 105
    endloop
  endfacet
  facet normal 0 0 1
    outer loop
      vertex 14.846786264482963 117.82441472226589 105
      vertex 19.262831069394736 127.15091212301573 105
      vertex 18.22421568553529 126.58543472885573 105
    endloop
  endfacet
  facet normal -0.3210989726647563 -0.6301922170587617 0.7069322593517717
    outer loop
      vertex 28.038063834155572 111.00104878116446 103.5
      vertex 28.760694345308146 112.31550880123024 105
      vertex 24.780354770356137 112.66093445621894 103.5
    endloop
  endfacet
  facet normal -0.36003545390273306 -0.6087867053581624 0.7069322593517761
    outer loop
      vertex 28.038063834155572 111.00104878116446 103.5
      vertex 31.185119469374467 109.13988526673359 103.5
      vertex 31.988859661842962 110.40637715498661 105
    endloop
  endfacet
  facet normal -0.3975510396887107 -0.5849785906597097 0.7069322593517747
    outer loop
      vertex 31.185119469374467 109.13988526673359 103.5
      vertex 34.20910168517367 107.084789075033 103.5
      vertex 35.09077956361238 108.29831456659542 105
    endloop
  endfacet
  facet normal -0.3210989726647566 -0.63019221705876 0.7069322593517731
    outer loop
      vertex 24.780354770356137 112.66093445621894 103.5
      vertex 28.760694345308146 112.31550880123024 105
      vertex 25.419023707703747 114.01817503491796 105
    endloop
  endfacet
  facet normal -0.3600354539027322 -0.6087867053581678 0.7069322593517718
    outer loop
      vertex 28.038063834155572 111.00104878116446 103.5
      vertex 31.988859661842962 110.40637715498661 105
      vertex 28.760694345308146 112.31550880123024 105
    endloop
  endfacet
  facet normal -0.39755103968871086 -0.5849785906597079 0.7069322593517761
    outer loop
      vertex 31.185119469374467 109.13988526673359 103.5
      vertex 35.09077956361238 108.29831456659542 105
      vertex 31.988859661842962 110.40637715498661 105
    endloop
  endfacet
  facet normal 0 0 1
    outer loop
      vertex 31.988859661842962 110.40637715498661 105
      vertex 35.6361769545052 116.41752384337788 105
      vertex 28.760694345308146 112.31550880123024 105
    endloop
  endfacet
  facet normal 0 0 1
    outer loop
      vertex 31.988859661842962 110.40637715498661 105
      vertex 35.09077956361238 108.29831456659542 105
      vertex 37.68708948869498 112.74066070641832 105
    endloop
  endfacet
  facet normal 0 0 1
    outer loop
      vertex 31.988859661842962 110.40637715498661 105
      vertex 36.9395962369853 113.97216072792816 105
      vertex 36.25505820596445 115.19939621951957 105
    endloop
  endfacet
  facet normal -0.2395829830266483 -0.6654673357362039 0.7069322593517792
    outer loop
      vertex 17.98478907354288 115.35148925121231 103.5
      vertex 21.424848967345376 114.11299148146716 103.5
      vertex 21.977035796372395 115.50765621029956 105
    endloop
  endfacet
  facet normal -0.28089526047783364 -0.6491106479860638 0.706932259351773
    outer loop
      vertex 21.424848967345376 114.11299148146716 103.5
      vertex 24.780354770356137 112.66093445621894 103.5
      vertex 25.419023707703747 114.01817503491796 105
    endloop
  endfacet
  facet normal 0.23958298302664865 0.66546733573621 0.7069322593517735
    outer loop
      vertex 27.535716539716844 129.54728114167023 103.5
      vertex 23.244412147206287 130.38250536778386 104.16811078528507
      vertex 22.65693058727647 129.73086227138324 104.98063245509887
    endloop
  endfacet
  facet normal 0.28089526047783364 0.6491106479860638 0.706932259351773
    outer loop
      vertex 27.535716539716844 129.54728114167023 103.5
      vertex 26.983529710689826 128.15261641283786 105
      vertex 31.848291007798498 127.68106352176167 103.5
    endloop
  endfacet
  facet normal 0.3210989726647537 0.6301922170587582 0.7069322593517761
    outer loop
      vertex 31.848291007798498 127.68106352176167 103.5
      vertex 31.209622070450887 126.32382294306264 105
      vertex 33.427660310332236 126.87633466797047 103.5
    endloop
  endfacet
  facet normal 0.3210989726647568 0.6301922170587533 0.7069322593517788
    outer loop
      vertex 31.209622070450887 126.32382294306264 105
      vertex 33.331665368474034 126.20422827644308 104.14274912932157
      vertex 33.427660310332236 126.87633466797047 103.5
    endloop
  endfacet
  facet normal -0.2395829830266452 -0.665467335736213 0.7069322593517717
    outer loop
      vertex 17.98478907354288 115.35148925121231 103.5
      vertex 21.977035796372395 115.50765621029956 105
      vertex 18.448314565105303 116.77807402565503 105
    endloop
  endfacet
  facet normal -0.28089526047783575 -0.6491106479860562 0.706932259351779
    outer loop
      vertex 21.424848967345376 114.11299148146716 103.5
      vertex 25.419023707703747 114.01817503491796 105
      vertex 21.977035796372395 115.50765621029956 105
    endloop
  endfacet
  facet normal 0 0 1
    outer loop
      vertex 14.846786264482963 117.82441472226589 105
      vertex 18.448314565105303 116.77807402565503 105
      vertex 22.6509456867627 129.71244264160038 105
    endloop
  endfacet
  facet normal 0 0 1
    outer loop
      vertex 18.448314565105303 116.77807402565503 105
      vertex 21.977035796372395 115.50765621029956 105
      vertex 26.983529710689826 128.15261641283786 105
    endloop
  endfacet
  facet normal 0 0 1
    outer loop
      vertex 21.977035796372395 115.50765621029956 105
      vertex 25.419023707703747 114.01817503491796 105
      vertex 31.209622070450887 126.32382294306264 105
    endloop
  endfacet
  facet normal 0.23958298302669934 0.6654673357359848 0.7069322593519681
    outer loop
      vertex 27.535716539716844 129.54728114167023 103.5
      vertex 22.65693058727647 129.73086227138324 104.98063245509887
      vertex 22.6509456867627 129.71244264160038 105
    endloop
  endfacet
  facet normal 0.23958298302664696 0.6654673357362112 0.7069322593517727
    outer loop
      vertex 27.535716539716844 129.54728114167023 103.5
      vertex 22.6509456867627 129.71244264160038 105
      vertex 26.983529710689826 128.15261641283786 105
    endloop
  endfacet
  facet normal 0 0 1
    outer loop
      vertex 14.846786264482963 117.82441472226589 105
      vertex 20.225424859373685 127.74657697249032 105
      vertex 19.262831069394736 127.15091212301573 105
    endloop
  endfacet
  facet normal 0 0 1
    outer loop
      vertex 14.846786264482963 117.82441472226589 105
      vertex 21.108198137550374 128.37007846025205 105
      vertex 20.225424859373685 127.74657697249032 105
    endloop
  endfacet
  facet normal 0 0 1
    outer loop
      vertex 14.846786264482963 117.82441472226589 105
      vertex 21.907667001096588 129.01895591077943 105
      vertex 21.108198137550374 128.37007846025205 105
    endloop
  endfacet
  facet normal 0 0 1
    outer loop
      vertex 14.846786264482963 117.82441472226589 105
      vertex 22.620676311650488 129.69064850121913 105
      vertex 21.907667001096588 129.01895591077943 105
    endloop
  endfacet
  facet normal 0 0 1
    outer loop
      vertex 14.846786264482963 117.82441472226589 105
      vertex 22.6509456867627 129.71244264160038 105
      vertex 22.620676311650488 129.69064850121913 105
    endloop
  endfacet
  facet normal 0 0 1
    outer loop
      vertex 18.448314565105303 116.77807402565503 105
      vertex 26.983529710689826 128.15261641283786 105
      vertex 22.6509456867627 129.71244264160038 105
    endloop
  endfacet
  facet normal 0.19732518099671642 0.6791977279350403 0.7069322593519779
    outer loop
      vertex 22.6509456867627 129.71244264160038 105
      vertex 22.65693058727647 129.73086227138324 104.98063245509887
      vertex 22.642529067135403 129.714887895645 105
    endloop
  endfacet
  facet normal 0 0 1
    outer loop
      vertex 22.6509456867627 129.71244264160038 105
      vertex 22.642529067135403 129.714887895645 105
      vertex 22.620676311650488 129.69064850121913 105
    endloop
  endfacet
  facet normal 0 0 1
    outer loop
      vertex 25.419023707703747 114.01817503491796 105
      vertex 28.760694345308146 112.31550880123024 105
      vertex 33.60252890898221 122.20559904986642 105
    endloop
  endfacet
  facet normal 0 0 1
    outer loop
      vertex 25.419023707703747 114.01817503491796 105
      vertex 33.60252890898221 122.20559904986642 105
      vertex 33.4191960678094 123.27069615119166 105
    endloop
  endfacet
  facet normal 0 0 1
    outer loop
      vertex 25.419023707703747 114.01817503491796 105
      vertex 33.4191960678094 123.27069615119166 105
      vertex 33.31271185847532 124.29483165137964 105
    endloop
  endfacet
  facet normal 0 0 1
    outer loop
      vertex 25.419023707703747 114.01817503491796 105
      vertex 33.283703544693 125.26702564761136 105
      vertex 31.209622070450887 126.32382294306264 105
    endloop
  endfacet
  facet normal 0 0 1
    outer loop
      vertex 25.419023707703747 114.01817503491796 105
      vertex 33.31271185847532 124.29483165137964 105
      vertex 33.283703544693 125.26702564761136 105
    endloop
  endfacet
  facet normal 0 0 1
    outer loop
      vertex 28.760694345308146 112.31550880123024 105
      vertex 35.6361769545052 116.41752384337788 105
      vertex 35.08539492416712 117.62173620628126 105
    endloop
  endfacet
  facet normal 0 0 1
    outer loop
      vertex 28.760694345308146 112.31550880123024 105
      vertex 35.08539492416712 117.62173620628126 105
      vertex 34.60488579999556 118.80728083218564 105
    endloop
  endfacet
  facet normal 0 0 1
    outer loop
      vertex 28.760694345308146 112.31550880123024 105
      vertex 34.60488579999556 118.80728083218564 105
      vertex 34.196545931979884 119.96947891807639 105
    endloop
  endfacet
  facet normal 0 0 1
    outer loop
      vertex 31.988859661842962 110.40637715498661 105
      vertex 36.25505820596445 115.19939621951957 105
      vertex 35.6361769545052 116.41752384337788 105
    endloop
  endfacet
  facet normal 0 0 1
    outer loop
      vertex 28.760694345308146 112.31550880123024 105
      vertex 33.86198685102644 121.10374379906631 105
      vertex 33.60252890898221 122.20559904986642 105
    endloop
  endfacet
  facet normal 0 0 1
    outer loop
      vertex 28.760694345308146 112.31550880123024 105
      vertex 34.196545931979884 119.96947891807639 105
      vertex 33.86198685102644 121.10374379906631 105
    endloop
  endfacet
  facet normal 0.2808952604778343 0.6491106479860601 0.7069322593517762
    outer loop
      vertex 31.848291007798498 127.68106352176167 103.5
      vertex 26.983529710689826 128.15261641283786 105
      vertex 31.209622070450887 126.32382294306264 105
    endloop
  endfacet
  facet normal 0 0 1
    outer loop
      vertex 21.977035796372395 115.50765621029956 105
      vertex 31.209622070450887 126.32382294306264 105
      vertex 26.983529710689826 128.15261641283786 105
    endloop
  endfacet
  facet normal 0.32109897266475573 0.6301922170587574 0.7069322593517757
    outer loop
      vertex 31.209622070450887 126.32382294306264 105
      vertex 33.28349652550619 125.27396375549411 104.99390907985361
      vertex 33.331665368474034 126.20422827644308 104.14274912932157
    endloop
  endfacet
  facet normal 0.3210989726649652 0.6301922170591737 0.7069322593513098
    outer loop
      vertex 31.209622070450887 126.32382294306264 105
      vertex 33.283703544693 125.26702564761136 105
      vertex 33.28349652550619 125.27396375549411 104.99390907985361
    endloop
  endfacet
  facet normal -0.9177546256839808 -0.3971478906347814 0
    outer loop
      vertex 52.66093445621893 84.78035477035614 101.5
      vertex 54.11299148146717 81.42484896734538 103.5
      vertex 52.66093445621893 84.78035477035614 103.5
    endloop
  endfacet
  facet normal -0.8270805742745613 -0.5620833778521314 0
    outer loop
      vertex 47.084789075033 94.20910168517366 101.5
      vertex 49.139885266733586 91.18511946937447 103.5
      vertex 47.084789075033 94.20910168517366 103.5
    endloop
  endfacet
  facet normal -0.8607420270039451 -0.5090414157503689 0
    outer loop
      vertex 49.139885266733586 91.18511946937447 101.5
      vertex 51.00104878116445 88.03806383415557 103.5
      vertex 49.139885266733586 91.18511946937447 103.5
    endloop
  endfacet
  facet normal -0.8910065241883672 -0.4539904997395481 0
    outer loop
      vertex 51.00104878116445 88.03806383415557 101.5
      vertex 52.66093445621893 84.78035477035614 103.5
      vertex 51.00104878116445 88.03806383415557 103.5
    endloop
  endfacet
  facet normal -0.9995065603657316 -0.03141075907812804 0
    outer loop
      vertex 58.08515559749976 63.65440823679319 101.5
      vertex 58.20000000298023 60 103.5
      vertex 58.08515559749976 63.65440823679319 103.5
    endloop
  endfacet
  facet normal -0.99556196460308 -0.09410831331851446 0
    outer loop
      vertex 57.741075619459345 67.29439419381602 101.5
      vertex 58.08515559749976 63.65440823679319 103.5
      vertex 57.741075619459345 67.29439419381602 103.5
    endloop
  endfacet
  facet normal -0.9876883405951378 -0.15643446504023062 0
    outer loop
      vertex 57.169117995337125 70.90559250944763 101.5
      vertex 57.741075619459345 67.29439419381602 103.5
      vertex 57.169117995337125 70.90559250944763 103.5
    endloop
  endfacet
  facet normal -0.9759167619387474 -0.2181432413965426 0
    outer loop
      vertex 56.37153998057294 74.47375143373569 101.5
      vertex 57.169117995337125 70.90559250944763 103.5
      vertex 56.37153998057294 74.47375143373569 103.5
    endloop
  endfacet
  facet normal -0.9602936856769431 -0.2789911060392296 0
    outer loop
      vertex 55.35148925121231 77.98478907354288 101.5
      vertex 56.37153998057294 74.47375143373569 103.5
      vertex 55.35148925121231 77.98478907354288 103.5
    endloop
  endfacet
  facet normal 0.9998862467179145 -0.015082891777171965 0
    outer loop
      vertex 62.8 60 100
      vertex 62.823679258860736 61.56976298823283 105
      vertex 62.8 60 105
    endloop
  endfacet
  facet normal 0.9989722158326831 -0.04532672494609606 0
    outer loop
      vertex 62.89462358422627 63.1333308391076 105
      vertex 62.823679258860736 61.56976298823283 105
      vertex 62.823679258860736 61.56976298823283 100
    endloop
  endfacet
  facet normal 0.9971226022610113 -0.0758057785411429 0
    outer loop
      vertex 63.01255299125573 64.68453286464312 105
      vertex 62.89462358422627 63.1333308391076 105
      vertex 62.89462358422627 63.1333308391076 100
    endloop
  endfacet
  facet normal 0.9942933599606286 -0.10668043090559584 0
    outer loop
      vertex 63.01255299125573 64.68453286464312 100
      vertex 63.177002066456424 66.21724717912137 105
      vertex 63.01255299125573 64.68453286464312 105
    endloop
  endfacet
  facet normal 0.9904160069218783 -0.13811637568703392 0
    outer loop
      vertex 63.38732180445815 67.72542485937369 105
      vertex 63.177002066456424 66.21724717912137 105
      vertex 63.177002066456424 66.21724717912137 100
    endloop
  endfacet
  facet normal 0.9853945674788774 -0.1702866594396524 0
    outer loop
      vertex 63.64268216934098 69.20311381711694 105
      vertex 63.38732180445815 67.72542485937369 105
      vertex 63.38732180445815 67.72542485937369 100
    endloop
  endfacet
  facet normal 0.9791012165649957 -0.20337356691798797 0
    outer loop
      vertex 63.942075370407764 70.64448228912681 105
      vertex 63.64268216934098 69.20311381711694 105
      vertex 63.64268216934098 69.20311381711694 100
    endloop
  endfacet
  facet normal 0.9713703712600336 -0.23757020402008452 0
    outer loop
      vertex 63.942075370407764 70.64448228912681 100
      vertex 64.28431983947364 72.04384185254288 105
      vertex 63.942075370407764 70.64448228912681 105
    endloop
  endfacet
  facet normal 0.9619908961602127 -0.2730815184242074 0
    outer loop
      vertex 64.66806489397581 73.39566987447492 105
      vertex 64.28431983947364 72.04384185254288 105
      vertex 64.28431983947364 72.04384185254288 100
    endloop
  endfacet
  facet normal 0.9506960101741422 -0.3101243238428218 0
    outer loop
      vertex 65.09179606750062 74.69463130731182 105
      vertex 64.66806489397581 73.39566987447492 105
      vertex 64.66806489397581 73.39566987447492 100
    endloop
  endfacet
  facet normal 0.9371504202212259 -0.34892562227383045 0
    outer loop
      vertex 65.09179606750062 74.69463130731182 100
      vertex 65.55384108669053 75.93559974371723 105
      vertex 65.09179606750062 74.69463130731182 105
    endloop
  endfacet
  facet normal 0.9209342000152875 -0.3897181022767641 0
    outer loop
      vertex 66.05237647094306 77.11367764821722 105
      vertex 65.55384108669053 75.93559974371723 105
      vertex 65.55384108669053 75.93559974371723 100
    endloop
  endfacet
  facet normal 0.9015230574682735 -0.43273106758477126 0
    outer loop
      vertex 66.05237647094306 77.11367764821722 100
      vertex 66.58543472885573 78.22421568553528 105
      vertex 66.05237647094306 77.11367764821722 105
    endloop
  endfacet
  facet normal -0.9408807689542252 -0.3387379202452919 0
    outer loop
      vertex 54.11299148146717 81.42484896734538 101.5
      vertex 55.35148925121231 77.98478907354288 103.5
      vertex 54.11299148146717 81.42484896734538 103.5
    endloop
  endfacet
  facet normal 0.6000236291835954 -0.7999822775670391 0
    outer loop
      vertex 70.38250536778386 83.24441214720629 104.16811078528508
      vertex 70.38250536778386 83.24441214720629 100.83188921471493
      vertex 70.94134147043852 83.66356501575913 103.5
    endloop
  endfacet
  facet normal 0.940880768954225 0.3387379202452926 0
    outer loop
      vertex 69.54728114167024 87.53571653971684 103.5
      vertex 70.94134147043852 83.66356501575913 103.5
      vertex 70.94134147043852 83.66356501575913 101.5
    endloop
  endfacet
  facet normal 0.6695959456585208 -0.7427255681324504 0
    outer loop
      vertex 69.73086227138324 82.65693058727646 104.98063245509887
      vertex 69.73086227138324 82.65693058727646 100.01936754490113
      vertex 70.38250536778386 83.24441214720629 104.16811078528508
    endloop
  endfacet
  facet normal 0.9177546256839811 0.3971478906347805 0
    outer loop
      vertex 69.54728114167024 87.53571653971684 101.5
      vertex 67.68106352176167 91.8482910077985 103.5
      vertex 69.54728114167024 87.53571653971684 103.5
    endloop
  endfacet
  facet normal 0.8910065241883696 0.45399049973954364 0
    outer loop
      vertex 67.68106352176167 91.8482910077985 101.5
      vertex 66.87633466797047 93.42766031033224 103.5
      vertex 67.68106352176167 91.8482910077985 103.5
    endloop
  endfacet
  facet normal -0.14139211622881345 0.9899536703645972 0
    outer loop
      vertex 66.87633466797047 93.42766031033224 103.5
      vertex 66.87633466797047 93.42766031033224 101.5
      vertex 66.20422827644308 93.33166536847403 104.14274912932157
    endloop
  endfacet
  facet normal 0.41593774349069035 0.9093930907698127 0
    outer loop
      vertex 57.621736206281255 95.08539492416712 100
      vertex 56.41752384337788 95.6361769545052 105
      vertex 57.621736206281255 95.08539492416712 105
    endloop
  endfacet
  facet normal 0.3756265049863605 0.9267711307284727 0
    outer loop
      vertex 58.80728083218564 94.60488579999556 100
      vertex 57.621736206281255 95.08539492416712 105
      vertex 58.80728083218564 94.60488579999556 105
    endloop
  endfacet
  facet normal 0.3314859950125629 0.9434601396511307 0
    outer loop
      vertex 59.96947891807639 94.19654593197988 100
      vertex 58.80728083218564 94.60488579999556 105
      vertex 59.96947891807639 94.19654593197988 105
    endloop
  endfacet
  facet normal 0.2829069834086642 0.959147349857471 0
    outer loop
      vertex 61.1037437990663 93.86198685102644 100
      vertex 59.96947891807639 94.19654593197988 105
      vertex 61.1037437990663 93.86198685102644 105
    endloop
  endfacet
  facet normal 0.22920496979922947 0.9733781802667113 0
    outer loop
      vertex 62.20559904986642 93.60252890898221 100
      vertex 61.1037437990663 93.86198685102644 105
      vertex 62.20559904986642 93.60252890898221 105
    endloop
  endfacet
  facet normal 0.8782650416546245 -0.4781741488280193 0
    outer loop
      vertex 67.15091212301573 79.26283106939474 105
      vertex 66.58543472885573 78.22421568553528 105
      vertex 66.58543472885573 78.22421568553528 100
    endloop
  endfacet
  facet normal 0.8503547003523044 -0.5262099234989231 0
    outer loop
      vertex 67.15091212301573 79.26283106939474 100
      vertex 67.74657697249032 80.22542485937369 105
      vertex 67.15091212301573 79.26283106939474 105
    endloop
  endfacet
  facet normal 0.8168076685527244 -0.576910073229323 0
    outer loop
      vertex 67.74657697249032 80.22542485937369 100
      vertex 68.37007846025203 81.10819813755037 105
      vertex 67.74657697249032 80.22542485937369 105
    endloop
  endfacet
  facet normal 0.7764423384405122 -0.6301883012854403 0
    outer loop
      vertex 68.37007846025203 81.10819813755037 100
      vertex 69.01895591077941 81.9076670010966 105
      vertex 68.37007846025203 81.10819813755037 105
    endloop
  endfacet
  facet normal 0.7278814791701007 -0.6857029621353158 0
    outer loop
      vertex 69.01895591077941 81.9076670010966 100
      vertex 69.69064850121913 82.62067631165048 105
      vertex 69.01895591077941 81.9076670010966 105
    endloop
  endfacet
  facet normal 0.669595945658578 -0.7427255681323989 0
    outer loop
      vertex 69.73086227138324 82.65693058727646 104.98063245509887
      vertex 69.71488789564502 82.6425290671354 105
      vertex 69.73086227138324 82.65693058727646 100.01936754490113
    endloop
  endfacet
  facet normal 0.6695959456584876 -0.7427255681324804 -5.256039319553635e-16
    outer loop
      vertex 69.69064850121913 82.62067631165048 105
      vertex 69.73086227138324 82.65693058727646 100.01936754490113
      vertex 69.71488789564502 82.6425290671354 105
    endloop
  endfacet
  facet normal 0.16963321644353133 0.9855072662740859 0
    outer loop
      vertex 63.27069615119165 93.4191960678094 100
      vertex 62.20559904986642 93.60252890898221 105
      vertex 63.27069615119165 93.4191960678094 105
    endloop
  endfacet
  facet normal 0.10341722144824368 0.9946380639749943 0
    outer loop
      vertex 64.29483165137962 93.31271185847532 100
      vertex 63.27069615119165 93.4191960678094 105
      vertex 64.29483165137962 93.31271185847532 105
    endloop
  endfacet
  facet normal 0.02982471541570869 0.9995551442268564 0
    outer loop
      vertex 65.26702564761136 93.283703544693 105
      vertex 65.26702564761136 93.283703544693 100
      vertex 64.29483165137962 93.31271185847532 105
    endloop
  endfacet
  facet normal 0.029824715415145742 0.9995551442268733 0
    outer loop
      vertex 65.27396375549411 93.2834965255062 104.99390907985362
      vertex 65.26702564761136 93.283703544693 100
      vertex 65.26702564761136 93.283703544693 105
    endloop
  endfacet
  facet normal -0.05171045195693565 0.9986621196172455 0
    outer loop
      vertex 66.20422827644308 93.33166536847403 100.85725087067843
      vertex 65.27396375549411 93.2834965255062 104.99390907985362
      vertex 66.20422827644308 93.33166536847403 104.14274912932157
    endloop
  endfacet
  facet normal 0.6301922170587538 0.32109897266474935 0.7069322593517819
    outer loop
      vertex 67.68106352176167 91.8482910077985 103.5
      vertex 66.87633466797047 93.42766031033224 103.5
      vertex 66.20422827644308 93.33166536847403 104.14274912932157
    endloop
  endfacet
  facet normal -0.6301922170587582 -0.3210989726647555 0.7069322593517753
    outer loop
      vertex 51.00104878116445 88.03806383415557 103.5
      vertex 52.66093445621893 84.78035477035614 103.5
      vertex 54.01817503491797 85.41902370770374 105
    endloop
  endfacet
  facet normal -0.5588618327152172 -0.43349767314482873 0.7069322593517768
    outer loop
      vertex 44.84387073184723 97.09807620527343 103.5
      vertex 47.084789075033 94.20910168517366 103.5
      vertex 48.29831456659542 95.09077956361239 105
    endloop
  endfacet
  facet normal -0.6087867053581647 -0.36003545390273184 0.7069322593517747
    outer loop
      vertex 51.00104878116445 88.03806383415557 103.5
      vertex 52.315508801230244 88.76069434530814 105
      vertex 49.139885266733586 91.18511946937447 103.5
    endloop
  endfacet
  facet normal -0.5849785906597091 -0.3975510396887117 0.7069322593517747
    outer loop
      vertex 49.139885266733586 91.18511946937447 103.5
      vertex 50.40637715498661 91.98885966184297 105
      vertex 47.084789075033 94.20910168517366 103.5
    endloop
  endfacet
  facet normal -0.5849785906597084 -0.39755103968870936 0.7069322593517766
    outer loop
      vertex 47.084789075033 94.20910168517366 103.5
      vertex 50.40637715498661 91.98885966184297 105
      vertex 48.29831456659542 95.09077956361239 105
    endloop
  endfacet
  facet normal -0.6087867053581648 -0.36003545390273195 0.7069322593517746
    outer loop
      vertex 49.139885266733586 91.18511946937447 103.5
      vertex 52.315508801230244 88.76069434530814 105
      vertex 50.40637715498661 91.98885966184297 105
    endloop
  endfacet
  facet normal -0.6301922170587584 -0.3210989726647561 0.7069322593517747
    outer loop
      vertex 51.00104878116445 88.03806383415557 103.5
      vertex 54.01817503491797 85.41902370770374 105
      vertex 52.315508801230244 88.76069434530814 105
    endloop
  endfacet
  facet normal 0 0 1
    outer loop
      vertex 50.40637715498661 91.98885966184297 105
      vertex 53.97216072792815 96.9395962369853 105
      vertex 48.29831456659542 95.09077956361239 105
    endloop
  endfacet
  facet normal 0 0 1
    outer loop
      vertex 50.40637715498661 91.98885966184297 105
      vertex 55.19939621951958 96.25505820596445 105
      vertex 53.97216072792815 96.9395962369853 105
    endloop
  endfacet
  facet normal -0.7069322593517748 -0.022216241257016014 0.7069322593517748
    outer loop
      vertex 58.20000000298023 60 103.5
      vertex 59.70000000298023 60 105
      vertex 58.08515559749976 63.65440823679319 103.5
    endloop
  endfacet
  facet normal -0.7041423206907415 -0.0665610464164424 0.706932259351775
    outer loop
      vertex 58.08515559749976 63.65440823679319 103.5
      vertex 59.582195690142164 63.74859401608716 105
      vertex 57.741075619459345 67.29439419381602 103.5
    endloop
  endfacet
  facet normal -0.6985734539819686 -0.1106431655345121 0.7069322593517747
    outer loop
      vertex 57.741075619459345 67.29439419381602 103.5
      vertex 59.22924767143106 67.48239404416248 105
      vertex 57.169117995337125 70.90559250944763 103.5
    endloop
  endfacet
  facet normal -0.690247636998184 -0.15428862662627219 0.7069322593517726
    outer loop
      vertex 57.169117995337125 70.90559250944763 103.5
      vertex 58.64254887143015 71.1866644813262 105
      vertex 56.37153998057294 74.47375143373569 103.5
    endloop
  endfacet
  facet normal -0.6791977279353139 -0.19732518099650634 0.7069322593517737
    outer loop
      vertex 55.35148925121231 77.98478907354288 103.5
      vertex 56.37153998057294 74.47375143373569 103.5
      vertex 57.824414722265885 74.84678626448296 105
    endloop
  endfacet
  facet normal -0.7069322593517747 -0.022216241257015934 0.706932259351775
    outer loop
      vertex 58.08515559749976 63.65440823679319 103.5
      vertex 59.70000000298023 60 105
      vertex 59.582195690142164 63.74859401608716 105
    endloop
  endfacet
  facet normal -0.7041423206907416 -0.06656104641644257 0.7069322593517747
    outer loop
      vertex 57.741075619459345 67.29439419381602 103.5
      vertex 59.582195690142164 63.74859401608716 105
      vertex 59.22924767143106 67.48239404416248 105
    endloop
  endfacet
  facet normal 0 0 1
    outer loop
      vertex 59.70000000298023 60 105
      vertex 62.823679258860736 61.56976298823283 105
      vertex 59.582195690142164 63.74859401608716 105
    endloop
  endfacet
  facet normal 0 0 1
    outer loop
      vertex 59.70000000298023 60 105
      vertex 62.8 60 105
      vertex 62.823679258860736 61.56976298823283 105
    endloop
  endfacet
  facet normal 0 0 1
    outer loop
      vertex 59.582195690142164 63.74859401608716 105
      vertex 62.823679258860736 61.56976298823283 105
      vertex 62.89462358422627 63.1333308391076 105
    endloop
  endfacet
  facet normal 0 0 1
    outer loop
      vertex 59.582195690142164 63.74859401608716 105
      vertex 62.89462358422627 63.1333308391076 105
      vertex 63.01255299125573 64.68453286464312 105
    endloop
  endfacet
  facet normal 0 0 1
    outer loop
      vertex 59.582195690142164 63.74859401608716 105
      vertex 63.01255299125573 64.68453286464312 105
      vertex 59.22924767143106 67.48239404416248 105
    endloop
  endfacet
  facet normal 0 0 1
    outer loop
      vertex 59.22924767143106 67.48239404416248 105
      vertex 63.01255299125573 64.68453286464312 105
      vertex 63.177002066456424 66.21724717912137 105
    endloop
  endfacet
  facet normal 0 0 1
    outer loop
      vertex 59.22924767143106 67.48239404416248 105
      vertex 63.177002066456424 66.21724717912137 105
      vertex 63.38732180445815 67.72542485937369 105
    endloop
  endfacet
  facet normal -0.690247636998183 -0.1542886266262709 0.7069322593517738
    outer loop
      vertex 56.37153998057294 74.47375143373569 103.5
      vertex 58.64254887143015 71.1866644813262 105
      vertex 57.824414722265885 74.84678626448296 105
    endloop
  endfacet
  facet normal -0.679197727935313 -0.19732518099650517 0.706932259351775
    outer loop
      vertex 55.35148925121231 77.98478907354288 103.5
      vertex 57.824414722265885 74.84678626448296 105
      vertex 56.77807402565504 78.4483145651053 105
    endloop
  endfacet
  facet normal -0.6985734539819702 -0.110643165534514 0.7069322593517728
    outer loop
      vertex 57.169117995337125 70.90559250944763 103.5
      vertex 59.22924767143106 67.48239404416248 105
      vertex 58.64254887143015 71.1866644813262 105
    endloop
  endfacet
  facet normal 0 0 1
    outer loop
      vertex 59.22924767143106 67.48239404416248 105
      vertex 63.64268216934098 69.20311381711694 105
      vertex 58.64254887143015 71.1866644813262 105
    endloop
  endfacet
  facet normal 0 0 1
    outer loop
      vertex 58.64254887143015 71.1866644813262 105
      vertex 64.66806489397581 73.39566987447492 105
      vertex 57.824414722265885 74.84678626448296 105
    endloop
  endfacet
  facet normal 0 0 1
    outer loop
      vertex 57.824414722265885 74.84678626448296 105
      vertex 66.05237647094306 77.11367764821722 105
      vertex 56.77807402565504 78.4483145651053 105
    endloop
  endfacet
  facet normal 0 0 1
    outer loop
      vertex 59.22924767143106 67.48239404416248 105
      vertex 63.38732180445815 67.72542485937369 105
      vertex 63.64268216934098 69.20311381711694 105
    endloop
  endfacet
  facet normal 0 0 1
    outer loop
      vertex 58.64254887143015 71.1866644813262 105
      vertex 63.64268216934098 69.20311381711694 105
      vertex 63.942075370407764 70.64448228912681 105
    endloop
  endfacet
  facet normal 0 0 1
    outer loop
      vertex 58.64254887143015 71.1866644813262 105
      vertex 63.942075370407764 70.64448228912681 105
      vertex 64.28431983947364 72.04384185254288 105
    endloop
  endfacet
  facet normal 0 0 1
    outer loop
      vertex 58.64254887143015 71.1866644813262 105
      vertex 64.28431983947364 72.04384185254288 105
      vertex 64.66806489397581 73.39566987447492 105
    endloop
  endfacet
  facet normal 0 0 1
    outer loop
      vertex 57.824414722265885 74.84678626448296 105
      vertex 64.66806489397581 73.39566987447492 105
      vertex 65.09179606750062 74.69463130731182 105
    endloop
  endfacet
  facet normal 0 0 1
    outer loop
      vertex 57.824414722265885 74.84678626448296 105
      vertex 65.09179606750062 74.69463130731182 105
      vertex 65.55384108669053 75.93559974371723 105
    endloop
  endfacet
  facet normal 0 0 1
    outer loop
      vertex 57.824414722265885 74.84678626448296 105
      vertex 65.55384108669053 75.93559974371723 105
      vertex 66.05237647094306 77.11367764821722 105
    endloop
  endfacet
  facet normal -0.665467335736209 -0.23958298302664713 0.706932259351775
    outer loop
      vertex 55.35148925121231 77.98478907354288 103.5
      vertex 56.77807402565504 78.4483145651053 105
      vertex 54.11299148146717 81.42484896734538 103.5
    endloop
  endfacet
  facet normal -0.6491106479860608 -0.2808952604778355 0.706932259351775
    outer loop
      vertex 54.11299148146717 81.42484896734538 103.5
      vertex 55.50765621029955 81.97703579637239 105
      vertex 52.66093445621893 84.78035477035614 103.5
    endloop
  endfacet
  facet normal 0.6654673357362105 0.23958298302664824 0.7069322593517732
    outer loop
      vertex 69.54728114167024 87.53571653971684 103.5
      vertex 68.15261641283787 86.98352971068982 105
      vertex 70.94134147043852 83.66356501575913 103.5
    endloop
  endfacet
  facet normal 0.6654673357362121 0.23958298302665068 0.7069322593517708
    outer loop
      vertex 68.15261641283787 86.98352971068982 105
      vertex 70.38250536778386 83.24441214720629 104.16811078528508
      vertex 70.94134147043852 83.66356501575913 103.5
    endloop
  endfacet
  facet normal 0.6491106479860607 0.2808952604778347 0.7069322593517754
    outer loop
      vertex 69.54728114167024 87.53571653971684 103.5
      vertex 67.68106352176167 91.8482910077985 103.5
      vertex 66.32382294306264 91.20962207045089 105
    endloop
  endfacet
  facet normal 0.6301922170587578 0.3210989726647562 0.7069322593517753
    outer loop
      vertex 67.68106352176167 91.8482910077985 103.5
      vertex 66.20422827644308 93.33166536847403 104.14274912932157
      vertex 66.32382294306264 91.20962207045089 105
    endloop
  endfacet
  facet normal -0.6654673357362089 -0.23958298302664688 0.7069322593517752
    outer loop
      vertex 54.11299148146717 81.42484896734538 103.5
      vertex 56.77807402565504 78.4483145651053 105
      vertex 55.50765621029955 81.97703579637239 105
    endloop
  endfacet
  facet normal -0.6491106479860606 -0.2808952604778349 0.7069322593517754
    outer loop
      vertex 52.66093445621893 84.78035477035614 103.5
      vertex 55.50765621029955 81.97703579637239 105
      vertex 54.01817503491797 85.41902370770374 105
    endloop
  endfacet
  facet normal 0 0 1
    outer loop
      vertex 55.50765621029955 81.97703579637239 105
      vertex 56.77807402565504 78.4483145651053 105
      vertex 69.71244264160039 82.6509456867627 105
    endloop
  endfacet
  facet normal 0 0 1
    outer loop
      vertex 55.50765621029955 81.97703579637239 105
      vertex 68.15261641283787 86.98352971068982 105
      vertex 54.01817503491797 85.41902370770374 105
    endloop
  endfacet
  facet normal 0 0 1
    outer loop
      vertex 54.01817503491797 85.41902370770374 105
      vertex 66.32382294306264 91.20962207045089 105
      vertex 52.315508801230244 88.76069434530814 105
    endloop
  endfacet
  facet normal 0 0 1
    outer loop
      vertex 50.40637715498661 91.98885966184297 105
      vertex 52.315508801230244 88.76069434530814 105
      vertex 58.80728083218564 94.60488579999556 105
    endloop
  endfacet
  facet normal 0 0 1
    outer loop
      vertex 50.40637715498661 91.98885966184297 105
      vertex 56.41752384337788 95.6361769545052 105
      vertex 55.19939621951958 96.25505820596445 105
    endloop
  endfacet
  facet normal 0 0 1
    outer loop
      vertex 50.40637715498661 91.98885966184297 105
      vertex 57.621736206281255 95.08539492416712 105
      vertex 56.41752384337788 95.6361769545052 105
    endloop
  endfacet
  facet normal 0 0 1
    outer loop
      vertex 52.315508801230244 88.76069434530814 105
      vertex 59.96947891807639 94.19654593197988 105
      vertex 58.80728083218564 94.60488579999556 105
    endloop
  endfacet
  facet normal 0 0 1
    outer loop
      vertex 50.40637715498661 91.98885966184297 105
      vertex 58.80728083218564 94.60488579999556 105
      vertex 57.621736206281255 95.08539492416712 105
    endloop
  endfacet
  facet normal 0 0 1
    outer loop
      vertex 52.315508801230244 88.76069434530814 105
      vertex 62.20559904986642 93.60252890898221 105
      vertex 61.1037437990663 93.86198685102644 105
    endloop
  endfacet
  facet normal 0 0 1
    outer loop
      vertex 52.315508801230244 88.76069434530814 105
      vertex 61.1037437990663 93.86198685102644 105
      vertex 59.96947891807639 94.19654593197988 105
    endloop
  endfacet
  facet normal 0 0 1
    outer loop
      vertex 52.315508801230244 88.76069434530814 105
      vertex 63.27069615119165 93.4191960678094 105
      vertex 62.20559904986642 93.60252890898221 105
    endloop
  endfacet
  facet normal 0 0 1
    outer loop
      vertex 52.315508801230244 88.76069434530814 105
      vertex 64.29483165137962 93.31271185847532 105
      vertex 63.27069615119165 93.4191960678094 105
    endloop
  endfacet
  facet normal 0 0 1
    outer loop
      vertex 52.315508801230244 88.76069434530814 105
      vertex 66.32382294306264 91.20962207045089 105
      vertex 64.29483165137962 93.31271185847532 105
    endloop
  endfacet
  facet normal 0 0 1
    outer loop
      vertex 56.77807402565504 78.4483145651053 105
      vertex 66.05237647094306 77.11367764821722 105
      vertex 66.58543472885573 78.22421568553528 105
    endloop
  endfacet
  facet normal 0 0 1
    outer loop
      vertex 56.77807402565504 78.4483145651053 105
      vertex 66.58543472885573 78.22421568553528 105
      vertex 67.15091212301573 79.26283106939474 105
    endloop
  endfacet
  facet normal 0 0 1
    outer loop
      vertex 56.77807402565504 78.4483145651053 105
      vertex 67.15091212301573 79.26283106939474 105
      vertex 67.74657697249032 80.22542485937369 105
    endloop
  endfacet
  facet normal 0 0 1
    outer loop
      vertex 56.77807402565504 78.4483145651053 105
      vertex 67.74657697249032 80.22542485937369 105
      vertex 68.37007846025203 81.10819813755037 105
    endloop
  endfacet
  facet normal 0 0 1
    outer loop
      vertex 56.77807402565504 78.4483145651053 105
      vertex 68.37007846025203 81.10819813755037 105
      vertex 69.01895591077941 81.9076670010966 105
    endloop
  endfacet
  facet normal 0 0 1
    outer loop
      vertex 56.77807402565504 78.4483145651053 105
      vertex 69.01895591077941 81.9076670010966 105
      vertex 69.69064850121913 82.62067631165048 105
    endloop
  endfacet
  facet normal 0 0 1
    outer loop
      vertex 56.77807402565504 78.4483145651053 105
      vertex 69.69064850121913 82.62067631165048 105
      vertex 69.71488789564502 82.6425290671354 105
    endloop
  endfacet
  facet normal 0 0 1
    outer loop
      vertex 56.77807402565504 78.4483145651053 105
      vertex 69.71488789564502 82.6425290671354 105
      vertex 69.71244264160039 82.6509456867627 105
    endloop
  endfacet
  facet normal 0 0 1
    outer loop
      vertex 55.50765621029955 81.97703579637239 105
      vertex 69.71244264160039 82.6509456867627 105
      vertex 68.15261641283787 86.98352971068982 105
    endloop
  endfacet
  facet normal 0.6654673357362055 0.2395829830266449 0.706932259351779
    outer loop
      vertex 69.71244264160039 82.6509456867627 105
      vertex 70.38250536778386 83.24441214720629 104.16811078528508
      vertex 68.15261641283787 86.98352971068982 105
    endloop
  endfacet
  facet normal 0.6654673357363874 0.2395829830263429 0.70693225935171
    outer loop
      vertex 69.71244264160039 82.6509456867627 105
      vertex 69.73086227138324 82.65693058727646 104.98063245509887
      vertex 70.38250536778386 83.24441214720629 104.16811078528508
    endloop
  endfacet
  facet normal 0.679197727935297 0.197325180996791 0.7069322593517104
    outer loop
      vertex 69.71244264160039 82.6509456867627 105
      vertex 69.71488789564502 82.6425290671354 105
      vertex 69.73086227138324 82.65693058727646 104.98063245509887
    endloop
  endfacet
  facet normal 0.6491106479860621 0.28089526047783686 0.7069322593517733
    outer loop
      vertex 69.54728114167024 87.53571653971684 103.5
      vertex 66.32382294306264 91.20962207045089 105
      vertex 68.15261641283787 86.98352971068982 105
    endloop
  endfacet
  facet normal 0 0 1
    outer loop
      vertex 54.01817503491797 85.41902370770374 105
      vertex 68.15261641283787 86.98352971068982 105
      vertex 66.32382294306264 91.20962207045089 105
    endloop
  endfacet
  facet normal 0.6301922170587652 0.32109897266475423 0.7069322593517695
    outer loop
      vertex 66.32382294306264 91.20962207045089 105
      vertex 66.20422827644308 93.33166536847403 104.14274912932157
      vertex 65.27396375549411 93.2834965255062 104.99390907985362
    endloop
  endfacet
  facet normal 0 0 1
    outer loop
      vertex 66.32382294306264 91.20962207045089 105
      vertex 65.26702564761136 93.283703544693 105
      vertex 64.29483165137962 93.31271185847532 105
    endloop
  endfacet
  facet normal 0.6301922170582803 0.32109897266451043 0.7069322593523125
    outer loop
      vertex 66.32382294306264 91.20962207045089 105
      vertex 65.27396375549411 93.2834965255062 104.99390907985362
      vertex 65.26702564761136 93.283703544693 105
    endloop
  endfacet
  facet normal -0.661311865323653 -0.7501110696304586 0
    outer loop
      vertex 37.09807620527343 104.84387073184723 101.5
      vertex 39.84064156708978 102.42597411809865 103.5
      vertex 37.09807620527343 104.84387073184723 103.5
    endloop
  endfacet
  facet normal -0.7501110696304604 -0.6613118653236509 0
    outer loop
      vertex 42.42597411809866 99.84064156708979 101.5
      vertex 44.84387073184723 97.09807620527343 103.5
      vertex 42.42597411809866 99.84064156708979 103.5
    endloop
  endfacet
  facet normal -0.7071067811865456 -0.7071067811865495 0
    outer loop
      vertex 39.84064156708978 102.42597411809865 101.5
      vertex 42.42597411809866 99.84064156708979 103.5
      vertex 39.84064156708978 102.42597411809865 103.5
    endloop
  endfacet
  facet normal -0.7901550123756914 -0.6129070536529752 0
    outer loop
      vertex 44.84387073184723 97.09807620527343 101.5
      vertex 47.084789075033 94.20910168517366 103.5
      vertex 44.84387073184723 97.09807620527343 103.5
    endloop
  endfacet
  facet normal 0.8548500788321401 0.518875074291186 0
    outer loop
      vertex 37.68708948869498 112.74066070641832 100
      vertex 36.9395962369853 113.97216072792816 105
      vertex 37.68708948869498 112.74066070641832 105
    endloop
  endfacet
  facet normal 0.8171900324440762 0.5763683291733245 0
    outer loop
      vertex 38.49458794672618 111.50975632295618 105
      vertex 39.35890478357601 110.28430539479653 105
      vertex 39.35890478357601 110.28430539479653 100
    endloop
  endfacet
  facet normal 0.836135937982914 0.548522281419299 0
    outer loop
      vertex 37.68708948869498 112.74066070641832 105
      vertex 38.49458794672618 111.50975632295618 105
      vertex 38.49458794672618 111.50975632295618 100
    endloop
  endfacet
  facet normal 0.7785060334301654 0.62763712120367 0
    outer loop
      vertex 40.276628935558215 109.06914421689751 105
      vertex 41.24413856471321 107.86906847527399 105
      vertex 41.24413856471321 107.86906847527399 100
    endloop
  endfacet
  facet normal 0.7586749337927086 0.6514693736735667 0
    outer loop
      vertex 42.25761535254783 106.68881432061568 100
      vertex 41.24413856471321 107.86906847527399 105
      vertex 42.25761535254783 106.68881432061568 105
    endloop
  endfacet
  facet normal 0.7384308626106005 0.6743291934538831 0
    outer loop
      vertex 42.25761535254783 106.68881432061568 105
      vertex 43.313059569193996 105.53303967686418 105
      vertex 43.313059569193996 105.53303967686418 100
    endloop
  endfacet
  facet normal 0.7176915605249466 0.6963611304138585 0
    outer loop
      vertex 43.313059569193996 105.53303967686418 105
      vertex 44.40630585851518 104.40630585851518 105
      vertex 44.40630585851518 104.40630585851518 100
    endloop
  endfacet
  facet normal 0.7979929005313764 0.6026668488489481 0
    outer loop
      vertex 40.276628935558215 109.06914421689751 100
      vertex 39.35890478357601 110.28430539479653 105
      vertex 40.276628935558215 109.06914421689751 105
    endloop
  endfacet
  facet normal 0.6963611304138585 0.7176915605249466 0
    outer loop
      vertex 45.53303967686418 103.313059569194 100
      vertex 44.40630585851518 104.40630585851518 105
      vertex 45.53303967686418 103.313059569194 105
    endloop
  endfacet
  facet normal 0.6743291934538831 0.7384308626106005 0
    outer loop
      vertex 46.68881432061568 102.25761535254783 100
      vertex 45.53303967686418 103.313059569194 105
      vertex 46.68881432061568 102.25761535254783 105
    endloop
  endfacet
  facet normal 0.6514693736735667 0.7586749337927086 0
    outer loop
      vertex 47.86906847527399 101.24413856471321 100
      vertex 46.68881432061568 102.25761535254783 105
      vertex 47.86906847527399 101.24413856471321 105
    endloop
  endfacet
  facet normal 0.6276371212036649 0.7785060334301693 0
    outer loop
      vertex 49.06914421689752 100.27662893555822 100
      vertex 47.86906847527399 101.24413856471321 105
      vertex 49.06914421689752 100.27662893555822 105
    endloop
  endfacet
  facet normal 0.6026668488489533 0.7979929005313725 0
    outer loop
      vertex 50.28430539479653 99.35890478357601 100
      vertex 49.06914421689752 100.27662893555822 105
      vertex 50.28430539479653 99.35890478357601 105
    endloop
  endfacet
  facet normal 0.5763683291733255 0.8171900324440756 0
    outer loop
      vertex 51.509756322956186 98.49458794672617 100
      vertex 50.28430539479653 99.35890478357601 105
      vertex 51.509756322956186 98.49458794672617 105
    endloop
  endfacet
  facet normal 0.5485222814192978 0.8361359379829146 0
    outer loop
      vertex 52.740660706418325 97.68708948869498 100
      vertex 51.509756322956186 98.49458794672617 105
      vertex 52.740660706418325 97.68708948869498 105
    endloop
  endfacet
  facet normal 0.8733280796090857 0.4871324926201356 0
    outer loop
      vertex 36.25505820596445 115.19939621951957 105
      vertex 36.9395962369853 113.97216072792816 105
      vertex 36.9395962369853 113.97216072792816 100
    endloop
  endfacet
  facet normal 0.8915346080412814 0.4529525832409821 0
    outer loop
      vertex 35.6361769545052 116.41752384337788 105
      vertex 36.25505820596445 115.19939621951957 105
      vertex 36.25505820596445 115.19939621951957 100
    endloop
  endfacet
  facet normal 0.5188750742911917 0.8548500788321366 0
    outer loop
      vertex 53.97216072792815 96.9395962369853 100
      vertex 52.740660706418325 97.68708948869498 105
      vertex 53.97216072792815 96.9395962369853 105
    endloop
  endfacet
  facet normal 0.4871324926201313 0.8733280796090881 0
    outer loop
      vertex 55.19939621951958 96.25505820596445 100
      vertex 53.97216072792815 96.9395962369853 105
      vertex 55.19939621951958 96.25505820596445 105
    endloop
  endfacet
  facet normal 0.4529525832409801 0.8915346080412824 0
    outer loop
      vertex 56.41752384337788 95.6361769545052 100
      vertex 55.19939621951958 96.25505820596445 105
      vertex 56.41752384337788 95.6361769545052 105
    endloop
  endfacet
  facet normal -0.4677334893312982 -0.5305395024366848 0.7069322593517737
    outer loop
      vertex 37.09807620527343 104.84387073184723 103.5
      vertex 39.84064156708978 102.42597411809865 103.5
      vertex 40.86746222598281 103.51942705923076 105
    endloop
  endfacet
  facet normal -0.5001233751224761 -0.5001233751224788 0.7069322593517737
    outer loop
      vertex 39.84064156708978 102.42597411809865 103.5
      vertex 42.42597411809866 99.84064156708979 103.5
      vertex 43.51942705923077 100.86746222598282 105
    endloop
  endfacet
  facet normal -0.4334976731448305 -0.558861832715218 0.7069322593517751
    outer loop
      vertex 37.09807620527343 104.84387073184723 103.5
      vertex 38.05421218989646 105.99964059601092 105
      vertex 34.20910168517367 107.084789075033 103.5
    endloop
  endfacet
  facet normal -0.5305395024366859 -0.4677334893312966 0.7069322593517738
    outer loop
      vertex 44.84387073184723 97.09807620527343 103.5
      vertex 45.99964059601091 98.05421218989646 105
      vertex 42.42597411809866 99.84064156708979 103.5
    endloop
  endfacet
  facet normal -0.5305395024366859 -0.4677334893312967 0.7069322593517736
    outer loop
      vertex 42.42597411809866 99.84064156708979 103.5
      vertex 45.99964059601091 98.05421218989646 105
      vertex 43.51942705923077 100.86746222598282 105
    endloop
  endfacet
  facet normal -0.5001233751224761 -0.5001233751224787 0.7069322593517738
    outer loop
      vertex 39.84064156708978 102.42597411809865 103.5
      vertex 43.51942705923077 100.86746222598282 105
      vertex 40.86746222598281 103.51942705923076 105
    endloop
  endfacet
  facet normal 0 0 1
    outer loop
      vertex 40.86746222598281 103.51942705923076 105
      vertex 43.51942705923077 100.86746222598282 105
      vertex 44.40630585851518 104.40630585851518 105
    endloop
  endfacet
  facet normal -0.43349767314483045 -0.5588618327152185 0.7069322593517747
    outer loop
      vertex 34.20910168517367 107.084789075033 103.5
      vertex 38.05421218989646 105.99964059601092 105
      vertex 35.09077956361238 108.29831456659542 105
    endloop
  endfacet
  facet normal -0.46773348933129805 -0.530539502436683 0.7069322593517751
    outer loop
      vertex 37.09807620527343 104.84387073184723 103.5
      vertex 40.86746222598281 103.51942705923076 105
      vertex 38.05421218989646 105.99964059601092 105
    endloop
  endfacet
  facet normal 0 0 1
    outer loop
      vertex 35.09077956361238 108.29831456659542 105
      vertex 38.05421218989646 105.99964059601092 105
      vertex 40.276628935558215 109.06914421689751 105
    endloop
  endfacet
  facet normal 0 0 1
    outer loop
      vertex 38.05421218989646 105.99964059601092 105
      vertex 41.24413856471321 107.86906847527399 105
      vertex 40.276628935558215 109.06914421689751 105
    endloop
  endfacet
  facet normal 0 0 1
    outer loop
      vertex 35.09077956361238 108.29831456659542 105
      vertex 38.49458794672618 111.50975632295618 105
      vertex 37.68708948869498 112.74066070641832 105
    endloop
  endfacet
  facet normal 0 0 1
    outer loop
      vertex 35.09077956361238 108.29831456659542 105
      vertex 39.35890478357601 110.28430539479653 105
      vertex 38.49458794672618 111.50975632295618 105
    endloop
  endfacet
  facet normal 0 0 1
    outer loop
      vertex 31.988859661842962 110.40637715498661 105
      vertex 37.68708948869498 112.74066070641832 105
      vertex 36.9395962369853 113.97216072792816 105
    endloop
  endfacet
  facet normal 0 0 1
    outer loop
      vertex 35.09077956361238 108.29831456659542 105
      vertex 40.276628935558215 109.06914421689751 105
      vertex 39.35890478357601 110.28430539479653 105
    endloop
  endfacet
  facet normal 0 0 1
    outer loop
      vertex 38.05421218989646 105.99964059601092 105
      vertex 40.86746222598281 103.51942705923076 105
      vertex 42.25761535254783 106.68881432061568 105
    endloop
  endfacet
  facet normal 0 0 1
    outer loop
      vertex 38.05421218989646 105.99964059601092 105
      vertex 42.25761535254783 106.68881432061568 105
      vertex 41.24413856471321 107.86906847527399 105
    endloop
  endfacet
  facet normal 0 0 1
    outer loop
      vertex 40.86746222598281 103.51942705923076 105
      vertex 43.313059569193996 105.53303967686418 105
      vertex 42.25761535254783 106.68881432061568 105
    endloop
  endfacet
  facet normal 0 0 1
    outer loop
      vertex 40.86746222598281 103.51942705923076 105
      vertex 44.40630585851518 104.40630585851518 105
      vertex 43.313059569193996 105.53303967686418 105
    endloop
  endfacet
  facet normal -0.558861832715218 -0.4334976731448325 0.7069322593517738
    outer loop
      vertex 44.84387073184723 97.09807620527343 103.5
      vertex 48.29831456659542 95.09077956361239 105
      vertex 45.99964059601091 98.05421218989646 105
    endloop
  endfacet
  facet normal 0 0 1
    outer loop
      vertex 45.99964059601091 98.05421218989646 105
      vertex 49.06914421689752 100.27662893555822 105
      vertex 47.86906847527399 101.24413856471321 105
    endloop
  endfacet
  facet normal 0 0 1
    outer loop
      vertex 48.29831456659542 95.09077956361239 105
      vertex 49.06914421689752 100.27662893555822 105
      vertex 45.99964059601091 98.05421218989646 105
    endloop
  endfacet
  facet normal 0 0 1
    outer loop
      vertex 43.51942705923077 100.86746222598282 105
      vertex 45.99964059601091 98.05421218989646 105
      vertex 46.68881432061568 102.25761535254783 105
    endloop
  endfacet
  facet normal 0 0 1
    outer loop
      vertex 43.51942705923077 100.86746222598282 105
      vertex 45.53303967686418 103.313059569194 105
      vertex 44.40630585851518 104.40630585851518 105
    endloop
  endfacet
  facet normal 0 0 1
    outer loop
      vertex 43.51942705923077 100.86746222598282 105
      vertex 46.68881432061568 102.25761535254783 105
      vertex 45.53303967686418 103.313059569194 105
    endloop
  endfacet
  facet normal 0 0 1
    outer loop
      vertex 45.99964059601091 98.05421218989646 105
      vertex 47.86906847527399 101.24413856471321 105
      vertex 46.68881432061568 102.25761535254783 105
    endloop
  endfacet
  facet normal 0 0 1
    outer loop
      vertex 48.29831456659542 95.09077956361239 105
      vertex 51.509756322956186 98.49458794672617 105
      vertex 50.28430539479653 99.35890478357601 105
    endloop
  endfacet
  facet normal 0 0 1
    outer loop
      vertex 48.29831456659542 95.09077956361239 105
      vertex 52.740660706418325 97.68708948869498 105
      vertex 51.509756322956186 98.49458794672617 105
    endloop
  endfacet
  facet normal 0 0 1
    outer loop
      vertex 48.29831456659542 95.09077956361239 105
      vertex 50.28430539479653 99.35890478357601 105
      vertex 49.06914421689752 100.27662893555822 105
    endloop
  endfacet
  facet normal 0 0 1
    outer loop
      vertex 48.29831456659542 95.09077956361239 105
      vertex 53.97216072792815 96.9395962369853 105
      vertex 52.740660706418325 97.68708948869498 105
    endloop
  endfacet
endsolid OpenSCAD_Model
