solid OpenSCAD_Model
  facet normal -0.9951847266721984 0.09210597670595719 0.03352385499049412
    outer loop
      vertex 215 30.87504123040644 -38.99029633912623
      vertex 214.95196320100808 30.416728889453566 -39.1571083861508
      vertex 215 30.875041229419146 -38.99029633641367
    endloop
  endfacet
  facet normal -0.9951847266721984 -0.09210597670595692 -0.033523854990494026
    outer loop
      vertex 215 30.87504123040644 -38.99029633912623
      vertex 215 30.875041229419146 -38.99029633641367
      vertex 214.95196320100808 31.333353570369695 -38.82348428938271
    endloop
  endfacet
  facet normal -0.9951847266721981 0.09210599290864972 0.033523810473961344
    outer loop
      vertex 214.95196320100808 30.41672889044318 -39.15710838886975
      vertex 214.95196320100808 30.416728889453566 -39.1571083861508
      vertex 215 30.87504123040644 -38.99029633912623
    endloop
  endfacet
  facet normal -0.9569403357321988 0.2727783970721718 0.09928313018576326
    outer loop
      vertex 214.95196320100808 30.41672889044318 -39.15710838886975
      vertex 214.8096988312782 29.976029235688337 -39.31750994236581
      vertex 214.95196320100808 30.416728889453566 -39.1571083861508
    endloop
  endfacet
  facet normal -0.9569403354553483 0.2727783590241554 0.09928323739027961
    outer loop
      vertex 214.95196320100808 30.41672889044318 -39.15710838886975
      vertex 214.8096988312782 29.97602923668019 -39.317509945090904
      vertex 214.8096988312782 29.976029235688337 -39.31750994236581
    endloop
  endfacet
  facet normal -0.8819212643483528 0.44296801878283953 0.1612272242079754
    outer loop
      vertex 214.8096988312782 29.97602923668019 -39.317509945090904
      vertex 214.57867403075636 29.56987810867046 -39.465336863207575
      vertex 214.8096988312782 29.976029235688337 -39.31750994236581
    endloop
  endfacet
  facet normal -0.8819212644910055 0.44296804913276044 0.16122714004193747
    outer loop
      vertex 214.8096988312782 29.97602923668019 -39.317509945090904
      vertex 214.57867403075636 29.569878109664373 -39.46533686593833
      vertex 214.57867403075636 29.56987810867046 -39.465336863207575
    endloop
  endfacet
  facet normal -0.9951847266721978 -0.09210597099963716 -0.033523870668478895
    outer loop
      vertex 214.95196320100808 31.333353570369695 -38.82348428938271
      vertex 215 30.875041229419146 -38.99029633641367
      vertex 214.95196320100808 31.33335356938473 -38.823484286676546
    endloop
  endfacet
  facet normal -0.9569403357321957 -0.2727783321870861 -0.09928330845607469
    outer loop
      vertex 214.95196320100808 31.333353570369695 -38.82348428938271
      vertex 214.95196320100808 31.33335356938473 -38.823484286676546
      vertex 214.8096988312782 31.774053224132686 -38.663082733161566
    endloop
  endfacet
  facet normal -0.9569403357322016 -0.27277837034290625 -0.09928320362382347
    outer loop
      vertex 214.8096988312782 31.774053224132686 -38.663082733161566
      vertex 214.95196320100808 31.33335356938473 -38.823484286676546
      vertex 214.8096988312782 31.77405322314996 -38.66308273046155
    endloop
  endfacet
  facet normal -0.8819212643483542 -0.4429680370060687 -0.16122717414006496
    outer loop
      vertex 214.8096988312782 31.774053224132686 -38.663082733161566
      vertex 214.8096988312782 31.77405322314996 -38.66308273046155
      vertex 214.57867403075636 32.180204351148504 -38.51525581231414
    endloop
  endfacet
  facet normal -0.8819212643482612 -0.4429681930909232 -0.16122674530029737
    outer loop
      vertex 214.57867403075636 32.180204351148504 -38.51525581231414
      vertex 214.8096988312782 31.77405322314996 -38.66308273046155
      vertex 214.57867403075636 32.18020435016784 -38.51525580961978
    endloop
  endfacet
  facet normal -0.9569403357284545 0.2727774112821728 0.09928583861814931
    outer loop
      vertex 214.8096988312782 28.607948663377513 -35.55873946194727
      vertex 214.95196320100325 29.048648317171935 -35.398337905858945
      vertex 214.8096988312782 28.607948663429678 -35.558739462090585
    endloop
  endfacet
  facet normal -0.8819212643392335 0.4429664795731318 0.16123145313763743
    outer loop
      vertex 214.8096988312782 28.607948663377513 -35.55873946194727
      vertex 214.8096988312782 28.607948663429678 -35.558739462090585
      vertex 214.57867403075636 28.201797536361696 -35.7065663827947
    endloop
  endfacet
  facet normal -0.8819212643380786 0.44296638402695493 0.1612317156467962
    outer loop
      vertex 214.57867403075636 28.201797536361696 -35.7065663827947
      vertex 214.8096988312782 28.607948663429678 -35.558739462090585
      vertex 214.57867403075636 28.201797536419203 -35.706566382952694
    endloop
  endfacet
  facet normal -0.9951847266721706 0.09210606453868825 0.033523613672038016
    outer loop
      vertex 215 115.4473771011382 -8.20848343981605
      vertex 214.95196320100808 114.98906476061455 -8.375295488019907
      vertex 215 115.44737710058014 -8.20848343828278
    endloop
  endfacet
  facet normal -0.995184726672198 0.09210599346665496 0.033523808940854626
    outer loop
      vertex 214.95196320100808 114.98906476117494 -8.37529548955957
      vertex 214.95196320100808 114.98906476061455 -8.375295488019907
      vertex 215 115.4473771011382 -8.20848343981605
    endloop
  endfacet
  facet normal -0.9951847266721704 -0.0921060645386889 -0.033523613672038245
    outer loop
      vertex 215 115.4473771011382 -8.20848343981605
      vertex 215 115.44737710058014 -8.20848343828278
      vertex 214.95196320100808 115.90568944110146 -8.04167139007253
    endloop
  endfacet
  facet normal -0.9951847266721465 -0.0921058732280868 -0.03352413929359614
    outer loop
      vertex 214.95196320100808 115.90568944110146 -8.04167139007253
      vertex 215 115.44737710058014 -8.20848343828278
      vertex 214.95196320100808 115.90568944054571 -8.041671388545652
    endloop
  endfacet
  facet normal -0.9569403357321972 0.27277839872474735 0.0992831256453609
    outer loop
      vertex 214.95196320100808 114.98906476117494 -8.37529548955957
      vertex 214.8096988312782 114.54836510684933 -8.535697044234912
      vertex 214.95196320100808 114.98906476061455 -8.375295488019907
    endloop
  endfacet
  facet normal -0.9569403359628567 0.2727785872107145 0.09928260555918952
    outer loop
      vertex 214.95196320100808 114.98906476117494 -8.37529548955957
      vertex 214.8096988312782 114.54836510741195 -8.535697045780713
      vertex 214.8096988312782 114.54836510684933 -8.535697044234912
    endloop
  endfacet
  facet normal -0.9569403357317631 -0.2727780426296345 -0.09928410400827511
    outer loop
      vertex 214.95196320100808 115.90568944110146 -8.04167139007253
      vertex 214.95196320100808 115.90568944054571 -8.041671388545652
      vertex 214.8096988312782 116.34638909486443 -7.881269833851384
    endloop
  endfacet
  facet normal -0.9569403357321302 -0.27277850019110644 -0.09928284686877485
    outer loop
      vertex 214.8096988312782 116.34638909486443 -7.881269833851384
      vertex 214.95196320100808 115.90568944054571 -8.041671388545652
      vertex 214.8096988312782 116.34638909431094 -7.881269832330653
    endloop
  endfacet
  facet normal -0.8819212643478841 0.44296839065987054 0.16122620248344877
    outer loop
      vertex 214.8096988312782 114.54836510741195 -8.535697045780713
      vertex 214.57867403075636 114.14221397983144 -8.683523965076683
      vertex 214.8096988312782 114.54836510684933 -8.535697044234912
    endloop
  endfacet
  facet normal -0.8819212598037742 0.44296850964917994 0.16122590041711113
    outer loop
      vertex 214.8096988312782 114.54836510741195 -8.535697045780713
      vertex 214.57867403075636 114.14221398039612 -8.68352396662815
      vertex 214.57867403075636 114.14221397983144 -8.683523965076683
    endloop
  endfacet
  facet normal -0.8819212643481902 -0.4429682478680324 -0.1612265948012762
    outer loop
      vertex 214.8096988312782 116.34638909486443 -7.881269833851384
      vertex 214.8096988312782 116.34638909431094 -7.881269832330653
      vertex 214.57867403075636 116.75254022188027 -7.73344291300395
    endloop
  endfacet
  facet normal -0.8819212643482673 -0.4429681923936481 -0.16122674721601693
    outer loop
      vertex 214.57867403075636 116.75254022188027 -7.73344291300395
      vertex 214.8096988312782 116.34638909431094 -7.881269832330653
      vertex 214.57867403075636 116.75254022132883 -7.733442911488882
    endloop
  endfacet
  facet normal -0.773010453346445 0.5961324658851329 0.21698138660916186
    outer loop
      vertex 214.57867403075636 28.201797536361696 -35.7065663827947
      vertex 214.57867403075636 28.201797536419203 -35.706566382952694
      vertex 214.26776695296638 27.845803096132073 -35.83613776260253
    endloop
  endfacet
  facet normal -0.7730104533597307 0.5961356451275057 0.21697265174439923
    outer loop
      vertex 214.26776695296638 27.845803096132073 -35.83613776260253
      vertex 214.57867403075636 28.201797536419203 -35.706566382952694
      vertex 214.26776695296638 27.845803096194267 -35.83613776277341
    endloop
  endfacet
  facet normal -0.7730104533627552 0.5961347079617385 0.21697522659345322
    outer loop
      vertex 214.57867403075636 29.569878109664373 -39.46533686593833
      vertex 214.26776695296638 29.21388366843903 -39.59490824301045
      vertex 214.57867403075636 29.56987810867046 -39.465336863207575
    endloop
  endfacet
  facet normal -0.7730104541794193 0.5961347332164207 0.21697515429724828
    outer loop
      vertex 214.57867403075636 29.569878109664373 -39.46533686593833
      vertex 214.26776695296638 29.21388366943475 -39.59490824574617
      vertex 214.26776695296638 29.21388366843903 -39.59490824301045
    endloop
  endfacet
  facet normal -0.6343932841599448 0.7263933853151878 0.26438194110623475
    outer loop
      vertex 214.26776695296638 27.845803096132073 -35.83613776260253
      vertex 214.26776695296638 27.845803096194267 -35.83613776277341
      vertex 213.888925582549 27.553646009382703 -35.94247424590923
    endloop
  endfacet
  facet normal -0.6343932841635421 0.7263920353401626 0.26438565014495674
    outer loop
      vertex 213.888925582549 27.553646009382703 -35.94247424590923
      vertex 214.26776695296638 27.845803096194267 -35.83613776277341
      vertex 213.888925582549 27.55364600944874 -35.94247424609067
    endloop
  endfacet
  facet normal -0.6343932841636256 0.7263922743919261 0.2643849933559277
    outer loop
      vertex 214.26776695296638 29.21388366943475 -39.59490824574617
      vertex 213.888925582549 28.92172658168818 -39.70124472631308
      vertex 214.26776695296638 29.21388366843903 -39.59490824301045
    endloop
  endfacet
  facet normal -0.63439328291347 0.7263923088272372 0.264384901745364
    outer loop
      vertex 214.26776695296638 29.21388366943475 -39.59490824574617
      vertex 213.888925582549 28.92172658268538 -39.70124472905287
      vertex 213.888925582549 28.92172658168818 -39.70124472631308
    endloop
  endfacet
  facet normal -0.7730104533626093 -0.5961349004812473 -0.21697469765008642
    outer loop
      vertex 214.57867403075636 32.180204351148504 -38.51525581231414
      vertex 214.57867403075636 32.18020435016784 -38.51525580961978
      vertex 214.26776695296638 32.536198791378126 -38.385684432506295
    endloop
  endfacet
  facet normal -0.7730104533626427 -0.5961348749444119 -0.21697476781204725
    outer loop
      vertex 214.26776695296638 32.536198791378126 -38.385684432506295
      vertex 214.57867403075636 32.18020435016784 -38.51525580961978
      vertex 214.26776695296638 32.53619879039927 -38.3856844298169
    endloop
  endfacet
  facet normal -0.6343932841634935 -0.7263924468456991 -0.264384519542607
    outer loop
      vertex 214.26776695296638 32.536198791378126 -38.385684432506295
      vertex 214.26776695296638 32.53619879039927 -38.3856844298169
      vertex 213.888925582549 32.828355878127496 -38.2793479491996
    endloop
  endfacet
  facet normal -0.6343932841635945 -0.726392104383259 -0.26438546045081524
    outer loop
      vertex 213.888925582549 32.828355878127496 -38.2793479491996
      vertex 214.26776695296638 32.53619879039927 -38.3856844298169
      vertex 213.888925582549 32.828355877150116 -38.27934794651427
    endloop
  endfacet
  facet normal -0.4713967368259757 0.8287350054881504 0.3016345590087067
    outer loop
      vertex 213.888925582549 28.92172658268538 -39.70124472905287
      vertex 213.45670858091273 28.70463428141816 -39.780259861696315
      vertex 213.888925582549 28.92172658168818 -39.70124472631308
    endloop
  endfacet
  facet normal -0.47139673682590727 0.8287346948969694 0.30163541235059466
    outer loop
      vertex 213.888925582549 27.553646009382703 -35.94247424590923
      vertex 213.888925582549 27.55364600944874 -35.94247424609067
      vertex 213.45670858091273 27.336553709113787 -36.0214893812955
    endloop
  endfacet
  facet normal -0.4713967375468302 0.8287349460438526 0.3016347212041376
    outer loop
      vertex 213.888925582549 28.92172658268538 -39.70124472905287
      vertex 213.45670858091273 28.704634282416464 -39.78025986443914
      vertex 213.45670858091273 28.70463428141816 -39.780259861696315
    endloop
  endfacet
  facet normal -0.47139673681818206 0.8287329352131969 0.30164024699978065
    outer loop
      vertex 213.45670858091273 27.336553709113787 -36.0214893812955
      vertex 213.888925582549 27.55364600944874 -35.94247424609067
      vertex 213.45670858091273 27.33655370918268 -36.021489381484784
    endloop
  endfacet
  facet normal -0.47139673682595734 -0.8287347736676909 -0.3016351959301174
    outer loop
      vertex 213.888925582549 32.828355878127496 -38.2793479491996
      vertex 213.888925582549 32.828355877150116 -38.27934794651427
      vertex 213.45670858091273 33.04544817839641 -38.20033281381333
    endloop
  endfacet
  facet normal -0.47139673682583777 -0.8287351860710388 -0.3016340628605337
    outer loop
      vertex 213.45670858091273 33.04544817839641 -38.20033281381333
      vertex 213.888925582549 32.828355877150116 -38.27934794651427
      vertex 213.45670858091273 33.04544817742014 -38.20033281113104
    endloop
  endfacet
  facet normal -0.29028467725448887 0.8992298183569327 0.3272927434713684
    outer loop
      vertex 213.45670858091273 28.704634282416464 -39.78025986443914
      vertex 212.98772580504033 28.57094950298156 -39.8289171418196
      vertex 213.45670858091273 28.70463428141816 -39.780259861696315
    endloop
  endfacet
  facet normal -0.29028467687384585 0.8992297147398193 0.32729302849463543
    outer loop
      vertex 213.45670858091273 28.704634282416464 -39.78025986443914
      vertex 212.98772580504033 28.570949503980543 -39.828917144564286
      vertex 212.98772580504033 28.57094950298156 -39.8289171418196
    endloop
  endfacet
  facet normal -0.2902846772488263 0.8992276355178862 0.32729874071779813
    outer loop
      vertex 213.45670858091273 27.336553709113787 -36.0214893812955
      vertex 213.45670858091273 27.33655370918268 -36.021489381484784
      vertex 212.98772580504033 27.202868930677866 -36.07014666142065
    endloop
  endfacet
  facet normal -0.2902846772506312 0.8992315365206326 0.32728802281818853
    outer loop
      vertex 212.98772580504033 27.202868930677866 -36.07014666142065
      vertex 213.45670858091273 27.33655370918268 -36.021489381484784
      vertex 212.98772580504033 27.20286893074852 -36.07014666161477
    endloop
  endfacet
  facet normal -0.09801714032952007 0.935167683354236 0.34037338939978024
    outer loop
      vertex 212.98772580504033 28.570949503980543 -39.828917144564286
      vertex 212.5 28.52580967744246 -39.84534669469509
      vertex 212.98772580504033 28.57094950298156 -39.8289171418196
    endloop
  endfacet
  facet normal -0.09801714032810942 0.9351695789911578 0.34036818113830813
    outer loop
      vertex 212.98772580504033 27.202868930677866 -36.07014666142065
      vertex 212.98772580504033 27.20286893074852 -36.07014666161477
      vertex 212.5 27.157729105138998 -36.08657621429677
    endloop
  endfacet
  facet normal -0.29028467725437374 -0.8992300778435576 -0.3272920305366348
    outer loop
      vertex 213.45670858091273 33.04544817839641 -38.20033281381333
      vertex 213.45670858091273 33.04544817742014 -38.20033281113104
      vertex 212.98772580504033 33.17913295683233 -38.151675533688184
    endloop
  endfacet
  facet normal -0.2902846772544842 -0.8992298021005795 -0.32729278813535223
    outer loop
      vertex 212.98772580504033 33.17913295683233 -38.151675533688184
      vertex 213.45670858091273 33.04544817742014 -38.20033281113104
      vertex 212.98772580504033 33.17913295585674 -38.151675531007754
    endloop
  endfacet
  facet normal -0.09801714032955168 -0.9351677752555261 -0.34037313690308607
    outer loop
      vertex 212.98772580504033 33.17913295683233 -38.151675533688184
      vertex 212.98772580504033 33.17913295585674 -38.151675531007754
      vertex 212.5 33.224272782371216 -38.13524598081206
    endloop
  endfacet
  facet normal -0.09801714024480569 0.9351676000976533 0.3403736181695427
    outer loop
      vertex 212.98772580504033 28.570949503980543 -39.828917144564286
      vertex 212.5 28.525809678441675 -39.845346697440405
      vertex 212.5 28.52580967744246 -39.84534669469509
    endloop
  endfacet
  facet normal -0.0980171403295054 0.9351679183544398 0.34037274374169546
    outer loop
      vertex 212.5 27.157729105138998 -36.08657621429677
      vertex 212.98772580504033 27.20286893074852 -36.07014666161477
      vertex 212.5 27.157729105210244 -36.08657621449252
    endloop
  endfacet
  facet normal 0.09801714032951789 0.9351676004055893 0.34037361729910215
    outer loop
      vertex 212.5 28.525809678441675 -39.845346697440405
      vertex 212.01227419495967 28.57094950298156 -39.828917141819595
      vertex 212.5 28.52580967744246 -39.84534669469509
    endloop
  endfacet
  facet normal 0.09801714039076714 0.9351679669566111 0.34037261019044307
    outer loop
      vertex 212.5 28.525809678441675 -39.845346697440405
      vertex 212.01227419495967 28.570949503980543 -39.828917144564286
      vertex 212.01227419495967 28.57094950298156 -39.828917141819595
    endloop
  endfacet
  facet normal 0.09801714032950745 0.9351679183544397 0.3403727437416954
    outer loop
      vertex 212.5 27.157729105138998 -36.08657621429677
      vertex 212.5 27.157729105210244 -36.08657621449252
      vertex 212.01227419495967 27.202868930677866 -36.07014666142065
    endloop
  endfacet
  facet normal 0.0980171403275517 0.9351655747407399 0.34037918270927003
    outer loop
      vertex 212.01227419495967 27.202868930677866 -36.07014666142065
      vertex 212.5 27.157729105210244 -36.08657621449252
      vertex 212.01227419495967 27.20286893074852 -36.070146661614764
    endloop
  endfacet
  facet normal -0.09801714032951339 -0.9351674617931696 -0.3403739981328555
    outer loop
      vertex 212.5 33.224272782371216 -38.13524598081206
      vertex 212.98772580504033 33.17913295585674 -38.151675531007754
      vertex 212.5 33.22427278139585 -38.13524597813226
    endloop
  endfacet
  facet normal 0.09801714032951873 -0.9351674617931691 -0.34037399813285535
    outer loop
      vertex 212.5 33.224272782371216 -38.13524598081206
      vertex 212.5 33.22427278139585 -38.13524597813226
      vertex 212.01227419495967 33.17913295683233 -38.151675533688184
    endloop
  endfacet
  facet normal 0.09801714032954634 -0.9351677752555265 -0.34037313690308624
    outer loop
      vertex 212.01227419495967 33.17913295683233 -38.151675533688184
      vertex 212.5 33.22427278139585 -38.13524597813226
      vertex 212.01227419495967 33.17913295585674 -38.151675531007754
    endloop
  endfacet
  facet normal 0.290284677254433 0.8992299860454941 0.32729228275031186
    outer loop
      vertex 212.01227419495967 28.570949503980543 -39.828917144564286
      vertex 211.54329141908727 28.704634282416464 -39.78025986443914
      vertex 212.01227419495967 28.57094950298156 -39.828917141819595
    endloop
  endfacet
  facet normal 0.2902846772490916 0.8992276861517019 0.3272986016050898
    outer loop
      vertex 212.01227419495967 27.202868930677866 -36.07014666142065
      vertex 212.01227419495967 27.20286893074852 -36.070146661614764
      vertex 211.54329141908727 27.33655370918268 -36.021489381484784
    endloop
  endfacet
  facet normal 0.29028467725448437 0.899229818356934 0.32729274347136883
    outer loop
      vertex 211.54329141908727 28.704634282416464 -39.78025986443914
      vertex 211.54329141908727 28.70463428141816 -39.780259861696315
      vertex 212.01227419495967 28.57094950298156 -39.828917141819595
    endloop
  endfacet
  facet normal 0.2902846778935288 0.8992276637522492 0.32729866257429496
    outer loop
      vertex 212.01227419495967 27.202868930677866 -36.07014666142065
      vertex 211.54329141908727 27.33655370918268 -36.021489381484784
      vertex 211.54329141908727 27.336553709113787 -36.0214893812955
    endloop
  endfacet
  facet normal 0.29028467725449214 -0.8992298021005771 -0.3272927881353514
    outer loop
      vertex 212.01227419495967 33.17913295683233 -38.151675533688184
      vertex 212.01227419495967 33.17913295585674 -38.151675531007754
      vertex 211.54329141908727 33.045448177420134 -38.200332811131034
    endloop
  endfacet
  facet normal 0.290284677237085 -0.8992295922322717 -0.3272933647588101
    outer loop
      vertex 212.01227419495967 33.17913295683233 -38.151675533688184
      vertex 211.54329141908727 33.045448177420134 -38.200332811131034
      vertex 211.54329141908727 33.04544817839641 -38.20033281381333
    endloop
  endfacet
  facet normal 0.47139673682599176 0.8287349469267487 0.30163471990492996
    outer loop
      vertex 211.54329141908727 28.704634282416464 -39.78025986443914
      vertex 211.111074417451 28.92172658268538 -39.70124472905287
      vertex 211.54329141908727 28.70463428141816 -39.780259861696315
    endloop
  endfacet
  facet normal 0.4713967368259757 0.8287350054881504 0.3016345590087067
    outer loop
      vertex 211.111074417451 28.92172658268538 -39.70124472905287
      vertex 211.111074417451 28.92172658168818 -39.70124472631308
      vertex 211.54329141908727 28.70463428141816 -39.780259861696315
    endloop
  endfacet
  facet normal 0.47139673681818206 0.8287329352131969 0.30164024699978065
    outer loop
      vertex 211.54329141908727 27.336553709113787 -36.0214893812955
      vertex 211.54329141908727 27.33655370918268 -36.021489381484784
      vertex 211.111074417451 27.55364600944874 -35.94247424609067
    endloop
  endfacet
  facet normal 0.4713967686850193 0.8287347120603367 0.30163531540519783
    outer loop
      vertex 211.54329141908727 27.336553709113787 -36.0214893812955
      vertex 211.111074417451 27.55364600944874 -35.94247424609067
      vertex 211.111074417451 27.553646009382703 -35.94247424590923
    endloop
  endfacet
  facet normal 0.634393284163545 0.7263920353401603 0.2643856501449559
    outer loop
      vertex 211.111074417451 27.553646009382703 -35.94247424590923
      vertex 211.111074417451 27.55364600944874 -35.94247424609067
      vertex 210.73223304703362 27.845803096194267 -35.836137762773404
    endloop
  endfacet
  facet normal 0.6343932841636132 0.7263923075755849 0.26438490218452737
    outer loop
      vertex 211.111074417451 28.92172658268538 -39.70124472905287
      vertex 210.73223304703362 29.21388366943475 -39.59490824574617
      vertex 211.111074417451 28.92172658168818 -39.70124472631308
    endloop
  endfacet
  facet normal 0.471396736825935 -0.8287347373109564 -0.3016352958193062
    outer loop
      vertex 211.54329141908727 33.04544817839641 -38.20033281381333
      vertex 211.54329141908727 33.045448177420134 -38.200332811131034
      vertex 211.111074417451 32.828355877150116 -38.27934794651427
    endloop
  endfacet
  facet normal 0.4713967381909302 -0.8287347759342114 -0.30163518756972646
    outer loop
      vertex 211.54329141908727 33.04544817839641 -38.20033281381333
      vertex 211.111074417451 32.828355877150116 -38.27934794651427
      vertex 211.111074417451 32.828355878127496 -38.2793479491996
    endloop
  endfacet
  facet normal 0.6343932841635945 -0.726392104383259 -0.26438546045081524
    outer loop
      vertex 211.111074417451 32.828355878127496 -38.2793479491996
      vertex 211.111074417451 32.828355877150116 -38.27934794651427
      vertex 210.73223304703362 32.53619879039927 -38.3856844298169
    endloop
  endfacet
  facet normal 0.6343933150542306 0.7263898370929083 0.2643916155679716
    outer loop
      vertex 211.111074417451 27.553646009382703 -35.94247424590923
      vertex 210.73223304703362 27.845803096194267 -35.836137762773404
      vertex 210.73223304703362 27.845803096132073 -35.83613776260253
    endloop
  endfacet
  facet normal 0.6343932841636256 0.7263922743919261 0.2643849933559277
    outer loop
      vertex 210.73223304703362 29.21388366943475 -39.59490824574617
      vertex 210.73223304703362 29.21388366843903 -39.59490824301045
      vertex 211.111074417451 28.92172658168818 -39.70124472631308
    endloop
  endfacet
  facet normal 0.7730104533502903 0.5961327453597971 0.21698061876805988
    outer loop
      vertex 210.73223304703362 27.845803096132073 -35.83613776260253
      vertex 210.73223304703362 27.845803096194267 -35.836137762773404
      vertex 210.42132596924364 28.201797536361696 -35.7065663827947
    endloop
  endfacet
  facet normal 0.7730104533464452 0.5961324658851328 0.2169813866091618
    outer loop
      vertex 210.42132596924364 28.201797536361696 -35.7065663827947
      vertex 210.73223304703362 27.845803096194267 -35.836137762773404
      vertex 210.42132596924364 28.201797536419203 -35.706566382952694
    endloop
  endfacet
  facet normal 0.7730104533627496 0.5961347334152195 0.21697515666057635
    outer loop
      vertex 210.73223304703362 29.21388366943475 -39.59490824574617
      vertex 210.42132596924364 29.56987810867046 -39.465336863207575
      vertex 210.73223304703362 29.21388366843903 -39.59490824301045
    endloop
  endfacet
  facet normal 0.7730104528952321 0.5961347099840435 0.2169752227028434
    outer loop
      vertex 210.73223304703362 29.21388366943475 -39.59490824574617
      vertex 210.42132596924364 29.569878109664373 -39.46533686593833
      vertex 210.42132596924364 29.56987810867046 -39.465336863207575
    endloop
  endfacet
  facet normal 0.881921264348353 0.4429680500359854 0.16122713834066316
    outer loop
      vertex 210.42132596924364 29.569878109664373 -39.46533686593833
      vertex 210.1903011687218 29.976029235688337 -39.31750994236581
      vertex 210.42132596924364 29.56987810867046 -39.465336863207575
    endloop
  endfacet
  facet normal 0.6343932855522518 -0.726392448364831 -0.2643845120364755
    outer loop
      vertex 211.111074417451 32.828355878127496 -38.2793479491996
      vertex 210.73223304703362 32.53619879039927 -38.3856844298169
      vertex 210.73223304703362 32.536198791378126 -38.385684432506295
    endloop
  endfacet
  facet normal 0.773010453362643 -0.5961348749444115 -0.21697476781204714
    outer loop
      vertex 210.73223304703362 32.536198791378126 -38.385684432506295
      vertex 210.73223304703362 32.53619879039927 -38.3856844298169
      vertex 210.42132596924364 32.180204351148504 -38.51525581231414
    endloop
  endfacet
  facet normal 0.773010453362609 -0.5961349004812476 -0.21697469765008656
    outer loop
      vertex 210.42132596924364 32.180204351148504 -38.51525581231414
      vertex 210.73223304703362 32.53619879039927 -38.3856844298169
      vertex 210.42132596924364 32.18020435016784 -38.51525580961978
    endloop
  endfacet
  facet normal 0.8819212643482599 -0.44296819309092544 -0.16122674530029818
    outer loop
      vertex 210.42132596924364 32.180204351148504 -38.51525581231414
      vertex 210.42132596924364 32.18020435016784 -38.51525580961978
      vertex 210.1903011687218 31.774053224132686 -38.663082733161566
    endloop
  endfacet
  facet normal 0.8819212654528464 0.44296801745123987 0.16122722182487645
    outer loop
      vertex 210.42132596924364 29.569878109664373 -39.46533686593833
      vertex 210.1903011687218 29.97602923668019 -39.317509945090904
      vertex 210.1903011687218 29.976029235688337 -39.31750994236581
    endloop
  endfacet
  facet normal 0.9569403357322016 0.2727783591210958 0.09928323445548999
    outer loop
      vertex 210.1903011687218 29.97602923668019 -39.317509945090904
      vertex 210.04803679899192 30.416728889453566 -39.1571083861508
      vertex 210.1903011687218 29.976029235688337 -39.31750994236581
    endloop
  endfacet
  facet normal 0.9569403364182633 0.27277839593556313 0.09928312669594067
    outer loop
      vertex 210.1903011687218 29.97602923668019 -39.317509945090904
      vertex 210.04803679899192 30.41672889044318 -39.15710838886975
      vertex 210.04803679899192 30.416728889453566 -39.1571083861508
    endloop
  endfacet
  facet normal 0.9951847266721981 0.09210599290864999 0.03352381047396144
    outer loop
      vertex 210.04803679899192 30.41672889044318 -39.15710838886975
      vertex 210 30.875041229419146 -38.99029633641367
      vertex 210.04803679899192 30.416728889453566 -39.1571083861508
    endloop
  endfacet
  facet normal 0.9951847267728365 0.09210597590680618 0.03352385419860971
    outer loop
      vertex 210.04803679899192 30.41672889044318 -39.15710838886975
      vertex 210 30.87504123040644 -38.99029633912623
      vertex 210 30.875041229419146 -38.99029633641367
    endloop
  endfacet
  facet normal 0.9951847266721984 -0.09210597670595704 -0.03352385499049407
    outer loop
      vertex 210 30.87504123040644 -38.99029633912623
      vertex 210.04803679899192 31.33335356938473 -38.823484286676546
      vertex 210 30.875041229419146 -38.99029633641367
    endloop
  endfacet
  facet normal 0.8819212643483553 -0.4429680370060664 -0.16122717414006413
    outer loop
      vertex 210.1903011687218 31.774053224132686 -38.663082733161566
      vertex 210.42132596924364 32.18020435016784 -38.51525580961978
      vertex 210.1903011687218 31.77405322314996 -38.66308273046155
    endloop
  endfacet
  facet normal 0.956940336520474 -0.2727783697217653 -0.09928319773263662
    outer loop
      vertex 210.04803679899192 31.333353570369695 -38.82348428938271
      vertex 210.1903011687218 31.774053224132686 -38.663082733161566
      vertex 210.1903011687218 31.77405322314996 -38.66308273046155
    endloop
  endfacet
  facet normal 0.956940335732196 -0.27277833218708547 -0.09928330845607448
    outer loop
      vertex 210.04803679899192 31.333353570369695 -38.82348428938271
      vertex 210.1903011687218 31.77405322314996 -38.66308273046155
      vertex 210.04803679899192 31.33335356938473 -38.823484286676546
    endloop
  endfacet
  facet normal 0.9951847266721978 -0.09210597099963705 -0.03352387066847885
    outer loop
      vertex 210.04803679899192 31.333353570369695 -38.82348428938271
      vertex 210.04803679899192 31.33335356938473 -38.823484286676546
      vertex 210 30.87504123040644 -38.99029633912623
    endloop
  endfacet
  facet normal 0.8819212643380786 0.4429663840269549 0.16123171564679617
    outer loop
      vertex 210.42132596924364 28.201797536361696 -35.7065663827947
      vertex 210.42132596924364 28.201797536419203 -35.706566382952694
      vertex 210.1903011687218 28.607948663377513 -35.55873946194727
    endloop
  endfacet
  facet normal 0.8819212643392335 0.44296647957313184 0.16123145313763745
    outer loop
      vertex 210.1903011687218 28.607948663377513 -35.55873946194727
      vertex 210.42132596924364 28.201797536419203 -35.706566382952694
      vertex 210.1903011687218 28.607948663429678 -35.558739462090585
    endloop
  endfacet
  facet normal 0.9569403357303725 0.2727774112762315 0.09928583861598679
    outer loop
      vertex 210.1903011687218 28.607948663377513 -35.55873946194727
      vertex 210.1903011687218 28.607948663429678 -35.558739462090585
      vertex 210.0480367989903 29.0486483172024 -35.398337905847846
    endloop
  endfacet
  facet normal -0.7730104533614411 0.5961353184092476 0.21697354939956226
    outer loop
      vertex 214.57867403075636 114.14221398039612 -8.68352396662815
      vertex 214.26776695296638 113.78621953960001 -8.813095344879553
      vertex 214.57867403075636 114.14221397983144 -8.683523965076683
    endloop
  endfacet
  facet normal -0.7730104573087704 0.5961340092558748 0.21697713220476125
    outer loop
      vertex 214.57867403075636 114.14221398039612 -8.68352396662815
      vertex 214.26776695296638 113.78621954016651 -8.813095346435988
      vertex 214.26776695296638 113.78621953960001 -8.813095344879553
    endloop
  endfacet
  facet normal -0.6343932841617785 0.7263913926775852 0.264387415839618
    outer loop
      vertex 214.26776695296638 113.78621954016651 -8.813095346435988
      vertex 213.888925582549 113.49406245284916 -8.919431828182178
      vertex 214.26776695296638 113.78621953960001 -8.813095344879553
    endloop
  endfacet
  facet normal -0.6343932841634852 0.726391984739902 0.2643857891678251
    outer loop
      vertex 213.888925582549 113.49406245341714 -8.919431829742685
      vertex 213.888925582549 113.49406245284916 -8.919431828182178
      vertex 214.26776695296638 113.78621954016651 -8.813095346435988
    endloop
  endfacet
  facet normal -0.7730104533626097 -0.5961348995428872 -0.2169747002282165
    outer loop
      vertex 214.57867403075636 116.75254022188027 -7.73344291300395
      vertex 214.57867403075636 116.75254022132883 -7.733442911488882
      vertex 214.26776695296638 117.10853466210989 -7.603871533196111
    endloop
  endfacet
  facet normal -0.7730104533627054 -0.5961348130458505 -0.2169749378771047
    outer loop
      vertex 214.26776695296638 117.10853466210989 -7.603871533196111
      vertex 214.57867403075636 116.75254022132883 -7.733442911488882
      vertex 214.26776695296638 117.10853466156026 -7.6038715316860035
    endloop
  endfacet
  facet normal -0.6343932841635547 -0.726392371422124 -0.2643847267674937
    outer loop
      vertex 214.26776695296638 117.10853466210989 -7.603871533196111
      vertex 214.26776695296638 117.10853466156026 -7.6038715316860035
      vertex 213.888925582549 117.40069174885924 -7.4975350498894135
    endloop
  endfacet
  facet normal -0.634393284161836 -0.7263914098066825 -0.26438736877812474
    outer loop
      vertex 213.888925582549 117.40069174885924 -7.4975350498894135
      vertex 214.26776695296638 117.10853466156026 -7.6038715316860035
      vertex 213.888925582549 117.40069174831109 -7.497535048383384
    endloop
  endfacet
  facet normal -0.4713967368258387 0.8287346371675329 0.30163557096063526
    outer loop
      vertex 213.888925582549 113.49406245341714 -8.919431829742685
      vertex 213.45670858091273 113.27697015257915 -8.998446963565419
      vertex 213.888925582549 113.49406245284916 -8.919431828182178
    endloop
  endfacet
  facet normal -0.471396734243706 0.8287359114122943 0.30163207402397185
    outer loop
      vertex 213.888925582549 113.49406245341714 -8.919431829742685
      vertex 213.45670858091273 113.27697015314823 -8.998446965128952
      vertex 213.45670858091273 113.27697015257915 -8.998446963565419
    endloop
  endfacet
  facet normal -0.47139673682429833 -0.8287339812302775 -0.3016373731247795
    outer loop
      vertex 213.888925582549 117.40069174885924 -7.4975350498894135
      vertex 213.888925582549 117.40069174831109 -7.497535048383384
      vertex 213.45670858091273 117.61778404912818 -7.418519914503146
    endloop
  endfacet
  facet normal -0.4713967368256334 -0.8287353457816866 -0.3016336240578173
    outer loop
      vertex 213.45670858091273 117.61778404912818 -7.418519914503146
      vertex 213.888925582549 117.40069174831109 -7.497535048383384
      vertex 213.45670858091273 117.61778404858113 -7.41851991300014
    endloop
  endfacet
  facet normal -0.2902846772529888 0.8992308635915951 0.32728987169853296
    outer loop
      vertex 213.45670858091273 113.27697015314823 -8.998446965128952
      vertex 212.98772580504033 113.14328537414256 -9.047104243688697
      vertex 213.45670858091273 113.27697015257915 -8.998446963565419
    endloop
  endfacet
  facet normal -0.29028467894451193 0.8992302646909364 0.3272915156766977
    outer loop
      vertex 213.45670858091273 113.27697015314823 -8.998446965128952
      vertex 212.98772580504033 113.14328537471232 -9.047104245254095
      vertex 212.98772580504033 113.14328537414256 -9.047104243688697
    endloop
  endfacet
  facet normal -0.09801714032946877 0.9351682532496483 0.3403718236218074
    outer loop
      vertex 212.98772580504033 113.14328537471232 -9.047104245254095
      vertex 212.5 113.09814554860344 -9.063533796564196
      vertex 212.98772580504033 113.14328537414256 -9.047104243688697
    endloop
  endfacet
  facet normal -0.29028467725417606 -0.8992302511396539 -0.32729155440792207
    outer loop
      vertex 213.45670858091273 117.61778404912818 -7.418519914503146
      vertex 213.45670858091273 117.61778404858113 -7.41851991300014
      vertex 212.98772580504033 117.75146882756408 -7.369862634378004
    endloop
  endfacet
  facet normal -0.29028467725258916 -0.8992310024810117 -0.32728949009913955
    outer loop
      vertex 212.98772580504033 117.75146882756408 -7.369862634378004
      vertex 213.45670858091273 117.61778404858113 -7.41851991300014
      vertex 212.98772580504033 117.75146882701772 -7.3698626328768615
    endloop
  endfacet
  facet normal -0.09801714032886666 -0.9351690236090031 -0.34036970705974284
    outer loop
      vertex 212.98772580504033 117.75146882756408 -7.369862634378004
      vertex 212.98772580504033 117.75146882701772 -7.3698626328768615
      vertex 212.5 117.79660865310296 -7.353433081501877
    endloop
  endfacet
  facet normal -0.09801714039038577 0.9351684171189042 0.34037137337475204
    outer loop
      vertex 212.98772580504033 113.14328537471232 -9.047104245254095
      vertex 212.5 113.09814554917342 -9.063533798130221
      vertex 212.5 113.09814554860344 -9.063533796564196
    endloop
  endfacet
  facet normal 0.09801714032938756 0.9351684171978856 0.3403713731753165
    outer loop
      vertex 212.5 113.09814554917342 -9.063533798130221
      vertex 212.01227419495967 113.14328537414256 -9.047104243688697
      vertex 212.5 113.09814554860344 -9.063533796564196
    endloop
  endfacet
  facet normal 0.09801714023580654 0.9351682524229444 0.3403718259201404
    outer loop
      vertex 212.5 113.09814554917342 -9.063533798130221
      vertex 212.01227419495967 113.14328537471232 -9.047104245254095
      vertex 212.01227419495967 113.14328537414256 -9.047104243688697
    endloop
  endfacet
  facet normal -0.09801714032932998 -0.9351684643186483 -0.34037124371127647
    outer loop
      vertex 212.5 117.79660865310296 -7.353433081501877
      vertex 212.98772580504033 117.75146882701772 -7.3698626328768615
      vertex 212.5 117.79660865255683 -7.353433080001367
    endloop
  endfacet
  facet normal 0.09801714032933528 -0.935168464318648 -0.34037124371127636
    outer loop
      vertex 212.5 117.79660865310296 -7.353433081501877
      vertex 212.5 117.79660865255683 -7.353433080001367
      vertex 212.01227419495967 117.75146882756408 -7.369862634378004
    endloop
  endfacet
  facet normal 0.09801714032886134 -0.9351690236090036 -0.340369707059743
    outer loop
      vertex 212.01227419495967 117.75146882756408 -7.369862634378004
      vertex 212.5 117.79660865255683 -7.353433080001367
      vertex 212.01227419495967 117.75146882701772 -7.3698626328768615
    endloop
  endfacet
  facet normal 0.2902846772541697 0.8992302617257381 0.32729152532276656
    outer loop
      vertex 212.01227419495967 113.14328537471232 -9.047104245254095
      vertex 211.54329141908727 113.27697015257915 -8.998446963565419
      vertex 212.01227419495967 113.14328537414256 -9.047104243688697
    endloop
  endfacet
  facet normal 0.290284674753813 0.8992308604386668 0.3272898825778271
    outer loop
      vertex 212.01227419495967 113.14328537471232 -9.047104245254095
      vertex 211.54329141908727 113.27697015314823 -8.998446965128952
      vertex 211.54329141908727 113.27697015257915 -8.998446963565419
    endloop
  endfacet
  facet normal 0.2902846772525886 -0.899231002481012 -0.32728949009913966
    outer loop
      vertex 212.01227419495967 117.75146882756408 -7.369862634378004
      vertex 212.01227419495967 117.75146882701772 -7.3698626328768615
      vertex 211.54329141908727 117.61778404858113 -7.418519913000139
    endloop
  endfacet
  facet normal 0.2902846772540974 -0.8992303132995364 -0.32729138362429
    outer loop
      vertex 211.54329141908727 117.61778404912818 -7.418519914503146
      vertex 212.01227419495967 117.75146882756408 -7.369862634378004
      vertex 211.54329141908727 117.61778404858113 -7.418519913000139
    endloop
  endfacet
  facet normal 0.47139673682395444 0.8287359102211598 0.30163207326415603
    outer loop
      vertex 211.54329141908727 113.27697015314823 -8.998446965128952
      vertex 211.111074417451 113.49406245341714 -8.919431829742685
      vertex 211.54329141908727 113.27697015257915 -8.998446963565419
    endloop
  endfacet
  facet normal 0.4713967368256945 0.8287345268140606 0.30163587415352655
    outer loop
      vertex 211.111074417451 113.49406245341714 -8.919431829742685
      vertex 211.111074417451 113.49406245284916 -8.91943182818218
      vertex 211.54329141908727 113.27697015257915 -8.998446963565419
    endloop
  endfacet
  facet normal 0.6343932841633371 0.7263918880143251 0.2643860549186354
    outer loop
      vertex 211.111074417451 113.49406245341714 -8.919431829742685
      vertex 210.73223304703362 113.78621954016651 -8.813095346435988
      vertex 211.111074417451 113.49406245284916 -8.91943182818218
    endloop
  endfacet
  facet normal 0.47139673682551336 -0.8287354030686022 -0.30163346666273505
    outer loop
      vertex 211.54329141908727 117.61778404912818 -7.418519914503146
      vertex 211.54329141908727 117.61778404858113 -7.418519913000139
      vertex 211.111074417451 117.40069174885924 -7.4975350498894135
    endloop
  endfacet
  facet normal 0.4713967368240915 -0.8287339240571471 -0.3016375302054456
    outer loop
      vertex 211.111074417451 117.40069174885924 -7.4975350498894135
      vertex 211.54329141908727 117.61778404858113 -7.418519913000139
      vertex 211.111074417451 117.40069174831109 -7.4975350483833845
    endloop
  endfacet
  facet normal 0.6343932841616164 -0.7263913596940927 -0.26438750646050857
    outer loop
      vertex 211.111074417451 117.40069174885924 -7.4975350498894135
      vertex 211.111074417451 117.40069174831109 -7.4975350483833845
      vertex 210.73223304703362 117.10853466210989 -7.603871533196111
    endloop
  endfacet
  facet normal 0.6343932841613186 0.7263912956981138 0.2643876822868872
    outer loop
      vertex 210.73223304703362 113.78621954016651 -8.813095346435988
      vertex 210.73223304703362 113.78621953960001 -8.813095344879555
      vertex 211.111074417451 113.49406245284916 -8.91943182818218
    endloop
  endfacet
  facet normal 0.7730104533608593 0.5961339302226693 0.21697736340944115
    outer loop
      vertex 210.73223304703362 113.78621954016651 -8.813095346435988
      vertex 210.42132596924364 114.14221397983144 -8.683523965076683
      vertex 210.73223304703362 113.78621953960001 -8.813095344879555
    endloop
  endfacet
  facet normal 0.7730104513958945 0.5961353183712954 0.21697355650647784
    outer loop
      vertex 210.73223304703362 113.78621954016651 -8.813095346435988
      vertex 210.42132596924364 114.14221398039612 -8.68352396662815
      vertex 210.42132596924364 114.14221397983144 -8.683523965076683
    endloop
  endfacet
  facet normal 0.8819212643475329 0.44296850363972945 0.16122589207328883
    outer loop
      vertex 210.42132596924364 114.14221398039612 -8.68352396662815
      vertex 210.1903011687218 114.54836510684933 -8.535697044234912
      vertex 210.42132596924364 114.14221397983144 -8.683523965076683
    endloop
  endfacet
  facet normal 0.6343932841635821 -0.7263923214455922 -0.2643848640770265
    outer loop
      vertex 210.73223304703362 117.10853466210989 -7.603871533196111
      vertex 211.111074417451 117.40069174831109 -7.4975350483833845
      vertex 210.73223304703362 117.10853466156026 -7.603871531686004
    endloop
  endfacet
  facet normal 0.7730104533627344 -0.5961347720311552 -0.21697505056412034
    outer loop
      vertex 210.73223304703362 117.10853466210989 -7.603871533196111
      vertex 210.73223304703362 117.10853466156026 -7.603871531686004
      vertex 210.42132596924364 116.75254022188027 -7.73344291300395
    endloop
  endfacet
  facet normal 0.7730104533625459 -0.5961349404231894 -0.21697458791036256
    outer loop
      vertex 210.42132596924364 116.75254022188027 -7.73344291300395
      vertex 210.73223304703362 117.10853466156026 -7.603871531686004
      vertex 210.42132596924364 116.75254022132883 -7.733442911488881
    endloop
  endfacet
  facet normal 0.8819212643482282 -0.4429682227704679 -0.16122666375632763
    outer loop
      vertex 210.42132596924364 116.75254022188027 -7.73344291300395
      vertex 210.42132596924364 116.75254022132883 -7.733442911488881
      vertex 210.1903011687218 116.34638909486443 -7.881269833851384
    endloop
  endfacet
  facet normal 0.8819212667655886 0.4429683913206394 0.1612261874429345
    outer loop
      vertex 210.42132596924364 114.14221398039612 -8.68352396662815
      vertex 210.1903011687218 114.54836510741195 -8.535697045780713
      vertex 210.1903011687218 114.54836510684933 -8.535697044234912
    endloop
  endfacet
  facet normal 0.8819212643481901 -0.4429682478680326 -0.1612265948012763
    outer loop
      vertex 210.1903011687218 116.34638909486443 -7.881269833851384
      vertex 210.42132596924364 116.75254022132883 -7.733442911488881
      vertex 210.1903011687218 116.34638909431094 -7.881269832330653
    endloop
  endfacet
  facet normal 0.9569403357320045 0.27277858812194344 0.09928260528067041
    outer loop
      vertex 210.1903011687218 114.54836510741195 -8.535697045780713
      vertex 210.04803679899192 114.98906476061455 -8.375295488019907
      vertex 210.1903011687218 114.54836510684933 -8.535697044234912
    endloop
  endfacet
  facet normal 0.9569403366925082 0.272778397915511 0.09928311861276494
    outer loop
      vertex 210.1903011687218 114.54836510741195 -8.535697045780713
      vertex 210.04803679899192 114.98906476117494 -8.37529548955957
      vertex 210.04803679899192 114.98906476061455 -8.375295488019907
    endloop
  endfacet
  facet normal 0.9569403357321288 -0.2727785001911104 -0.0992828468687763
    outer loop
      vertex 210.1903011687218 116.34638909486443 -7.881269833851384
      vertex 210.1903011687218 116.34638909431094 -7.881269832330653
      vertex 210.04803679899192 115.90568944110146 -8.04167139007253
    endloop
  endfacet
  facet normal 0.9569403357317643 -0.27277804262963046 -0.09928410400827366
    outer loop
      vertex 210.04803679899192 115.90568944110146 -8.04167139007253
      vertex 210.1903011687218 116.34638909431094 -7.881269832330653
      vertex 210.04803679899192 115.90568944054571 -8.041671388545652
    endloop
  endfacet
  facet normal 0.9951847266721981 0.0921059934666543 0.03352380894085438
    outer loop
      vertex 210.04803679899192 114.98906476117494 -8.37529548955957
      vertex 210 115.44737710058014 -8.20848343828278
      vertex 210.04803679899192 114.98906476061455 -8.375295488019907
    endloop
  endfacet
  facet normal 0.9951847267316567 0.09210606437431662 0.03352361235774287
    outer loop
      vertex 210.04803679899192 114.98906476117494 -8.37529548955957
      vertex 210 115.4473771011382 -8.20848343981605
      vertex 210 115.44737710058014 -8.20848343828278
    endloop
  endfacet
  facet normal 0.9951847266721467 -0.09210587322808507 -0.03352413929359551
    outer loop
      vertex 210.04803679899192 115.90568944110146 -8.04167139007253
      vertex 210.04803679899192 115.90568944054571 -8.041671388545652
      vertex 210 115.4473771011382 -8.20848343981605
    endloop
  endfacet
  facet normal 0.9951847266721703 -0.09210606453869064 -0.033523613672038884
    outer loop
      vertex 210 115.4473771011382 -8.20848343981605
      vertex 210.04803679899192 115.90568944054571 -8.041671388545652
      vertex 210 115.44737710058014 -8.20848343828278
    endloop
  endfacet
  facet normal 1 0 0
    outer loop
      vertex 224 8.32241833154464 -47.19877977894228
      vertex 224 8.322418332099915 -47.19877977531214
      vertex 224 1.1399953217055838 -27.465234742438206
    endloop
  endfacet
  facet normal 1 0 0
    outer loop
      vertex 224 1.1399953217055838 -27.465234742438206
      vertex 224 8.322418332099915 -47.19877977531214
      vertex 224 48.14984882622957 -16.740113979687884
    endloop
  endfacet
  facet normal 1 0 0
    outer loop
      vertex 224 1.1399953217055838 -27.465234742438206
      vertex 224 48.14984882622957 -16.740113979687884
      vertex 224 29.516924763144477 -17.136877085882197
    endloop
  endfacet
  facet normal 1 5.307981362614788e-13 -8.119212434710333e-14
    outer loop
      vertex 224 8.32241833154464 -47.19877977894228
      vertex 223.999999999935 137.9999999995564 1.218791933904597e-9
      vertex 224 8.322418332099915 -47.19877977531214
    endloop
  endfacet
  facet normal 1 0 0
    outer loop
      vertex 224 29.516924763144477 -17.136877085882197
      vertex 224 48.14984882622957 -16.740113979687884
      vertex 224 54.20542208862881 -8.150998930645157
    endloop
  endfacet
  facet normal 0 -0.9396926207859082 -0.34202014332566927
    outer loop
      vertex 224 8.32241833154464 -47.19877977894228
      vertex 224 1.1399953217055838 -27.465234742438206
      vertex 205 1.1399953217055838 -27.465234742438206
    endloop
  endfacet
  facet normal 0 -0.34202014332566866 0.9396926207859084
    outer loop
      vertex 224 1.1399953217055838 -27.465234742438206
      vertex 224 29.516924763144477 -17.136877085882197
      vertex 205 1.1399953217055838 -27.465234742438206
    endloop
  endfacet
  facet normal -1.072605258838174e-14 0.34202014332566383 -0.9396926207859102
    outer loop
      vertex 224 8.32241833154464 -47.19877977894228
      vertex 214.26776695296638 29.21388366943475 -39.59490824574617
      vertex 214.57867403075636 29.569878109664373 -39.46533686593833
    endloop
  endfacet
  facet normal 7.490897438003785e-15 0.3420201433256724 -0.939692620785907
    outer loop
      vertex 224 8.32241833154464 -47.19877977894228
      vertex 214.8096988312782 29.97602923668019 -39.317509945090904
      vertex 214.95196320100808 30.41672889044318 -39.15710838886975
    endloop
  endfacet
  facet normal 1.0256073307622951e-14 0.34202014332567077 -0.9396926207859075
    outer loop
      vertex 224 8.32241833154464 -47.19877977894228
      vertex 214.95196320100808 30.41672889044318 -39.15710838886975
      vertex 215 30.87504123040644 -38.99029633912623
    endloop
  endfacet
  facet normal 0 0.34202014332566844 -0.9396926207859085
    outer loop
      vertex 224 8.32241833154464 -47.19877977894228
      vertex 214.57867403075636 29.569878109664373 -39.46533686593833
      vertex 214.8096988312782 29.97602923668019 -39.317509945090904
    endloop
  endfacet
  facet normal -2.482611843707644e-15 0.3420201433256686 -0.9396926207859084
    outer loop
      vertex 224 8.32241833154464 -47.19877977894228
      vertex 213.888925582549 28.92172658268538 -39.70124472905287
      vertex 214.26776695296638 29.21388366943475 -39.59490824574617
    endloop
  endfacet
  facet normal 9.625766672251623e-15 0.3420201433256733 -0.9396926207859068
    outer loop
      vertex 224 8.32241833154464 -47.19877977894228
      vertex 213.45670858091273 28.704634282416464 -39.78025986443914
      vertex 213.888925582549 28.92172658268538 -39.70124472905287
    endloop
  endfacet
  facet normal 0 -0.34202014332566877 0.9396926207859084
    outer loop
      vertex 205 36.10052406004875 -14.740642907473147
      vertex 220 36.10052406004875 -14.740642907473147
      vertex 220 54.20542208862881 -8.150998930645157
    endloop
  endfacet
  facet normal -2.892794852967329e-16 0.34202014332566866 -0.9396926207859084
    outer loop
      vertex 224 8.32241833154464 -47.19877977894228
      vertex 215 30.87504123040644 -38.99029633912623
      vertex 205 138 0
    endloop
  endfacet
  facet normal 1 0 0
    outer loop
      vertex 224 123 16.888179708001125
      vertex 224 54.20542208862881 -8.150998930645157
      vertex 224 48.14984882622957 -16.740113979687884
    endloop
  endfacet
  facet normal 0.9987465770407045 -0.017119038707667296 0.047034172292085535
    outer loop
      vertex 224 8.32241833154464 -47.19877977894228
      vertex 224 138 0
      vertex 223.999999999935 137.9999999995564 1.218791933904597e-9
    endloop
  endfacet
  facet normal 0 0.34202014332566866 -0.9396926207859084
    outer loop
      vertex 224 8.32241833154464 -47.19877977894228
      vertex 215 115.4473771011382 -8.20848343981605
      vertex 224 138 0
    endloop
  endfacet
  facet normal 0 -0.3420201433256687 0.9396926207859083
    outer loop
      vertex 224 123 16.888179708001125
      vertex 220 54.20542208862881 -8.150998930645157
      vertex 224 54.20542208862881 -8.150998930645157
    endloop
  endfacet
  facet normal 1 0 0
    outer loop
      vertex 224 123 16.888179708001125
      vertex 224 48.14984882622957 -16.740113979687884
      vertex 224 123 10.503113077471063
    endloop
  endfacet
  facet normal 0 0.34202014332566644 -0.9396926207859092
    outer loop
      vertex 224 8.32241833154464 -47.19877977894228
      vertex 214.8096988312782 114.54836510741195 -8.535697045780713
      vertex 214.95196320100808 114.98906476117494 -8.37529548955957
    endloop
  endfacet
  facet normal 1.5113906738877023e-14 0.3420201433256693 -0.9396926207859082
    outer loop
      vertex 224 8.32241833154464 -47.19877977894228
      vertex 214.57867403075636 114.14221398039612 -8.68352396662815
      vertex 214.8096988312782 114.54836510741195 -8.535697045780713
    endloop
  endfacet
  facet normal 9.2187293578105e-14 0.3420201433256736 -0.9396926207859065
    outer loop
      vertex 224 8.32241833154464 -47.19877977894228
      vertex 214.95196320100808 114.98906476117494 -8.37529548955957
      vertex 215 115.4473771011382 -8.20848343981605
    endloop
  endfacet
  facet normal -1.178689209939912e-14 0.34202014332566777 -0.9396926207859086
    outer loop
      vertex 224 8.32241833154464 -47.19877977894228
      vertex 214.26776695296638 113.78621954016651 -8.813095346435988
      vertex 214.57867403075636 114.14221398039612 -8.68352396662815
    endloop
  endfacet
  facet normal 0 0.342020143325669 -0.9396926207859082
    outer loop
      vertex 224 8.32241833154464 -47.19877977894228
      vertex 213.888925582549 113.49406245341714 -8.919431829742685
      vertex 214.26776695296638 113.78621954016651 -8.813095346435988
    endloop
  endfacet
  facet normal 0 0.342020143325669 -0.9396926207859082
    outer loop
      vertex 224 8.32241833154464 -47.19877977894228
      vertex 213.45670858091273 113.27697015314823 -8.998446965128952
      vertex 213.888925582549 113.49406245341714 -8.919431829742685
    endloop
  endfacet
  facet normal 4.453602305524471e-16 -0.34202014332566877 0.9396926207859084
    outer loop
      vertex 224 123 16.888179708001125
      vertex 205 36.10052406004875 -14.740642907473147
      vertex 220 54.20542208862881 -8.150998930645157
    endloop
  endfacet
  facet normal 1.6879766818942283e-14 0.3420201433256697 -0.9396926207859081
    outer loop
      vertex 224 8.32241833154464 -47.19877977894228
      vertex 212.98772580504033 113.14328537471232 -9.047104245254095
      vertex 213.45670858091273 113.27697015314823 -8.998446965128952
    endloop
  endfacet
  facet normal -8.278089869142264e-15 0.34202014332566777 -0.9396926207859088
    outer loop
      vertex 224 8.32241833154464 -47.19877977894228
      vertex 212.5 113.09814554917342 -9.063533798130221
      vertex 212.98772580504033 113.14328537471232 -9.047104245254095
    endloop
  endfacet
  facet normal 8.447998596904797e-15 0.34202014332566905 -0.9396926207859082
    outer loop
      vertex 224 8.32241833154464 -47.19877977894228
      vertex 212.01227419495967 113.14328537471232 -9.047104245254095
      vertex 212.5 113.09814554917342 -9.063533798130221
    endloop
  endfacet
  facet normal -1.797112020096767e-14 0.34202014332566705 -0.9396926207859089
    outer loop
      vertex 224 8.32241833154464 -47.19877977894228
      vertex 211.54329141908727 113.27697015314823 -8.998446965128952
      vertex 212.01227419495967 113.14328537471232 -9.047104245254095
    endloop
  endfacet
  facet normal 0 0.3420201433256706 -0.9396926207859078
    outer loop
      vertex 224 8.32241833154464 -47.19877977894228
      vertex 211.111074417451 113.49406245341714 -8.919431829742685
      vertex 211.54329141908727 113.27697015314823 -8.998446965128952
    endloop
  endfacet
  facet normal 0 0.3420201433256698 -0.939692620785908
    outer loop
      vertex 224 8.32241833154464 -47.19877977894228
      vertex 210.73223304703362 113.78621954016651 -8.813095346435988
      vertex 211.111074417451 113.49406245341714 -8.919431829742685
    endloop
  endfacet
  facet normal 1.5225533464872432e-14 0.3420201433256701 -0.9396926207859079
    outer loop
      vertex 224 8.32241833154464 -47.19877977894228
      vertex 210.42132596924364 114.14221398039612 -8.68352396662815
      vertex 210.73223304703362 113.78621954016651 -8.813095346435988
    endloop
  endfacet
  facet normal -2.257144795869929e-14 0.3420201433256674 -0.9396926207859089
    outer loop
      vertex 224 8.32241833154464 -47.19877977894228
      vertex 210.1903011687218 114.54836510741195 -8.535697045780713
      vertex 210.42132596924364 114.14221398039612 -8.68352396662815
    endloop
  endfacet
  facet normal 0 0.3420201433256681 -0.9396926207859086
    outer loop
      vertex 224 8.32241833154464 -47.19877977894228
      vertex 210.04803679899192 114.98906476117494 -8.37529548955957
      vertex 210.1903011687218 114.54836510741195 -8.535697045780713
    endloop
  endfacet
  facet normal 0 -0.3420201433256685 0.9396926207859084
    outer loop
      vertex 205 36.10052406004875 -14.740642907473147
      vertex 224 123 16.888179708001125
      vertex 220 123 16.888179708001125
    endloop
  endfacet
  facet normal -1.0256073307622951e-14 0.34202014332567077 -0.9396926207859075
    outer loop
      vertex 224 138 0
      vertex 215 115.4473771011382 -8.20848343981605
      vertex 214.95196320100808 115.90568944110146 -8.04167139007253
    endloop
  endfacet
  facet normal 0 0.34202014332566893 -0.9396926207859083
    outer loop
      vertex 224 138 0
      vertex 214.95196320100808 115.90568944110146 -8.04167139007253
      vertex 214.8096988312782 116.34638909486443 -7.881269833851384
    endloop
  endfacet
  facet normal 3.057486406902074e-15 0.34202014332566755 -0.9396926207859088
    outer loop
      vertex 224 138 0
      vertex 214.8096988312782 116.34638909486443 -7.881269833851384
      vertex 214.57867403075636 116.75254022188027 -7.73344291300395
    endloop
  endfacet
  facet normal 5.363026294190864e-15 0.34202014332566616 -0.9396926207859093
    outer loop
      vertex 224 138 0
      vertex 214.57867403075636 116.75254022188027 -7.73344291300395
      vertex 214.26776695296638 117.10853466210989 -7.603871533196111
    endloop
  endfacet
  facet normal -4.965223687415348e-15 0.3420201433256715 -0.9396926207859073
    outer loop
      vertex 224 138 0
      vertex 214.26776695296638 117.10853466210989 -7.603871533196111
      vertex 213.888925582549 117.40069174885924 -7.4975350498894135
    endloop
  endfacet
  facet normal 7.219325004188629e-15 0.3420201433256655 -0.9396926207859096
    outer loop
      vertex 224 138 0
      vertex 213.888925582549 117.40069174885924 -7.4975350498894135
      vertex 213.45670858091273 117.61778404912818 -7.418519914503146
    endloop
  endfacet
  facet normal 0 0.9396921115440061 0.34202154245305544
    outer loop
      vertex 224 138 0
      vertex 205 137.9999999995564 1.218791933904597e-9
      vertex 223.999999999935 137.9999999995564 1.218791933904597e-9
    endloop
  endfacet
  facet normal 0 -0.34202014332566855 0.9396926207859085
    outer loop
      vertex 205 130.81757699016094 19.733545036504076
      vertex 220 123 16.888179708001125
      vertex 220 130.81757699016094 19.733545036504076
    endloop
  endfacet
  facet normal 0 0.9396926207859083 0.34202014332566905
    outer loop
      vertex 205 130.81757699016094 19.733545036504076
      vertex 220 130.81757699016094 19.733545036504076
      vertex 220 134 10.989909677818462
    endloop
  endfacet
  facet normal 0 0.34202014332566866 -0.9396926207859084
    outer loop
      vertex 224 8.32241833154464 -47.19877977894228
      vertex 205 8.32241833154464 -47.19877977894228
      vertex 213.45670858091273 28.704634282416464 -39.78025986443914
    endloop
  endfacet
  facet normal 0 -0.9396926207859082 -0.34202014332566927
    outer loop
      vertex 224 8.32241833154464 -47.19877977894228
      vertex 205 1.1399953217055838 -27.465234742438206
      vertex 205 8.32241833154464 -47.19877977894228
    endloop
  endfacet
  facet normal 2.1290244198349518e-15 0.34202014332566794 -0.9396926207859088
    outer loop
      vertex 213.45670858091273 28.704634282416464 -39.78025986443914
      vertex 205 8.32241833154464 -47.19877977894228
      vertex 212.98772580504033 28.570949503980543 -39.828917144564286
    endloop
  endfacet
  facet normal 2.6697992965374515e-15 0.3420201433256677 -0.9396926207859088
    outer loop
      vertex 212.98772580504033 28.570949503980543 -39.828917144564286
      vertex 205 8.32241833154464 -47.19877977894228
      vertex 212.5 28.525809678441675 -39.845346697440405
    endloop
  endfacet
  facet normal -2.4924379058877288e-15 0.34202014332566943 -0.9396926207859082
    outer loop
      vertex 212.5 28.525809678441675 -39.845346697440405
      vertex 205 8.32241833154464 -47.19877977894228
      vertex 212.01227419495967 28.570949503980543 -39.828917144564286
    endloop
  endfacet
  facet normal 0 -0.34202014332566877 0.9396926207859084
    outer loop
      vertex 205 1.1399953217055838 -27.465234742438206
      vertex 224 29.516924763144477 -17.136877085882197
      vertex 205 29.516924763144488 -17.136877085882194
    endloop
  endfacet
  facet normal -3.1438000002544385e-13 0.34202014332564307 -0.9396926207859178
    outer loop
      vertex 215 30.87504123040644 -38.99029633912623
      vertex 214.95196320100808 31.333353570369695 -38.82348428938271
      vertex 205 138 0
    endloop
  endfacet
  facet normal 3.8988264868725155e-14 0.3420201433256718 -0.9396926207859072
    outer loop
      vertex 214.95196320100808 31.333353570369695 -38.82348428938271
      vertex 214.8096988312782 31.774053224132686 -38.663082733161566
      vertex 205 138 0
    endloop
  endfacet
  facet normal 2.598451137001502e-15 0.34202014332566893 -0.9396926207859083
    outer loop
      vertex 214.8096988312782 31.774053224132686 -38.663082733161566
      vertex 214.57867403075636 32.180204351148504 -38.51525581231414
      vertex 205 138 0
    endloop
  endfacet
  facet normal -3.848997988183075e-15 0.34202014332566844 -0.9396926207859084
    outer loop
      vertex 214.57867403075636 32.180204351148504 -38.51525581231414
      vertex 214.26776695296638 32.536198791378126 -38.385684432506295
      vertex 205 138 0
    endloop
  endfacet
  facet normal 2.4648717742112127e-15 0.34202014332566893 -0.9396926207859083
    outer loop
      vertex 214.26776695296638 32.536198791378126 -38.385684432506295
      vertex 213.888925582549 32.828355878127496 -38.2793479491996
      vertex 205 138 0
    endloop
  endfacet
  facet normal 5.0620761800300646e-15 0.3420201433256691 -0.9396926207859083
    outer loop
      vertex 213.888925582549 32.828355878127496 -38.2793479491996
      vertex 213.45670858091273 33.04544817839641 -38.20033281381333
      vertex 205 138 0
    endloop
  endfacet
  facet normal -1.9090258335594695e-15 0.34202014332566855 -0.9396926207859084
    outer loop
      vertex 213.45670858091273 33.04544817839641 -38.20033281381333
      vertex 212.98772580504033 33.17913295683233 -38.151675533688184
      vertex 205 138 0
    endloop
  endfacet
  facet normal -6.334014143498998e-15 0.34202014332566827 -0.9396926207859085
    outer loop
      vertex 212.98772580504033 33.17913295683233 -38.151675533688184
      vertex 212.5 33.224272782371216 -38.13524598081206
      vertex 205 138 0
    endloop
  endfacet
  facet normal 6.2506410258936595e-15 0.3420201433256691 -0.9396926207859083
    outer loop
      vertex 212.5 33.224272782371216 -38.13524598081206
      vertex 212.01227419495967 33.17913295683233 -38.151675533688184
      vertex 205 138 0
    endloop
  endfacet
  facet normal -1.7098421970881253e-15 0.3420201433256692 -0.9396926207859082
    outer loop
      vertex 212.01227419495967 28.570949503980543 -39.828917144564286
      vertex 205 8.32241833154464 -47.19877977894228
      vertex 211.54329141908727 28.704634282416464 -39.78025986443914
    endloop
  endfacet
  facet normal -9.13748737396866e-15 0.34202014332567127 -0.9396926207859074
    outer loop
      vertex 211.54329141908727 28.704634282416464 -39.78025986443914
      vertex 205 8.32241833154464 -47.19877977894228
      vertex 211.111074417451 28.92172658268538 -39.70124472905287
    endloop
  endfacet
  facet normal 2.001836483724892e-15 0.3420201433256684 -0.9396926207859085
    outer loop
      vertex 211.111074417451 28.92172658268538 -39.70124472905287
      vertex 205 8.32241833154464 -47.19877977894228
      vertex 210.73223304703362 29.21388366943475 -39.59490824574617
    endloop
  endfacet
  facet normal 1.3835368664518545e-14 0.34202014332566555 -0.9396926207859095
    outer loop
      vertex 210.73223304703362 29.21388366943475 -39.59490824574617
      vertex 205 8.32241833154464 -47.19877977894228
      vertex 210.42132596924364 29.569878109664373 -39.46533686593833
    endloop
  endfacet
  facet normal 1.3498316009819303e-15 0.34202014332566827 -0.9396926207859085
    outer loop
      vertex 210.42132596924364 29.569878109664373 -39.46533686593833
      vertex 205 8.32241833154464 -47.19877977894228
      vertex 210.1903011687218 29.97602923668019 -39.317509945090904
    endloop
  endfacet
  facet normal -1.1272481291084563e-14 0.34202014332567104 -0.9396926207859077
    outer loop
      vertex 210.1903011687218 29.97602923668019 -39.317509945090904
      vertex 205 8.32241833154464 -47.19877977894228
      vertex 210.04803679899192 30.41672889044318 -39.15710838886975
    endloop
  endfacet
  facet normal -1.06338694983107e-14 0.3420201433256709 -0.9396926207859075
    outer loop
      vertex 210.04803679899192 30.41672889044318 -39.15710838886975
      vertex 205 8.32241833154464 -47.19877977894228
      vertex 210 30.87504123040644 -38.99029633912623
    endloop
  endfacet
  facet normal -2.935851035801418e-14 0.3420201433256746 -0.9396926207859062
    outer loop
      vertex 210.04803679899192 31.333353570369695 -38.82348428938271
      vertex 210 30.87504123040644 -38.99029633912623
      vertex 205 8.32241833154464 -47.19877977894228
    endloop
  endfacet
  facet normal -1 0 0
    outer loop
      vertex 205 8.32241833154464 -47.19877977894228
      vertex 205 8.322418332099915 -47.19877977531214
      vertex 205 8.322418333867892 -47.19877977396005
    endloop
  endfacet
  facet normal -1 0 0
    outer loop
      vertex 205 8.32241833154464 -47.19877977894228
      vertex 205 8.322418333867892 -47.19877977396005
      vertex 205 8.322418436532478 -47.1987797373018
    endloop
  endfacet
  facet normal -1 0 0
    outer loop
      vertex 205 8.32241833154464 -47.19877977894228
      vertex 205 6.266846378151911 -29.85592465227916
      vertex 205 8.322418332099915 -47.19877977531214
    endloop
  endfacet
  facet normal -1 0 0
    outer loop
      vertex 205 10.713108241385598 -42.07192872249597
      vertex 205 8.322418332099915 -47.19877977531214
      vertex 205 6.266846378151911 -29.85592465227916
    endloop
  endfacet
  facet normal -1 0 0
    outer loop
      vertex 205 8.32241833154464 -47.19877977894228
      vertex 205 1.1399953217055838 -27.465234742438206
      vertex 205 6.266846378151911 -29.85592465227916
    endloop
  endfacet
  facet normal -1 0 0
    outer loop
      vertex 205 10.713108241385598 -42.07192872249597
      vertex 205 12.359467173476535 -41.472703076296575
      vertex 205 8.322418332099915 -47.19877977531214
    endloop
  endfacet
  facet normal -1 0 0
    outer loop
      vertex 205 8.322418333867892 -47.19877977396005
      vertex 205 29.074376497509473 -36.003008673829676
      vertex 205 8.322418436532478 -47.1987797373018
    endloop
  endfacet
  facet normal -1 0 0
    outer loop
      vertex 205 6.266846378151911 -29.85592465227916
      vertex 205 1.1399953217055838 -27.465234742438206
      vertex 205 25.479875918516733 -22.86295378950911
    endloop
  endfacet
  facet normal -1 0 0
    outer loop
      vertex 205 1.1399953217055838 -27.465234742438206
      vertex 205 29.516924763144488 -17.136877085882194
      vertex 205 25.479875918516733 -22.86295378950911
    endloop
  endfacet
  facet normal -1 0 0
    outer loop
      vertex 205 25.479875918516733 -22.86295378950911
      vertex 205 29.516924763144488 -17.136877085882194
      vertex 205 29.77765870497366 -17.04197769199348
    endloop
  endfacet
  facet normal 1.832611181705543e-15 0.3420201433256689 -0.9396926207859083
    outer loop
      vertex 212.01227419495967 33.17913295683233 -38.151675533688184
      vertex 211.54329141908727 33.04544817839641 -38.20033281381333
      vertex 205 138 0
    endloop
  endfacet
  facet normal -4.709729366646238e-15 0.34202014332566844 -0.9396926207859084
    outer loop
      vertex 211.54329141908727 33.04544817839641 -38.20033281381333
      vertex 211.111074417451 32.828355878127496 -38.2793479491996
      vertex 205 138 0
    endloop
  endfacet
  facet normal -2.2454869985746836e-15 0.34202014332566866 -0.9396926207859084
    outer loop
      vertex 211.111074417451 32.828355878127496 -38.2793479491996
      vertex 210.73223304703362 32.536198791378126 -38.385684432506295
      vertex 205 138 0
    endloop
  endfacet
  facet normal 3.2588952634163706e-15 0.3420201433256689 -0.9396926207859084
    outer loop
      vertex 210.73223304703362 32.536198791378126 -38.385684432506295
      vertex 210.42132596924364 32.180204351148504 -38.51525581231414
      vertex 205 138 0
    endloop
  endfacet
  facet normal -1.941774733584056e-15 0.34202014332566866 -0.9396926207859084
    outer loop
      vertex 210.42132596924364 32.180204351148504 -38.51525581231414
      vertex 210.1903011687218 31.774053224132686 -38.663082733161566
      vertex 205 138 0
    endloop
  endfacet
  facet normal -2.417569790602013e-14 0.3420201433256676 -0.9396926207859088
    outer loop
      vertex 210.04803679899192 31.333353570369695 -38.82348428938271
      vertex 205 138 0
      vertex 210.1903011687218 31.774053224132686 -38.663082733161566
    endloop
  endfacet
  facet normal -1 0 0
    outer loop
      vertex 205 29.074376497509473 -36.003008673829676
      vertex 205 72.7487175679574 -21.567399954571982
      vertex 205 8.322418436532478 -47.1987797373018
    endloop
  endfacet
  facet normal -1 0 0
    outer loop
      vertex 205 29.074376497509473 -36.003008673829676
      vertex 205 18.94306648072838 -39.0764688946793
      vertex 205 72.7487175679574 -21.567399954571982
    endloop
  endfacet
  facet normal -1 0 0
    outer loop
      vertex 205 8.32241833154464 -47.19877977894228
      vertex 205 8.322418436532478 -47.1987797373018
      vertex 205 138 0
    endloop
  endfacet
  facet normal 6.527826142740532e-16 0.3420201433256687 -0.9396926207859084
    outer loop
      vertex 210.04803679899192 31.333353570369695 -38.82348428938271
      vertex 205 8.32241833154464 -47.19877977894228
      vertex 205 138 0
    endloop
  endfacet
  facet normal -1 0 0
    outer loop
      vertex 205 132.8731489435537 2.390689909840959
      vertex 205 18.94306648072838 -39.0764688946793
      vertex 205 12.359467173476535 -41.472703076296575
    endloop
  endfacet
  facet normal -1 0 0
    outer loop
      vertex 205 128.42688708032 14.606693980057768
      vertex 205 32.06347521553238 -20.466719611059524
      vertex 205 36.10052406004875 -14.740642907473147
    endloop
  endfacet
  facet normal 0 0.34202014332566866 -0.9396926207859084
    outer loop
      vertex 224 8.32241833154464 -47.19877977894228
      vertex 205 138 0
      vertex 210.04803679899192 114.98906476117494 -8.37529548955957
    endloop
  endfacet
  facet normal -7.519285365034431e-17 -0.3420201433256687 0.9396926207859084
    outer loop
      vertex 205 130.81757699016094 19.733545036504076
      vertex 205 36.10052406004875 -14.740642907473147
      vertex 220 123 16.888179708001125
    endloop
  endfacet
  facet normal 0 0.34202014332566877 -0.9396926207859084
    outer loop
      vertex 224 138 0
      vertex 213.45670858091273 117.61778404912818 -7.418519914503146
      vertex 205 138 0
    endloop
  endfacet
  facet normal 2.8469512590815794e-16 0.3420201433256689 -0.9396926207859083
    outer loop
      vertex 213.45670858091273 117.61778404912818 -7.418519914503146
      vertex 212.98772580504033 117.75146882756408 -7.369862634378004
      vertex 205 138 0
    endloop
  endfacet
  facet normal -8.299950995806467e-15 0.3420201433256659 -0.9396926207859094
    outer loop
      vertex 212.98772580504033 117.75146882756408 -7.369862634378004
      vertex 212.5 117.79660865310296 -7.353433081501877
      vertex 205 138 0
    endloop
  endfacet
  facet normal 7.743446717881091e-15 0.34202014332567116 -0.9396926207859075
    outer loop
      vertex 212.5 117.79660865310296 -7.353433081501877
      vertex 212.01227419495967 117.75146882756408 -7.369862634378004
      vertex 205 138 0
    endloop
  endfacet
  facet normal 0 0.9396921115440061 0.3420215424530554
    outer loop
      vertex 224 138 0
      vertex 205 138 0
      vertex 205 137.9999999995564 1.218791933904597e-9
    endloop
  endfacet
  facet normal 2.036351359303617e-16 0.9396926207859081 0.3420201433256692
    outer loop
      vertex 205 130.81757699016094 19.733545036504076
      vertex 220 134 10.989909677818462
      vertex 205 134 10.98990967781847
    endloop
  endfacet
  facet normal -1 0 0
    outer loop
      vertex 205 132.8731489435537 2.390689909840959
      vertex 205 72.7487175679574 -21.567399954571982
      vertex 205 18.94306648072838 -39.0764688946793
    endloop
  endfacet
  facet normal -1 0 0
    outer loop
      vertex 205 138 0
      vertex 205 8.322418436532478 -47.1987797373018
      vertex 205 137.99999995872687 -1.3641941593585876e-8
    endloop
  endfacet
  facet normal -1 0 0
    outer loop
      vertex 205 128.42688708032 14.606693980057768
      vertex 205 36.10052406004875 -14.740642907473147
      vertex 205 130.81757699016094 19.733545036504076
    endloop
  endfacet
  facet normal -2.2997877504694286e-16 0.3420201433256687 -0.9396926207859083
    outer loop
      vertex 211.54329141908727 117.61778404912818 -7.418519914503146
      vertex 205 138 0
      vertex 212.01227419495967 117.75146882756408 -7.369862634378004
    endloop
  endfacet
  facet normal -7.240642896783149e-15 0.3420201433256667 -0.939692620785909
    outer loop
      vertex 211.54329141908727 117.61778404912818 -7.418519914503146
      vertex 211.111074417451 117.40069174885924 -7.4975350498894135
      vertex 205 138 0
    endloop
  endfacet
  facet normal 6.832354955321967e-15 0.3420201433256704 -0.9396926207859077
    outer loop
      vertex 211.111074417451 117.40069174885924 -7.4975350498894135
      vertex 210.73223304703362 117.10853466210989 -7.603871533196111
      vertex 205 138 0
    endloop
  endfacet
  facet normal -5.6221462771011704e-15 0.34202014332566744 -0.9396926207859089
    outer loop
      vertex 210.73223304703362 117.10853466210989 -7.603871533196111
      vertex 210.42132596924364 116.75254022188027 -7.73344291300395
      vertex 205 138 0
    endloop
  endfacet
  facet normal 2.935851035801418e-14 0.3420201433256746 -0.9396926207859062
    outer loop
      vertex 210.04803679899192 114.98906476117494 -8.37529548955957
      vertex 205 138 0
      vertex 210 115.4473771011382 -8.20848343981605
    endloop
  endfacet
  facet normal -1.0563899485945427e-15 0.34202014332566844 -0.9396926207859085
    outer loop
      vertex 210.42132596924364 116.75254022188027 -7.73344291300395
      vertex 210.1903011687218 116.34638909486443 -7.881269833851384
      vertex 205 138 0
    endloop
  endfacet
  facet normal 3.809321263883801e-15 0.34202014332566943 -0.9396926207859081
    outer loop
      vertex 210.1903011687218 116.34638909486443 -7.881269833851384
      vertex 210.04803679899192 115.90568944110146 -8.04167139007253
      vertex 205 138 0
    endloop
  endfacet
  facet normal 1.06338694983107e-14 0.3420201433256709 -0.9396926207859075
    outer loop
      vertex 210.04803679899192 115.90568944110146 -8.04167139007253
      vertex 210 115.4473771011382 -8.20848343981605
      vertex 205 138 0
    endloop
  endfacet
  facet normal -1 0 0
    outer loop
      vertex 205 132.8731489435537 2.390689909840959
      vertex 205 137.99999995872687 -1.3641941593585876e-8
      vertex 205 72.7487175679574 -21.567399954571982
    endloop
  endfacet
  facet normal -1 0 0
    outer loop
      vertex 205 128.42688708032 14.606693980057768
      vertex 205 134 2.800830156991289
      vertex 205 132.87314894223397 2.3906899134669306
    endloop
  endfacet
  facet normal -1 0 0
    outer loop
      vertex 205 132.8731489435537 2.390689909840959
      vertex 205 133.0592412731437 2.426558399379655
      vertex 205 137.99999999855717 8.551018807780417e-10
    endloop
  endfacet
  facet normal -1 0 0
    outer loop
      vertex 205 138 0
      vertex 205 137.99999995872687 -1.3641941593585876e-8
      vertex 205 132.8731489435537 2.390689909840959
    endloop
  endfacet
  facet normal -1 0 0
    outer loop
      vertex 205 138 0
      vertex 205 132.8731489435537 2.390689909840959
      vertex 205 137.99999999855717 8.551018807780417e-10
    endloop
  endfacet
  facet normal -1 0 0
    outer loop
      vertex 205 138 0
      vertex 205 137.99999999855717 8.551018807780417e-10
      vertex 205 137.9999999995564 1.218791933904597e-9
    endloop
  endfacet
  facet normal -1 0 0
    outer loop
      vertex 205 137.9999999993258 1.8523240824897268e-9
      vertex 205 134 2.800830156991289
      vertex 205 134 10.98990967781847
    endloop
  endfacet
  facet normal -1 0 0
    outer loop
      vertex 205 128.42688708032 14.606693980057768
      vertex 205 130.81757699016094 19.733545036504076
      vertex 205 134 2.800830156991289
    endloop
  endfacet
  facet normal -1 0 0
    outer loop
      vertex 205 130.81757699016094 19.733545036504076
      vertex 205 134 10.98990967781847
      vertex 205 134 2.800830156991289
    endloop
  endfacet
  facet normal -1 0 0
    outer loop
      vertex 220 10.713108241385598 -42.07192872249597
      vertex 220 6.266846378151911 -29.85592465227916
      vertex 220 25.479875918516726 -22.862953789509113
    endloop
  endfacet
  facet normal -1 0 0
    outer loop
      vertex 220 10.713108241385598 -42.07192872249597
      vertex 220 25.479875918516726 -22.862953789509113
      vertex 220 12.359467173476535 -41.472703076296575
    endloop
  endfacet
  facet normal 4.306070411438068e-14 -0.34202014332566677 0.939692620785909
    outer loop
      vertex 219.60190279017246 18.943066470854188 -39.07646889771522
      vertex 220 12.359467173476535 -41.472703076296575
      vertex 218.94262505521908 32.572471767705416 -34.115771058911264
    endloop
  endfacet
  facet normal 3.353440648512904e-15 -0.3420201433256686 0.9396926207859084
    outer loop
      vertex 220 12.359467173476535 -41.472703076296575
      vertex 220 132.8731489435537 2.390689909840959
      vertex 218.94262505521908 32.572471767705416 -34.115771058911264
    endloop
  endfacet
  facet normal -2.978583934351868e-14 -0.3420201433256699 0.939692620785908
    outer loop
      vertex 218.94262505521908 32.572471767705416 -34.115771058911264
      vertex 218.83886395431352 32.572471771992944 -34.115771057350734
      vertex 219.60190279017246 18.943066470854188 -39.07646889771522
    endloop
  endfacet
  facet normal 3.087524948480591e-14 -0.34202014332566694 0.939692620785909
    outer loop
      vertex 218.83886395431352 32.572471771992944 -34.115771057350734
      vertex 218.76797691025791 32.57246831425659 -34.11577231586384
      vertex 219.60190279017246 18.943066470854188 -39.07646889771522
    endloop
  endfacet
  facet normal 2.5420633044054237e-14 -0.34202014332566716 0.9396926207859089
    outer loop
      vertex 218.76797691025791 32.57246831425659 -34.11577231586384
      vertex 218.6827688389055 32.57247177844298 -34.11577105500311
      vertex 219.60190279017246 18.943066470854188 -39.07646889771522
    endloop
  endfacet
  facet normal -5.286282332374754e-14 -0.3420201433256718 0.9396926207859071
    outer loop
      vertex 218.6827688389055 32.57247177844298 -34.11577105500311
      vertex 218.58657955901978 32.57247178241764 -34.11577105355646
      vertex 219.60190279017246 18.943066470854188 -39.07646889771522
    endloop
  endfacet
  facet normal 2.845197838141256e-14 -0.34202014332566644 0.9396926207859093
    outer loop
      vertex 219.60190279017246 18.943066470854188 -39.07646889771522
      vertex 218.58657955901978 32.57247178241764 -34.11577105355646
      vertex 218.48327062148454 32.572471786686485 -34.11577105200272
    endloop
  endfacet
  facet normal -9.287614168847927e-15 -0.34202014332566916 0.9396926207859082
    outer loop
      vertex 219.60190279017246 18.943066470854188 -39.07646889771522
      vertex 218.48327062148454 32.572471786686485 -34.11577105200272
      vertex 218.27228398889892 32.5724717954047 -34.11577104882955
    endloop
  endfacet
  facet normal 1.616573994497547e-14 -0.3420201433256671 0.9396926207859089
    outer loop
      vertex 218.27228398889892 32.5724717954047 -34.11577104882955
      vertex 218.17326155757416 32.57246666831768 -34.11577291493661
      vertex 219.60190279017246 18.943066470854188 -39.07646889771522
    endloop
  endfacet
  facet normal -1.2044842181085879e-14 -0.3420201433256697 0.939692620785908
    outer loop
      vertex 218.17326155757416 32.57246666831768 -34.11577291493661
      vertex 218.08400798625522 32.57247180318449 -34.11577104599794
      vertex 219.60190279017246 18.943066470854188 -39.07646889771522
    endloop
  endfacet
  facet normal -1.5279208868421626e-14 -0.34202014332567005 0.9396926207859079
    outer loop
      vertex 218.08400798625522 32.57247180318449 -34.11577104599794
      vertex 217.88525010621126 32.572471811397406 -34.115771043008685
      vertex 219.60190279017246 18.943066470854188 -39.07646889771522
    endloop
  endfacet
  facet normal 3.0606757531354123e-15 -0.342020143325668 0.9396926207859088
    outer loop
      vertex 217.88525010621126 32.572471811397406 -34.115771043008685
      vertex 217.31589528845535 32.57246429546402 -34.11577377858472
      vertex 219.60190279017246 18.943066470854188 -39.07646889771522
    endloop
  endfacet
  facet normal -3.58069301828429e-11 -0.3420201433309717 0.9396926207839783
    outer loop
      vertex 214.95196320100928 29.965272997089833 -35.064713806337515
      vertex 219.60190279017246 18.943066470854188 -39.07646889771522
      vertex 217.31589528845535 32.57246429546402 -34.11577377858472
    endloop
  endfacet
  facet normal 0 0.9396926207859085 0.34202014332566827
    outer loop
      vertex 220 10.713108241385598 -42.07192872249597
      vertex 205 6.266846378151911 -29.85592465227916
      vertex 220 6.266846378151911 -29.85592465227916
    endloop
  endfacet
  facet normal 0 -0.3420201433256688 0.9396926207859084
    outer loop
      vertex 220 10.713108241385598 -42.07192872249597
      vertex 220 12.359467173476535 -41.472703076296575
      vertex 205 10.713108241385598 -42.07192872249597
    endloop
  endfacet
  facet normal 3.757564477791551e-10 -0.3420201431611487 0.9396926208457888
    outer loop
      vertex 214.95196320100325 29.048648317171935 -35.398337905858945
      vertex 214.8096988312782 28.607948663377513 -35.55873946194727
      vertex 219.60190279017246 18.943066470854188 -39.07646889771522
    endloop
  endfacet
  facet normal -9.185806509599898e-11 -0.3420201433511452 0.9396926207766356
    outer loop
      vertex 214.95196320100325 29.048648317171935 -35.398337905858945
      vertex 219.60190279017246 18.943066470854188 -39.07646889771522
      vertex 214.99999999999858 29.506960657130584 -35.23152585609834
    endloop
  endfacet
  facet normal -1.500320725462327e-10 -0.34202014337352293 0.9396926207684909
    outer loop
      vertex 214.99999999999858 29.506960657130584 -35.23152585609834
      vertex 219.60190279017246 18.943066470854188 -39.07646889771522
      vertex 214.95196320100928 29.965272997089833 -35.064713806337515
    endloop
  endfacet
  facet normal 4.493417754598597e-16 -0.3420201433256679 0.9396926207859088
    outer loop
      vertex 214.8096988312782 28.607948663377513 -35.55873946194727
      vertex 214.57867403075636 28.201797536361696 -35.7065663827947
      vertex 219.60190279017246 18.943066470854188 -39.07646889771522
    endloop
  endfacet
  facet normal 1.0596217610371343e-14 -0.342020143325663 0.9396926207859105
    outer loop
      vertex 214.57867403075636 28.201797536361696 -35.7065663827947
      vertex 214.26776695296638 27.845803096132073 -35.83613776260253
      vertex 219.60190279017246 18.943066470854188 -39.07646889771522
    endloop
  endfacet
  facet normal 1.5232880810064e-15 -0.34202014332566777 0.9396926207859089
    outer loop
      vertex 214.26776695296638 27.845803096132073 -35.83613776260253
      vertex 213.888925582549 27.553646009382703 -35.94247424590923
      vertex 219.60190279017246 18.943066470854188 -39.07646889771522
    endloop
  endfacet
  facet normal -6.118350516948975e-17 -0.34202014335963976 0.9396926207735439
    outer loop
      vertex 214.95196320100928 29.965272997089833 -35.064713806337515
      vertex 217.31589528845535 32.57246429546402 -34.11577377858472
      vertex 214.6998283017847 32.572463800227574 -34.115773958836044
    endloop
  endfacet
  facet normal 2.488961594204621e-16 -0.34202014503495587 0.9396926201637787
    outer loop
      vertex 214.6998283017847 32.572463800227574 -34.115773958836044
      vertex 217.31589528845535 32.57246429546402 -34.11577377858472
      vertex 214.6998281358758 32.572465515801724 -34.115773334418115
    endloop
  endfacet
  facet normal 3.8149560805399065e-15 -0.34202014335963943 0.9396926207735441
    outer loop
      vertex 214.95196320100928 29.965272997089833 -35.064713806337515
      vertex 214.6998283017847 32.572463800227574 -34.115773958836044
      vertex 214.8096988312812 30.405972650849332 -34.90431225009959
    endloop
  endfacet
  facet normal 1.121328533947154e-14 -0.34202014335963915 0.9396926207735441
    outer loop
      vertex 214.8096988312812 30.405972650849332 -34.90431225009959
      vertex 214.6998283017847 32.572463800227574 -34.115773958836044
      vertex 214.57867403076028 30.812123777862112 -34.75648532923664
    endloop
  endfacet
  facet normal -1.9966608120815838e-14 -0.34202014335963726 0.9396926207735449
    outer loop
      vertex 214.57867403076028 30.812123777862112 -34.75648532923664
      vertex 214.6998283017847 32.572463800227574 -34.115773958836044
      vertex 214.26776695297056 31.16811821808912 -34.62691394941518
    endloop
  endfacet
  facet normal 0 -0.34202014332566993 0.939692620785908
    outer loop
      vertex 212.98772580504033 111.77520480140964 -5.288333762110464
      vertex 218.48327062148454 32.572471786686485 -34.11577105200272
      vertex 218.58657955901978 32.57247178241764 -34.11577105355646
    endloop
  endfacet
  facet normal 0 0.3420201433256686 -0.9396926207859083
    outer loop
      vertex 220 25.479875918516726 -22.862953789509113
      vertex 220 6.266846378151911 -29.85592465227916
      vertex 205 128.42688708032 14.606693980057768
    endloop
  endfacet
  facet normal 0 0.3420201433256685 -0.9396926207859084
    outer loop
      vertex 205 128.42688708032 14.606693980057768
      vertex 220 49.81682534870153 -14.005028604080033
      vertex 220 25.479875918516726 -22.862953789509113
    endloop
  endfacet
  facet normal -1 0 0
    outer loop
      vertex 220 123 10.503113077471063
      vertex 220 48.14984882622957 -16.740113979687884
      vertex 220 50.16837324402963 -13.877075634261672
    endloop
  endfacet
  facet normal -1 0 0
    outer loop
      vertex 220 123 10.503113077471063
      vertex 220 50.16837324402963 -13.877075634261672
      vertex 220 123 12.631468618097472
    endloop
  endfacet
  facet normal 1.1049183760343249e-14 -0.3420201433256672 0.9396926207859089
    outer loop
      vertex 211.111074417451 112.12598188011447 -5.160661346599054
      vertex 218.08400798625522 32.57247180318449 -34.11577104599794
      vertex 215.0250420838544 70.2451056649002 -20.404053673924416
    endloop
  endfacet
  facet normal 8.103641744199865e-14 0.3420201433256785 -0.9396926207859049
    outer loop
      vertex 205 128.42688708032 14.606693980057768
      vertex 220 50.16837324402963 -13.877075634261672
      vertex 220 49.81682534870153 -14.005028604080033
    endloop
  endfacet
  facet normal 0 -0.3420201433256687 0.9396926207859084
    outer loop
      vertex 213.45670858091273 111.90888957984555 -5.23967648198532
      vertex 218.58657955901978 32.57247178241764 -34.11577105355646
      vertex 214.75294640004833 97.78761386154291 -10.379400513313566
    endloop
  endfacet
  facet normal 1.3601560667529259e-14 -0.34202014332566755 0.9396926207859089
    outer loop
      vertex 212.98772580504033 111.77520480140964 -5.288333762110464
      vertex 214.0746406536567 93.25197884123882 -12.030236654199634
      vertex 218.48327062148454 32.572471786686485 -34.11577105200272
    endloop
  endfacet
  facet normal -3.2928045562828367e-15 -0.34202014332566877 0.9396926207859082
    outer loop
      vertex 213.45670858091273 111.90888957984555 -5.23967648198532
      vertex 212.98772580504033 111.77520480140964 -5.288333762110464
      vertex 218.58657955901978 32.57247178241764 -34.11577105355646
    endloop
  endfacet
  facet normal 4.889390651007265e-17 0.3420201433256687 -0.9396926207859085
    outer loop
      vertex 205 128.42688708032 14.606693980057768
      vertex 220 123 12.631468618097472
      vertex 220 50.16837324402963 -13.877075634261672
    endloop
  endfacet
  facet normal -1.3789976999206934e-15 -0.34202014332566827 0.9396926207859085
    outer loop
      vertex 215 114.07929652783552 -4.449712956672417
      vertex 215.1783593263819 110.3920317851485 -5.791767568869718
      vertex 220 132.8731489435537 2.390689909840959
    endloop
  endfacet
  facet normal -1.3063887202217242e-16 -0.3420201433256686 0.9396926207859084
    outer loop
      vertex 215 114.07929652783552 -4.449712956672417
      vertex 220 132.8731489435537 2.390689909840959
      vertex 214.95196320100808 114.53760886779878 -4.282900906928899
    endloop
  endfacet
  facet normal 5.180550657273412e-16 -0.3420201433256687 0.9396926207859083
    outer loop
      vertex 214.95196320100808 114.53760886779878 -4.282900906928899
      vertex 220 132.8731489435537 2.390689909840959
      vertex 214.8096988312782 114.97830852156176 -4.122499350707754
    endloop
  endfacet
  facet normal 6.649676055656114e-14 -0.34202014332566544 0.9396926207859098
    outer loop
      vertex 215 114.07929652783552 -4.449712956672417
      vertex 214.97598160050404 113.85014035785389 -4.533118981544176
      vertex 215.1783593263819 110.3920317851485 -5.791767568869718
    endloop
  endfacet
  facet normal 3.3426311758646883e-16 -0.3420201433256687 0.9396926207859084
    outer loop
      vertex 214.8096988312782 114.97830852156176 -4.122499350707754
      vertex 220 132.8731489435537 2.390689909840959
      vertex 214.57867403075636 115.38445964857759 -3.9746724298603193
    endloop
  endfacet
  facet normal 1.6992911921654283e-15 -0.34202014332566905 0.9396926207859082
    outer loop
      vertex 214.57867403075636 115.38445964857759 -3.9746724298603193
      vertex 220 132.8731489435537 2.390689909840959
      vertex 214.26776695296638 115.74045408880721 -3.8451010500524774
    endloop
  endfacet
  facet normal -1.7807222505778464e-15 -0.34202014332566794 0.9396926207859086
    outer loop
      vertex 212.98772580504033 116.3833882542614 -3.611092151234371
      vertex 213.45670858091273 116.2497034758255 -3.6597494313595123
      vertex 220 132.8731489435537 2.390689909840959
    endloop
  endfacet
  facet normal 0 0.34202014332566855 -0.9396926207859084
    outer loop
      vertex 220 128.42688708032 14.606693980057768
      vertex 220 123 12.631468618097472
      vertex 205 128.42688708032 14.606693980057768
    endloop
  endfacet
  facet normal 0 -0.9396926207859018 -0.342020143325687
    outer loop
      vertex 205 132.8731489435537 2.390689909840959
      vertex 220 132.8731489435537 2.390689909840959
      vertex 220 132.8215035494774 2.532584463884428
    endloop
  endfacet
  facet normal -1.3863648641473318e-16 -0.9396926207859065 -0.34202014332567404
    outer loop
      vertex 205 132.8731489435537 2.390689909840959
      vertex 220 132.8215035494774 2.532584463884428
      vertex 220 132.2874079709901 4.000000005608802
    endloop
  endfacet
  facet normal -8.39333810837114e-16 -0.9396926207859085 -0.3420201433256684
    outer loop
      vertex 220 128.42688708032 14.606693980057768
      vertex 205 132.8731489435537 2.390689909840959
      vertex 220 132.2874079709901 4.000000005608802
    endloop
  endfacet
  facet normal 1.6958456579588314e-14 -0.34202014335964726 0.9396926207735412
    outer loop
      vertex 214.26776695297056 31.16811821808912 -34.62691394941518
      vertex 214.6998283017847 32.572463800227574 -34.115773958836044
      vertex 213.88892558255304 31.460275304836326 -34.5205774660973
    endloop
  endfacet
  facet normal -1.6679649036789985e-15 -0.3420201433596353 0.9396926207735457
    outer loop
      vertex 213.88892558255304 31.460275304836326 -34.5205774660973
      vertex 214.6998283017847 32.572463800227574 -34.115773958836044
      vertex 213.45670858091646 31.677367605103644 -34.44156233070273
    endloop
  endfacet
  facet normal -5.0741683266513924e-15 -0.3420201433596311 0.9396926207735472
    outer loop
      vertex 213.45670858091646 31.677367605103644 -34.44156233070273
      vertex 214.6998283017847 32.572463800227574 -34.115773958836044
      vertex 212.98772580504377 31.811052383538694 -34.39290505057243
    endloop
  endfacet
  facet normal 6.104125947474757e-15 -0.3420201433596533 0.939692620773539
    outer loop
      vertex 212.98772580504377 31.811052383538694 -34.39290505057243
      vertex 214.6998283017847 32.572463800227574 -34.115773958836044
      vertex 212.50000000000335 31.85619220907765 -34.37647549769443
    endloop
  endfacet
  facet normal -2.920766737196491e-16 -0.3420201433256689 0.9396926207859084
    outer loop
      vertex 213.888925582549 27.553646009382703 -35.94247424590923
      vertex 205 18.94306647085418 -39.07646889771523
      vertex 219.60190279017246 18.943066470854188 -39.07646889771522
    endloop
  endfacet
  facet normal -1.3866493448670151e-14 -0.3420201433595992 0.9396926207735586
    outer loop
      vertex 212.50000000000335 31.85619220907765 -34.37647549769443
      vertex 214.6998283017847 32.572463800227574 -34.115773958836044
      vertex 212.01227419496325 31.811052383540005 -34.392905050571954
    endloop
  endfacet
  facet normal 0 -0.3420201433596423 0.939692620773543
    outer loop
      vertex 212.01227419496325 31.811052383540005 -34.392905050571954
      vertex 214.6998283017847 32.572463800227574 -34.115773958836044
      vertex 210.08056123100144 32.572463800227574 -34.115773958836044
    endloop
  endfacet
  facet normal 0 0.9396926207859085 0.34202014332566827
    outer loop
      vertex 220 10.713108241385598 -42.07192872249597
      vertex 205 10.713108241385598 -42.07192872249597
      vertex 205 6.266846378151911 -29.85592465227916
    endloop
  endfacet
  facet normal 0 -0.3420201433256688 0.9396926207859084
    outer loop
      vertex 205 10.713108241385598 -42.07192872249597
      vertex 220 12.359467173476535 -41.472703076296575
      vertex 205 12.359467173476535 -41.472703076296575
    endloop
  endfacet
  facet normal 0 0.3420201433256687 -0.9396926207859083
    outer loop
      vertex 205 6.266846378151911 -29.85592465227916
      vertex 205 25.479875918516733 -22.86295378950911
      vertex 220 6.266846378151911 -29.85592465227916
    endloop
  endfacet
  facet normal 6.252020127079382e-16 -0.3420201433596409 0.9396926207735435
    outer loop
      vertex 212.01227419496325 31.811052383540005 -34.392905050571954
      vertex 210.08056123100144 32.572463800227574 -34.115773958836044
      vertex 211.5432914190913 31.677367605106664 -34.441562330701636
    endloop
  endfacet
  facet normal -2.1541640474957036e-14 -0.34202014332564945 0.9396926207859154
    outer loop
      vertex 213.888925582549 27.553646009382703 -35.94247424590923
      vertex 213.45670858091273 27.336553709113787 -36.0214893812955
      vertex 205 18.94306647085418 -39.07646889771523
    endloop
  endfacet
  facet normal -2.6584891582647266e-15 -0.3420201433256662 0.9396926207859092
    outer loop
      vertex 213.45670858091273 27.336553709113787 -36.0214893812955
      vertex 212.98772580504033 27.202868930677866 -36.07014666142065
      vertex 205 18.94306647085418 -39.07646889771523
    endloop
  endfacet
  facet normal -2.837167915378349e-15 -0.34202014332566616 0.9396926207859094
    outer loop
      vertex 212.98772580504033 27.202868930677866 -36.07014666142065
      vertex 212.5 27.157729105138998 -36.08657621429677
      vertex 205 18.94306647085418 -39.07646889771523
    endloop
  endfacet
  facet normal 2.3950468243246017e-15 -0.3420201433256703 0.9396926207859079
    outer loop
      vertex 212.5 27.157729105138998 -36.08657621429677
      vertex 212.01227419495967 27.202868930677866 -36.07014666142065
      vertex 205 18.94306647085418 -39.07646889771523
    endloop
  endfacet
  facet normal -5.40892996206063e-16 0.34202014332566827 -0.9396926207859085
    outer loop
      vertex 220 6.266846378151911 -29.85592465227916
      vertex 205 25.479875918516733 -22.86295378950911
      vertex 205 32.06347521553238 -20.466719611059524
    endloop
  endfacet
  facet normal 7.386611710775954e-15 -0.3420201433596312 0.939692620773547
    outer loop
      vertex 211.5432914190913 31.677367605106664 -34.441562330701636
      vertex 210.08056123100144 32.572463800227574 -34.115773958836044
      vertex 211.11107441745563 31.460275304841776 -34.52057746609532
    endloop
  endfacet
  facet normal -7.256805969480451e-15 -0.3420201433596432 0.9396926207735428
    outer loop
      vertex 211.11107441745563 31.460275304841776 -34.52057746609532
      vertex 210.08056123100144 32.572463800227574 -34.115773958836044
      vertex 210.73223304703876 31.168118218097874 -34.62691394941199
    endloop
  endfacet
  facet normal 7.723723845730387e-15 -0.34202014335963704 0.9396926207735449
    outer loop
      vertex 210.73223304703876 31.168118218097874 -34.62691394941199
      vertex 210.08056123100144 32.572463800227574 -34.115773958836044
      vertex 210.4213259692489 30.812123777875016 -34.75648532923194
    endloop
  endfacet
  facet normal 1.3551346341415341e-14 -0.342020143359639 0.9396926207735442
    outer loop
      vertex 210.0480367989955 29.965272997112372 -35.06471380632931
      vertex 210.1903011687266 30.40597265086698 -34.90431225009317
      vertex 209.92014340796206 32.57247214052508 -34.115770923216004
    endloop
  endfacet
  facet normal -8.421416387415966e-15 -0.3420201433596398 0.939692620773544
    outer loop
      vertex 210.4213259692489 30.812123777875016 -34.75648532923194
      vertex 210.08056123100144 32.572463800227574 -34.115773958836044
      vertex 210.1903011687266 30.40597265086698 -34.90431225009317
    endloop
  endfacet
  facet normal 1.5609572026387003e-14 -0.3420201433596387 0.9396926207735443
    outer loop
      vertex 210.1903011687266 30.40597265086698 -34.90431225009317
      vertex 210.08056123100144 32.572463800227574 -34.115773958836044
      vertex 209.92014340796206 32.57247214052508 -34.115770923216004
    endloop
  endfacet
  facet normal 4.357974582863205e-15 -0.34202014355122334 0.9396926207038132
    outer loop
      vertex 210.08056123100144 32.572463800227574 -34.115773958836044
      vertex 210.08056097939487 32.57246876745651 -34.11577215091256
      vertex 209.92014340796206 32.57247214052508 -34.115770923216004
    endloop
  endfacet
  facet normal 5.912655321220171e-16 0.34202014332566877 -0.9396926207859084
    outer loop
      vertex 205 128.42688708032 14.606693980057768
      vertex 220 6.266846378151911 -29.85592465227916
      vertex 205 32.06347521553238 -20.466719611059524
    endloop
  endfacet
  facet normal 1.5504370817120245e-15 -0.3420201433256697 0.9396926207859081
    outer loop
      vertex 212.01227419495967 27.202868930677866 -36.07014666142065
      vertex 211.54329141908727 27.336553709113787 -36.0214893812955
      vertex 205 18.94306647085418 -39.07646889771523
    endloop
  endfacet
  facet normal 7.646313364981416e-15 -0.3420201433256739 0.9396926207859065
    outer loop
      vertex 211.54329141908727 27.336553709113787 -36.0214893812955
      vertex 211.111074417451 27.553646009382703 -35.94247424590923
      vertex 205 18.94306647085418 -39.07646889771523
    endloop
  endfacet
  facet normal -1.7362185282279387e-15 -0.34202014332566805 0.9396926207859086
    outer loop
      vertex 211.111074417451 27.553646009382703 -35.94247424590923
      vertex 210.73223304703362 27.845803096132073 -35.83613776260253
      vertex 205 18.94306647085418 -39.07646889771523
    endloop
  endfacet
  facet normal -1.0587665292915238e-14 -0.342020143325663 0.9396926207859105
    outer loop
      vertex 210.73223304703362 27.845803096132073 -35.83613776260253
      vertex 210.42132596924364 28.201797536361696 -35.7065663827947
      vertex 205 18.94306647085418 -39.07646889771523
    endloop
  endfacet
  facet normal -8.171424422917651e-16 -0.342020143325668 0.9396926207859086
    outer loop
      vertex 210.42132596924364 28.201797536361696 -35.7065663827947
      vertex 210.1903011687218 28.607948663377513 -35.55873946194727
      vertex 205 18.94306647085418 -39.07646889771523
    endloop
  endfacet
  facet normal -3.577306479691298e-10 -0.3420201431560302 0.9396926208476517
    outer loop
      vertex 210.1903011687218 28.607948663377513 -35.55873946194727
      vertex 210.0480367989903 29.0486483172024 -35.398337905847846
      vertex 205 18.94306647085418 -39.07646889771523
    endloop
  endfacet
  facet normal 8.582374183297953e-11 -0.3420201433516802 0.939692620776441
    outer loop
      vertex 210.0480367989903 29.0486483172024 -35.398337905847846
      vertex 210.00000000000142 29.50696065715761 -35.2315258560885
      vertex 205 18.94306647085418 -39.07646889771523
    endloop
  endfacet
  facet normal 1.347219170057045e-10 -0.3420201433721168 0.9396926207690026
    outer loop
      vertex 210.0480367989955 29.965272997112372 -35.06471380632931
      vertex 205 18.94306647085418 -39.07646889771523
      vertex 210.00000000000142 29.50696065715761 -35.2315258560885
    endloop
  endfacet
  facet normal 9.382033459991914e-11 -0.3420201433555756 0.9396926207750231
    outer loop
      vertex 210.0480367989955 29.965272997112372 -35.06471380632931
      vertex 209.92014340796206 32.57247214052508 -34.115770923216004
      vertex 205 18.94306647085418 -39.07646889771523
    endloop
  endfacet
  facet normal 1 0 0
    outer loop
      vertex 205 132.8731489435537 2.390689909840959
      vertex 205 12.359467173476535 -41.472703076296575
      vertex 205 18.94306647085418 -39.07646889771523
    endloop
  endfacet
  facet normal 0 -0.34202014332566866 0.9396926207859084
    outer loop
      vertex 205 132.8731489435537 2.390689909840959
      vertex 205 18.94306647085418 -39.07646889771523
      vertex 209.92014340796206 32.57247214052508 -34.115770923216004
    endloop
  endfacet
  facet normal 8.149862972071369e-14 -0.34202014332566477 0.9396926207859099
    outer loop
      vertex 211.111074417451 112.12598188011447 -5.160661346599054
      vertex 213.20763584876096 87.45456760482202 -14.140321780055768
      vertex 218.08400798625522 32.57247180318449 -34.11577104599794
    endloop
  endfacet
  facet normal 1.96655779821617e-12 -0.34202014332555214 0.9396926207859508
    outer loop
      vertex 210 114.07929652783552 -4.449712956672418
      vertex 217.88525010621126 32.572471811397406 -34.115771043008685
      vertex 212.82436825796935 84.89176769314581 -15.073104664285967
    endloop
  endfacet
  facet normal 3.000618793145781e-15 -0.34202014332566827 0.9396926207859086
    outer loop
      vertex 210 114.07929652783552 -4.449712956672418
      vertex 211.76303739034583 77.79495408522503 -17.65613357570446
      vertex 217.88525010621126 32.572471811397406 -34.115771043008685
    endloop
  endfacet
  facet normal -1.7705837486100046e-14 -0.34202014332566977 0.939692620785908
    outer loop
      vertex 211.54329141908727 111.90888957984555 -5.239676481985321
      vertex 215.0250420838544 70.2451056649002 -20.404053673924416
      vertex 213.68319135424542 90.63447020220973 -12.982931886740861
    endloop
  endfacet
  facet normal 2.9752492091317396e-15 -0.34202014332566855 0.9396926207859084
    outer loop
      vertex 211.54329141908727 111.90888957984555 -5.239676481985321
      vertex 211.111074417451 112.12598188011447 -5.160661346599054
      vertex 215.0250420838544 70.2451056649002 -20.404053673924416
    endloop
  endfacet
  facet normal -5.520613295213732e-15 -0.3420201433256689 0.9396926207859083
    outer loop
      vertex 213.888925582549 112.12598188011447 -5.1606613465990545
      vertex 214.75294640004833 97.78761386154291 -10.379400513313566
      vertex 214.51166439990678 108.09075082137026 -6.629365340368435
    endloop
  endfacet
  facet normal 9.15024626691738e-16 -0.34202014332566866 0.9396926207859085
    outer loop
      vertex 213.888925582549 112.12598188011447 -5.1606613465990545
      vertex 213.45670858091273 111.90888957984555 -5.23967648198532
      vertex 214.75294640004833 97.78761386154291 -10.379400513313566
    endloop
  endfacet
  facet normal -1.3475703568357095e-14 -0.3420201433256689 0.9396926207859083
    outer loop
      vertex 214.26776695296638 112.41813896686384 -5.054324863292355
      vertex 214.51166439990678 108.09075082137026 -6.629365340368435
      vertex 214.42322049186137 112.59613618697864 -4.989539173388435
    endloop
  endfacet
  facet normal -3.0493332057474665e-16 -0.3420201433256682 0.9396926207859085
    outer loop
      vertex 213.888925582549 112.12598188011447 -5.1606613465990545
      vertex 214.51166439990678 108.09075082137026 -6.629365340368435
      vertex 214.26776695296638 112.41813896686384 -5.054324863292355
    endloop
  endfacet
  facet normal 1.3943448378873926e-14 -0.3420201433256678 0.9396926207859088
    outer loop
      vertex 212.98772580504033 111.77520480140964 -5.288333762110464
      vertex 212.8048286281502 111.75827736683256 -5.294494844439009
      vertex 214.0746406536567 93.25197884123882 -12.030236654199634
    endloop
  endfacet
  facet normal -3.832353929139492e-15 -0.3420201433256688 0.9396926207859083
    outer loop
      vertex 211.54329141908727 111.90888957984555 -5.239676481985321
      vertex 213.68319135424542 90.63447020220973 -12.982931886740861
      vertex 212.01227419495967 111.77520480140964 -5.288333762110462
    endloop
  endfacet
  facet normal -5.972436139841754e-16 -0.3420201433256685 0.9396926207859084
    outer loop
      vertex 211.111074417451 112.12598188011447 -5.160661346599054
      vertex 210.8837695952006 112.30127613216409 -5.096859456615033
      vertex 213.20763584876096 87.45456760482202 -14.140321780055768
    endloop
  endfacet
  facet normal -1.0061192200361513e-12 -0.34202014332575426 0.9396926207858772
    outer loop
      vertex 210 114.07929652783552 -4.449712956672418
      vertex 212.82436825796935 84.89176769314581 -15.073104664285967
      vertex 210.0320245326613 113.77375496786001 -4.560920989834762
    endloop
  endfacet
  facet normal 5.697159605604876e-15 -0.3420201433256662 0.9396926207859093
    outer loop
      vertex 212.98772580504033 116.3833882542614 -3.611092151234371
      vertex 205 132.8731489435537 2.390689909840959
      vertex 212.5 116.42852807980029 -3.5946625983582456
    endloop
  endfacet
  facet normal -3.594458287295871e-15 -0.34202014332567 0.939692620785908
    outer loop
      vertex 212.5 116.42852807980029 -3.5946625983582456
      vertex 205 132.8731489435537 2.390689909840959
      vertex 212.01227419495967 116.3833882542614 -3.61109215123437
    endloop
  endfacet
  facet normal 0 -0.3420201433256686 0.9396926207859083
    outer loop
      vertex 212.98772580504033 116.3833882542614 -3.611092151234371
      vertex 220 132.8731489435537 2.390689909840959
      vertex 205 132.8731489435537 2.390689909840959
    endloop
  endfacet
  facet normal -0.000002455222330550243 -0.9396936261495539 -0.34201738109030994
    outer loop
      vertex 220 128.42688708032 14.606693980057768
      vertex 205 132.87314894223397 2.3906899134669306
      vertex 205 132.8731489435537 2.390689909840959
    endloop
  endfacet
  facet normal 0 -0.9396926207859079 -0.34202014332567005
    outer loop
      vertex 220 128.42688708032 14.606693980057768
      vertex 205 128.42688708032 14.606693980057768
      vertex 205 132.87314894223397 2.3906899134669306
    endloop
  endfacet
  facet normal 0 -0.34202014332566866 0.9396926207859084
    outer loop
      vertex 211.99366900485404 58.35542070547545 -24.731545093957575
      vertex 205 132.8731489435537 2.390689909840959
      vertex 210.67929181210556 70.5482597679281 -20.293714604026583
    endloop
  endfacet
  facet normal -4.980977824710684e-14 -0.342020143325674 0.9396926207859065
    outer loop
      vertex 205 132.8731489435537 2.390689909840959
      vertex 211.99366900485404 58.35542070547545 -24.731545093957575
      vertex 210.85450947791463 71.71988979678619 -19.86727614794978
    endloop
  endfacet
  facet normal 7.204297069490229e-16 -0.3420201433256685 0.9396926207859085
    outer loop
      vertex 210 114.07929652783552 -4.449712956672418
      vertex 205 132.8731489435537 2.390689909840959
      vertex 211.76303739034583 77.79495408522503 -17.65613357570446
    endloop
  endfacet
  facet normal -4.3171255477278435e-16 -0.3420201433256687 0.9396926207859083
    outer loop
      vertex 210.1903011687218 114.97830852156176 -4.122499350707754
      vertex 205 132.8731489435537 2.390689909840959
      vertex 210.04803679899192 114.53760886779878 -4.282900906928899
    endloop
  endfacet
  facet normal -4.702999392798206e-15 -0.3420201433256698 0.9396926207859081
    outer loop
      vertex 210.04803679899192 114.53760886779878 -4.282900906928899
      vertex 205 132.8731489435537 2.390689909840959
      vertex 210 114.07929652783552 -4.449712956672418
    endloop
  endfacet
  facet normal -1.4077331305243783e-15 -0.3420201433256691 0.9396926207859083
    outer loop
      vertex 211.54329141908727 116.2497034758255 -3.659749431359513
      vertex 212.01227419495967 116.3833882542614 -3.61109215123437
      vertex 205 132.8731489435537 2.390689909840959
    endloop
  endfacet
  facet normal 7.758955213810328e-16 -0.3420201433256684 0.9396926207859084
    outer loop
      vertex 211.54329141908727 116.2497034758255 -3.659749431359513
      vertex 205 132.8731489435537 2.390689909840959
      vertex 211.32718291826913 116.14115732569104 -3.699256999052646
    endloop
  endfacet
  facet normal 2.4922937485091758e-15 -0.34202014332566794 0.9396926207859088
    outer loop
      vertex 210.42132596924364 115.38445964857759 -3.9746724298603184
      vertex 210.65450627758614 115.65145547874981 -3.877493895004437
      vertex 205 132.8731489435537 2.390689909840959
    endloop
  endfacet
  facet normal -2.6741049406917503e-15 -0.3420201433256693 0.9396926207859082
    outer loop
      vertex 210.42132596924364 115.38445964857759 -3.9746724298603184
      vertex 205 132.8731489435537 2.390689909840959
      vertex 210.1903011687218 114.97830852156176 -4.122499350707754
    endloop
  endfacet
  facet normal 1 9.564381481472815e-13 -1.2506284458704807e-12
    outer loop
      vertex 224 48.14984882622957 -16.740113979687884
      vertex 224 8.322418332099915 -47.19877977531214
      vertex 223.999999999935 137.9999999995564 1.218791933904597e-9
    endloop
  endfacet
  facet normal 8.17428047652793e-14 0.3420201433125682 -0.9396926207906766
    outer loop
      vertex 214.95196320100808 31.33335356938473 -38.823484286676546
      vertex 215 30.875041229419146 -38.99029633641367
      vertex 214.95196320100808 30.416728889453566 -39.1571083861508
    endloop
  endfacet
  facet normal 1.1215977116623287e-14 0.34202014331256475 -0.9396926207906778
    outer loop
      vertex 214.95196320100808 30.416728889453566 -39.1571083861508
      vertex 214.8096988312782 29.976029235688337 -39.31750994236581
      vertex 214.8096988312782 31.77405322314996 -38.66308273046155
    endloop
  endfacet
  facet normal 2.075983507815784e-15 0.3420201433125647 -0.9396926207906778
    outer loop
      vertex 214.57867403075636 32.18020435016784 -38.51525580961978
      vertex 214.8096988312782 29.976029235688337 -39.31750994236581
      vertex 214.57867403075636 29.56987810867046 -39.465336863207575
    endloop
  endfacet
  facet normal 4.76020133126367e-14 0.34202014331256814 -0.9396926207906766
    outer loop
      vertex 214.95196320100808 30.416728889453566 -39.1571083861508
      vertex 214.8096988312782 31.77405322314996 -38.66308273046155
      vertex 214.95196320100808 31.33335356938473 -38.823484286676546
    endloop
  endfacet
  facet normal 3.265015995662985e-15 0.3420201433125648 -0.9396926207906777
    outer loop
      vertex 214.57867403075636 32.18020435016784 -38.51525580961978
      vertex 214.8096988312782 31.77405322314996 -38.66308273046155
      vertex 214.8096988312782 29.976029235688337 -39.31750994236581
    endloop
  endfacet
  facet normal 1 0 0
    outer loop
      vertex 224 48.14984882622957 -16.740113979687884
      vertex 224 138 1.3802505804960674e-9
      vertex 224 123 10.503113077471063
    endloop
  endfacet
  facet normal 1 0 0
    outer loop
      vertex 224 138 136.73354503650407
      vertex 224 29.516924763144477 -17.136877085882197
      vertex 224 54.20542208862881 -8.150998930645157
    endloop
  endfacet
  facet normal 0.7660935573215519 0.1177220478194452 -0.6318561393921929
    outer loop
      vertex 224 138 1.3802505804960674e-9
      vertex 224 48.14984882622957 -16.740113979687884
      vertex 223.999999999935 137.9999999995564 1.218791933904597e-9
    endloop
  endfacet
  facet normal 1 0 0
    outer loop
      vertex 224 138 1.3802505804960674e-9
      vertex 224 123 16.888179708001125
      vertex 224 123 10.503113077471063
    endloop
  endfacet
  facet normal 1 0 0
    outer loop
      vertex 224 123 16.888179708001125
      vertex 224 138 1.3802505804960674e-9
      vertex 224 123 89.42597996581534
    endloop
  endfacet
  facet normal 0 1 0
    outer loop
      vertex 224 138 1.3802505804960674e-9
      vertex 217.93274848163128 138 29.81718387454748
      vertex 218 138 30.5
    endloop
  endfacet
  facet normal 0 1 0
    outer loop
      vertex 224 138 1.3802505804960674e-9
      vertex 217.73357836157084 138 29.160607986152172
      vertex 217.93274848163128 138 29.81718387454748
    endloop
  endfacet
  facet normal 0 1 0
    outer loop
      vertex 224 138 1.3802505804960674e-9
      vertex 218 138 30.5
      vertex 217.93274848163128 138 31.18281612545252
    endloop
  endfacet
  facet normal 0 1 0
    outer loop
      vertex 224 138 1.3802505804960674e-9
      vertex 217.41014364361763 138 28.55550418794155
      vertex 217.73357836157084 138 29.160607986152172
    endloop
  endfacet
  facet normal 0 1 0
    outer loop
      vertex 224 138 1.3802505804960674e-9
      vertex 216.97487373650074 138 28.02512626349926
      vertex 217.41014364361763 138 28.55550418794155
    endloop
  endfacet
  facet normal -6.811900397106636e-14 0.3420201433125677 -0.9396926207906767
    outer loop
      vertex 214.95196320100808 115.90568944054571 -8.041671388545652
      vertex 215 115.44737710058014 -8.20848343828278
      vertex 214.95196320100808 114.98906476061455 -8.375295488019907
    endloop
  endfacet
  facet normal 1.3357209111615134e-14 0.34202014331256575 -0.9396926207906775
    outer loop
      vertex 214.95196320100808 114.98906476061455 -8.375295488019907
      vertex 214.8096988312782 114.54836510684933 -8.535697044234912
      vertex 214.8096988312782 116.34638909431094 -7.881269832330653
    endloop
  endfacet
  facet normal 3.440145499904851e-14 0.3420201433125677 -0.9396926207906768
    outer loop
      vertex 214.95196320100808 114.98906476061455 -8.375295488019907
      vertex 214.8096988312782 116.34638909431094 -7.881269832330653
      vertex 214.95196320100808 115.90568944054571 -8.041671388545652
    endloop
  endfacet
  facet normal 5.189958769539444e-16 0.3420201433125658 -0.9396926207906774
    outer loop
      vertex 214.8096988312782 114.54836510684933 -8.535697044234912
      vertex 214.57867403075636 114.14221397983144 -8.683523965076683
      vertex 214.57867403075636 116.75254022132883 -7.733442911488882
    endloop
  endfacet
  facet normal -1.004620306357851e-15 0.3420201433125657 -0.9396926207906774
    outer loop
      vertex 214.8096988312782 114.54836510684933 -8.535697044234912
      vertex 214.57867403075636 116.75254022132883 -7.733442911488882
      vertex 214.8096988312782 116.34638909431094 -7.881269832330653
    endloop
  endfacet
  facet normal 0 1 0
    outer loop
      vertex 224 138 1.3802505804960674e-9
      vertex 216.44449581205845 138 27.58985635638237
      vertex 216.97487373650074 138 28.02512626349926
    endloop
  endfacet
  facet normal 0 1 0
    outer loop
      vertex 224 138 1.3802505804960674e-9
      vertex 215.83939201384783 138 27.266421638429165
      vertex 216.44449581205845 138 27.58985635638237
    endloop
  endfacet
  facet normal 0 1 0
    outer loop
      vertex 224 138 1.3802505804960674e-9
      vertex 215.18281612545252 138 27.06725151836872
      vertex 215.83939201384783 138 27.266421638429165
    endloop
  endfacet
  facet normal 0 0.34201874418938666 -0.9396931300286891
    outer loop
      vertex 224 138 1.3802505804960674e-9
      vertex 223.999999999935 137.9999999995564 1.218791933904597e-9
      vertex 205 137.9999999995564 1.218791933904597e-9
    endloop
  endfacet
  facet normal 0 1 0
    outer loop
      vertex 217.73357836157084 138 31.839392013847828
      vertex 217.41014364361763 138 32.44449581205845
      vertex 216.04999999701977 138 40.5
    endloop
  endfacet
  facet normal 0 1 0
    outer loop
      vertex 224 138 1.3802505804960674e-9
      vertex 205 138 1.3802505804960674e-9
      vertex 215.18281612545252 138 27.06725151836872
    endloop
  endfacet
  facet normal 0 1 0
    outer loop
      vertex 217.41014364361763 138 32.44449581205845
      vertex 216.97487373650074 138 32.97487373650074
      vertex 216.04999999701977 138 40.5
    endloop
  endfacet
  facet normal 0 1 0
    outer loop
      vertex 216.97487373650074 138 32.97487373650074
      vertex 216.44449581205845 138 33.41014364361763
      vertex 216.04999999701977 138 40.5
    endloop
  endfacet
  facet normal 0 1 0
    outer loop
      vertex 216.44449581205845 138 33.41014364361763
      vertex 216.04999999701977 138 33.621006049215794
      vertex 216.04999999701977 138 40.5
    endloop
  endfacet
  facet normal 1 0 0
    outer loop
      vertex 224 123 89.42597996581534
      vertex 224 138 136.73354503650407
      vertex 224 54.20542208862881 -8.150998930645157
    endloop
  endfacet
  facet normal 0 1 0
    outer loop
      vertex 224 138 1.3802505804960674e-9
      vertex 217.93274848163128 138 31.18281612545252
      vertex 224 138 136.73354503650407
    endloop
  endfacet
  facet normal 1 0 0
    outer loop
      vertex 224 138 1.3802505804960674e-9
      vertex 224 138 136.73354503650407
      vertex 224 123 89.42597996581534
    endloop
  endfacet
  facet normal 0 1 0
    outer loop
      vertex 217.93274848163128 138 31.18281612545252
      vertex 217.73357836157084 138 31.839392013847828
      vertex 224 138 136.73354503650407
    endloop
  endfacet
  facet normal 0 1 0
    outer loop
      vertex 217.73357836157084 138 31.839392013847828
      vertex 216.04999999701977 138 40.5
      vertex 224 138 136.73354503650407
    endloop
  endfacet
  facet normal 0 1 0
    outer loop
      vertex 224 138 136.73354503650407
      vertex 217.93274848163128 138 102.31718387454748
      vertex 218 138 103
    endloop
  endfacet
  facet normal 0 1 0
    outer loop
      vertex 224 138 136.73354503650407
      vertex 218 138 103
      vertex 217.93274848163128 138 103.68281612545252
    endloop
  endfacet
  facet normal 0 1 0
    outer loop
      vertex 224 138 136.73354503650407
      vertex 217.93274848163128 138 103.68281612545252
      vertex 217.73357836157084 138 104.33939201384783
    endloop
  endfacet
  facet normal 0 1 0
    outer loop
      vertex 224 138 136.73354503650407
      vertex 217.73357836157084 138 104.33939201384783
      vertex 217.41014364361763 138 104.94449581205845
    endloop
  endfacet
  facet normal 0 -0.817296404296253 0.5762174828347504
    outer loop
      vertex 224 138 136.73354503650407
      vertex 205 138 136.73354503650407
      vertex 224 29.516924763144477 -17.136877085882197
    endloop
  endfacet
  facet normal 0 1 0
    outer loop
      vertex 216.04999999701977 138 40.5
      vertex 216.02021718770266 138 40.80239000171423
      vertex 224 138 136.73354503650407
    endloop
  endfacet
  facet normal 0 1 0
    outer loop
      vertex 216.02021718770266 138 40.80239000171423
      vertex 215.93201327323914 138 41.093159317970276
      vertex 224 138 136.73354503650407
    endloop
  endfacet
  facet normal 0 1 0
    outer loop
      vertex 215.93201327323914 138 41.093159317970276
      vertex 215.78877790272236 138 41.361133858561516
      vertex 224 138 136.73354503650407
    endloop
  endfacet
  facet normal 0 1 0
    outer loop
      vertex 215.78877790272236 138 41.361133858561516
      vertex 215.59601551294327 138 41.59601551294327
      vertex 224 138 136.73354503650407
    endloop
  endfacet
  facet normal 0 1 0
    outer loop
      vertex 215.59601551294327 138 41.59601551294327
      vertex 215.36113385856152 138 41.78877790272236
      vertex 224 138 136.73354503650407
    endloop
  endfacet
  facet normal 0 1 0
    outer loop
      vertex 215.36113385856152 138 41.78877790272236
      vertex 215.09315931797028 138 41.932013273239136
      vertex 224 138 136.73354503650407
    endloop
  endfacet
  facet normal 0 1 0
    outer loop
      vertex 215.09315931797028 138 41.932013273239136
      vertex 214.80239000171423 138 42.020217187702656
      vertex 224 138 136.73354503650407
    endloop
  endfacet
  facet normal 0 1 0
    outer loop
      vertex 214.80239000171423 138 42.020217187702656
      vertex 214.5 138 42.04999999701977
      vertex 224 138 136.73354503650407
    endloop
  endfacet
  facet normal 0 1 0
    outer loop
      vertex 224 138 136.73354503650407
      vertex 214.5 138 42.04999999701977
      vertex 214.19760999828577 138 42.020217187702656
    endloop
  endfacet
  facet normal 0 1 0
    outer loop
      vertex 224 138 136.73354503650407
      vertex 213.90684068202972 138 41.932013273239136
      vertex 213.63886614143848 138 41.78877790272236
    endloop
  endfacet
  facet normal 0 1 0
    outer loop
      vertex 224 138 136.73354503650407
      vertex 213.63886614143848 138 41.78877790272236
      vertex 213.40398448705673 138 41.59601551294327
    endloop
  endfacet
  facet normal 0 1 0
    outer loop
      vertex 224 138 136.73354503650407
      vertex 214.19760999828577 138 42.020217187702656
      vertex 213.90684068202972 138 41.932013273239136
    endloop
  endfacet
  facet normal 0 1 0
    outer loop
      vertex 224 138 136.73354503650407
      vertex 213.40398448705673 138 41.59601551294327
      vertex 213.21122209727764 138 41.361133858561516
    endloop
  endfacet
  facet normal 0 1 0
    outer loop
      vertex 224 138 136.73354503650407
      vertex 213.21122209727764 138 41.361133858561516
      vertex 213.06798672676086 138 41.093159317970276
    endloop
  endfacet
  facet normal 0 1 0
    outer loop
      vertex 224 138 136.73354503650407
      vertex 213.06798672676086 138 41.093159317970276
      vertex 212.97978281229734 138 40.80239000171423
    endloop
  endfacet
  facet normal 0 1 0
    outer loop
      vertex 224 138 136.73354503650407
      vertex 212.97978281229734 138 40.80239000171423
      vertex 211.06725151836872 138 31.18281612545252
    endloop
  endfacet
  facet normal 0 1 0
    outer loop
      vertex 224 138 136.73354503650407
      vertex 205 138 1.3802505804960674e-9
      vertex 217.93274848163128 138 102.31718387454748
    endloop
  endfacet
  facet normal 0 1 0
    outer loop
      vertex 224 138 136.73354503650407
      vertex 217.41014364361763 138 104.94449581205845
      vertex 216.04999999701977 138 113
    endloop
  endfacet
  facet normal 0 1 0
    outer loop
      vertex 224 138 136.73354503650407
      vertex 216.04999999701977 138 113
      vertex 216.02021718770266 138 113.30239000171423
    endloop
  endfacet
  facet normal 0 1 0
    outer loop
      vertex 224 138 136.73354503650407
      vertex 216.02021718770266 138 113.30239000171423
      vertex 215.93201327323914 138 113.59315931797028
    endloop
  endfacet
  facet normal 0 1 0
    outer loop
      vertex 224 138 136.73354503650407
      vertex 215.93201327323914 138 113.59315931797028
      vertex 215.78877790272236 138 113.86113385856152
    endloop
  endfacet
  facet normal 0 1 0
    outer loop
      vertex 224 138 136.73354503650407
      vertex 215.78877790272236 138 113.86113385856152
      vertex 215.59601551294327 138 114.09601551294327
    endloop
  endfacet
  facet normal 0 1 0
    outer loop
      vertex 224 138 136.73354503650407
      vertex 215.59601551294327 138 114.09601551294327
      vertex 215.36113385856152 138 114.28877790272236
    endloop
  endfacet
  facet normal 0 1 0
    outer loop
      vertex 224 138 136.73354503650407
      vertex 215.36113385856152 138 114.28877790272236
      vertex 215.09315931797028 138 114.43201327323914
    endloop
  endfacet
  facet normal 0 1 0
    outer loop
      vertex 224 138 136.73354503650407
      vertex 215.09315931797028 138 114.43201327323914
      vertex 214.80239000171423 138 114.52021718770266
    endloop
  endfacet
  facet normal 0 1 0
    outer loop
      vertex 224 138 136.73354503650407
      vertex 214.80239000171423 138 114.52021718770266
      vertex 214.5 138 114.54999999701977
    endloop
  endfacet
  facet normal 0 1 0
    outer loop
      vertex 217.41014364361763 138 104.94449581205845
      vertex 216.97487373650074 138 105.47487373650074
      vertex 216.04999999701977 138 113
    endloop
  endfacet
  facet normal 0 1 0
    outer loop
      vertex 216.97487373650074 138 105.47487373650074
      vertex 216.44449581205845 138 105.91014364361763
      vertex 216.04999999701977 138 113
    endloop
  endfacet
  facet normal 0 1 0
    outer loop
      vertex 216.44449581205845 138 105.91014364361763
      vertex 216.04999999701977 138 106.1210060492158
      vertex 216.04999999701977 138 113
    endloop
  endfacet
  facet normal -2.0053733834097737e-14 0.3420201433125647 -0.9396926207906778
    outer loop
      vertex 214.57867403075636 29.56987810867046 -39.465336863207575
      vertex 214.26776695296638 32.53619879039927 -38.3856844298169
      vertex 214.57867403075636 32.18020435016784 -38.51525580961978
    endloop
  endfacet
  facet normal -7.676057277831585e-15 0.3420201433125659 -0.9396926207906774
    outer loop
      vertex 214.57867403075636 29.56987810867046 -39.465336863207575
      vertex 213.888925582549 32.828355877150116 -38.27934794651427
      vertex 214.26776695296638 32.53619879039927 -38.3856844298169
    endloop
  endfacet
  facet normal 2.917699008679156e-14 0.34202014331257263 -0.939692620790675
    outer loop
      vertex 214.57867403075636 29.56987810867046 -39.465336863207575
      vertex 213.45670858091273 33.04544817742014 -38.20033281113104
      vertex 213.888925582549 32.828355877150116 -38.27934794651427
    endloop
  endfacet
  facet normal -1.0714700419230272e-14 0.3420201433125615 -0.939692620790679
    outer loop
      vertex 214.57867403075636 29.56987810867046 -39.465336863207575
      vertex 212.98772580504033 33.17913295585674 -38.151675531007754
      vertex 213.45670858091273 33.04544817742014 -38.20033281113104
    endloop
  endfacet
  facet normal -1.9771607293584966e-15 0.34202014331256464 -0.939692620790678
    outer loop
      vertex 214.57867403075636 29.56987810867046 -39.465336863207575
      vertex 212.5 33.22427278139585 -38.13524597813226
      vertex 212.98772580504033 33.17913295585674 -38.151675531007754
    endloop
  endfacet
  facet normal -4.780285003620262e-16 0.34202014331256403 -0.9396926207906782
    outer loop
      vertex 214.26776695296638 29.21388366843903 -39.59490824301045
      vertex 210.42132596924364 32.18020435016784 -38.51525580961978
      vertex 214.57867403075636 29.56987810867046 -39.465336863207575
    endloop
  endfacet
  facet normal 2.901152573456466e-15 0.34202014331256786 -0.9396926207906766
    outer loop
      vertex 214.26776695296638 29.21388366843903 -39.59490824301045
      vertex 213.888925582549 28.92172658168818 -39.70124472631308
      vertex 210.42132596924364 32.18020435016784 -38.51525580961978
    endloop
  endfacet
  facet normal 1.7793976457417278e-15 0.3420201433125667 -0.9396926207906771
    outer loop
      vertex 214.57867403075636 29.56987810867046 -39.465336863207575
      vertex 212.01227419495967 33.17913295585674 -38.151675531007754
      vertex 212.5 33.22427278139585 -38.13524597813226
    endloop
  endfacet
  facet normal -4.272210705545245e-15 0.34202014331256114 -0.9396926207906792
    outer loop
      vertex 213.888925582549 28.92172658168818 -39.70124472631308
      vertex 213.45670858091273 28.70463428141816 -39.780259861696315
      vertex 210.42132596924364 32.18020435016784 -38.51525580961978
    endloop
  endfacet
  facet normal 5.739657918260791e-15 0.34202014331256886 -0.9396926207906764
    outer loop
      vertex 213.45670858091273 28.70463428141816 -39.780259861696315
      vertex 212.98772580504033 28.57094950298156 -39.8289171418196
      vertex 210.42132596924364 32.18020435016784 -38.51525580961978
    endloop
  endfacet
  facet normal -8.60948687739118e-15 0.3420201433125602 -0.9396926207906795
    outer loop
      vertex 214.57867403075636 29.56987810867046 -39.465336863207575
      vertex 211.54329141908727 33.045448177420134 -38.200332811131034
      vertex 212.01227419495967 33.17913295585674 -38.151675531007754
    endloop
  endfacet
  facet normal -3.089508306834998e-15 0.3420201433125643 -0.9396926207906781
    outer loop
      vertex 214.57867403075636 29.56987810867046 -39.465336863207575
      vertex 211.111074417451 32.828355877150116 -38.27934794651427
      vertex 211.54329141908727 33.045448177420134 -38.200332811131034
    endloop
  endfacet
  facet normal 3.5278015293230804e-15 0.3420201433125708 -0.9396926207906755
    outer loop
      vertex 214.57867403075636 29.56987810867046 -39.465336863207575
      vertex 210.73223304703362 32.53619879039927 -38.3856844298169
      vertex 211.111074417451 32.828355877150116 -38.27934794651427
    endloop
  endfacet
  facet normal -4.100955511670451e-15 0.3420201433125627 -0.9396926207906785
    outer loop
      vertex 212.98772580504033 28.57094950298156 -39.8289171418196
      vertex 212.5 28.52580967744246 -39.84534669469509
      vertex 210.42132596924364 32.18020435016784 -38.51525580961978
    endloop
  endfacet
  facet normal -9.897388572940978e-15 0.3420201433125598 -0.9396926207906797
    outer loop
      vertex 212.01227419495967 28.57094950298156 -39.828917141819595
      vertex 210.42132596924364 32.18020435016784 -38.51525580961978
      vertex 212.5 28.52580967744246 -39.84534669469509
    endloop
  endfacet
  facet normal 7.102137719664357e-15 0.3420201433125745 -0.9396926207906743
    outer loop
      vertex 214.57867403075636 29.56987810867046 -39.465336863207575
      vertex 210.42132596924364 32.18020435016784 -38.51525580961978
      vertex 210.73223304703362 32.53619879039927 -38.3856844298169
    endloop
  endfacet
  facet normal 7.806928101511533e-15 0.3420201433125666 -0.9396926207906772
    outer loop
      vertex 212.01227419495967 28.57094950298156 -39.828917141819595
      vertex 211.54329141908727 28.70463428141816 -39.780259861696315
      vertex 210.42132596924364 32.18020435016784 -38.51525580961978
    endloop
  endfacet
  facet normal 7.335692109889352e-15 0.3420201433125665 -0.9396926207906772
    outer loop
      vertex 211.54329141908727 28.70463428141816 -39.780259861696315
      vertex 211.111074417451 28.92172658168818 -39.70124472631308
      vertex 210.42132596924364 32.18020435016784 -38.51525580961978
    endloop
  endfacet
  facet normal -6.2620467266520915e-15 0.342020143312564 -0.9396926207906781
    outer loop
      vertex 211.111074417451 28.92172658168818 -39.70124472631308
      vertex 210.73223304703362 29.21388366843903 -39.59490824301045
      vertex 210.42132596924364 32.18020435016784 -38.51525580961978
    endloop
  endfacet
  facet normal 1.3497705465258092e-15 0.3420201433125647 -0.9396926207906778
    outer loop
      vertex 210.73223304703362 29.21388366843903 -39.59490824301045
      vertex 210.42132596924364 29.56987810867046 -39.465336863207575
      vertex 210.42132596924364 32.18020435016784 -38.51525580961978
    endloop
  endfacet
  facet normal -2.2489821334670994e-15 0.3420201433125647 -0.9396926207906778
    outer loop
      vertex 210.42132596924364 29.56987810867046 -39.465336863207575
      vertex 210.1903011687218 29.976029235688337 -39.31750994236581
      vertex 210.42132596924364 32.18020435016784 -38.51525580961978
    endloop
  endfacet
  facet normal -9.292737833809308e-15 0.34202014331256536 -0.9396926207906777
    outer loop
      vertex 210.1903011687218 29.976029235688337 -39.31750994236581
      vertex 210.04803679899192 30.416728889453566 -39.1571083861508
      vertex 210.42132596924364 32.18020435016784 -38.51525580961978
    endloop
  endfacet
  facet normal -8.17428047652793e-14 0.3420201433125682 -0.9396926207906766
    outer loop
      vertex 210.04803679899192 30.416728889453566 -39.1571083861508
      vertex 210 30.875041229419146 -38.99029633641367
      vertex 210.04803679899192 31.33335356938473 -38.823484286676546
    endloop
  endfacet
  facet normal -1.4274879966613265e-15 0.3420201433125639 -0.9396926207906782
    outer loop
      vertex 210.42132596924364 32.18020435016784 -38.51525580961978
      vertex 210.04803679899192 30.416728889453566 -39.1571083861508
      vertex 210.1903011687218 31.77405322314996 -38.66308273046155
    endloop
  endfacet
  facet normal -4.76020133126367e-14 0.34202014331256814 -0.9396926207906766
    outer loop
      vertex 210.04803679899192 30.416728889453566 -39.1571083861508
      vertex 210.04803679899192 31.33335356938473 -38.823484286676546
      vertex 210.1903011687218 31.77405322314996 -38.66308273046155
    endloop
  endfacet
  facet normal -1.017023543826241e-15 -0.817296404296253 0.5762174828347504
    outer loop
      vertex 205 138 136.73354503650407
      vertex 205 29.516924763144488 -17.136877085882194
      vertex 224 29.516924763144477 -17.136877085882197
    endloop
  endfacet
  facet normal -1 0 0
    outer loop
      vertex 205 12.359467173476535 -41.472703076296575
      vertex 205 8.322418333867892 -47.19877977396005
      vertex 205 8.322418332099915 -47.19877977531214
    endloop
  endfacet
  facet normal -1 0 0
    outer loop
      vertex 205 18.94306648072838 -39.0764688946793
      vertex 205 8.322418333867892 -47.19877977396005
      vertex 205 12.359467173476535 -41.472703076296575
    endloop
  endfacet
  facet normal -1 0 0
    outer loop
      vertex 205 8.322418333867892 -47.19877977396005
      vertex 205 18.94306648072838 -39.0764688946793
      vertex 205 29.074376497509473 -36.003008673829676
    endloop
  endfacet
  facet normal -1 0 0
    outer loop
      vertex 205 29.77765870497366 -17.04197769199348
      vertex 205 36.10052406004875 -14.740642907473147
      vertex 205 25.479875918516733 -22.86295378950911
    endloop
  endfacet
  facet normal -1 0 0
    outer loop
      vertex 205 25.479875918516733 -22.86295378950911
      vertex 205 36.10052406004875 -14.740642907473147
      vertex 205 32.06347521553238 -20.466719611059524
    endloop
  endfacet
  facet normal -1 0 0
    outer loop
      vertex 205 134 124.11819434303979
      vertex 205 29.77765870497366 -17.04197769199348
      vertex 205 29.516924763144488 -17.136877085882194
    endloop
  endfacet
  facet normal -1 0 0
    outer loop
      vertex 205 134 124.11819434303979
      vertex 205 36.10052406004875 -14.740642907473147
      vertex 205 29.77765870497366 -17.04197769199348
    endloop
  endfacet
  facet normal -1.7473130382434076e-14 0.3420201433125647 -0.939692620790678
    outer loop
      vertex 214.26776695296638 113.78621953960001 -8.813095344879553
      vertex 214.26776695296638 117.10853466156026 -7.6038715316860035
      vertex 214.57867403075636 114.14221397983144 -8.683523965076683
    endloop
  endfacet
  facet normal -5.141983034384019e-15 0.34202014331256586 -0.9396926207906775
    outer loop
      vertex 214.57867403075636 114.14221397983144 -8.683523965076683
      vertex 214.26776695296638 117.10853466156026 -7.6038715316860035
      vertex 214.57867403075636 116.75254022132883 -7.733442911488882
    endloop
  endfacet
  facet normal -3.978680466380463e-15 0.34202014331256475 -0.939692620790678
    outer loop
      vertex 214.26776695296638 113.78621953960001 -8.813095344879553
      vertex 213.888925582549 117.40069174831109 -7.497535048383384
      vertex 214.26776695296638 117.10853466156026 -7.6038715316860035
    endloop
  endfacet
  facet normal 7.331110813157675e-15 0.34202014331256575 -0.9396926207906775
    outer loop
      vertex 214.26776695296638 113.78621953960001 -8.813095344879553
      vertex 213.45670858091273 117.61778404858113 -7.41851991300014
      vertex 213.888925582549 117.40069174831109 -7.497535048383384
    endloop
  endfacet
  facet normal 1.4828705470189008e-15 0.34202014331256464 -0.9396926207906778
    outer loop
      vertex 214.26776695296638 113.78621953960001 -8.813095344879553
      vertex 212.98772580504033 117.75146882701772 -7.3698626328768615
      vertex 213.45670858091273 117.61778404858113 -7.41851991300014
    endloop
  endfacet
  facet normal -3.558795291483408e-15 0.3420201433125631 -0.9396926207906785
    outer loop
      vertex 214.26776695296638 113.78621953960001 -8.813095344879553
      vertex 212.5 117.79660865255683 -7.353433080001367
      vertex 212.98772580504033 117.75146882701772 -7.3698626328768615
    endloop
  endfacet
  facet normal 2.57224859718605e-15 0.34202014331256686 -0.9396926207906771
    outer loop
      vertex 214.26776695296638 113.78621953960001 -8.813095344879553
      vertex 213.888925582549 113.49406245284916 -8.919431828182178
      vertex 210.73223304703362 117.10853466156026 -7.603871531686004
    endloop
  endfacet
  facet normal 3.2798045247205004e-15 0.3420201433125659 -0.9396926207906774
    outer loop
      vertex 214.26776695296638 113.78621953960001 -8.813095344879553
      vertex 212.01227419495967 117.75146882701772 -7.3698626328768615
      vertex 212.5 117.79660865255683 -7.353433080001367
    endloop
  endfacet
  facet normal 6.777092411594613e-15 0.34202014331257014 -0.939692620790676
    outer loop
      vertex 213.888925582549 113.49406245284916 -8.919431828182178
      vertex 213.45670858091273 113.27697015257915 -8.998446963565419
      vertex 210.73223304703362 117.10853466156026 -7.603871531686004
    endloop
  endfacet
  facet normal -2.703319768480542e-15 0.3420201433125631 -0.9396926207906784
    outer loop
      vertex 214.26776695296638 113.78621953960001 -8.813095344879553
      vertex 211.54329141908727 117.61778404858113 -7.418519913000139
      vertex 212.01227419495967 117.75146882701772 -7.3698626328768615
    endloop
  endfacet
  facet normal -2.775730119421992e-15 0.3420201433125642 -0.9396926207906782
    outer loop
      vertex 213.45670858091273 113.27697015257915 -8.998446963565419
      vertex 212.98772580504033 113.14328537414256 -9.047104243688697
      vertex 210.73223304703362 117.10853466156026 -7.603871531686004
    endloop
  endfacet
  facet normal -1.856737647012159e-15 0.34202014331256325 -0.9396926207906784
    outer loop
      vertex 214.26776695296638 113.78621953960001 -8.813095344879553
      vertex 211.111074417451 117.40069174831109 -7.4975350483833845
      vertex 211.54329141908727 117.61778404858113 -7.418519913000139
    endloop
  endfacet
  facet normal 2.0114426186762197e-15 0.3420201433125666 -0.9396926207906773
    outer loop
      vertex 212.98772580504033 113.14328537414256 -9.047104243688697
      vertex 212.5 113.09814554860344 -9.063533796564196
      vertex 210.73223304703362 117.10853466156026 -7.603871531686004
    endloop
  endfacet
  facet normal 2.5494853352641063e-15 0.34202014331256686 -0.9396926207906772
    outer loop
      vertex 214.26776695296638 113.78621953960001 -8.813095344879553
      vertex 210.73223304703362 117.10853466156026 -7.603871531686004
      vertex 211.111074417451 117.40069174831109 -7.4975350483833845
    endloop
  endfacet
  facet normal -2.182542424855087e-15 0.3420201433125649 -0.9396926207906778
    outer loop
      vertex 212.01227419495967 113.14328537414256 -9.047104243688697
      vertex 210.73223304703362 117.10853466156026 -7.603871531686004
      vertex 212.5 113.09814554860344 -9.063533796564196
    endloop
  endfacet
  facet normal 3.5527106855661284e-15 0.3420201433125665 -0.9396926207906772
    outer loop
      vertex 212.01227419495967 113.14328537414256 -9.047104243688697
      vertex 211.54329141908727 113.27697015257915 -8.998446963565419
      vertex 210.73223304703362 117.10853466156026 -7.603871531686004
    endloop
  endfacet
  facet normal -5.956527535690546e-15 0.3420201433125647 -0.939692620790678
    outer loop
      vertex 211.54329141908727 113.27697015257915 -8.998446963565419
      vertex 211.111074417451 113.49406245284916 -8.91943182818218
      vertex 210.73223304703362 117.10853466156026 -7.603871531686004
    endloop
  endfacet
  facet normal -4.268792583720704e-15 0.3420201433125649 -0.9396926207906777
    outer loop
      vertex 211.111074417451 113.49406245284916 -8.91943182818218
      vertex 210.73223304703362 113.78621953960001 -8.813095344879555
      vertex 210.73223304703362 117.10853466156026 -7.603871531686004
    endloop
  endfacet
  facet normal 1.2372592322821814e-14 0.34202014331256486 -0.9396926207906777
    outer loop
      vertex 210.73223304703362 113.78621953960001 -8.813095344879555
      vertex 210.42132596924364 114.14221397983144 -8.683523965076683
      vertex 210.73223304703362 117.10853466156026 -7.603871531686004
    endloop
  endfacet
  facet normal -6.42747879297977e-17 0.3420201433125661 -0.9396926207906774
    outer loop
      vertex 210.42132596924364 114.14221397983144 -8.683523965076683
      vertex 210.1903011687218 114.54836510684933 -8.535697044234912
      vertex 210.73223304703362 117.10853466156026 -7.603871531686004
    endloop
  endfacet
  facet normal -6.054951897796341e-16 0.3420201433125662 -0.9396926207906775
    outer loop
      vertex 210.73223304703362 117.10853466156026 -7.603871531686004
      vertex 210.1903011687218 114.54836510684933 -8.535697044234912
      vertex 210.42132596924364 116.75254022132883 -7.733442911488881
    endloop
  endfacet
  facet normal 4.395213840315598e-15 0.3420201433125657 -0.9396926207906776
    outer loop
      vertex 210.42132596924364 116.75254022132883 -7.733442911488881
      vertex 210.1903011687218 114.54836510684933 -8.535697044234912
      vertex 210.1903011687218 116.34638909431094 -7.881269832330653
    endloop
  endfacet
  facet normal -6.400270697497397e-15 0.34202014331256764 -0.9396926207906768
    outer loop
      vertex 210.1903011687218 114.54836510684933 -8.535697044234912
      vertex 210.04803679899192 114.98906476061455 -8.375295488019907
      vertex 210.04803679899192 115.90568944054571 -8.041671388545652
    endloop
  endfacet
  facet normal -2.7734052506559667e-14 0.34202014331256575 -0.9396926207906775
    outer loop
      vertex 210.1903011687218 114.54836510684933 -8.535697044234912
      vertex 210.04803679899192 115.90568944054571 -8.041671388545652
      vertex 210.1903011687218 116.34638909431094 -7.881269832330653
    endloop
  endfacet
  facet normal 6.811900397106636e-14 0.3420201433125677 -0.9396926207906767
    outer loop
      vertex 210.04803679899192 114.98906476061455 -8.375295488019907
      vertex 210 115.44737710058014 -8.20848343828278
      vertex 210.04803679899192 115.90568944054571 -8.041671388545652
    endloop
  endfacet
  facet normal 0 1 0
    outer loop
      vertex 212.95000000298023 138 33.621006049215794
      vertex 212.55550418794155 138 33.41014364361763
      vertex 212.95000000298023 138 40.5
    endloop
  endfacet
  facet normal 0 1 0
    outer loop
      vertex 212.95000000298023 138 40.5
      vertex 212.55550418794155 138 33.41014364361763
      vertex 212.02512626349926 138 32.97487373650074
    endloop
  endfacet
  facet normal 0 1 0
    outer loop
      vertex 212.95000000298023 138 40.5
      vertex 212.02512626349926 138 32.97487373650074
      vertex 211.58985635638237 138 32.44449581205845
    endloop
  endfacet
  facet normal 0 1 0
    outer loop
      vertex 212.97978281229734 138 40.80239000171423
      vertex 212.95000000298023 138 40.5
      vertex 211.06725151836872 138 31.18281612545252
    endloop
  endfacet
  facet normal 0 0.34201874418938666 -0.939693130028689
    outer loop
      vertex 224 138 1.3802505804960674e-9
      vertex 205 137.9999999995564 1.218791933904597e-9
      vertex 205 138 1.3802505804960674e-9
    endloop
  endfacet
  facet normal 0 1 0
    outer loop
      vertex 215.18281612545252 138 27.06725151836872
      vertex 205 138 1.3802505804960674e-9
      vertex 214.5 138 27
    endloop
  endfacet
  facet normal 0 1 0
    outer loop
      vertex 214.5 138 27
      vertex 205 138 1.3802505804960674e-9
      vertex 213.81718387454748 138 27.06725151836872
    endloop
  endfacet
  facet normal 0 1 0
    outer loop
      vertex 213.81718387454748 138 27.06725151836872
      vertex 205 138 1.3802505804960674e-9
      vertex 213.16060798615217 138 27.266421638429165
    endloop
  endfacet
  facet normal 0 1 0
    outer loop
      vertex 213.16060798615217 138 27.266421638429165
      vertex 205 138 1.3802505804960674e-9
      vertex 212.55550418794155 138 27.58985635638237
    endloop
  endfacet
  facet normal 0 1 0
    outer loop
      vertex 212.55550418794155 138 27.58985635638237
      vertex 205 138 1.3802505804960674e-9
      vertex 212.02512626349926 138 28.02512626349926
    endloop
  endfacet
  facet normal 0 1 0
    outer loop
      vertex 212.95000000298023 138 40.5
      vertex 211.58985635638237 138 32.44449581205845
      vertex 211.26642163842916 138 31.839392013847828
    endloop
  endfacet
  facet normal 0 1 0
    outer loop
      vertex 212.95000000298023 138 40.5
      vertex 211.26642163842916 138 31.839392013847828
      vertex 211.06725151836872 138 31.18281612545252
    endloop
  endfacet
  facet normal -1 0 0
    outer loop
      vertex 205 72.7487175679574 -21.567399954571982
      vertex 205 137.99999995872687 -1.3641941593585876e-8
      vertex 205 8.322418436532478 -47.1987797373018
    endloop
  endfacet
  facet normal 0 1 0
    outer loop
      vertex 212.02512626349926 138 28.02512626349926
      vertex 205 138 1.3802505804960674e-9
      vertex 211.58985635638237 138 28.55550418794155
    endloop
  endfacet
  facet normal 0 1 0
    outer loop
      vertex 211.58985635638237 138 28.55550418794155
      vertex 205 138 1.3802505804960674e-9
      vertex 211.26642163842916 138 29.160607986152172
    endloop
  endfacet
  facet normal 0 1 0
    outer loop
      vertex 211.26642163842916 138 29.160607986152172
      vertex 205 138 1.3802505804960674e-9
      vertex 211.06725151836872 138 29.81718387454748
    endloop
  endfacet
  facet normal 0 1 0
    outer loop
      vertex 211.06725151836872 138 29.81718387454748
      vertex 205 138 1.3802505804960674e-9
      vertex 211 138 30.5
    endloop
  endfacet
  facet normal 0 1 0
    outer loop
      vertex 211.06725151836872 138 31.18281612545252
      vertex 211 138 30.5
      vertex 205 138 1.3802505804960674e-9
    endloop
  endfacet
  facet normal -1 0 0
    outer loop
      vertex 205 134 2.800830156991289
      vertex 205 133.0592412731437 2.426558399379655
      vertex 205 132.8731489435537 2.390689909840959
    endloop
  endfacet
  facet normal -1 0 0
    outer loop
      vertex 205 132.87314894223397 2.3906899134669306
      vertex 205 134 2.800830156991289
      vertex 205 132.8731489435537 2.390689909840959
    endloop
  endfacet
  facet normal -1 0 0
    outer loop
      vertex 205 134 2.800830156991289
      vertex 205 137.99999999855717 8.551018807780417e-10
      vertex 205 133.0592412731437 2.426558399379655
    endloop
  endfacet
  facet normal -1 0 0
    outer loop
      vertex 205 134 2.800830156991289
      vertex 205 137.9999999995564 1.218791933904597e-9
      vertex 205 137.99999999855717 8.551018807780417e-10
    endloop
  endfacet
  facet normal -1 0 0
    outer loop
      vertex 205 134 2.800830156991289
      vertex 205 137.9999999993258 1.8523240824897268e-9
      vertex 205 137.9999999995564 1.218791933904597e-9
    endloop
  endfacet
  facet normal -1 0 0
    outer loop
      vertex 205 137.9999999995564 1.218791933904597e-9
      vertex 205 137.9999999993258 1.8523240824897268e-9
      vertex 205 138 1.3802505804960674e-9
    endloop
  endfacet
  facet normal -1 0 0
    outer loop
      vertex 205 138 1.3802505804960674e-9
      vertex 205 137.9999999993258 1.8523240824897268e-9
      vertex 205 134 10.98990967781847
    endloop
  endfacet
  facet normal 0 1 0
    outer loop
      vertex 224 138 136.73354503650407
      vertex 211.06725151836872 138 31.18281612545252
      vertex 205 138 1.3802505804960674e-9
    endloop
  endfacet
  facet normal 0 1 0
    outer loop
      vertex 217.73357836157084 138 101.66060798615217
      vertex 205 138 1.3802505804960674e-9
      vertex 217.41014364361763 138 101.05550418794155
    endloop
  endfacet
  facet normal 0 1 0
    outer loop
      vertex 217.41014364361763 138 101.05550418794155
      vertex 205 138 1.3802505804960674e-9
      vertex 216.97487373650074 138 100.52512626349926
    endloop
  endfacet
  facet normal 0 1 0
    outer loop
      vertex 216.97487373650074 138 100.52512626349926
      vertex 205 138 1.3802505804960674e-9
      vertex 216.44449581205845 138 100.08985635638237
    endloop
  endfacet
  facet normal 0 1 0
    outer loop
      vertex 216.44449581205845 138 100.08985635638237
      vertex 205 138 1.3802505804960674e-9
      vertex 215.83939201384783 138 99.76642163842916
    endloop
  endfacet
  facet normal 0 1 0
    outer loop
      vertex 217.73357836157084 138 101.66060798615217
      vertex 217.93274848163128 138 102.31718387454748
      vertex 205 138 1.3802505804960674e-9
    endloop
  endfacet
  facet normal 0 1 0
    outer loop
      vertex 215.83939201384783 138 99.76642163842916
      vertex 205 138 1.3802505804960674e-9
      vertex 215.18281612545252 138 99.56725151836872
    endloop
  endfacet
  facet normal 0 1 0
    outer loop
      vertex 215.18281612545252 138 99.56725151836872
      vertex 205 138 1.3802505804960674e-9
      vertex 214.5 138 99.5
    endloop
  endfacet
  facet normal 0 1 0
    outer loop
      vertex 205 138 1.3802505804960674e-9
      vertex 213.81718387454748 138 99.56725151836872
      vertex 214.5 138 99.5
    endloop
  endfacet
  facet normal 0 1 0
    outer loop
      vertex 205 138 1.3802505804960674e-9
      vertex 213.16060798615217 138 99.76642163842916
      vertex 213.81718387454748 138 99.56725151836872
    endloop
  endfacet
  facet normal 0 1 0
    outer loop
      vertex 205 138 1.3802505804960674e-9
      vertex 212.55550418794155 138 100.08985635638237
      vertex 213.16060798615217 138 99.76642163842916
    endloop
  endfacet
  facet normal 0 1 0
    outer loop
      vertex 205 138 1.3802505804960674e-9
      vertex 212.02512626349926 138 100.52512626349926
      vertex 212.55550418794155 138 100.08985635638237
    endloop
  endfacet
  facet normal 0 1 0
    outer loop
      vertex 212.95000000298023 138 106.1210060492158
      vertex 212.55550418794155 138 105.91014364361763
      vertex 212.95000000298023 138 113
    endloop
  endfacet
  facet normal 0 1 0
    outer loop
      vertex 212.95000000298023 138 113
      vertex 212.02512626349926 138 105.47487373650074
      vertex 211.58985635638237 138 104.94449581205845
    endloop
  endfacet
  facet normal 0 1 0
    outer loop
      vertex 212.95000000298023 138 113
      vertex 212.55550418794155 138 105.91014364361763
      vertex 212.02512626349926 138 105.47487373650074
    endloop
  endfacet
  facet normal 0 1 0
    outer loop
      vertex 224 138 136.73354503650407
      vertex 214.5 138 114.54999999701977
      vertex 205 138 136.73354503650407
    endloop
  endfacet
  facet normal 0 1 0
    outer loop
      vertex 214.5 138 114.54999999701977
      vertex 214.19760999828577 138 114.52021718770266
      vertex 205 138 136.73354503650407
    endloop
  endfacet
  facet normal 0 1 0
    outer loop
      vertex 214.19760999828577 138 114.52021718770266
      vertex 213.90684068202972 138 114.43201327323914
      vertex 205 138 136.73354503650407
    endloop
  endfacet
  facet normal 0 1 0
    outer loop
      vertex 213.90684068202972 138 114.43201327323914
      vertex 213.63886614143848 138 114.28877790272236
      vertex 205 138 136.73354503650407
    endloop
  endfacet
  facet normal 0 1 0
    outer loop
      vertex 213.63886614143848 138 114.28877790272236
      vertex 213.40398448705673 138 114.09601551294327
      vertex 205 138 136.73354503650407
    endloop
  endfacet
  facet normal 0 1 0
    outer loop
      vertex 213.40398448705673 138 114.09601551294327
      vertex 213.21122209727764 138 113.86113385856152
      vertex 205 138 136.73354503650407
    endloop
  endfacet
  facet normal 0 1 0
    outer loop
      vertex 213.06798672676086 138 113.59315931797028
      vertex 205 138 136.73354503650407
      vertex 213.21122209727764 138 113.86113385856152
    endloop
  endfacet
  facet normal 0 1 0
    outer loop
      vertex 213.06798672676086 138 113.59315931797028
      vertex 212.97978281229734 138 113.30239000171423
      vertex 205 138 136.73354503650407
    endloop
  endfacet
  facet normal 0 1 0
    outer loop
      vertex 212.95000000298023 138 113
      vertex 211.58985635638237 138 104.94449581205845
      vertex 205 138 136.73354503650407
    endloop
  endfacet
  facet normal 0 1 0
    outer loop
      vertex 212.95000000298023 138 113
      vertex 205 138 136.73354503650407
      vertex 212.97978281229734 138 113.30239000171423
    endloop
  endfacet
  facet normal -1 0 0
    outer loop
      vertex 205 134 124.11819434303979
      vertex 205 29.516924763144488 -17.136877085882194
      vertex 205 138 136.73354503650407
    endloop
  endfacet
  facet normal 0 1 0
    outer loop
      vertex 205 138 1.3802505804960674e-9
      vertex 211.58985635638237 138 101.05550418794155
      vertex 212.02512626349926 138 100.52512626349926
    endloop
  endfacet
  facet normal 0 1 0
    outer loop
      vertex 205 138 1.3802505804960674e-9
      vertex 211.26642163842916 138 101.66060798615217
      vertex 211.58985635638237 138 101.05550418794155
    endloop
  endfacet
  facet normal 0 1 0
    outer loop
      vertex 205 138 1.3802505804960674e-9
      vertex 211.06725151836872 138 102.31718387454748
      vertex 211.26642163842916 138 101.66060798615217
    endloop
  endfacet
  facet normal 0 1 0
    outer loop
      vertex 205 138 1.3802505804960674e-9
      vertex 211 138 103
      vertex 211.06725151836872 138 102.31718387454748
    endloop
  endfacet
  facet normal -1 0 0
    outer loop
      vertex 205 138 1.3802505804960674e-9
      vertex 205 134 10.98990967781847
      vertex 205 138 136.73354503650407
    endloop
  endfacet
  facet normal 0 1 0
    outer loop
      vertex 205 138 1.3802505804960674e-9
      vertex 205 138 136.73354503650407
      vertex 211 138 103
    endloop
  endfacet
  facet normal -1 0 0
    outer loop
      vertex 205 134 124.11819434303979
      vertex 205 138 136.73354503650407
      vertex 205 134 10.98990967781847
    endloop
  endfacet
  facet normal 0 1 0
    outer loop
      vertex 211.58985635638237 138 104.94449581205845
      vertex 211.26642163842916 138 104.33939201384783
      vertex 205 138 136.73354503650407
    endloop
  endfacet
  facet normal 0 1 0
    outer loop
      vertex 211.26642163842916 138 104.33939201384783
      vertex 211.06725151836872 138 103.68281612545252
      vertex 205 138 136.73354503650407
    endloop
  endfacet
  facet normal 0 1 0
    outer loop
      vertex 211.06725151836872 138 103.68281612545252
      vertex 211 138 103
      vertex 205 138 136.73354503650407
    endloop
  endfacet
  facet normal -1 0 0
    outer loop
      vertex 220 48.14984882622957 -16.740113979687884
      vertex 220 49.81682534870153 -14.005028604080033
      vertex 220 50.16837324402963 -13.877075634261672
    endloop
  endfacet
  facet normal -5.2718185681320553e-14 -0.3420201433596419 0.9396926207735431
    outer loop
      vertex 214.99999999999858 29.506960657130584 -35.23152585609834
      vertex 214.95196320100928 29.965272997089833 -35.064713806337515
      vertex 214.95196320100325 29.048648317171935 -35.398337905858945
    endloop
  endfacet
  facet normal 4.40018610475194e-14 -0.3420201433596421 0.9396926207735432
    outer loop
      vertex 214.95196320100325 29.048648317171935 -35.398337905858945
      vertex 214.95196320100928 29.965272997089833 -35.064713806337515
      vertex 214.8096988312782 28.607948663429678 -35.558739462090585
    endloop
  endfacet
  facet normal 1.509058739346205e-14 -0.3420201433596394 0.9396926207735441
    outer loop
      vertex 214.95196320100928 29.965272997089833 -35.064713806337515
      vertex 214.57867403075636 28.201797536419203 -35.706566382952694
      vertex 214.8096988312782 28.607948663429678 -35.558739462090585
    endloop
  endfacet
  facet normal -3.4659400569681855e-14 -0.34202014335963016 0.9396926207735474
    outer loop
      vertex 214.95196320100928 29.965272997089833 -35.064713806337515
      vertex 214.26776695296638 27.845803096194267 -35.83613776277341
      vertex 214.57867403075636 28.201797536419203 -35.706566382952694
    endloop
  endfacet
  facet normal 0 0.8172964043018189 -0.5762174828268557
    outer loop
      vertex 220 134 124.11819434303979
      vertex 220 36.10052406004875 -14.740642907473147
      vertex 205 36.10052406004875 -14.740642907473147
    endloop
  endfacet
  facet normal -1 0 0
    outer loop
      vertex 220 123 89.42597996581534
      vertex 220 54.20542208862881 -8.150998930645157
      vertex 220 36.10052406004875 -14.740642907473147
    endloop
  endfacet
  facet normal -1 0 0
    outer loop
      vertex 220 48.14984882622957 -16.740113979687884
      vertex 220 123 10.503113077471063
      vertex 220 132.2874079709901 4.000000005608802
    endloop
  endfacet
  facet normal -1 0 0
    outer loop
      vertex 220 48.14984882622957 -16.740113979687884
      vertex 220 132.2874079709901 4.000000005608802
      vertex 220 132.8215035494774 2.532584463884428
    endloop
  endfacet
  facet normal 0 -1 0
    outer loop
      vertex 215.83939201384783 134 27.266421638429165
      vertex 215.18281612545252 134 27.06725151836872
      vertex 220 134 10.989909677818462
    endloop
  endfacet
  facet normal 0 -1 0
    outer loop
      vertex 217.93274848163128 134 29.81718387454748
      vertex 220 134 10.989909677818462
      vertex 218 134 30.5
    endloop
  endfacet
  facet normal 0 -1 0
    outer loop
      vertex 217.93274848163128 134 29.81718387454748
      vertex 217.73357836157084 134 29.160607986152172
      vertex 220 134 10.989909677818462
    endloop
  endfacet
  facet normal 0 -1 0
    outer loop
      vertex 217.73357836157084 134 29.160607986152172
      vertex 217.41014364361763 134 28.55550418794155
      vertex 220 134 10.989909677818462
    endloop
  endfacet
  facet normal 0 -1 0
    outer loop
      vertex 217.41014364361763 134 28.55550418794155
      vertex 216.97487373650074 134 28.02512626349926
      vertex 220 134 10.989909677818462
    endloop
  endfacet
  facet normal 0 -1 0
    outer loop
      vertex 216.97487373650074 134 28.02512626349926
      vertex 216.44449581205845 134 27.58985635638237
      vertex 220 134 10.989909677818462
    endloop
  endfacet
  facet normal 0 -1 0
    outer loop
      vertex 216.44449581205845 134 27.58985635638237
      vertex 215.83939201384783 134 27.266421638429165
      vertex 220 134 10.989909677818462
    endloop
  endfacet
  facet normal 0 -1 0
    outer loop
      vertex 217.93274848163128 134 31.18281612545252
      vertex 216.02021718770266 134 40.80239000171423
      vertex 217.73357836157084 134 31.839392013847828
    endloop
  endfacet
  facet normal 0 -1 0
    outer loop
      vertex 217.73357836157084 134 31.839392013847828
      vertex 216.04999999701977 134 40.5
      vertex 217.41014364361763 134 32.44449581205845
    endloop
  endfacet
  facet normal 0 -1 0
    outer loop
      vertex 215.18281612545252 134 27.06725151836872
      vertex 214.5 134 27
      vertex 220 134 10.989909677818462
    endloop
  endfacet
  facet normal 0 -1 0
    outer loop
      vertex 217.41014364361763 134 32.44449581205845
      vertex 216.04999999701977 134 40.5
      vertex 216.97487373650074 134 32.97487373650074
    endloop
  endfacet
  facet normal 0 -1 0
    outer loop
      vertex 217.73357836157084 134 31.839392013847828
      vertex 216.02021718770266 134 40.80239000171423
      vertex 216.04999999701977 134 40.5
    endloop
  endfacet
  facet normal 0 -1 0
    outer loop
      vertex 216.97487373650074 134 32.97487373650074
      vertex 216.04999999701977 134 40.5
      vertex 216.44449581205845 134 33.41014364361763
    endloop
  endfacet
  facet normal 0 -1 0
    outer loop
      vertex 216.44449581205845 134 33.41014364361763
      vertex 216.04999999701977 134 40.5
      vertex 216.04999999701977 134 33.621006049215794
    endloop
  endfacet
  facet normal -1 0 0
    outer loop
      vertex 220 123 89.42597996581534
      vertex 220 36.10052406004875 -14.740642907473147
      vertex 220 134 124.11819434303979
    endloop
  endfacet
  facet normal -1 0 0
    outer loop
      vertex 220 134 124.11819434303979
      vertex 220 130.81757699016094 19.733545036504076
      vertex 220 123 16.888179708001125
    endloop
  endfacet
  facet normal -1 0 0
    outer loop
      vertex 220 134 124.11819434303979
      vertex 220 134 10.989909677818462
      vertex 220 130.81757699016094 19.733545036504076
    endloop
  endfacet
  facet normal -1 0 0
    outer loop
      vertex 220 123 89.42597996581534
      vertex 220 134 124.11819434303979
      vertex 220 123 16.888179708001125
    endloop
  endfacet
  facet normal 0 -1 0
    outer loop
      vertex 220 134 124.11819434303979
      vertex 218 134 103
      vertex 220 134 10.989909677818462
    endloop
  endfacet
  facet normal 0 -1 0
    outer loop
      vertex 218 134 30.5
      vertex 220 134 10.989909677818462
      vertex 217.93274848163128 134 102.31718387454748
    endloop
  endfacet
  facet normal 0 -1 0
    outer loop
      vertex 218 134 30.5
      vertex 217.93274848163128 134 102.31718387454748
      vertex 217.93274848163128 134 31.18281612545252
    endloop
  endfacet
  facet normal 0 -1 0
    outer loop
      vertex 217.93274848163128 134 31.18281612545252
      vertex 217.93274848163128 134 102.31718387454748
      vertex 216.02021718770266 134 40.80239000171423
    endloop
  endfacet
  facet normal 0 -1 0
    outer loop
      vertex 218 134 103
      vertex 217.93274848163128 134 102.31718387454748
      vertex 220 134 10.989909677818462
    endloop
  endfacet
  facet normal 0 -1 0
    outer loop
      vertex 216.02021718770266 134 40.80239000171423
      vertex 217.93274848163128 134 102.31718387454748
      vertex 217.73357836157084 134 101.66060798615217
    endloop
  endfacet
  facet normal 0 -1 0
    outer loop
      vertex 215.93201327323914 134 41.093159317970276
      vertex 217.73357836157084 134 101.66060798615217
      vertex 217.41014364361763 134 101.05550418794155
    endloop
  endfacet
  facet normal 0 -1 0
    outer loop
      vertex 216.02021718770266 134 40.80239000171423
      vertex 217.73357836157084 134 101.66060798615217
      vertex 215.93201327323914 134 41.093159317970276
    endloop
  endfacet
  facet normal 0 -1 0
    outer loop
      vertex 215.93201327323914 134 41.093159317970276
      vertex 217.41014364361763 134 101.05550418794155
      vertex 215.78877790272236 134 41.361133858561516
    endloop
  endfacet
  facet normal 0 -1 0
    outer loop
      vertex 215.78877790272236 134 41.361133858561516
      vertex 217.41014364361763 134 101.05550418794155
      vertex 215.59601551294327 134 41.59601551294327
    endloop
  endfacet
  facet normal 0 -1 0
    outer loop
      vertex 215.59601551294327 134 41.59601551294327
      vertex 217.41014364361763 134 101.05550418794155
      vertex 215.36113385856152 134 41.78877790272236
    endloop
  endfacet
  facet normal 0 -1 0
    outer loop
      vertex 215.36113385856152 134 41.78877790272236
      vertex 217.41014364361763 134 101.05550418794155
      vertex 215.09315931797028 134 41.932013273239136
    endloop
  endfacet
  facet normal 0 -1 0
    outer loop
      vertex 215.09315931797028 134 41.932013273239136
      vertex 217.41014364361763 134 101.05550418794155
      vertex 214.80239000171423 134 42.020217187702656
    endloop
  endfacet
  facet normal 0 -1 0
    outer loop
      vertex 214.80239000171423 134 42.020217187702656
      vertex 217.41014364361763 134 101.05550418794155
      vertex 214.5 134 42.04999999701977
    endloop
  endfacet
  facet normal 0 -1 0
    outer loop
      vertex 217.41014364361763 134 101.05550418794155
      vertex 214.19760999828577 134 42.020217187702656
      vertex 214.5 134 42.04999999701977
    endloop
  endfacet
  facet normal 0 -1 0
    outer loop
      vertex 217.41014364361763 134 101.05550418794155
      vertex 213.90684068202972 134 41.932013273239136
      vertex 214.19760999828577 134 42.020217187702656
    endloop
  endfacet
  facet normal 0 -1 0
    outer loop
      vertex 217.41014364361763 134 101.05550418794155
      vertex 213.63886614143848 134 41.78877790272236
      vertex 213.90684068202972 134 41.932013273239136
    endloop
  endfacet
  facet normal 0 -1 0
    outer loop
      vertex 217.41014364361763 134 101.05550418794155
      vertex 213.40398448705673 134 41.59601551294327
      vertex 213.63886614143848 134 41.78877790272236
    endloop
  endfacet
  facet normal 0 -1 0
    outer loop
      vertex 217.41014364361763 134 101.05550418794155
      vertex 213.21122209727764 134 41.361133858561516
      vertex 213.40398448705673 134 41.59601551294327
    endloop
  endfacet
  facet normal 0 -1 0
    outer loop
      vertex 217.41014364361763 134 101.05550418794155
      vertex 213.06798672676086 134 41.093159317970276
      vertex 213.21122209727764 134 41.361133858561516
    endloop
  endfacet
  facet normal 0 -1 0
    outer loop
      vertex 220 134 124.11819434303979
      vertex 217.93274848163128 134 103.68281612545252
      vertex 218 134 103
    endloop
  endfacet
  facet normal 0 -1 0
    outer loop
      vertex 220 134 124.11819434303979
      vertex 217.73357836157084 134 104.33939201384783
      vertex 217.93274848163128 134 103.68281612545252
    endloop
  endfacet
  facet normal 0 -1 0
    outer loop
      vertex 220 134 124.11819434303979
      vertex 217.41014364361763 134 104.94449581205845
      vertex 217.73357836157084 134 104.33939201384783
    endloop
  endfacet
  facet normal 0 -1 0
    outer loop
      vertex 220 134 124.11819434303979
      vertex 216.04999999701977 134 113
      vertex 217.41014364361763 134 104.94449581205845
    endloop
  endfacet
  facet normal 0 -1 0
    outer loop
      vertex 220 134 124.11819434303979
      vertex 216.02021718770266 134 113.30239000171423
      vertex 216.04999999701977 134 113
    endloop
  endfacet
  facet normal 0 -1 0
    outer loop
      vertex 220 134 124.11819434303979
      vertex 215.93201327323914 134 113.59315931797028
      vertex 216.02021718770266 134 113.30239000171423
    endloop
  endfacet
  facet normal 0 -1 0
    outer loop
      vertex 220 134 124.11819434303979
      vertex 215.78877790272236 134 113.86113385856152
      vertex 215.93201327323914 134 113.59315931797028
    endloop
  endfacet
  facet normal 0 -1 0
    outer loop
      vertex 220 134 124.11819434303979
      vertex 215.59601551294327 134 114.09601551294327
      vertex 215.78877790272236 134 113.86113385856152
    endloop
  endfacet
  facet normal 0 -1 0
    outer loop
      vertex 220 134 124.11819434303979
      vertex 215.36113385856152 134 114.28877790272236
      vertex 215.59601551294327 134 114.09601551294327
    endloop
  endfacet
  facet normal 0 -1 0
    outer loop
      vertex 217.41014364361763 134 104.94449581205845
      vertex 216.04999999701977 134 113
      vertex 216.97487373650074 134 105.47487373650074
    endloop
  endfacet
  facet normal 0 -1 0
    outer loop
      vertex 216.97487373650074 134 105.47487373650074
      vertex 216.04999999701977 134 113
      vertex 216.44449581205845 134 105.91014364361763
    endloop
  endfacet
  facet normal 0 -1 0
    outer loop
      vertex 216.44449581205845 134 105.91014364361763
      vertex 216.04999999701977 134 113
      vertex 216.04999999701977 134 106.1210060492158
    endloop
  endfacet
  facet normal 0 -1 0
    outer loop
      vertex 220 134 124.11819434303979
      vertex 215.09315931797028 134 114.43201327323914
      vertex 215.36113385856152 134 114.28877790272236
    endloop
  endfacet
  facet normal 0 -1 0
    outer loop
      vertex 220 134 124.11819434303979
      vertex 214.80239000171423 134 114.52021718770266
      vertex 215.09315931797028 134 114.43201327323914
    endloop
  endfacet
  facet normal -1.6160120584996447e-14 -0.34202014335963077 0.9396926207735472
    outer loop
      vertex 214.95196320100928 29.965272997089833 -35.064713806337515
      vertex 212.98772580504033 27.20286893074852 -36.07014666161477
      vertex 213.45670858091273 27.33655370918268 -36.021489381484784
    endloop
  endfacet
  facet normal 7.625804227263406e-15 -0.34202014335964576 0.9396926207735418
    outer loop
      vertex 214.95196320100928 29.965272997089833 -35.064713806337515
      vertex 212.5 27.157729105210244 -36.08657621449252
      vertex 212.98772580504033 27.20286893074852 -36.07014666161477
    endloop
  endfacet
  facet normal 1.383989005221226e-14 -0.3420201433596438 0.9396926207735425
    outer loop
      vertex 214.95196320100928 29.965272997089833 -35.064713806337515
      vertex 213.888925582549 27.55364600944874 -35.94247424609067
      vertex 214.26776695296638 27.845803096194267 -35.83613776277341
    endloop
  endfacet
  facet normal -4.1135864275335314e-15 -0.342020143359637 0.939692620773545
    outer loop
      vertex 214.95196320100928 29.965272997089833 -35.064713806337515
      vertex 213.45670858091273 27.33655370918268 -36.021489381484784
      vertex 213.888925582549 27.55364600944874 -35.94247424609067
    endloop
  endfacet
  facet normal 6.69668776202085e-16 -0.34202014335964037 0.9396926207735438
    outer loop
      vertex 214.95196320100928 29.965272997089833 -35.064713806337515
      vertex 214.8096988312812 30.405972650849332 -34.90431225009959
      vertex 212.5 27.157729105210244 -36.08657621449252
    endloop
  endfacet
  facet normal 4.232359686279748e-15 -0.3420201433596426 0.939692620773543
    outer loop
      vertex 214.8096988312812 30.405972650849332 -34.90431225009959
      vertex 214.57867403076028 30.812123777862112 -34.75648532923664
      vertex 212.5 27.157729105210244 -36.08657621449252
    endloop
  endfacet
  facet normal -1.4652227489134598e-14 -0.34202014335963316 0.9396926207735463
    outer loop
      vertex 214.57867403076028 30.812123777862112 -34.75648532923664
      vertex 214.26776695297056 31.16811821808912 -34.62691394941518
      vertex 212.5 27.157729105210244 -36.08657621449252
    endloop
  endfacet
  facet normal 1.814141877733367e-14 -0.34202014335964587 0.9396926207735417
    outer loop
      vertex 214.26776695297056 31.16811821808912 -34.62691394941518
      vertex 213.88892558255304 31.460275304836326 -34.5205774660973
      vertex 212.5 27.157729105210244 -36.08657621449252
    endloop
  endfacet
  facet normal -4.103253220010243e-15 -0.3420201433596396 0.939692620773544
    outer loop
      vertex 213.88892558255304 31.460275304836326 -34.5205774660973
      vertex 213.45670858091646 31.677367605103644 -34.44156233070273
      vertex 212.5 27.157729105210244 -36.08657621449252
    endloop
  endfacet
  facet normal -7.601019742450112e-15 -0.34202014335963893 0.9396926207735443
    outer loop
      vertex 213.45670858091646 31.677367605103644 -34.44156233070273
      vertex 212.98772580504377 31.811052383538694 -34.39290505057243
      vertex 212.5 27.157729105210244 -36.08657621449252
    endloop
  endfacet
  facet normal 7.460659094934393e-15 -0.34202014335964026 0.9396926207735438
    outer loop
      vertex 212.98772580504377 31.811052383538694 -34.39290505057243
      vertex 212.50000000000335 31.85619220907765 -34.37647549769443
      vertex 212.5 27.157729105210244 -36.08657621449252
    endloop
  endfacet
  facet normal 6.555819433536174e-15 -0.3420201433596403 0.9396926207735438
    outer loop
      vertex 212.50000000000335 31.85619220907765 -34.37647549769443
      vertex 212.01227419495967 27.20286893074852 -36.070146661614764
      vertex 212.5 27.157729105210244 -36.08657621449252
    endloop
  endfacet
  facet normal -9.707256510789892e-15 -0.34202014335963876 0.9396926207735442
    outer loop
      vertex 212.50000000000335 31.85619220907765 -34.37647549769443
      vertex 212.01227419496325 31.811052383540005 -34.392905050571954
      vertex 212.01227419495967 27.20286893074852 -36.070146661614764
    endloop
  endfacet
  facet normal -6.034195911793685e-17 -0.3420201433596388 0.9396926207735443
    outer loop
      vertex 212.01227419496325 31.811052383540005 -34.392905050571954
      vertex 211.5432914190913 31.677367605106664 -34.441562330701636
      vertex 212.01227419495967 27.20286893074852 -36.070146661614764
    endloop
  endfacet
  facet normal -4.996577205626278e-16 -0.34202014335963876 0.9396926207735442
    outer loop
      vertex 212.01227419495967 27.20286893074852 -36.070146661614764
      vertex 211.5432914190913 31.677367605106664 -34.441562330701636
      vertex 211.54329141908727 27.33655370918268 -36.021489381484784
    endloop
  endfacet
  facet normal 2.3787715025066922e-15 -0.3420201433596397 0.939692620773544
    outer loop
      vertex 211.54329141908727 27.33655370918268 -36.021489381484784
      vertex 211.11107441745563 31.460275304841776 -34.52057746609532
      vertex 211.111074417451 27.55364600944874 -35.94247424609067
    endloop
  endfacet
  facet normal 1.2010934108775946e-14 -0.3420201433596388 0.9396926207735442
    outer loop
      vertex 211.54329141908727 27.33655370918268 -36.021489381484784
      vertex 211.5432914190913 31.677367605106664 -34.441562330701636
      vertex 211.11107441745563 31.460275304841776 -34.52057746609532
    endloop
  endfacet
  facet normal -1.0291751718487932e-14 -0.34202014335963976 0.939692620773544
    outer loop
      vertex 211.11107441745563 31.460275304841776 -34.52057746609532
      vertex 210.73223304703876 31.168118218097874 -34.62691394941199
      vertex 211.111074417451 27.55364600944874 -35.94247424609067
    endloop
  endfacet
  facet normal 8.620474343803824e-15 -0.34202014335963793 0.9396926207735447
    outer loop
      vertex 210.73223304703876 31.168118218097874 -34.62691394941199
      vertex 210.73223304703362 27.845803096194267 -35.836137762773404
      vertex 211.111074417451 27.55364600944874 -35.94247424609067
    endloop
  endfacet
  facet normal 8.888066321709045e-15 -0.34202014335963793 0.9396926207735447
    outer loop
      vertex 210.73223304703876 31.168118218097874 -34.62691394941199
      vertex 210.4213259692489 30.812123777875016 -34.75648532923194
      vertex 210.73223304703362 27.845803096194267 -35.836137762773404
    endloop
  endfacet
  facet normal 1.863968849955612e-15 -0.3420201433596386 0.9396926207735443
    outer loop
      vertex 210.73223304703362 27.845803096194267 -35.836137762773404
      vertex 210.4213259692489 30.812123777875016 -34.75648532923194
      vertex 210.42132596924364 28.201797536419203 -35.706566382952694
    endloop
  endfacet
  facet normal -1.0898913416024855e-14 -0.34202014335963854 0.9396926207735443
    outer loop
      vertex 210.4213259692489 30.812123777875016 -34.75648532923194
      vertex 210.1903011687266 30.40597265086698 -34.90431225009317
      vertex 210.42132596924364 28.201797536419203 -35.706566382952694
    endloop
  endfacet
  facet normal -1.4064684288877536e-14 -0.3420201433596389 0.9396926207735443
    outer loop
      vertex 210.1903011687266 30.40597265086698 -34.90431225009317
      vertex 210.1903011687218 28.607948663429678 -35.558739462090585
      vertex 210.42132596924364 28.201797536419203 -35.706566382952694
    endloop
  endfacet
  facet normal 1.3051318826550655e-14 -0.3420201433596389 0.9396926207735443
    outer loop
      vertex 210.1903011687266 30.40597265086698 -34.90431225009317
      vertex 210.0480367989955 29.965272997112372 -35.06471380632931
      vertex 210.1903011687218 28.607948663429678 -35.558739462090585
    endloop
  endfacet
  facet normal 4.780202177078261e-14 -0.34202014335963565 0.9396926207735457
    outer loop
      vertex 210.1903011687218 28.607948663429678 -35.558739462090585
      vertex 210.0480367989955 29.965272997112372 -35.06471380632931
      vertex 210.0480367989903 29.0486483172024 -35.398337905847846
    endloop
  endfacet
  facet normal -1.3386865128415117e-13 -0.3420201433596356 0.9396926207735455
    outer loop
      vertex 210.0480367989955 29.965272997112372 -35.06471380632931
      vertex 210.00000000000142 29.50696065715761 -35.2315258560885
      vertex 210.0480367989903 29.0486483172024 -35.398337905847846
    endloop
  endfacet
  facet normal 0 -1 0
    outer loop
      vertex 214.5 134 27
      vertex 205 134 10.98990967781847
      vertex 220 134 10.989909677818462
    endloop
  endfacet
  facet normal 0 -1 0
    outer loop
      vertex 212.95000000298023 134 33.621006049215794
      vertex 212.95000000298023 134 40.5
      vertex 212.55550418794155 134 33.41014364361763
    endloop
  endfacet
  facet normal 0 -1 0
    outer loop
      vertex 212.95000000298023 134 40.5
      vertex 212.02512626349926 134 32.97487373650074
      vertex 212.55550418794155 134 33.41014364361763
    endloop
  endfacet
  facet normal 0 -1 0
    outer loop
      vertex 212.95000000298023 134 40.5
      vertex 211.58985635638237 134 32.44449581205845
      vertex 212.02512626349926 134 32.97487373650074
    endloop
  endfacet
  facet normal 0 -1 0
    outer loop
      vertex 214.5 134 27
      vertex 213.81718387454748 134 27.06725151836872
      vertex 205 134 10.98990967781847
    endloop
  endfacet
  facet normal 0 -1 0
    outer loop
      vertex 213.81718387454748 134 27.06725151836872
      vertex 213.16060798615217 134 27.266421638429165
      vertex 205 134 10.98990967781847
    endloop
  endfacet
  facet normal 0 -1 0
    outer loop
      vertex 212.95000000298023 134 40.5
      vertex 211.26642163842916 134 31.839392013847828
      vertex 211.58985635638237 134 32.44449581205845
    endloop
  endfacet
  facet normal 0 -1 0
    outer loop
      vertex 213.16060798615217 134 27.266421638429165
      vertex 212.55550418794155 134 27.58985635638237
      vertex 205 134 10.98990967781847
    endloop
  endfacet
  facet normal 0 -1 0
    outer loop
      vertex 212.55550418794155 134 27.58985635638237
      vertex 212.02512626349926 134 28.02512626349926
      vertex 205 134 10.98990967781847
    endloop
  endfacet
  facet normal 0 -1 0
    outer loop
      vertex 212.02512626349926 134 28.02512626349926
      vertex 211.58985635638237 134 28.55550418794155
      vertex 205 134 10.98990967781847
    endloop
  endfacet
  facet normal 0 -1 0
    outer loop
      vertex 211.58985635638237 134 28.55550418794155
      vertex 211.26642163842916 134 29.160607986152172
      vertex 205 134 10.98990967781847
    endloop
  endfacet
  facet normal 0 -1 0
    outer loop
      vertex 211.26642163842916 134 29.160607986152172
      vertex 211.06725151836872 134 29.81718387454748
      vertex 205 134 10.98990967781847
    endloop
  endfacet
  facet normal 0 -1 0
    outer loop
      vertex 211.06725151836872 134 29.81718387454748
      vertex 211 134 30.5
      vertex 205 134 10.98990967781847
    endloop
  endfacet
  facet normal 0 0.8172964043018189 -0.5762174828268557
    outer loop
      vertex 220 134 124.11819434303979
      vertex 205 36.10052406004875 -14.740642907473147
      vertex 205 134 124.11819434303979
    endloop
  endfacet
  facet normal 0 -1 0
    outer loop
      vertex 217.41014364361763 134 101.05550418794155
      vertex 212.97978281229734 134 40.80239000171423
      vertex 213.06798672676086 134 41.093159317970276
    endloop
  endfacet
  facet normal 0 -1 0
    outer loop
      vertex 217.41014364361763 134 101.05550418794155
      vertex 212.95000000298023 134 40.5
      vertex 212.97978281229734 134 40.80239000171423
    endloop
  endfacet
  facet normal 0 -1 0
    outer loop
      vertex 217.41014364361763 134 101.05550418794155
      vertex 211.26642163842916 134 31.839392013847828
      vertex 212.95000000298023 134 40.5
    endloop
  endfacet
  facet normal 0 -1 0
    outer loop
      vertex 217.41014364361763 134 101.05550418794155
      vertex 211.06725151836872 134 31.18281612545252
      vertex 211.26642163842916 134 31.839392013847828
    endloop
  endfacet
  facet normal 0 -1 0
    outer loop
      vertex 217.41014364361763 134 101.05550418794155
      vertex 211 134 30.5
      vertex 211.06725151836872 134 31.18281612545252
    endloop
  endfacet
  facet normal 0 -1 0
    outer loop
      vertex 217.41014364361763 134 101.05550418794155
      vertex 216.97487373650074 134 100.52512626349926
      vertex 205 134 10.98990967781847
    endloop
  endfacet
  facet normal 0 -1 0
    outer loop
      vertex 216.97487373650074 134 100.52512626349926
      vertex 216.44449581205845 134 100.08985635638237
      vertex 205 134 10.98990967781847
    endloop
  endfacet
  facet normal 0 -1 0
    outer loop
      vertex 216.44449581205845 134 100.08985635638237
      vertex 215.83939201384783 134 99.76642163842916
      vertex 205 134 10.98990967781847
    endloop
  endfacet
  facet normal 0 -1 0
    outer loop
      vertex 217.41014364361763 134 101.05550418794155
      vertex 205 134 10.98990967781847
      vertex 211 134 30.5
    endloop
  endfacet
  facet normal 0 -1 0
    outer loop
      vertex 215.83939201384783 134 99.76642163842916
      vertex 215.18281612545252 134 99.56725151836872
      vertex 205 134 10.98990967781847
    endloop
  endfacet
  facet normal 0 -1 0
    outer loop
      vertex 215.18281612545252 134 99.56725151836872
      vertex 214.5 134 99.5
      vertex 205 134 10.98990967781847
    endloop
  endfacet
  facet normal 0 -1 0
    outer loop
      vertex 214.5 134 99.5
      vertex 213.81718387454748 134 99.56725151836872
      vertex 205 134 10.98990967781847
    endloop
  endfacet
  facet normal 0 -1 0
    outer loop
      vertex 213.81718387454748 134 99.56725151836872
      vertex 213.16060798615217 134 99.76642163842916
      vertex 205 134 10.98990967781847
    endloop
  endfacet
  facet normal 0 -1 0
    outer loop
      vertex 213.16060798615217 134 99.76642163842916
      vertex 212.55550418794155 134 100.08985635638237
      vertex 205 134 10.98990967781847
    endloop
  endfacet
  facet normal 0 -1 0
    outer loop
      vertex 212.55550418794155 134 100.08985635638237
      vertex 212.02512626349926 134 100.52512626349926
      vertex 205 134 10.98990967781847
    endloop
  endfacet
  facet normal 0 -1 0
    outer loop
      vertex 212.95000000298023 134 106.1210060492158
      vertex 212.95000000298023 134 113
      vertex 212.55550418794155 134 105.91014364361763
    endloop
  endfacet
  facet normal 0 -1 0
    outer loop
      vertex 212.95000000298023 134 113
      vertex 211.58985635638237 134 104.94449581205845
      vertex 212.02512626349926 134 105.47487373650074
    endloop
  endfacet
  facet normal 0 -1 0
    outer loop
      vertex 212.95000000298023 134 113
      vertex 212.02512626349926 134 105.47487373650074
      vertex 212.55550418794155 134 105.91014364361763
    endloop
  endfacet
  facet normal 0 -1 0
    outer loop
      vertex 220 134 124.11819434303979
      vertex 205 134 124.11819434303979
      vertex 214.80239000171423 134 114.52021718770266
    endloop
  endfacet
  facet normal 0 -1 0
    outer loop
      vertex 214.80239000171423 134 114.52021718770266
      vertex 205 134 124.11819434303979
      vertex 214.5 134 114.54999999701977
    endloop
  endfacet
  facet normal 0 -1 0
    outer loop
      vertex 214.5 134 114.54999999701977
      vertex 205 134 124.11819434303979
      vertex 214.19760999828577 134 114.52021718770266
    endloop
  endfacet
  facet normal 0 -1 0
    outer loop
      vertex 214.19760999828577 134 114.52021718770266
      vertex 205 134 124.11819434303979
      vertex 213.90684068202972 134 114.43201327323914
    endloop
  endfacet
  facet normal 0 -1 0
    outer loop
      vertex 213.90684068202972 134 114.43201327323914
      vertex 205 134 124.11819434303979
      vertex 213.63886614143848 134 114.28877790272236
    endloop
  endfacet
  facet normal 0 -1 0
    outer loop
      vertex 213.63886614143848 134 114.28877790272236
      vertex 205 134 124.11819434303979
      vertex 213.40398448705673 134 114.09601551294327
    endloop
  endfacet
  facet normal 0 -1 0
    outer loop
      vertex 213.40398448705673 134 114.09601551294327
      vertex 205 134 124.11819434303979
      vertex 213.21122209727764 134 113.86113385856152
    endloop
  endfacet
  facet normal 0 -1 0
    outer loop
      vertex 213.06798672676086 134 113.59315931797028
      vertex 213.21122209727764 134 113.86113385856152
      vertex 205 134 124.11819434303979
    endloop
  endfacet
  facet normal 0 -1 0
    outer loop
      vertex 213.06798672676086 134 113.59315931797028
      vertex 205 134 124.11819434303979
      vertex 212.97978281229734 134 113.30239000171423
    endloop
  endfacet
  facet normal 0 -1 0
    outer loop
      vertex 212.95000000298023 134 113
      vertex 212.97978281229734 134 113.30239000171423
      vertex 205 134 124.11819434303979
    endloop
  endfacet
  facet normal 0 -1 0
    outer loop
      vertex 212.95000000298023 134 113
      vertex 205 134 124.11819434303979
      vertex 211.58985635638237 134 104.94449581205845
    endloop
  endfacet
  facet normal 0 -1 0
    outer loop
      vertex 212.02512626349926 134 100.52512626349926
      vertex 211.58985635638237 134 101.05550418794155
      vertex 205 134 10.98990967781847
    endloop
  endfacet
  facet normal 0 -1 0
    outer loop
      vertex 211.58985635638237 134 101.05550418794155
      vertex 211.26642163842916 134 101.66060798615217
      vertex 205 134 10.98990967781847
    endloop
  endfacet
  facet normal 0 -1 0
    outer loop
      vertex 211.26642163842916 134 101.66060798615217
      vertex 211.06725151836872 134 102.31718387454748
      vertex 205 134 10.98990967781847
    endloop
  endfacet
  facet normal 0 -1 0
    outer loop
      vertex 211.06725151836872 134 102.31718387454748
      vertex 211 134 103
      vertex 205 134 10.98990967781847
    endloop
  endfacet
  facet normal 0 -1 0
    outer loop
      vertex 211 134 103
      vertex 205 134 124.11819434303979
      vertex 205 134 10.98990967781847
    endloop
  endfacet
  facet normal 0 -1 0
    outer loop
      vertex 211.58985635638237 134 104.94449581205845
      vertex 205 134 124.11819434303979
      vertex 211.26642163842916 134 104.33939201384783
    endloop
  endfacet
  facet normal 0 -1 0
    outer loop
      vertex 211.26642163842916 134 104.33939201384783
      vertex 205 134 124.11819434303979
      vertex 211.06725151836872 134 103.68281612545252
    endloop
  endfacet
  facet normal 0 -1 0
    outer loop
      vertex 211.06725151836872 134 103.68281612545252
      vertex 205 134 124.11819434303979
      vertex 211 134 103
    endloop
  endfacet
  facet normal 0 0.8172964042976812 -0.5762174828327246
    outer loop
      vertex 224 123 89.42597996581534
      vertex 224 54.20542208862881 -8.150998930645157
      vertex 220 54.20542208862881 -8.150998930645157
    endloop
  endfacet
  facet normal 0 -1 0
    outer loop
      vertex 220 123 89.42597996581534
      vertex 220 123 16.888179708001125
      vertex 224 123 16.888179708001125
    endloop
  endfacet
  facet normal 0 0.8172964042976812 -0.5762174828327246
    outer loop
      vertex 224 123 89.42597996581534
      vertex 220 54.20542208862881 -8.150998930645157
      vertex 220 123 89.42597996581534
    endloop
  endfacet
  facet normal 0 -1 0
    outer loop
      vertex 224 123 89.42597996581534
      vertex 220 123 89.42597996581534
      vertex 224 123 16.888179708001125
    endloop
  endfacet
  facet normal -0.9951847266810112 0 0.09801714024006691
    outer loop
      vertex 217.93274848163128 134 29.81718387454748
      vertex 218 134 30.5
      vertex 217.93274848163128 138 29.81718387454748
    endloop
  endfacet
  facet normal -0.9569403350118826 0 0.2902846796290603
    outer loop
      vertex 217.93274848163128 134 29.81718387454748
      vertex 217.73357836157084 138 29.160607986152172
      vertex 217.73357836157084 134 29.160607986152172
    endloop
  endfacet
  facet normal -0.9951847266810112 0 -0.09801714024006691
    outer loop
      vertex 218 134 30.5
      vertex 217.93274848163128 134 31.18281612545252
      vertex 218 138 30.5
    endloop
  endfacet
  facet normal -0.9569403350118826 0 -0.2902846796290603
    outer loop
      vertex 217.93274848163128 134 31.18281612545252
      vertex 217.73357836157084 134 31.839392013847828
      vertex 217.93274848163128 138 31.18281612545252
    endloop
  endfacet
  facet normal -0.9951847266810112 0 0.09801714024006691
    outer loop
      vertex 218 134 30.5
      vertex 218 138 30.5
      vertex 217.93274848163128 138 29.81718387454748
    endloop
  endfacet
  facet normal -0.9569403350118826 0 0.2902846796290603
    outer loop
      vertex 217.93274848163128 134 29.81718387454748
      vertex 217.93274848163128 138 29.81718387454748
      vertex 217.73357836157084 138 29.160607986152172
    endloop
  endfacet
  facet normal -0.9951847266810112 0 -0.09801714024006691
    outer loop
      vertex 217.93274848163128 134 31.18281612545252
      vertex 217.93274848163128 138 31.18281612545252
      vertex 218 138 30.5
    endloop
  endfacet
  facet normal -0.9569403350118826 0 -0.2902846796290603
    outer loop
      vertex 217.93274848163128 138 31.18281612545252
      vertex 217.73357836157084 134 31.839392013847828
      vertex 217.73357836157084 138 31.839392013847828
    endloop
  endfacet
  facet normal -0.8819212647097826 0 0.47139673614981425
    outer loop
      vertex 217.73357836157084 134 29.160607986152172
      vertex 217.41014364361763 138 28.55550418794155
      vertex 217.41014364361763 134 28.55550418794155
    endloop
  endfacet
  facet normal -0.8819212647097826 0 -0.47139673614981425
    outer loop
      vertex 217.73357836157084 134 31.839392013847828
      vertex 217.41014364361763 134 32.44449581205845
      vertex 217.73357836157084 138 31.839392013847828
    endloop
  endfacet
  facet normal -0.8819212647097826 0 0.47139673614981425
    outer loop
      vertex 217.73357836157084 134 29.160607986152172
      vertex 217.73357836157084 138 29.160607986152172
      vertex 217.41014364361763 138 28.55550418794155
    endloop
  endfacet
  facet normal -0.8819212647097826 0 -0.47139673614981425
    outer loop
      vertex 217.73357836157084 138 31.839392013847828
      vertex 217.41014364361763 134 32.44449581205845
      vertex 217.41014364361763 138 32.44449581205845
    endloop
  endfacet
  facet normal -0.7730104580775623 0 -0.634393278418614
    outer loop
      vertex 217.41014364361763 134 32.44449581205845
      vertex 216.97487373650074 134 32.97487373650074
      vertex 217.41014364361763 138 32.44449581205845
    endloop
  endfacet
  facet normal -0.7730104580775623 0 0.634393278418614
    outer loop
      vertex 217.41014364361763 134 28.55550418794155
      vertex 217.41014364361763 138 28.55550418794155
      vertex 216.97487373650074 138 28.02512626349926
    endloop
  endfacet
  facet normal -0.7730104580775623 0 0.634393278418614
    outer loop
      vertex 217.41014364361763 134 28.55550418794155
      vertex 216.97487373650074 138 28.02512626349926
      vertex 216.97487373650074 134 28.02512626349926
    endloop
  endfacet
  facet normal -0.7730104580775623 0 -0.634393278418614
    outer loop
      vertex 217.41014364361763 138 32.44449581205845
      vertex 216.97487373650074 134 32.97487373650074
      vertex 216.97487373650074 138 32.97487373650074
    endloop
  endfacet
  facet normal -0.634393278418614 0 0.7730104580775623
    outer loop
      vertex 216.97487373650074 134 28.02512626349926
      vertex 216.44449581205845 138 27.58985635638237
      vertex 216.44449581205845 134 27.58985635638237
    endloop
  endfacet
  facet normal -0.634393278418614 0 -0.7730104580775623
    outer loop
      vertex 216.97487373650074 134 32.97487373650074
      vertex 216.44449581205845 134 33.41014364361763
      vertex 216.97487373650074 138 32.97487373650074
    endloop
  endfacet
  facet normal -0.634393278418614 0 0.7730104580775623
    outer loop
      vertex 216.97487373650074 134 28.02512626349926
      vertex 216.97487373650074 138 28.02512626349926
      vertex 216.44449581205845 138 27.58985635638237
    endloop
  endfacet
  facet normal -0.634393278418614 0 -0.7730104580775623
    outer loop
      vertex 216.97487373650074 138 32.97487373650074
      vertex 216.44449581205845 134 33.41014364361763
      vertex 216.44449581205845 138 33.41014364361763
    endloop
  endfacet
  facet normal -0.47139673614981425 0 0.8819212647097826
    outer loop
      vertex 216.44449581205845 134 27.58985635638237
      vertex 215.83939201384783 138 27.266421638429165
      vertex 215.83939201384783 134 27.266421638429165
    endloop
  endfacet
  facet normal -0.47139673614981425 0 0.8819212647097826
    outer loop
      vertex 216.44449581205845 134 27.58985635638237
      vertex 216.44449581205845 138 27.58985635638237
      vertex 215.83939201384783 138 27.266421638429165
    endloop
  endfacet
  facet normal -0.4713967357375237 0 -0.8819212649301564
    outer loop
      vertex 216.44449581205845 134 33.41014364361763
      vertex 216.04999999701977 134 33.621006049215794
      vertex 216.44449581205845 138 33.41014364361763
    endloop
  endfacet
  facet normal -1 0 0
    outer loop
      vertex 216.04999999701977 134 33.621006049215794
      vertex 216.04999999701977 134 40.5
      vertex 216.04999999701977 138 40.5
    endloop
  endfacet
  facet normal -0.4713967357375237 0 -0.8819212649301564
    outer loop
      vertex 216.44449581205845 138 33.41014364361763
      vertex 216.04999999701977 134 33.621006049215794
      vertex 216.04999999701977 138 33.621006049215794
    endloop
  endfacet
  facet normal -1 0 0
    outer loop
      vertex 216.04999999701977 134 33.621006049215794
      vertex 216.04999999701977 138 40.5
      vertex 216.04999999701977 138 33.621006049215794
    endloop
  endfacet
  facet normal -0.9951847286988094 0 -0.09801711975301632
    outer loop
      vertex 216.04999999701977 134 40.5
      vertex 216.02021718770266 134 40.80239000171423
      vertex 216.04999999701977 138 40.5
    endloop
  endfacet
  facet normal -0.9569403296230341 0 -0.29028469739371143
    outer loop
      vertex 216.02021718770266 134 40.80239000171423
      vertex 215.93201327323914 134 41.093159317970276
      vertex 216.02021718770266 138 40.80239000171423
    endloop
  endfacet
  facet normal -0.9951847286988094 0 -0.09801711975301632
    outer loop
      vertex 216.02021718770266 134 40.80239000171423
      vertex 216.02021718770266 138 40.80239000171423
      vertex 216.04999999701977 138 40.5
    endloop
  endfacet
  facet normal -0.8819212719837014 0 -0.4713967225412691
    outer loop
      vertex 215.93201327323914 134 41.093159317970276
      vertex 215.78877790272236 134 41.361133858561516
      vertex 215.93201327323914 138 41.093159317970276
    endloop
  endfacet
  facet normal -0.7730104571179272 0 -0.6343932795879331
    outer loop
      vertex 215.78877790272236 134 41.361133858561516
      vertex 215.59601551294327 134 41.59601551294327
      vertex 215.78877790272236 138 41.361133858561516
    endloop
  endfacet
  facet normal -0.9569403296230341 0 -0.29028469739371143
    outer loop
      vertex 216.02021718770266 138 40.80239000171423
      vertex 215.93201327323914 134 41.093159317970276
      vertex 215.93201327323914 138 41.093159317970276
    endloop
  endfacet
  facet normal -0.8819212719837014 0 -0.4713967225412691
    outer loop
      vertex 215.78877790272236 134 41.361133858561516
      vertex 215.78877790272236 138 41.361133858561516
      vertex 215.93201327323914 138 41.093159317970276
    endloop
  endfacet
  facet normal -0.2902846796290603 0 0.9569403350118826
    outer loop
      vertex 215.83939201384783 134 27.266421638429165
      vertex 215.18281612545252 138 27.06725151836872
      vertex 215.18281612545252 134 27.06725151836872
    endloop
  endfacet
  facet normal -0.2902846796290603 0 0.9569403350118826
    outer loop
      vertex 215.83939201384783 134 27.266421638429165
      vertex 215.83939201384783 138 27.266421638429165
      vertex 215.18281612545252 138 27.06725151836872
    endloop
  endfacet
  facet normal -0.09801714024006691 0 0.9951847266810112
    outer loop
      vertex 215.18281612545252 134 27.06725151836872
      vertex 215.18281612545252 138 27.06725151836872
      vertex 214.5 138 27
    endloop
  endfacet
  facet normal -0.09801714024006691 0 0.9951847266810112
    outer loop
      vertex 215.18281612545252 134 27.06725151836872
      vertex 214.5 138 27
      vertex 214.5 134 27
    endloop
  endfacet
  facet normal -0.6343932795879331 0 -0.7730104571179272
    outer loop
      vertex 215.59601551294327 134 41.59601551294327
      vertex 215.36113385856152 134 41.78877790272236
      vertex 215.59601551294327 138 41.59601551294327
    endloop
  endfacet
  facet normal -0.7730104571179272 0 -0.6343932795879331
    outer loop
      vertex 215.78877790272236 138 41.361133858561516
      vertex 215.59601551294327 134 41.59601551294327
      vertex 215.59601551294327 138 41.59601551294327
    endloop
  endfacet
  facet normal -0.6343932795879331 0 -0.7730104571179272
    outer loop
      vertex 215.59601551294327 138 41.59601551294327
      vertex 215.36113385856152 134 41.78877790272236
      vertex 215.36113385856152 138 41.78877790272236
    endloop
  endfacet
  facet normal -0.4713967225412691 0 -0.8819212719837014
    outer loop
      vertex 215.36113385856152 134 41.78877790272236
      vertex 215.09315931797028 134 41.932013273239136
      vertex 215.36113385856152 138 41.78877790272236
    endloop
  endfacet
  facet normal -0.4713967225412691 0 -0.8819212719837014
    outer loop
      vertex 215.36113385856152 138 41.78877790272236
      vertex 215.09315931797028 134 41.932013273239136
      vertex 215.09315931797028 138 41.932013273239136
    endloop
  endfacet
  facet normal -0.29028469739371143 0 -0.9569403296230341
    outer loop
      vertex 215.09315931797028 134 41.932013273239136
      vertex 214.80239000171423 134 42.020217187702656
      vertex 215.09315931797028 138 41.932013273239136
    endloop
  endfacet
  facet normal -0.29028469739371143 0 -0.9569403296230341
    outer loop
      vertex 214.80239000171423 134 42.020217187702656
      vertex 214.80239000171423 138 42.020217187702656
      vertex 215.09315931797028 138 41.932013273239136
    endloop
  endfacet
  facet normal -0.09801711975301632 0 -0.9951847286988094
    outer loop
      vertex 214.80239000171423 134 42.020217187702656
      vertex 214.5 134 42.04999999701977
      vertex 214.80239000171423 138 42.020217187702656
    endloop
  endfacet
  facet normal -0.09801711975301632 0 -0.9951847286988094
    outer loop
      vertex 214.80239000171423 138 42.020217187702656
      vertex 214.5 134 42.04999999701977
      vertex 214.5 138 42.04999999701977
    endloop
  endfacet
  facet normal -0.9569403350118826 0 0.2902846796290603
    outer loop
      vertex 217.73357836157084 134 101.66060798615217
      vertex 217.93274848163128 134 102.31718387454748
      vertex 217.73357836157084 138 101.66060798615217
    endloop
  endfacet
  facet normal -0.9569403350118826 0 0.2902846796290603
    outer loop
      vertex 217.73357836157084 138 101.66060798615217
      vertex 217.93274848163128 134 102.31718387454748
      vertex 217.93274848163128 138 102.31718387454748
    endloop
  endfacet
  facet normal -0.8819212647097826 0 0.47139673614981425
    outer loop
      vertex 217.73357836157084 134 101.66060798615217
      vertex 217.41014364361763 138 101.05550418794155
      vertex 217.41014364361763 134 101.05550418794155
    endloop
  endfacet
  facet normal -0.8819212647097826 0 0.47139673614981425
    outer loop
      vertex 217.73357836157084 134 101.66060798615217
      vertex 217.73357836157084 138 101.66060798615217
      vertex 217.41014364361763 138 101.05550418794155
    endloop
  endfacet
  facet normal -0.7730104580775623 0 0.634393278418614
    outer loop
      vertex 217.41014364361763 134 101.05550418794155
      vertex 217.41014364361763 138 101.05550418794155
      vertex 216.97487373650074 138 100.52512626349926
    endloop
  endfacet
  facet normal -0.7730104580775623 0 0.634393278418614
    outer loop
      vertex 217.41014364361763 134 101.05550418794155
      vertex 216.97487373650074 138 100.52512626349926
      vertex 216.97487373650074 134 100.52512626349926
    endloop
  endfacet
  facet normal -0.9951847266810112 0 0.09801714024006691
    outer loop
      vertex 218 134 103
      vertex 217.93274848163128 138 102.31718387454748
      vertex 217.93274848163128 134 102.31718387454748
    endloop
  endfacet
  facet normal -0.9951847266810112 0 -0.09801714024006691
    outer loop
      vertex 218 134 103
      vertex 217.93274848163128 134 103.68281612545252
      vertex 218 138 103
    endloop
  endfacet
  facet normal -0.9569403350118826 0 -0.2902846796290603
    outer loop
      vertex 217.93274848163128 134 103.68281612545252
      vertex 217.73357836157084 134 104.33939201384783
      vertex 217.93274848163128 138 103.68281612545252
    endloop
  endfacet
  facet normal -0.9951847266810112 0 0.09801714024006691
    outer loop
      vertex 218 134 103
      vertex 218 138 103
      vertex 217.93274848163128 138 102.31718387454748
    endloop
  endfacet
  facet normal -0.9951847266810112 0 -0.09801714024006691
    outer loop
      vertex 217.93274848163128 134 103.68281612545252
      vertex 217.93274848163128 138 103.68281612545252
      vertex 218 138 103
    endloop
  endfacet
  facet normal -0.9569403350118826 0 -0.2902846796290603
    outer loop
      vertex 217.93274848163128 138 103.68281612545252
      vertex 217.73357836157084 134 104.33939201384783
      vertex 217.73357836157084 138 104.33939201384783
    endloop
  endfacet
  facet normal -0.8819212647097826 0 -0.47139673614981425
    outer loop
      vertex 217.73357836157084 134 104.33939201384783
      vertex 217.41014364361763 134 104.94449581205845
      vertex 217.73357836157084 138 104.33939201384783
    endloop
  endfacet
  facet normal -0.8819212647097826 0 -0.47139673614981425
    outer loop
      vertex 217.73357836157084 138 104.33939201384783
      vertex 217.41014364361763 134 104.94449581205845
      vertex 217.41014364361763 138 104.94449581205845
    endloop
  endfacet
  facet normal -0.7730104580775623 0 -0.634393278418614
    outer loop
      vertex 217.41014364361763 134 104.94449581205845
      vertex 216.97487373650074 134 105.47487373650074
      vertex 217.41014364361763 138 104.94449581205845
    endloop
  endfacet
  facet normal -0.7730104580775623 0 -0.634393278418614
    outer loop
      vertex 217.41014364361763 138 104.94449581205845
      vertex 216.97487373650074 134 105.47487373650074
      vertex 216.97487373650074 138 105.47487373650074
    endloop
  endfacet
  facet normal -0.634393278418614 0 0.7730104580775623
    outer loop
      vertex 216.97487373650074 134 100.52512626349926
      vertex 216.44449581205845 138 100.08985635638237
      vertex 216.44449581205845 134 100.08985635638237
    endloop
  endfacet
  facet normal -0.634393278418614 0 0.7730104580775623
    outer loop
      vertex 216.97487373650074 134 100.52512626349926
      vertex 216.97487373650074 138 100.52512626349926
      vertex 216.44449581205845 138 100.08985635638237
    endloop
  endfacet
  facet normal -0.47139673614981425 0 0.8819212647097826
    outer loop
      vertex 216.44449581205845 134 100.08985635638237
      vertex 215.83939201384783 138 99.76642163842916
      vertex 215.83939201384783 134 99.76642163842916
    endloop
  endfacet
  facet normal -0.47139673614981425 0 0.8819212647097826
    outer loop
      vertex 216.44449581205845 134 100.08985635638237
      vertex 216.44449581205845 138 100.08985635638237
      vertex 215.83939201384783 138 99.76642163842916
    endloop
  endfacet
  facet normal -0.634393278418614 0 -0.7730104580775623
    outer loop
      vertex 216.97487373650074 134 105.47487373650074
      vertex 216.44449581205845 134 105.91014364361763
      vertex 216.97487373650074 138 105.47487373650074
    endloop
  endfacet
  facet normal -0.634393278418614 0 -0.7730104580775623
    outer loop
      vertex 216.97487373650074 138 105.47487373650074
      vertex 216.44449581205845 134 105.91014364361763
      vertex 216.44449581205845 138 105.91014364361763
    endloop
  endfacet
  facet normal -0.4713967357375237 0 -0.8819212649301564
    outer loop
      vertex 216.44449581205845 134 105.91014364361763
      vertex 216.04999999701977 134 106.1210060492158
      vertex 216.44449581205845 138 105.91014364361763
    endloop
  endfacet
  facet normal -0.4713967357375237 0 -0.8819212649301564
    outer loop
      vertex 216.44449581205845 138 105.91014364361763
      vertex 216.04999999701977 134 106.1210060492158
      vertex 216.04999999701977 138 106.1210060492158
    endloop
  endfacet
  facet normal -1 0 0
    outer loop
      vertex 216.04999999701977 134 106.1210060492158
      vertex 216.04999999701977 134 113
      vertex 216.04999999701977 138 113
    endloop
  endfacet
  facet normal -0.9951847286988094 0 -0.09801711975301632
    outer loop
      vertex 216.04999999701977 134 113
      vertex 216.02021718770266 134 113.30239000171423
      vertex 216.04999999701977 138 113
    endloop
  endfacet
  facet normal -0.9569403296230341 0 -0.29028469739371143
    outer loop
      vertex 216.02021718770266 134 113.30239000171423
      vertex 215.93201327323914 134 113.59315931797028
      vertex 216.02021718770266 138 113.30239000171423
    endloop
  endfacet
  facet normal -1 0 0
    outer loop
      vertex 216.04999999701977 134 106.1210060492158
      vertex 216.04999999701977 138 113
      vertex 216.04999999701977 138 106.1210060492158
    endloop
  endfacet
  facet normal -0.9951847286988094 0 -0.09801711975301632
    outer loop
      vertex 216.02021718770266 134 113.30239000171423
      vertex 216.02021718770266 138 113.30239000171423
      vertex 216.04999999701977 138 113
    endloop
  endfacet
  facet normal -0.8819212719837014 0 -0.4713967225412691
    outer loop
      vertex 215.93201327323914 134 113.59315931797028
      vertex 215.78877790272236 134 113.86113385856152
      vertex 215.93201327323914 138 113.59315931797028
    endloop
  endfacet
  facet normal -0.9569403296230341 0 -0.29028469739371143
    outer loop
      vertex 216.02021718770266 138 113.30239000171423
      vertex 215.93201327323914 134 113.59315931797028
      vertex 215.93201327323914 138 113.59315931797028
    endloop
  endfacet
  facet normal -0.2902846796290603 0 0.9569403350118826
    outer loop
      vertex 215.83939201384783 134 99.76642163842916
      vertex 215.18281612545252 138 99.56725151836872
      vertex 215.18281612545252 134 99.56725151836872
    endloop
  endfacet
  facet normal -0.2902846796290603 0 0.9569403350118826
    outer loop
      vertex 215.83939201384783 134 99.76642163842916
      vertex 215.83939201384783 138 99.76642163842916
      vertex 215.18281612545252 138 99.56725151836872
    endloop
  endfacet
  facet normal -0.09801714024006691 0 0.9951847266810112
    outer loop
      vertex 215.18281612545252 134 99.56725151836872
      vertex 215.18281612545252 138 99.56725151836872
      vertex 214.5 138 99.5
    endloop
  endfacet
  facet normal -0.09801714024006691 0 0.9951847266810112
    outer loop
      vertex 215.18281612545252 134 99.56725151836872
      vertex 214.5 138 99.5
      vertex 214.5 134 99.5
    endloop
  endfacet
  facet normal -0.7730104571179272 0 -0.6343932795879331
    outer loop
      vertex 215.78877790272236 134 113.86113385856152
      vertex 215.59601551294327 134 114.09601551294327
      vertex 215.78877790272236 138 113.86113385856152
    endloop
  endfacet
  facet normal -0.8819212719837014 0 -0.4713967225412691
    outer loop
      vertex 215.93201327323914 138 113.59315931797028
      vertex 215.78877790272236 134 113.86113385856152
      vertex 215.78877790272236 138 113.86113385856152
    endloop
  endfacet
  facet normal -0.6343932795879331 0 -0.7730104571179272
    outer loop
      vertex 215.59601551294327 134 114.09601551294327
      vertex 215.36113385856152 134 114.28877790272236
      vertex 215.59601551294327 138 114.09601551294327
    endloop
  endfacet
  facet normal -0.7730104571179272 0 -0.6343932795879331
    outer loop
      vertex 215.78877790272236 138 113.86113385856152
      vertex 215.59601551294327 134 114.09601551294327
      vertex 215.59601551294327 138 114.09601551294327
    endloop
  endfacet
  facet normal -0.6343932795879331 0 -0.7730104571179272
    outer loop
      vertex 215.59601551294327 138 114.09601551294327
      vertex 215.36113385856152 134 114.28877790272236
      vertex 215.36113385856152 138 114.28877790272236
    endloop
  endfacet
  facet normal -0.4713967225412691 0 -0.8819212719837014
    outer loop
      vertex 215.36113385856152 134 114.28877790272236
      vertex 215.09315931797028 134 114.43201327323914
      vertex 215.36113385856152 138 114.28877790272236
    endloop
  endfacet
  facet normal -0.4713967225412691 0 -0.8819212719837014
    outer loop
      vertex 215.36113385856152 138 114.28877790272236
      vertex 215.09315931797028 134 114.43201327323914
      vertex 215.09315931797028 138 114.43201327323914
    endloop
  endfacet
  facet normal -0.29028469739371143 0 -0.9569403296230341
    outer loop
      vertex 215.09315931797028 134 114.43201327323914
      vertex 214.80239000171423 134 114.52021718770266
      vertex 215.09315931797028 138 114.43201327323914
    endloop
  endfacet
  facet normal -0.29028469739371143 0 -0.9569403296230341
    outer loop
      vertex 214.80239000171423 134 114.52021718770266
      vertex 214.80239000171423 138 114.52021718770266
      vertex 215.09315931797028 138 114.43201327323914
    endloop
  endfacet
  facet normal -0.09801711975301632 0 -0.9951847286988094
    outer loop
      vertex 214.80239000171423 134 114.52021718770266
      vertex 214.5 134 114.54999999701977
      vertex 214.80239000171423 138 114.52021718770266
    endloop
  endfacet
  facet normal -0.09801711975301632 0 -0.9951847286988094
    outer loop
      vertex 214.80239000171423 138 114.52021718770266
      vertex 214.5 134 114.54999999701977
      vertex 214.5 138 114.54999999701977
    endloop
  endfacet
  facet normal 0.09801714024006691 0 0.9951847266810112
    outer loop
      vertex 214.5 134 27
      vertex 214.5 138 27
      vertex 213.81718387454748 138 27.06725151836872
    endloop
  endfacet
  facet normal 0.09801714024006691 0 0.9951847266810112
    outer loop
      vertex 214.5 134 27
      vertex 213.81718387454748 138 27.06725151836872
      vertex 213.81718387454748 134 27.06725151836872
    endloop
  endfacet
  facet normal 0.2902846796290603 0 0.9569403350118826
    outer loop
      vertex 213.81718387454748 134 27.06725151836872
      vertex 213.16060798615217 138 27.266421638429165
      vertex 213.16060798615217 134 27.266421638429165
    endloop
  endfacet
  facet normal 0.2902846796290603 0 0.9569403350118826
    outer loop
      vertex 213.81718387454748 134 27.06725151836872
      vertex 213.81718387454748 138 27.06725151836872
      vertex 213.16060798615217 138 27.266421638429165
    endloop
  endfacet
  facet normal 0.09801711975301632 0 -0.9951847286988094
    outer loop
      vertex 214.5 134 42.04999999701977
      vertex 214.19760999828577 134 42.020217187702656
      vertex 214.5 138 42.04999999701977
    endloop
  endfacet
  facet normal 0.09801711975301632 0 -0.9951847286988094
    outer loop
      vertex 214.5 138 42.04999999701977
      vertex 214.19760999828577 134 42.020217187702656
      vertex 214.19760999828577 138 42.020217187702656
    endloop
  endfacet
  facet normal 0.29028469739371143 0 -0.9569403296230341
    outer loop
      vertex 214.19760999828577 134 42.020217187702656
      vertex 213.90684068202972 134 41.932013273239136
      vertex 214.19760999828577 138 42.020217187702656
    endloop
  endfacet
  facet normal 0.29028469739371143 0 -0.9569403296230341
    outer loop
      vertex 213.90684068202972 134 41.932013273239136
      vertex 213.90684068202972 138 41.932013273239136
      vertex 214.19760999828577 138 42.020217187702656
    endloop
  endfacet
  facet normal 0.4713967225412691 0 -0.8819212719837014
    outer loop
      vertex 213.90684068202972 134 41.932013273239136
      vertex 213.63886614143848 134 41.78877790272236
      vertex 213.90684068202972 138 41.932013273239136
    endloop
  endfacet
  facet normal 0.4713967225412691 0 -0.8819212719837014
    outer loop
      vertex 213.90684068202972 138 41.932013273239136
      vertex 213.63886614143848 134 41.78877790272236
      vertex 213.63886614143848 138 41.78877790272236
    endloop
  endfacet
  facet normal 0.6343932795879331 0 -0.7730104571179272
    outer loop
      vertex 213.63886614143848 134 41.78877790272236
      vertex 213.40398448705673 134 41.59601551294327
      vertex 213.63886614143848 138 41.78877790272236
    endloop
  endfacet
  facet normal 0.7730104571179272 0 -0.6343932795879331
    outer loop
      vertex 213.40398448705673 134 41.59601551294327
      vertex 213.21122209727764 134 41.361133858561516
      vertex 213.40398448705673 138 41.59601551294327
    endloop
  endfacet
  facet normal 0.6343932795879331 0 -0.7730104571179272
    outer loop
      vertex 213.63886614143848 138 41.78877790272236
      vertex 213.40398448705673 134 41.59601551294327
      vertex 213.40398448705673 138 41.59601551294327
    endloop
  endfacet
  facet normal 0.47139673614981425 0 0.8819212647097826
    outer loop
      vertex 213.16060798615217 134 27.266421638429165
      vertex 212.55550418794155 138 27.58985635638237
      vertex 212.55550418794155 134 27.58985635638237
    endloop
  endfacet
  facet normal 0.47139673614981425 0 0.8819212647097826
    outer loop
      vertex 213.16060798615217 134 27.266421638429165
      vertex 213.16060798615217 138 27.266421638429165
      vertex 212.55550418794155 138 27.58985635638237
    endloop
  endfacet
  facet normal 0.634393278418614 0 0.7730104580775623
    outer loop
      vertex 212.55550418794155 134 27.58985635638237
      vertex 212.02512626349926 138 28.02512626349926
      vertex 212.02512626349926 134 28.02512626349926
    endloop
  endfacet
  facet normal 0.634393278418614 0 -0.7730104580775623
    outer loop
      vertex 212.55550418794155 134 33.41014364361763
      vertex 212.02512626349926 134 32.97487373650074
      vertex 212.55550418794155 138 33.41014364361763
    endloop
  endfacet
  facet normal 0.634393278418614 0 0.7730104580775623
    outer loop
      vertex 212.55550418794155 134 27.58985635638237
      vertex 212.55550418794155 138 27.58985635638237
      vertex 212.02512626349926 138 28.02512626349926
    endloop
  endfacet
  facet normal 0.634393278418614 0 -0.7730104580775623
    outer loop
      vertex 212.55550418794155 138 33.41014364361763
      vertex 212.02512626349926 134 32.97487373650074
      vertex 212.02512626349926 138 32.97487373650074
    endloop
  endfacet
  facet normal 1 0 0
    outer loop
      vertex 212.95000000298023 134 33.621006049215794
      vertex 212.95000000298023 138 33.621006049215794
      vertex 212.95000000298023 134 40.5
    endloop
  endfacet
  facet normal 0.4713967357375237 0 -0.8819212649301564
    outer loop
      vertex 212.95000000298023 134 33.621006049215794
      vertex 212.55550418794155 134 33.41014364361763
      vertex 212.95000000298023 138 33.621006049215794
    endloop
  endfacet
  facet normal 1 0 0
    outer loop
      vertex 212.95000000298023 138 33.621006049215794
      vertex 212.95000000298023 138 40.5
      vertex 212.95000000298023 134 40.5
    endloop
  endfacet
  facet normal 0.8819212719837014 0 -0.4713967225412691
    outer loop
      vertex 213.21122209727764 134 41.361133858561516
      vertex 213.06798672676086 134 41.093159317970276
      vertex 213.21122209727764 138 41.361133858561516
    endloop
  endfacet
  facet normal 0.9569403296230341 0 -0.29028469739371143
    outer loop
      vertex 213.06798672676086 134 41.093159317970276
      vertex 212.97978281229734 134 40.80239000171423
      vertex 213.06798672676086 138 41.093159317970276
    endloop
  endfacet
  facet normal 0.7730104571179272 0 -0.6343932795879331
    outer loop
      vertex 213.40398448705673 138 41.59601551294327
      vertex 213.21122209727764 134 41.361133858561516
      vertex 213.21122209727764 138 41.361133858561516
    endloop
  endfacet
  facet normal 0.8819212719837014 0 -0.4713967225412691
    outer loop
      vertex 213.06798672676086 134 41.093159317970276
      vertex 213.06798672676086 138 41.093159317970276
      vertex 213.21122209727764 138 41.361133858561516
    endloop
  endfacet
  facet normal 0.9951847286988094 0 -0.09801711975301632
    outer loop
      vertex 212.97978281229734 134 40.80239000171423
      vertex 212.95000000298023 134 40.5
      vertex 212.97978281229734 138 40.80239000171423
    endloop
  endfacet
  facet normal 0.9569403296230341 0 -0.29028469739371143
    outer loop
      vertex 213.06798672676086 138 41.093159317970276
      vertex 212.97978281229734 134 40.80239000171423
      vertex 212.97978281229734 138 40.80239000171423
    endloop
  endfacet
  facet normal 0.9951847286988094 0 -0.09801711975301632
    outer loop
      vertex 212.95000000298023 134 40.5
      vertex 212.95000000298023 138 40.5
      vertex 212.97978281229734 138 40.80239000171423
    endloop
  endfacet
  facet normal 0.4713967357375237 0 -0.8819212649301564
    outer loop
      vertex 212.95000000298023 138 33.621006049215794
      vertex 212.55550418794155 134 33.41014364361763
      vertex 212.55550418794155 138 33.41014364361763
    endloop
  endfacet
  facet normal 0.7730104580775623 0 -0.634393278418614
    outer loop
      vertex 212.02512626349926 134 32.97487373650074
      vertex 211.58985635638237 134 32.44449581205845
      vertex 212.02512626349926 138 32.97487373650074
    endloop
  endfacet
  facet normal 0.7730104580775623 0 0.634393278418614
    outer loop
      vertex 212.02512626349926 134 28.02512626349926
      vertex 212.02512626349926 138 28.02512626349926
      vertex 211.58985635638237 138 28.55550418794155
    endloop
  endfacet
  facet normal 0.7730104580775623 0 0.634393278418614
    outer loop
      vertex 212.02512626349926 134 28.02512626349926
      vertex 211.58985635638237 138 28.55550418794155
      vertex 211.58985635638237 134 28.55550418794155
    endloop
  endfacet
  facet normal 0.7730104580775623 0 -0.634393278418614
    outer loop
      vertex 212.02512626349926 138 32.97487373650074
      vertex 211.58985635638237 134 32.44449581205845
      vertex 211.58985635638237 138 32.44449581205845
    endloop
  endfacet
  facet normal 0.8819212647097826 0 0.47139673614981425
    outer loop
      vertex 211.58985635638237 134 28.55550418794155
      vertex 211.26642163842916 138 29.160607986152172
      vertex 211.26642163842916 134 29.160607986152172
    endloop
  endfacet
  facet normal 0.8819212647097826 0 -0.47139673614981425
    outer loop
      vertex 211.58985635638237 134 32.44449581205845
      vertex 211.26642163842916 134 31.839392013847828
      vertex 211.58985635638237 138 32.44449581205845
    endloop
  endfacet
  facet normal 0.8819212647097826 0 0.47139673614981425
    outer loop
      vertex 211.58985635638237 134 28.55550418794155
      vertex 211.58985635638237 138 28.55550418794155
      vertex 211.26642163842916 138 29.160607986152172
    endloop
  endfacet
  facet normal 0.8819212647097826 0 -0.47139673614981425
    outer loop
      vertex 211.58985635638237 138 32.44449581205845
      vertex 211.26642163842916 134 31.839392013847828
      vertex 211.26642163842916 138 31.839392013847828
    endloop
  endfacet
  facet normal 0.9569403350118826 0 0.2902846796290603
    outer loop
      vertex 211.26642163842916 134 29.160607986152172
      vertex 211.06725151836872 138 29.81718387454748
      vertex 211.06725151836872 134 29.81718387454748
    endloop
  endfacet
  facet normal 0.9951847266810112 0 0.09801714024006691
    outer loop
      vertex 211.06725151836872 134 29.81718387454748
      vertex 211 138 30.5
      vertex 211 134 30.5
    endloop
  endfacet
  facet normal 0.9569403350118826 0 -0.2902846796290603
    outer loop
      vertex 211.26642163842916 134 31.839392013847828
      vertex 211.06725151836872 134 31.18281612545252
      vertex 211.26642163842916 138 31.839392013847828
    endloop
  endfacet
  facet normal 0.9951847266810112 0 -0.09801714024006691
    outer loop
      vertex 211.06725151836872 134 31.18281612545252
      vertex 211 134 30.5
      vertex 211.06725151836872 138 31.18281612545252
    endloop
  endfacet
  facet normal 0.9569403350118826 0 0.2902846796290603
    outer loop
      vertex 211.26642163842916 134 29.160607986152172
      vertex 211.26642163842916 138 29.160607986152172
      vertex 211.06725151836872 138 29.81718387454748
    endloop
  endfacet
  facet normal 0.9951847266810112 0 0.09801714024006691
    outer loop
      vertex 211.06725151836872 134 29.81718387454748
      vertex 211.06725151836872 138 29.81718387454748
      vertex 211 138 30.5
    endloop
  endfacet
  facet normal 0.9569403350118826 0 -0.2902846796290603
    outer loop
      vertex 211.26642163842916 138 31.839392013847828
      vertex 211.06725151836872 134 31.18281612545252
      vertex 211.06725151836872 138 31.18281612545252
    endloop
  endfacet
  facet normal 0.9951847266810112 0 -0.09801714024006691
    outer loop
      vertex 211 134 30.5
      vertex 211 138 30.5
      vertex 211.06725151836872 138 31.18281612545252
    endloop
  endfacet
  facet normal 0.09801714024006691 0 0.9951847266810112
    outer loop
      vertex 214.5 134 99.5
      vertex 214.5 138 99.5
      vertex 213.81718387454748 138 99.56725151836872
    endloop
  endfacet
  facet normal 0.09801714024006691 0 0.9951847266810112
    outer loop
      vertex 214.5 134 99.5
      vertex 213.81718387454748 138 99.56725151836872
      vertex 213.81718387454748 134 99.56725151836872
    endloop
  endfacet
  facet normal 0.2902846796290603 0 0.9569403350118826
    outer loop
      vertex 213.81718387454748 134 99.56725151836872
      vertex 213.16060798615217 138 99.76642163842916
      vertex 213.16060798615217 134 99.76642163842916
    endloop
  endfacet
  facet normal 0.2902846796290603 0 0.9569403350118826
    outer loop
      vertex 213.81718387454748 134 99.56725151836872
      vertex 213.81718387454748 138 99.56725151836872
      vertex 213.16060798615217 138 99.76642163842916
    endloop
  endfacet
  facet normal 0.47139673614981425 0 0.8819212647097826
    outer loop
      vertex 213.16060798615217 134 99.76642163842916
      vertex 212.55550418794155 138 100.08985635638237
      vertex 212.55550418794155 134 100.08985635638237
    endloop
  endfacet
  facet normal 0.47139673614981425 0 0.8819212647097826
    outer loop
      vertex 213.16060798615217 134 99.76642163842916
      vertex 213.16060798615217 138 99.76642163842916
      vertex 212.55550418794155 138 100.08985635638237
    endloop
  endfacet
  facet normal 0.634393278418614 0 0.7730104580775623
    outer loop
      vertex 212.55550418794155 134 100.08985635638237
      vertex 212.02512626349926 138 100.52512626349926
      vertex 212.02512626349926 134 100.52512626349926
    endloop
  endfacet
  facet normal 0.634393278418614 0 0.7730104580775623
    outer loop
      vertex 212.55550418794155 134 100.08985635638237
      vertex 212.55550418794155 138 100.08985635638237
      vertex 212.02512626349926 138 100.52512626349926
    endloop
  endfacet
  facet normal 0.4713967357375237 0 -0.8819212649301564
    outer loop
      vertex 212.95000000298023 134 106.1210060492158
      vertex 212.55550418794155 134 105.91014364361763
      vertex 212.95000000298023 138 106.1210060492158
    endloop
  endfacet
  facet normal 0.9569403296230341 0 -0.29028469739371143
    outer loop
      vertex 213.06798672676086 134 113.59315931797028
      vertex 212.97978281229734 134 113.30239000171423
      vertex 213.06798672676086 138 113.59315931797028
    endloop
  endfacet
  facet normal 0.8819212719837014 0 -0.4713967225412691
    outer loop
      vertex 213.06798672676086 134 113.59315931797028
      vertex 213.06798672676086 138 113.59315931797028
      vertex 213.21122209727764 138 113.86113385856152
    endloop
  endfacet
  facet normal 1 0 0
    outer loop
      vertex 212.95000000298023 134 106.1210060492158
      vertex 212.95000000298023 138 106.1210060492158
      vertex 212.95000000298023 134 113
    endloop
  endfacet
  facet normal 0.9951847286988094 0 -0.09801711975301632
    outer loop
      vertex 212.95000000298023 134 113
      vertex 212.97978281229734 138 113.30239000171423
      vertex 212.97978281229734 134 113.30239000171423
    endloop
  endfacet
  facet normal 1 0 0
    outer loop
      vertex 212.95000000298023 138 106.1210060492158
      vertex 212.95000000298023 138 113
      vertex 212.95000000298023 134 113
    endloop
  endfacet
  facet normal 0.9569403296230341 0 -0.29028469739371143
    outer loop
      vertex 213.06798672676086 138 113.59315931797028
      vertex 212.97978281229734 134 113.30239000171423
      vertex 212.97978281229734 138 113.30239000171423
    endloop
  endfacet
  facet normal 0.9951847286988094 0 -0.09801711975301632
    outer loop
      vertex 212.95000000298023 134 113
      vertex 212.95000000298023 138 113
      vertex 212.97978281229734 138 113.30239000171423
    endloop
  endfacet
  facet normal 0.4713967357375237 0 -0.8819212649301564
    outer loop
      vertex 212.95000000298023 138 106.1210060492158
      vertex 212.55550418794155 134 105.91014364361763
      vertex 212.55550418794155 138 105.91014364361763
    endloop
  endfacet
  facet normal 0.634393278418614 0 -0.7730104580775623
    outer loop
      vertex 212.55550418794155 134 105.91014364361763
      vertex 212.02512626349926 134 105.47487373650074
      vertex 212.55550418794155 138 105.91014364361763
    endloop
  endfacet
  facet normal 0.634393278418614 0 -0.7730104580775623
    outer loop
      vertex 212.55550418794155 138 105.91014364361763
      vertex 212.02512626349926 134 105.47487373650074
      vertex 212.02512626349926 138 105.47487373650074
    endloop
  endfacet
  facet normal 0.09801711975301632 0 -0.9951847286988094
    outer loop
      vertex 214.5 134 114.54999999701977
      vertex 214.19760999828577 134 114.52021718770266
      vertex 214.5 138 114.54999999701977
    endloop
  endfacet
  facet normal 0.09801711975301632 0 -0.9951847286988094
    outer loop
      vertex 214.5 138 114.54999999701977
      vertex 214.19760999828577 134 114.52021718770266
      vertex 214.19760999828577 138 114.52021718770266
    endloop
  endfacet
  facet normal 0.29028469739371143 0 -0.9569403296230341
    outer loop
      vertex 214.19760999828577 134 114.52021718770266
      vertex 213.90684068202972 134 114.43201327323914
      vertex 214.19760999828577 138 114.52021718770266
    endloop
  endfacet
  facet normal 0.29028469739371143 0 -0.9569403296230341
    outer loop
      vertex 213.90684068202972 134 114.43201327323914
      vertex 213.90684068202972 138 114.43201327323914
      vertex 214.19760999828577 138 114.52021718770266
    endloop
  endfacet
  facet normal 0.4713967225412691 0 -0.8819212719837014
    outer loop
      vertex 213.90684068202972 134 114.43201327323914
      vertex 213.63886614143848 134 114.28877790272236
      vertex 213.90684068202972 138 114.43201327323914
    endloop
  endfacet
  facet normal 0.4713967225412691 0 -0.8819212719837014
    outer loop
      vertex 213.90684068202972 138 114.43201327323914
      vertex 213.63886614143848 134 114.28877790272236
      vertex 213.63886614143848 138 114.28877790272236
    endloop
  endfacet
  facet normal 0.6343932795879331 0 -0.7730104571179272
    outer loop
      vertex 213.63886614143848 134 114.28877790272236
      vertex 213.40398448705673 134 114.09601551294327
      vertex 213.63886614143848 138 114.28877790272236
    endloop
  endfacet
  facet normal 0.7730104571179272 0 -0.6343932795879331
    outer loop
      vertex 213.40398448705673 134 114.09601551294327
      vertex 213.21122209727764 134 113.86113385856152
      vertex 213.40398448705673 138 114.09601551294327
    endloop
  endfacet
  facet normal 0.6343932795879331 0 -0.7730104571179272
    outer loop
      vertex 213.63886614143848 138 114.28877790272236
      vertex 213.40398448705673 134 114.09601551294327
      vertex 213.40398448705673 138 114.09601551294327
    endloop
  endfacet
  facet normal 0.8819212719837014 0 -0.4713967225412691
    outer loop
      vertex 213.06798672676086 134 113.59315931797028
      vertex 213.21122209727764 138 113.86113385856152
      vertex 213.21122209727764 134 113.86113385856152
    endloop
  endfacet
  facet normal 0.7730104571179272 0 -0.6343932795879331
    outer loop
      vertex 213.40398448705673 138 114.09601551294327
      vertex 213.21122209727764 134 113.86113385856152
      vertex 213.21122209727764 138 113.86113385856152
    endloop
  endfacet
  facet normal 0.7730104580775623 0 0.634393278418614
    outer loop
      vertex 212.02512626349926 134 100.52512626349926
      vertex 212.02512626349926 138 100.52512626349926
      vertex 211.58985635638237 138 101.05550418794155
    endloop
  endfacet
  facet normal 0.7730104580775623 0 0.634393278418614
    outer loop
      vertex 212.02512626349926 134 100.52512626349926
      vertex 211.58985635638237 138 101.05550418794155
      vertex 211.58985635638237 134 101.05550418794155
    endloop
  endfacet
  facet normal 0.8819212647097826 0 0.47139673614981425
    outer loop
      vertex 211.58985635638237 134 101.05550418794155
      vertex 211.26642163842916 138 101.66060798615217
      vertex 211.26642163842916 134 101.66060798615217
    endloop
  endfacet
  facet normal 0.8819212647097826 0 0.47139673614981425
    outer loop
      vertex 211.58985635638237 134 101.05550418794155
      vertex 211.58985635638237 138 101.05550418794155
      vertex 211.26642163842916 138 101.66060798615217
    endloop
  endfacet
  facet normal 0.9569403350118826 0 0.2902846796290603
    outer loop
      vertex 211.26642163842916 134 101.66060798615217
      vertex 211.06725151836872 138 102.31718387454748
      vertex 211.06725151836872 134 102.31718387454748
    endloop
  endfacet
  facet normal 0.9569403350118826 0 0.2902846796290603
    outer loop
      vertex 211.26642163842916 134 101.66060798615217
      vertex 211.26642163842916 138 101.66060798615217
      vertex 211.06725151836872 138 102.31718387454748
    endloop
  endfacet
  facet normal 0.7730104580775623 0 -0.634393278418614
    outer loop
      vertex 212.02512626349926 134 105.47487373650074
      vertex 211.58985635638237 134 104.94449581205845
      vertex 212.02512626349926 138 105.47487373650074
    endloop
  endfacet
  facet normal 0.7730104580775623 0 -0.634393278418614
    outer loop
      vertex 212.02512626349926 138 105.47487373650074
      vertex 211.58985635638237 134 104.94449581205845
      vertex 211.58985635638237 138 104.94449581205845
    endloop
  endfacet
  facet normal 0.8819212647097826 0 -0.47139673614981425
    outer loop
      vertex 211.58985635638237 134 104.94449581205845
      vertex 211.26642163842916 134 104.33939201384783
      vertex 211.58985635638237 138 104.94449581205845
    endloop
  endfacet
  facet normal 0.8819212647097826 0 -0.47139673614981425
    outer loop
      vertex 211.58985635638237 138 104.94449581205845
      vertex 211.26642163842916 134 104.33939201384783
      vertex 211.26642163842916 138 104.33939201384783
    endloop
  endfacet
  facet normal 0.9569403350118826 0 -0.2902846796290603
    outer loop
      vertex 211.26642163842916 134 104.33939201384783
      vertex 211.06725151836872 134 103.68281612545252
      vertex 211.26642163842916 138 104.33939201384783
    endloop
  endfacet
  facet normal 0.9951847266810112 0 0.09801714024006691
    outer loop
      vertex 211.06725151836872 134 102.31718387454748
      vertex 211 138 103
      vertex 211 134 103
    endloop
  endfacet
  facet normal 0.9951847266810112 0 -0.09801714024006691
    outer loop
      vertex 211.06725151836872 134 103.68281612545252
      vertex 211 134 103
      vertex 211.06725151836872 138 103.68281612545252
    endloop
  endfacet
  facet normal 0.9569403350118826 0 -0.2902846796290603
    outer loop
      vertex 211.26642163842916 138 104.33939201384783
      vertex 211.06725151836872 134 103.68281612545252
      vertex 211.06725151836872 138 103.68281612545252
    endloop
  endfacet
  facet normal 0.9951847266810112 0 0.09801714024006691
    outer loop
      vertex 211.06725151836872 134 102.31718387454748
      vertex 211.06725151836872 138 102.31718387454748
      vertex 211 138 103
    endloop
  endfacet
  facet normal 0.9951847266810112 0 -0.09801714024006691
    outer loop
      vertex 211 134 103
      vertex 211 138 103
      vertex 211.06725151836872 138 103.68281612545252
    endloop
  endfacet
  facet normal -1 0 0
    outer loop
      vertex 220 48.14984882622957 -16.740113979687884
      vertex 220 25.479875918516726 -22.862953789509113
      vertex 220 49.81682534870153 -14.005028604080033
    endloop
  endfacet
  facet normal -1 0 0
    outer loop
      vertex 220 132.8215035494774 2.532584463884428
      vertex 220 12.359467173476535 -41.472703076296575
      vertex 220 25.479875918516726 -22.862953789509113
    endloop
  endfacet
  facet normal -1 0 0
    outer loop
      vertex 220 48.14984882622957 -16.740113979687884
      vertex 220 132.8215035494774 2.532584463884428
      vertex 220 25.479875918516726 -22.862953789509113
    endloop
  endfacet
  facet normal 2.7900250002036844e-14 -0.34202014327181096 0.939692620805511
    outer loop
      vertex 218.83886395431352 32.572471771992944 -34.115771057350734
      vertex 218.6827688389055 32.57247177844298 -34.11577105500311
      vertex 218.76797691025791 32.57246831425659 -34.11577231586384
    endloop
  endfacet
  facet normal 2.803058956346072e-15 -0.34202014309777556 0.9396926208688546
    outer loop
      vertex 218.27228398889892 32.5724717954047 -34.11577104882955
      vertex 218.08400798625522 32.57247180318449 -34.11577104599794
      vertex 218.17326155757416 32.57246666831768 -34.11577291493661
    endloop
  endfacet
  facet normal -2.9083321764676634e-16 -0.34202014332566905 0.9396926207859082
    outer loop
      vertex 219.60190279017246 18.943066470854188 -39.07646889771522
      vertex 205 18.94306647085418 -39.07646889771523
      vertex 220 12.359467173476535 -41.472703076296575
    endloop
  endfacet
  facet normal 5.432907383348394e-16 -0.34202014315727597 0.9396926208471983
    outer loop
      vertex 217.88525010621126 32.572471811397406 -34.115771043008685
      vertex 209.92014340796206 32.57247214052508 -34.115770923216004
      vertex 217.31589528845535 32.57246429546402 -34.11577377858472
    endloop
  endfacet
  facet normal -6.267204663025498e-15 -0.342020143325669 0.9396926207859082
    outer loop
      vertex 218.27228398889892 32.5724717954047 -34.11577104882955
      vertex 218.48327062148454 32.572471786686485 -34.11577105200272
      vertex 215.0250420838544 70.2451056649002 -20.404053673924416
    endloop
  endfacet
  facet normal 2.7923946722570994e-15 -0.3420201433256684 0.9396926207859085
    outer loop
      vertex 218.27228398889892 32.5724717954047 -34.11577104882955
      vertex 215.0250420838544 70.2451056649002 -20.404053673924416
      vertex 218.08400798625522 32.57247180318449 -34.11577104599794
    endloop
  endfacet
  facet normal -2.978583935935423e-14 -0.34202014332567027 0.9396926207859079
    outer loop
      vertex 218.94262505521908 32.572471767705416 -34.115771058911264
      vertex 214.75294640004833 97.78761386154291 -10.379400513313566
      vertex 218.83886395431352 32.572471771992944 -34.115771057350734
    endloop
  endfacet
  facet normal 2.789772979524786e-14 -0.3420201433256671 0.9396926207859091
    outer loop
      vertex 218.83886395431352 32.572471771992944 -34.115771057350734
      vertex 214.75294640004833 97.78761386154291 -10.379400513313566
      vertex 218.6827688389055 32.57247177844298 -34.11577105500311
    endloop
  endfacet
  facet normal -5.286282330244381e-14 -0.3420201433256714 0.9396926207859074
    outer loop
      vertex 218.58657955901978 32.57247178241764 -34.11577105355646
      vertex 218.6827688389055 32.57247177844298 -34.11577105500311
      vertex 214.75294640004833 97.78761386154291 -10.379400513313566
    endloop
  endfacet
  facet normal -1.5279208867515215e-14 -0.34202014332566993 0.9396926207859079
    outer loop
      vertex 218.08400798625522 32.57247180318449 -34.11577104599794
      vertex 212.82436825796935 84.89176769314581 -15.073104664285967
      vertex 217.88525010621126 32.572471811397406 -34.115771043008685
    endloop
  endfacet
  facet normal -2.140892110096356e-14 -0.3420201433256705 0.9396926207859077
    outer loop
      vertex 218.48327062148454 32.572471786686485 -34.11577105200272
      vertex 213.68319135424542 90.63447020220973 -12.982931886740861
      vertex 215.0250420838544 70.2451056649002 -20.404053673924416
    endloop
  endfacet
  facet normal -1.2743845294252254e-14 -0.34202014332566943 0.9396926207859081
    outer loop
      vertex 218.08400798625522 32.57247180318449 -34.11577104599794
      vertex 213.20763584876096 87.45456760482202 -14.140321780055768
      vertex 212.82436825796935 84.89176769314581 -15.073104664285967
    endloop
  endfacet
  facet normal -1 0 0
    outer loop
      vertex 220 132.8215035494774 2.532584463884428
      vertex 220 132.8731489435537 2.390689909840959
      vertex 220 12.359467173476535 -41.472703076296575
    endloop
  endfacet
  facet normal -1 0 0
    outer loop
      vertex 220 123 10.503113077471063
      vertex 220 123 12.631468618097472
      vertex 220 132.2874079709901 4.000000005608802
    endloop
  endfacet
  facet normal -1 0 0
    outer loop
      vertex 220 132.2874079709901 4.000000005608802
      vertex 220 123 12.631468618097472
      vertex 220 128.42688708032 14.606693980057768
    endloop
  endfacet
  facet normal 4.3677054547437697e-16 -0.3420201433256686 0.9396926207859085
    outer loop
      vertex 220 132.8731489435537 2.390689909840959
      vertex 214.75294640004833 97.78761386154291 -10.379400513313566
      vertex 218.94262505521908 32.572471767705416 -34.115771058911264
    endloop
  endfacet
  facet normal 0 -0.34202014332566877 0.9396926207859084
    outer loop
      vertex 218.48327062148454 32.572471786686485 -34.11577105200272
      vertex 214.0746406536567 93.25197884123882 -12.030236654199634
      vertex 213.68319135424542 90.63447020220973 -12.982931886740861
    endloop
  endfacet
  facet normal 1.043060254639771e-15 -0.34202014332566877 0.9396926207859083
    outer loop
      vertex 215.1783593263819 110.3920317851485 -5.791767568869718
      vertex 214.75294640004833 97.78761386154291 -10.379400513313566
      vertex 220 132.8731489435537 2.390689909840959
    endloop
  endfacet
  facet normal 1.3489981943347658e-15 -0.3420201433256688 0.9396926207859083
    outer loop
      vertex 215.1783593263819 110.3920317851485 -5.791767568869718
      vertex 214.51166439990678 108.09075082137026 -6.629365340368435
      vertex 214.75294640004833 97.78761386154291 -10.379400513313566
    endloop
  endfacet
  facet normal 0 -0.3420201433256688 0.9396926207859083
    outer loop
      vertex 215.1783593263819 110.3920317851485 -5.791767568869718
      vertex 214.97598160050404 113.85014035785389 -4.533118981544176
      vertex 214.42322049186137 112.59613618697864 -4.989539173388435
    endloop
  endfacet
  facet normal 6.505684202120697e-16 -0.34202014332566866 0.9396926207859084
    outer loop
      vertex 215.1783593263819 110.3920317851485 -5.791767568869718
      vertex 214.42322049186137 112.59613618697864 -4.989539173388435
      vertex 214.51166439990678 108.09075082137026 -6.629365340368435
    endloop
  endfacet
  facet normal -2.7013836772116632e-14 -0.3420201433256579 0.9396926207859123
    outer loop
      vertex 214.97598160050404 113.85014035785389 -4.533118981544176
      vertex 214.26776695296638 112.41813896686384 -5.054324863292355
      vertex 214.42322049186137 112.59613618697864 -4.989539173388435
    endloop
  endfacet
  facet normal -7.941738004207321e-16 -0.3420201433256688 0.9396926207859082
    outer loop
      vertex 220 132.8731489435537 2.390689909840959
      vertex 213.45670858091273 116.2497034758255 -3.6597494313595123
      vertex 214.26776695296638 115.74045408880721 -3.8451010500524774
    endloop
  endfacet
  facet normal 1.788359501467886e-15 -0.3420201421208199 0.9396926212244375
    outer loop
      vertex 217.31589528845535 32.57246429546402 -34.11577377858472
      vertex 209.92014340796206 32.57247214052508 -34.115770923216004
      vertex 214.6998281358758 32.572465515801724 -34.115773334418115
    endloop
  endfacet
  facet normal -1.806862423655347e-15 -0.34202014503495615 0.9396926201637786
    outer loop
      vertex 214.6998283017847 32.572463800227574 -34.115773958836044
      vertex 214.6998281358758 32.572465515801724 -34.115773334418115
      vertex 210.08056097939487 32.57246876745651 -34.11577215091256
    endloop
  endfacet
  facet normal 0 -0.3420201433256685 0.9396926207859084
    outer loop
      vertex 205 18.94306647085418 -39.07646889771523
      vertex 205 12.359467173476535 -41.472703076296575
      vertex 220 12.359467173476535 -41.472703076296575
    endloop
  endfacet
  facet normal 0 -0.34202014355122357 0.9396926207038131
    outer loop
      vertex 214.6998283017847 32.572463800227574 -34.115773958836044
      vertex 210.08056097939487 32.57246876745651 -34.11577215091256
      vertex 210.08056123100144 32.572463800227574 -34.115773958836044
    endloop
  endfacet
  facet normal -7.966161771443589e-16 -0.3420201437676908 0.9396926206250255
    outer loop
      vertex 209.92014340796206 32.57247214052508 -34.115770923216004
      vertex 210.08056097939487 32.57246876745651 -34.11577215091256
      vertex 214.6998281358758 32.572465515801724 -34.115773334418115
    endloop
  endfacet
  facet normal 6.502522062129099e-16 -0.3420201433256687 0.9396926207859084
    outer loop
      vertex 211.99366900485404 58.35542070547545 -24.731545093957575
      vertex 209.92014340796206 32.57247214052508 -34.115770923216004
      vertex 217.88525010621126 32.572471811397406 -34.115771043008685
    endloop
  endfacet
  facet normal -1.8935102349446297e-15 -0.34202014332566905 0.9396926207859082
    outer loop
      vertex 211.99366900485404 58.35542070547545 -24.731545093957575
      vertex 217.88525010621126 32.572471811397406 -34.115771043008685
      vertex 210.85450947791463 71.71988979678619 -19.86727614794978
    endloop
  endfacet
  facet normal 0 -0.3420201433256686 0.9396926207859085
    outer loop
      vertex 217.88525010621126 32.572471811397406 -34.115771043008685
      vertex 211.76303739034583 77.79495408522503 -17.65613357570446
      vertex 210.85450947791463 71.71988979678619 -19.86727614794978
    endloop
  endfacet
  facet normal -2.256833034916579e-16 -0.3420201433256686 0.9396926207859084
    outer loop
      vertex 211.99366900485404 58.35542070547545 -24.731545093957575
      vertex 210.67929181210556 70.5482597679281 -20.293714604026583
      vertex 209.92014340796206 32.57247214052508 -34.115770923216004
    endloop
  endfacet
  facet normal 2.1114175388332356e-15 -0.34202014332566844 0.9396926207859085
    outer loop
      vertex 212.01227419495967 111.77520480140964 -5.288333762110462
      vertex 213.68319135424542 90.63447020220973 -12.982931886740861
      vertex 214.0746406536567 93.25197884123882 -12.030236654199634
    endloop
  endfacet
  facet normal -1.1723050585611602e-14 -0.34202014332566977 0.939692620785908
    outer loop
      vertex 210.0320245326613 113.77375496786001 -4.560920989834762
      vertex 212.82436825796935 84.89176769314581 -15.073104664285967
      vertex 213.20763584876096 87.45456760482202 -14.140321780055768
    endloop
  endfacet
  facet normal 2.4869964024941532e-15 -0.342020143325671 0.9396926207859075
    outer loop
      vertex 214.97598160050404 113.85014035785389 -4.533118981544176
      vertex 213.888925582549 112.12598188011447 -5.1606613465990545
      vertex 214.26776695296638 112.41813896686384 -5.054324863292355
    endloop
  endfacet
  facet normal 2.4585134782482953e-15 -0.34202014332567116 0.9396926207859075
    outer loop
      vertex 214.97598160050404 113.85014035785389 -4.533118981544176
      vertex 213.45670858091273 111.90888957984555 -5.23967648198532
      vertex 213.888925582549 112.12598188011447 -5.1606613465990545
    endloop
  endfacet
  facet normal -3.8349517314238066e-15 -0.34202014332566694 0.9396926207859091
    outer loop
      vertex 214.97598160050404 113.85014035785389 -4.533118981544176
      vertex 212.98772580504033 111.77520480140964 -5.288333762110464
      vertex 213.45670858091273 111.90888957984555 -5.23967648198532
    endloop
  endfacet
  facet normal 1.5686260158235342e-14 -0.34202014332568276 0.9396926207859033
    outer loop
      vertex 214.97598160050404 113.85014035785389 -4.533118981544176
      vertex 212.8048286281502 111.75827736683256 -5.294494844439009
      vertex 212.98772580504033 111.77520480140964 -5.288333762110464
    endloop
  endfacet
  facet normal -1.6503364893450165e-16 -0.3420201433256592 0.9396926207859119
    outer loop
      vertex 214.97598160050404 113.85014035785389 -4.533118981544176
      vertex 215 114.07929652783552 -4.449712956672417
      vertex 210 114.07929652783552 -4.449712956672418
    endloop
  endfacet
  facet normal 8.167243437589222e-17 -0.34202014332566866 0.9396926207859084
    outer loop
      vertex 215 114.07929652783552 -4.449712956672417
      vertex 214.95196320100808 114.53760886779878 -4.282900906928899
      vertex 210.65450627758614 115.65145547874981 -3.877493895004437
    endloop
  endfacet
  facet normal -1.5028986069158446e-17 -0.34202014332566893 0.9396926207859083
    outer loop
      vertex 214.95196320100808 114.53760886779878 -4.282900906928899
      vertex 214.8096988312782 114.97830852156176 -4.122499350707754
      vertex 210.65450627758614 115.65145547874981 -3.877493895004437
    endloop
  endfacet
  facet normal -3.2001353487490315e-15 -0.3420201433256724 0.9396926207859071
    outer loop
      vertex 214.26776695296638 115.74045408880721 -3.8451010500524774
      vertex 213.45670858091273 116.2497034758255 -3.6597494313595123
      vertex 212.98772580504033 116.3833882542614 -3.611092151234371
    endloop
  endfacet
  facet normal -8.511626727072262e-18 -0.3420201433256689 0.9396926207859084
    outer loop
      vertex 214.8096988312782 114.97830852156176 -4.122499350707754
      vertex 214.57867403075636 115.38445964857759 -3.9746724298603193
      vertex 210.65450627758614 115.65145547874981 -3.877493895004437
    endloop
  endfacet
  facet normal -8.013769105457555e-17 -0.34202014332566866 0.9396926207859083
    outer loop
      vertex 212.8048286281502 111.75827736683256 -5.294494844439009
      vertex 212.01227419495967 111.77520480140964 -5.288333762110462
      vertex 214.0746406536567 93.25197884123882 -12.030236654199634
    endloop
  endfacet
  facet normal -1.2312367871305234e-16 -0.3420201433256691 0.9396926207859082
    outer loop
      vertex 214.97598160050404 113.85014035785389 -4.533118981544176
      vertex 212.01227419495967 111.77520480140964 -5.288333762110462
      vertex 212.8048286281502 111.75827736683256 -5.294494844439009
    endloop
  endfacet
  facet normal 6.933513126640358e-15 -0.3420201433256547 0.9396926207859136
    outer loop
      vertex 214.26776695296638 115.74045408880721 -3.8451010500524774
      vertex 212.98772580504033 116.3833882542614 -3.611092151234371
      vertex 212.5 116.42852807980029 -3.5946625983582456
    endloop
  endfacet
  facet normal -1.3398434097524553e-16 -0.3420201433256705 0.9396926207859078
    outer loop
      vertex 214.57867403075636 115.38445964857759 -3.9746724298603193
      vertex 214.26776695296638 115.74045408880721 -3.8451010500524774
      vertex 210.65450627758614 115.65145547874981 -3.877493895004437
    endloop
  endfacet
  facet normal -2.7428133726648174e-15 -0.3420201433256658 0.9396926207859094
    outer loop
      vertex 214.97598160050404 113.85014035785389 -4.533118981544176
      vertex 211.54329141908727 111.90888957984555 -5.239676481985321
      vertex 212.01227419495967 111.77520480140964 -5.288333762110462
    endloop
  endfacet
  facet normal -2.888283380778811e-15 -0.3420201433256769 0.9396926207859054
    outer loop
      vertex 214.26776695296638 115.74045408880721 -3.8451010500524774
      vertex 212.5 116.42852807980029 -3.5946625983582456
      vertex 212.01227419495967 116.3833882542614 -3.61109215123437
    endloop
  endfacet
  facet normal 1.1853435284030669e-15 -0.34202014332567165 0.9396926207859073
    outer loop
      vertex 214.97598160050404 113.85014035785389 -4.533118981544176
      vertex 211.111074417451 112.12598188011447 -5.160661346599054
      vertex 211.54329141908727 111.90888957984555 -5.239676481985321
    endloop
  endfacet
  facet normal -9.082427846693916e-16 -0.3420201433256707 0.9396926207859077
    outer loop
      vertex 214.26776695296638 115.74045408880721 -3.8451010500524774
      vertex 212.01227419495967 116.3833882542614 -3.61109215123437
      vertex 211.54329141908727 116.2497034758255 -3.659749431359513
    endloop
  endfacet
  facet normal -5.853354979109909e-16 -0.34202014332566827 0.9396926207859085
    outer loop
      vertex 214.97598160050404 113.85014035785389 -4.533118981544176
      vertex 210.8837695952006 112.30127613216409 -5.096859456615033
      vertex 211.111074417451 112.12598188011447 -5.160661346599054
    endloop
  endfacet
  facet normal -6.427478792979819e-17 -0.34202014332566677 0.9396926207859092
    outer loop
      vertex 214.26776695296638 115.74045408880721 -3.8451010500524774
      vertex 211.54329141908727 116.2497034758255 -3.659749431359513
      vertex 211.32718291826913 116.14115732569104 -3.699256999052646
    endloop
  endfacet
  facet normal 1.5994900092199016e-15 -0.3420201433256684 0.9396926207859085
    outer loop
      vertex 210.8837695952006 112.30127613216409 -5.096859456615033
      vertex 210.0320245326613 113.77375496786001 -4.560920989834762
      vertex 213.20763584876096 87.45456760482202 -14.140321780055768
    endloop
  endfacet
  facet normal -1.5180439101795856e-16 -0.3420201433256694 0.9396926207859082
    outer loop
      vertex 214.97598160050404 113.85014035785389 -4.533118981544176
      vertex 210.0320245326613 113.77375496786001 -4.560920989834762
      vertex 210.8837695952006 112.30127613216409 -5.096859456615033
    endloop
  endfacet
  facet normal 8.882803921117905e-16 -0.34202014332566655 0.9396926207859092
    outer loop
      vertex 215 114.07929652783552 -4.449712956672417
      vertex 210.65450627758614 115.65145547874981 -3.877493895004437
      vertex 210.42132596924364 115.38445964857759 -3.9746724298603184
    endloop
  endfacet
  facet normal -3.861885383543606e-16 -0.3420201433256705 0.9396926207859078
    outer loop
      vertex 215 114.07929652783552 -4.449712956672417
      vertex 210.42132596924364 115.38445964857759 -3.9746724298603184
      vertex 210.1903011687218 114.97830852156176 -4.122499350707754
    endloop
  endfacet
  facet normal -2.0882264004936006e-16 -0.34202014332566766 0.9396926207859089
    outer loop
      vertex 214.26776695296638 115.74045408880721 -3.8451010500524774
      vertex 211.32718291826913 116.14115732569104 -3.699256999052646
      vertex 210.65450627758614 115.65145547874981 -3.877493895004437
    endloop
  endfacet
  facet normal -1.669229413866993e-16 -0.34202014332567016 0.9396926207859078
    outer loop
      vertex 215 114.07929652783552 -4.449712956672417
      vertex 210.04803679899192 114.53760886779878 -4.282900906928899
      vertex 210 114.07929652783552 -4.449712956672418
    endloop
  endfacet
  facet normal -2.8766010411238717e-16 -0.3420201433256615 0.939692620785911
    outer loop
      vertex 214.97598160050404 113.85014035785389 -4.533118981544176
      vertex 210 114.07929652783552 -4.449712956672418
      vertex 210.0320245326613 113.77375496786001 -4.560920989834762
    endloop
  endfacet
  facet normal -3.481383088147914e-17 -0.3420201433256689 0.9396926207859084
    outer loop
      vertex 215 114.07929652783552 -4.449712956672417
      vertex 210.1903011687218 114.97830852156176 -4.122499350707754
      vertex 210.04803679899192 114.53760886779878 -4.282900906928899
    endloop
  endfacet
  facet normal 0 -0.34202014332566866 0.9396926207859084
    outer loop
      vertex 205 132.8731489435537 2.390689909840959
      vertex 209.92014340796206 32.57247214052508 -34.115770923216004
      vertex 210.67929181210556 70.5482597679281 -20.293714604026583
    endloop
  endfacet
  facet normal 0 -0.34202014332566866 0.9396926207859084
    outer loop
      vertex 205 132.8731489435537 2.390689909840959
      vertex 210.85450947791463 71.71988979678619 -19.86727614794978
      vertex 211.76303739034583 77.79495408522503 -17.65613357570446
    endloop
  endfacet
  facet normal 4.94245260919819e-16 -0.3420201433256685 0.9396926207859084
    outer loop
      vertex 211.32718291826913 116.14115732569104 -3.699256999052646
      vertex 205 132.8731489435537 2.390689909840959
      vertex 210.65450627758614 115.65145547874981 -3.877493895004437
    endloop
  endfacet
endsolid OpenSCAD_Model
