solid OpenSCAD_Model
  facet normal -0.9876883494829518 -0.15643440892477073 0
    outer loop
      vertex -52.5523681640625 -10.02489948272705 0
      vertex -53.0781364440918 -6.705327987670898 52
      vertex -53.0781364440918 -6.705327987670898 0
    endloop
  endfacet
  facet normal -0.9876883494829518 -0.15643440892477073 0
    outer loop
      vertex -53.0781364440918 -6.705327987670898 52
      vertex -52.5523681640625 -10.02489948272705 0
      vertex -52.5523681640625 -10.02489948272705 52
    endloop
  endfacet
  facet normal -0.9995065440954621 0.031411276802226065 0
    outer loop
      vertex -53.5 0 0
      vertex -53.39442825317383 3.3592920303344727 52
      vertex -53.39442825317383 3.3592920303344727 0
    endloop
  endfacet
  facet normal -0.9995065440954621 0.031411276802226065 0
    outer loop
      vertex -53.39442825317383 3.3592920303344727 52
      vertex -53.5 0 0
      vertex -53.5 0 52
    endloop
  endfacet
  facet normal -0.6613123336620675 0.750110656734345 0
    outer loop
      vertex -34.1021842956543 41.22245788574219 0
      vertex -36.623268127441406 38.999820709228516 52
      vertex -34.1021842956543 41.22245788574219 52
    endloop
  endfacet
  facet normal -0.6613123336620675 0.750110656734345 0
    outer loop
      vertex -36.623268127441406 38.999820709228516 52
      vertex -34.1021842956543 41.22245788574219 0
      vertex -36.623268127441406 38.999820709228516 0
    endloop
  endfacet
  facet normal -0.39714755116041534 0.9177547725875824 0
    outer loop
      vertex -19.694664001464844 49.7430419921875 0
      vertex -22.779191970825195 48.40824890136719 52
      vertex -19.694664001464844 49.7430419921875 52
    endloop
  endfacet
  facet normal -0.39714755116041534 0.9177547725875824 0
    outer loop
      vertex -22.779191970825195 48.40824890136719 52
      vertex -19.694664001464844 49.7430419921875 0
      vertex -22.779191970825195 48.40824890136719 0
    endloop
  endfacet
  facet normal -0.5090417873703486 0.8607418072283934 0
    outer loop
      vertex -25.773820877075195 46.882408142089844 0
      vertex -28.666732788085938 45.17154312133789 52
      vertex -25.773820877075195 46.882408142089844 52
    endloop
  endfacet
  facet normal -0.5090417873703486 0.8607418072283934 0
    outer loop
      vertex -28.666732788085938 45.17154312133789 52
      vertex -25.773820877075195 46.882408142089844 0
      vertex -28.666732788085938 45.17154312133789 0
    endloop
  endfacet
  facet normal -0.6613123336620675 -0.750110656734345 0
    outer loop
      vertex -36.623268127441406 -38.999820709228516 0
      vertex -34.1021842956543 -41.22245788574219 52
      vertex -36.623268127441406 -38.999820709228516 52
    endloop
  endfacet
  facet normal -0.6613123336620675 -0.750110656734345 0
    outer loop
      vertex -34.1021842956543 -41.22245788574219 52
      vertex -36.623268127441406 -38.999820709228516 0
      vertex -34.1021842956543 -41.22245788574219 0
    endloop
  endfacet
  facet normal -0.4539907642367704 -0.8910063894202517 0
    outer loop
      vertex -25.773820877075195 -46.882408142089844 0
      vertex -22.779191970825195 -48.40824890136719 52
      vertex -25.773820877075195 -46.882408142089844 52
    endloop
  endfacet
  facet normal -0.4539907642367704 -0.8910063894202517 0
    outer loop
      vertex -22.779191970825195 -48.40824890136719 52
      vertex -25.773820877075195 -46.882408142089844 0
      vertex -22.779191970825195 -48.40824890136719 0
    endloop
  endfacet
  facet normal -0.09410780815154922 -0.9955620123552883 0
    outer loop
      vertex -6.705327987670898 -53.0781364440918 0
      vertex -3.3592920303344727 -53.39442825317383 52
      vertex -6.705327987670898 -53.0781364440918 52
    endloop
  endfacet
  facet normal -0.09410780815154922 -0.9955620123552883 0
    outer loop
      vertex -3.3592920303344727 -53.39442825317383 52
      vertex -6.705327987670898 -53.0781364440918 0
      vertex -3.3592920303344727 -53.39442825317383 0
    endloop
  endfacet
  facet normal -0.8910063894202517 0.4539907642367704 0
    outer loop
      vertex -48.40824890136719 22.779191970825195 0
      vertex -46.882408142089844 25.773820877075195 52
      vertex -46.882408142089844 25.773820877075195 0
    endloop
  endfacet
  facet normal -0.8910063894202517 0.4539907642367704 0
    outer loop
      vertex -46.882408142089844 25.773820877075195 52
      vertex -48.40824890136719 22.779191970825195 0
      vertex -48.40824890136719 22.779191970825195 52
    endloop
  endfacet
  facet normal -0.21814341701456996 -0.9759167226834508 0
    outer loop
      vertex -13.304908752441406 -51.81919860839844 0
      vertex -10.02489948272705 -52.5523681640625 52
      vertex -13.304908752441406 -51.81919860839844 52
    endloop
  endfacet
  facet normal -0.21814341701456996 -0.9759167226834508 0
    outer loop
      vertex -10.02489948272705 -52.5523681640625 52
      vertex -13.304908752441406 -51.81919860839844 0
      vertex -10.02489948272705 -52.5523681640625 0
    endloop
  endfacet
  facet normal -0.7071067811865475 0.7071067811865475 0
    outer loop
      vertex -38.999820709228516 36.623268127441406 0
      vertex -36.623268127441406 38.999820709228516 52
      vertex -36.623268127441406 38.999820709228516 0
    endloop
  endfacet
  facet normal -0.7071067811865475 0.7071067811865475 0
    outer loop
      vertex -36.623268127441406 38.999820709228516 52
      vertex -38.999820709228516 36.623268127441406 0
      vertex -38.999820709228516 36.623268127441406 52
    endloop
  endfacet
  facet normal -0.9955620123552883 -0.09410780815154922 0
    outer loop
      vertex -53.0781364440918 -6.705327987670898 0
      vertex -53.39442825317383 -3.3592920303344727 52
      vertex -53.39442825317383 -3.3592920303344727 0
    endloop
  endfacet
  facet normal -0.9955620123552883 -0.09410780815154922 0
    outer loop
      vertex -53.39442825317383 -3.3592920303344727 52
      vertex -53.0781364440918 -6.705327987670898 0
      vertex -53.0781364440918 -6.705327987670898 52
    endloop
  endfacet
  facet normal -0.7901550286063838 -0.6129070327284921 0
    outer loop
      vertex -41.22245788574219 -34.1021842956543 0
      vertex -43.28240966796875 -31.446510314941406 52
      vertex -43.28240966796875 -31.446510314941406 0
    endloop
  endfacet
  facet normal -0.7901550286063838 -0.6129070327284921 0
    outer loop
      vertex -43.28240966796875 -31.446510314941406 52
      vertex -41.22245788574219 -34.1021842956543 0
      vertex -41.22245788574219 -34.1021842956543 52
    endloop
  endfacet
  facet normal -0.2789910456728903 -0.9602937032149836 0
    outer loop
      vertex -16.53240966796875 -50.88152313232422 0
      vertex -13.304908752441406 -51.81919860839844 52
      vertex -16.53240966796875 -50.88152313232422 52
    endloop
  endfacet
  facet normal -0.2789910456728903 -0.9602937032149836 0
    outer loop
      vertex -13.304908752441406 -51.81919860839844 52
      vertex -16.53240966796875 -50.88152313232422 0
      vertex -13.304908752441406 -51.81919860839844 0
    endloop
  endfacet
  facet normal -0.15643440892477073 0.9876883494829518 0
    outer loop
      vertex -6.705327987670898 53.0781364440918 0
      vertex -10.02489948272705 52.5523681640625 52
      vertex -6.705327987670898 53.0781364440918 52
    endloop
  endfacet
  facet normal -0.15643440892477073 0.9876883494829518 0
    outer loop
      vertex -10.02489948272705 52.5523681640625 52
      vertex -6.705327987670898 53.0781364440918 0
      vertex -10.02489948272705 52.5523681640625 0
    endloop
  endfacet
  facet normal -0.03141183058035051 0.9995065266918428 0
    outer loop
      vertex -1 53.46857452392578 0
      vertex -3.3592920303344727 53.39442825317383 52
      vertex -1 53.46857452392578 52
    endloop
  endfacet
  facet normal -0.03141183058035051 0.9995065266918428 0
    outer loop
      vertex -3.3592920303344727 53.39442825317383 52
      vertex -1 53.46857452392578 0
      vertex -3.3592920303344727 53.39442825317383 0
    endloop
  endfacet
  facet normal -0.15643440892477073 -0.9876883494829518 0
    outer loop
      vertex -10.02489948272705 -52.5523681640625 0
      vertex -6.705327987670898 -53.0781364440918 52
      vertex -10.02489948272705 -52.5523681640625 52
    endloop
  endfacet
  facet normal -0.15643440892477073 -0.9876883494829518 0
    outer loop
      vertex -6.705327987670898 -53.0781364440918 52
      vertex -10.02489948272705 -52.5523681640625 0
      vertex -6.705327987670898 -53.0781364440918 0
    endloop
  endfacet
  facet normal -0.4539907642367704 0.8910063894202517 0
    outer loop
      vertex -22.779191970825195 48.40824890136719 0
      vertex -25.773820877075195 46.882408142089844 52
      vertex -22.779191970825195 48.40824890136719 52
    endloop
  endfacet
  facet normal -0.4539907642367704 0.8910063894202517 0
    outer loop
      vertex -25.773820877075195 46.882408142089844 52
      vertex -22.779191970825195 48.40824890136719 0
      vertex -25.773820877075195 46.882408142089844 0
    endloop
  endfacet
  facet normal -0.8607418072283934 0.5090417873703486 0
    outer loop
      vertex -46.882408142089844 25.773820877075195 0
      vertex -45.17154312133789 28.666732788085938 52
      vertex -45.17154312133789 28.666732788085938 0
    endloop
  endfacet
  facet normal -0.8607418072283934 0.5090417873703486 0
    outer loop
      vertex -45.17154312133789 28.666732788085938 52
      vertex -46.882408142089844 25.773820877075195 0
      vertex -46.882408142089844 25.773820877075195 52
    endloop
  endfacet
  facet normal -0.7901550286063838 0.6129070327284921 0
    outer loop
      vertex -43.28240966796875 31.446510314941406 0
      vertex -41.22245788574219 34.1021842956543 52
      vertex -41.22245788574219 34.1021842956543 0
    endloop
  endfacet
  facet normal -0.7901550286063838 0.6129070327284921 0
    outer loop
      vertex -41.22245788574219 34.1021842956543 52
      vertex -43.28240966796875 31.446510314941406 0
      vertex -43.28240966796875 31.446510314941406 52
    endloop
  endfacet
  facet normal -0.8270807683522564 -0.5620830922753693 0
    outer loop
      vertex -43.28240966796875 -31.446510314941406 0
      vertex -45.17154312133789 -28.666732788085938 52
      vertex -45.17154312133789 -28.666732788085938 0
    endloop
  endfacet
  facet normal -0.8270807683522564 -0.5620830922753693 0
    outer loop
      vertex -45.17154312133789 -28.666732788085938 52
      vertex -43.28240966796875 -31.446510314941406 0
      vertex -43.28240966796875 -31.446510314941406 52
    endloop
  endfacet
  facet normal -0.9602937032149836 -0.2789910456728903 0
    outer loop
      vertex -50.88152313232422 -16.53240966796875 0
      vertex -51.81919860839844 -13.304908752441406 52
      vertex -51.81919860839844 -13.304908752441406 0
    endloop
  endfacet
  facet normal -0.9602937032149836 -0.2789910456728903 0
    outer loop
      vertex -51.81919860839844 -13.304908752441406 52
      vertex -50.88152313232422 -16.53240966796875 0
      vertex -50.88152313232422 -16.53240966796875 52
    endloop
  endfacet
  facet normal -0.750110656734345 0.6613123336620675 0
    outer loop
      vertex -41.22245788574219 34.1021842956543 0
      vertex -38.999820709228516 36.623268127441406 52
      vertex -38.999820709228516 36.623268127441406 0
    endloop
  endfacet
  facet normal -0.750110656734345 0.6613123336620675 0
    outer loop
      vertex -38.999820709228516 36.623268127441406 52
      vertex -41.22245788574219 34.1021842956543 0
      vertex -41.22245788574219 34.1021842956543 52
    endloop
  endfacet
  facet normal -0.9876883494829518 0.15643440892477073 0
    outer loop
      vertex -53.0781364440918 6.705327987670898 0
      vertex -52.5523681640625 10.02489948272705 52
      vertex -52.5523681640625 10.02489948272705 0
    endloop
  endfacet
  facet normal -0.9876883494829518 0.15643440892477073 0
    outer loop
      vertex -52.5523681640625 10.02489948272705 52
      vertex -53.0781364440918 6.705327987670898 0
      vertex -53.0781364440918 6.705327987670898 52
    endloop
  endfacet
  facet normal -0.5090417873703486 -0.8607418072283934 0
    outer loop
      vertex -28.666732788085938 -45.17154312133789 0
      vertex -25.773820877075195 -46.882408142089844 52
      vertex -28.666732788085938 -45.17154312133789 52
    endloop
  endfacet
  facet normal -0.5090417873703486 -0.8607418072283934 0
    outer loop
      vertex -25.773820877075195 -46.882408142089844 52
      vertex -28.666732788085938 -45.17154312133789 0
      vertex -25.773820877075195 -46.882408142089844 0
    endloop
  endfacet
  facet normal -0.9955620123552883 0.09410780815154922 0
    outer loop
      vertex -53.39442825317383 3.3592920303344727 0
      vertex -53.0781364440918 6.705327987670898 52
      vertex -53.0781364440918 6.705327987670898 0
    endloop
  endfacet
  facet normal -0.9955620123552883 0.09410780815154922 0
    outer loop
      vertex -53.0781364440918 6.705327987670898 52
      vertex -53.39442825317383 3.3592920303344727 0
      vertex -53.39442825317383 3.3592920303344727 52
    endloop
  endfacet
  facet normal -0.9759167226834508 -0.21814341701456996 0
    outer loop
      vertex -51.81919860839844 -13.304908752441406 0
      vertex -52.5523681640625 -10.02489948272705 52
      vertex -52.5523681640625 -10.02489948272705 0
    endloop
  endfacet
  facet normal -0.9759167226834508 -0.21814341701456996 0
    outer loop
      vertex -52.5523681640625 -10.02489948272705 52
      vertex -51.81919860839844 -13.304908752441406 0
      vertex -51.81919860839844 -13.304908752441406 52
    endloop
  endfacet
  facet normal -0.9759167226834508 0.21814341701456996 0
    outer loop
      vertex -52.5523681640625 10.02489948272705 0
      vertex -51.81919860839844 13.304908752441406 52
      vertex -51.81919860839844 13.304908752441406 0
    endloop
  endfacet
  facet normal -0.9759167226834508 0.21814341701456996 0
    outer loop
      vertex -51.81919860839844 13.304908752441406 52
      vertex -52.5523681640625 10.02489948272705 0
      vertex -52.5523681640625 10.02489948272705 52
    endloop
  endfacet
  facet normal -0.5620830922753693 0.8270807683522564 0
    outer loop
      vertex -28.666732788085938 45.17154312133789 0
      vertex -31.446510314941406 43.28240966796875 52
      vertex -28.666732788085938 45.17154312133789 52
    endloop
  endfacet
  facet normal -0.5620830922753693 0.8270807683522564 0
    outer loop
      vertex -31.446510314941406 43.28240966796875 52
      vertex -28.666732788085938 45.17154312133789 0
      vertex -31.446510314941406 43.28240966796875 0
    endloop
  endfacet
  facet normal -0.3387377954897328 -0.9408808138689809 0
    outer loop
      vertex -19.694664001464844 -49.7430419921875 0
      vertex -16.53240966796875 -50.88152313232422 52
      vertex -19.694664001464844 -49.7430419921875 52
    endloop
  endfacet
  facet normal -0.3387377954897328 -0.9408808138689809 0
    outer loop
      vertex -16.53240966796875 -50.88152313232422 52
      vertex -19.694664001464844 -49.7430419921875 0
      vertex -16.53240966796875 -50.88152313232422 0
    endloop
  endfacet
  facet normal -0.6129070327284921 -0.7901550286063838 0
    outer loop
      vertex -34.1021842956543 -41.22245788574219 0
      vertex -31.446510314941406 -43.28240966796875 52
      vertex -34.1021842956543 -41.22245788574219 52
    endloop
  endfacet
  facet normal -0.6129070327284921 -0.7901550286063838 0
    outer loop
      vertex -31.446510314941406 -43.28240966796875 52
      vertex -34.1021842956543 -41.22245788574219 0
      vertex -31.446510314941406 -43.28240966796875 0
    endloop
  endfacet
  facet normal -0.9408808138689809 0.3387377954897328 0
    outer loop
      vertex -50.88152313232422 16.53240966796875 0
      vertex -49.7430419921875 19.694664001464844 52
      vertex -49.7430419921875 19.694664001464844 0
    endloop
  endfacet
  facet normal -0.9408808138689809 0.3387377954897328 0
    outer loop
      vertex -49.7430419921875 19.694664001464844 52
      vertex -50.88152313232422 16.53240966796875 0
      vertex -50.88152313232422 16.53240966796875 52
    endloop
  endfacet
  facet normal -0.21814341701456996 0.9759167226834508 0
    outer loop
      vertex -10.02489948272705 52.5523681640625 0
      vertex -13.304908752441406 51.81919860839844 52
      vertex -10.02489948272705 52.5523681640625 52
    endloop
  endfacet
  facet normal -0.21814341701456996 0.9759167226834508 0
    outer loop
      vertex -13.304908752441406 51.81919860839844 52
      vertex -10.02489948272705 52.5523681640625 0
      vertex -13.304908752441406 51.81919860839844 0
    endloop
  endfacet
  facet normal -0.9177547725875824 0.39714755116041534 0
    outer loop
      vertex -49.7430419921875 19.694664001464844 0
      vertex -48.40824890136719 22.779191970825195 52
      vertex -48.40824890136719 22.779191970825195 0
    endloop
  endfacet
  facet normal -0.9177547725875824 0.39714755116041534 0
    outer loop
      vertex -48.40824890136719 22.779191970825195 52
      vertex -49.7430419921875 19.694664001464844 0
      vertex -49.7430419921875 19.694664001464844 52
    endloop
  endfacet
  facet normal -0.9995065440954621 -0.031411276802226065 0
    outer loop
      vertex -53.39442825317383 -3.3592920303344727 0
      vertex -53.5 0 52
      vertex -53.5 0 0
    endloop
  endfacet
  facet normal -0.9995065440954621 -0.031411276802226065 0
    outer loop
      vertex -53.5 0 52
      vertex -53.39442825317383 -3.3592920303344727 0
      vertex -53.39442825317383 -3.3592920303344727 52
    endloop
  endfacet
  facet normal -0.8270807683522564 0.5620830922753693 0
    outer loop
      vertex -45.17154312133789 28.666732788085938 0
      vertex -43.28240966796875 31.446510314941406 52
      vertex -43.28240966796875 31.446510314941406 0
    endloop
  endfacet
  facet normal -0.8270807683522564 0.5620830922753693 0
    outer loop
      vertex -43.28240966796875 31.446510314941406 52
      vertex -45.17154312133789 28.666732788085938 0
      vertex -45.17154312133789 28.666732788085938 52
    endloop
  endfacet
  facet normal -0.5620830922753693 -0.8270807683522564 0
    outer loop
      vertex -31.446510314941406 -43.28240966796875 0
      vertex -28.666732788085938 -45.17154312133789 52
      vertex -31.446510314941406 -43.28240966796875 52
    endloop
  endfacet
  facet normal -0.5620830922753693 -0.8270807683522564 0
    outer loop
      vertex -28.666732788085938 -45.17154312133789 52
      vertex -31.446510314941406 -43.28240966796875 0
      vertex -28.666732788085938 -45.17154312133789 0
    endloop
  endfacet
  facet normal -0.6129070327284921 0.7901550286063838 0
    outer loop
      vertex -31.446510314941406 43.28240966796875 0
      vertex -34.1021842956543 41.22245788574219 52
      vertex -31.446510314941406 43.28240966796875 52
    endloop
  endfacet
  facet normal -0.6129070327284921 0.7901550286063838 0
    outer loop
      vertex -34.1021842956543 41.22245788574219 52
      vertex -31.446510314941406 43.28240966796875 0
      vertex -34.1021842956543 41.22245788574219 0
    endloop
  endfacet
  facet normal -0.8910063894202517 -0.4539907642367704 0
    outer loop
      vertex -46.882408142089844 -25.773820877075195 0
      vertex -48.40824890136719 -22.779191970825195 52
      vertex -48.40824890136719 -22.779191970825195 0
    endloop
  endfacet
  facet normal -0.8910063894202517 -0.4539907642367704 0
    outer loop
      vertex -48.40824890136719 -22.779191970825195 52
      vertex -46.882408142089844 -25.773820877075195 0
      vertex -46.882408142089844 -25.773820877075195 52
    endloop
  endfacet
  facet normal -0.2789910456728903 0.9602937032149836 0
    outer loop
      vertex -13.304908752441406 51.81919860839844 0
      vertex -16.53240966796875 50.88152313232422 52
      vertex -13.304908752441406 51.81919860839844 52
    endloop
  endfacet
  facet normal -0.2789910456728903 0.9602937032149836 0
    outer loop
      vertex -16.53240966796875 50.88152313232422 52
      vertex -13.304908752441406 51.81919860839844 0
      vertex -16.53240966796875 50.88152313232422 0
    endloop
  endfacet
  facet normal -0.09410780815154922 0.9955620123552883 0
    outer loop
      vertex -3.3592920303344727 53.39442825317383 0
      vertex -6.705327987670898 53.0781364440918 52
      vertex -3.3592920303344727 53.39442825317383 52
    endloop
  endfacet
  facet normal -0.09410780815154922 0.9955620123552883 0
    outer loop
      vertex -6.705327987670898 53.0781364440918 52
      vertex -3.3592920303344727 53.39442825317383 0
      vertex -6.705327987670898 53.0781364440918 0
    endloop
  endfacet
  facet normal -0.03141183058035051 -0.9995065266918428 0
    outer loop
      vertex -3.3592920303344727 -53.39442825317383 0
      vertex -1 -53.46857452392578 52
      vertex -3.3592920303344727 -53.39442825317383 52
    endloop
  endfacet
  facet normal -0.03141183058035051 -0.9995065266918428 0
    outer loop
      vertex -1 -53.46857452392578 52
      vertex -3.3592920303344727 -53.39442825317383 0
      vertex -1 -53.46857452392578 0
    endloop
  endfacet
  facet normal -0.9602937032149836 0.2789910456728903 0
    outer loop
      vertex -51.81919860839844 13.304908752441406 0
      vertex -50.88152313232422 16.53240966796875 52
      vertex -50.88152313232422 16.53240966796875 0
    endloop
  endfacet
  facet normal -0.9602937032149836 0.2789910456728903 0
    outer loop
      vertex -50.88152313232422 16.53240966796875 52
      vertex -51.81919860839844 13.304908752441406 0
      vertex -51.81919860839844 13.304908752441406 52
    endloop
  endfacet
  facet normal -0.750110656734345 -0.6613123336620675 0
    outer loop
      vertex -38.999820709228516 -36.623268127441406 0
      vertex -41.22245788574219 -34.1021842956543 52
      vertex -41.22245788574219 -34.1021842956543 0
    endloop
  endfacet
  facet normal -0.750110656734345 -0.6613123336620675 0
    outer loop
      vertex -41.22245788574219 -34.1021842956543 52
      vertex -38.999820709228516 -36.623268127441406 0
      vertex -38.999820709228516 -36.623268127441406 52
    endloop
  endfacet
  facet normal -0.9408808138689809 -0.3387377954897328 0
    outer loop
      vertex -49.7430419921875 -19.694664001464844 0
      vertex -50.88152313232422 -16.53240966796875 52
      vertex -50.88152313232422 -16.53240966796875 0
    endloop
  endfacet
  facet normal -0.9408808138689809 -0.3387377954897328 0
    outer loop
      vertex -50.88152313232422 -16.53240966796875 52
      vertex -49.7430419921875 -19.694664001464844 0
      vertex -49.7430419921875 -19.694664001464844 52
    endloop
  endfacet
  facet normal -0.9177547725875824 -0.39714755116041534 0
    outer loop
      vertex -48.40824890136719 -22.779191970825195 0
      vertex -49.7430419921875 -19.694664001464844 52
      vertex -49.7430419921875 -19.694664001464844 0
    endloop
  endfacet
  facet normal -0.9177547725875824 -0.39714755116041534 0
    outer loop
      vertex -49.7430419921875 -19.694664001464844 52
      vertex -48.40824890136719 -22.779191970825195 0
      vertex -48.40824890136719 -22.779191970825195 52
    endloop
  endfacet
  facet normal 0 0 1
    outer loop
      vertex -3.3592920303344727 53.39442825317383 52
      vertex -1 -53.46857452392578 52
      vertex -1 53.46857452392578 52
    endloop
  endfacet
  facet normal 0 0 1
    outer loop
      vertex -3.3592920303344727 53.39442825317383 52
      vertex -3.3592920303344727 -53.39442825317383 52
      vertex -1 -53.46857452392578 52
    endloop
  endfacet
  facet normal 0 0 1
    outer loop
      vertex -6.705327987670898 53.0781364440918 52
      vertex -3.3592920303344727 -53.39442825317383 52
      vertex -3.3592920303344727 53.39442825317383 52
    endloop
  endfacet
  facet normal 0 0 1
    outer loop
      vertex -6.705327987670898 53.0781364440918 52
      vertex -6.705327987670898 -53.0781364440918 52
      vertex -3.3592920303344727 -53.39442825317383 52
    endloop
  endfacet
  facet normal 0 0 1
    outer loop
      vertex -10.02489948272705 52.5523681640625 52
      vertex -6.705327987670898 -53.0781364440918 52
      vertex -6.705327987670898 53.0781364440918 52
    endloop
  endfacet
  facet normal 0 0 1
    outer loop
      vertex -10.02489948272705 52.5523681640625 52
      vertex -10.02489948272705 -52.5523681640625 52
      vertex -6.705327987670898 -53.0781364440918 52
    endloop
  endfacet
  facet normal 0 0 1
    outer loop
      vertex -13.304908752441406 51.81919860839844 52
      vertex -10.02489948272705 -52.5523681640625 52
      vertex -10.02489948272705 52.5523681640625 52
    endloop
  endfacet
  facet normal 0 0 1
    outer loop
      vertex -13.304908752441406 51.81919860839844 52
      vertex -13.304908752441406 -51.81919860839844 52
      vertex -10.02489948272705 -52.5523681640625 52
    endloop
  endfacet
  facet normal 0 0 1
    outer loop
      vertex -16.53240966796875 50.88152313232422 52
      vertex -13.304908752441406 -51.81919860839844 52
      vertex -13.304908752441406 51.81919860839844 52
    endloop
  endfacet
  facet normal 0 0 1
    outer loop
      vertex -16.53240966796875 50.88152313232422 52
      vertex -16.53240966796875 -50.88152313232422 52
      vertex -13.304908752441406 -51.81919860839844 52
    endloop
  endfacet
  facet normal 0 0 1
    outer loop
      vertex -19.694664001464844 49.7430419921875 52
      vertex -16.53240966796875 -50.88152313232422 52
      vertex -16.53240966796875 50.88152313232422 52
    endloop
  endfacet
  facet normal 0 0 1
    outer loop
      vertex -19.694664001464844 49.7430419921875 52
      vertex -19.694664001464844 -49.7430419921875 52
      vertex -16.53240966796875 -50.88152313232422 52
    endloop
  endfacet
  facet normal 0 0 1
    outer loop
      vertex -22.779191970825195 48.40824890136719 52
      vertex -19.694664001464844 -49.7430419921875 52
      vertex -19.694664001464844 49.7430419921875 52
    endloop
  endfacet
  facet normal 0 0 1
    outer loop
      vertex -22.779191970825195 48.40824890136719 52
      vertex -22.779191970825195 -48.40824890136719 52
      vertex -19.694664001464844 -49.7430419921875 52
    endloop
  endfacet
  facet normal 0 0 1
    outer loop
      vertex -25.773820877075195 46.882408142089844 52
      vertex -22.779191970825195 -48.40824890136719 52
      vertex -22.779191970825195 48.40824890136719 52
    endloop
  endfacet
  facet normal 0 0 1
    outer loop
      vertex -25.773820877075195 46.882408142089844 52
      vertex -25.773820877075195 -46.882408142089844 52
      vertex -22.779191970825195 -48.40824890136719 52
    endloop
  endfacet
  facet normal 0 0 1
    outer loop
      vertex -28.666732788085938 45.17154312133789 52
      vertex -25.773820877075195 -46.882408142089844 52
      vertex -25.773820877075195 46.882408142089844 52
    endloop
  endfacet
  facet normal 0 0 1
    outer loop
      vertex -28.666732788085938 45.17154312133789 52
      vertex -28.666732788085938 -45.17154312133789 52
      vertex -25.773820877075195 -46.882408142089844 52
    endloop
  endfacet
  facet normal 0 0 1
    outer loop
      vertex -31.446510314941406 43.28240966796875 52
      vertex -28.666732788085938 -45.17154312133789 52
      vertex -28.666732788085938 45.17154312133789 52
    endloop
  endfacet
  facet normal 0 0 1
    outer loop
      vertex -31.446510314941406 43.28240966796875 52
      vertex -31.446510314941406 -43.28240966796875 52
      vertex -28.666732788085938 -45.17154312133789 52
    endloop
  endfacet
  facet normal 0 0 1
    outer loop
      vertex -34.1021842956543 41.22245788574219 52
      vertex -31.446510314941406 -43.28240966796875 52
      vertex -31.446510314941406 43.28240966796875 52
    endloop
  endfacet
  facet normal 0 0 1
    outer loop
      vertex -34.1021842956543 41.22245788574219 52
      vertex -34.1021842956543 -41.22245788574219 52
      vertex -31.446510314941406 -43.28240966796875 52
    endloop
  endfacet
  facet normal 0 0 1
    outer loop
      vertex -36.623268127441406 38.999820709228516 52
      vertex -34.1021842956543 -41.22245788574219 52
      vertex -34.1021842956543 41.22245788574219 52
    endloop
  endfacet
  facet normal 0 0 1
    outer loop
      vertex -36.623268127441406 38.999820709228516 52
      vertex -36.623268127441406 -38.999820709228516 52
      vertex -34.1021842956543 -41.22245788574219 52
    endloop
  endfacet
  facet normal 0 0 1
    outer loop
      vertex -38.999820709228516 36.623268127441406 52
      vertex -36.623268127441406 -38.999820709228516 52
      vertex -36.623268127441406 38.999820709228516 52
    endloop
  endfacet
  facet normal 0 0 1
    outer loop
      vertex -38.999820709228516 36.623268127441406 52
      vertex -38.999820709228516 -36.623268127441406 52
      vertex -36.623268127441406 -38.999820709228516 52
    endloop
  endfacet
  facet normal 0 0 1
    outer loop
      vertex -41.22245788574219 34.1021842956543 52
      vertex -38.999820709228516 -36.623268127441406 52
      vertex -38.999820709228516 36.623268127441406 52
    endloop
  endfacet
  facet normal 0 0 1
    outer loop
      vertex -41.22245788574219 34.1021842956543 52
      vertex -41.22245788574219 -34.1021842956543 52
      vertex -38.999820709228516 -36.623268127441406 52
    endloop
  endfacet
  facet normal 0 0 1
    outer loop
      vertex -43.28240966796875 31.446510314941406 52
      vertex -41.22245788574219 -34.1021842956543 52
      vertex -41.22245788574219 34.1021842956543 52
    endloop
  endfacet
  facet normal 0 0 1
    outer loop
      vertex -43.28240966796875 31.446510314941406 52
      vertex -43.28240966796875 -31.446510314941406 52
      vertex -41.22245788574219 -34.1021842956543 52
    endloop
  endfacet
  facet normal 0 0 1
    outer loop
      vertex -45.17154312133789 28.666732788085938 52
      vertex -43.28240966796875 -31.446510314941406 52
      vertex -43.28240966796875 31.446510314941406 52
    endloop
  endfacet
  facet normal 0 0 1
    outer loop
      vertex -45.17154312133789 28.666732788085938 52
      vertex -45.17154312133789 -28.666732788085938 52
      vertex -43.28240966796875 -31.446510314941406 52
    endloop
  endfacet
  facet normal 0 0 1
    outer loop
      vertex -46.882408142089844 25.773820877075195 52
      vertex -45.17154312133789 -28.666732788085938 52
      vertex -45.17154312133789 28.666732788085938 52
    endloop
  endfacet
  facet normal 0 0 1
    outer loop
      vertex -46.882408142089844 25.773820877075195 52
      vertex -46.882408142089844 -25.773820877075195 52
      vertex -45.17154312133789 -28.666732788085938 52
    endloop
  endfacet
  facet normal 0 0 1
    outer loop
      vertex -48.40824890136719 22.779191970825195 52
      vertex -46.882408142089844 -25.773820877075195 52
      vertex -46.882408142089844 25.773820877075195 52
    endloop
  endfacet
  facet normal 0 0 1
    outer loop
      vertex -48.40824890136719 22.779191970825195 52
      vertex -48.40824890136719 -22.779191970825195 52
      vertex -46.882408142089844 -25.773820877075195 52
    endloop
  endfacet
  facet normal 0 0 1
    outer loop
      vertex -49.7430419921875 19.694664001464844 52
      vertex -48.40824890136719 -22.779191970825195 52
      vertex -48.40824890136719 22.779191970825195 52
    endloop
  endfacet
  facet normal 0 0 1
    outer loop
      vertex -49.7430419921875 19.694664001464844 52
      vertex -49.7430419921875 -19.694664001464844 52
      vertex -48.40824890136719 -22.779191970825195 52
    endloop
  endfacet
  facet normal 0 0 1
    outer loop
      vertex -50.88152313232422 16.53240966796875 52
      vertex -49.7430419921875 -19.694664001464844 52
      vertex -49.7430419921875 19.694664001464844 52
    endloop
  endfacet
  facet normal 0 0 1
    outer loop
      vertex -50.88152313232422 16.53240966796875 52
      vertex -50.88152313232422 -16.53240966796875 52
      vertex -49.7430419921875 -19.694664001464844 52
    endloop
  endfacet
  facet normal 0 0 1
    outer loop
      vertex -51.81919860839844 13.304908752441406 52
      vertex -50.88152313232422 -16.53240966796875 52
      vertex -50.88152313232422 16.53240966796875 52
    endloop
  endfacet
  facet normal 0 0 1
    outer loop
      vertex -51.81919860839844 13.304908752441406 52
      vertex -51.81919860839844 -13.304908752441406 52
      vertex -50.88152313232422 -16.53240966796875 52
    endloop
  endfacet
  facet normal 0 0 1
    outer loop
      vertex -52.5523681640625 10.02489948272705 52
      vertex -51.81919860839844 -13.304908752441406 52
      vertex -51.81919860839844 13.304908752441406 52
    endloop
  endfacet
  facet normal 0 0 1
    outer loop
      vertex -52.5523681640625 10.02489948272705 52
      vertex -52.5523681640625 -10.02489948272705 52
      vertex -51.81919860839844 -13.304908752441406 52
    endloop
  endfacet
  facet normal 0 0 1
    outer loop
      vertex -53.0781364440918 6.705327987670898 52
      vertex -52.5523681640625 -10.02489948272705 52
      vertex -52.5523681640625 10.02489948272705 52
    endloop
  endfacet
  facet normal 0 0 1
    outer loop
      vertex -53.0781364440918 6.705327987670898 52
      vertex -53.0781364440918 -6.705327987670898 52
      vertex -52.5523681640625 -10.02489948272705 52
    endloop
  endfacet
  facet normal 0 0 1
    outer loop
      vertex -53.39442825317383 3.3592920303344727 52
      vertex -53.0781364440918 -6.705327987670898 52
      vertex -53.0781364440918 6.705327987670898 52
    endloop
  endfacet
  facet normal 0 0 1
    outer loop
      vertex -53.39442825317383 3.3592920303344727 52
      vertex -53.39442825317383 -3.3592920303344727 52
      vertex -53.0781364440918 -6.705327987670898 52
    endloop
  endfacet
  facet normal 0 0 1
    outer loop
      vertex -53.39442825317383 -3.3592920303344727 52
      vertex -53.39442825317383 3.3592920303344727 52
      vertex -53.5 0 52
    endloop
  endfacet
  facet normal -0.39714755116041534 -0.9177547725875824 0
    outer loop
      vertex -22.779191970825195 -48.40824890136719 0
      vertex -19.694664001464844 -49.7430419921875 52
      vertex -22.779191970825195 -48.40824890136719 52
    endloop
  endfacet
  facet normal -0.39714755116041534 -0.9177547725875824 0
    outer loop
      vertex -19.694664001464844 -49.7430419921875 52
      vertex -22.779191970825195 -48.40824890136719 0
      vertex -19.694664001464844 -49.7430419921875 0
    endloop
  endfacet
  facet normal -0.7071067811865475 -0.7071067811865475 0
    outer loop
      vertex -36.623268127441406 -38.999820709228516 0
      vertex -38.999820709228516 -36.623268127441406 52
      vertex -38.999820709228516 -36.623268127441406 0
    endloop
  endfacet
  facet normal -0.7071067811865475 -0.7071067811865475 0
    outer loop
      vertex -38.999820709228516 -36.623268127441406 52
      vertex -36.623268127441406 -38.999820709228516 0
      vertex -36.623268127441406 -38.999820709228516 52
    endloop
  endfacet
  facet normal 0 0 -1
    outer loop
      vertex -3.3592920303344727 -53.39442825317383 0
      vertex -1 53.46857452392578 0
      vertex -1 -53.46857452392578 0
    endloop
  endfacet
  facet normal 0 0 -1
    outer loop
      vertex -3.3592920303344727 -53.39442825317383 0
      vertex -3.3592920303344727 53.39442825317383 0
      vertex -1 53.46857452392578 0
    endloop
  endfacet
  facet normal 0 0 -1
    outer loop
      vertex -6.705327987670898 -53.0781364440918 0
      vertex -3.3592920303344727 53.39442825317383 0
      vertex -3.3592920303344727 -53.39442825317383 0
    endloop
  endfacet
  facet normal 0 0 -1
    outer loop
      vertex -6.705327987670898 -53.0781364440918 0
      vertex -6.705327987670898 53.0781364440918 0
      vertex -3.3592920303344727 53.39442825317383 0
    endloop
  endfacet
  facet normal 0 0 -1
    outer loop
      vertex -10.02489948272705 -52.5523681640625 0
      vertex -6.705327987670898 53.0781364440918 0
      vertex -6.705327987670898 -53.0781364440918 0
    endloop
  endfacet
  facet normal 0 0 -1
    outer loop
      vertex -10.02489948272705 -52.5523681640625 0
      vertex -10.02489948272705 52.5523681640625 0
      vertex -6.705327987670898 53.0781364440918 0
    endloop
  endfacet
  facet normal 0 0 -1
    outer loop
      vertex -13.304908752441406 -51.81919860839844 0
      vertex -10.02489948272705 52.5523681640625 0
      vertex -10.02489948272705 -52.5523681640625 0
    endloop
  endfacet
  facet normal 0 0 -1
    outer loop
      vertex -13.304908752441406 -51.81919860839844 0
      vertex -13.304908752441406 51.81919860839844 0
      vertex -10.02489948272705 52.5523681640625 0
    endloop
  endfacet
  facet normal 0 0 -1
    outer loop
      vertex -16.53240966796875 -50.88152313232422 0
      vertex -13.304908752441406 51.81919860839844 0
      vertex -13.304908752441406 -51.81919860839844 0
    endloop
  endfacet
  facet normal 0 0 -1
    outer loop
      vertex -16.53240966796875 -50.88152313232422 0
      vertex -16.53240966796875 50.88152313232422 0
      vertex -13.304908752441406 51.81919860839844 0
    endloop
  endfacet
  facet normal 0 0 -1
    outer loop
      vertex -19.694664001464844 -49.7430419921875 0
      vertex -16.53240966796875 50.88152313232422 0
      vertex -16.53240966796875 -50.88152313232422 0
    endloop
  endfacet
  facet normal 0 0 -1
    outer loop
      vertex -19.694664001464844 -49.7430419921875 0
      vertex -19.694664001464844 49.7430419921875 0
      vertex -16.53240966796875 50.88152313232422 0
    endloop
  endfacet
  facet normal 0 0 -1
    outer loop
      vertex -22.779191970825195 -48.40824890136719 0
      vertex -19.694664001464844 49.7430419921875 0
      vertex -19.694664001464844 -49.7430419921875 0
    endloop
  endfacet
  facet normal 0 0 -1
    outer loop
      vertex -22.779191970825195 -48.40824890136719 0
      vertex -22.779191970825195 48.40824890136719 0
      vertex -19.694664001464844 49.7430419921875 0
    endloop
  endfacet
  facet normal 0 0 -1
    outer loop
      vertex -25.773820877075195 -46.882408142089844 0
      vertex -22.779191970825195 48.40824890136719 0
      vertex -22.779191970825195 -48.40824890136719 0
    endloop
  endfacet
  facet normal 0 0 -1
    outer loop
      vertex -25.773820877075195 -46.882408142089844 0
      vertex -25.773820877075195 46.882408142089844 0
      vertex -22.779191970825195 48.40824890136719 0
    endloop
  endfacet
  facet normal 0 0 -1
    outer loop
      vertex -28.666732788085938 -45.17154312133789 0
      vertex -25.773820877075195 46.882408142089844 0
      vertex -25.773820877075195 -46.882408142089844 0
    endloop
  endfacet
  facet normal 0 0 -1
    outer loop
      vertex -28.666732788085938 -45.17154312133789 0
      vertex -28.666732788085938 45.17154312133789 0
      vertex -25.773820877075195 46.882408142089844 0
    endloop
  endfacet
  facet normal 0 0 -1
    outer loop
      vertex -31.446510314941406 -43.28240966796875 0
      vertex -28.666732788085938 45.17154312133789 0
      vertex -28.666732788085938 -45.17154312133789 0
    endloop
  endfacet
  facet normal 0 0 -1
    outer loop
      vertex -31.446510314941406 -43.28240966796875 0
      vertex -31.446510314941406 43.28240966796875 0
      vertex -28.666732788085938 45.17154312133789 0
    endloop
  endfacet
  facet normal 0 0 -1
    outer loop
      vertex -34.1021842956543 -41.22245788574219 0
      vertex -31.446510314941406 43.28240966796875 0
      vertex -31.446510314941406 -43.28240966796875 0
    endloop
  endfacet
  facet normal 0 0 -1
    outer loop
      vertex -34.1021842956543 -41.22245788574219 0
      vertex -34.1021842956543 41.22245788574219 0
      vertex -31.446510314941406 43.28240966796875 0
    endloop
  endfacet
  facet normal 0 0 -1
    outer loop
      vertex -36.623268127441406 -38.999820709228516 0
      vertex -34.1021842956543 41.22245788574219 0
      vertex -34.1021842956543 -41.22245788574219 0
    endloop
  endfacet
  facet normal 0 0 -1
    outer loop
      vertex -36.623268127441406 -38.999820709228516 0
      vertex -36.623268127441406 38.999820709228516 0
      vertex -34.1021842956543 41.22245788574219 0
    endloop
  endfacet
  facet normal 0 0 -1
    outer loop
      vertex -38.999820709228516 -36.623268127441406 0
      vertex -36.623268127441406 38.999820709228516 0
      vertex -36.623268127441406 -38.999820709228516 0
    endloop
  endfacet
  facet normal 0 0 -1
    outer loop
      vertex -38.999820709228516 -36.623268127441406 0
      vertex -38.999820709228516 36.623268127441406 0
      vertex -36.623268127441406 38.999820709228516 0
    endloop
  endfacet
  facet normal 0 0 -1
    outer loop
      vertex -41.22245788574219 -34.1021842956543 0
      vertex -38.999820709228516 36.623268127441406 0
      vertex -38.999820709228516 -36.623268127441406 0
    endloop
  endfacet
  facet normal 0 0 -1
    outer loop
      vertex -41.22245788574219 -34.1021842956543 0
      vertex -41.22245788574219 34.1021842956543 0
      vertex -38.999820709228516 36.623268127441406 0
    endloop
  endfacet
  facet normal 0 0 -1
    outer loop
      vertex -43.28240966796875 -31.446510314941406 0
      vertex -41.22245788574219 34.1021842956543 0
      vertex -41.22245788574219 -34.1021842956543 0
    endloop
  endfacet
  facet normal 0 0 -1
    outer loop
      vertex -43.28240966796875 -31.446510314941406 0
      vertex -43.28240966796875 31.446510314941406 0
      vertex -41.22245788574219 34.1021842956543 0
    endloop
  endfacet
  facet normal 0 0 -1
    outer loop
      vertex -45.17154312133789 -28.666732788085938 0
      vertex -43.28240966796875 31.446510314941406 0
      vertex -43.28240966796875 -31.446510314941406 0
    endloop
  endfacet
  facet normal 0 0 -1
    outer loop
      vertex -45.17154312133789 -28.666732788085938 0
      vertex -45.17154312133789 28.666732788085938 0
      vertex -43.28240966796875 31.446510314941406 0
    endloop
  endfacet
  facet normal 0 0 -1
    outer loop
      vertex -46.882408142089844 -25.773820877075195 0
      vertex -45.17154312133789 28.666732788085938 0
      vertex -45.17154312133789 -28.666732788085938 0
    endloop
  endfacet
  facet normal 0 0 -1
    outer loop
      vertex -46.882408142089844 -25.773820877075195 0
      vertex -46.882408142089844 25.773820877075195 0
      vertex -45.17154312133789 28.666732788085938 0
    endloop
  endfacet
  facet normal 0 0 -1
    outer loop
      vertex -48.40824890136719 -22.779191970825195 0
      vertex -46.882408142089844 25.773820877075195 0
      vertex -46.882408142089844 -25.773820877075195 0
    endloop
  endfacet
  facet normal 0 0 -1
    outer loop
      vertex -48.40824890136719 -22.779191970825195 0
      vertex -48.40824890136719 22.779191970825195 0
      vertex -46.882408142089844 25.773820877075195 0
    endloop
  endfacet
  facet normal 0 0 -1
    outer loop
      vertex -49.7430419921875 -19.694664001464844 0
      vertex -48.40824890136719 22.779191970825195 0
      vertex -48.40824890136719 -22.779191970825195 0
    endloop
  endfacet
  facet normal 0 0 -1
    outer loop
      vertex -49.7430419921875 -19.694664001464844 0
      vertex -49.7430419921875 19.694664001464844 0
      vertex -48.40824890136719 22.779191970825195 0
    endloop
  endfacet
  facet normal 0 0 -1
    outer loop
      vertex -50.88152313232422 -16.53240966796875 0
      vertex -49.7430419921875 19.694664001464844 0
      vertex -49.7430419921875 -19.694664001464844 0
    endloop
  endfacet
  facet normal 0 0 -1
    outer loop
      vertex -50.88152313232422 -16.53240966796875 0
      vertex -50.88152313232422 16.53240966796875 0
      vertex -49.7430419921875 19.694664001464844 0
    endloop
  endfacet
  facet normal 0 0 -1
    outer loop
      vertex -51.81919860839844 -13.304908752441406 0
      vertex -50.88152313232422 16.53240966796875 0
      vertex -50.88152313232422 -16.53240966796875 0
    endloop
  endfacet
  facet normal 0 0 -1
    outer loop
      vertex -51.81919860839844 -13.304908752441406 0
      vertex -51.81919860839844 13.304908752441406 0
      vertex -50.88152313232422 16.53240966796875 0
    endloop
  endfacet
  facet normal 0 0 -1
    outer loop
      vertex -52.5523681640625 -10.02489948272705 0
      vertex -51.81919860839844 13.304908752441406 0
      vertex -51.81919860839844 -13.304908752441406 0
    endloop
  endfacet
  facet normal 0 0 -1
    outer loop
      vertex -52.5523681640625 -10.02489948272705 0
      vertex -52.5523681640625 10.02489948272705 0
      vertex -51.81919860839844 13.304908752441406 0
    endloop
  endfacet
  facet normal 0 0 -1
    outer loop
      vertex -53.0781364440918 -6.705327987670898 0
      vertex -52.5523681640625 10.02489948272705 0
      vertex -52.5523681640625 -10.02489948272705 0
    endloop
  endfacet
  facet normal 0 0 -1
    outer loop
      vertex -53.0781364440918 -6.705327987670898 0
      vertex -53.0781364440918 6.705327987670898 0
      vertex -52.5523681640625 10.02489948272705 0
    endloop
  endfacet
  facet normal 0 0 -1
    outer loop
      vertex -53.39442825317383 -3.3592920303344727 0
      vertex -53.0781364440918 6.705327987670898 0
      vertex -53.0781364440918 -6.705327987670898 0
    endloop
  endfacet
  facet normal 0 0 -1
    outer loop
      vertex -53.39442825317383 -3.3592920303344727 0
      vertex -53.39442825317383 3.3592920303344727 0
      vertex -53.0781364440918 6.705327987670898 0
    endloop
  endfacet
  facet normal 0 0 -1
    outer loop
      vertex -53.39442825317383 3.3592920303344727 0
      vertex -53.39442825317383 -3.3592920303344727 0
      vertex -53.5 0 0
    endloop
  endfacet
  facet normal -0.3387377954897328 0.9408808138689809 0
    outer loop
      vertex -16.53240966796875 50.88152313232422 0
      vertex -19.694664001464844 49.7430419921875 52
      vertex -16.53240966796875 50.88152313232422 52
    endloop
  endfacet
  facet normal -0.3387377954897328 0.9408808138689809 0
    outer loop
      vertex -19.694664001464844 49.7430419921875 52
      vertex -16.53240966796875 50.88152313232422 0
      vertex -19.694664001464844 49.7430419921875 0
    endloop
  endfacet
  facet normal -0.8607418072283934 -0.5090417873703486 0
    outer loop
      vertex -45.17154312133789 -28.666732788085938 0
      vertex -46.882408142089844 -25.773820877075195 52
      vertex -46.882408142089844 -25.773820877075195 0
    endloop
  endfacet
  facet normal -0.8607418072283934 -0.5090417873703486 0
    outer loop
      vertex -46.882408142089844 -25.773820877075195 52
      vertex -45.17154312133789 -28.666732788085938 0
      vertex -45.17154312133789 -28.666732788085938 52
    endloop
  endfacet
  facet normal 0.9602939138291312 0.2789903207330483 0
    outer loop
      vertex -48.503883361816406 -15.759865760803223 48
      vertex -49.39773941040039 -12.683183670043945 4
      vertex -49.39773941040039 -12.683183670043945 48
    endloop
  endfacet
  facet normal 0.9602939138291312 0.2789903207330483 0
    outer loop
      vertex -49.39773941040039 -12.683183670043945 4
      vertex -48.503883361816406 -15.759865760803223 48
      vertex -48.503883361816406 -15.759865760803223 4
    endloop
  endfacet
  facet normal 0.2789903207330483 0.9602939138291312 0
    outer loop
      vertex -12.683183670043945 -49.39773941040039 4
      vertex -15.759865760803223 -48.503883361816406 48
      vertex -12.683183670043945 -49.39773941040039 48
    endloop
  endfacet
  facet normal 0.2789903207330483 0.9602939138291312 0
    outer loop
      vertex -15.759865760803223 -48.503883361816406 48
      vertex -12.683183670043945 -49.39773941040039 4
      vertex -15.759865760803223 -48.503883361816406 4
    endloop
  endfacet
  facet normal 0.4539909443462769 -0.8910062976497841 0
    outer loop
      vertex -24.56943702697754 44.6916389465332 4
      vertex -21.714744567871094 46.14617919921875 48
      vertex -24.56943702697754 44.6916389465332 48
    endloop
  endfacet
  facet normal 0.4539909443462769 -0.8910062976497841 0
    outer loop
      vertex -21.714744567871094 46.14617919921875 48
      vertex -24.56943702697754 44.6916389465332 4
      vertex -21.714744567871094 46.14617919921875 4
    endloop
  endfacet
  facet normal 0.9876884482125817 0.1564337855689186 0
    outer loop
      vertex -50.096649169921875 -9.55644702911377 48
      vertex -50.59784698486328 -6.391994476318359 4
      vertex -50.59784698486328 -6.391994476318359 48
    endloop
  endfacet
  facet normal 0.9876884482125817 0.1564337855689186 0
    outer loop
      vertex -50.59784698486328 -6.391994476318359 4
      vertex -50.096649169921875 -9.55644702911377 48
      vertex -50.096649169921875 -9.55644702911377 4
    endloop
  endfacet
  facet normal 0.7501116619699527 0.661311193445775 0
    outer loop
      vertex -37.177398681640625 -34.911903381347656 48
      vertex -39.296173095703125 -32.50862121582031 4
      vertex -39.296173095703125 -32.50862121582031 48
    endloop
  endfacet
  facet normal 0.7501116619699527 0.661311193445775 0
    outer loop
      vertex -39.296173095703125 -32.50862121582031 4
      vertex -37.177398681640625 -34.911903381347656 48
      vertex -37.177398681640625 -34.911903381347656 4
    endloop
  endfacet
  facet normal 0.09410840928442658 -0.9955619555316259 0
    outer loop
      vertex -6.391994476318359 50.59784698486328 4
      vertex -3.2023162841796875 50.89936065673828 48
      vertex -6.391994476318359 50.59784698486328 48
    endloop
  endfacet
  facet normal 0.09410840928442658 -0.9955619555316259 0
    outer loop
      vertex -3.2023162841796875 50.89936065673828 48
      vertex -6.391994476318359 50.59784698486328 4
      vertex -3.2023162841796875 50.89936065673828 4
    endloop
  endfacet
  facet normal 0.6129073334028209 0.7901547953793886 0
    outer loop
      vertex -29.977046966552734 -41.259864807128906 4
      vertex -32.50862121582031 -39.296173095703125 48
      vertex -29.977046966552734 -41.259864807128906 48
    endloop
  endfacet
  facet normal 0.6129073334028209 0.7901547953793886 0
    outer loop
      vertex -32.50862121582031 -39.296173095703125 48
      vertex -29.977046966552734 -41.259864807128906 4
      vertex -32.50862121582031 -39.296173095703125 4
    endloop
  endfacet
  facet normal 0.9955619555316259 0.09410840928442658 0
    outer loop
      vertex -50.59784698486328 -6.391994476318359 48
      vertex -50.89936065673828 -3.2023162841796875 4
      vertex -50.89936065673828 -3.2023162841796875 48
    endloop
  endfacet
  facet normal 0.9955619555316259 0.09410840928442658 0
    outer loop
      vertex -50.89936065673828 -3.2023162841796875 4
      vertex -50.59784698486328 -6.391994476318359 48
      vertex -50.59784698486328 -6.391994476318359 4
    endloop
  endfacet
  facet normal 0.7071067811865475 0.7071067811865475 0
    outer loop
      vertex -34.911903381347656 -37.177398681640625 48
      vertex -37.177398681640625 -34.911903381347656 4
      vertex -37.177398681640625 -34.911903381347656 48
    endloop
  endfacet
  facet normal 0.7071067811865475 0.7071067811865475 0
    outer loop
      vertex -37.177398681640625 -34.911903381347656 4
      vertex -34.911903381347656 -37.177398681640625 48
      vertex -34.911903381347656 -37.177398681640625 4
    endloop
  endfacet
  facet normal 0 0 1
    outer loop
      vertex -1 50.96857452392578 4
      vertex -2.888363838195801 45.90922927856445 4
      vertex -1 45.96857452392578 4
    endloop
  endfacet
  facet normal 0 0 1
    outer loop
      vertex -3.2023162841796875 50.89936065673828 4
      vertex -2.888363838195801 45.90922927856445 4
      vertex -1 50.96857452392578 4
    endloop
  endfacet
  facet normal 0 0 1
    outer loop
      vertex -3.2023162841796875 50.89936065673828 4
      vertex -5.765328407287598 45.63727569580078 4
      vertex -2.888363838195801 45.90922927856445 4
    endloop
  endfacet
  facet normal 0 0 1
    outer loop
      vertex -6.391994476318359 50.59784698486328 4
      vertex -5.765328407287598 45.63727569580078 4
      vertex -3.2023162841796875 50.89936065673828 4
    endloop
  endfacet
  facet normal 0 0 1
    outer loop
      vertex -6.391994476318359 50.59784698486328 4
      vertex -8.619540214538574 45.185211181640625 4
      vertex -5.765328407287598 45.63727569580078 4
    endloop
  endfacet
  facet normal 0 0 1
    outer loop
      vertex -9.55644702911377 50.096649169921875 4
      vertex -8.619540214538574 45.185211181640625 4
      vertex -6.391994476318359 50.59784698486328 4
    endloop
  endfacet
  facet normal 0 0 1
    outer loop
      vertex -9.55644702911377 50.096649169921875 4
      vertex -11.43973445892334 44.55482482910156 4
      vertex -8.619540214538574 45.185211181640625 4
    endloop
  endfacet
  facet normal 0 0 1
    outer loop
      vertex -12.683183670043945 49.39773941040039 4
      vertex -11.43973445892334 44.55482482910156 4
      vertex -9.55644702911377 50.096649169921875 4
    endloop
  endfacet
  facet normal 0 0 1
    outer loop
      vertex -12.683183670043945 49.39773941040039 4
      vertex -14.214780807495117 43.748600006103516 4
      vertex -11.43973445892334 44.55482482910156 4
    endloop
  endfacet
  facet normal 0 0 1
    outer loop
      vertex -15.759865760803223 48.503883361816406 4
      vertex -14.214780807495117 43.748600006103516 4
      vertex -12.683183670043945 49.39773941040039 4
    endloop
  endfacet
  facet normal 0 0 1
    outer loop
      vertex -15.759865760803223 48.503883361816406 4
      vertex -16.93372917175293 42.769718170166016 4
      vertex -14.214780807495117 43.748600006103516 4
    endloop
  endfacet
  facet normal 0 0 1
    outer loop
      vertex -18.77435302734375 47.418601989746094 4
      vertex -16.93372917175293 42.769718170166016 4
      vertex -15.759865760803223 48.503883361816406 4
    endloop
  endfacet
  facet normal 0 0 1
    outer loop
      vertex -18.77435302734375 47.418601989746094 4
      vertex -19.585845947265625 41.62204360961914 4
      vertex -16.93372917175293 42.769718170166016 4
    endloop
  endfacet
  facet normal 0 0 1
    outer loop
      vertex -21.714744567871094 46.14617919921875 4
      vertex -19.585845947265625 41.62204360961914 4
      vertex -18.77435302734375 47.418601989746094 4
    endloop
  endfacet
  facet normal 0 0 1
    outer loop
      vertex -21.714744567871094 46.14617919921875 4
      vertex -22.160667419433594 40.31010818481445 4
      vertex -19.585845947265625 41.62204360961914 4
    endloop
  endfacet
  facet normal 0 0 1
    outer loop
      vertex -24.56943702697754 44.6916389465332 4
      vertex -22.160667419433594 40.31010818481445 4
      vertex -21.714744567871094 46.14617919921875 4
    endloop
  endfacet
  facet normal 0 0 1
    outer loop
      vertex -24.56943702697754 44.6916389465332 4
      vertex -24.648033142089844 38.83908462524414 4
      vertex -22.160667419433594 40.31010818481445 4
    endloop
  endfacet
  facet normal 0 0 1
    outer loop
      vertex -27.327165603637695 43.06072235107422 4
      vertex -24.648033142089844 38.83908462524414 4
      vertex -24.56943702697754 44.6916389465332 4
    endloop
  endfacet
  facet normal 0 0 1
    outer loop
      vertex -24.648033142089844 38.83908462524414 4
      vertex -27.327165603637695 43.06072235107422 4
      vertex -27.03812026977539 37.21478271484375 4
    endloop
  endfacet
  facet normal 0 0 1
    outer loop
      vertex -29.977046966552734 41.259864807128906 4
      vertex -27.03812026977539 37.21478271484375 4
      vertex -27.327165603637695 43.06072235107422 4
    endloop
  endfacet
  facet normal 0 0 1
    outer loop
      vertex -27.03812026977539 37.21478271484375 4
      vertex -29.977046966552734 41.259864807128906 4
      vertex -29.321502685546875 35.443607330322266 4
    endloop
  endfacet
  facet normal 0 0 1
    outer loop
      vertex -32.50862121582031 39.296173095703125 4
      vertex -29.321502685546875 35.443607330322266 4
      vertex -29.977046966552734 41.259864807128906 4
    endloop
  endfacet
  facet normal 0 0 1
    outer loop
      vertex -29.321502685546875 35.443607330322266 4
      vertex -32.50862121582031 39.296173095703125 4
      vertex -31.489166259765625 33.532554626464844 4
    endloop
  endfacet
  facet normal 0 0 1
    outer loop
      vertex -34.911903381347656 37.177398681640625 4
      vertex -31.489166259765625 33.532554626464844 4
      vertex -32.50862121582031 39.296173095703125 4
    endloop
  endfacet
  facet normal 0 0 1
    outer loop
      vertex -31.489166259765625 33.532554626464844 4
      vertex -34.911903381347656 37.177398681640625 4
      vertex -33.532554626464844 31.489166259765625 4
    endloop
  endfacet
  facet normal 0 0 1
    outer loop
      vertex -37.177398681640625 34.911903381347656 4
      vertex -33.532554626464844 31.489166259765625 4
      vertex -34.911903381347656 37.177398681640625 4
    endloop
  endfacet
  facet normal 0 0 1
    outer loop
      vertex -33.532554626464844 31.489166259765625 4
      vertex -37.177398681640625 34.911903381347656 4
      vertex -35.443607330322266 29.321502685546875 4
    endloop
  endfacet
  facet normal 0 0 1
    outer loop
      vertex -39.296173095703125 32.50862121582031 4
      vertex -35.443607330322266 29.321502685546875 4
      vertex -37.177398681640625 34.911903381347656 4
    endloop
  endfacet
  facet normal 0 0 1
    outer loop
      vertex -35.443607330322266 29.321502685546875 4
      vertex -39.296173095703125 32.50862121582031 4
      vertex -37.21478271484375 27.03812026977539 4
    endloop
  endfacet
  facet normal 0 0 1
    outer loop
      vertex -41.259864807128906 29.977046966552734 4
      vertex -37.21478271484375 27.03812026977539 4
      vertex -39.296173095703125 32.50862121582031 4
    endloop
  endfacet
  facet normal 0 0 1
    outer loop
      vertex -37.21478271484375 27.03812026977539 4
      vertex -41.259864807128906 29.977046966552734 4
      vertex -38.83908462524414 24.648033142089844 4
    endloop
  endfacet
  facet normal 0 0 1
    outer loop
      vertex -43.06072235107422 27.327165603637695 4
      vertex -38.83908462524414 24.648033142089844 4
      vertex -41.259864807128906 29.977046966552734 4
    endloop
  endfacet
  facet normal 0 0 1
    outer loop
      vertex -38.83908462524414 24.648033142089844 4
      vertex -43.06072235107422 27.327165603637695 4
      vertex -40.31010818481445 22.160667419433594 4
    endloop
  endfacet
  facet normal 0 0 1
    outer loop
      vertex -44.6916389465332 24.56943702697754 4
      vertex -40.31010818481445 22.160667419433594 4
      vertex -43.06072235107422 27.327165603637695 4
    endloop
  endfacet
  facet normal 0 0 1
    outer loop
      vertex -40.31010818481445 22.160667419433594 4
      vertex -44.6916389465332 24.56943702697754 4
      vertex -41.62204360961914 19.585845947265625 4
    endloop
  endfacet
  facet normal 0 0 1
    outer loop
      vertex -46.14617919921875 21.714744567871094 4
      vertex -41.62204360961914 19.585845947265625 4
      vertex -44.6916389465332 24.56943702697754 4
    endloop
  endfacet
  facet normal 0 0 1
    outer loop
      vertex -41.62204360961914 19.585845947265625 4
      vertex -46.14617919921875 21.714744567871094 4
      vertex -42.769718170166016 16.93372917175293 4
    endloop
  endfacet
  facet normal 0 0 1
    outer loop
      vertex -47.418601989746094 18.77435302734375 4
      vertex -42.769718170166016 16.93372917175293 4
      vertex -46.14617919921875 21.714744567871094 4
    endloop
  endfacet
  facet normal 0 0 1
    outer loop
      vertex -42.769718170166016 16.93372917175293 4
      vertex -47.418601989746094 18.77435302734375 4
      vertex -43.748600006103516 14.214780807495117 4
    endloop
  endfacet
  facet normal 0 0 1
    outer loop
      vertex -48.503883361816406 15.759865760803223 4
      vertex -43.748600006103516 14.214780807495117 4
      vertex -47.418601989746094 18.77435302734375 4
    endloop
  endfacet
  facet normal 0 0 1
    outer loop
      vertex -43.748600006103516 14.214780807495117 4
      vertex -48.503883361816406 15.759865760803223 4
      vertex -44.55482482910156 11.43973445892334 4
    endloop
  endfacet
  facet normal 0 0 1
    outer loop
      vertex -44.55482482910156 11.43973445892334 4
      vertex -49.39773941040039 12.683183670043945 4
      vertex -45.185211181640625 8.619540214538574 4
    endloop
  endfacet
  facet normal 0 0 1
    outer loop
      vertex -49.39773941040039 12.683183670043945 4
      vertex -44.55482482910156 11.43973445892334 4
      vertex -48.503883361816406 15.759865760803223 4
    endloop
  endfacet
  facet normal 0 0 1
    outer loop
      vertex -2.888363838195801 -45.90922927856445 4
      vertex -1 -50.96857452392578 4
      vertex -1 -45.96857452392578 4
    endloop
  endfacet
  facet normal 0 0 1
    outer loop
      vertex -2.888363838195801 -45.90922927856445 4
      vertex -3.2023162841796875 -50.89936065673828 4
      vertex -1 -50.96857452392578 4
    endloop
  endfacet
  facet normal 0 0 1
    outer loop
      vertex -5.765328407287598 -45.63727569580078 4
      vertex -3.2023162841796875 -50.89936065673828 4
      vertex -2.888363838195801 -45.90922927856445 4
    endloop
  endfacet
  facet normal 0 0 1
    outer loop
      vertex -5.765328407287598 -45.63727569580078 4
      vertex -6.391994476318359 -50.59784698486328 4
      vertex -3.2023162841796875 -50.89936065673828 4
    endloop
  endfacet
  facet normal 0 0 1
    outer loop
      vertex -8.619540214538574 -45.185211181640625 4
      vertex -6.391994476318359 -50.59784698486328 4
      vertex -5.765328407287598 -45.63727569580078 4
    endloop
  endfacet
  facet normal 0 0 1
    outer loop
      vertex -8.619540214538574 -45.185211181640625 4
      vertex -9.55644702911377 -50.096649169921875 4
      vertex -6.391994476318359 -50.59784698486328 4
    endloop
  endfacet
  facet normal 0 0 1
    outer loop
      vertex -11.43973445892334 -44.55482482910156 4
      vertex -9.55644702911377 -50.096649169921875 4
      vertex -8.619540214538574 -45.185211181640625 4
    endloop
  endfacet
  facet normal 0 0 1
    outer loop
      vertex -11.43973445892334 -44.55482482910156 4
      vertex -12.683183670043945 -49.39773941040039 4
      vertex -9.55644702911377 -50.096649169921875 4
    endloop
  endfacet
  facet normal 0 0 1
    outer loop
      vertex -14.214780807495117 -43.748600006103516 4
      vertex -12.683183670043945 -49.39773941040039 4
      vertex -11.43973445892334 -44.55482482910156 4
    endloop
  endfacet
  facet normal 0 0 1
    outer loop
      vertex -14.214780807495117 -43.748600006103516 4
      vertex -15.759865760803223 -48.503883361816406 4
      vertex -12.683183670043945 -49.39773941040039 4
    endloop
  endfacet
  facet normal 0 0 1
    outer loop
      vertex -16.93372917175293 -42.769718170166016 4
      vertex -15.759865760803223 -48.503883361816406 4
      vertex -14.214780807495117 -43.748600006103516 4
    endloop
  endfacet
  facet normal 0 0 1
    outer loop
      vertex -16.93372917175293 -42.769718170166016 4
      vertex -18.77435302734375 -47.418601989746094 4
      vertex -15.759865760803223 -48.503883361816406 4
    endloop
  endfacet
  facet normal 0 0 1
    outer loop
      vertex -19.585845947265625 -41.62204360961914 4
      vertex -18.77435302734375 -47.418601989746094 4
      vertex -16.93372917175293 -42.769718170166016 4
    endloop
  endfacet
  facet normal 0 0 1
    outer loop
      vertex -19.585845947265625 -41.62204360961914 4
      vertex -21.714744567871094 -46.14617919921875 4
      vertex -18.77435302734375 -47.418601989746094 4
    endloop
  endfacet
  facet normal 0 0 1
    outer loop
      vertex -22.160667419433594 -40.31010818481445 4
      vertex -21.714744567871094 -46.14617919921875 4
      vertex -19.585845947265625 -41.62204360961914 4
    endloop
  endfacet
  facet normal 0 0 1
    outer loop
      vertex -22.160667419433594 -40.31010818481445 4
      vertex -24.56943702697754 -44.6916389465332 4
      vertex -21.714744567871094 -46.14617919921875 4
    endloop
  endfacet
  facet normal 0 0 1
    outer loop
      vertex -24.648033142089844 -38.83908462524414 4
      vertex -24.56943702697754 -44.6916389465332 4
      vertex -22.160667419433594 -40.31010818481445 4
    endloop
  endfacet
  facet normal 0 0 1
    outer loop
      vertex -27.327165603637695 -43.06072235107422 4
      vertex -24.648033142089844 -38.83908462524414 4
      vertex -27.03812026977539 -37.21478271484375 4
    endloop
  endfacet
  facet normal 0 0 1
    outer loop
      vertex -24.648033142089844 -38.83908462524414 4
      vertex -27.327165603637695 -43.06072235107422 4
      vertex -24.56943702697754 -44.6916389465332 4
    endloop
  endfacet
  facet normal 0 0 1
    outer loop
      vertex -29.977046966552734 -41.259864807128906 4
      vertex -27.03812026977539 -37.21478271484375 4
      vertex -29.321502685546875 -35.443607330322266 4
    endloop
  endfacet
  facet normal 0 0 1
    outer loop
      vertex -27.03812026977539 -37.21478271484375 4
      vertex -29.977046966552734 -41.259864807128906 4
      vertex -27.327165603637695 -43.06072235107422 4
    endloop
  endfacet
  facet normal 0 0 1
    outer loop
      vertex -32.50862121582031 -39.296173095703125 4
      vertex -29.321502685546875 -35.443607330322266 4
      vertex -31.489166259765625 -33.532554626464844 4
    endloop
  endfacet
  facet normal 0 0 1
    outer loop
      vertex -29.321502685546875 -35.443607330322266 4
      vertex -32.50862121582031 -39.296173095703125 4
      vertex -29.977046966552734 -41.259864807128906 4
    endloop
  endfacet
  facet normal 0 0 1
    outer loop
      vertex -34.911903381347656 -37.177398681640625 4
      vertex -31.489166259765625 -33.532554626464844 4
      vertex -33.532554626464844 -31.489166259765625 4
    endloop
  endfacet
  facet normal 0 0 1
    outer loop
      vertex -31.489166259765625 -33.532554626464844 4
      vertex -34.911903381347656 -37.177398681640625 4
      vertex -32.50862121582031 -39.296173095703125 4
    endloop
  endfacet
  facet normal 0 0 1
    outer loop
      vertex -37.177398681640625 -34.911903381347656 4
      vertex -33.532554626464844 -31.489166259765625 4
      vertex -35.443607330322266 -29.321502685546875 4
    endloop
  endfacet
  facet normal 0 0 1
    outer loop
      vertex -33.532554626464844 -31.489166259765625 4
      vertex -37.177398681640625 -34.911903381347656 4
      vertex -34.911903381347656 -37.177398681640625 4
    endloop
  endfacet
  facet normal 0 0 1
    outer loop
      vertex -39.296173095703125 -32.50862121582031 4
      vertex -35.443607330322266 -29.321502685546875 4
      vertex -37.21478271484375 -27.03812026977539 4
    endloop
  endfacet
  facet normal 0 0 1
    outer loop
      vertex -41.259864807128906 -29.977046966552734 4
      vertex -37.21478271484375 -27.03812026977539 4
      vertex -38.83908462524414 -24.648033142089844 4
    endloop
  endfacet
  facet normal 0 0 1
    outer loop
      vertex -35.443607330322266 -29.321502685546875 4
      vertex -39.296173095703125 -32.50862121582031 4
      vertex -37.177398681640625 -34.911903381347656 4
    endloop
  endfacet
  facet normal 0 0 1
    outer loop
      vertex -43.06072235107422 -27.327165603637695 4
      vertex -38.83908462524414 -24.648033142089844 4
      vertex -40.31010818481445 -22.160667419433594 4
    endloop
  endfacet
  facet normal 0 0 1
    outer loop
      vertex -37.21478271484375 -27.03812026977539 4
      vertex -41.259864807128906 -29.977046966552734 4
      vertex -39.296173095703125 -32.50862121582031 4
    endloop
  endfacet
  facet normal 0 0 1
    outer loop
      vertex -44.6916389465332 -24.56943702697754 4
      vertex -40.31010818481445 -22.160667419433594 4
      vertex -41.62204360961914 -19.585845947265625 4
    endloop
  endfacet
  facet normal 0 0 1
    outer loop
      vertex -46.14617919921875 -21.714744567871094 4
      vertex -41.62204360961914 -19.585845947265625 4
      vertex -42.769718170166016 -16.93372917175293 4
    endloop
  endfacet
  facet normal 0 0 1
    outer loop
      vertex -38.83908462524414 -24.648033142089844 4
      vertex -43.06072235107422 -27.327165603637695 4
      vertex -41.259864807128906 -29.977046966552734 4
    endloop
  endfacet
  facet normal 0 0 1
    outer loop
      vertex -47.418601989746094 -18.77435302734375 4
      vertex -42.769718170166016 -16.93372917175293 4
      vertex -43.748600006103516 -14.214780807495117 4
    endloop
  endfacet
  facet normal 0 0 1
    outer loop
      vertex -48.503883361816406 -15.759865760803223 4
      vertex -43.748600006103516 -14.214780807495117 4
      vertex -44.55482482910156 -11.43973445892334 4
    endloop
  endfacet
  facet normal 0 0 1
    outer loop
      vertex -40.31010818481445 -22.160667419433594 4
      vertex -44.6916389465332 -24.56943702697754 4
      vertex -43.06072235107422 -27.327165603637695 4
    endloop
  endfacet
  facet normal 0 0 1
    outer loop
      vertex -49.39773941040039 -12.683183670043945 4
      vertex -44.55482482910156 -11.43973445892334 4
      vertex -45.185211181640625 -8.619540214538574 4
    endloop
  endfacet
  facet normal 0 0 1
    outer loop
      vertex -50.096649169921875 -9.55644702911377 4
      vertex -45.185211181640625 -8.619540214538574 4
      vertex -45.63727569580078 -5.765328407287598 4
    endloop
  endfacet
  facet normal 0 0 1
    outer loop
      vertex -50.59784698486328 -6.391994476318359 4
      vertex -45.63727569580078 -5.765328407287598 4
      vertex -45.90922927856445 -2.888363838195801 4
    endloop
  endfacet
  facet normal 0 0 1
    outer loop
      vertex -41.62204360961914 -19.585845947265625 4
      vertex -46.14617919921875 -21.714744567871094 4
      vertex -44.6916389465332 -24.56943702697754 4
    endloop
  endfacet
  facet normal 0 0 1
    outer loop
      vertex -50.89936065673828 -3.2023162841796875 4
      vertex -45.90922927856445 -2.888363838195801 4
      vertex -46 0 4
    endloop
  endfacet
  facet normal 0 0 1
    outer loop
      vertex -50.096649169921875 9.55644702911377 4
      vertex -45.185211181640625 8.619540214538574 4
      vertex -49.39773941040039 12.683183670043945 4
    endloop
  endfacet
  facet normal 0 0 1
    outer loop
      vertex -45.185211181640625 8.619540214538574 4
      vertex -50.096649169921875 9.55644702911377 4
      vertex -45.63727569580078 5.765328407287598 4
    endloop
  endfacet
  facet normal 0 0 1
    outer loop
      vertex -42.769718170166016 -16.93372917175293 4
      vertex -47.418601989746094 -18.77435302734375 4
      vertex -46.14617919921875 -21.714744567871094 4
    endloop
  endfacet
  facet normal 0 0 1
    outer loop
      vertex -50.59784698486328 6.391994476318359 4
      vertex -45.63727569580078 5.765328407287598 4
      vertex -50.096649169921875 9.55644702911377 4
    endloop
  endfacet
  facet normal 0 0 1
    outer loop
      vertex -43.748600006103516 -14.214780807495117 4
      vertex -48.503883361816406 -15.759865760803223 4
      vertex -47.418601989746094 -18.77435302734375 4
    endloop
  endfacet
  facet normal 0 0 1
    outer loop
      vertex -45.63727569580078 5.765328407287598 4
      vertex -50.59784698486328 6.391994476318359 4
      vertex -45.90922927856445 2.888363838195801 4
    endloop
  endfacet
  facet normal 0 0 1
    outer loop
      vertex -44.55482482910156 -11.43973445892334 4
      vertex -49.39773941040039 -12.683183670043945 4
      vertex -48.503883361816406 -15.759865760803223 4
    endloop
  endfacet
  facet normal 0 0 1
    outer loop
      vertex -50.89936065673828 3.2023162841796875 4
      vertex -45.90922927856445 2.888363838195801 4
      vertex -50.59784698486328 6.391994476318359 4
    endloop
  endfacet
  facet normal 0 0 1
    outer loop
      vertex -45.185211181640625 -8.619540214538574 4
      vertex -50.096649169921875 -9.55644702911377 4
      vertex -49.39773941040039 -12.683183670043945 4
    endloop
  endfacet
  facet normal 0 0 1
    outer loop
      vertex -45.90922927856445 2.888363838195801 4
      vertex -50.89936065673828 3.2023162841796875 4
      vertex -46 0 4
    endloop
  endfacet
  facet normal 0 0 1
    outer loop
      vertex -45.63727569580078 -5.765328407287598 4
      vertex -50.59784698486328 -6.391994476318359 4
      vertex -50.096649169921875 -9.55644702911377 4
    endloop
  endfacet
  facet normal 0 0 1
    outer loop
      vertex -51 0 4
      vertex -46 0 4
      vertex -50.89936065673828 3.2023162841796875 4
    endloop
  endfacet
  facet normal 0 0 1
    outer loop
      vertex -45.90922927856445 -2.888363838195801 4
      vertex -50.89936065673828 -3.2023162841796875 4
      vertex -50.59784698486328 -6.391994476318359 4
    endloop
  endfacet
  facet normal 0 0 1
    outer loop
      vertex -46 0 4
      vertex -51 0 4
      vertex -50.89936065673828 -3.2023162841796875 4
    endloop
  endfacet
  facet normal 0.9408808509335395 -0.33873769253890024 0
    outer loop
      vertex -48.503883361816406 15.759865760803223 48
      vertex -47.418601989746094 18.77435302734375 4
      vertex -47.418601989746094 18.77435302734375 48
    endloop
  endfacet
  facet normal 0.9408808509335395 -0.33873769253890024 0
    outer loop
      vertex -47.418601989746094 18.77435302734375 4
      vertex -48.503883361816406 15.759865760803223 48
      vertex -48.503883361816406 15.759865760803223 4
    endloop
  endfacet
  facet normal 0.33873769253890024 0.9408808509335395 0
    outer loop
      vertex -15.759865760803223 -48.503883361816406 4
      vertex -18.77435302734375 -47.418601989746094 48
      vertex -15.759865760803223 -48.503883361816406 48
    endloop
  endfacet
  facet normal 0.33873769253890024 0.9408808509335395 0
    outer loop
      vertex -18.77435302734375 -47.418601989746094 48
      vertex -15.759865760803223 -48.503883361816406 4
      vertex -18.77435302734375 -47.418601989746094 4
    endloop
  endfacet
  facet normal 0.21814363237088066 -0.9759166745455464 0
    outer loop
      vertex -12.683183670043945 49.39773941040039 4
      vertex -9.55644702911377 50.096649169921875 48
      vertex -12.683183670043945 49.39773941040039 48
    endloop
  endfacet
  facet normal 0.21814363237088066 -0.9759166745455464 0
    outer loop
      vertex -9.55644702911377 50.096649169921875 48
      vertex -12.683183670043945 49.39773941040039 4
      vertex -9.55644702911377 50.096649169921875 4
    endloop
  endfacet
  facet normal 0.9759166745455464 0.21814363237088066 0
    outer loop
      vertex -49.39773941040039 -12.683183670043945 48
      vertex -50.096649169921875 -9.55644702911377 4
      vertex -50.096649169921875 -9.55644702911377 48
    endloop
  endfacet
  facet normal 0.9759166745455464 0.21814363237088066 0
    outer loop
      vertex -50.096649169921875 -9.55644702911377 4
      vertex -49.39773941040039 -12.683183670043945 48
      vertex -49.39773941040039 -12.683183670043945 4
    endloop
  endfacet
  facet normal 0.9759166745455464 -0.21814363237088066 0
    outer loop
      vertex -50.096649169921875 9.55644702911377 48
      vertex -49.39773941040039 12.683183670043945 4
      vertex -49.39773941040039 12.683183670043945 48
    endloop
  endfacet
  facet normal 0.9759166745455464 -0.21814363237088066 0
    outer loop
      vertex -49.39773941040039 12.683183670043945 4
      vertex -50.096649169921875 9.55644702911377 48
      vertex -50.096649169921875 9.55644702911377 4
    endloop
  endfacet
  facet normal 0.03141225062664532 -0.9995065134908171 0
    outer loop
      vertex -3.2023162841796875 50.89936065673828 4
      vertex -1 50.96857452392578 48
      vertex -3.2023162841796875 50.89936065673828 48
    endloop
  endfacet
  facet normal 0.03141225062664532 -0.9995065134908171 0
    outer loop
      vertex -1 50.96857452392578 48
      vertex -3.2023162841796875 50.89936065673828 4
      vertex -1 50.96857452392578 4
    endloop
  endfacet
  facet normal 0.3971483500627194 0.9177544268716221 0
    outer loop
      vertex -18.77435302734375 -47.418601989746094 4
      vertex -21.714744567871094 -46.14617919921875 48
      vertex -18.77435302734375 -47.418601989746094 48
    endloop
  endfacet
  facet normal 0.3971483500627194 0.9177544268716221 0
    outer loop
      vertex -21.714744567871094 -46.14617919921875 48
      vertex -18.77435302734375 -47.418601989746094 4
      vertex -21.714744567871094 -46.14617919921875 4
    endloop
  endfacet
  facet normal 0.03141225062664532 0.9995065134908171 0
    outer loop
      vertex -1 -50.96857452392578 4
      vertex -3.2023162841796875 -50.89936065673828 48
      vertex -1 -50.96857452392578 48
    endloop
  endfacet
  facet normal 0.03141225062664532 0.9995065134908171 0
    outer loop
      vertex -3.2023162841796875 -50.89936065673828 48
      vertex -1 -50.96857452392578 4
      vertex -3.2023162841796875 -50.89936065673828 4
    endloop
  endfacet
  facet normal 0.2789903207330483 -0.9602939138291312 0
    outer loop
      vertex -15.759865760803223 48.503883361816406 4
      vertex -12.683183670043945 49.39773941040039 48
      vertex -15.759865760803223 48.503883361816406 48
    endloop
  endfacet
  facet normal 0.2789903207330483 -0.9602939138291312 0
    outer loop
      vertex -12.683183670043945 49.39773941040039 48
      vertex -15.759865760803223 48.503883361816406 4
      vertex -12.683183670043945 49.39773941040039 4
    endloop
  endfacet
  facet normal 0.8910062976497841 0.4539909443462769 0
    outer loop
      vertex -44.6916389465332 -24.56943702697754 48
      vertex -46.14617919921875 -21.714744567871094 4
      vertex -46.14617919921875 -21.714744567871094 48
    endloop
  endfacet
  facet normal 0.8910062976497841 0.4539909443462769 0
    outer loop
      vertex -46.14617919921875 -21.714744567871094 4
      vertex -44.6916389465332 -24.56943702697754 48
      vertex -44.6916389465332 -24.56943702697754 4
    endloop
  endfacet
  facet normal 0.9995065358700672 0.03141153853312349 0
    outer loop
      vertex -50.89936065673828 -3.2023162841796875 48
      vertex -51 0 4
      vertex -51 0 48
    endloop
  endfacet
  facet normal 0.9995065358700672 0.03141153853312349 0
    outer loop
      vertex -51 0 4
      vertex -50.89936065673828 -3.2023162841796875 48
      vertex -50.89936065673828 -3.2023162841796875 4
    endloop
  endfacet
  facet normal 0.8270805700187539 -0.5620833841143618 0
    outer loop
      vertex -43.06072235107422 27.327165603637695 48
      vertex -41.259864807128906 29.977046966552734 4
      vertex -41.259864807128906 29.977046966552734 48
    endloop
  endfacet
  facet normal 0.8270805700187539 -0.5620833841143618 0
    outer loop
      vertex -41.259864807128906 29.977046966552734 4
      vertex -43.06072235107422 27.327165603637695 48
      vertex -43.06072235107422 27.327165603637695 4
    endloop
  endfacet
  facet normal 0.8270805700187539 0.5620833841143618 0
    outer loop
      vertex -41.259864807128906 -29.977046966552734 48
      vertex -43.06072235107422 -27.327165603637695 4
      vertex -43.06072235107422 -27.327165603637695 48
    endloop
  endfacet
  facet normal 0.8270805700187539 0.5620833841143618 0
    outer loop
      vertex -43.06072235107422 -27.327165603637695 4
      vertex -41.259864807128906 -29.977046966552734 48
      vertex -41.259864807128906 -29.977046966552734 4
    endloop
  endfacet
  facet normal 0.661311193445775 0.7501116619699527 0
    outer loop
      vertex -32.50862121582031 -39.296173095703125 4
      vertex -34.911903381347656 -37.177398681640625 48
      vertex -32.50862121582031 -39.296173095703125 48
    endloop
  endfacet
  facet normal 0.661311193445775 0.7501116619699527 0
    outer loop
      vertex -34.911903381347656 -37.177398681640625 48
      vertex -32.50862121582031 -39.296173095703125 4
      vertex -34.911903381347656 -37.177398681640625 4
    endloop
  endfacet
  facet normal 0.3971483500627194 -0.9177544268716221 0
    outer loop
      vertex -21.714744567871094 46.14617919921875 4
      vertex -18.77435302734375 47.418601989746094 48
      vertex -21.714744567871094 46.14617919921875 48
    endloop
  endfacet
  facet normal 0.3971483500627194 -0.9177544268716221 0
    outer loop
      vertex -18.77435302734375 47.418601989746094 48
      vertex -21.714744567871094 46.14617919921875 4
      vertex -18.77435302734375 47.418601989746094 4
    endloop
  endfacet
  facet normal 0.33873769253890024 -0.9408808509335395 0
    outer loop
      vertex -18.77435302734375 47.418601989746094 4
      vertex -15.759865760803223 48.503883361816406 48
      vertex -18.77435302734375 47.418601989746094 48
    endloop
  endfacet
  facet normal 0.33873769253890024 -0.9408808509335395 0
    outer loop
      vertex -15.759865760803223 48.503883361816406 48
      vertex -18.77435302734375 47.418601989746094 4
      vertex -15.759865760803223 48.503883361816406 4
    endloop
  endfacet
  facet normal 0.9177544268716221 -0.3971483500627194 0
    outer loop
      vertex -47.418601989746094 18.77435302734375 48
      vertex -46.14617919921875 21.714744567871094 4
      vertex -46.14617919921875 21.714744567871094 48
    endloop
  endfacet
  facet normal 0.9177544268716221 -0.3971483500627194 0
    outer loop
      vertex -46.14617919921875 21.714744567871094 4
      vertex -47.418601989746094 18.77435302734375 48
      vertex -47.418601989746094 18.77435302734375 4
    endloop
  endfacet
  facet normal 0.9876884482125817 -0.1564337855689186 0
    outer loop
      vertex -50.59784698486328 6.391994476318359 48
      vertex -50.096649169921875 9.55644702911377 4
      vertex -50.096649169921875 9.55644702911377 48
    endloop
  endfacet
  facet normal 0.9876884482125817 -0.1564337855689186 0
    outer loop
      vertex -50.096649169921875 9.55644702911377 4
      vertex -50.59784698486328 6.391994476318359 48
      vertex -50.59784698486328 6.391994476318359 4
    endloop
  endfacet
  facet normal 0.9602939138291312 -0.2789903207330483 0
    outer loop
      vertex -49.39773941040039 12.683183670043945 48
      vertex -48.503883361816406 15.759865760803223 4
      vertex -48.503883361816406 15.759865760803223 48
    endloop
  endfacet
  facet normal 0.9602939138291312 -0.2789903207330483 0
    outer loop
      vertex -48.503883361816406 15.759865760803223 4
      vertex -49.39773941040039 12.683183670043945 48
      vertex -49.39773941040039 12.683183670043945 4
    endloop
  endfacet
  facet normal 0.21814363237088066 0.9759166745455464 0
    outer loop
      vertex -9.55644702911377 -50.096649169921875 4
      vertex -12.683183670043945 -49.39773941040039 48
      vertex -9.55644702911377 -50.096649169921875 48
    endloop
  endfacet
  facet normal 0.21814363237088066 0.9759166745455464 0
    outer loop
      vertex -12.683183670043945 -49.39773941040039 48
      vertex -9.55644702911377 -50.096649169921875 4
      vertex -12.683183670043945 -49.39773941040039 4
    endloop
  endfacet
  facet normal 0.1564337855689186 -0.9876884482125817 0
    outer loop
      vertex -9.55644702911377 50.096649169921875 4
      vertex -6.391994476318359 50.59784698486328 48
      vertex -9.55644702911377 50.096649169921875 48
    endloop
  endfacet
  facet normal 0.1564337855689186 -0.9876884482125817 0
    outer loop
      vertex -6.391994476318359 50.59784698486328 48
      vertex -9.55644702911377 50.096649169921875 4
      vertex -6.391994476318359 50.59784698486328 4
    endloop
  endfacet
  facet normal 0.5090415224953196 0.8607419638751482 0
    outer loop
      vertex -24.56943702697754 -44.6916389465332 4
      vertex -27.327165603637695 -43.06072235107422 48
      vertex -24.56943702697754 -44.6916389465332 48
    endloop
  endfacet
  facet normal 0.5090415224953196 0.8607419638751482 0
    outer loop
      vertex -27.327165603637695 -43.06072235107422 48
      vertex -24.56943702697754 -44.6916389465332 4
      vertex -27.327165603637695 -43.06072235107422 4
    endloop
  endfacet
  facet normal 0.8910062976497841 -0.4539909443462769 0
    outer loop
      vertex -46.14617919921875 21.714744567871094 48
      vertex -44.6916389465332 24.56943702697754 4
      vertex -44.6916389465332 24.56943702697754 48
    endloop
  endfacet
  facet normal 0.8910062976497841 -0.4539909443462769 0
    outer loop
      vertex -44.6916389465332 24.56943702697754 4
      vertex -46.14617919921875 21.714744567871094 48
      vertex -46.14617919921875 21.714744567871094 4
    endloop
  endfacet
  facet normal 0.9177544268716221 0.3971483500627194 0
    outer loop
      vertex -46.14617919921875 -21.714744567871094 48
      vertex -47.418601989746094 -18.77435302734375 4
      vertex -47.418601989746094 -18.77435302734375 48
    endloop
  endfacet
  facet normal 0.9177544268716221 0.3971483500627194 0
    outer loop
      vertex -47.418601989746094 -18.77435302734375 4
      vertex -46.14617919921875 -21.714744567871094 48
      vertex -46.14617919921875 -21.714744567871094 4
    endloop
  endfacet
  facet normal 0.7071067811865475 -0.7071067811865475 0
    outer loop
      vertex -37.177398681640625 34.911903381347656 48
      vertex -34.911903381347656 37.177398681640625 4
      vertex -34.911903381347656 37.177398681640625 48
    endloop
  endfacet
  facet normal 0.7071067811865475 -0.7071067811865475 0
    outer loop
      vertex -34.911903381347656 37.177398681640625 4
      vertex -37.177398681640625 34.911903381347656 48
      vertex -37.177398681640625 34.911903381347656 4
    endloop
  endfacet
  facet normal 0.09410840928442658 0.9955619555316259 0
    outer loop
      vertex -3.2023162841796875 -50.89936065673828 4
      vertex -6.391994476318359 -50.59784698486328 48
      vertex -3.2023162841796875 -50.89936065673828 48
    endloop
  endfacet
  facet normal 0.09410840928442658 0.9955619555316259 0
    outer loop
      vertex -6.391994476318359 -50.59784698486328 48
      vertex -3.2023162841796875 -50.89936065673828 4
      vertex -6.391994476318359 -50.59784698486328 4
    endloop
  endfacet
  facet normal 0.5620833841143618 -0.8270805700187539 0
    outer loop
      vertex -29.977046966552734 41.259864807128906 4
      vertex -27.327165603637695 43.06072235107422 48
      vertex -29.977046966552734 41.259864807128906 48
    endloop
  endfacet
  facet normal 0.5620833841143618 -0.8270805700187539 0
    outer loop
      vertex -27.327165603637695 43.06072235107422 48
      vertex -29.977046966552734 41.259864807128906 4
      vertex -27.327165603637695 43.06072235107422 4
    endloop
  endfacet
  facet normal 0.8607419638751482 -0.5090415224953196 0
    outer loop
      vertex -44.6916389465332 24.56943702697754 48
      vertex -43.06072235107422 27.327165603637695 4
      vertex -43.06072235107422 27.327165603637695 48
    endloop
  endfacet
  facet normal 0.8607419638751482 -0.5090415224953196 0
    outer loop
      vertex -43.06072235107422 27.327165603637695 4
      vertex -44.6916389465332 24.56943702697754 48
      vertex -44.6916389465332 24.56943702697754 4
    endloop
  endfacet
  facet normal 0.5090415224953196 -0.8607419638751482 0
    outer loop
      vertex -27.327165603637695 43.06072235107422 4
      vertex -24.56943702697754 44.6916389465332 48
      vertex -27.327165603637695 43.06072235107422 48
    endloop
  endfacet
  facet normal 0.5090415224953196 -0.8607419638751482 0
    outer loop
      vertex -24.56943702697754 44.6916389465332 48
      vertex -27.327165603637695 43.06072235107422 4
      vertex -24.56943702697754 44.6916389465332 4
    endloop
  endfacet
  facet normal 0.9995065358700672 -0.03141153853312349 0
    outer loop
      vertex -51 0 48
      vertex -50.89936065673828 3.2023162841796875 4
      vertex -50.89936065673828 3.2023162841796875 48
    endloop
  endfacet
  facet normal 0.9995065358700672 -0.03141153853312349 0
    outer loop
      vertex -50.89936065673828 3.2023162841796875 4
      vertex -51 0 48
      vertex -51 0 4
    endloop
  endfacet
  facet normal 0.7501116619699527 -0.661311193445775 0
    outer loop
      vertex -39.296173095703125 32.50862121582031 48
      vertex -37.177398681640625 34.911903381347656 4
      vertex -37.177398681640625 34.911903381347656 48
    endloop
  endfacet
  facet normal 0.7501116619699527 -0.661311193445775 0
    outer loop
      vertex -37.177398681640625 34.911903381347656 4
      vertex -39.296173095703125 32.50862121582031 48
      vertex -39.296173095703125 32.50862121582031 4
    endloop
  endfacet
  facet normal 0.9955619555316259 -0.09410840928442658 0
    outer loop
      vertex -50.89936065673828 3.2023162841796875 48
      vertex -50.59784698486328 6.391994476318359 4
      vertex -50.59784698486328 6.391994476318359 48
    endloop
  endfacet
  facet normal 0.9955619555316259 -0.09410840928442658 0
    outer loop
      vertex -50.59784698486328 6.391994476318359 4
      vertex -50.89936065673828 3.2023162841796875 48
      vertex -50.89936065673828 3.2023162841796875 4
    endloop
  endfacet
  facet normal 0.1564337855689186 0.9876884482125817 0
    outer loop
      vertex -6.391994476318359 -50.59784698486328 4
      vertex -9.55644702911377 -50.096649169921875 48
      vertex -6.391994476318359 -50.59784698486328 48
    endloop
  endfacet
  facet normal 0.1564337855689186 0.9876884482125817 0
    outer loop
      vertex -9.55644702911377 -50.096649169921875 48
      vertex -6.391994476318359 -50.59784698486328 4
      vertex -9.55644702911377 -50.096649169921875 4
    endloop
  endfacet
  facet normal 0.5620833841143618 0.8270805700187539 0
    outer loop
      vertex -27.327165603637695 -43.06072235107422 4
      vertex -29.977046966552734 -41.259864807128906 48
      vertex -27.327165603637695 -43.06072235107422 48
    endloop
  endfacet
  facet normal 0.5620833841143618 0.8270805700187539 0
    outer loop
      vertex -29.977046966552734 -41.259864807128906 48
      vertex -27.327165603637695 -43.06072235107422 4
      vertex -29.977046966552734 -41.259864807128906 4
    endloop
  endfacet
  facet normal 0.8607419638751482 0.5090415224953196 0
    outer loop
      vertex -43.06072235107422 -27.327165603637695 48
      vertex -44.6916389465332 -24.56943702697754 4
      vertex -44.6916389465332 -24.56943702697754 48
    endloop
  endfacet
  facet normal 0.8607419638751482 0.5090415224953196 0
    outer loop
      vertex -44.6916389465332 -24.56943702697754 4
      vertex -43.06072235107422 -27.327165603637695 48
      vertex -43.06072235107422 -27.327165603637695 4
    endloop
  endfacet
  facet normal 0.6129073334028209 -0.7901547953793886 0
    outer loop
      vertex -32.50862121582031 39.296173095703125 4
      vertex -29.977046966552734 41.259864807128906 48
      vertex -32.50862121582031 39.296173095703125 48
    endloop
  endfacet
  facet normal 0.6129073334028209 -0.7901547953793886 0
    outer loop
      vertex -29.977046966552734 41.259864807128906 48
      vertex -32.50862121582031 39.296173095703125 4
      vertex -29.977046966552734 41.259864807128906 4
    endloop
  endfacet
  facet normal 0.661311193445775 -0.7501116619699527 0
    outer loop
      vertex -34.911903381347656 37.177398681640625 4
      vertex -32.50862121582031 39.296173095703125 48
      vertex -34.911903381347656 37.177398681640625 48
    endloop
  endfacet
  facet normal 0.661311193445775 -0.7501116619699527 0
    outer loop
      vertex -32.50862121582031 39.296173095703125 48
      vertex -34.911903381347656 37.177398681640625 4
      vertex -32.50862121582031 39.296173095703125 4
    endloop
  endfacet
  facet normal 0 0 -1
    outer loop
      vertex -3.2023162841796875 -50.89936065673828 48
      vertex -1 50.96857452392578 48
      vertex -1 -50.96857452392578 48
    endloop
  endfacet
  facet normal 0 0 -1
    outer loop
      vertex -3.2023162841796875 -50.89936065673828 48
      vertex -3.2023162841796875 50.89936065673828 48
      vertex -1 50.96857452392578 48
    endloop
  endfacet
  facet normal 0 0 -1
    outer loop
      vertex -6.391994476318359 -50.59784698486328 48
      vertex -3.2023162841796875 50.89936065673828 48
      vertex -3.2023162841796875 -50.89936065673828 48
    endloop
  endfacet
  facet normal 0 0 -1
    outer loop
      vertex -6.391994476318359 -50.59784698486328 48
      vertex -6.391994476318359 50.59784698486328 48
      vertex -3.2023162841796875 50.89936065673828 48
    endloop
  endfacet
  facet normal 0 0 -1
    outer loop
      vertex -9.55644702911377 -50.096649169921875 48
      vertex -6.391994476318359 50.59784698486328 48
      vertex -6.391994476318359 -50.59784698486328 48
    endloop
  endfacet
  facet normal 0 0 -1
    outer loop
      vertex -9.55644702911377 -50.096649169921875 48
      vertex -9.55644702911377 50.096649169921875 48
      vertex -6.391994476318359 50.59784698486328 48
    endloop
  endfacet
  facet normal 0 0 -1
    outer loop
      vertex -12.683183670043945 -49.39773941040039 48
      vertex -9.55644702911377 50.096649169921875 48
      vertex -9.55644702911377 -50.096649169921875 48
    endloop
  endfacet
  facet normal 0 0 -1
    outer loop
      vertex -12.683183670043945 -49.39773941040039 48
      vertex -12.683183670043945 49.39773941040039 48
      vertex -9.55644702911377 50.096649169921875 48
    endloop
  endfacet
  facet normal 0 0 -1
    outer loop
      vertex -15.759865760803223 -48.503883361816406 48
      vertex -12.683183670043945 49.39773941040039 48
      vertex -12.683183670043945 -49.39773941040039 48
    endloop
  endfacet
  facet normal 0 0 -1
    outer loop
      vertex -15.759865760803223 -48.503883361816406 48
      vertex -15.759865760803223 48.503883361816406 48
      vertex -12.683183670043945 49.39773941040039 48
    endloop
  endfacet
  facet normal 0 0 -1
    outer loop
      vertex -18.77435302734375 -47.418601989746094 48
      vertex -15.759865760803223 48.503883361816406 48
      vertex -15.759865760803223 -48.503883361816406 48
    endloop
  endfacet
  facet normal 0 0 -1
    outer loop
      vertex -18.77435302734375 -47.418601989746094 48
      vertex -18.77435302734375 47.418601989746094 48
      vertex -15.759865760803223 48.503883361816406 48
    endloop
  endfacet
  facet normal 0 0 -1
    outer loop
      vertex -21.714744567871094 -46.14617919921875 48
      vertex -18.77435302734375 47.418601989746094 48
      vertex -18.77435302734375 -47.418601989746094 48
    endloop
  endfacet
  facet normal 0 0 -1
    outer loop
      vertex -21.714744567871094 -46.14617919921875 48
      vertex -21.714744567871094 46.14617919921875 48
      vertex -18.77435302734375 47.418601989746094 48
    endloop
  endfacet
  facet normal 0 0 -1
    outer loop
      vertex -24.56943702697754 -44.6916389465332 48
      vertex -21.714744567871094 46.14617919921875 48
      vertex -21.714744567871094 -46.14617919921875 48
    endloop
  endfacet
  facet normal 0 0 -1
    outer loop
      vertex -24.56943702697754 -44.6916389465332 48
      vertex -24.56943702697754 44.6916389465332 48
      vertex -21.714744567871094 46.14617919921875 48
    endloop
  endfacet
  facet normal 0 0 -1
    outer loop
      vertex -27.327165603637695 -43.06072235107422 48
      vertex -24.56943702697754 44.6916389465332 48
      vertex -24.56943702697754 -44.6916389465332 48
    endloop
  endfacet
  facet normal 0 0 -1
    outer loop
      vertex -27.327165603637695 -43.06072235107422 48
      vertex -27.327165603637695 43.06072235107422 48
      vertex -24.56943702697754 44.6916389465332 48
    endloop
  endfacet
  facet normal 0 0 -1
    outer loop
      vertex -29.977046966552734 -41.259864807128906 48
      vertex -27.327165603637695 43.06072235107422 48
      vertex -27.327165603637695 -43.06072235107422 48
    endloop
  endfacet
  facet normal 0 0 -1
    outer loop
      vertex -29.977046966552734 -41.259864807128906 48
      vertex -29.977046966552734 41.259864807128906 48
      vertex -27.327165603637695 43.06072235107422 48
    endloop
  endfacet
  facet normal 0 0 -1
    outer loop
      vertex -32.50862121582031 -39.296173095703125 48
      vertex -29.977046966552734 41.259864807128906 48
      vertex -29.977046966552734 -41.259864807128906 48
    endloop
  endfacet
  facet normal 0 0 -1
    outer loop
      vertex -32.50862121582031 -39.296173095703125 48
      vertex -32.50862121582031 39.296173095703125 48
      vertex -29.977046966552734 41.259864807128906 48
    endloop
  endfacet
  facet normal 0 0 -1
    outer loop
      vertex -34.911903381347656 -37.177398681640625 48
      vertex -32.50862121582031 39.296173095703125 48
      vertex -32.50862121582031 -39.296173095703125 48
    endloop
  endfacet
  facet normal 0 0 -1
    outer loop
      vertex -34.911903381347656 -37.177398681640625 48
      vertex -34.911903381347656 37.177398681640625 48
      vertex -32.50862121582031 39.296173095703125 48
    endloop
  endfacet
  facet normal 0 0 -1
    outer loop
      vertex -37.177398681640625 -34.911903381347656 48
      vertex -34.911903381347656 37.177398681640625 48
      vertex -34.911903381347656 -37.177398681640625 48
    endloop
  endfacet
  facet normal 0 0 -1
    outer loop
      vertex -37.177398681640625 -34.911903381347656 48
      vertex -37.177398681640625 34.911903381347656 48
      vertex -34.911903381347656 37.177398681640625 48
    endloop
  endfacet
  facet normal 0 0 -1
    outer loop
      vertex -39.296173095703125 -32.50862121582031 48
      vertex -37.177398681640625 34.911903381347656 48
      vertex -37.177398681640625 -34.911903381347656 48
    endloop
  endfacet
  facet normal 0 0 -1
    outer loop
      vertex -39.296173095703125 -32.50862121582031 48
      vertex -39.296173095703125 32.50862121582031 48
      vertex -37.177398681640625 34.911903381347656 48
    endloop
  endfacet
  facet normal 0 0 -1
    outer loop
      vertex -41.259864807128906 -29.977046966552734 48
      vertex -39.296173095703125 32.50862121582031 48
      vertex -39.296173095703125 -32.50862121582031 48
    endloop
  endfacet
  facet normal 0 0 -1
    outer loop
      vertex -41.259864807128906 -29.977046966552734 48
      vertex -41.259864807128906 29.977046966552734 48
      vertex -39.296173095703125 32.50862121582031 48
    endloop
  endfacet
  facet normal 0 0 -1
    outer loop
      vertex -43.06072235107422 -27.327165603637695 48
      vertex -41.259864807128906 29.977046966552734 48
      vertex -41.259864807128906 -29.977046966552734 48
    endloop
  endfacet
  facet normal 0 0 -1
    outer loop
      vertex -43.06072235107422 -27.327165603637695 48
      vertex -43.06072235107422 27.327165603637695 48
      vertex -41.259864807128906 29.977046966552734 48
    endloop
  endfacet
  facet normal 0 0 -1
    outer loop
      vertex -44.6916389465332 -24.56943702697754 48
      vertex -43.06072235107422 27.327165603637695 48
      vertex -43.06072235107422 -27.327165603637695 48
    endloop
  endfacet
  facet normal 0 0 -1
    outer loop
      vertex -44.6916389465332 -24.56943702697754 48
      vertex -44.6916389465332 24.56943702697754 48
      vertex -43.06072235107422 27.327165603637695 48
    endloop
  endfacet
  facet normal 0 0 -1
    outer loop
      vertex -46.14617919921875 -21.714744567871094 48
      vertex -44.6916389465332 24.56943702697754 48
      vertex -44.6916389465332 -24.56943702697754 48
    endloop
  endfacet
  facet normal 0 0 -1
    outer loop
      vertex -46.14617919921875 -21.714744567871094 48
      vertex -46.14617919921875 21.714744567871094 48
      vertex -44.6916389465332 24.56943702697754 48
    endloop
  endfacet
  facet normal 0 0 -1
    outer loop
      vertex -47.418601989746094 -18.77435302734375 48
      vertex -46.14617919921875 21.714744567871094 48
      vertex -46.14617919921875 -21.714744567871094 48
    endloop
  endfacet
  facet normal 0 0 -1
    outer loop
      vertex -47.418601989746094 -18.77435302734375 48
      vertex -47.418601989746094 18.77435302734375 48
      vertex -46.14617919921875 21.714744567871094 48
    endloop
  endfacet
  facet normal 0 0 -1
    outer loop
      vertex -48.503883361816406 -15.759865760803223 48
      vertex -47.418601989746094 18.77435302734375 48
      vertex -47.418601989746094 -18.77435302734375 48
    endloop
  endfacet
  facet normal 0 0 -1
    outer loop
      vertex -48.503883361816406 -15.759865760803223 48
      vertex -48.503883361816406 15.759865760803223 48
      vertex -47.418601989746094 18.77435302734375 48
    endloop
  endfacet
  facet normal 0 0 -1
    outer loop
      vertex -49.39773941040039 -12.683183670043945 48
      vertex -48.503883361816406 15.759865760803223 48
      vertex -48.503883361816406 -15.759865760803223 48
    endloop
  endfacet
  facet normal 0 0 -1
    outer loop
      vertex -49.39773941040039 -12.683183670043945 48
      vertex -49.39773941040039 12.683183670043945 48
      vertex -48.503883361816406 15.759865760803223 48
    endloop
  endfacet
  facet normal 0 0 -1
    outer loop
      vertex -50.096649169921875 -9.55644702911377 48
      vertex -49.39773941040039 12.683183670043945 48
      vertex -49.39773941040039 -12.683183670043945 48
    endloop
  endfacet
  facet normal 0 0 -1
    outer loop
      vertex -50.096649169921875 -9.55644702911377 48
      vertex -50.096649169921875 9.55644702911377 48
      vertex -49.39773941040039 12.683183670043945 48
    endloop
  endfacet
  facet normal 0 0 -1
    outer loop
      vertex -50.59784698486328 -6.391994476318359 48
      vertex -50.096649169921875 9.55644702911377 48
      vertex -50.096649169921875 -9.55644702911377 48
    endloop
  endfacet
  facet normal 0 0 -1
    outer loop
      vertex -50.59784698486328 -6.391994476318359 48
      vertex -50.59784698486328 6.391994476318359 48
      vertex -50.096649169921875 9.55644702911377 48
    endloop
  endfacet
  facet normal 0 0 -1
    outer loop
      vertex -50.89936065673828 -3.2023162841796875 48
      vertex -50.59784698486328 6.391994476318359 48
      vertex -50.59784698486328 -6.391994476318359 48
    endloop
  endfacet
  facet normal 0 0 -1
    outer loop
      vertex -50.89936065673828 -3.2023162841796875 48
      vertex -50.89936065673828 3.2023162841796875 48
      vertex -50.59784698486328 6.391994476318359 48
    endloop
  endfacet
  facet normal 0 0 -1
    outer loop
      vertex -50.89936065673828 3.2023162841796875 48
      vertex -50.89936065673828 -3.2023162841796875 48
      vertex -51 0 48
    endloop
  endfacet
  facet normal 0.7901547953793886 -0.6129073334028209 0
    outer loop
      vertex -41.259864807128906 29.977046966552734 48
      vertex -39.296173095703125 32.50862121582031 4
      vertex -39.296173095703125 32.50862121582031 48
    endloop
  endfacet
  facet normal 0.7901547953793886 -0.6129073334028209 0
    outer loop
      vertex -39.296173095703125 32.50862121582031 4
      vertex -41.259864807128906 29.977046966552734 48
      vertex -41.259864807128906 29.977046966552734 4
    endloop
  endfacet
  facet normal 0.4539909443462769 0.8910062976497841 0
    outer loop
      vertex -21.714744567871094 -46.14617919921875 4
      vertex -24.56943702697754 -44.6916389465332 48
      vertex -21.714744567871094 -46.14617919921875 48
    endloop
  endfacet
  facet normal 0.4539909443462769 0.8910062976497841 0
    outer loop
      vertex -24.56943702697754 -44.6916389465332 48
      vertex -21.714744567871094 -46.14617919921875 4
      vertex -24.56943702697754 -44.6916389465332 4
    endloop
  endfacet
  facet normal 0.9408808509335395 0.33873769253890024 0
    outer loop
      vertex -47.418601989746094 -18.77435302734375 48
      vertex -48.503883361816406 -15.759865760803223 4
      vertex -48.503883361816406 -15.759865760803223 48
    endloop
  endfacet
  facet normal 0.9408808509335395 0.33873769253890024 0
    outer loop
      vertex -48.503883361816406 -15.759865760803223 4
      vertex -47.418601989746094 -18.77435302734375 48
      vertex -47.418601989746094 -18.77435302734375 4
    endloop
  endfacet
  facet normal 0.7901547953793886 0.6129073334028209 0
    outer loop
      vertex -39.296173095703125 -32.50862121582031 48
      vertex -41.259864807128906 -29.977046966552734 4
      vertex -41.259864807128906 -29.977046966552734 48
    endloop
  endfacet
  facet normal 0.7901547953793886 0.6129073334028209 0
    outer loop
      vertex -41.259864807128906 -29.977046966552734 4
      vertex -39.296173095703125 -32.50862121582031 48
      vertex -39.296173095703125 -32.50862121582031 4
    endloop
  endfacet
  facet normal 0.9759168907126853 -0.21814266529426288 0
    outer loop
      vertex -45.185211181640625 8.619540214538574 4
      vertex -44.55482482910156 11.43973445892334 2
      vertex -44.55482482910156 11.43973445892334 4
    endloop
  endfacet
  facet normal 0.9759168907126853 -0.21814266529426288 0
    outer loop
      vertex -44.55482482910156 11.43973445892334 2
      vertex -45.185211181640625 8.619540214538574 4
      vertex -45.185211181640625 8.619540214538574 2
    endloop
  endfacet
  facet normal 0.509041305986017 -0.8607420919183922 0
    outer loop
      vertex -24.648033142089844 38.83908462524414 2
      vertex -22.160667419433594 40.31010818481445 4
      vertex -24.648033142089844 38.83908462524414 4
    endloop
  endfacet
  facet normal 0.509041305986017 -0.8607420919183922 0
    outer loop
      vertex -22.160667419433594 40.31010818481445 4
      vertex -24.648033142089844 38.83908462524414 2
      vertex -22.160667419433594 40.31010818481445 2
    endloop
  endfacet
  facet normal 0.39714822524576715 -0.9177544808848047 0
    outer loop
      vertex -19.585845947265625 41.62204360961914 2
      vertex -16.93372917175293 42.769718170166016 4
      vertex -19.585845947265625 41.62204360961914 4
    endloop
  endfacet
  facet normal 0.39714822524576715 -0.9177544808848047 0
    outer loop
      vertex -16.93372917175293 42.769718170166016 4
      vertex -19.585845947265625 41.62204360961914 2
      vertex -16.93372917175293 42.769718170166016 2
    endloop
  endfacet
  facet normal 0.8270805138298494 -0.5620834667938138 0
    outer loop
      vertex -38.83908462524414 24.648033142089844 4
      vertex -37.21478271484375 27.03812026977539 2
      vertex -37.21478271484375 27.03812026977539 4
    endloop
  endfacet
  facet normal 0.8270805138298494 -0.5620834667938138 0
    outer loop
      vertex -37.21478271484375 27.03812026977539 2
      vertex -38.83908462524414 24.648033142089844 4
      vertex -38.83908462524414 24.648033142089844 2
    endloop
  endfacet
  facet normal 0.27899089225455703 -0.9602937477871061 0
    outer loop
      vertex -14.214780807495117 43.748600006103516 2
      vertex -11.43973445892334 44.55482482910156 4
      vertex -14.214780807495117 43.748600006103516 4
    endloop
  endfacet
  facet normal 0.27899089225455703 -0.9602937477871061 0
    outer loop
      vertex -11.43973445892334 44.55482482910156 4
      vertex -14.214780807495117 43.748600006103516 2
      vertex -11.43973445892334 44.55482482910156 2
    endloop
  endfacet
  facet normal 0.9876882457176575 0.15643506407188945 0
    outer loop
      vertex -45.185211181640625 -8.619540214538574 4
      vertex -45.63727569580078 -5.765328407287598 2
      vertex -45.63727569580078 -5.765328407287598 4
    endloop
  endfacet
  facet normal 0.9876882457176575 0.15643506407188945 0
    outer loop
      vertex -45.63727569580078 -5.765328407287598 2
      vertex -45.185211181640625 -8.619540214538574 4
      vertex -45.185211181640625 -8.619540214538574 2
    endloop
  endfacet
  facet normal 0.8607420919183922 -0.509041305986017 0
    outer loop
      vertex -40.31010818481445 22.160667419433594 4
      vertex -38.83908462524414 24.648033142089844 2
      vertex -38.83908462524414 24.648033142089844 4
    endloop
  endfacet
  facet normal 0.8607420919183922 -0.509041305986017 0
    outer loop
      vertex -38.83908462524414 24.648033142089844 2
      vertex -40.31010818481445 22.160667419433594 4
      vertex -40.31010818481445 22.160667419433594 2
    endloop
  endfacet
  facet normal 0.8270805138298494 0.5620834667938138 0
    outer loop
      vertex -37.21478271484375 -27.03812026977539 4
      vertex -38.83908462524414 -24.648033142089844 2
      vertex -38.83908462524414 -24.648033142089844 4
    endloop
  endfacet
  facet normal 0.8270805138298494 0.5620834667938138 0
    outer loop
      vertex -38.83908462524414 -24.648033142089844 2
      vertex -37.21478271484375 -27.03812026977539 4
      vertex -37.21478271484375 -27.03812026977539 2
    endloop
  endfacet
  facet normal 0.21814266529426288 -0.9759168907126853 0
    outer loop
      vertex -11.43973445892334 44.55482482910156 2
      vertex -8.619540214538574 45.185211181640625 4
      vertex -11.43973445892334 44.55482482910156 4
    endloop
  endfacet
  facet normal 0.21814266529426288 -0.9759168907126853 0
    outer loop
      vertex -8.619540214538574 45.185211181640625 4
      vertex -11.43973445892334 44.55482482910156 2
      vertex -8.619540214538574 45.185211181640625 2
    endloop
  endfacet
  facet normal 0.7501110361848871 -0.6613119032602053 0
    outer loop
      vertex -35.443607330322266 29.321502685546875 4
      vertex -33.532554626464844 31.489166259765625 2
      vertex -33.532554626464844 31.489166259765625 4
    endloop
  endfacet
  facet normal 0.7501110361848871 -0.6613119032602053 0
    outer loop
      vertex -33.532554626464844 31.489166259765625 2
      vertex -35.443607330322266 29.321502685546875 4
      vertex -35.443607330322266 29.321502685546875 2
    endloop
  endfacet
  facet normal 0.15643506407188945 -0.9876882457176575 0
    outer loop
      vertex -8.619540214538574 45.185211181640625 2
      vertex -5.765328407287598 45.63727569580078 4
      vertex -8.619540214538574 45.185211181640625 4
    endloop
  endfacet
  facet normal 0.15643506407188945 -0.9876882457176575 0
    outer loop
      vertex -5.765328407287598 45.63727569580078 4
      vertex -8.619540214538574 45.185211181640625 2
      vertex -5.765328407287598 45.63727569580078 2
    endloop
  endfacet
  facet normal 0.6129075783815902 0.7901546053541768 0
    outer loop
      vertex -27.03812026977539 -37.21478271484375 2
      vertex -29.321502685546875 -35.443607330322266 4
      vertex -27.03812026977539 -37.21478271484375 4
    endloop
  endfacet
  facet normal 0.6129075783815902 0.7901546053541768 0
    outer loop
      vertex -29.321502685546875 -35.443607330322266 4
      vertex -27.03812026977539 -37.21478271484375 2
      vertex -29.321502685546875 -35.443607330322266 2
    endloop
  endfacet
  facet normal 0.6613119032602053 0.7501110361848871 0
    outer loop
      vertex -29.321502685546875 -35.443607330322266 2
      vertex -31.489166259765625 -33.532554626464844 4
      vertex -29.321502685546875 -35.443607330322266 4
    endloop
  endfacet
  facet normal 0.6613119032602053 0.7501110361848871 0
    outer loop
      vertex -31.489166259765625 -33.532554626464844 4
      vertex -29.321502685546875 -35.443607330322266 2
      vertex -31.489166259765625 -33.532554626464844 2
    endloop
  endfacet
  facet normal 0.7071067811865475 -0.7071067811865475 0
    outer loop
      vertex -33.532554626464844 31.489166259765625 4
      vertex -31.489166259765625 33.532554626464844 2
      vertex -31.489166259765625 33.532554626464844 4
    endloop
  endfacet
  facet normal 0.7071067811865475 -0.7071067811865475 0
    outer loop
      vertex -31.489166259765625 33.532554626464844 2
      vertex -33.532554626464844 31.489166259765625 4
      vertex -33.532554626464844 31.489166259765625 2
    endloop
  endfacet
  facet normal 0.21814266529426288 0.9759168907126853 0
    outer loop
      vertex -8.619540214538574 -45.185211181640625 2
      vertex -11.43973445892334 -44.55482482910156 4
      vertex -8.619540214538574 -45.185211181640625 4
    endloop
  endfacet
  facet normal 0.21814266529426288 0.9759168907126853 0
    outer loop
      vertex -11.43973445892334 -44.55482482910156 4
      vertex -8.619540214538574 -45.185211181640625 2
      vertex -11.43973445892334 -44.55482482910156 2
    endloop
  endfacet
  facet normal 0.9876882457176575 -0.15643506407188945 0
    outer loop
      vertex -45.63727569580078 5.765328407287598 4
      vertex -45.185211181640625 8.619540214538574 2
      vertex -45.185211181640625 8.619540214538574 4
    endloop
  endfacet
  facet normal 0.9876882457176575 -0.15643506407188945 0
    outer loop
      vertex -45.185211181640625 8.619540214538574 2
      vertex -45.63727569580078 5.765328407287598 4
      vertex -45.63727569580078 5.765328407287598 2
    endloop
  endfacet
  facet normal 0.6613119032602053 -0.7501110361848871 0
    outer loop
      vertex -31.489166259765625 33.532554626464844 2
      vertex -29.321502685546875 35.443607330322266 4
      vertex -31.489166259765625 33.532554626464844 4
    endloop
  endfacet
  facet normal 0.6613119032602053 -0.7501110361848871 0
    outer loop
      vertex -29.321502685546875 35.443607330322266 4
      vertex -31.489166259765625 33.532554626464844 2
      vertex -29.321502685546875 35.443607330322266 2
    endloop
  endfacet
  facet normal 0.0941084373637805 -0.9955619528773423 0
    outer loop
      vertex -5.765328407287598 45.63727569580078 2
      vertex -2.888363838195801 45.90922927856445 4
      vertex -5.765328407287598 45.63727569580078 4
    endloop
  endfacet
  facet normal 0.0941084373637805 -0.9955619528773423 0
    outer loop
      vertex -2.888363838195801 45.90922927856445 4
      vertex -5.765328407287598 45.63727569580078 2
      vertex -2.888363838195801 45.90922927856445 2
    endloop
  endfacet
  facet normal 0.03141129895547781 -0.9995065433992564 0
    outer loop
      vertex -2.888363838195801 45.90922927856445 2
      vertex -1 45.96857452392578 4
      vertex -2.888363838195801 45.90922927856445 4
    endloop
  endfacet
  facet normal 0.03141129895547781 -0.9995065433992564 0
    outer loop
      vertex -1 45.96857452392578 4
      vertex -2.888363838195801 45.90922927856445 2
      vertex -1 45.96857452392578 2
    endloop
  endfacet
  facet normal 0.9177544808848047 -0.39714822524576715 0
    outer loop
      vertex -42.769718170166016 16.93372917175293 4
      vertex -41.62204360961914 19.585845947265625 2
      vertex -41.62204360961914 19.585845947265625 4
    endloop
  endfacet
  facet normal 0.9177544808848047 -0.39714822524576715 0
    outer loop
      vertex -41.62204360961914 19.585845947265625 2
      vertex -42.769718170166016 16.93372917175293 4
      vertex -42.769718170166016 16.93372917175293 2
    endloop
  endfacet
  facet normal 0.9995065578558108 0.031410838945000616 0
    outer loop
      vertex -45.90922927856445 -2.888363838195801 4
      vertex -46 0 2
      vertex -46 0 4
    endloop
  endfacet
  facet normal 0.9995065578558108 0.031410838945000616 0
    outer loop
      vertex -46 0 2
      vertex -45.90922927856445 -2.888363838195801 4
      vertex -45.90922927856445 -2.888363838195801 2
    endloop
  endfacet
  facet normal 0.33873797896479274 0.9408807478139022 0
    outer loop
      vertex -14.214780807495117 -43.748600006103516 2
      vertex -16.93372917175293 -42.769718170166016 4
      vertex -14.214780807495117 -43.748600006103516 4
    endloop
  endfacet
  facet normal 0.33873797896479274 0.9408807478139022 0
    outer loop
      vertex -16.93372917175293 -42.769718170166016 4
      vertex -14.214780807495117 -43.748600006103516 2
      vertex -16.93372917175293 -42.769718170166016 2
    endloop
  endfacet
  facet normal 0.7071067811865475 0.7071067811865475 0
    outer loop
      vertex -31.489166259765625 -33.532554626464844 4
      vertex -33.532554626464844 -31.489166259765625 2
      vertex -33.532554626464844 -31.489166259765625 4
    endloop
  endfacet
  facet normal 0.7071067811865475 0.7071067811865475 0
    outer loop
      vertex -33.532554626464844 -31.489166259765625 2
      vertex -31.489166259765625 -33.532554626464844 4
      vertex -31.489166259765625 -33.532554626464844 2
    endloop
  endfacet
  facet normal 0.7901546053541768 -0.6129075783815902 0
    outer loop
      vertex -37.21478271484375 27.03812026977539 4
      vertex -35.443607330322266 29.321502685546875 2
      vertex -35.443607330322266 29.321502685546875 4
    endloop
  endfacet
  facet normal 0.7901546053541768 -0.6129075783815902 0
    outer loop
      vertex -35.443607330322266 29.321502685546875 2
      vertex -37.21478271484375 27.03812026977539 4
      vertex -37.21478271484375 27.03812026977539 2
    endloop
  endfacet
  facet normal 0.8607420919183922 0.509041305986017 0
    outer loop
      vertex -38.83908462524414 -24.648033142089844 4
      vertex -40.31010818481445 -22.160667419433594 2
      vertex -40.31010818481445 -22.160667419433594 4
    endloop
  endfacet
  facet normal 0.8607420919183922 0.509041305986017 0
    outer loop
      vertex -40.31010818481445 -22.160667419433594 2
      vertex -38.83908462524414 -24.648033142089844 4
      vertex -38.83908462524414 -24.648033142089844 2
    endloop
  endfacet
  facet normal 0.33873797896479274 -0.9408807478139022 0
    outer loop
      vertex -16.93372917175293 42.769718170166016 2
      vertex -14.214780807495117 43.748600006103516 4
      vertex -16.93372917175293 42.769718170166016 4
    endloop
  endfacet
  facet normal 0.33873797896479274 -0.9408807478139022 0
    outer loop
      vertex -14.214780807495117 43.748600006103516 4
      vertex -16.93372917175293 42.769718170166016 2
      vertex -14.214780807495117 43.748600006103516 2
    endloop
  endfacet
  facet normal 0.9759168907126853 0.21814266529426288 0
    outer loop
      vertex -44.55482482910156 -11.43973445892334 4
      vertex -45.185211181640625 -8.619540214538574 2
      vertex -45.185211181640625 -8.619540214538574 4
    endloop
  endfacet
  facet normal 0.9759168907126853 0.21814266529426288 0
    outer loop
      vertex -45.185211181640625 -8.619540214538574 2
      vertex -44.55482482910156 -11.43973445892334 4
      vertex -44.55482482910156 -11.43973445892334 2
    endloop
  endfacet
  facet normal 0.9408807478139022 0.33873797896479274 0
    outer loop
      vertex -42.769718170166016 -16.93372917175293 4
      vertex -43.748600006103516 -14.214780807495117 2
      vertex -43.748600006103516 -14.214780807495117 4
    endloop
  endfacet
  facet normal 0.9408807478139022 0.33873797896479274 0
    outer loop
      vertex -43.748600006103516 -14.214780807495117 2
      vertex -42.769718170166016 -16.93372917175293 4
      vertex -42.769718170166016 -16.93372917175293 2
    endloop
  endfacet
  facet normal 0.4539900483223592 -0.8910067541967692 0
    outer loop
      vertex -22.160667419433594 40.31010818481445 2
      vertex -19.585845947265625 41.62204360961914 4
      vertex -22.160667419433594 40.31010818481445 4
    endloop
  endfacet
  facet normal 0.4539900483223592 -0.8910067541967692 0
    outer loop
      vertex -19.585845947265625 41.62204360961914 4
      vertex -22.160667419433594 40.31010818481445 2
      vertex -19.585845947265625 41.62204360961914 2
    endloop
  endfacet
  facet normal 0.03141129895547781 0.9995065433992564 0
    outer loop
      vertex -1 -45.96857452392578 2
      vertex -2.888363838195801 -45.90922927856445 4
      vertex -1 -45.96857452392578 4
    endloop
  endfacet
  facet normal 0.03141129895547781 0.9995065433992564 0
    outer loop
      vertex -2.888363838195801 -45.90922927856445 4
      vertex -1 -45.96857452392578 2
      vertex -2.888363838195801 -45.90922927856445 2
    endloop
  endfacet
  facet normal 0.0941084373637805 0.9955619528773423 0
    outer loop
      vertex -2.888363838195801 -45.90922927856445 2
      vertex -5.765328407287598 -45.63727569580078 4
      vertex -2.888363838195801 -45.90922927856445 4
    endloop
  endfacet
  facet normal 0.0941084373637805 0.9955619528773423 0
    outer loop
      vertex -5.765328407287598 -45.63727569580078 4
      vertex -2.888363838195801 -45.90922927856445 2
      vertex -5.765328407287598 -45.63727569580078 2
    endloop
  endfacet
  facet normal 0.7501110361848871 0.6613119032602053 0
    outer loop
      vertex -33.532554626464844 -31.489166259765625 4
      vertex -35.443607330322266 -29.321502685546875 2
      vertex -35.443607330322266 -29.321502685546875 4
    endloop
  endfacet
  facet normal 0.7501110361848871 0.6613119032602053 0
    outer loop
      vertex -35.443607330322266 -29.321502685546875 2
      vertex -33.532554626464844 -31.489166259765625 4
      vertex -33.532554626464844 -31.489166259765625 2
    endloop
  endfacet
  facet normal 0.509041305986017 0.8607420919183922 0
    outer loop
      vertex -22.160667419433594 -40.31010818481445 2
      vertex -24.648033142089844 -38.83908462524414 4
      vertex -22.160667419433594 -40.31010818481445 4
    endloop
  endfacet
  facet normal 0.509041305986017 0.8607420919183922 0
    outer loop
      vertex -24.648033142089844 -38.83908462524414 4
      vertex -22.160667419433594 -40.31010818481445 2
      vertex -24.648033142089844 -38.83908462524414 2
    endloop
  endfacet
  facet normal 0.9177544808848047 0.39714822524576715 0
    outer loop
      vertex -41.62204360961914 -19.585845947265625 4
      vertex -42.769718170166016 -16.93372917175293 2
      vertex -42.769718170166016 -16.93372917175293 4
    endloop
  endfacet
  facet normal 0.9177544808848047 0.39714822524576715 0
    outer loop
      vertex -42.769718170166016 -16.93372917175293 2
      vertex -41.62204360961914 -19.585845947265625 4
      vertex -41.62204360961914 -19.585845947265625 2
    endloop
  endfacet
  facet normal 0.39714822524576715 0.9177544808848047 0
    outer loop
      vertex -16.93372917175293 -42.769718170166016 2
      vertex -19.585845947265625 -41.62204360961914 4
      vertex -16.93372917175293 -42.769718170166016 4
    endloop
  endfacet
  facet normal 0.39714822524576715 0.9177544808848047 0
    outer loop
      vertex -19.585845947265625 -41.62204360961914 4
      vertex -16.93372917175293 -42.769718170166016 2
      vertex -19.585845947265625 -41.62204360961914 2
    endloop
  endfacet
  facet normal 0.15643506407188945 0.9876882457176575 0
    outer loop
      vertex -5.765328407287598 -45.63727569580078 2
      vertex -8.619540214538574 -45.185211181640625 4
      vertex -5.765328407287598 -45.63727569580078 4
    endloop
  endfacet
  facet normal 0.15643506407188945 0.9876882457176575 0
    outer loop
      vertex -8.619540214538574 -45.185211181640625 4
      vertex -5.765328407287598 -45.63727569580078 2
      vertex -8.619540214538574 -45.185211181640625 2
    endloop
  endfacet
  facet normal 0.5620834667938138 -0.8270805138298494 0
    outer loop
      vertex -27.03812026977539 37.21478271484375 2
      vertex -24.648033142089844 38.83908462524414 4
      vertex -27.03812026977539 37.21478271484375 4
    endloop
  endfacet
  facet normal 0.5620834667938138 -0.8270805138298494 0
    outer loop
      vertex -24.648033142089844 38.83908462524414 4
      vertex -27.03812026977539 37.21478271484375 2
      vertex -24.648033142089844 38.83908462524414 2
    endloop
  endfacet
  facet normal 0.8910067541967692 -0.4539900483223592 0
    outer loop
      vertex -41.62204360961914 19.585845947265625 4
      vertex -40.31010818481445 22.160667419433594 2
      vertex -40.31010818481445 22.160667419433594 4
    endloop
  endfacet
  facet normal 0.8910067541967692 -0.4539900483223592 0
    outer loop
      vertex -40.31010818481445 22.160667419433594 2
      vertex -41.62204360961914 19.585845947265625 4
      vertex -41.62204360961914 19.585845947265625 2
    endloop
  endfacet
  facet normal 0.9602937477871061 -0.27899089225455703 0
    outer loop
      vertex -44.55482482910156 11.43973445892334 4
      vertex -43.748600006103516 14.214780807495117 2
      vertex -43.748600006103516 14.214780807495117 4
    endloop
  endfacet
  facet normal 0.9602937477871061 -0.27899089225455703 0
    outer loop
      vertex -43.748600006103516 14.214780807495117 2
      vertex -44.55482482910156 11.43973445892334 4
      vertex -44.55482482910156 11.43973445892334 2
    endloop
  endfacet
  facet normal 0.5620834667938138 0.8270805138298494 0
    outer loop
      vertex -24.648033142089844 -38.83908462524414 2
      vertex -27.03812026977539 -37.21478271484375 4
      vertex -24.648033142089844 -38.83908462524414 4
    endloop
  endfacet
  facet normal 0.5620834667938138 0.8270805138298494 0
    outer loop
      vertex -27.03812026977539 -37.21478271484375 4
      vertex -24.648033142089844 -38.83908462524414 2
      vertex -27.03812026977539 -37.21478271484375 2
    endloop
  endfacet
  facet normal 0.9955619528773423 -0.0941084373637805 0
    outer loop
      vertex -45.90922927856445 2.888363838195801 4
      vertex -45.63727569580078 5.765328407287598 2
      vertex -45.63727569580078 5.765328407287598 4
    endloop
  endfacet
  facet normal 0.9955619528773423 -0.0941084373637805 0
    outer loop
      vertex -45.63727569580078 5.765328407287598 2
      vertex -45.90922927856445 2.888363838195801 4
      vertex -45.90922927856445 2.888363838195801 2
    endloop
  endfacet
  facet normal 0.7901546053541768 0.6129075783815902 0
    outer loop
      vertex -35.443607330322266 -29.321502685546875 4
      vertex -37.21478271484375 -27.03812026977539 2
      vertex -37.21478271484375 -27.03812026977539 4
    endloop
  endfacet
  facet normal 0.7901546053541768 0.6129075783815902 0
    outer loop
      vertex -37.21478271484375 -27.03812026977539 2
      vertex -35.443607330322266 -29.321502685546875 4
      vertex -35.443607330322266 -29.321502685546875 2
    endloop
  endfacet
  facet normal 0.9995065578558108 -0.031410838945000616 0
    outer loop
      vertex -46 0 4
      vertex -45.90922927856445 2.888363838195801 2
      vertex -45.90922927856445 2.888363838195801 4
    endloop
  endfacet
  facet normal 0.9995065578558108 -0.031410838945000616 0
    outer loop
      vertex -45.90922927856445 2.888363838195801 2
      vertex -46 0 4
      vertex -46 0 2
    endloop
  endfacet
  facet normal 0.27899089225455703 0.9602937477871061 0
    outer loop
      vertex -11.43973445892334 -44.55482482910156 2
      vertex -14.214780807495117 -43.748600006103516 4
      vertex -11.43973445892334 -44.55482482910156 4
    endloop
  endfacet
  facet normal 0.27899089225455703 0.9602937477871061 0
    outer loop
      vertex -14.214780807495117 -43.748600006103516 4
      vertex -11.43973445892334 -44.55482482910156 2
      vertex -14.214780807495117 -43.748600006103516 2
    endloop
  endfacet
  facet normal 0.8910067541967692 0.4539900483223592 0
    outer loop
      vertex -40.31010818481445 -22.160667419433594 4
      vertex -41.62204360961914 -19.585845947265625 2
      vertex -41.62204360961914 -19.585845947265625 4
    endloop
  endfacet
  facet normal 0.8910067541967692 0.4539900483223592 0
    outer loop
      vertex -41.62204360961914 -19.585845947265625 2
      vertex -40.31010818481445 -22.160667419433594 4
      vertex -40.31010818481445 -22.160667419433594 2
    endloop
  endfacet
  facet normal 0.9955619528773423 0.0941084373637805 0
    outer loop
      vertex -45.63727569580078 -5.765328407287598 4
      vertex -45.90922927856445 -2.888363838195801 2
      vertex -45.90922927856445 -2.888363838195801 4
    endloop
  endfacet
  facet normal 0.9955619528773423 0.0941084373637805 0
    outer loop
      vertex -45.90922927856445 -2.888363838195801 2
      vertex -45.63727569580078 -5.765328407287598 4
      vertex -45.63727569580078 -5.765328407287598 2
    endloop
  endfacet
  facet normal 0.9408807478139022 -0.33873797896479274 0
    outer loop
      vertex -43.748600006103516 14.214780807495117 4
      vertex -42.769718170166016 16.93372917175293 2
      vertex -42.769718170166016 16.93372917175293 4
    endloop
  endfacet
  facet normal 0.9408807478139022 -0.33873797896479274 0
    outer loop
      vertex -42.769718170166016 16.93372917175293 2
      vertex -43.748600006103516 14.214780807495117 4
      vertex -43.748600006103516 14.214780807495117 2
    endloop
  endfacet
  facet normal 0.6129075783815902 -0.7901546053541768 0
    outer loop
      vertex -29.321502685546875 35.443607330322266 2
      vertex -27.03812026977539 37.21478271484375 4
      vertex -29.321502685546875 35.443607330322266 4
    endloop
  endfacet
  facet normal 0.6129075783815902 -0.7901546053541768 0
    outer loop
      vertex -27.03812026977539 37.21478271484375 4
      vertex -29.321502685546875 35.443607330322266 2
      vertex -27.03812026977539 37.21478271484375 2
    endloop
  endfacet
  facet normal 0.4539900483223592 0.8910067541967692 0
    outer loop
      vertex -19.585845947265625 -41.62204360961914 2
      vertex -22.160667419433594 -40.31010818481445 4
      vertex -19.585845947265625 -41.62204360961914 4
    endloop
  endfacet
  facet normal 0.4539900483223592 0.8910067541967692 0
    outer loop
      vertex -22.160667419433594 -40.31010818481445 4
      vertex -19.585845947265625 -41.62204360961914 2
      vertex -22.160667419433594 -40.31010818481445 2
    endloop
  endfacet
  facet normal 0.9602937477871061 0.27899089225455703 0
    outer loop
      vertex -43.748600006103516 -14.214780807495117 4
      vertex -44.55482482910156 -11.43973445892334 2
      vertex -44.55482482910156 -11.43973445892334 4
    endloop
  endfacet
  facet normal 0.9602937477871061 0.27899089225455703 0
    outer loop
      vertex -44.55482482910156 -11.43973445892334 2
      vertex -43.748600006103516 -14.214780807495117 4
      vertex -43.748600006103516 -14.214780807495117 2
    endloop
  endfacet
  facet normal 0 0 1
    outer loop
      vertex -5.765328407287598 45.63727569580078 2
      vertex -1 45.96857452392578 2
      vertex -2.888363838195801 45.90922927856445 2
    endloop
  endfacet
  facet normal 0 0 1
    outer loop
      vertex -1 45.96857452392578 2
      vertex -5.765328407287598 45.63727569580078 2
      vertex -1 -45.96857452392578 2
    endloop
  endfacet
  facet normal 0 0 1
    outer loop
      vertex -5.765328407287598 -45.63727569580078 2
      vertex -1 -45.96857452392578 2
      vertex -5.765328407287598 45.63727569580078 2
    endloop
  endfacet
  facet normal 0 0 1
    outer loop
      vertex -1 -45.96857452392578 2
      vertex -5.765328407287598 -45.63727569580078 2
      vertex -2.888363838195801 -45.90922927856445 2
    endloop
  endfacet
  facet normal 0 0 1
    outer loop
      vertex -8.619540214538574 45.185211181640625 2
      vertex -5.765328407287598 -45.63727569580078 2
      vertex -5.765328407287598 45.63727569580078 2
    endloop
  endfacet
  facet normal 0 0 1
    outer loop
      vertex -8.619540214538574 45.185211181640625 2
      vertex -8.619540214538574 -45.185211181640625 2
      vertex -5.765328407287598 -45.63727569580078 2
    endloop
  endfacet
  facet normal 0 0 1
    outer loop
      vertex -11.43973445892334 44.55482482910156 2
      vertex -8.619540214538574 -45.185211181640625 2
      vertex -8.619540214538574 45.185211181640625 2
    endloop
  endfacet
  facet normal 0 0 1
    outer loop
      vertex -11.43973445892334 44.55482482910156 2
      vertex -11.43973445892334 -44.55482482910156 2
      vertex -8.619540214538574 -45.185211181640625 2
    endloop
  endfacet
  facet normal 0 0 1
    outer loop
      vertex -14.214780807495117 43.748600006103516 2
      vertex -11.43973445892334 -44.55482482910156 2
      vertex -11.43973445892334 44.55482482910156 2
    endloop
  endfacet
  facet normal 0 0 1
    outer loop
      vertex -14.214780807495117 43.748600006103516 2
      vertex -14.214780807495117 -43.748600006103516 2
      vertex -11.43973445892334 -44.55482482910156 2
    endloop
  endfacet
  facet normal 0 0 1
    outer loop
      vertex -16.93372917175293 42.769718170166016 2
      vertex -14.214780807495117 -43.748600006103516 2
      vertex -14.214780807495117 43.748600006103516 2
    endloop
  endfacet
  facet normal 0 0 1
    outer loop
      vertex -16.93372917175293 42.769718170166016 2
      vertex -16.93372917175293 -42.769718170166016 2
      vertex -14.214780807495117 -43.748600006103516 2
    endloop
  endfacet
  facet normal 0 0 1
    outer loop
      vertex -19.585845947265625 41.62204360961914 2
      vertex -16.93372917175293 -42.769718170166016 2
      vertex -16.93372917175293 42.769718170166016 2
    endloop
  endfacet
  facet normal 0 0 1
    outer loop
      vertex -19.585845947265625 41.62204360961914 2
      vertex -19.585845947265625 -41.62204360961914 2
      vertex -16.93372917175293 -42.769718170166016 2
    endloop
  endfacet
  facet normal 0 0 1
    outer loop
      vertex -22.160667419433594 40.31010818481445 2
      vertex -19.585845947265625 -41.62204360961914 2
      vertex -19.585845947265625 41.62204360961914 2
    endloop
  endfacet
  facet normal 0 0 1
    outer loop
      vertex -22.160667419433594 40.31010818481445 2
      vertex -22.160667419433594 -40.31010818481445 2
      vertex -19.585845947265625 -41.62204360961914 2
    endloop
  endfacet
  facet normal 0 0 1
    outer loop
      vertex -24.648033142089844 38.83908462524414 2
      vertex -22.160667419433594 -40.31010818481445 2
      vertex -22.160667419433594 40.31010818481445 2
    endloop
  endfacet
  facet normal 0 0 1
    outer loop
      vertex -24.648033142089844 38.83908462524414 2
      vertex -24.648033142089844 -38.83908462524414 2
      vertex -22.160667419433594 -40.31010818481445 2
    endloop
  endfacet
  facet normal 0 0 1
    outer loop
      vertex -27.03812026977539 37.21478271484375 2
      vertex -24.648033142089844 -38.83908462524414 2
      vertex -24.648033142089844 38.83908462524414 2
    endloop
  endfacet
  facet normal 0 0 1
    outer loop
      vertex -27.03812026977539 37.21478271484375 2
      vertex -27.03812026977539 -37.21478271484375 2
      vertex -24.648033142089844 -38.83908462524414 2
    endloop
  endfacet
  facet normal 0 0 1
    outer loop
      vertex -29.321502685546875 35.443607330322266 2
      vertex -27.03812026977539 -37.21478271484375 2
      vertex -27.03812026977539 37.21478271484375 2
    endloop
  endfacet
  facet normal 0 0 1
    outer loop
      vertex -29.321502685546875 35.443607330322266 2
      vertex -29.321502685546875 -35.443607330322266 2
      vertex -27.03812026977539 -37.21478271484375 2
    endloop
  endfacet
  facet normal 0 0 1
    outer loop
      vertex -31.489166259765625 33.532554626464844 2
      vertex -29.321502685546875 -35.443607330322266 2
      vertex -29.321502685546875 35.443607330322266 2
    endloop
  endfacet
  facet normal 0 0 1
    outer loop
      vertex -31.489166259765625 33.532554626464844 2
      vertex -31.489166259765625 -33.532554626464844 2
      vertex -29.321502685546875 -35.443607330322266 2
    endloop
  endfacet
  facet normal 0 0 1
    outer loop
      vertex -33.532554626464844 31.489166259765625 2
      vertex -31.489166259765625 -33.532554626464844 2
      vertex -31.489166259765625 33.532554626464844 2
    endloop
  endfacet
  facet normal 0 0 1
    outer loop
      vertex -33.532554626464844 31.489166259765625 2
      vertex -33.532554626464844 -31.489166259765625 2
      vertex -31.489166259765625 -33.532554626464844 2
    endloop
  endfacet
  facet normal 0 0 1
    outer loop
      vertex -35.443607330322266 29.321502685546875 2
      vertex -33.532554626464844 -31.489166259765625 2
      vertex -33.532554626464844 31.489166259765625 2
    endloop
  endfacet
  facet normal 0 0 1
    outer loop
      vertex -35.443607330322266 29.321502685546875 2
      vertex -35.443607330322266 -29.321502685546875 2
      vertex -33.532554626464844 -31.489166259765625 2
    endloop
  endfacet
  facet normal 0 0 1
    outer loop
      vertex -37.21478271484375 27.03812026977539 2
      vertex -35.443607330322266 -29.321502685546875 2
      vertex -35.443607330322266 29.321502685546875 2
    endloop
  endfacet
  facet normal 0 0 1
    outer loop
      vertex -37.21478271484375 27.03812026977539 2
      vertex -37.21478271484375 -27.03812026977539 2
      vertex -35.443607330322266 -29.321502685546875 2
    endloop
  endfacet
  facet normal 0 0 1
    outer loop
      vertex -38.83908462524414 24.648033142089844 2
      vertex -37.21478271484375 -27.03812026977539 2
      vertex -37.21478271484375 27.03812026977539 2
    endloop
  endfacet
  facet normal 0 0 1
    outer loop
      vertex -38.83908462524414 24.648033142089844 2
      vertex -38.83908462524414 -24.648033142089844 2
      vertex -37.21478271484375 -27.03812026977539 2
    endloop
  endfacet
  facet normal 0 0 1
    outer loop
      vertex -40.31010818481445 22.160667419433594 2
      vertex -38.83908462524414 -24.648033142089844 2
      vertex -38.83908462524414 24.648033142089844 2
    endloop
  endfacet
  facet normal 0 0 1
    outer loop
      vertex -40.31010818481445 22.160667419433594 2
      vertex -40.31010818481445 -22.160667419433594 2
      vertex -38.83908462524414 -24.648033142089844 2
    endloop
  endfacet
  facet normal 0 0 1
    outer loop
      vertex -41.62204360961914 19.585845947265625 2
      vertex -40.31010818481445 -22.160667419433594 2
      vertex -40.31010818481445 22.160667419433594 2
    endloop
  endfacet
  facet normal 0 0 1
    outer loop
      vertex -41.62204360961914 19.585845947265625 2
      vertex -41.62204360961914 -19.585845947265625 2
      vertex -40.31010818481445 -22.160667419433594 2
    endloop
  endfacet
  facet normal 0 0 1
    outer loop
      vertex -42.769718170166016 16.93372917175293 2
      vertex -41.62204360961914 -19.585845947265625 2
      vertex -41.62204360961914 19.585845947265625 2
    endloop
  endfacet
  facet normal 0 0 1
    outer loop
      vertex -42.769718170166016 16.93372917175293 2
      vertex -42.769718170166016 -16.93372917175293 2
      vertex -41.62204360961914 -19.585845947265625 2
    endloop
  endfacet
  facet normal 0 0 1
    outer loop
      vertex -43.748600006103516 14.214780807495117 2
      vertex -42.769718170166016 -16.93372917175293 2
      vertex -42.769718170166016 16.93372917175293 2
    endloop
  endfacet
  facet normal 0 0 1
    outer loop
      vertex -43.748600006103516 14.214780807495117 2
      vertex -43.748600006103516 -14.214780807495117 2
      vertex -42.769718170166016 -16.93372917175293 2
    endloop
  endfacet
  facet normal 0 0 1
    outer loop
      vertex -44.55482482910156 11.43973445892334 2
      vertex -43.748600006103516 -14.214780807495117 2
      vertex -43.748600006103516 14.214780807495117 2
    endloop
  endfacet
  facet normal 0 0 1
    outer loop
      vertex -44.55482482910156 11.43973445892334 2
      vertex -44.55482482910156 -11.43973445892334 2
      vertex -43.748600006103516 -14.214780807495117 2
    endloop
  endfacet
  facet normal 0 0 1
    outer loop
      vertex -45.185211181640625 8.619540214538574 2
      vertex -44.55482482910156 -11.43973445892334 2
      vertex -44.55482482910156 11.43973445892334 2
    endloop
  endfacet
  facet normal 0 0 1
    outer loop
      vertex -45.185211181640625 8.619540214538574 2
      vertex -45.185211181640625 -8.619540214538574 2
      vertex -44.55482482910156 -11.43973445892334 2
    endloop
  endfacet
  facet normal 0 0 1
    outer loop
      vertex -45.63727569580078 5.765328407287598 2
      vertex -45.185211181640625 -8.619540214538574 2
      vertex -45.185211181640625 8.619540214538574 2
    endloop
  endfacet
  facet normal 0 0 1
    outer loop
      vertex -45.63727569580078 5.765328407287598 2
      vertex -45.63727569580078 -5.765328407287598 2
      vertex -45.185211181640625 -8.619540214538574 2
    endloop
  endfacet
  facet normal 0 0 1
    outer loop
      vertex -45.90922927856445 2.888363838195801 2
      vertex -45.63727569580078 -5.765328407287598 2
      vertex -45.63727569580078 5.765328407287598 2
    endloop
  endfacet
  facet normal 0 0 1
    outer loop
      vertex -45.90922927856445 2.888363838195801 2
      vertex -45.90922927856445 -2.888363838195801 2
      vertex -45.63727569580078 -5.765328407287598 2
    endloop
  endfacet
  facet normal 0 0 1
    outer loop
      vertex -45.90922927856445 -2.888363838195801 2
      vertex -45.90922927856445 2.888363838195801 2
      vertex -46 0 2
    endloop
  endfacet
  facet normal 1 0 0
    outer loop
      vertex -1 -45.96857452392578 4
      vertex -1 -50.96857452392578 4
      vertex -1 -45.96857452392578 2
    endloop
  endfacet
  facet normal 1 0 0
    outer loop
      vertex -1 53.46857452392578 52
      vertex -1 50.96857452392578 48
      vertex -1 53.46857452392578 0
    endloop
  endfacet
  facet normal 1 0 0
    outer loop
      vertex -1 53.46857452392578 52
      vertex -1 -50.96857452392578 48
      vertex -1 50.96857452392578 48
    endloop
  endfacet
  facet normal 1 0 0
    outer loop
      vertex -1 -50.96857452392578 48
      vertex -1 -53.46857452392578 52
      vertex -1 -50.96857452392578 4
    endloop
  endfacet
  facet normal 1 0 0
    outer loop
      vertex -1 -53.46857452392578 52
      vertex -1 -50.96857452392578 48
      vertex -1 53.46857452392578 52
    endloop
  endfacet
  facet normal 1 0 0
    outer loop
      vertex -1 50.96857452392578 4
      vertex -1 53.46857452392578 0
      vertex -1 50.96857452392578 48
    endloop
  endfacet
  facet normal 1 0 0
    outer loop
      vertex -1 45.96857452392578 2
      vertex -1 50.96857452392578 4
      vertex -1 45.96857452392578 4
    endloop
  endfacet
  facet normal 1 0 0
    outer loop
      vertex -1 50.96857452392578 4
      vertex -1 45.96857452392578 2
      vertex -1 53.46857452392578 0
    endloop
  endfacet
  facet normal 1 0 0
    outer loop
      vertex -1 -45.96857452392578 2
      vertex -1 53.46857452392578 0
      vertex -1 45.96857452392578 2
    endloop
  endfacet
  facet normal 1 0 0
    outer loop
      vertex -1 -45.96857452392578 2
      vertex -1 -53.46857452392578 0
      vertex -1 53.46857452392578 0
    endloop
  endfacet
  facet normal 1 0 0
    outer loop
      vertex -1 -50.96857452392578 4
      vertex -1 -53.46857452392578 0
      vertex -1 -45.96857452392578 2
    endloop
  endfacet
  facet normal 1 0 0
    outer loop
      vertex -1 -53.46857452392578 0
      vertex -1 -50.96857452392578 4
      vertex -1 -53.46857452392578 52
    endloop
  endfacet
endsolid OpenSCAD_Model
