solid OpenSCAD_Model
  facet normal 0.9995065470156709 0.03141118388107106 0
    outer loop
      vertex 14.75 0 40
      vertex 14.720893859863281 0.9261598587036133 3
      vertex 14.720893859863281 0.9261598587036133 40
    endloop
  endfacet
  facet normal 0.9995065470156709 0.03141118388107106 0
    outer loop
      vertex 14.720893859863281 0.9261598587036133 3
      vertex 14.75 0 40
      vertex 14.75 0 3
    endloop
  endfacet
  facet normal 0.8607419641602178 -0.5090415220132934 0
    outer loop
      vertex 12.453836441040039 -7.903444290161133 40
      vertex 12.925522804260254 -7.105866432189941 3
      vertex 12.925522804260254 -7.105866432189941 40
    endloop
  endfacet
  facet normal 0.8607419641602178 -0.5090415220132934 0
    outer loop
      vertex 12.925522804260254 -7.105866432189941 3
      vertex 12.453836441040039 -7.903444290161133 40
      vertex 12.453836441040039 -7.903444290161133 3
    endloop
  endfacet
  facet normal -0.987688232571507 0.15643514707306944 0
    outer loop
      vertex -14.633691787719727 1.8486642837524414 3
      vertex -14.488736152648926 2.763874053955078 40
      vertex -14.488736152648926 2.763874053955078 3
    endloop
  endfacet
  facet normal -0.987688232571507 0.15643514707306944 0
    outer loop
      vertex -14.488736152648926 2.763874053955078 40
      vertex -14.633691787719727 1.8486642837524414 3
      vertex -14.633691787719727 1.8486642837524414 40
    endloop
  endfacet
  facet normal 0.397148407418539 0.9177544020515064 0
    outer loop
      vertex 6.280243873596191 13.346198081970215 3
      vertex 5.429836273193359 13.714202880859375 40
      vertex 6.280243873596191 13.346198081970215 40
    endloop
  endfacet
  facet normal 0.397148407418539 0.9177544020515064 0
    outer loop
      vertex 5.429836273193359 13.714202880859375 40
      vertex 6.280243873596191 13.346198081970215 3
      vertex 5.429836273193359 13.714202880859375 3
    endloop
  endfacet
  facet normal -0.7071067811865476 0.7071067811865476 0
    outer loop
      vertex -10.752286911010742 10.09706974029541 3
      vertex -10.09706974029541 10.752286911010742 40
      vertex -10.09706974029541 10.752286911010742 3
    endloop
  endfacet
  facet normal -0.7071067811865476 0.7071067811865476 0
    outer loop
      vertex -10.09706974029541 10.752286911010742 40
      vertex -10.752286911010742 10.09706974029541 3
      vertex -10.752286911010742 10.09706974029541 40
    endloop
  endfacet
  facet normal 0.9759168262136635 -0.21814295384689864 0
    outer loop
      vertex 14.286601066589355 -3.66817569732666 40
      vertex 14.488736152648926 -2.763874053955078 3
      vertex 14.488736152648926 -2.763874053955078 40
    endloop
  endfacet
  facet normal 0.9759168262136635 -0.21814295384689864 0
    outer loop
      vertex 14.488736152648926 -2.763874053955078 3
      vertex 14.286601066589355 -3.66817569732666 40
      vertex 14.286601066589355 -3.66817569732666 3
    endloop
  endfacet
  facet normal -0.15643514707306944 -0.987688232571507 0
    outer loop
      vertex -2.763874053955078 -14.488736152648926 3
      vertex -1.8486642837524414 -14.633691787719727 40
      vertex -2.763874053955078 -14.488736152648926 40
    endloop
  endfacet
  facet normal -0.15643514707306944 -0.987688232571507 0
    outer loop
      vertex -1.8486642837524414 -14.633691787719727 40
      vertex -2.763874053955078 -14.488736152648926 3
      vertex -1.8486642837524414 -14.633691787719727 3
    endloop
  endfacet
  facet normal 0.987688232571507 -0.15643514707306944 0
    outer loop
      vertex 14.488736152648926 -2.763874053955078 40
      vertex 14.633691787719727 -1.8486642837524414 3
      vertex 14.633691787719727 -1.8486642837524414 40
    endloop
  endfacet
  facet normal 0.987688232571507 -0.15643514707306944 0
    outer loop
      vertex 14.633691787719727 -1.8486642837524414 3
      vertex 14.488736152648926 -2.763874053955078 40
      vertex 14.488736152648926 -2.763874053955078 3
    endloop
  endfacet
  facet normal 0.5620827655923644 0.827080990365538 0
    outer loop
      vertex 8.669832229614258 11.933000564575195 3
      vertex 7.903444290161133 12.453836441040039 40
      vertex 8.669832229614258 11.933000564575195 40
    endloop
  endfacet
  facet normal 0.5620827655923644 0.827080990365538 0
    outer loop
      vertex 7.903444290161133 12.453836441040039 40
      vertex 8.669832229614258 11.933000564575195 3
      vertex 7.903444290161133 12.453836441040039 3
    endloop
  endfacet
  facet normal 0.7071067811865476 -0.7071067811865476 0
    outer loop
      vertex 10.09706974029541 -10.752286911010742 40
      vertex 10.752286911010742 -10.09706974029541 3
      vertex 10.752286911010742 -10.09706974029541 40
    endloop
  endfacet
  facet normal 0.7071067811865476 -0.7071067811865476 0
    outer loop
      vertex 10.752286911010742 -10.09706974029541 3
      vertex 10.09706974029541 -10.752286911010742 40
      vertex 10.09706974029541 -10.752286911010742 3
    endloop
  endfacet
  facet normal -0.8910067108411157 0.4539901334127169 0
    outer loop
      vertex -13.346198081970215 6.280243873596191 3
      vertex -12.925522804260254 7.105866432189941 40
      vertex -12.925522804260254 7.105866432189941 3
    endloop
  endfacet
  facet normal -0.8910067108411157 0.4539901334127169 0
    outer loop
      vertex -12.925522804260254 7.105866432189941 40
      vertex -13.346198081970215 6.280243873596191 3
      vertex -13.346198081970215 6.280243873596191 40
    endloop
  endfacet
  facet normal -0.827080990365538 -0.5620827655923644 0
    outer loop
      vertex -11.933000564575195 -8.669832229614258 3
      vertex -12.453836441040039 -7.903444290161133 40
      vertex -12.453836441040039 -7.903444290161133 3
    endloop
  endfacet
  facet normal -0.827080990365538 -0.5620827655923644 0
    outer loop
      vertex -12.453836441040039 -7.903444290161133 40
      vertex -11.933000564575195 -8.669832229614258 3
      vertex -11.933000564575195 -8.669832229614258 40
    endloop
  endfacet
  facet normal 0.4539901334127169 0.8910067108411157 0
    outer loop
      vertex 7.105866432189941 12.925522804260254 3
      vertex 6.280243873596191 13.346198081970215 40
      vertex 7.105866432189941 12.925522804260254 40
    endloop
  endfacet
  facet normal 0.4539901334127169 0.8910067108411157 0
    outer loop
      vertex 6.280243873596191 13.346198081970215 40
      vertex 7.105866432189941 12.925522804260254 3
      vertex 6.280243873596191 13.346198081970215 3
    endloop
  endfacet
  facet normal -0.5090415220132934 0.8607419641602178 0
    outer loop
      vertex -7.105866432189941 12.925522804260254 3
      vertex -7.903444290161133 12.453836441040039 40
      vertex -7.105866432189941 12.925522804260254 40
    endloop
  endfacet
  facet normal -0.5090415220132934 0.8607419641602178 0
    outer loop
      vertex -7.903444290161133 12.453836441040039 40
      vertex -7.105866432189941 12.925522804260254 3
      vertex -7.903444290161133 12.453836441040039 3
    endloop
  endfacet
  facet normal 0.15643514707306944 -0.987688232571507 0
    outer loop
      vertex 1.8486642837524414 -14.633691787719727 3
      vertex 2.763874053955078 -14.488736152648926 40
      vertex 1.8486642837524414 -14.633691787719727 40
    endloop
  endfacet
  facet normal 0.15643514707306944 -0.987688232571507 0
    outer loop
      vertex 2.763874053955078 -14.488736152648926 40
      vertex 1.8486642837524414 -14.633691787719727 3
      vertex 2.763874053955078 -14.488736152648926 3
    endloop
  endfacet
  facet normal 0.7071067811865476 0.7071067811865476 0
    outer loop
      vertex 10.752286911010742 10.09706974029541 40
      vertex 10.09706974029541 10.752286911010742 3
      vertex 10.09706974029541 10.752286911010742 40
    endloop
  endfacet
  facet normal 0.7071067811865476 0.7071067811865476 0
    outer loop
      vertex 10.09706974029541 10.752286911010742 3
      vertex 10.752286911010742 10.09706974029541 40
      vertex 10.752286911010742 10.09706974029541 3
    endloop
  endfacet
  facet normal 0.9955619919442803 0.09410802407837883 0
    outer loop
      vertex 14.720893859863281 0.9261598587036133 40
      vertex 14.633691787719727 1.8486642837524414 3
      vertex 14.633691787719727 1.8486642837524414 40
    endloop
  endfacet
  facet normal 0.9955619919442803 0.09410802407837883 0
    outer loop
      vertex 14.633691787719727 1.8486642837524414 3
      vertex 14.720893859863281 0.9261598587036133 40
      vertex 14.720893859863281 0.9261598587036133 3
    endloop
  endfacet
  facet normal -0.09410802407837883 -0.9955619919442803 0
    outer loop
      vertex -1.8486642837524414 -14.633691787719727 3
      vertex -0.9261598587036133 -14.720893859863281 40
      vertex -1.8486642837524414 -14.633691787719727 40
    endloop
  endfacet
  facet normal -0.09410802407837883 -0.9955619919442803 0
    outer loop
      vertex -0.9261598587036133 -14.720893859863281 40
      vertex -1.8486642837524414 -14.633691787719727 3
      vertex -0.9261598587036133 -14.720893859863281 3
    endloop
  endfacet
  facet normal 0.09410802407837883 0.9955619919442803 0
    outer loop
      vertex 1.8486642837524414 14.633691787719727 3
      vertex 0.9261598587036133 14.720893859863281 40
      vertex 1.8486642837524414 14.633691787719727 40
    endloop
  endfacet
  facet normal 0.09410802407837883 0.9955619919442803 0
    outer loop
      vertex 0.9261598587036133 14.720893859863281 40
      vertex 1.8486642837524414 14.633691787719727 3
      vertex 0.9261598587036133 14.720893859863281 3
    endloop
  endfacet
  facet normal 0.03141118388107106 0.9995065470156709 0
    outer loop
      vertex 0.9261598587036133 14.720893859863281 3
      vertex 0 14.75 40
      vertex 0.9261598587036133 14.720893859863281 40
    endloop
  endfacet
  facet normal 0.03141118388107106 0.9995065470156709 0
    outer loop
      vertex 0 14.75 40
      vertex 0.9261598587036133 14.720893859863281 3
      vertex 0 14.75 3
    endloop
  endfacet
  facet normal 0.9995065470156709 -0.03141118388107106 0
    outer loop
      vertex 14.720893859863281 -0.9261598587036133 40
      vertex 14.75 0 3
      vertex 14.75 0 40
    endloop
  endfacet
  facet normal 0.9995065470156709 -0.03141118388107106 0
    outer loop
      vertex 14.75 0 3
      vertex 14.720893859863281 -0.9261598587036133 40
      vertex 14.720893859863281 -0.9261598587036133 3
    endloop
  endfacet
  facet normal -0.7071067811865476 -0.7071067811865476 0
    outer loop
      vertex -10.09706974029541 -10.752286911010742 3
      vertex -10.752286911010742 -10.09706974029541 40
      vertex -10.752286911010742 -10.09706974029541 3
    endloop
  endfacet
  facet normal -0.7071067811865476 -0.7071067811865476 0
    outer loop
      vertex -10.752286911010742 -10.09706974029541 40
      vertex -10.09706974029541 -10.752286911010742 3
      vertex -10.09706974029541 -10.752286911010742 40
    endloop
  endfacet
  facet normal 0.7501116203376765 0.6613112406684052 0
    outer loop
      vertex 11.365069389343262 9.402003288269043 40
      vertex 10.752286911010742 10.09706974029541 3
      vertex 10.752286911010742 10.09706974029541 40
    endloop
  endfacet
  facet normal 0.7501116203376765 0.6613112406684052 0
    outer loop
      vertex 10.752286911010742 10.09706974029541 3
      vertex 11.365069389343262 9.402003288269043 40
      vertex 11.365069389343262 9.402003288269043 3
    endloop
  endfacet
  facet normal 0.8607419641602178 0.5090415220132934 0
    outer loop
      vertex 12.925522804260254 7.105866432189941 40
      vertex 12.453836441040039 7.903444290161133 3
      vertex 12.453836441040039 7.903444290161133 40
    endloop
  endfacet
  facet normal 0.8607419641602178 0.5090415220132934 0
    outer loop
      vertex 12.453836441040039 7.903444290161133 3
      vertex 12.925522804260254 7.105866432189941 40
      vertex 12.925522804260254 7.105866432189941 3
    endloop
  endfacet
  facet normal -0.397148407418539 -0.9177544020515064 0
    outer loop
      vertex -6.280243873596191 -13.346198081970215 3
      vertex -5.429836273193359 -13.714202880859375 40
      vertex -6.280243873596191 -13.346198081970215 40
    endloop
  endfacet
  facet normal -0.397148407418539 -0.9177544020515064 0
    outer loop
      vertex -5.429836273193359 -13.714202880859375 40
      vertex -6.280243873596191 -13.346198081970215 3
      vertex -5.429836273193359 -13.714202880859375 3
    endloop
  endfacet
  facet normal 0.9602936286399919 -0.2789913023616278 0
    outer loop
      vertex 14.028082847595215 -4.558000564575195 40
      vertex 14.286601066589355 -3.66817569732666 3
      vertex 14.286601066589355 -3.66817569732666 40
    endloop
  endfacet
  facet normal 0.9602936286399919 -0.2789913023616278 0
    outer loop
      vertex 14.286601066589355 -3.66817569732666 3
      vertex 14.028082847595215 -4.558000564575195 40
      vertex 14.028082847595215 -4.558000564575195 3
    endloop
  endfacet
  facet normal 0.5090415220132934 -0.8607419641602178 0
    outer loop
      vertex 7.105866432189941 -12.925522804260254 3
      vertex 7.903444290161133 -12.453836441040039 40
      vertex 7.105866432189941 -12.925522804260254 40
    endloop
  endfacet
  facet normal 0.5090415220132934 -0.8607419641602178 0
    outer loop
      vertex 7.903444290161133 -12.453836441040039 40
      vertex 7.105866432189941 -12.925522804260254 3
      vertex 7.903444290161133 -12.453836441040039 3
    endloop
  endfacet
  facet normal 0.21814295384689864 0.9759168262136635 0
    outer loop
      vertex 3.66817569732666 14.286601066589355 3
      vertex 2.763874053955078 14.488736152648926 40
      vertex 3.66817569732666 14.286601066589355 40
    endloop
  endfacet
  facet normal 0.21814295384689864 0.9759168262136635 0
    outer loop
      vertex 2.763874053955078 14.488736152648926 40
      vertex 3.66817569732666 14.286601066589355 3
      vertex 2.763874053955078 14.488736152648926 3
    endloop
  endfacet
  facet normal 0.6613112406684052 0.7501116203376765 0
    outer loop
      vertex 10.09706974029541 10.752286911010742 3
      vertex 9.402003288269043 11.365069389343262 40
      vertex 10.09706974029541 10.752286911010742 40
    endloop
  endfacet
  facet normal 0.6613112406684052 0.7501116203376765 0
    outer loop
      vertex 9.402003288269043 11.365069389343262 40
      vertex 10.09706974029541 10.752286911010742 3
      vertex 9.402003288269043 11.365069389343262 3
    endloop
  endfacet
  facet normal -0.3387377270451103 -0.9408808385105483 0
    outer loop
      vertex -5.429836273193359 -13.714202880859375 3
      vertex -4.558000564575195 -14.028082847595215 40
      vertex -5.429836273193359 -13.714202880859375 40
    endloop
  endfacet
  facet normal -0.3387377270451103 -0.9408808385105483 0
    outer loop
      vertex -4.558000564575195 -14.028082847595215 40
      vertex -5.429836273193359 -13.714202880859375 3
      vertex -4.558000564575195 -14.028082847595215 3
    endloop
  endfacet
  facet normal 0.7901544445483276 -0.6129077856909013 0
    outer loop
      vertex 11.365069389343262 -9.402003288269043 40
      vertex 11.933000564575195 -8.669832229614258 3
      vertex 11.933000564575195 -8.669832229614258 40
    endloop
  endfacet
  facet normal 0.7901544445483276 -0.6129077856909013 0
    outer loop
      vertex 11.933000564575195 -8.669832229614258 3
      vertex 11.365069389343262 -9.402003288269043 40
      vertex 11.365069389343262 -9.402003288269043 3
    endloop
  endfacet
  facet normal 0.9408808385105483 -0.3387377270451103 0
    outer loop
      vertex 13.714202880859375 -5.429836273193359 40
      vertex 14.028082847595215 -4.558000564575195 3
      vertex 14.028082847595215 -4.558000564575195 40
    endloop
  endfacet
  facet normal 0.9408808385105483 -0.3387377270451103 0
    outer loop
      vertex 14.028082847595215 -4.558000564575195 3
      vertex 13.714202880859375 -5.429836273193359 40
      vertex 13.714202880859375 -5.429836273193359 3
    endloop
  endfacet
  facet normal 0.8910067108411157 0.4539901334127169 0
    outer loop
      vertex 13.346198081970215 6.280243873596191 40
      vertex 12.925522804260254 7.105866432189941 3
      vertex 12.925522804260254 7.105866432189941 40
    endloop
  endfacet
  facet normal 0.8910067108411157 0.4539901334127169 0
    outer loop
      vertex 12.925522804260254 7.105866432189941 3
      vertex 13.346198081970215 6.280243873596191 40
      vertex 13.346198081970215 6.280243873596191 3
    endloop
  endfacet
  facet normal 0.987688232571507 0.15643514707306944 0
    outer loop
      vertex 14.633691787719727 1.8486642837524414 40
      vertex 14.488736152648926 2.763874053955078 3
      vertex 14.488736152648926 2.763874053955078 40
    endloop
  endfacet
  facet normal 0.987688232571507 0.15643514707306944 0
    outer loop
      vertex 14.488736152648926 2.763874053955078 3
      vertex 14.633691787719727 1.8486642837524414 40
      vertex 14.633691787719727 1.8486642837524414 3
    endloop
  endfacet
  facet normal 0.4539901334127169 -0.8910067108411157 0
    outer loop
      vertex 6.280243873596191 -13.346198081970215 3
      vertex 7.105866432189941 -12.925522804260254 40
      vertex 6.280243873596191 -13.346198081970215 40
    endloop
  endfacet
  facet normal 0.4539901334127169 -0.8910067108411157 0
    outer loop
      vertex 7.105866432189941 -12.925522804260254 40
      vertex 6.280243873596191 -13.346198081970215 3
      vertex 7.105866432189941 -12.925522804260254 3
    endloop
  endfacet
  facet normal 0.7501116203376765 -0.6613112406684052 0
    outer loop
      vertex 10.752286911010742 -10.09706974029541 40
      vertex 11.365069389343262 -9.402003288269043 3
      vertex 11.365069389343262 -9.402003288269043 40
    endloop
  endfacet
  facet normal 0.7501116203376765 -0.6613112406684052 0
    outer loop
      vertex 11.365069389343262 -9.402003288269043 3
      vertex 10.752286911010742 -10.09706974029541 40
      vertex 10.752286911010742 -10.09706974029541 3
    endloop
  endfacet
  facet normal -0.4539901334127169 -0.8910067108411157 0
    outer loop
      vertex -7.105866432189941 -12.925522804260254 3
      vertex -6.280243873596191 -13.346198081970215 40
      vertex -7.105866432189941 -12.925522804260254 40
    endloop
  endfacet
  facet normal -0.4539901334127169 -0.8910067108411157 0
    outer loop
      vertex -6.280243873596191 -13.346198081970215 40
      vertex -7.105866432189941 -12.925522804260254 3
      vertex -6.280243873596191 -13.346198081970215 3
    endloop
  endfacet
  facet normal -0.6129077856909013 -0.7901544445483276 0
    outer loop
      vertex -9.402003288269043 -11.365069389343262 3
      vertex -8.669832229614258 -11.933000564575195 40
      vertex -9.402003288269043 -11.365069389343262 40
    endloop
  endfacet
  facet normal -0.6129077856909013 -0.7901544445483276 0
    outer loop
      vertex -8.669832229614258 -11.933000564575195 40
      vertex -9.402003288269043 -11.365069389343262 3
      vertex -8.669832229614258 -11.933000564575195 3
    endloop
  endfacet
  facet normal -0.8910067108411157 -0.4539901334127169 0
    outer loop
      vertex -12.925522804260254 -7.105866432189941 3
      vertex -13.346198081970215 -6.280243873596191 40
      vertex -13.346198081970215 -6.280243873596191 3
    endloop
  endfacet
  facet normal -0.8910067108411157 -0.4539901334127169 0
    outer loop
      vertex -13.346198081970215 -6.280243873596191 40
      vertex -12.925522804260254 -7.105866432189941 3
      vertex -12.925522804260254 -7.105866432189941 40
    endloop
  endfacet
  facet normal -0.15643514707306944 0.987688232571507 0
    outer loop
      vertex -1.8486642837524414 14.633691787719727 3
      vertex -2.763874053955078 14.488736152648926 40
      vertex -1.8486642837524414 14.633691787719727 40
    endloop
  endfacet
  facet normal -0.15643514707306944 0.987688232571507 0
    outer loop
      vertex -2.763874053955078 14.488736152648926 40
      vertex -1.8486642837524414 14.633691787719727 3
      vertex -2.763874053955078 14.488736152648926 3
    endloop
  endfacet
  facet normal -0.987688232571507 -0.15643514707306944 0
    outer loop
      vertex -14.488736152648926 -2.763874053955078 3
      vertex -14.633691787719727 -1.8486642837524414 40
      vertex -14.633691787719727 -1.8486642837524414 3
    endloop
  endfacet
  facet normal -0.987688232571507 -0.15643514707306944 0
    outer loop
      vertex -14.633691787719727 -1.8486642837524414 40
      vertex -14.488736152648926 -2.763874053955078 3
      vertex -14.488736152648926 -2.763874053955078 40
    endloop
  endfacet
  facet normal -0.9995065470156709 -0.03141118388107106 0
    outer loop
      vertex -14.720893859863281 -0.9261598587036133 3
      vertex -14.75 0 40
      vertex -14.75 0 3
    endloop
  endfacet
  facet normal -0.9995065470156709 -0.03141118388107106 0
    outer loop
      vertex -14.75 0 40
      vertex -14.720893859863281 -0.9261598587036133 3
      vertex -14.720893859863281 -0.9261598587036133 40
    endloop
  endfacet
  facet normal -0.9955619919442803 -0.09410802407837883 0
    outer loop
      vertex -14.633691787719727 -1.8486642837524414 3
      vertex -14.720893859863281 -0.9261598587036133 40
      vertex -14.720893859863281 -0.9261598587036133 3
    endloop
  endfacet
  facet normal -0.9955619919442803 -0.09410802407837883 0
    outer loop
      vertex -14.720893859863281 -0.9261598587036133 40
      vertex -14.633691787719727 -1.8486642837524414 3
      vertex -14.633691787719727 -1.8486642837524414 40
    endloop
  endfacet
  facet normal -0.5090415220132934 -0.8607419641602178 0
    outer loop
      vertex -7.903444290161133 -12.453836441040039 3
      vertex -7.105866432189941 -12.925522804260254 40
      vertex -7.903444290161133 -12.453836441040039 40
    endloop
  endfacet
  facet normal -0.5090415220132934 -0.8607419641602178 0
    outer loop
      vertex -7.105866432189941 -12.925522804260254 40
      vertex -7.903444290161133 -12.453836441040039 3
      vertex -7.105866432189941 -12.925522804260254 3
    endloop
  endfacet
  facet normal -0.03141118388107106 0.9995065470156709 0
    outer loop
      vertex 0 14.75 3
      vertex -0.9261598587036133 14.720893859863281 40
      vertex 0 14.75 40
    endloop
  endfacet
  facet normal -0.03141118388107106 0.9995065470156709 0
    outer loop
      vertex -0.9261598587036133 14.720893859863281 40
      vertex 0 14.75 3
      vertex -0.9261598587036133 14.720893859863281 3
    endloop
  endfacet
  facet normal 0.6129077856909013 -0.7901544445483276 0
    outer loop
      vertex 8.669832229614258 -11.933000564575195 3
      vertex 9.402003288269043 -11.365069389343262 40
      vertex 8.669832229614258 -11.933000564575195 40
    endloop
  endfacet
  facet normal 0.6129077856909013 -0.7901544445483276 0
    outer loop
      vertex 9.402003288269043 -11.365069389343262 40
      vertex 8.669832229614258 -11.933000564575195 3
      vertex 9.402003288269043 -11.365069389343262 3
    endloop
  endfacet
  facet normal 0.7901544445483276 0.6129077856909013 0
    outer loop
      vertex 11.933000564575195 8.669832229614258 40
      vertex 11.365069389343262 9.402003288269043 3
      vertex 11.365069389343262 9.402003288269043 40
    endloop
  endfacet
  facet normal 0.7901544445483276 0.6129077856909013 0
    outer loop
      vertex 11.365069389343262 9.402003288269043 3
      vertex 11.933000564575195 8.669832229614258 40
      vertex 11.933000564575195 8.669832229614258 3
    endloop
  endfacet
  facet normal 0.2789913023616278 -0.9602936286399919 0
    outer loop
      vertex 3.66817569732666 -14.286601066589355 3
      vertex 4.558000564575195 -14.028082847595215 40
      vertex 3.66817569732666 -14.286601066589355 40
    endloop
  endfacet
  facet normal 0.2789913023616278 -0.9602936286399919 0
    outer loop
      vertex 4.558000564575195 -14.028082847595215 40
      vertex 3.66817569732666 -14.286601066589355 3
      vertex 4.558000564575195 -14.028082847595215 3
    endloop
  endfacet
  facet normal 0.827080990365538 0.5620827655923644 0
    outer loop
      vertex 12.453836441040039 7.903444290161133 40
      vertex 11.933000564575195 8.669832229614258 3
      vertex 11.933000564575195 8.669832229614258 40
    endloop
  endfacet
  facet normal 0.827080990365538 0.5620827655923644 0
    outer loop
      vertex 11.933000564575195 8.669832229614258 3
      vertex 12.453836441040039 7.903444290161133 40
      vertex 12.453836441040039 7.903444290161133 3
    endloop
  endfacet
  facet normal 0.15643514707306944 0.987688232571507 0
    outer loop
      vertex 2.763874053955078 14.488736152648926 3
      vertex 1.8486642837524414 14.633691787719727 40
      vertex 2.763874053955078 14.488736152648926 40
    endloop
  endfacet
  facet normal 0.15643514707306944 0.987688232571507 0
    outer loop
      vertex 1.8486642837524414 14.633691787719727 40
      vertex 2.763874053955078 14.488736152648926 3
      vertex 1.8486642837524414 14.633691787719727 3
    endloop
  endfacet
  facet normal 0.827080990365538 -0.5620827655923644 0
    outer loop
      vertex 11.933000564575195 -8.669832229614258 40
      vertex 12.453836441040039 -7.903444290161133 3
      vertex 12.453836441040039 -7.903444290161133 40
    endloop
  endfacet
  facet normal 0.827080990365538 -0.5620827655923644 0
    outer loop
      vertex 12.453836441040039 -7.903444290161133 3
      vertex 11.933000564575195 -8.669832229614258 40
      vertex 11.933000564575195 -8.669832229614258 3
    endloop
  endfacet
  facet normal 0.9177544020515064 0.397148407418539 0
    outer loop
      vertex 13.714202880859375 5.429836273193359 40
      vertex 13.346198081970215 6.280243873596191 3
      vertex 13.346198081970215 6.280243873596191 40
    endloop
  endfacet
  facet normal 0.9177544020515064 0.397148407418539 0
    outer loop
      vertex 13.346198081970215 6.280243873596191 3
      vertex 13.714202880859375 5.429836273193359 40
      vertex 13.714202880859375 5.429836273193359 3
    endloop
  endfacet
  facet normal -0.827080990365538 0.5620827655923644 0
    outer loop
      vertex -12.453836441040039 7.903444290161133 3
      vertex -11.933000564575195 8.669832229614258 40
      vertex -11.933000564575195 8.669832229614258 3
    endloop
  endfacet
  facet normal -0.827080990365538 0.5620827655923644 0
    outer loop
      vertex -11.933000564575195 8.669832229614258 40
      vertex -12.453836441040039 7.903444290161133 3
      vertex -12.453836441040039 7.903444290161133 40
    endloop
  endfacet
  facet normal -0.9759168262136635 0.21814295384689864 0
    outer loop
      vertex -14.488736152648926 2.763874053955078 3
      vertex -14.286601066589355 3.66817569732666 40
      vertex -14.286601066589355 3.66817569732666 3
    endloop
  endfacet
  facet normal -0.9759168262136635 0.21814295384689864 0
    outer loop
      vertex -14.286601066589355 3.66817569732666 40
      vertex -14.488736152648926 2.763874053955078 3
      vertex -14.488736152648926 2.763874053955078 40
    endloop
  endfacet
  facet normal 0 0 1
    outer loop
      vertex 14.75 0 3
      vertex 18 0 3
      vertex 17.964481353759766 1.1302289962768555 3
    endloop
  endfacet
  facet normal 0 0 1
    outer loop
      vertex 14.720893859863281 0.9261598587036133 3
      vertex 17.964481353759766 1.1302289962768555 3
      vertex 17.858062744140625 2.255997657775879 3
    endloop
  endfacet
  facet normal 0 0 1
    outer loop
      vertex 18 0 3
      vertex 14.75 0 3
      vertex 17.964481353759766 -1.1302289962768555 3
    endloop
  endfacet
  facet normal 0 0 1
    outer loop
      vertex 14.633691787719727 1.8486642837524414 3
      vertex 17.858062744140625 2.255997657775879 3
      vertex 17.681171417236328 3.3728628158569336 3
    endloop
  endfacet
  facet normal 0 0 1
    outer loop
      vertex 14.720893859863281 -0.9261598587036133 3
      vertex 17.964481353759766 -1.1302289962768555 3
      vertex 14.75 0 3
    endloop
  endfacet
  facet normal 0 0 1
    outer loop
      vertex 14.488736152648926 2.763874053955078 3
      vertex 17.681171417236328 3.3728628158569336 3
      vertex 17.434497833251953 4.476417541503906 3
    endloop
  endfacet
  facet normal 0 0 1
    outer loop
      vertex 17.964481353759766 -1.1302289962768555 3
      vertex 14.720893859863281 -0.9261598587036133 3
      vertex 17.858062744140625 -2.255997657775879 3
    endloop
  endfacet
  facet normal 0 0 1
    outer loop
      vertex 14.286601066589355 3.66817569732666 3
      vertex 17.434497833251953 4.476417541503906 3
      vertex 17.119016647338867 5.562305450439453 3
    endloop
  endfacet
  facet normal 0 0 1
    outer loop
      vertex 14.633691787719727 -1.8486642837524414 3
      vertex 17.858062744140625 -2.255997657775879 3
      vertex 14.720893859863281 -0.9261598587036133 3
    endloop
  endfacet
  facet normal 0 0 1
    outer loop
      vertex 14.028082847595215 4.558000564575195 3
      vertex 17.119016647338867 5.562305450439453 3
      vertex 16.735977172851562 6.626241683959961 3
    endloop
  endfacet
  facet normal 0 0 1
    outer loop
      vertex 17.858062744140625 -2.255997657775879 3
      vertex 14.633691787719727 -1.8486642837524414 3
      vertex 17.681171417236328 -3.3728628158569336 3
    endloop
  endfacet
  facet normal 0 0 1
    outer loop
      vertex 13.714202880859375 5.429836273193359 3
      vertex 16.735977172851562 6.626241683959961 3
      vertex 16.28688621520996 7.664027214050293 3
    endloop
  endfacet
  facet normal 0 0 1
    outer loop
      vertex 14.488736152648926 -2.763874053955078 3
      vertex 17.681171417236328 -3.3728628158569336 3
      vertex 14.633691787719727 -1.8486642837524414 3
    endloop
  endfacet
  facet normal 0 0 1
    outer loop
      vertex 13.346198081970215 6.280243873596191 3
      vertex 16.28688621520996 7.664027214050293 3
      vertex 15.773519515991211 8.671566009521484 3
    endloop
  endfacet
  facet normal 0 0 1
    outer loop
      vertex 17.681171417236328 -3.3728628158569336 3
      vertex 14.488736152648926 -2.763874053955078 3
      vertex 17.434497833251953 -4.476417541503906 3
    endloop
  endfacet
  facet normal 0 0 1
    outer loop
      vertex 12.925522804260254 7.105866432189941 3
      vertex 15.773519515991211 8.671566009521484 3
      vertex 15.197901725769043 9.644882202148438 3
    endloop
  endfacet
  facet normal 0 0 1
    outer loop
      vertex 14.286601066589355 -3.66817569732666 3
      vertex 17.434497833251953 -4.476417541503906 3
      vertex 14.488736152648926 -2.763874053955078 3
    endloop
  endfacet
  facet normal 0 0 1
    outer loop
      vertex 17.434497833251953 -4.476417541503906 3
      vertex 14.286601066589355 -3.66817569732666 3
      vertex 17.119016647338867 -5.562305450439453 3
    endloop
  endfacet
  facet normal 0 0 1
    outer loop
      vertex 17.964481353759766 1.1302289962768555 3
      vertex 14.720893859863281 0.9261598587036133 3
      vertex 14.75 0 3
    endloop
  endfacet
  facet normal 0 0 1
    outer loop
      vertex 17.858062744140625 2.255997657775879 3
      vertex 14.633691787719727 1.8486642837524414 3
      vertex 14.720893859863281 0.9261598587036133 3
    endloop
  endfacet
  facet normal 0 0 1
    outer loop
      vertex 12.453836441040039 7.903444290161133 3
      vertex 15.197901725769043 9.644882202148438 3
      vertex 14.562305450439453 10.580134391784668 3
    endloop
  endfacet
  facet normal 0 0 1
    outer loop
      vertex 17.681171417236328 3.3728628158569336 3
      vertex 14.488736152648926 2.763874053955078 3
      vertex 14.633691787719727 1.8486642837524414 3
    endloop
  endfacet
  facet normal 0 0 1
    outer loop
      vertex 17.434497833251953 4.476417541503906 3
      vertex 14.286601066589355 3.66817569732666 3
      vertex 14.488736152648926 2.763874053955078 3
    endloop
  endfacet
  facet normal 0 0 1
    outer loop
      vertex 17.119016647338867 5.562305450439453 3
      vertex 14.028082847595215 4.558000564575195 3
      vertex 14.286601066589355 3.66817569732666 3
    endloop
  endfacet
  facet normal 0 0 1
    outer loop
      vertex 11.933000564575195 8.669832229614258 3
      vertex 14.562305450439453 10.580134391784668 3
      vertex 13.869237899780273 11.473630905151367 3
    endloop
  endfacet
  facet normal 0 0 1
    outer loop
      vertex 16.735977172851562 6.626241683959961 3
      vertex 13.714202880859375 5.429836273193359 3
      vertex 14.028082847595215 4.558000564575195 3
    endloop
  endfacet
  facet normal 0 0 1
    outer loop
      vertex 16.28688621520996 7.664027214050293 3
      vertex 13.346198081970215 6.280243873596191 3
      vertex 13.714202880859375 5.429836273193359 3
    endloop
  endfacet
  facet normal 0 0 1
    outer loop
      vertex 11.365069389343262 9.402003288269043 3
      vertex 13.869237899780273 11.473630905151367 3
      vertex 13.121435165405273 12.321846961975098 3
    endloop
  endfacet
  facet normal 0 0 1
    outer loop
      vertex 15.773519515991211 8.671566009521484 3
      vertex 12.925522804260254 7.105866432189941 3
      vertex 13.346198081970215 6.280243873596191 3
    endloop
  endfacet
  facet normal 0 0 1
    outer loop
      vertex 15.197901725769043 9.644882202148438 3
      vertex 12.453836441040039 7.903444290161133 3
      vertex 12.925522804260254 7.105866432189941 3
    endloop
  endfacet
  facet normal 0 0 1
    outer loop
      vertex 10.752286911010742 10.09706974029541 3
      vertex 13.121435165405273 12.321846961975098 3
      vertex 12.321846961975098 13.121435165405273 3
    endloop
  endfacet
  facet normal 0 0 1
    outer loop
      vertex 14.562305450439453 10.580134391784668 3
      vertex 11.933000564575195 8.669832229614258 3
      vertex 12.453836441040039 7.903444290161133 3
    endloop
  endfacet
  facet normal 0 0 1
    outer loop
      vertex 10.09706974029541 10.752286911010742 3
      vertex 12.321846961975098 13.121435165405273 3
      vertex 11.473630905151367 13.869237899780273 3
    endloop
  endfacet
  facet normal 0 0 1
    outer loop
      vertex 13.869237899780273 11.473630905151367 3
      vertex 11.365069389343262 9.402003288269043 3
      vertex 11.933000564575195 8.669832229614258 3
    endloop
  endfacet
  facet normal 0 0 1
    outer loop
      vertex 13.121435165405273 12.321846961975098 3
      vertex 10.752286911010742 10.09706974029541 3
      vertex 11.365069389343262 9.402003288269043 3
    endloop
  endfacet
  facet normal 0 0 1
    outer loop
      vertex 9.402003288269043 11.365069389343262 3
      vertex 11.473630905151367 13.869237899780273 3
      vertex 10.580134391784668 14.562305450439453 3
    endloop
  endfacet
  facet normal 0 0 1
    outer loop
      vertex 12.321846961975098 13.121435165405273 3
      vertex 10.09706974029541 10.752286911010742 3
      vertex 10.752286911010742 10.09706974029541 3
    endloop
  endfacet
  facet normal 0 0 1
    outer loop
      vertex 8.669832229614258 11.933000564575195 3
      vertex 10.580134391784668 14.562305450439453 3
      vertex 9.644882202148438 15.197901725769043 3
    endloop
  endfacet
  facet normal 0 0 1
    outer loop
      vertex 11.473630905151367 13.869237899780273 3
      vertex 9.402003288269043 11.365069389343262 3
      vertex 10.09706974029541 10.752286911010742 3
    endloop
  endfacet
  facet normal 0 0 1
    outer loop
      vertex 7.903444290161133 12.453836441040039 3
      vertex 9.644882202148438 15.197901725769043 3
      vertex 8.671566009521484 15.773519515991211 3
    endloop
  endfacet
  facet normal 0 0 1
    outer loop
      vertex 10.580134391784668 14.562305450439453 3
      vertex 8.669832229614258 11.933000564575195 3
      vertex 9.402003288269043 11.365069389343262 3
    endloop
  endfacet
  facet normal 0 0 1
    outer loop
      vertex 9.644882202148438 15.197901725769043 3
      vertex 7.903444290161133 12.453836441040039 3
      vertex 8.669832229614258 11.933000564575195 3
    endloop
  endfacet
  facet normal 0 0 1
    outer loop
      vertex 7.105866432189941 12.925522804260254 3
      vertex 8.671566009521484 15.773519515991211 3
      vertex 7.664027214050293 16.28688621520996 3
    endloop
  endfacet
  facet normal 0 0 1
    outer loop
      vertex 8.671566009521484 15.773519515991211 3
      vertex 7.105866432189941 12.925522804260254 3
      vertex 7.903444290161133 12.453836441040039 3
    endloop
  endfacet
  facet normal 0 0 1
    outer loop
      vertex 6.280243873596191 13.346198081970215 3
      vertex 7.664027214050293 16.28688621520996 3
      vertex 6.626241683959961 16.735977172851562 3
    endloop
  endfacet
  facet normal 0 0 1
    outer loop
      vertex 7.664027214050293 16.28688621520996 3
      vertex 6.280243873596191 13.346198081970215 3
      vertex 7.105866432189941 12.925522804260254 3
    endloop
  endfacet
  facet normal 0 0 1
    outer loop
      vertex 5.429836273193359 13.714202880859375 3
      vertex 6.626241683959961 16.735977172851562 3
      vertex 5.562305450439453 17.119016647338867 3
    endloop
  endfacet
  facet normal 0 0 1
    outer loop
      vertex 6.626241683959961 16.735977172851562 3
      vertex 5.429836273193359 13.714202880859375 3
      vertex 6.280243873596191 13.346198081970215 3
    endloop
  endfacet
  facet normal 0 0 1
    outer loop
      vertex 5.562305450439453 17.119016647338867 3
      vertex 4.558000564575195 14.028082847595215 3
      vertex 5.429836273193359 13.714202880859375 3
    endloop
  endfacet
  facet normal 0 0 1
    outer loop
      vertex 4.476417541503906 17.434497833251953 3
      vertex 4.558000564575195 14.028082847595215 3
      vertex 5.562305450439453 17.119016647338867 3
    endloop
  endfacet
  facet normal 0 0 1
    outer loop
      vertex 4.476417541503906 17.434497833251953 3
      vertex 3.66817569732666 14.286601066589355 3
      vertex 4.558000564575195 14.028082847595215 3
    endloop
  endfacet
  facet normal 0 0 1
    outer loop
      vertex 3.3728628158569336 17.681171417236328 3
      vertex 3.66817569732666 14.286601066589355 3
      vertex 4.476417541503906 17.434497833251953 3
    endloop
  endfacet
  facet normal 0 0 1
    outer loop
      vertex 3.3728628158569336 17.681171417236328 3
      vertex 2.763874053955078 14.488736152648926 3
      vertex 3.66817569732666 14.286601066589355 3
    endloop
  endfacet
  facet normal 0 0 1
    outer loop
      vertex 2.255997657775879 17.858062744140625 3
      vertex 2.763874053955078 14.488736152648926 3
      vertex 3.3728628158569336 17.681171417236328 3
    endloop
  endfacet
  facet normal 0 0 1
    outer loop
      vertex 2.255997657775879 17.858062744140625 3
      vertex 1.8486642837524414 14.633691787719727 3
      vertex 2.763874053955078 14.488736152648926 3
    endloop
  endfacet
  facet normal 0 0 1
    outer loop
      vertex 1.1302289962768555 17.964481353759766 3
      vertex 1.8486642837524414 14.633691787719727 3
      vertex 2.255997657775879 17.858062744140625 3
    endloop
  endfacet
  facet normal 0 0 1
    outer loop
      vertex 1.1302289962768555 17.964481353759766 3
      vertex 0.9261598587036133 14.720893859863281 3
      vertex 1.8486642837524414 14.633691787719727 3
    endloop
  endfacet
  facet normal 0 0 1
    outer loop
      vertex 0 18 3
      vertex 0.9261598587036133 14.720893859863281 3
      vertex 1.1302289962768555 17.964481353759766 3
    endloop
  endfacet
  facet normal 0 0 1
    outer loop
      vertex 0 18 3
      vertex 0 14.75 3
      vertex 0.9261598587036133 14.720893859863281 3
    endloop
  endfacet
  facet normal 0 0 1
    outer loop
      vertex 0 18 3
      vertex -0.9261598587036133 14.720893859863281 3
      vertex 0 14.75 3
    endloop
  endfacet
  facet normal 0 0 1
    outer loop
      vertex -1.1302289962768555 17.964481353759766 3
      vertex -0.9261598587036133 14.720893859863281 3
      vertex 0 18 3
    endloop
  endfacet
  facet normal 0 0 1
    outer loop
      vertex -1.1302289962768555 17.964481353759766 3
      vertex -1.8486642837524414 14.633691787719727 3
      vertex -0.9261598587036133 14.720893859863281 3
    endloop
  endfacet
  facet normal 0 0 1
    outer loop
      vertex -2.255997657775879 17.858062744140625 3
      vertex -1.8486642837524414 14.633691787719727 3
      vertex -1.1302289962768555 17.964481353759766 3
    endloop
  endfacet
  facet normal 0 0 1
    outer loop
      vertex -2.255997657775879 17.858062744140625 3
      vertex -2.763874053955078 14.488736152648926 3
      vertex -1.8486642837524414 14.633691787719727 3
    endloop
  endfacet
  facet normal 0 0 1
    outer loop
      vertex -3.3728628158569336 17.681171417236328 3
      vertex -2.763874053955078 14.488736152648926 3
      vertex -2.255997657775879 17.858062744140625 3
    endloop
  endfacet
  facet normal 0 0 1
    outer loop
      vertex -3.3728628158569336 17.681171417236328 3
      vertex -3.66817569732666 14.286601066589355 3
      vertex -2.763874053955078 14.488736152648926 3
    endloop
  endfacet
  facet normal 0 0 1
    outer loop
      vertex -4.476417541503906 17.434497833251953 3
      vertex -3.66817569732666 14.286601066589355 3
      vertex -3.3728628158569336 17.681171417236328 3
    endloop
  endfacet
  facet normal 0 0 1
    outer loop
      vertex -4.476417541503906 17.434497833251953 3
      vertex -4.558000564575195 14.028082847595215 3
      vertex -3.66817569732666 14.286601066589355 3
    endloop
  endfacet
  facet normal 0 0 1
    outer loop
      vertex -5.562305450439453 17.119016647338867 3
      vertex -4.558000564575195 14.028082847595215 3
      vertex -4.476417541503906 17.434497833251953 3
    endloop
  endfacet
  facet normal 0 0 1
    outer loop
      vertex -4.558000564575195 14.028082847595215 3
      vertex -5.562305450439453 17.119016647338867 3
      vertex -5.429836273193359 13.714202880859375 3
    endloop
  endfacet
  facet normal 0 0 1
    outer loop
      vertex -6.626241683959961 16.735977172851562 3
      vertex -5.429836273193359 13.714202880859375 3
      vertex -5.562305450439453 17.119016647338867 3
    endloop
  endfacet
  facet normal 0 0 1
    outer loop
      vertex -5.429836273193359 13.714202880859375 3
      vertex -6.626241683959961 16.735977172851562 3
      vertex -6.280243873596191 13.346198081970215 3
    endloop
  endfacet
  facet normal 0 0 1
    outer loop
      vertex -7.664027214050293 16.28688621520996 3
      vertex -6.280243873596191 13.346198081970215 3
      vertex -6.626241683959961 16.735977172851562 3
    endloop
  endfacet
  facet normal 0 0 1
    outer loop
      vertex -6.280243873596191 13.346198081970215 3
      vertex -7.664027214050293 16.28688621520996 3
      vertex -7.105866432189941 12.925522804260254 3
    endloop
  endfacet
  facet normal 0 0 1
    outer loop
      vertex -8.671566009521484 15.773519515991211 3
      vertex -7.105866432189941 12.925522804260254 3
      vertex -7.664027214050293 16.28688621520996 3
    endloop
  endfacet
  facet normal 0 0 1
    outer loop
      vertex -7.105866432189941 12.925522804260254 3
      vertex -8.671566009521484 15.773519515991211 3
      vertex -7.903444290161133 12.453836441040039 3
    endloop
  endfacet
  facet normal 0 0 1
    outer loop
      vertex -9.644882202148438 15.197901725769043 3
      vertex -7.903444290161133 12.453836441040039 3
      vertex -8.671566009521484 15.773519515991211 3
    endloop
  endfacet
  facet normal 0 0 1
    outer loop
      vertex -7.903444290161133 12.453836441040039 3
      vertex -9.644882202148438 15.197901725769043 3
      vertex -8.669832229614258 11.933000564575195 3
    endloop
  endfacet
  facet normal 0 0 1
    outer loop
      vertex -10.580134391784668 14.562305450439453 3
      vertex -8.669832229614258 11.933000564575195 3
      vertex -9.644882202148438 15.197901725769043 3
    endloop
  endfacet
  facet normal 0 0 1
    outer loop
      vertex -8.669832229614258 11.933000564575195 3
      vertex -10.580134391784668 14.562305450439453 3
      vertex -9.402003288269043 11.365069389343262 3
    endloop
  endfacet
  facet normal 0 0 1
    outer loop
      vertex -11.473630905151367 13.869237899780273 3
      vertex -9.402003288269043 11.365069389343262 3
      vertex -10.580134391784668 14.562305450439453 3
    endloop
  endfacet
  facet normal 0 0 1
    outer loop
      vertex -9.402003288269043 11.365069389343262 3
      vertex -11.473630905151367 13.869237899780273 3
      vertex -10.09706974029541 10.752286911010742 3
    endloop
  endfacet
  facet normal 0 0 1
    outer loop
      vertex -12.321846961975098 13.121435165405273 3
      vertex -10.09706974029541 10.752286911010742 3
      vertex -11.473630905151367 13.869237899780273 3
    endloop
  endfacet
  facet normal 0 0 1
    outer loop
      vertex -10.09706974029541 10.752286911010742 3
      vertex -12.321846961975098 13.121435165405273 3
      vertex -10.752286911010742 10.09706974029541 3
    endloop
  endfacet
  facet normal 0 0 1
    outer loop
      vertex -13.121435165405273 12.321846961975098 3
      vertex -10.752286911010742 10.09706974029541 3
      vertex -12.321846961975098 13.121435165405273 3
    endloop
  endfacet
  facet normal 0 0 1
    outer loop
      vertex -10.752286911010742 10.09706974029541 3
      vertex -13.121435165405273 12.321846961975098 3
      vertex -11.365069389343262 9.402003288269043 3
    endloop
  endfacet
  facet normal 0 0 1
    outer loop
      vertex -13.869237899780273 11.473630905151367 3
      vertex -11.365069389343262 9.402003288269043 3
      vertex -13.121435165405273 12.321846961975098 3
    endloop
  endfacet
  facet normal 0 0 1
    outer loop
      vertex -11.365069389343262 9.402003288269043 3
      vertex -13.869237899780273 11.473630905151367 3
      vertex -11.933000564575195 8.669832229614258 3
    endloop
  endfacet
  facet normal 0 0 1
    outer loop
      vertex -14.562305450439453 10.580134391784668 3
      vertex -11.933000564575195 8.669832229614258 3
      vertex -13.869237899780273 11.473630905151367 3
    endloop
  endfacet
  facet normal 0 0 1
    outer loop
      vertex -11.933000564575195 8.669832229614258 3
      vertex -14.562305450439453 10.580134391784668 3
      vertex -12.453836441040039 7.903444290161133 3
    endloop
  endfacet
  facet normal 0 0 1
    outer loop
      vertex -15.197901725769043 9.644882202148438 3
      vertex -12.453836441040039 7.903444290161133 3
      vertex -14.562305450439453 10.580134391784668 3
    endloop
  endfacet
  facet normal 0 0 1
    outer loop
      vertex -12.453836441040039 7.903444290161133 3
      vertex -15.197901725769043 9.644882202148438 3
      vertex -12.925522804260254 7.105866432189941 3
    endloop
  endfacet
  facet normal 0 0 1
    outer loop
      vertex -15.773519515991211 8.671566009521484 3
      vertex -12.925522804260254 7.105866432189941 3
      vertex -15.197901725769043 9.644882202148438 3
    endloop
  endfacet
  facet normal 0 0 1
    outer loop
      vertex -12.925522804260254 7.105866432189941 3
      vertex -15.773519515991211 8.671566009521484 3
      vertex -13.346198081970215 6.280243873596191 3
    endloop
  endfacet
  facet normal 0 0 1
    outer loop
      vertex -16.28688621520996 7.664027214050293 3
      vertex -13.346198081970215 6.280243873596191 3
      vertex -15.773519515991211 8.671566009521484 3
    endloop
  endfacet
  facet normal 0 0 1
    outer loop
      vertex -13.346198081970215 6.280243873596191 3
      vertex -16.28688621520996 7.664027214050293 3
      vertex -13.714202880859375 5.429836273193359 3
    endloop
  endfacet
  facet normal 0 0 1
    outer loop
      vertex -16.735977172851562 6.626241683959961 3
      vertex -13.714202880859375 5.429836273193359 3
      vertex -16.28688621520996 7.664027214050293 3
    endloop
  endfacet
  facet normal 0 0 1
    outer loop
      vertex -13.714202880859375 5.429836273193359 3
      vertex -16.735977172851562 6.626241683959961 3
      vertex -14.028082847595215 4.558000564575195 3
    endloop
  endfacet
  facet normal 0 0 1
    outer loop
      vertex -17.119016647338867 5.562305450439453 3
      vertex -14.028082847595215 4.558000564575195 3
      vertex -16.735977172851562 6.626241683959961 3
    endloop
  endfacet
  facet normal 0 0 1
    outer loop
      vertex -14.028082847595215 4.558000564575195 3
      vertex -17.119016647338867 5.562305450439453 3
      vertex -14.286601066589355 3.66817569732666 3
    endloop
  endfacet
  facet normal 0 0 1
    outer loop
      vertex 14.028082847595215 -4.558000564575195 3
      vertex 17.119016647338867 -5.562305450439453 3
      vertex 14.286601066589355 -3.66817569732666 3
    endloop
  endfacet
  facet normal 0 0 1
    outer loop
      vertex 17.119016647338867 -5.562305450439453 3
      vertex 14.028082847595215 -4.558000564575195 3
      vertex 16.735977172851562 -6.626241683959961 3
    endloop
  endfacet
  facet normal 0 0 1
    outer loop
      vertex 13.714202880859375 -5.429836273193359 3
      vertex 16.735977172851562 -6.626241683959961 3
      vertex 14.028082847595215 -4.558000564575195 3
    endloop
  endfacet
  facet normal 0 0 1
    outer loop
      vertex 16.735977172851562 -6.626241683959961 3
      vertex 13.714202880859375 -5.429836273193359 3
      vertex 16.28688621520996 -7.664027214050293 3
    endloop
  endfacet
  facet normal 0 0 1
    outer loop
      vertex 13.346198081970215 -6.280243873596191 3
      vertex 16.28688621520996 -7.664027214050293 3
      vertex 13.714202880859375 -5.429836273193359 3
    endloop
  endfacet
  facet normal 0 0 1
    outer loop
      vertex 16.28688621520996 -7.664027214050293 3
      vertex 13.346198081970215 -6.280243873596191 3
      vertex 15.773519515991211 -8.671566009521484 3
    endloop
  endfacet
  facet normal 0 0 1
    outer loop
      vertex 12.925522804260254 -7.105866432189941 3
      vertex 15.773519515991211 -8.671566009521484 3
      vertex 13.346198081970215 -6.280243873596191 3
    endloop
  endfacet
  facet normal 0 0 1
    outer loop
      vertex 15.773519515991211 -8.671566009521484 3
      vertex 12.925522804260254 -7.105866432189941 3
      vertex 15.197901725769043 -9.644882202148438 3
    endloop
  endfacet
  facet normal 0 0 1
    outer loop
      vertex 12.453836441040039 -7.903444290161133 3
      vertex 15.197901725769043 -9.644882202148438 3
      vertex 12.925522804260254 -7.105866432189941 3
    endloop
  endfacet
  facet normal 0 0 1
    outer loop
      vertex 15.197901725769043 -9.644882202148438 3
      vertex 12.453836441040039 -7.903444290161133 3
      vertex 14.562305450439453 -10.580134391784668 3
    endloop
  endfacet
  facet normal 0 0 1
    outer loop
      vertex 11.933000564575195 -8.669832229614258 3
      vertex 14.562305450439453 -10.580134391784668 3
      vertex 12.453836441040039 -7.903444290161133 3
    endloop
  endfacet
  facet normal 0 0 1
    outer loop
      vertex 14.562305450439453 -10.580134391784668 3
      vertex 11.933000564575195 -8.669832229614258 3
      vertex 13.869237899780273 -11.473630905151367 3
    endloop
  endfacet
  facet normal 0 0 1
    outer loop
      vertex 11.365069389343262 -9.402003288269043 3
      vertex 13.869237899780273 -11.473630905151367 3
      vertex 11.933000564575195 -8.669832229614258 3
    endloop
  endfacet
  facet normal 0 0 1
    outer loop
      vertex 13.869237899780273 -11.473630905151367 3
      vertex 11.365069389343262 -9.402003288269043 3
      vertex 13.121435165405273 -12.321846961975098 3
    endloop
  endfacet
  facet normal 0 0 1
    outer loop
      vertex 10.752286911010742 -10.09706974029541 3
      vertex 13.121435165405273 -12.321846961975098 3
      vertex 11.365069389343262 -9.402003288269043 3
    endloop
  endfacet
  facet normal 0 0 1
    outer loop
      vertex 13.121435165405273 -12.321846961975098 3
      vertex 10.752286911010742 -10.09706974029541 3
      vertex 12.321846961975098 -13.121435165405273 3
    endloop
  endfacet
  facet normal 0 0 1
    outer loop
      vertex 10.09706974029541 -10.752286911010742 3
      vertex 12.321846961975098 -13.121435165405273 3
      vertex 10.752286911010742 -10.09706974029541 3
    endloop
  endfacet
  facet normal 0 0 1
    outer loop
      vertex 12.321846961975098 -13.121435165405273 3
      vertex 10.09706974029541 -10.752286911010742 3
      vertex 11.473630905151367 -13.869237899780273 3
    endloop
  endfacet
  facet normal 0 0 1
    outer loop
      vertex 9.402003288269043 -11.365069389343262 3
      vertex 11.473630905151367 -13.869237899780273 3
      vertex 10.09706974029541 -10.752286911010742 3
    endloop
  endfacet
  facet normal 0 0 1
    outer loop
      vertex 11.473630905151367 -13.869237899780273 3
      vertex 9.402003288269043 -11.365069389343262 3
      vertex 10.580134391784668 -14.562305450439453 3
    endloop
  endfacet
  facet normal 0 0 1
    outer loop
      vertex 8.669832229614258 -11.933000564575195 3
      vertex 10.580134391784668 -14.562305450439453 3
      vertex 9.402003288269043 -11.365069389343262 3
    endloop
  endfacet
  facet normal 0 0 1
    outer loop
      vertex 10.580134391784668 -14.562305450439453 3
      vertex 8.669832229614258 -11.933000564575195 3
      vertex 9.644882202148438 -15.197901725769043 3
    endloop
  endfacet
  facet normal 0 0 1
    outer loop
      vertex 7.903444290161133 -12.453836441040039 3
      vertex 9.644882202148438 -15.197901725769043 3
      vertex 8.669832229614258 -11.933000564575195 3
    endloop
  endfacet
  facet normal 0 0 1
    outer loop
      vertex 9.644882202148438 -15.197901725769043 3
      vertex 7.903444290161133 -12.453836441040039 3
      vertex 8.671566009521484 -15.773519515991211 3
    endloop
  endfacet
  facet normal 0 0 1
    outer loop
      vertex 7.105866432189941 -12.925522804260254 3
      vertex 8.671566009521484 -15.773519515991211 3
      vertex 7.903444290161133 -12.453836441040039 3
    endloop
  endfacet
  facet normal 0 0 1
    outer loop
      vertex 8.671566009521484 -15.773519515991211 3
      vertex 7.105866432189941 -12.925522804260254 3
      vertex 7.664027214050293 -16.28688621520996 3
    endloop
  endfacet
  facet normal 0 0 1
    outer loop
      vertex 6.280243873596191 -13.346198081970215 3
      vertex 7.664027214050293 -16.28688621520996 3
      vertex 7.105866432189941 -12.925522804260254 3
    endloop
  endfacet
  facet normal 0 0 1
    outer loop
      vertex 7.664027214050293 -16.28688621520996 3
      vertex 6.280243873596191 -13.346198081970215 3
      vertex 6.626241683959961 -16.735977172851562 3
    endloop
  endfacet
  facet normal 0 0 1
    outer loop
      vertex 5.429836273193359 -13.714202880859375 3
      vertex 6.626241683959961 -16.735977172851562 3
      vertex 6.280243873596191 -13.346198081970215 3
    endloop
  endfacet
  facet normal 0 0 1
    outer loop
      vertex 6.626241683959961 -16.735977172851562 3
      vertex 5.429836273193359 -13.714202880859375 3
      vertex 5.562305450439453 -17.119016647338867 3
    endloop
  endfacet
  facet normal 0 0 1
    outer loop
      vertex 4.558000564575195 -14.028082847595215 3
      vertex 5.562305450439453 -17.119016647338867 3
      vertex 5.429836273193359 -13.714202880859375 3
    endloop
  endfacet
  facet normal 0 0 1
    outer loop
      vertex 4.558000564575195 -14.028082847595215 3
      vertex 4.476417541503906 -17.434497833251953 3
      vertex 5.562305450439453 -17.119016647338867 3
    endloop
  endfacet
  facet normal 0 0 1
    outer loop
      vertex 3.66817569732666 -14.286601066589355 3
      vertex 4.476417541503906 -17.434497833251953 3
      vertex 4.558000564575195 -14.028082847595215 3
    endloop
  endfacet
  facet normal 0 0 1
    outer loop
      vertex 3.66817569732666 -14.286601066589355 3
      vertex 3.3728628158569336 -17.681171417236328 3
      vertex 4.476417541503906 -17.434497833251953 3
    endloop
  endfacet
  facet normal 0 0 1
    outer loop
      vertex 2.763874053955078 -14.488736152648926 3
      vertex 3.3728628158569336 -17.681171417236328 3
      vertex 3.66817569732666 -14.286601066589355 3
    endloop
  endfacet
  facet normal 0 0 1
    outer loop
      vertex 2.763874053955078 -14.488736152648926 3
      vertex 2.255997657775879 -17.858062744140625 3
      vertex 3.3728628158569336 -17.681171417236328 3
    endloop
  endfacet
  facet normal 0 0 1
    outer loop
      vertex 1.8486642837524414 -14.633691787719727 3
      vertex 2.255997657775879 -17.858062744140625 3
      vertex 2.763874053955078 -14.488736152648926 3
    endloop
  endfacet
  facet normal 0 0 1
    outer loop
      vertex 1.8486642837524414 -14.633691787719727 3
      vertex 1.1302289962768555 -17.964481353759766 3
      vertex 2.255997657775879 -17.858062744140625 3
    endloop
  endfacet
  facet normal 0 0 1
    outer loop
      vertex 0.9261598587036133 -14.720893859863281 3
      vertex 1.1302289962768555 -17.964481353759766 3
      vertex 1.8486642837524414 -14.633691787719727 3
    endloop
  endfacet
  facet normal 0 0 1
    outer loop
      vertex 0 -14.75 3
      vertex 1.1302289962768555 -17.964481353759766 3
      vertex 0.9261598587036133 -14.720893859863281 3
    endloop
  endfacet
  facet normal 0 0 1
    outer loop
      vertex 0 -14.75 3
      vertex 0 -18 3
      vertex 1.1302289962768555 -17.964481353759766 3
    endloop
  endfacet
  facet normal 0 0 1
    outer loop
      vertex -0.9261598587036133 -14.720893859863281 3
      vertex 0 -18 3
      vertex 0 -14.75 3
    endloop
  endfacet
  facet normal 0 0 1
    outer loop
      vertex -0.9261598587036133 -14.720893859863281 3
      vertex -1.1302289962768555 -17.964481353759766 3
      vertex 0 -18 3
    endloop
  endfacet
  facet normal 0 0 1
    outer loop
      vertex -1.8486642837524414 -14.633691787719727 3
      vertex -1.1302289962768555 -17.964481353759766 3
      vertex -0.9261598587036133 -14.720893859863281 3
    endloop
  endfacet
  facet normal 0 0 1
    outer loop
      vertex -1.8486642837524414 -14.633691787719727 3
      vertex -2.255997657775879 -17.858062744140625 3
      vertex -1.1302289962768555 -17.964481353759766 3
    endloop
  endfacet
  facet normal 0 0 1
    outer loop
      vertex -2.763874053955078 -14.488736152648926 3
      vertex -2.255997657775879 -17.858062744140625 3
      vertex -1.8486642837524414 -14.633691787719727 3
    endloop
  endfacet
  facet normal 0 0 1
    outer loop
      vertex -2.763874053955078 -14.488736152648926 3
      vertex -3.3728628158569336 -17.681171417236328 3
      vertex -2.255997657775879 -17.858062744140625 3
    endloop
  endfacet
  facet normal 0 0 1
    outer loop
      vertex -3.66817569732666 -14.286601066589355 3
      vertex -3.3728628158569336 -17.681171417236328 3
      vertex -2.763874053955078 -14.488736152648926 3
    endloop
  endfacet
  facet normal 0 0 1
    outer loop
      vertex -3.66817569732666 -14.286601066589355 3
      vertex -4.476417541503906 -17.434497833251953 3
      vertex -3.3728628158569336 -17.681171417236328 3
    endloop
  endfacet
  facet normal 0 0 1
    outer loop
      vertex -4.558000564575195 -14.028082847595215 3
      vertex -4.476417541503906 -17.434497833251953 3
      vertex -3.66817569732666 -14.286601066589355 3
    endloop
  endfacet
  facet normal 0 0 1
    outer loop
      vertex -5.562305450439453 -17.119016647338867 3
      vertex -4.558000564575195 -14.028082847595215 3
      vertex -5.429836273193359 -13.714202880859375 3
    endloop
  endfacet
  facet normal 0 0 1
    outer loop
      vertex -4.558000564575195 -14.028082847595215 3
      vertex -5.562305450439453 -17.119016647338867 3
      vertex -4.476417541503906 -17.434497833251953 3
    endloop
  endfacet
  facet normal 0 0 1
    outer loop
      vertex -6.626241683959961 -16.735977172851562 3
      vertex -5.429836273193359 -13.714202880859375 3
      vertex -6.280243873596191 -13.346198081970215 3
    endloop
  endfacet
  facet normal 0 0 1
    outer loop
      vertex -5.429836273193359 -13.714202880859375 3
      vertex -6.626241683959961 -16.735977172851562 3
      vertex -5.562305450439453 -17.119016647338867 3
    endloop
  endfacet
  facet normal 0 0 1
    outer loop
      vertex -7.664027214050293 -16.28688621520996 3
      vertex -6.280243873596191 -13.346198081970215 3
      vertex -7.105866432189941 -12.925522804260254 3
    endloop
  endfacet
  facet normal 0 0 1
    outer loop
      vertex -6.280243873596191 -13.346198081970215 3
      vertex -7.664027214050293 -16.28688621520996 3
      vertex -6.626241683959961 -16.735977172851562 3
    endloop
  endfacet
  facet normal 0 0 1
    outer loop
      vertex -8.671566009521484 -15.773519515991211 3
      vertex -7.105866432189941 -12.925522804260254 3
      vertex -7.903444290161133 -12.453836441040039 3
    endloop
  endfacet
  facet normal 0 0 1
    outer loop
      vertex -9.644882202148438 -15.197901725769043 3
      vertex -7.903444290161133 -12.453836441040039 3
      vertex -8.669832229614258 -11.933000564575195 3
    endloop
  endfacet
  facet normal 0 0 1
    outer loop
      vertex -7.105866432189941 -12.925522804260254 3
      vertex -8.671566009521484 -15.773519515991211 3
      vertex -7.664027214050293 -16.28688621520996 3
    endloop
  endfacet
  facet normal 0 0 1
    outer loop
      vertex -10.580134391784668 -14.562305450439453 3
      vertex -8.669832229614258 -11.933000564575195 3
      vertex -9.402003288269043 -11.365069389343262 3
    endloop
  endfacet
  facet normal 0 0 1
    outer loop
      vertex -7.903444290161133 -12.453836441040039 3
      vertex -9.644882202148438 -15.197901725769043 3
      vertex -8.671566009521484 -15.773519515991211 3
    endloop
  endfacet
  facet normal 0 0 1
    outer loop
      vertex -11.473630905151367 -13.869237899780273 3
      vertex -9.402003288269043 -11.365069389343262 3
      vertex -10.09706974029541 -10.752286911010742 3
    endloop
  endfacet
  facet normal 0 0 1
    outer loop
      vertex -8.669832229614258 -11.933000564575195 3
      vertex -10.580134391784668 -14.562305450439453 3
      vertex -9.644882202148438 -15.197901725769043 3
    endloop
  endfacet
  facet normal 0 0 1
    outer loop
      vertex -12.321846961975098 -13.121435165405273 3
      vertex -10.09706974029541 -10.752286911010742 3
      vertex -10.752286911010742 -10.09706974029541 3
    endloop
  endfacet
  facet normal 0 0 1
    outer loop
      vertex -13.121435165405273 -12.321846961975098 3
      vertex -10.752286911010742 -10.09706974029541 3
      vertex -11.365069389343262 -9.402003288269043 3
    endloop
  endfacet
  facet normal 0 0 1
    outer loop
      vertex -9.402003288269043 -11.365069389343262 3
      vertex -11.473630905151367 -13.869237899780273 3
      vertex -10.580134391784668 -14.562305450439453 3
    endloop
  endfacet
  facet normal 0 0 1
    outer loop
      vertex -13.869237899780273 -11.473630905151367 3
      vertex -11.365069389343262 -9.402003288269043 3
      vertex -11.933000564575195 -8.669832229614258 3
    endloop
  endfacet
  facet normal 0 0 1
    outer loop
      vertex -10.09706974029541 -10.752286911010742 3
      vertex -12.321846961975098 -13.121435165405273 3
      vertex -11.473630905151367 -13.869237899780273 3
    endloop
  endfacet
  facet normal 0 0 1
    outer loop
      vertex -14.562305450439453 -10.580134391784668 3
      vertex -11.933000564575195 -8.669832229614258 3
      vertex -12.453836441040039 -7.903444290161133 3
    endloop
  endfacet
  facet normal 0 0 1
    outer loop
      vertex -15.197901725769043 -9.644882202148438 3
      vertex -12.453836441040039 -7.903444290161133 3
      vertex -12.925522804260254 -7.105866432189941 3
    endloop
  endfacet
  facet normal 0 0 1
    outer loop
      vertex -10.752286911010742 -10.09706974029541 3
      vertex -13.121435165405273 -12.321846961975098 3
      vertex -12.321846961975098 -13.121435165405273 3
    endloop
  endfacet
  facet normal 0 0 1
    outer loop
      vertex -15.773519515991211 -8.671566009521484 3
      vertex -12.925522804260254 -7.105866432189941 3
      vertex -13.346198081970215 -6.280243873596191 3
    endloop
  endfacet
  facet normal 0 0 1
    outer loop
      vertex -16.28688621520996 -7.664027214050293 3
      vertex -13.346198081970215 -6.280243873596191 3
      vertex -13.714202880859375 -5.429836273193359 3
    endloop
  endfacet
  facet normal 0 0 1
    outer loop
      vertex -11.365069389343262 -9.402003288269043 3
      vertex -13.869237899780273 -11.473630905151367 3
      vertex -13.121435165405273 -12.321846961975098 3
    endloop
  endfacet
  facet normal 0 0 1
    outer loop
      vertex -16.735977172851562 -6.626241683959961 3
      vertex -13.714202880859375 -5.429836273193359 3
      vertex -14.028082847595215 -4.558000564575195 3
    endloop
  endfacet
  facet normal 0 0 1
    outer loop
      vertex -17.119016647338867 -5.562305450439453 3
      vertex -14.028082847595215 -4.558000564575195 3
      vertex -14.286601066589355 -3.66817569732666 3
    endloop
  endfacet
  facet normal 0 0 1
    outer loop
      vertex -17.434497833251953 -4.476417541503906 3
      vertex -14.286601066589355 -3.66817569732666 3
      vertex -14.488736152648926 -2.763874053955078 3
    endloop
  endfacet
  facet normal 0 0 1
    outer loop
      vertex -11.933000564575195 -8.669832229614258 3
      vertex -14.562305450439453 -10.580134391784668 3
      vertex -13.869237899780273 -11.473630905151367 3
    endloop
  endfacet
  facet normal 0 0 1
    outer loop
      vertex -17.681171417236328 -3.3728628158569336 3
      vertex -14.488736152648926 -2.763874053955078 3
      vertex -14.633691787719727 -1.8486642837524414 3
    endloop
  endfacet
  facet normal 0 0 1
    outer loop
      vertex -17.858062744140625 -2.255997657775879 3
      vertex -14.633691787719727 -1.8486642837524414 3
      vertex -14.720893859863281 -0.9261598587036133 3
    endloop
  endfacet
  facet normal 0 0 1
    outer loop
      vertex -17.964481353759766 -1.1302289962768555 3
      vertex -14.720893859863281 -0.9261598587036133 3
      vertex -14.75 0 3
    endloop
  endfacet
  facet normal 0 0 1
    outer loop
      vertex -17.434497833251953 4.476417541503906 3
      vertex -14.286601066589355 3.66817569732666 3
      vertex -17.119016647338867 5.562305450439453 3
    endloop
  endfacet
  facet normal 0 0 1
    outer loop
      vertex -12.453836441040039 -7.903444290161133 3
      vertex -15.197901725769043 -9.644882202148438 3
      vertex -14.562305450439453 -10.580134391784668 3
    endloop
  endfacet
  facet normal 0 0 1
    outer loop
      vertex -14.286601066589355 3.66817569732666 3
      vertex -17.434497833251953 4.476417541503906 3
      vertex -14.488736152648926 2.763874053955078 3
    endloop
  endfacet
  facet normal 0 0 1
    outer loop
      vertex -12.925522804260254 -7.105866432189941 3
      vertex -15.773519515991211 -8.671566009521484 3
      vertex -15.197901725769043 -9.644882202148438 3
    endloop
  endfacet
  facet normal 0 0 1
    outer loop
      vertex -17.681171417236328 3.3728628158569336 3
      vertex -14.488736152648926 2.763874053955078 3
      vertex -17.434497833251953 4.476417541503906 3
    endloop
  endfacet
  facet normal 0 0 1
    outer loop
      vertex -13.346198081970215 -6.280243873596191 3
      vertex -16.28688621520996 -7.664027214050293 3
      vertex -15.773519515991211 -8.671566009521484 3
    endloop
  endfacet
  facet normal 0 0 1
    outer loop
      vertex -14.488736152648926 2.763874053955078 3
      vertex -17.681171417236328 3.3728628158569336 3
      vertex -14.633691787719727 1.8486642837524414 3
    endloop
  endfacet
  facet normal 0 0 1
    outer loop
      vertex -13.714202880859375 -5.429836273193359 3
      vertex -16.735977172851562 -6.626241683959961 3
      vertex -16.28688621520996 -7.664027214050293 3
    endloop
  endfacet
  facet normal 0 0 1
    outer loop
      vertex -17.858062744140625 2.255997657775879 3
      vertex -14.633691787719727 1.8486642837524414 3
      vertex -17.681171417236328 3.3728628158569336 3
    endloop
  endfacet
  facet normal 0 0 1
    outer loop
      vertex -14.028082847595215 -4.558000564575195 3
      vertex -17.119016647338867 -5.562305450439453 3
      vertex -16.735977172851562 -6.626241683959961 3
    endloop
  endfacet
  facet normal 0 0 1
    outer loop
      vertex -14.633691787719727 1.8486642837524414 3
      vertex -17.858062744140625 2.255997657775879 3
      vertex -14.720893859863281 0.9261598587036133 3
    endloop
  endfacet
  facet normal 0 0 1
    outer loop
      vertex -14.286601066589355 -3.66817569732666 3
      vertex -17.434497833251953 -4.476417541503906 3
      vertex -17.119016647338867 -5.562305450439453 3
    endloop
  endfacet
  facet normal 0 0 1
    outer loop
      vertex -17.964481353759766 1.1302289962768555 3
      vertex -14.720893859863281 0.9261598587036133 3
      vertex -17.858062744140625 2.255997657775879 3
    endloop
  endfacet
  facet normal 0 0 1
    outer loop
      vertex -14.488736152648926 -2.763874053955078 3
      vertex -17.681171417236328 -3.3728628158569336 3
      vertex -17.434497833251953 -4.476417541503906 3
    endloop
  endfacet
  facet normal 0 0 1
    outer loop
      vertex -14.720893859863281 0.9261598587036133 3
      vertex -17.964481353759766 1.1302289962768555 3
      vertex -14.75 0 3
    endloop
  endfacet
  facet normal 0 0 1
    outer loop
      vertex -14.633691787719727 -1.8486642837524414 3
      vertex -17.858062744140625 -2.255997657775879 3
      vertex -17.681171417236328 -3.3728628158569336 3
    endloop
  endfacet
  facet normal 0 0 1
    outer loop
      vertex -18 0 3
      vertex -14.75 0 3
      vertex -17.964481353759766 1.1302289962768555 3
    endloop
  endfacet
  facet normal 0 0 1
    outer loop
      vertex -14.720893859863281 -0.9261598587036133 3
      vertex -17.964481353759766 -1.1302289962768555 3
      vertex -17.858062744140625 -2.255997657775879 3
    endloop
  endfacet
  facet normal 0 0 1
    outer loop
      vertex -14.75 0 3
      vertex -18 0 3
      vertex -17.964481353759766 -1.1302289962768555 3
    endloop
  endfacet
  facet normal -0.9408808385105483 0.3387377270451103 0
    outer loop
      vertex -14.028082847595215 4.558000564575195 3
      vertex -13.714202880859375 5.429836273193359 40
      vertex -13.714202880859375 5.429836273193359 3
    endloop
  endfacet
  facet normal -0.9408808385105483 0.3387377270451103 0
    outer loop
      vertex -13.714202880859375 5.429836273193359 40
      vertex -14.028082847595215 4.558000564575195 3
      vertex -14.028082847595215 4.558000564575195 40
    endloop
  endfacet
  facet normal -0.9177544020515064 -0.397148407418539 0
    outer loop
      vertex -13.346198081970215 -6.280243873596191 3
      vertex -13.714202880859375 -5.429836273193359 40
      vertex -13.714202880859375 -5.429836273193359 3
    endloop
  endfacet
  facet normal -0.9177544020515064 -0.397148407418539 0
    outer loop
      vertex -13.714202880859375 -5.429836273193359 40
      vertex -13.346198081970215 -6.280243873596191 3
      vertex -13.346198081970215 -6.280243873596191 40
    endloop
  endfacet
  facet normal -0.3387377270451103 0.9408808385105483 0
    outer loop
      vertex -4.558000564575195 14.028082847595215 3
      vertex -5.429836273193359 13.714202880859375 40
      vertex -4.558000564575195 14.028082847595215 40
    endloop
  endfacet
  facet normal -0.3387377270451103 0.9408808385105483 0
    outer loop
      vertex -5.429836273193359 13.714202880859375 40
      vertex -4.558000564575195 14.028082847595215 3
      vertex -5.429836273193359 13.714202880859375 3
    endloop
  endfacet
  facet normal -0.4539901334127169 0.8910067108411157 0
    outer loop
      vertex -6.280243873596191 13.346198081970215 3
      vertex -7.105866432189941 12.925522804260254 40
      vertex -6.280243873596191 13.346198081970215 40
    endloop
  endfacet
  facet normal -0.4539901334127169 0.8910067108411157 0
    outer loop
      vertex -7.105866432189941 12.925522804260254 40
      vertex -6.280243873596191 13.346198081970215 3
      vertex -7.105866432189941 12.925522804260254 3
    endloop
  endfacet
  facet normal 0.5620827655923644 -0.827080990365538 0
    outer loop
      vertex 7.903444290161133 -12.453836441040039 3
      vertex 8.669832229614258 -11.933000564575195 40
      vertex 7.903444290161133 -12.453836441040039 40
    endloop
  endfacet
  facet normal 0.5620827655923644 -0.827080990365538 0
    outer loop
      vertex 8.669832229614258 -11.933000564575195 40
      vertex 7.903444290161133 -12.453836441040039 3
      vertex 8.669832229614258 -11.933000564575195 3
    endloop
  endfacet
  facet normal -0.21814295384689864 0.9759168262136635 0
    outer loop
      vertex -2.763874053955078 14.488736152648926 3
      vertex -3.66817569732666 14.286601066589355 40
      vertex -2.763874053955078 14.488736152648926 40
    endloop
  endfacet
  facet normal -0.21814295384689864 0.9759168262136635 0
    outer loop
      vertex -3.66817569732666 14.286601066589355 40
      vertex -2.763874053955078 14.488736152648926 3
      vertex -3.66817569732666 14.286601066589355 3
    endloop
  endfacet
  facet normal -0.21814295384689864 -0.9759168262136635 0
    outer loop
      vertex -3.66817569732666 -14.286601066589355 3
      vertex -2.763874053955078 -14.488736152648926 40
      vertex -3.66817569732666 -14.286601066589355 40
    endloop
  endfacet
  facet normal -0.21814295384689864 -0.9759168262136635 0
    outer loop
      vertex -2.763874053955078 -14.488736152648926 40
      vertex -3.66817569732666 -14.286601066589355 3
      vertex -2.763874053955078 -14.488736152648926 3
    endloop
  endfacet
  facet normal 0.6613112406684052 -0.7501116203376765 0
    outer loop
      vertex 9.402003288269043 -11.365069389343262 3
      vertex 10.09706974029541 -10.752286911010742 40
      vertex 9.402003288269043 -11.365069389343262 40
    endloop
  endfacet
  facet normal 0.6613112406684052 -0.7501116203376765 0
    outer loop
      vertex 10.09706974029541 -10.752286911010742 40
      vertex 9.402003288269043 -11.365069389343262 3
      vertex 10.09706974029541 -10.752286911010742 3
    endloop
  endfacet
  facet normal -0.5620827655923644 -0.827080990365538 0
    outer loop
      vertex -8.669832229614258 -11.933000564575195 3
      vertex -7.903444290161133 -12.453836441040039 40
      vertex -8.669832229614258 -11.933000564575195 40
    endloop
  endfacet
  facet normal -0.5620827655923644 -0.827080990365538 0
    outer loop
      vertex -7.903444290161133 -12.453836441040039 40
      vertex -8.669832229614258 -11.933000564575195 3
      vertex -7.903444290161133 -12.453836441040039 3
    endloop
  endfacet
  facet normal -0.8607419641602178 0.5090415220132934 0
    outer loop
      vertex -12.925522804260254 7.105866432189941 3
      vertex -12.453836441040039 7.903444290161133 40
      vertex -12.453836441040039 7.903444290161133 3
    endloop
  endfacet
  facet normal -0.8607419641602178 0.5090415220132934 0
    outer loop
      vertex -12.453836441040039 7.903444290161133 40
      vertex -12.925522804260254 7.105866432189941 3
      vertex -12.925522804260254 7.105866432189941 40
    endloop
  endfacet
  facet normal 0.397148407418539 -0.9177544020515064 0
    outer loop
      vertex 5.429836273193359 -13.714202880859375 3
      vertex 6.280243873596191 -13.346198081970215 40
      vertex 5.429836273193359 -13.714202880859375 40
    endloop
  endfacet
  facet normal 0.397148407418539 -0.9177544020515064 0
    outer loop
      vertex 6.280243873596191 -13.346198081970215 40
      vertex 5.429836273193359 -13.714202880859375 3
      vertex 6.280243873596191 -13.346198081970215 3
    endloop
  endfacet
  facet normal -0.6613112406684052 -0.7501116203376765 0
    outer loop
      vertex -10.09706974029541 -10.752286911010742 3
      vertex -9.402003288269043 -11.365069389343262 40
      vertex -10.09706974029541 -10.752286911010742 40
    endloop
  endfacet
  facet normal -0.6613112406684052 -0.7501116203376765 0
    outer loop
      vertex -9.402003288269043 -11.365069389343262 40
      vertex -10.09706974029541 -10.752286911010742 3
      vertex -9.402003288269043 -11.365069389343262 3
    endloop
  endfacet
  facet normal -0.5620827655923644 0.827080990365538 0
    outer loop
      vertex -7.903444290161133 12.453836441040039 3
      vertex -8.669832229614258 11.933000564575195 40
      vertex -7.903444290161133 12.453836441040039 40
    endloop
  endfacet
  facet normal -0.5620827655923644 0.827080990365538 0
    outer loop
      vertex -8.669832229614258 11.933000564575195 40
      vertex -7.903444290161133 12.453836441040039 3
      vertex -8.669832229614258 11.933000564575195 3
    endloop
  endfacet
  facet normal 0.8910067108411157 -0.4539901334127169 0
    outer loop
      vertex 12.925522804260254 -7.105866432189941 40
      vertex 13.346198081970215 -6.280243873596191 3
      vertex 13.346198081970215 -6.280243873596191 40
    endloop
  endfacet
  facet normal 0.8910067108411157 -0.4539901334127169 0
    outer loop
      vertex 13.346198081970215 -6.280243873596191 3
      vertex 12.925522804260254 -7.105866432189941 40
      vertex 12.925522804260254 -7.105866432189941 3
    endloop
  endfacet
  facet normal 0.9602936286399919 0.2789913023616278 0
    outer loop
      vertex 14.286601066589355 3.66817569732666 40
      vertex 14.028082847595215 4.558000564575195 3
      vertex 14.028082847595215 4.558000564575195 40
    endloop
  endfacet
  facet normal 0.9602936286399919 0.2789913023616278 0
    outer loop
      vertex 14.028082847595215 4.558000564575195 3
      vertex 14.286601066589355 3.66817569732666 40
      vertex 14.286601066589355 3.66817569732666 3
    endloop
  endfacet
  facet normal 0.9408808385105483 0.3387377270451103 0
    outer loop
      vertex 14.028082847595215 4.558000564575195 40
      vertex 13.714202880859375 5.429836273193359 3
      vertex 13.714202880859375 5.429836273193359 40
    endloop
  endfacet
  facet normal 0.9408808385105483 0.3387377270451103 0
    outer loop
      vertex 13.714202880859375 5.429836273193359 3
      vertex 14.028082847595215 4.558000564575195 40
      vertex 14.028082847595215 4.558000564575195 3
    endloop
  endfacet
  facet normal -0.2789913023616278 0.9602936286399919 0
    outer loop
      vertex -3.66817569732666 14.286601066589355 3
      vertex -4.558000564575195 14.028082847595215 40
      vertex -3.66817569732666 14.286601066589355 40
    endloop
  endfacet
  facet normal -0.2789913023616278 0.9602936286399919 0
    outer loop
      vertex -4.558000564575195 14.028082847595215 40
      vertex -3.66817569732666 14.286601066589355 3
      vertex -4.558000564575195 14.028082847595215 3
    endloop
  endfacet
  facet normal 0.2789913023616278 0.9602936286399919 0
    outer loop
      vertex 4.558000564575195 14.028082847595215 3
      vertex 3.66817569732666 14.286601066589355 40
      vertex 4.558000564575195 14.028082847595215 40
    endloop
  endfacet
  facet normal 0.2789913023616278 0.9602936286399919 0
    outer loop
      vertex 3.66817569732666 14.286601066589355 40
      vertex 4.558000564575195 14.028082847595215 3
      vertex 3.66817569732666 14.286601066589355 3
    endloop
  endfacet
  facet normal 0.3387377270451103 0.9408808385105483 0
    outer loop
      vertex 5.429836273193359 13.714202880859375 3
      vertex 4.558000564575195 14.028082847595215 40
      vertex 5.429836273193359 13.714202880859375 40
    endloop
  endfacet
  facet normal 0.3387377270451103 0.9408808385105483 0
    outer loop
      vertex 4.558000564575195 14.028082847595215 40
      vertex 5.429836273193359 13.714202880859375 3
      vertex 4.558000564575195 14.028082847595215 3
    endloop
  endfacet
  facet normal 0.9955619919442803 -0.09410802407837883 0
    outer loop
      vertex 14.633691787719727 -1.8486642837524414 40
      vertex 14.720893859863281 -0.9261598587036133 3
      vertex 14.720893859863281 -0.9261598587036133 40
    endloop
  endfacet
  facet normal 0.9955619919442803 -0.09410802407837883 0
    outer loop
      vertex 14.720893859863281 -0.9261598587036133 3
      vertex 14.633691787719727 -1.8486642837524414 40
      vertex 14.633691787719727 -1.8486642837524414 3
    endloop
  endfacet
  facet normal -0.9602936286399919 -0.2789913023616278 0
    outer loop
      vertex -14.028082847595215 -4.558000564575195 3
      vertex -14.286601066589355 -3.66817569732666 40
      vertex -14.286601066589355 -3.66817569732666 3
    endloop
  endfacet
  facet normal -0.9602936286399919 -0.2789913023616278 0
    outer loop
      vertex -14.286601066589355 -3.66817569732666 40
      vertex -14.028082847595215 -4.558000564575195 3
      vertex -14.028082847595215 -4.558000564575195 40
    endloop
  endfacet
  facet normal -0.9408808385105483 -0.3387377270451103 0
    outer loop
      vertex -13.714202880859375 -5.429836273193359 3
      vertex -14.028082847595215 -4.558000564575195 40
      vertex -14.028082847595215 -4.558000564575195 3
    endloop
  endfacet
  facet normal -0.9408808385105483 -0.3387377270451103 0
    outer loop
      vertex -14.028082847595215 -4.558000564575195 40
      vertex -13.714202880859375 -5.429836273193359 3
      vertex -13.714202880859375 -5.429836273193359 40
    endloop
  endfacet
  facet normal -0.8607419641602178 -0.5090415220132934 0
    outer loop
      vertex -12.453836441040039 -7.903444290161133 3
      vertex -12.925522804260254 -7.105866432189941 40
      vertex -12.925522804260254 -7.105866432189941 3
    endloop
  endfacet
  facet normal -0.8607419641602178 -0.5090415220132934 0
    outer loop
      vertex -12.925522804260254 -7.105866432189941 40
      vertex -12.453836441040039 -7.903444290161133 3
      vertex -12.453836441040039 -7.903444290161133 40
    endloop
  endfacet
  facet normal -0.9602936286399919 0.2789913023616278 0
    outer loop
      vertex -14.286601066589355 3.66817569732666 3
      vertex -14.028082847595215 4.558000564575195 40
      vertex -14.028082847595215 4.558000564575195 3
    endloop
  endfacet
  facet normal -0.9602936286399919 0.2789913023616278 0
    outer loop
      vertex -14.028082847595215 4.558000564575195 40
      vertex -14.286601066589355 3.66817569732666 3
      vertex -14.286601066589355 3.66817569732666 40
    endloop
  endfacet
  facet normal -0.9759168262136635 -0.21814295384689864 0
    outer loop
      vertex -14.286601066589355 -3.66817569732666 3
      vertex -14.488736152648926 -2.763874053955078 40
      vertex -14.488736152648926 -2.763874053955078 3
    endloop
  endfacet
  facet normal -0.9759168262136635 -0.21814295384689864 0
    outer loop
      vertex -14.488736152648926 -2.763874053955078 40
      vertex -14.286601066589355 -3.66817569732666 3
      vertex -14.286601066589355 -3.66817569732666 40
    endloop
  endfacet
  facet normal 0.09410802407837883 -0.9955619919442803 0
    outer loop
      vertex 0.9261598587036133 -14.720893859863281 3
      vertex 1.8486642837524414 -14.633691787719727 40
      vertex 0.9261598587036133 -14.720893859863281 40
    endloop
  endfacet
  facet normal 0.09410802407837883 -0.9955619919442803 0
    outer loop
      vertex 1.8486642837524414 -14.633691787719727 40
      vertex 0.9261598587036133 -14.720893859863281 3
      vertex 1.8486642837524414 -14.633691787719727 3
    endloop
  endfacet
  facet normal 0.03141118388107106 -0.9995065470156709 0
    outer loop
      vertex 0 -14.75 3
      vertex 0.9261598587036133 -14.720893859863281 40
      vertex 0 -14.75 40
    endloop
  endfacet
  facet normal 0.03141118388107106 -0.9995065470156709 0
    outer loop
      vertex 0.9261598587036133 -14.720893859863281 40
      vertex 0 -14.75 3
      vertex 0.9261598587036133 -14.720893859863281 3
    endloop
  endfacet
  facet normal 0.5090415220132934 0.8607419641602178 0
    outer loop
      vertex 7.903444290161133 12.453836441040039 3
      vertex 7.105866432189941 12.925522804260254 40
      vertex 7.903444290161133 12.453836441040039 40
    endloop
  endfacet
  facet normal 0.5090415220132934 0.8607419641602178 0
    outer loop
      vertex 7.105866432189941 12.925522804260254 40
      vertex 7.903444290161133 12.453836441040039 3
      vertex 7.105866432189941 12.925522804260254 3
    endloop
  endfacet
  facet normal -0.03141118388107106 -0.9995065470156709 0
    outer loop
      vertex -0.9261598587036133 -14.720893859863281 3
      vertex 0 -14.75 40
      vertex -0.9261598587036133 -14.720893859863281 40
    endloop
  endfacet
  facet normal -0.03141118388107106 -0.9995065470156709 0
    outer loop
      vertex 0 -14.75 40
      vertex -0.9261598587036133 -14.720893859863281 3
      vertex 0 -14.75 3
    endloop
  endfacet
  facet normal -0.9995065470156709 0.03141118388107106 0
    outer loop
      vertex -14.75 0 3
      vertex -14.720893859863281 0.9261598587036133 40
      vertex -14.720893859863281 0.9261598587036133 3
    endloop
  endfacet
  facet normal -0.9995065470156709 0.03141118388107106 0
    outer loop
      vertex -14.720893859863281 0.9261598587036133 40
      vertex -14.75 0 3
      vertex -14.75 0 40
    endloop
  endfacet
  facet normal -0.7501116203376765 -0.6613112406684052 0
    outer loop
      vertex -10.752286911010742 -10.09706974029541 3
      vertex -11.365069389343262 -9.402003288269043 40
      vertex -11.365069389343262 -9.402003288269043 3
    endloop
  endfacet
  facet normal -0.7501116203376765 -0.6613112406684052 0
    outer loop
      vertex -11.365069389343262 -9.402003288269043 40
      vertex -10.752286911010742 -10.09706974029541 3
      vertex -10.752286911010742 -10.09706974029541 40
    endloop
  endfacet
  facet normal -0.7901544445483276 -0.6129077856909013 0
    outer loop
      vertex -11.365069389343262 -9.402003288269043 3
      vertex -11.933000564575195 -8.669832229614258 40
      vertex -11.933000564575195 -8.669832229614258 3
    endloop
  endfacet
  facet normal -0.7901544445483276 -0.6129077856909013 0
    outer loop
      vertex -11.933000564575195 -8.669832229614258 40
      vertex -11.365069389343262 -9.402003288269043 3
      vertex -11.365069389343262 -9.402003288269043 40
    endloop
  endfacet
  facet normal -0.9177544020515064 0.397148407418539 0
    outer loop
      vertex -13.714202880859375 5.429836273193359 3
      vertex -13.346198081970215 6.280243873596191 40
      vertex -13.346198081970215 6.280243873596191 3
    endloop
  endfacet
  facet normal -0.9177544020515064 0.397148407418539 0
    outer loop
      vertex -13.346198081970215 6.280243873596191 40
      vertex -13.714202880859375 5.429836273193359 3
      vertex -13.714202880859375 5.429836273193359 40
    endloop
  endfacet
  facet normal -0.6613112406684052 0.7501116203376765 0
    outer loop
      vertex -9.402003288269043 11.365069389343262 3
      vertex -10.09706974029541 10.752286911010742 40
      vertex -9.402003288269043 11.365069389343262 40
    endloop
  endfacet
  facet normal -0.6613112406684052 0.7501116203376765 0
    outer loop
      vertex -10.09706974029541 10.752286911010742 40
      vertex -9.402003288269043 11.365069389343262 3
      vertex -10.09706974029541 10.752286911010742 3
    endloop
  endfacet
  facet normal 0.9759168262136635 0.21814295384689864 0
    outer loop
      vertex 14.488736152648926 2.763874053955078 40
      vertex 14.286601066589355 3.66817569732666 3
      vertex 14.286601066589355 3.66817569732666 40
    endloop
  endfacet
  facet normal 0.9759168262136635 0.21814295384689864 0
    outer loop
      vertex 14.286601066589355 3.66817569732666 3
      vertex 14.488736152648926 2.763874053955078 40
      vertex 14.488736152648926 2.763874053955078 3
    endloop
  endfacet
  facet normal 0.3387377270451103 -0.9408808385105483 0
    outer loop
      vertex 4.558000564575195 -14.028082847595215 3
      vertex 5.429836273193359 -13.714202880859375 40
      vertex 4.558000564575195 -14.028082847595215 40
    endloop
  endfacet
  facet normal 0.3387377270451103 -0.9408808385105483 0
    outer loop
      vertex 5.429836273193359 -13.714202880859375 40
      vertex 4.558000564575195 -14.028082847595215 3
      vertex 5.429836273193359 -13.714202880859375 3
    endloop
  endfacet
  facet normal 0.21814295384689864 -0.9759168262136635 0
    outer loop
      vertex 2.763874053955078 -14.488736152648926 3
      vertex 3.66817569732666 -14.286601066589355 40
      vertex 2.763874053955078 -14.488736152648926 40
    endloop
  endfacet
  facet normal 0.21814295384689864 -0.9759168262136635 0
    outer loop
      vertex 3.66817569732666 -14.286601066589355 40
      vertex 2.763874053955078 -14.488736152648926 3
      vertex 3.66817569732666 -14.286601066589355 3
    endloop
  endfacet
  facet normal -0.6129077856909013 0.7901544445483276 0
    outer loop
      vertex -8.669832229614258 11.933000564575195 3
      vertex -9.402003288269043 11.365069389343262 40
      vertex -8.669832229614258 11.933000564575195 40
    endloop
  endfacet
  facet normal -0.6129077856909013 0.7901544445483276 0
    outer loop
      vertex -9.402003288269043 11.365069389343262 40
      vertex -8.669832229614258 11.933000564575195 3
      vertex -9.402003288269043 11.365069389343262 3
    endloop
  endfacet
  facet normal 0.6129077856909013 0.7901544445483276 0
    outer loop
      vertex 9.402003288269043 11.365069389343262 3
      vertex 8.669832229614258 11.933000564575195 40
      vertex 9.402003288269043 11.365069389343262 40
    endloop
  endfacet
  facet normal 0.6129077856909013 0.7901544445483276 0
    outer loop
      vertex 8.669832229614258 11.933000564575195 40
      vertex 9.402003288269043 11.365069389343262 3
      vertex 8.669832229614258 11.933000564575195 3
    endloop
  endfacet
  facet normal -0.2789913023616278 -0.9602936286399919 0
    outer loop
      vertex -4.558000564575195 -14.028082847595215 3
      vertex -3.66817569732666 -14.286601066589355 40
      vertex -4.558000564575195 -14.028082847595215 40
    endloop
  endfacet
  facet normal -0.2789913023616278 -0.9602936286399919 0
    outer loop
      vertex -3.66817569732666 -14.286601066589355 40
      vertex -4.558000564575195 -14.028082847595215 3
      vertex -3.66817569732666 -14.286601066589355 3
    endloop
  endfacet
  facet normal -0.7901544445483276 0.6129077856909013 0
    outer loop
      vertex -11.933000564575195 8.669832229614258 3
      vertex -11.365069389343262 9.402003288269043 40
      vertex -11.365069389343262 9.402003288269043 3
    endloop
  endfacet
  facet normal -0.7901544445483276 0.6129077856909013 0
    outer loop
      vertex -11.365069389343262 9.402003288269043 40
      vertex -11.933000564575195 8.669832229614258 3
      vertex -11.933000564575195 8.669832229614258 40
    endloop
  endfacet
  facet normal -0.7501116203376765 0.6613112406684052 0
    outer loop
      vertex -11.365069389343262 9.402003288269043 3
      vertex -10.752286911010742 10.09706974029541 40
      vertex -10.752286911010742 10.09706974029541 3
    endloop
  endfacet
  facet normal -0.7501116203376765 0.6613112406684052 0
    outer loop
      vertex -10.752286911010742 10.09706974029541 40
      vertex -11.365069389343262 9.402003288269043 3
      vertex -11.365069389343262 9.402003288269043 40
    endloop
  endfacet
  facet normal -0.09410802407837883 0.9955619919442803 0
    outer loop
      vertex -0.9261598587036133 14.720893859863281 3
      vertex -1.8486642837524414 14.633691787719727 40
      vertex -0.9261598587036133 14.720893859863281 40
    endloop
  endfacet
  facet normal -0.09410802407837883 0.9955619919442803 0
    outer loop
      vertex -1.8486642837524414 14.633691787719727 40
      vertex -0.9261598587036133 14.720893859863281 3
      vertex -1.8486642837524414 14.633691787719727 3
    endloop
  endfacet
  facet normal -0.9955619919442803 0.09410802407837883 0
    outer loop
      vertex -14.720893859863281 0.9261598587036133 3
      vertex -14.633691787719727 1.8486642837524414 40
      vertex -14.633691787719727 1.8486642837524414 3
    endloop
  endfacet
  facet normal -0.9955619919442803 0.09410802407837883 0
    outer loop
      vertex -14.633691787719727 1.8486642837524414 40
      vertex -14.720893859863281 0.9261598587036133 3
      vertex -14.720893859863281 0.9261598587036133 40
    endloop
  endfacet
  facet normal -0.397148407418539 0.9177544020515064 0
    outer loop
      vertex -5.429836273193359 13.714202880859375 3
      vertex -6.280243873596191 13.346198081970215 40
      vertex -5.429836273193359 13.714202880859375 40
    endloop
  endfacet
  facet normal -0.397148407418539 0.9177544020515064 0
    outer loop
      vertex -6.280243873596191 13.346198081970215 40
      vertex -5.429836273193359 13.714202880859375 3
      vertex -6.280243873596191 13.346198081970215 3
    endloop
  endfacet
  facet normal 0.9177544020515064 -0.397148407418539 0
    outer loop
      vertex 13.346198081970215 -6.280243873596191 40
      vertex 13.714202880859375 -5.429836273193359 3
      vertex 13.714202880859375 -5.429836273193359 40
    endloop
  endfacet
  facet normal 0.9177544020515064 -0.397148407418539 0
    outer loop
      vertex 13.714202880859375 -5.429836273193359 3
      vertex 13.346198081970215 -6.280243873596191 40
      vertex 13.346198081970215 -6.280243873596191 3
    endloop
  endfacet
  facet normal 0.8317659834951737 0.026139652943341033 0.5545106556634491
    outer loop
      vertex 14.720893859863281 0.9261598587036133 40
      vertex 12.75 0 43
      vertex 14.75 0 40
    endloop
  endfacet
  facet normal 0.8219311594992278 0.13018056629075508 0.5545107656344223
    outer loop
      vertex 14.633691787719727 1.8486642837524414 40
      vertex 12.524162292480469 2.3891115188598633 43
      vertex 12.64946174621582 1.5979986190795898 43
    endloop
  endfacet
  facet normal 0.07831449460435669 -0.8284833839618966 0.5545107054276852
    outer loop
      vertex 1.8486642837524414 -14.633691787719727 40
      vertex 0.8005790710449219 -12.72484016418457 43
      vertex 0.9261598587036133 -14.720893859863281 40
    endloop
  endfacet
  facet normal 0.8317659350068418 0.026139946844132834 0.5545107145413692
    outer loop
      vertex 14.720893859863281 0.9261598587036133 40
      vertex 12.72484016418457 0.8005790710449219 43
      vertex 12.75 0 43
    endloop
  endfacet
  facet normal -0.2818898118430738 0.7829789248609504 0.5545107187446122
    outer loop
      vertex -3.9399662017822266 12.125969886779785 43
      vertex -5.429836273193359 13.714202880859375 40
      vertex -4.693587303161621 11.854649543762207 43
    endloop
  endfacet
  facet normal 0.7637338361784336 0.33049765389509245 0.5545105303292382
    outer loop
      vertex 13.346198081970215 6.280243873596191 40
      vertex 11.536544799804688 5.428685188293457 43
      vertex 13.714202880859375 5.429836273193359 40
    endloop
  endfacet
  facet normal 0.07831481113772032 -0.8284833110685796 0.554510769631489
    outer loop
      vertex 1.5979986190795898 -12.64946174621582 43
      vertex 0.8005790710449219 -12.72484016418457 43
      vertex 1.8486642837524414 -14.633691787719727 40
    endloop
  endfacet
  facet normal 0.6575483203735889 -0.5100471325117683 0.5545107113396412
    outer loop
      vertex 10.314966201782227 -7.494261741638184 43
      vertex 9.824043273925781 -8.127155303955078 43
      vertex 11.933000564575195 -8.669832229614258 40
    endloop
  endfacet
  facet normal -0.46775214166866685 -0.6882774713243723 0.554510645913767
    outer loop
      vertex -6.831790924072266 -10.765180587768555 43
      vertex -8.669832229614258 -11.933000564575195 40
      vertex -7.903444290161133 -12.453836441040039 40
    endloop
  endfacet
  facet normal -0.46775214166866685 0.6882774713243723 0.554510645913767
    outer loop
      vertex -7.903444290161133 12.453836441040039 40
      vertex -8.669832229614258 11.933000564575195 40
      vertex -6.831790924072266 10.765180587768555 43
    endloop
  endfacet
  facet normal 0.026139946844132834 -0.8317659350068418 0.5545107145413692
    outer loop
      vertex 0.8005790710449219 -12.72484016418457 43
      vertex 0 -12.75 43
      vertex 0.9261598587036133 -14.720893859863281 40
    endloop
  endfacet
  facet normal 0.23217003840707962 0.7991339040183831 0.5545106642025858
    outer loop
      vertex 3.66817569732666 14.286601066589355 40
      vertex 3.170795440673828 12.349434852600098 43
      vertex 4.558000564575195 14.028082847595215 40
    endloop
  endfacet
  facet normal -0.7162893500623 0.42361246010977066 0.5545106406797581
    outer loop
      vertex -12.453836441040039 7.903444290161133 40
      vertex -12.925522804260254 7.105866432189941 40
      vertex -11.1729097366333 6.142358779907227 43
    endloop
  endfacet
  facet normal 0.8317659350068418 -0.026139946844132834 0.5545107145413692
    outer loop
      vertex 12.75 0 43
      vertex 12.72484016418457 -0.8005790710449219 43
      vertex 14.720893859863281 -0.9261598587036133 40
    endloop
  endfacet
  facet normal 0.7991339040183831 0.23217003840707962 0.5545106642025858
    outer loop
      vertex 14.028082847595215 4.558000564575195 40
      vertex 12.349434852600098 3.170795440673828 43
      vertex 14.286601066589355 3.66817569732666 40
    endloop
  endfacet
  facet normal 0.8219311315637564 0.13018168406780298 0.5545105446243503
    outer loop
      vertex 14.488736152648926 2.763874053955078 40
      vertex 12.524162292480469 2.3891115188598633 43
      vertex 14.633691787719727 1.8486642837524414 40
    endloop
  endfacet
  facet normal -0.8121352443846266 -0.18153348356599422 0.5545105401818056
    outer loop
      vertex -12.524162292480469 -2.3891115188598633 43
      vertex -14.488736152648926 -2.763874053955078 40
      vertex -14.286601066589355 -3.66817569732666 40
    endloop
  endfacet
  facet normal -0.7991338911255226 -0.23217006768286577 0.5545106705255678
    outer loop
      vertex -12.349434852600098 -3.170795440673828 43
      vertex -14.028082847595215 -4.558000564575195 40
      vertex -12.125969886779785 -3.9399662017822266 43
    endloop
  endfacet
  facet normal 0.8284833839618966 0.07831449460435669 0.5545107054276852
    outer loop
      vertex 14.633691787719727 1.8486642837524414 40
      vertex 12.72484016418457 0.8005790710449219 43
      vertex 14.720893859863281 0.9261598587036133 40
    endloop
  endfacet
  facet normal 0.37780045551642105 -0.7414747237249876 0.5545106400138217
    outer loop
      vertex 6.142358779907227 -11.1729097366333 43
      vertex 5.428685188293457 -11.536544799804688 43
      vertex 7.105866432189941 -12.925522804260254 40
    endloop
  endfacet
  facet normal -0.23217003840707962 0.7991339040183831 0.5545106642025858
    outer loop
      vertex -3.66817569732666 14.286601066589355 40
      vertex -4.558000564575195 14.028082847595215 40
      vertex -3.170795440673828 12.349434852600098 43
    endloop
  endfacet
  facet normal 0.026139652943341033 0.8317659834951737 0.5545106556634491
    outer loop
      vertex 0 14.75 40
      vertex 0 12.75 43
      vertex 0.9261598587036133 14.720893859863281 40
    endloop
  endfacet
  facet normal -0.8317659834951737 -0.026139652943341033 0.5545106556634491
    outer loop
      vertex -12.75 0 43
      vertex -14.75 0 40
      vertex -14.720893859863281 -0.9261598587036133 40
    endloop
  endfacet
  facet normal -0.026139946844132834 -0.8317659350068418 0.5545107145413692
    outer loop
      vertex -0.8005790710449219 -12.72484016418457 43
      vertex -0.9261598587036133 -14.720893859863281 40
      vertex 0 -12.75 43
    endloop
  endfacet
  facet normal -0.42361246047938195 0.7162893497717748 0.5545106407726833
    outer loop
      vertex -6.142358779907227 11.1729097366333 43
      vertex -7.903444290161133 12.453836441040039 40
      vertex -6.831790924072266 10.765180587768555 43
    endloop
  endfacet
  facet normal -0.42361246047938195 -0.7162893497717748 0.5545106407726833
    outer loop
      vertex -6.831790924072266 -10.765180587768555 43
      vertex -7.903444290161133 -12.453836441040039 40
      vertex -6.142358779907227 -11.1729097366333 43
    endloop
  endfacet
  facet normal 0.5100471325117683 0.6575483203735889 0.5545107113396412
    outer loop
      vertex 8.669832229614258 11.933000564575195 40
      vertex 7.494261741638184 10.314966201782227 43
      vertex 8.127155303955078 9.824043273925781 43
    endloop
  endfacet
  facet normal -0.6575483203735889 0.5100471325117683 0.5545107113396412
    outer loop
      vertex -9.824043273925781 8.127155303955078 43
      vertex -11.933000564575195 8.669832229614258 40
      vertex -10.314966201782227 7.494261741638184 43
    endloop
  endfacet
  facet normal 0.7414750285022506 0.37780001319424544 0.554510533838641
    outer loop
      vertex 12.925522804260254 7.105866432189941 40
      vertex 11.536544799804688 5.428685188293457 43
      vertex 13.346198081970215 6.280243873596191 40
    endloop
  endfacet
  facet normal -0.4677524003959262 0.6882772402526468 0.5545107144808378
    outer loop
      vertex -6.831790924072266 10.765180587768555 43
      vertex -8.669832229614258 11.933000564575195 40
      vertex -7.494261741638184 10.314966201782227 43
    endloop
  endfacet
  facet normal -0.7829790274436235 -0.2818896136731885 0.5545106746372138
    outer loop
      vertex -12.125969886779785 -3.9399662017822266 43
      vertex -14.028082847595215 -4.558000564575195 40
      vertex -13.714202880859375 -5.429836273193359 40
    endloop
  endfacet
  facet normal 0.6575483203735889 0.5100471325117683 0.5545107113396412
    outer loop
      vertex 11.933000564575195 8.669832229614258 40
      vertex 9.824043273925781 8.127155303955078 43
      vertex 10.314966201782227 7.494261741638184 43
    endloop
  endfacet
  facet normal 0.33049672089133003 0.7637341007484855 0.5545107220189531
    outer loop
      vertex 5.429836273193359 13.714202880859375 40
      vertex 4.693587303161621 11.854649543762207 43
      vertex 5.428685188293457 11.536544799804688 43
    endloop
  endfacet
  facet normal 0.7829790274436235 0.2818896136731885 0.5545106746372138
    outer loop
      vertex 13.714202880859375 5.429836273193359 40
      vertex 12.125969886779785 3.9399662017822266 43
      vertex 14.028082847595215 4.558000564575195 40
    endloop
  endfacet
  facet normal -0.2818896136731885 0.7829790274436235 0.5545106746372138
    outer loop
      vertex -4.558000564575195 14.028082847595215 40
      vertex -5.429836273193359 13.714202880859375 40
      vertex -3.9399662017822266 12.125969886779785 43
    endloop
  endfacet
  facet normal -0.7829789248609504 -0.2818898118430738 0.5545107187446122
    outer loop
      vertex -12.125969886779785 -3.9399662017822266 43
      vertex -13.714202880859375 -5.429836273193359 40
      vertex -11.854649543762207 -4.693587303161621 43
    endloop
  endfacet
  facet normal 0.8284833839618966 -0.07831449460435669 0.5545107054276852
    outer loop
      vertex 14.720893859863281 -0.9261598587036133 40
      vertex 12.72484016418457 -0.8005790710449219 43
      vertex 14.633691787719727 -1.8486642837524414 40
    endloop
  endfacet
  facet normal 0.7637341007484855 0.33049672089133003 0.5545107220189531
    outer loop
      vertex 13.714202880859375 5.429836273193359 40
      vertex 11.536544799804688 5.428685188293457 43
      vertex 11.854649543762207 4.693587303161621 43
    endloop
  endfacet
  facet normal 0.2818896136731885 0.7829790274436235 0.5545106746372138
    outer loop
      vertex 4.558000564575195 14.028082847595215 40
      vertex 3.9399662017822266 12.125969886779785 43
      vertex 5.429836273193359 13.714202880859375 40
    endloop
  endfacet
  facet normal 0.7162893500623 0.42361246010977066 0.5545106406797581
    outer loop
      vertex 12.453836441040039 7.903444290161133 40
      vertex 11.1729097366333 6.142358779907227 43
      vertex 12.925522804260254 7.105866432189941 40
    endloop
  endfacet
  facet normal 0.7162893497717748 0.42361246047938195 0.5545106407726833
    outer loop
      vertex 12.453836441040039 7.903444290161133 40
      vertex 10.765180587768555 6.831790924072266 43
      vertex 11.1729097366333 6.142358779907227 43
    endloop
  endfacet
  facet normal 0.7991339040183831 -0.23217003840707962 0.5545106642025858
    outer loop
      vertex 14.286601066589355 -3.66817569732666 40
      vertex 12.349434852600098 -3.170795440673828 43
      vertex 14.028082847595215 -4.558000564575195 40
    endloop
  endfacet
  facet normal 0.6882772402526468 -0.4677524003959262 0.5545107144808378
    outer loop
      vertex 10.765180587768555 -6.831790924072266 43
      vertex 10.314966201782227 -7.494261741638184 43
      vertex 11.933000564575195 -8.669832229614258 40
    endloop
  endfacet
  facet normal 0.33049765389509245 -0.7637338361784336 0.5545105303292382
    outer loop
      vertex 6.280243873596191 -13.346198081970215 40
      vertex 5.428685188293457 -11.536544799804688 43
      vertex 5.429836273193359 -13.714202880859375 40
    endloop
  endfacet
  facet normal 0.8284833110685796 -0.07831481113772032 0.554510769631489
    outer loop
      vertex 12.72484016418457 -0.8005790710449219 43
      vertex 12.64946174621582 -1.5979986190795898 43
      vertex 14.633691787719727 -1.8486642837524414 40
    endloop
  endfacet
  facet normal -0.7414747237249876 0.37780045551642105 0.5545106400138217
    outer loop
      vertex -11.1729097366333 6.142358779907227 43
      vertex -12.925522804260254 7.105866432189941 40
      vertex -11.536544799804688 5.428685188293457 43
    endloop
  endfacet
  facet normal 0.46775214166866685 0.6882774713243723 0.554510645913767
    outer loop
      vertex 7.903444290161133 12.453836441040039 40
      vertex 6.831790924072266 10.765180587768555 43
      vertex 8.669832229614258 11.933000564575195 40
    endloop
  endfacet
  facet normal 0.8121352443846266 0.18153348356599422 0.5545105401818056
    outer loop
      vertex 14.286601066589355 3.66817569732666 40
      vertex 12.524162292480469 2.3891115188598633 43
      vertex 14.488736152648926 2.763874053955078 40
    endloop
  endfacet
  facet normal 0.8121350243525652 0.18153408261616807 0.5545106663253329
    outer loop
      vertex 14.286601066589355 3.66817569732666 40
      vertex 12.349434852600098 3.170795440673828 43
      vertex 12.524162292480469 2.3891115188598633 43
    endloop
  endfacet
  facet normal 0.13018168406780298 0.8219311315637564 0.5545105446243503
    outer loop
      vertex 2.763874053955078 14.488736152648926 40
      vertex 1.8486642837524414 14.633691787719727 40
      vertex 2.3891115188598633 12.524162292480469 43
    endloop
  endfacet
  facet normal -0.6242249154932644 0.5503281711461511 0.5545107383273653
    outer loop
      vertex -9.294349670410156 8.727974891662598 43
      vertex -10.752286911010742 10.09706974029541 40
      vertex -9.824043273925781 8.127155303955078 43
    endloop
  endfacet
  facet normal 0.18153408261616807 0.8121350243525652 0.5545106663253329
    outer loop
      vertex 3.66817569732666 14.286601066589355 40
      vertex 2.3891115188598633 12.524162292480469 43
      vertex 3.170795440673828 12.349434852600098 43
    endloop
  endfacet
  facet normal -0.5503277719083741 -0.6242253742515829 0.5545106181191086
    outer loop
      vertex -8.127155303955078 -9.824043273925781 43
      vertex -10.09706974029541 -10.752286911010742 40
      vertex -9.402003288269043 -11.365069389343262 40
    endloop
  endfacet
  facet normal -0.7637341007484855 0.33049672089133003 0.5545107220189531
    outer loop
      vertex -11.536544799804688 5.428685188293457 43
      vertex -13.714202880859375 5.429836273193359 40
      vertex -11.854649543762207 4.693587303161621 43
    endloop
  endfacet
  facet normal 0.37780045551642105 0.7414747237249876 0.5545106400138217
    outer loop
      vertex 7.105866432189941 12.925522804260254 40
      vertex 5.428685188293457 11.536544799804688 43
      vertex 6.142358779907227 11.1729097366333 43
    endloop
  endfacet
  facet normal -0.6882774713243723 -0.46775214166866685 0.554510645913767
    outer loop
      vertex -10.765180587768555 -6.831790924072266 43
      vertex -12.453836441040039 -7.903444290161133 40
      vertex -11.933000564575195 -8.669832229614258 40
    endloop
  endfacet
  facet normal -0.8317659350068418 -0.026139946844132834 0.5545107145413692
    outer loop
      vertex -12.75 0 43
      vertex -14.720893859863281 -0.9261598587036133 40
      vertex -12.72484016418457 -0.8005790710449219 43
    endloop
  endfacet
  facet normal 0.23217003840707962 -0.7991339040183831 0.5545106642025858
    outer loop
      vertex 4.558000564575195 -14.028082847595215 40
      vertex 3.170795440673828 -12.349434852600098 43
      vertex 3.66817569732666 -14.286601066589355 40
    endloop
  endfacet
  facet normal 0.42361246047938195 0.7162893497717748 0.5545106407726833
    outer loop
      vertex 7.903444290161133 12.453836441040039 40
      vertex 6.142358779907227 11.1729097366333 43
      vertex 6.831790924072266 10.765180587768555 43
    endloop
  endfacet
  facet normal -0.8317659834951737 0.026139652943341033 0.5545106556634491
    outer loop
      vertex -14.720893859863281 0.9261598587036133 40
      vertex -14.75 0 40
      vertex -12.75 0 43
    endloop
  endfacet
  facet normal 0.18153348356599422 0.8121352443846266 0.5545105401818056
    outer loop
      vertex 2.763874053955078 14.488736152648926 40
      vertex 2.3891115188598633 12.524162292480469 43
      vertex 3.66817569732666 14.286601066589355 40
    endloop
  endfacet
  facet normal 0.7829790274436235 -0.2818896136731885 0.5545106746372138
    outer loop
      vertex 14.028082847595215 -4.558000564575195 40
      vertex 12.125969886779785 -3.9399662017822266 43
      vertex 13.714202880859375 -5.429836273193359 40
    endloop
  endfacet
  facet normal 0.7991338911255226 0.23217006768286577 0.5545106705255678
    outer loop
      vertex 14.028082847595215 4.558000564575195 40
      vertex 12.125969886779785 3.9399662017822266 43
      vertex 12.349434852600098 3.170795440673828 43
    endloop
  endfacet
  facet normal -0.026139652943341033 -0.8317659834951737 0.5545106556634491
    outer loop
      vertex 0 -12.75 43
      vertex -0.9261598587036133 -14.720893859863281 40
      vertex 0 -14.75 40
    endloop
  endfacet
  facet normal 0.13018168406780298 -0.8219311315637564 0.5545105446243503
    outer loop
      vertex 2.3891115188598633 -12.524162292480469 43
      vertex 1.8486642837524414 -14.633691787719727 40
      vertex 2.763874053955078 -14.488736152648926 40
    endloop
  endfacet
  facet normal 0.6242249154932644 -0.5503281711461511 0.5545107383273653
    outer loop
      vertex 9.824043273925781 -8.127155303955078 43
      vertex 9.294349670410156 -8.727974891662598 43
      vertex 10.752286911010742 -10.09706974029541 40
    endloop
  endfacet
  facet normal -0.7991338911255226 0.23217006768286577 0.5545106705255678
    outer loop
      vertex -12.125969886779785 3.9399662017822266 43
      vertex -14.028082847595215 4.558000564575195 40
      vertex -12.349434852600098 3.170795440673828 43
    endloop
  endfacet
  facet normal 0.6882772402526468 0.4677524003959262 0.5545107144808378
    outer loop
      vertex 11.933000564575195 8.669832229614258 40
      vertex 10.314966201782227 7.494261741638184 43
      vertex 10.765180587768555 6.831790924072266 43
    endloop
  endfacet
  facet normal 0.07831481113772032 0.8284833110685796 0.554510769631489
    outer loop
      vertex 1.8486642837524414 14.633691787719727 40
      vertex 0.8005790710449219 12.72484016418457 43
      vertex 1.5979986190795898 12.64946174621582 43
    endloop
  endfacet
  facet normal -0.8219311315637564 -0.13018168406780298 0.5545105446243503
    outer loop
      vertex -12.524162292480469 -2.3891115188598633 43
      vertex -14.633691787719727 -1.8486642837524414 40
      vertex -14.488736152648926 -2.763874053955078 40
    endloop
  endfacet
  facet normal -0.37780045551642105 0.7414747237249876 0.5545106400138217
    outer loop
      vertex -5.428685188293457 11.536544799804688 43
      vertex -7.105866432189941 12.925522804260254 40
      vertex -6.142358779907227 11.1729097366333 43
    endloop
  endfacet
  facet normal -0.13018168406780298 0.8219311315637564 0.5545105446243503
    outer loop
      vertex -1.8486642837524414 14.633691787719727 40
      vertex -2.763874053955078 14.488736152648926 40
      vertex -2.3891115188598633 12.524162292480469 43
    endloop
  endfacet
  facet normal 0.7414747237249876 0.37780045551642105 0.5545106400138217
    outer loop
      vertex 12.925522804260254 7.105866432189941 40
      vertex 11.1729097366333 6.142358779907227 43
      vertex 11.536544799804688 5.428685188293457 43
    endloop
  endfacet
  facet normal 0.8121352443846266 -0.18153348356599422 0.5545105401818056
    outer loop
      vertex 14.488736152648926 -2.763874053955078 40
      vertex 12.524162292480469 -2.3891115188598633 43
      vertex 14.286601066589355 -3.66817569732666 40
    endloop
  endfacet
  facet normal -0.13018168406780298 -0.8219311315637564 0.5545105446243503
    outer loop
      vertex -2.3891115188598633 -12.524162292480469 43
      vertex -2.763874053955078 -14.488736152648926 40
      vertex -1.8486642837524414 -14.633691787719727 40
    endloop
  endfacet
  facet normal -0.6242253742515829 0.5503277719083741 0.5545106181191086
    outer loop
      vertex -10.752286911010742 10.09706974029541 40
      vertex -11.365069389343262 9.402003288269043 40
      vertex -9.824043273925781 8.127155303955078 43
    endloop
  endfacet
  facet normal -0.8219311594992278 0.13018056629075508 0.5545107656344223
    outer loop
      vertex -12.524162292480469 2.3891115188598633 43
      vertex -14.633691787719727 1.8486642837524414 40
      vertex -12.64946174621582 1.5979986190795898 43
    endloop
  endfacet
  facet normal -0.5503281711461511 0.6242249154932644 0.5545107383273653
    outer loop
      vertex -8.127155303955078 9.824043273925781 43
      vertex -10.09706974029541 10.752286911010742 40
      vertex -8.727974891662598 9.294349670410156 43
    endloop
  endfacet
  facet normal -0.5100471325117683 0.6575483203735889 0.5545107113396412
    outer loop
      vertex -7.494261741638184 10.314966201782227 43
      vertex -8.669832229614258 11.933000564575195 40
      vertex -8.127155303955078 9.824043273925781 43
    endloop
  endfacet
  facet normal -0.33049672089133003 0.7637341007484855 0.5545107220189531
    outer loop
      vertex -4.693587303161621 11.854649543762207 43
      vertex -5.429836273193359 13.714202880859375 40
      vertex -5.428685188293457 11.536544799804688 43
    endloop
  endfacet
  facet normal -0.7414750285022506 -0.37780001319424544 0.554510533838641
    outer loop
      vertex -11.536544799804688 -5.428685188293457 43
      vertex -13.346198081970215 -6.280243873596191 40
      vertex -12.925522804260254 -7.105866432189941 40
    endloop
  endfacet
  facet normal 0.8284833110685796 0.07831481113772032 0.554510769631489
    outer loop
      vertex 14.633691787719727 1.8486642837524414 40
      vertex 12.64946174621582 1.5979986190795898 43
      vertex 12.72484016418457 0.8005790710449219 43
    endloop
  endfacet
  facet normal 0.8317659834951737 -0.026139652943341033 0.5545106556634491
    outer loop
      vertex 14.75 0 40
      vertex 12.75 0 43
      vertex 14.720893859863281 -0.9261598587036133 40
    endloop
  endfacet
  facet normal -0.026139652943341033 0.8317659834951737 0.5545106556634491
    outer loop
      vertex 0 14.75 40
      vertex -0.9261598587036133 14.720893859863281 40
      vertex 0 12.75 43
    endloop
  endfacet
  facet normal 0.026139652943341033 -0.8317659834951737 0.5545106556634491
    outer loop
      vertex 0 -12.75 43
      vertex 0 -14.75 40
      vertex 0.9261598587036133 -14.720893859863281 40
    endloop
  endfacet
  facet normal 0.42361246047938195 -0.7162893497717748 0.5545106407726833
    outer loop
      vertex 6.831790924072266 -10.765180587768555 43
      vertex 6.142358779907227 -11.1729097366333 43
      vertex 7.903444290161133 -12.453836441040039 40
    endloop
  endfacet
  facet normal -0.7414750285022506 0.37780001319424544 0.554510533838641
    outer loop
      vertex -12.925522804260254 7.105866432189941 40
      vertex -13.346198081970215 6.280243873596191 40
      vertex -11.536544799804688 5.428685188293457 43
    endloop
  endfacet
  facet normal 0.8219311315637564 -0.13018168406780298 0.5545105446243503
    outer loop
      vertex 14.633691787719727 -1.8486642837524414 40
      vertex 12.524162292480469 -2.3891115188598633 43
      vertex 14.488736152648926 -2.763874053955078 40
    endloop
  endfacet
  facet normal 0.7829789248609504 0.2818898118430738 0.5545107187446122
    outer loop
      vertex 13.714202880859375 5.429836273193359 40
      vertex 11.854649543762207 4.693587303161621 43
      vertex 12.125969886779785 3.9399662017822266 43
    endloop
  endfacet
  facet normal -0.18153348356599422 -0.8121352443846266 0.5545105401818056
    outer loop
      vertex -2.3891115188598633 -12.524162292480469 43
      vertex -3.66817569732666 -14.286601066589355 40
      vertex -2.763874053955078 -14.488736152648926 40
    endloop
  endfacet
  facet normal 0 0 1
    outer loop
      vertex 2.5 0 43
      vertex 12.75 0 43
      vertex 12.72484016418457 0.8005790710449219 43
    endloop
  endfacet
  facet normal 0 0 1
    outer loop
      vertex 2.4950666427612305 0.15697574615478516 43
      vertex 12.72484016418457 0.8005790710449219 43
      vertex 12.64946174621582 1.5979986190795898 43
    endloop
  endfacet
  facet normal 0 0 1
    outer loop
      vertex 12.75 0 43
      vertex 2.5 0 43
      vertex 12.72484016418457 -0.8005790710449219 43
    endloop
  endfacet
  facet normal 0 0 1
    outer loop
      vertex 2.4802865982055664 0.31333255767822266 43
      vertex 12.64946174621582 1.5979986190795898 43
      vertex 12.524162292480469 2.3891115188598633 43
    endloop
  endfacet
  facet normal 0 0 1
    outer loop
      vertex 2.4950666427612305 -0.15697574615478516 43
      vertex 12.72484016418457 -0.8005790710449219 43
      vertex 2.5 0 43
    endloop
  endfacet
  facet normal 0 0 1
    outer loop
      vertex 2.4557180404663086 0.46845245361328125 43
      vertex 12.524162292480469 2.3891115188598633 43
      vertex 12.349434852600098 3.170795440673828 43
    endloop
  endfacet
  facet normal 0 0 1
    outer loop
      vertex 12.72484016418457 -0.8005790710449219 43
      vertex 2.4950666427612305 -0.15697574615478516 43
      vertex 12.64946174621582 -1.5979986190795898 43
    endloop
  endfacet
  facet normal 0 0 1
    outer loop
      vertex 2.421457290649414 0.6217241287231445 43
      vertex 12.349434852600098 3.170795440673828 43
      vertex 12.125969886779785 3.9399662017822266 43
    endloop
  endfacet
  facet normal 0 0 1
    outer loop
      vertex 2.4802865982055664 -0.31333255767822266 43
      vertex 12.64946174621582 -1.5979986190795898 43
      vertex 2.4950666427612305 -0.15697574615478516 43
    endloop
  endfacet
  facet normal 0 0 1
    outer loop
      vertex 2.377640724182129 0.7725419998168945 43
      vertex 12.125969886779785 3.9399662017822266 43
      vertex 11.854649543762207 4.693587303161621 43
    endloop
  endfacet
  facet normal 0 0 1
    outer loop
      vertex 12.64946174621582 -1.5979986190795898 43
      vertex 2.4802865982055664 -0.31333255767822266 43
      vertex 12.524162292480469 -2.3891115188598633 43
    endloop
  endfacet
  facet normal 0 0 1
    outer loop
      vertex 2.3244409561157227 0.9203109741210938 43
      vertex 11.854649543762207 4.693587303161621 43
      vertex 11.536544799804688 5.428685188293457 43
    endloop
  endfacet
  facet normal 0 0 1
    outer loop
      vertex 2.4557180404663086 -0.46845245361328125 43
      vertex 12.524162292480469 -2.3891115188598633 43
      vertex 2.4802865982055664 -0.31333255767822266 43
    endloop
  endfacet
  facet normal 0 0 1
    outer loop
      vertex 2.2620668411254883 1.0644474029541016 43
      vertex 11.536544799804688 5.428685188293457 43
      vertex 11.1729097366333 6.142358779907227 43
    endloop
  endfacet
  facet normal 0 0 1
    outer loop
      vertex 12.524162292480469 -2.3891115188598633 43
      vertex 2.4557180404663086 -0.46845245361328125 43
      vertex 12.349434852600098 -3.170795440673828 43
    endloop
  endfacet
  facet normal 0 0 1
    outer loop
      vertex 2.1907663345336914 1.2043838500976562 43
      vertex 11.1729097366333 6.142358779907227 43
      vertex 10.765180587768555 6.831790924072266 43
    endloop
  endfacet
  facet normal 0 0 1
    outer loop
      vertex 2.421457290649414 -0.6217241287231445 43
      vertex 12.349434852600098 -3.170795440673828 43
      vertex 2.4557180404663086 -0.46845245361328125 43
    endloop
  endfacet
  facet normal 0 0 1
    outer loop
      vertex 2.110818862915039 1.3395662307739258 43
      vertex 10.765180587768555 6.831790924072266 43
      vertex 10.314966201782227 7.494261741638184 43
    endloop
  endfacet
  facet normal 0 0 1
    outer loop
      vertex 12.349434852600098 -3.170795440673828 43
      vertex 2.421457290649414 -0.6217241287231445 43
      vertex 12.125969886779785 -3.9399662017822266 43
    endloop
  endfacet
  facet normal 0 0 1
    outer loop
      vertex 2.0225419998168945 1.4694623947143555 43
      vertex 10.314966201782227 7.494261741638184 43
      vertex 9.824043273925781 8.127155303955078 43
    endloop
  endfacet
  facet normal 0 0 1
    outer loop
      vertex 2.377640724182129 -0.7725419998168945 43
      vertex 12.125969886779785 -3.9399662017822266 43
      vertex 2.421457290649414 -0.6217241287231445 43
    endloop
  endfacet
  facet normal 0 0 1
    outer loop
      vertex 1.9262828826904297 1.5935592651367188 43
      vertex 9.824043273925781 8.127155303955078 43
      vertex 9.294349670410156 8.727974891662598 43
    endloop
  endfacet
  facet normal 0 0 1
    outer loop
      vertex 12.125969886779785 -3.9399662017822266 43
      vertex 2.377640724182129 -0.7725419998168945 43
      vertex 11.854649543762207 -4.693587303161621 43
    endloop
  endfacet
  facet normal 0 0 1
    outer loop
      vertex 1.8224210739135742 1.7113676071166992 43
      vertex 9.294349670410156 8.727974891662598 43
      vertex 8.727974891662598 9.294349670410156 43
    endloop
  endfacet
  facet normal 0 0 1
    outer loop
      vertex 2.3244409561157227 -0.9203109741210938 43
      vertex 11.854649543762207 -4.693587303161621 43
      vertex 2.377640724182129 -0.7725419998168945 43
    endloop
  endfacet
  facet normal 0 0 1
    outer loop
      vertex 1.7113676071166992 1.8224210739135742 43
      vertex 8.727974891662598 9.294349670410156 43
      vertex 8.127155303955078 9.824043273925781 43
    endloop
  endfacet
  facet normal 0 0 1
    outer loop
      vertex 11.854649543762207 -4.693587303161621 43
      vertex 2.3244409561157227 -0.9203109741210938 43
      vertex 11.536544799804688 -5.428685188293457 43
    endloop
  endfacet
  facet normal 0 0 1
    outer loop
      vertex 1.5935592651367188 1.9262828826904297 43
      vertex 8.127155303955078 9.824043273925781 43
      vertex 7.494261741638184 10.314966201782227 43
    endloop
  endfacet
  facet normal 0 0 1
    outer loop
      vertex 2.2620668411254883 -1.0644474029541016 43
      vertex 11.536544799804688 -5.428685188293457 43
      vertex 2.3244409561157227 -0.9203109741210938 43
    endloop
  endfacet
  facet normal 0 0 1
    outer loop
      vertex 1.4694623947143555 2.0225419998168945 43
      vertex 7.494261741638184 10.314966201782227 43
      vertex 6.831790924072266 10.765180587768555 43
    endloop
  endfacet
  facet normal 0 0 1
    outer loop
      vertex 11.536544799804688 -5.428685188293457 43
      vertex 2.2620668411254883 -1.0644474029541016 43
      vertex 11.1729097366333 -6.142358779907227 43
    endloop
  endfacet
  facet normal 0 0 1
    outer loop
      vertex 1.3395662307739258 2.110818862915039 43
      vertex 6.831790924072266 10.765180587768555 43
      vertex 6.142358779907227 11.1729097366333 43
    endloop
  endfacet
  facet normal 0 0 1
    outer loop
      vertex 2.1907663345336914 -1.2043838500976562 43
      vertex 11.1729097366333 -6.142358779907227 43
      vertex 2.2620668411254883 -1.0644474029541016 43
    endloop
  endfacet
  facet normal 0 0 1
    outer loop
      vertex 1.2043838500976562 2.1907663345336914 43
      vertex 6.142358779907227 11.1729097366333 43
      vertex 5.428685188293457 11.536544799804688 43
    endloop
  endfacet
  facet normal 0 0 1
    outer loop
      vertex 11.1729097366333 -6.142358779907227 43
      vertex 2.1907663345336914 -1.2043838500976562 43
      vertex 10.765180587768555 -6.831790924072266 43
    endloop
  endfacet
  facet normal 0 0 1
    outer loop
      vertex 1.0644474029541016 2.2620668411254883 43
      vertex 5.428685188293457 11.536544799804688 43
      vertex 4.693587303161621 11.854649543762207 43
    endloop
  endfacet
  facet normal 0 0 1
    outer loop
      vertex 2.110818862915039 -1.3395662307739258 43
      vertex 10.765180587768555 -6.831790924072266 43
      vertex 2.1907663345336914 -1.2043838500976562 43
    endloop
  endfacet
  facet normal 0 0 1
    outer loop
      vertex 0.9203109741210938 2.3244409561157227 43
      vertex 4.693587303161621 11.854649543762207 43
      vertex 3.9399662017822266 12.125969886779785 43
    endloop
  endfacet
  facet normal 0 0 1
    outer loop
      vertex 10.765180587768555 -6.831790924072266 43
      vertex 2.110818862915039 -1.3395662307739258 43
      vertex 10.314966201782227 -7.494261741638184 43
    endloop
  endfacet
  facet normal 0 0 1
    outer loop
      vertex 0.7725419998168945 2.377640724182129 43
      vertex 3.9399662017822266 12.125969886779785 43
      vertex 3.170795440673828 12.349434852600098 43
    endloop
  endfacet
  facet normal 0 0 1
    outer loop
      vertex 2.0225419998168945 -1.4694623947143555 43
      vertex 10.314966201782227 -7.494261741638184 43
      vertex 2.110818862915039 -1.3395662307739258 43
    endloop
  endfacet
  facet normal 0 0 1
    outer loop
      vertex 10.314966201782227 -7.494261741638184 43
      vertex 2.0225419998168945 -1.4694623947143555 43
      vertex 9.824043273925781 -8.127155303955078 43
    endloop
  endfacet
  facet normal 0 0 1
    outer loop
      vertex 12.72484016418457 0.8005790710449219 43
      vertex 2.4950666427612305 0.15697574615478516 43
      vertex 2.5 0 43
    endloop
  endfacet
  facet normal 0 0 1
    outer loop
      vertex 12.64946174621582 1.5979986190795898 43
      vertex 2.4802865982055664 0.31333255767822266 43
      vertex 2.4950666427612305 0.15697574615478516 43
    endloop
  endfacet
  facet normal 0 0 1
    outer loop
      vertex 12.524162292480469 2.3891115188598633 43
      vertex 2.4557180404663086 0.46845245361328125 43
      vertex 2.4802865982055664 0.31333255767822266 43
    endloop
  endfacet
  facet normal 0 0 1
    outer loop
      vertex 12.349434852600098 3.170795440673828 43
      vertex 2.421457290649414 0.6217241287231445 43
      vertex 2.4557180404663086 0.46845245361328125 43
    endloop
  endfacet
  facet normal 0 0 1
    outer loop
      vertex 0.6217241287231445 2.421457290649414 43
      vertex 3.170795440673828 12.349434852600098 43
      vertex 2.3891115188598633 12.524162292480469 43
    endloop
  endfacet
  facet normal 0 0 1
    outer loop
      vertex 12.125969886779785 3.9399662017822266 43
      vertex 2.377640724182129 0.7725419998168945 43
      vertex 2.421457290649414 0.6217241287231445 43
    endloop
  endfacet
  facet normal 0 0 1
    outer loop
      vertex 11.854649543762207 4.693587303161621 43
      vertex 2.3244409561157227 0.9203109741210938 43
      vertex 2.377640724182129 0.7725419998168945 43
    endloop
  endfacet
  facet normal 0 0 1
    outer loop
      vertex 11.536544799804688 5.428685188293457 43
      vertex 2.2620668411254883 1.0644474029541016 43
      vertex 2.3244409561157227 0.9203109741210938 43
    endloop
  endfacet
  facet normal 0 0 1
    outer loop
      vertex 11.1729097366333 6.142358779907227 43
      vertex 2.1907663345336914 1.2043838500976562 43
      vertex 2.2620668411254883 1.0644474029541016 43
    endloop
  endfacet
  facet normal 0 0 1
    outer loop
      vertex 10.765180587768555 6.831790924072266 43
      vertex 2.110818862915039 1.3395662307739258 43
      vertex 2.1907663345336914 1.2043838500976562 43
    endloop
  endfacet
  facet normal 0 0 1
    outer loop
      vertex 10.314966201782227 7.494261741638184 43
      vertex 2.0225419998168945 1.4694623947143555 43
      vertex 2.110818862915039 1.3395662307739258 43
    endloop
  endfacet
  facet normal 0 0 1
    outer loop
      vertex 9.824043273925781 8.127155303955078 43
      vertex 1.9262828826904297 1.5935592651367188 43
      vertex 2.0225419998168945 1.4694623947143555 43
    endloop
  endfacet
  facet normal 0 0 1
    outer loop
      vertex 9.294349670410156 8.727974891662598 43
      vertex 1.8224210739135742 1.7113676071166992 43
      vertex 1.9262828826904297 1.5935592651367188 43
    endloop
  endfacet
  facet normal 0 0 1
    outer loop
      vertex 8.727974891662598 9.294349670410156 43
      vertex 1.7113676071166992 1.8224210739135742 43
      vertex 1.8224210739135742 1.7113676071166992 43
    endloop
  endfacet
  facet normal 0 0 1
    outer loop
      vertex 0.46845245361328125 2.4557180404663086 43
      vertex 2.3891115188598633 12.524162292480469 43
      vertex 1.5979986190795898 12.64946174621582 43
    endloop
  endfacet
  facet normal 0 0 1
    outer loop
      vertex 8.127155303955078 9.824043273925781 43
      vertex 1.5935592651367188 1.9262828826904297 43
      vertex 1.7113676071166992 1.8224210739135742 43
    endloop
  endfacet
  facet normal 0 0 1
    outer loop
      vertex 7.494261741638184 10.314966201782227 43
      vertex 1.4694623947143555 2.0225419998168945 43
      vertex 1.5935592651367188 1.9262828826904297 43
    endloop
  endfacet
  facet normal 0 0 1
    outer loop
      vertex 6.831790924072266 10.765180587768555 43
      vertex 1.3395662307739258 2.110818862915039 43
      vertex 1.4694623947143555 2.0225419998168945 43
    endloop
  endfacet
  facet normal 0 0 1
    outer loop
      vertex 6.142358779907227 11.1729097366333 43
      vertex 1.2043838500976562 2.1907663345336914 43
      vertex 1.3395662307739258 2.110818862915039 43
    endloop
  endfacet
  facet normal 0 0 1
    outer loop
      vertex 5.428685188293457 11.536544799804688 43
      vertex 1.0644474029541016 2.2620668411254883 43
      vertex 1.2043838500976562 2.1907663345336914 43
    endloop
  endfacet
  facet normal 0 0 1
    outer loop
      vertex 4.693587303161621 11.854649543762207 43
      vertex 0.9203109741210938 2.3244409561157227 43
      vertex 1.0644474029541016 2.2620668411254883 43
    endloop
  endfacet
  facet normal 0 0 1
    outer loop
      vertex 0.31333255767822266 2.4802865982055664 43
      vertex 1.5979986190795898 12.64946174621582 43
      vertex 0.8005790710449219 12.72484016418457 43
    endloop
  endfacet
  facet normal 0 0 1
    outer loop
      vertex 3.9399662017822266 12.125969886779785 43
      vertex 0.7725419998168945 2.377640724182129 43
      vertex 0.9203109741210938 2.3244409561157227 43
    endloop
  endfacet
  facet normal 0 0 1
    outer loop
      vertex 3.170795440673828 12.349434852600098 43
      vertex 0.6217241287231445 2.421457290649414 43
      vertex 0.7725419998168945 2.377640724182129 43
    endloop
  endfacet
  facet normal 0 0 1
    outer loop
      vertex 2.3891115188598633 12.524162292480469 43
      vertex 0.46845245361328125 2.4557180404663086 43
      vertex 0.6217241287231445 2.421457290649414 43
    endloop
  endfacet
  facet normal 0 0 1
    outer loop
      vertex 1.5979986190795898 12.64946174621582 43
      vertex 0.31333255767822266 2.4802865982055664 43
      vertex 0.46845245361328125 2.4557180404663086 43
    endloop
  endfacet
  facet normal 0 0 1
    outer loop
      vertex 0.8005790710449219 12.72484016418457 43
      vertex 0.15697574615478516 2.4950666427612305 43
      vertex 0.31333255767822266 2.4802865982055664 43
    endloop
  endfacet
  facet normal 0 0 1
    outer loop
      vertex 0 12.75 43
      vertex 0.15697574615478516 2.4950666427612305 43
      vertex 0.8005790710449219 12.72484016418457 43
    endloop
  endfacet
  facet normal 0 0 1
    outer loop
      vertex 0 12.75 43
      vertex 0 2.5 43
      vertex 0.15697574615478516 2.4950666427612305 43
    endloop
  endfacet
  facet normal 0 0 1
    outer loop
      vertex 0 12.75 43
      vertex -0.15697574615478516 2.4950666427612305 43
      vertex 0 2.5 43
    endloop
  endfacet
  facet normal 0 0 1
    outer loop
      vertex -0.8005790710449219 12.72484016418457 43
      vertex -0.15697574615478516 2.4950666427612305 43
      vertex 0 12.75 43
    endloop
  endfacet
  facet normal 0 0 1
    outer loop
      vertex -0.15697574615478516 2.4950666427612305 43
      vertex -0.8005790710449219 12.72484016418457 43
      vertex -0.31333255767822266 2.4802865982055664 43
    endloop
  endfacet
  facet normal 0 0 1
    outer loop
      vertex -1.5979986190795898 12.64946174621582 43
      vertex -0.31333255767822266 2.4802865982055664 43
      vertex -0.8005790710449219 12.72484016418457 43
    endloop
  endfacet
  facet normal 0 0 1
    outer loop
      vertex -0.31333255767822266 2.4802865982055664 43
      vertex -1.5979986190795898 12.64946174621582 43
      vertex -0.46845245361328125 2.4557180404663086 43
    endloop
  endfacet
  facet normal 0 0 1
    outer loop
      vertex -2.3891115188598633 12.524162292480469 43
      vertex -0.46845245361328125 2.4557180404663086 43
      vertex -1.5979986190795898 12.64946174621582 43
    endloop
  endfacet
  facet normal 0 0 1
    outer loop
      vertex -0.46845245361328125 2.4557180404663086 43
      vertex -2.3891115188598633 12.524162292480469 43
      vertex -0.6217241287231445 2.421457290649414 43
    endloop
  endfacet
  facet normal 0 0 1
    outer loop
      vertex -3.170795440673828 12.349434852600098 43
      vertex -0.6217241287231445 2.421457290649414 43
      vertex -2.3891115188598633 12.524162292480469 43
    endloop
  endfacet
  facet normal 0 0 1
    outer loop
      vertex -0.6217241287231445 2.421457290649414 43
      vertex -3.170795440673828 12.349434852600098 43
      vertex -0.7725419998168945 2.377640724182129 43
    endloop
  endfacet
  facet normal 0 0 1
    outer loop
      vertex -3.9399662017822266 12.125969886779785 43
      vertex -0.7725419998168945 2.377640724182129 43
      vertex -3.170795440673828 12.349434852600098 43
    endloop
  endfacet
  facet normal 0 0 1
    outer loop
      vertex -0.7725419998168945 2.377640724182129 43
      vertex -3.9399662017822266 12.125969886779785 43
      vertex -0.9203109741210938 2.3244409561157227 43
    endloop
  endfacet
  facet normal 0 0 1
    outer loop
      vertex -4.693587303161621 11.854649543762207 43
      vertex -0.9203109741210938 2.3244409561157227 43
      vertex -3.9399662017822266 12.125969886779785 43
    endloop
  endfacet
  facet normal 0 0 1
    outer loop
      vertex -0.9203109741210938 2.3244409561157227 43
      vertex -4.693587303161621 11.854649543762207 43
      vertex -1.0644474029541016 2.2620668411254883 43
    endloop
  endfacet
  facet normal 0 0 1
    outer loop
      vertex -5.428685188293457 11.536544799804688 43
      vertex -1.0644474029541016 2.2620668411254883 43
      vertex -4.693587303161621 11.854649543762207 43
    endloop
  endfacet
  facet normal 0 0 1
    outer loop
      vertex -1.0644474029541016 2.2620668411254883 43
      vertex -5.428685188293457 11.536544799804688 43
      vertex -1.2043838500976562 2.1907663345336914 43
    endloop
  endfacet
  facet normal 0 0 1
    outer loop
      vertex -6.142358779907227 11.1729097366333 43
      vertex -1.2043838500976562 2.1907663345336914 43
      vertex -5.428685188293457 11.536544799804688 43
    endloop
  endfacet
  facet normal 0 0 1
    outer loop
      vertex -1.2043838500976562 2.1907663345336914 43
      vertex -6.142358779907227 11.1729097366333 43
      vertex -1.3395662307739258 2.110818862915039 43
    endloop
  endfacet
  facet normal 0 0 1
    outer loop
      vertex -6.831790924072266 10.765180587768555 43
      vertex -1.3395662307739258 2.110818862915039 43
      vertex -6.142358779907227 11.1729097366333 43
    endloop
  endfacet
  facet normal 0 0 1
    outer loop
      vertex -1.3395662307739258 2.110818862915039 43
      vertex -6.831790924072266 10.765180587768555 43
      vertex -1.4694623947143555 2.0225419998168945 43
    endloop
  endfacet
  facet normal 0 0 1
    outer loop
      vertex -7.494261741638184 10.314966201782227 43
      vertex -1.4694623947143555 2.0225419998168945 43
      vertex -6.831790924072266 10.765180587768555 43
    endloop
  endfacet
  facet normal 0 0 1
    outer loop
      vertex -1.4694623947143555 2.0225419998168945 43
      vertex -7.494261741638184 10.314966201782227 43
      vertex -1.5935592651367188 1.9262828826904297 43
    endloop
  endfacet
  facet normal 0 0 1
    outer loop
      vertex -8.127155303955078 9.824043273925781 43
      vertex -1.5935592651367188 1.9262828826904297 43
      vertex -7.494261741638184 10.314966201782227 43
    endloop
  endfacet
  facet normal 0 0 1
    outer loop
      vertex -1.5935592651367188 1.9262828826904297 43
      vertex -8.127155303955078 9.824043273925781 43
      vertex -1.7113676071166992 1.8224210739135742 43
    endloop
  endfacet
  facet normal 0 0 1
    outer loop
      vertex -8.727974891662598 9.294349670410156 43
      vertex -1.7113676071166992 1.8224210739135742 43
      vertex -8.127155303955078 9.824043273925781 43
    endloop
  endfacet
  facet normal 0 0 1
    outer loop
      vertex -1.7113676071166992 1.8224210739135742 43
      vertex -8.727974891662598 9.294349670410156 43
      vertex -1.8224210739135742 1.7113676071166992 43
    endloop
  endfacet
  facet normal 0 0 1
    outer loop
      vertex -9.294349670410156 8.727974891662598 43
      vertex -1.8224210739135742 1.7113676071166992 43
      vertex -8.727974891662598 9.294349670410156 43
    endloop
  endfacet
  facet normal 0 0 1
    outer loop
      vertex -1.8224210739135742 1.7113676071166992 43
      vertex -9.294349670410156 8.727974891662598 43
      vertex -1.9262828826904297 1.5935592651367188 43
    endloop
  endfacet
  facet normal 0 0 1
    outer loop
      vertex -9.824043273925781 8.127155303955078 43
      vertex -1.9262828826904297 1.5935592651367188 43
      vertex -9.294349670410156 8.727974891662598 43
    endloop
  endfacet
  facet normal 0 0 1
    outer loop
      vertex -1.9262828826904297 1.5935592651367188 43
      vertex -9.824043273925781 8.127155303955078 43
      vertex -2.0225419998168945 1.4694623947143555 43
    endloop
  endfacet
  facet normal 0 0 1
    outer loop
      vertex 1.9262828826904297 -1.5935592651367188 43
      vertex 9.824043273925781 -8.127155303955078 43
      vertex 2.0225419998168945 -1.4694623947143555 43
    endloop
  endfacet
  facet normal 0 0 1
    outer loop
      vertex 9.824043273925781 -8.127155303955078 43
      vertex 1.9262828826904297 -1.5935592651367188 43
      vertex 9.294349670410156 -8.727974891662598 43
    endloop
  endfacet
  facet normal 0 0 1
    outer loop
      vertex 1.8224210739135742 -1.7113676071166992 43
      vertex 9.294349670410156 -8.727974891662598 43
      vertex 1.9262828826904297 -1.5935592651367188 43
    endloop
  endfacet
  facet normal 0 0 1
    outer loop
      vertex 9.294349670410156 -8.727974891662598 43
      vertex 1.8224210739135742 -1.7113676071166992 43
      vertex 8.727974891662598 -9.294349670410156 43
    endloop
  endfacet
  facet normal 0 0 1
    outer loop
      vertex 1.7113676071166992 -1.8224210739135742 43
      vertex 8.727974891662598 -9.294349670410156 43
      vertex 1.8224210739135742 -1.7113676071166992 43
    endloop
  endfacet
  facet normal 0 0 1
    outer loop
      vertex 8.727974891662598 -9.294349670410156 43
      vertex 1.7113676071166992 -1.8224210739135742 43
      vertex 8.127155303955078 -9.824043273925781 43
    endloop
  endfacet
  facet normal 0 0 1
    outer loop
      vertex 1.5935592651367188 -1.9262828826904297 43
      vertex 8.127155303955078 -9.824043273925781 43
      vertex 1.7113676071166992 -1.8224210739135742 43
    endloop
  endfacet
  facet normal 0 0 1
    outer loop
      vertex 8.127155303955078 -9.824043273925781 43
      vertex 1.5935592651367188 -1.9262828826904297 43
      vertex 7.494261741638184 -10.314966201782227 43
    endloop
  endfacet
  facet normal 0 0 1
    outer loop
      vertex 1.4694623947143555 -2.0225419998168945 43
      vertex 7.494261741638184 -10.314966201782227 43
      vertex 1.5935592651367188 -1.9262828826904297 43
    endloop
  endfacet
  facet normal 0 0 1
    outer loop
      vertex 7.494261741638184 -10.314966201782227 43
      vertex 1.4694623947143555 -2.0225419998168945 43
      vertex 6.831790924072266 -10.765180587768555 43
    endloop
  endfacet
  facet normal 0 0 1
    outer loop
      vertex 1.3395662307739258 -2.110818862915039 43
      vertex 6.831790924072266 -10.765180587768555 43
      vertex 1.4694623947143555 -2.0225419998168945 43
    endloop
  endfacet
  facet normal 0 0 1
    outer loop
      vertex 6.831790924072266 -10.765180587768555 43
      vertex 1.3395662307739258 -2.110818862915039 43
      vertex 6.142358779907227 -11.1729097366333 43
    endloop
  endfacet
  facet normal 0 0 1
    outer loop
      vertex 1.2043838500976562 -2.1907663345336914 43
      vertex 6.142358779907227 -11.1729097366333 43
      vertex 1.3395662307739258 -2.110818862915039 43
    endloop
  endfacet
  facet normal 0 0 1
    outer loop
      vertex 6.142358779907227 -11.1729097366333 43
      vertex 1.2043838500976562 -2.1907663345336914 43
      vertex 5.428685188293457 -11.536544799804688 43
    endloop
  endfacet
  facet normal 0 0 1
    outer loop
      vertex 1.0644474029541016 -2.2620668411254883 43
      vertex 5.428685188293457 -11.536544799804688 43
      vertex 1.2043838500976562 -2.1907663345336914 43
    endloop
  endfacet
  facet normal 0 0 1
    outer loop
      vertex 5.428685188293457 -11.536544799804688 43
      vertex 1.0644474029541016 -2.2620668411254883 43
      vertex 4.693587303161621 -11.854649543762207 43
    endloop
  endfacet
  facet normal 0 0 1
    outer loop
      vertex 0.9203109741210938 -2.3244409561157227 43
      vertex 4.693587303161621 -11.854649543762207 43
      vertex 1.0644474029541016 -2.2620668411254883 43
    endloop
  endfacet
  facet normal 0 0 1
    outer loop
      vertex 4.693587303161621 -11.854649543762207 43
      vertex 0.9203109741210938 -2.3244409561157227 43
      vertex 3.9399662017822266 -12.125969886779785 43
    endloop
  endfacet
  facet normal 0 0 1
    outer loop
      vertex 0.7725419998168945 -2.377640724182129 43
      vertex 3.9399662017822266 -12.125969886779785 43
      vertex 0.9203109741210938 -2.3244409561157227 43
    endloop
  endfacet
  facet normal 0 0 1
    outer loop
      vertex 3.9399662017822266 -12.125969886779785 43
      vertex 0.7725419998168945 -2.377640724182129 43
      vertex 3.170795440673828 -12.349434852600098 43
    endloop
  endfacet
  facet normal 0 0 1
    outer loop
      vertex 0.6217241287231445 -2.421457290649414 43
      vertex 3.170795440673828 -12.349434852600098 43
      vertex 0.7725419998168945 -2.377640724182129 43
    endloop
  endfacet
  facet normal 0 0 1
    outer loop
      vertex 3.170795440673828 -12.349434852600098 43
      vertex 0.6217241287231445 -2.421457290649414 43
      vertex 2.3891115188598633 -12.524162292480469 43
    endloop
  endfacet
  facet normal 0 0 1
    outer loop
      vertex 0.46845245361328125 -2.4557180404663086 43
      vertex 2.3891115188598633 -12.524162292480469 43
      vertex 0.6217241287231445 -2.421457290649414 43
    endloop
  endfacet
  facet normal 0 0 1
    outer loop
      vertex 2.3891115188598633 -12.524162292480469 43
      vertex 0.46845245361328125 -2.4557180404663086 43
      vertex 1.5979986190795898 -12.64946174621582 43
    endloop
  endfacet
  facet normal 0 0 1
    outer loop
      vertex 0.31333255767822266 -2.4802865982055664 43
      vertex 1.5979986190795898 -12.64946174621582 43
      vertex 0.46845245361328125 -2.4557180404663086 43
    endloop
  endfacet
  facet normal 0 0 1
    outer loop
      vertex 1.5979986190795898 -12.64946174621582 43
      vertex 0.31333255767822266 -2.4802865982055664 43
      vertex 0.8005790710449219 -12.72484016418457 43
    endloop
  endfacet
  facet normal 0 0 1
    outer loop
      vertex 0.15697574615478516 -2.4950666427612305 43
      vertex 0.8005790710449219 -12.72484016418457 43
      vertex 0.31333255767822266 -2.4802865982055664 43
    endloop
  endfacet
  facet normal 0 0 1
    outer loop
      vertex 0 -2.5 43
      vertex 0.8005790710449219 -12.72484016418457 43
      vertex 0.15697574615478516 -2.4950666427612305 43
    endloop
  endfacet
  facet normal 0 0 1
    outer loop
      vertex 0 -2.5 43
      vertex 0 -12.75 43
      vertex 0.8005790710449219 -12.72484016418457 43
    endloop
  endfacet
  facet normal 0 0 1
    outer loop
      vertex -0.15697574615478516 -2.4950666427612305 43
      vertex 0 -12.75 43
      vertex 0 -2.5 43
    endloop
  endfacet
  facet normal 0 0 1
    outer loop
      vertex -0.8005790710449219 -12.72484016418457 43
      vertex -0.15697574615478516 -2.4950666427612305 43
      vertex -0.31333255767822266 -2.4802865982055664 43
    endloop
  endfacet
  facet normal 0 0 1
    outer loop
      vertex -1.5979986190795898 -12.64946174621582 43
      vertex -0.31333255767822266 -2.4802865982055664 43
      vertex -0.46845245361328125 -2.4557180404663086 43
    endloop
  endfacet
  facet normal 0 0 1
    outer loop
      vertex -2.3891115188598633 -12.524162292480469 43
      vertex -0.46845245361328125 -2.4557180404663086 43
      vertex -0.6217241287231445 -2.421457290649414 43
    endloop
  endfacet
  facet normal 0 0 1
    outer loop
      vertex -3.170795440673828 -12.349434852600098 43
      vertex -0.6217241287231445 -2.421457290649414 43
      vertex -0.7725419998168945 -2.377640724182129 43
    endloop
  endfacet
  facet normal 0 0 1
    outer loop
      vertex -0.15697574615478516 -2.4950666427612305 43
      vertex -0.8005790710449219 -12.72484016418457 43
      vertex 0 -12.75 43
    endloop
  endfacet
  facet normal 0 0 1
    outer loop
      vertex -3.9399662017822266 -12.125969886779785 43
      vertex -0.7725419998168945 -2.377640724182129 43
      vertex -0.9203109741210938 -2.3244409561157227 43
    endloop
  endfacet
  facet normal 0 0 1
    outer loop
      vertex -4.693587303161621 -11.854649543762207 43
      vertex -0.9203109741210938 -2.3244409561157227 43
      vertex -1.0644474029541016 -2.2620668411254883 43
    endloop
  endfacet
  facet normal 0 0 1
    outer loop
      vertex -5.428685188293457 -11.536544799804688 43
      vertex -1.0644474029541016 -2.2620668411254883 43
      vertex -1.2043838500976562 -2.1907663345336914 43
    endloop
  endfacet
  facet normal 0 0 1
    outer loop
      vertex -6.142358779907227 -11.1729097366333 43
      vertex -1.2043838500976562 -2.1907663345336914 43
      vertex -1.3395662307739258 -2.110818862915039 43
    endloop
  endfacet
  facet normal 0 0 1
    outer loop
      vertex -6.831790924072266 -10.765180587768555 43
      vertex -1.3395662307739258 -2.110818862915039 43
      vertex -1.4694623947143555 -2.0225419998168945 43
    endloop
  endfacet
  facet normal 0 0 1
    outer loop
      vertex -7.494261741638184 -10.314966201782227 43
      vertex -1.4694623947143555 -2.0225419998168945 43
      vertex -1.5935592651367188 -1.9262828826904297 43
    endloop
  endfacet
  facet normal 0 0 1
    outer loop
      vertex -0.31333255767822266 -2.4802865982055664 43
      vertex -1.5979986190795898 -12.64946174621582 43
      vertex -0.8005790710449219 -12.72484016418457 43
    endloop
  endfacet
  facet normal 0 0 1
    outer loop
      vertex -8.127155303955078 -9.824043273925781 43
      vertex -1.5935592651367188 -1.9262828826904297 43
      vertex -1.7113676071166992 -1.8224210739135742 43
    endloop
  endfacet
  facet normal 0 0 1
    outer loop
      vertex -8.727974891662598 -9.294349670410156 43
      vertex -1.7113676071166992 -1.8224210739135742 43
      vertex -1.8224210739135742 -1.7113676071166992 43
    endloop
  endfacet
  facet normal 0 0 1
    outer loop
      vertex -9.294349670410156 -8.727974891662598 43
      vertex -1.8224210739135742 -1.7113676071166992 43
      vertex -1.9262828826904297 -1.5935592651367188 43
    endloop
  endfacet
  facet normal 0 0 1
    outer loop
      vertex -9.824043273925781 -8.127155303955078 43
      vertex -1.9262828826904297 -1.5935592651367188 43
      vertex -2.0225419998168945 -1.4694623947143555 43
    endloop
  endfacet
  facet normal 0 0 1
    outer loop
      vertex -10.314966201782227 -7.494261741638184 43
      vertex -2.0225419998168945 -1.4694623947143555 43
      vertex -2.110818862915039 -1.3395662307739258 43
    endloop
  endfacet
  facet normal 0 0 1
    outer loop
      vertex -10.765180587768555 -6.831790924072266 43
      vertex -2.110818862915039 -1.3395662307739258 43
      vertex -2.1907663345336914 -1.2043838500976562 43
    endloop
  endfacet
  facet normal 0 0 1
    outer loop
      vertex -11.1729097366333 -6.142358779907227 43
      vertex -2.1907663345336914 -1.2043838500976562 43
      vertex -2.2620668411254883 -1.0644474029541016 43
    endloop
  endfacet
  facet normal 0 0 1
    outer loop
      vertex -11.536544799804688 -5.428685188293457 43
      vertex -2.2620668411254883 -1.0644474029541016 43
      vertex -2.3244409561157227 -0.9203109741210938 43
    endloop
  endfacet
  facet normal 0 0 1
    outer loop
      vertex -11.854649543762207 -4.693587303161621 43
      vertex -2.3244409561157227 -0.9203109741210938 43
      vertex -2.377640724182129 -0.7725419998168945 43
    endloop
  endfacet
  facet normal 0 0 1
    outer loop
      vertex -0.46845245361328125 -2.4557180404663086 43
      vertex -2.3891115188598633 -12.524162292480469 43
      vertex -1.5979986190795898 -12.64946174621582 43
    endloop
  endfacet
  facet normal 0 0 1
    outer loop
      vertex -12.125969886779785 -3.9399662017822266 43
      vertex -2.377640724182129 -0.7725419998168945 43
      vertex -2.421457290649414 -0.6217241287231445 43
    endloop
  endfacet
  facet normal 0 0 1
    outer loop
      vertex -12.349434852600098 -3.170795440673828 43
      vertex -2.421457290649414 -0.6217241287231445 43
      vertex -2.4557180404663086 -0.46845245361328125 43
    endloop
  endfacet
  facet normal 0 0 1
    outer loop
      vertex -12.524162292480469 -2.3891115188598633 43
      vertex -2.4557180404663086 -0.46845245361328125 43
      vertex -2.4802865982055664 -0.31333255767822266 43
    endloop
  endfacet
  facet normal 0 0 1
    outer loop
      vertex -12.64946174621582 -1.5979986190795898 43
      vertex -2.4802865982055664 -0.31333255767822266 43
      vertex -2.4950666427612305 -0.15697574615478516 43
    endloop
  endfacet
  facet normal 0 0 1
    outer loop
      vertex -12.72484016418457 -0.8005790710449219 43
      vertex -2.4950666427612305 -0.15697574615478516 43
      vertex -2.5 0 43
    endloop
  endfacet
  facet normal 0 0 1
    outer loop
      vertex -10.314966201782227 7.494261741638184 43
      vertex -2.0225419998168945 1.4694623947143555 43
      vertex -9.824043273925781 8.127155303955078 43
    endloop
  endfacet
  facet normal 0 0 1
    outer loop
      vertex -0.6217241287231445 -2.421457290649414 43
      vertex -3.170795440673828 -12.349434852600098 43
      vertex -2.3891115188598633 -12.524162292480469 43
    endloop
  endfacet
  facet normal 0 0 1
    outer loop
      vertex -2.0225419998168945 1.4694623947143555 43
      vertex -10.314966201782227 7.494261741638184 43
      vertex -2.110818862915039 1.3395662307739258 43
    endloop
  endfacet
  facet normal 0 0 1
    outer loop
      vertex -0.7725419998168945 -2.377640724182129 43
      vertex -3.9399662017822266 -12.125969886779785 43
      vertex -3.170795440673828 -12.349434852600098 43
    endloop
  endfacet
  facet normal 0 0 1
    outer loop
      vertex -10.765180587768555 6.831790924072266 43
      vertex -2.110818862915039 1.3395662307739258 43
      vertex -10.314966201782227 7.494261741638184 43
    endloop
  endfacet
  facet normal 0 0 1
    outer loop
      vertex -0.9203109741210938 -2.3244409561157227 43
      vertex -4.693587303161621 -11.854649543762207 43
      vertex -3.9399662017822266 -12.125969886779785 43
    endloop
  endfacet
  facet normal 0 0 1
    outer loop
      vertex -2.110818862915039 1.3395662307739258 43
      vertex -10.765180587768555 6.831790924072266 43
      vertex -2.1907663345336914 1.2043838500976562 43
    endloop
  endfacet
  facet normal 0 0 1
    outer loop
      vertex -1.0644474029541016 -2.2620668411254883 43
      vertex -5.428685188293457 -11.536544799804688 43
      vertex -4.693587303161621 -11.854649543762207 43
    endloop
  endfacet
  facet normal 0 0 1
    outer loop
      vertex -11.1729097366333 6.142358779907227 43
      vertex -2.1907663345336914 1.2043838500976562 43
      vertex -10.765180587768555 6.831790924072266 43
    endloop
  endfacet
  facet normal 0 0 1
    outer loop
      vertex -1.2043838500976562 -2.1907663345336914 43
      vertex -6.142358779907227 -11.1729097366333 43
      vertex -5.428685188293457 -11.536544799804688 43
    endloop
  endfacet
  facet normal 0 0 1
    outer loop
      vertex -2.1907663345336914 1.2043838500976562 43
      vertex -11.1729097366333 6.142358779907227 43
      vertex -2.2620668411254883 1.0644474029541016 43
    endloop
  endfacet
  facet normal 0 0 1
    outer loop
      vertex -1.3395662307739258 -2.110818862915039 43
      vertex -6.831790924072266 -10.765180587768555 43
      vertex -6.142358779907227 -11.1729097366333 43
    endloop
  endfacet
  facet normal 0 0 1
    outer loop
      vertex -11.536544799804688 5.428685188293457 43
      vertex -2.2620668411254883 1.0644474029541016 43
      vertex -11.1729097366333 6.142358779907227 43
    endloop
  endfacet
  facet normal 0 0 1
    outer loop
      vertex -1.4694623947143555 -2.0225419998168945 43
      vertex -7.494261741638184 -10.314966201782227 43
      vertex -6.831790924072266 -10.765180587768555 43
    endloop
  endfacet
  facet normal 0 0 1
    outer loop
      vertex -2.2620668411254883 1.0644474029541016 43
      vertex -11.536544799804688 5.428685188293457 43
      vertex -2.3244409561157227 0.9203109741210938 43
    endloop
  endfacet
  facet normal 0 0 1
    outer loop
      vertex -1.5935592651367188 -1.9262828826904297 43
      vertex -8.127155303955078 -9.824043273925781 43
      vertex -7.494261741638184 -10.314966201782227 43
    endloop
  endfacet
  facet normal 0 0 1
    outer loop
      vertex -11.854649543762207 4.693587303161621 43
      vertex -2.3244409561157227 0.9203109741210938 43
      vertex -11.536544799804688 5.428685188293457 43
    endloop
  endfacet
  facet normal 0 0 1
    outer loop
      vertex -1.7113676071166992 -1.8224210739135742 43
      vertex -8.727974891662598 -9.294349670410156 43
      vertex -8.127155303955078 -9.824043273925781 43
    endloop
  endfacet
  facet normal 0 0 1
    outer loop
      vertex -2.3244409561157227 0.9203109741210938 43
      vertex -11.854649543762207 4.693587303161621 43
      vertex -2.377640724182129 0.7725419998168945 43
    endloop
  endfacet
  facet normal 0 0 1
    outer loop
      vertex -1.8224210739135742 -1.7113676071166992 43
      vertex -9.294349670410156 -8.727974891662598 43
      vertex -8.727974891662598 -9.294349670410156 43
    endloop
  endfacet
  facet normal 0 0 1
    outer loop
      vertex -12.125969886779785 3.9399662017822266 43
      vertex -2.377640724182129 0.7725419998168945 43
      vertex -11.854649543762207 4.693587303161621 43
    endloop
  endfacet
  facet normal 0 0 1
    outer loop
      vertex -1.9262828826904297 -1.5935592651367188 43
      vertex -9.824043273925781 -8.127155303955078 43
      vertex -9.294349670410156 -8.727974891662598 43
    endloop
  endfacet
  facet normal 0 0 1
    outer loop
      vertex -2.377640724182129 0.7725419998168945 43
      vertex -12.125969886779785 3.9399662017822266 43
      vertex -2.421457290649414 0.6217241287231445 43
    endloop
  endfacet
  facet normal 0 0 1
    outer loop
      vertex -2.0225419998168945 -1.4694623947143555 43
      vertex -10.314966201782227 -7.494261741638184 43
      vertex -9.824043273925781 -8.127155303955078 43
    endloop
  endfacet
  facet normal 0 0 1
    outer loop
      vertex -12.349434852600098 3.170795440673828 43
      vertex -2.421457290649414 0.6217241287231445 43
      vertex -12.125969886779785 3.9399662017822266 43
    endloop
  endfacet
  facet normal 0 0 1
    outer loop
      vertex -2.110818862915039 -1.3395662307739258 43
      vertex -10.765180587768555 -6.831790924072266 43
      vertex -10.314966201782227 -7.494261741638184 43
    endloop
  endfacet
  facet normal 0 0 1
    outer loop
      vertex -2.421457290649414 0.6217241287231445 43
      vertex -12.349434852600098 3.170795440673828 43
      vertex -2.4557180404663086 0.46845245361328125 43
    endloop
  endfacet
  facet normal 0 0 1
    outer loop
      vertex -2.1907663345336914 -1.2043838500976562 43
      vertex -11.1729097366333 -6.142358779907227 43
      vertex -10.765180587768555 -6.831790924072266 43
    endloop
  endfacet
  facet normal 0 0 1
    outer loop
      vertex -12.524162292480469 2.3891115188598633 43
      vertex -2.4557180404663086 0.46845245361328125 43
      vertex -12.349434852600098 3.170795440673828 43
    endloop
  endfacet
  facet normal 0 0 1
    outer loop
      vertex -2.2620668411254883 -1.0644474029541016 43
      vertex -11.536544799804688 -5.428685188293457 43
      vertex -11.1729097366333 -6.142358779907227 43
    endloop
  endfacet
  facet normal 0 0 1
    outer loop
      vertex -2.4557180404663086 0.46845245361328125 43
      vertex -12.524162292480469 2.3891115188598633 43
      vertex -2.4802865982055664 0.31333255767822266 43
    endloop
  endfacet
  facet normal 0 0 1
    outer loop
      vertex -2.3244409561157227 -0.9203109741210938 43
      vertex -11.854649543762207 -4.693587303161621 43
      vertex -11.536544799804688 -5.428685188293457 43
    endloop
  endfacet
  facet normal 0 0 1
    outer loop
      vertex -12.64946174621582 1.5979986190795898 43
      vertex -2.4802865982055664 0.31333255767822266 43
      vertex -12.524162292480469 2.3891115188598633 43
    endloop
  endfacet
  facet normal 0 0 1
    outer loop
      vertex -2.377640724182129 -0.7725419998168945 43
      vertex -12.125969886779785 -3.9399662017822266 43
      vertex -11.854649543762207 -4.693587303161621 43
    endloop
  endfacet
  facet normal 0 0 1
    outer loop
      vertex -2.4802865982055664 0.31333255767822266 43
      vertex -12.64946174621582 1.5979986190795898 43
      vertex -2.4950666427612305 0.15697574615478516 43
    endloop
  endfacet
  facet normal 0 0 1
    outer loop
      vertex -2.421457290649414 -0.6217241287231445 43
      vertex -12.349434852600098 -3.170795440673828 43
      vertex -12.125969886779785 -3.9399662017822266 43
    endloop
  endfacet
  facet normal 0 0 1
    outer loop
      vertex -12.72484016418457 0.8005790710449219 43
      vertex -2.4950666427612305 0.15697574615478516 43
      vertex -12.64946174621582 1.5979986190795898 43
    endloop
  endfacet
  facet normal 0 0 1
    outer loop
      vertex -2.4557180404663086 -0.46845245361328125 43
      vertex -12.524162292480469 -2.3891115188598633 43
      vertex -12.349434852600098 -3.170795440673828 43
    endloop
  endfacet
  facet normal 0 0 1
    outer loop
      vertex -2.4950666427612305 0.15697574615478516 43
      vertex -12.72484016418457 0.8005790710449219 43
      vertex -2.5 0 43
    endloop
  endfacet
  facet normal 0 0 1
    outer loop
      vertex -2.4802865982055664 -0.31333255767822266 43
      vertex -12.64946174621582 -1.5979986190795898 43
      vertex -12.524162292480469 -2.3891115188598633 43
    endloop
  endfacet
  facet normal 0 0 1
    outer loop
      vertex -12.75 0 43
      vertex -2.5 0 43
      vertex -12.72484016418457 0.8005790710449219 43
    endloop
  endfacet
  facet normal 0 0 1
    outer loop
      vertex -2.4950666427612305 -0.15697574615478516 43
      vertex -12.72484016418457 -0.8005790710449219 43
      vertex -12.64946174621582 -1.5979986190795898 43
    endloop
  endfacet
  facet normal 0 0 1
    outer loop
      vertex -2.5 0 43
      vertex -12.75 0 43
      vertex -12.72484016418457 -0.8005790710449219 43
    endloop
  endfacet
  facet normal 0.8121350243525652 -0.18153408261616807 0.5545106663253329
    outer loop
      vertex 12.524162292480469 -2.3891115188598633 43
      vertex 12.349434852600098 -3.170795440673828 43
      vertex 14.286601066589355 -3.66817569732666 40
    endloop
  endfacet
  facet normal -0.8121352443846266 0.18153348356599422 0.5545105401818056
    outer loop
      vertex -14.286601066589355 3.66817569732666 40
      vertex -14.488736152648926 2.763874053955078 40
      vertex -12.524162292480469 2.3891115188598633 43
    endloop
  endfacet
  facet normal 0.2818898118430738 -0.7829789248609504 0.5545107187446122
    outer loop
      vertex 4.693587303161621 -11.854649543762207 43
      vertex 3.9399662017822266 -12.125969886779785 43
      vertex 5.429836273193359 -13.714202880859375 40
    endloop
  endfacet
  facet normal -0.7162893497717748 -0.42361246047938195 0.5545106407726833
    outer loop
      vertex -11.1729097366333 -6.142358779907227 43
      vertex -12.453836441040039 -7.903444290161133 40
      vertex -10.765180587768555 -6.831790924072266 43
    endloop
  endfacet
  facet normal 0.7991338911255226 -0.23217006768286577 0.5545106705255678
    outer loop
      vertex 12.349434852600098 -3.170795440673828 43
      vertex 12.125969886779785 -3.9399662017822266 43
      vertex 14.028082847595215 -4.558000564575195 40
    endloop
  endfacet
  facet normal -0.6882772402526468 -0.4677524003959262 0.5545107144808378
    outer loop
      vertex -10.765180587768555 -6.831790924072266 43
      vertex -11.933000564575195 -8.669832229614258 40
      vertex -10.314966201782227 -7.494261741638184 43
    endloop
  endfacet
  facet normal 0.7829789248609504 -0.2818898118430738 0.5545107187446122
    outer loop
      vertex 12.125969886779785 -3.9399662017822266 43
      vertex 11.854649543762207 -4.693587303161621 43
      vertex 13.714202880859375 -5.429836273193359 40
    endloop
  endfacet
  facet normal -0.8219311594992278 -0.13018056629075508 0.5545107656344223
    outer loop
      vertex -12.64946174621582 -1.5979986190795898 43
      vertex -14.633691787719727 -1.8486642837524414 40
      vertex -12.524162292480469 -2.3891115188598633 43
    endloop
  endfacet
  facet normal -0.33049765389509245 0.7637338361784336 0.5545105303292382
    outer loop
      vertex -5.429836273193359 13.714202880859375 40
      vertex -6.280243873596191 13.346198081970215 40
      vertex -5.428685188293457 11.536544799804688 43
    endloop
  endfacet
  facet normal -0.18153408261616807 -0.8121350243525652 0.5545106663253329
    outer loop
      vertex -3.170795440673828 -12.349434852600098 43
      vertex -3.66817569732666 -14.286601066589355 40
      vertex -2.3891115188598633 -12.524162292480469 43
    endloop
  endfacet
  facet normal 0.026139946844132834 0.8317659350068418 0.5545107145413692
    outer loop
      vertex 0.9261598587036133 14.720893859863281 40
      vertex 0 12.75 43
      vertex 0.8005790710449219 12.72484016418457 43
    endloop
  endfacet
  facet normal -0.7162893500623 -0.42361246010977066 0.5545106406797581
    outer loop
      vertex -11.1729097366333 -6.142358779907227 43
      vertex -12.925522804260254 -7.105866432189941 40
      vertex -12.453836441040039 -7.903444290161133 40
    endloop
  endfacet
  facet normal 0.42361246010977066 -0.7162893500623 0.5545106406797581
    outer loop
      vertex 7.903444290161133 -12.453836441040039 40
      vertex 6.142358779907227 -11.1729097366333 43
      vertex 7.105866432189941 -12.925522804260254 40
    endloop
  endfacet
  facet normal -0.7162893497717748 0.42361246047938195 0.5545106407726833
    outer loop
      vertex -10.765180587768555 6.831790924072266 43
      vertex -12.453836441040039 7.903444290161133 40
      vertex -11.1729097366333 6.142358779907227 43
    endloop
  endfacet
  facet normal 0.07831449460435669 0.8284833839618966 0.5545107054276852
    outer loop
      vertex 0.9261598587036133 14.720893859863281 40
      vertex 0.8005790710449219 12.72484016418457 43
      vertex 1.8486642837524414 14.633691787719727 40
    endloop
  endfacet
  facet normal -0.5100471325117683 -0.6575483203735889 0.5545107113396412
    outer loop
      vertex -8.127155303955078 -9.824043273925781 43
      vertex -8.669832229614258 -11.933000564575195 40
      vertex -7.494261741638184 -10.314966201782227 43
    endloop
  endfacet
  facet normal -0.8317659350068418 0.026139946844132834 0.5545107145413692
    outer loop
      vertex -12.72484016418457 0.8005790710449219 43
      vertex -14.720893859863281 0.9261598587036133 40
      vertex -12.75 0 43
    endloop
  endfacet
  facet normal -0.8121350243525652 0.18153408261616807 0.5545106663253329
    outer loop
      vertex -12.349434852600098 3.170795440673828 43
      vertex -14.286601066589355 3.66817569732666 40
      vertex -12.524162292480469 2.3891115188598633 43
    endloop
  endfacet
  facet normal -0.8219311315637564 0.13018168406780298 0.5545105446243503
    outer loop
      vertex -14.488736152648926 2.763874053955078 40
      vertex -14.633691787719727 1.8486642837524414 40
      vertex -12.524162292480469 2.3891115188598633 43
    endloop
  endfacet
  facet normal -0.6882774713243723 0.46775214166866685 0.554510645913767
    outer loop
      vertex -11.933000564575195 8.669832229614258 40
      vertex -12.453836441040039 7.903444290161133 40
      vertex -10.765180587768555 6.831790924072266 43
    endloop
  endfacet
  facet normal -0.23217003840707962 -0.7991339040183831 0.5545106642025858
    outer loop
      vertex -3.170795440673828 -12.349434852600098 43
      vertex -4.558000564575195 -14.028082847595215 40
      vertex -3.66817569732666 -14.286601066589355 40
    endloop
  endfacet
  facet normal -0.42361246010977066 0.7162893500623 0.5545106406797581
    outer loop
      vertex -7.105866432189941 12.925522804260254 40
      vertex -7.903444290161133 12.453836441040039 40
      vertex -6.142358779907227 11.1729097366333 43
    endloop
  endfacet
  facet normal -0.13018056629075508 0.8219311594992278 0.5545107656344223
    outer loop
      vertex -1.8486642837524414 14.633691787719727 40
      vertex -2.3891115188598633 12.524162292480469 43
      vertex -1.5979986190795898 12.64946174621582 43
    endloop
  endfacet
  facet normal 0.7414750285022506 -0.37780001319424544 0.554510533838641
    outer loop
      vertex 13.346198081970215 -6.280243873596191 40
      vertex 11.536544799804688 -5.428685188293457 43
      vertex 12.925522804260254 -7.105866432189941 40
    endloop
  endfacet
  facet normal 0.6575480784290015 0.5100475476862005 0.5545106163579022
    outer loop
      vertex 11.365069389343262 9.402003288269043 40
      vertex 9.824043273925781 8.127155303955078 43
      vertex 11.933000564575195 8.669832229614258 40
    endloop
  endfacet
  facet normal -0.8284833839618966 0.07831449460435669 0.5545107054276852
    outer loop
      vertex -14.633691787719727 1.8486642837524414 40
      vertex -14.720893859863281 0.9261598587036133 40
      vertex -12.72484016418457 0.8005790710449219 43
    endloop
  endfacet
  facet normal 0.13018056629075508 -0.8219311594992278 0.5545107656344223
    outer loop
      vertex 2.3891115188598633 -12.524162292480469 43
      vertex 1.5979986190795898 -12.64946174621582 43
      vertex 1.8486642837524414 -14.633691787719727 40
    endloop
  endfacet
  facet normal -0.6242249154932644 -0.5503281711461511 0.5545107383273653
    outer loop
      vertex -9.824043273925781 -8.127155303955078 43
      vertex -10.752286911010742 -10.09706974029541 40
      vertex -9.294349670410156 -8.727974891662598 43
    endloop
  endfacet
  facet normal -0.7637338361784336 -0.33049765389509245 0.5545105303292382
    outer loop
      vertex -11.536544799804688 -5.428685188293457 43
      vertex -13.714202880859375 -5.429836273193359 40
      vertex -13.346198081970215 -6.280243873596191 40
    endloop
  endfacet
  facet normal -0.6575483203735889 -0.5100471325117683 0.5545107113396412
    outer loop
      vertex -10.314966201782227 -7.494261741638184 43
      vertex -11.933000564575195 -8.669832229614258 40
      vertex -9.824043273925781 -8.127155303955078 43
    endloop
  endfacet
  facet normal -0.7637341007484855 -0.33049672089133003 0.5545107220189531
    outer loop
      vertex -11.854649543762207 -4.693587303161621 43
      vertex -13.714202880859375 -5.429836273193359 40
      vertex -11.536544799804688 -5.428685188293457 43
    endloop
  endfacet
  facet normal 0.5503281711461511 0.6242249154932644 0.5545107383273653
    outer loop
      vertex 10.09706974029541 10.752286911010742 40
      vertex 8.127155303955078 9.824043273925781 43
      vertex 8.727974891662598 9.294349670410156 43
    endloop
  endfacet
  facet normal -0.07831481113772032 0.8284833110685796 0.554510769631489
    outer loop
      vertex -0.8005790710449219 12.72484016418457 43
      vertex -1.8486642837524414 14.633691787719727 40
      vertex -1.5979986190795898 12.64946174621582 43
    endloop
  endfacet
  facet normal 0.5100475476862005 0.6575480784290015 0.5545106163579022
    outer loop
      vertex 8.669832229614258 11.933000564575195 40
      vertex 8.127155303955078 9.824043273925781 43
      vertex 9.402003288269043 11.365069389343262 40
    endloop
  endfacet
  facet normal -0.7829790274436235 0.2818896136731885 0.5545106746372138
    outer loop
      vertex -13.714202880859375 5.429836273193359 40
      vertex -14.028082847595215 4.558000564575195 40
      vertex -12.125969886779785 3.9399662017822266 43
    endloop
  endfacet
  facet normal 0.5884376913858069 0.5884376913858069 0.5545107453540318
    outer loop
      vertex 8.727974891662598 9.294349670410156 43
      vertex 10.752286911010742 10.09706974029541 40
      vertex 10.09706974029541 10.752286911010742 40
    endloop
  endfacet
  facet normal 0.5884376913858068 0.5884376913858068 0.5545107453540318
    outer loop
      vertex 10.752286911010742 10.09706974029541 40
      vertex 8.727974891662598 9.294349670410156 43
      vertex 9.294349670410156 8.727974891662598 43
    endloop
  endfacet
  facet normal 0.37780001319424544 -0.7414750285022506 0.554510533838641
    outer loop
      vertex 7.105866432189941 -12.925522804260254 40
      vertex 5.428685188293457 -11.536544799804688 43
      vertex 6.280243873596191 -13.346198081970215 40
    endloop
  endfacet
  facet normal -0.5503281711461511 -0.6242249154932644 0.5545107383273653
    outer loop
      vertex -8.727974891662598 -9.294349670410156 43
      vertex -10.09706974029541 -10.752286911010742 40
      vertex -8.127155303955078 -9.824043273925781 43
    endloop
  endfacet
  facet normal 0.5503277719083741 0.6242253742515829 0.5545106181191086
    outer loop
      vertex 9.402003288269043 11.365069389343262 40
      vertex 8.127155303955078 9.824043273925781 43
      vertex 10.09706974029541 10.752286911010742 40
    endloop
  endfacet
  facet normal 0.18153348356599422 -0.8121352443846266 0.5545105401818056
    outer loop
      vertex 3.66817569732666 -14.286601066589355 40
      vertex 2.3891115188598633 -12.524162292480469 43
      vertex 2.763874053955078 -14.488736152648926 40
    endloop
  endfacet
  facet normal 0.6242253742515829 0.5503277719083741 0.5545106181191086
    outer loop
      vertex 10.752286911010742 10.09706974029541 40
      vertex 9.824043273925781 8.127155303955078 43
      vertex 11.365069389343262 9.402003288269043 40
    endloop
  endfacet
  facet normal -0.026139946844132834 0.8317659350068418 0.5545107145413692
    outer loop
      vertex 0 12.75 43
      vertex -0.9261598587036133 14.720893859863281 40
      vertex -0.8005790710449219 12.72484016418457 43
    endloop
  endfacet
  facet normal 0.5884376913858068 -0.5884376913858068 0.5545107453540318
    outer loop
      vertex 8.727974891662598 -9.294349670410156 43
      vertex 10.752286911010742 -10.09706974029541 40
      vertex 9.294349670410156 -8.727974891662598 43
    endloop
  endfacet
  facet normal 0.5884376913858069 -0.5884376913858069 0.5545107453540318
    outer loop
      vertex 10.752286911010742 -10.09706974029541 40
      vertex 8.727974891662598 -9.294349670410156 43
      vertex 10.09706974029541 -10.752286911010742 40
    endloop
  endfacet
  facet normal 0.6242249154932644 0.5503281711461511 0.5545107383273653
    outer loop
      vertex 10.752286911010742 10.09706974029541 40
      vertex 9.294349670410156 8.727974891662598 43
      vertex 9.824043273925781 8.127155303955078 43
    endloop
  endfacet
  facet normal -0.33049672089133003 -0.7637341007484855 0.5545107220189531
    outer loop
      vertex -5.428685188293457 -11.536544799804688 43
      vertex -5.429836273193359 -13.714202880859375 40
      vertex -4.693587303161621 -11.854649543762207 43
    endloop
  endfacet
  facet normal 0.7637338361784336 -0.33049765389509245 0.5545105303292382
    outer loop
      vertex 13.714202880859375 -5.429836273193359 40
      vertex 11.536544799804688 -5.428685188293457 43
      vertex 13.346198081970215 -6.280243873596191 40
    endloop
  endfacet
  facet normal 0.13018056629075508 0.8219311594992278 0.5545107656344223
    outer loop
      vertex 1.8486642837524414 14.633691787719727 40
      vertex 1.5979986190795898 12.64946174621582 43
      vertex 2.3891115188598633 12.524162292480469 43
    endloop
  endfacet
  facet normal 0.23217006768286577 0.7991338911255226 0.5545106705255678
    outer loop
      vertex 4.558000564575195 14.028082847595215 40
      vertex 3.170795440673828 12.349434852600098 43
      vertex 3.9399662017822266 12.125969886779785 43
    endloop
  endfacet
  facet normal -0.2818898118430738 -0.7829789248609504 0.5545107187446122
    outer loop
      vertex -4.693587303161621 -11.854649543762207 43
      vertex -5.429836273193359 -13.714202880859375 40
      vertex -3.9399662017822266 -12.125969886779785 43
    endloop
  endfacet
  facet normal 0.7637341007484855 -0.33049672089133003 0.5545107220189531
    outer loop
      vertex 11.854649543762207 -4.693587303161621 43
      vertex 11.536544799804688 -5.428685188293457 43
      vertex 13.714202880859375 -5.429836273193359 40
    endloop
  endfacet
  facet normal -0.7991339040183831 0.23217003840707962 0.5545106642025858
    outer loop
      vertex -14.028082847595215 4.558000564575195 40
      vertex -14.286601066589355 3.66817569732666 40
      vertex -12.349434852600098 3.170795440673828 43
    endloop
  endfacet
  facet normal -0.37780001319424544 0.7414750285022506 0.554510533838641
    outer loop
      vertex -6.280243873596191 13.346198081970215 40
      vertex -7.105866432189941 12.925522804260254 40
      vertex -5.428685188293457 11.536544799804688 43
    endloop
  endfacet
  facet normal -0.18153408261616807 0.8121350243525652 0.5545106663253329
    outer loop
      vertex -2.3891115188598633 12.524162292480469 43
      vertex -3.66817569732666 14.286601066589355 40
      vertex -3.170795440673828 12.349434852600098 43
    endloop
  endfacet
  facet normal 0.6575480784290015 -0.5100475476862005 0.5545106163579022
    outer loop
      vertex 11.933000564575195 -8.669832229614258 40
      vertex 9.824043273925781 -8.127155303955078 43
      vertex 11.365069389343262 -9.402003288269043 40
    endloop
  endfacet
  facet normal 0.46775214166866685 -0.6882774713243723 0.554510645913767
    outer loop
      vertex 8.669832229614258 -11.933000564575195 40
      vertex 6.831790924072266 -10.765180587768555 43
      vertex 7.903444290161133 -12.453836441040039 40
    endloop
  endfacet
  facet normal -0.7637338361784336 0.33049765389509245 0.5545105303292382
    outer loop
      vertex -13.346198081970215 6.280243873596191 40
      vertex -13.714202880859375 5.429836273193359 40
      vertex -11.536544799804688 5.428685188293457 43
    endloop
  endfacet
  facet normal 0.4677524003959262 0.6882772402526468 0.5545107144808378
    outer loop
      vertex 8.669832229614258 11.933000564575195 40
      vertex 6.831790924072266 10.765180587768555 43
      vertex 7.494261741638184 10.314966201782227 43
    endloop
  endfacet
  facet normal 0.2818896136731885 -0.7829790274436235 0.5545106746372138
    outer loop
      vertex 5.429836273193359 -13.714202880859375 40
      vertex 3.9399662017822266 -12.125969886779785 43
      vertex 4.558000564575195 -14.028082847595215 40
    endloop
  endfacet
  facet normal 0.6242253742515829 -0.5503277719083741 0.5545106181191086
    outer loop
      vertex 11.365069389343262 -9.402003288269043 40
      vertex 9.824043273925781 -8.127155303955078 43
      vertex 10.752286911010742 -10.09706974029541 40
    endloop
  endfacet
  facet normal 0.6882774713243723 0.46775214166866685 0.554510645913767
    outer loop
      vertex 11.933000564575195 8.669832229614258 40
      vertex 10.765180587768555 6.831790924072266 43
      vertex 12.453836441040039 7.903444290161133 40
    endloop
  endfacet
  facet normal -0.8284833110685796 0.07831481113772032 0.554510769631489
    outer loop
      vertex -12.64946174621582 1.5979986190795898 43
      vertex -14.633691787719727 1.8486642837524414 40
      vertex -12.72484016418457 0.8005790710449219 43
    endloop
  endfacet
  facet normal 0.8219311594992278 -0.13018056629075508 0.5545107656344223
    outer loop
      vertex 12.64946174621582 -1.5979986190795898 43
      vertex 12.524162292480469 -2.3891115188598633 43
      vertex 14.633691787719727 -1.8486642837524414 40
    endloop
  endfacet
  facet normal -0.07831449460435669 0.8284833839618966 0.5545107054276852
    outer loop
      vertex -0.9261598587036133 14.720893859863281 40
      vertex -1.8486642837524414 14.633691787719727 40
      vertex -0.8005790710449219 12.72484016418457 43
    endloop
  endfacet
  facet normal -0.42361246010977066 -0.7162893500623 0.5545106406797581
    outer loop
      vertex -6.142358779907227 -11.1729097366333 43
      vertex -7.903444290161133 -12.453836441040039 40
      vertex -7.105866432189941 -12.925522804260254 40
    endloop
  endfacet
  facet normal -0.5884376913858069 0.5884376913858069 0.5545107453540318
    outer loop
      vertex -10.752286911010742 10.09706974029541 40
      vertex -8.727974891662598 9.294349670410156 43
      vertex -10.09706974029541 10.752286911010742 40
    endloop
  endfacet
  facet normal -0.5884376913858068 0.5884376913858068 0.5545107453540318
    outer loop
      vertex -8.727974891662598 9.294349670410156 43
      vertex -10.752286911010742 10.09706974029541 40
      vertex -9.294349670410156 8.727974891662598 43
    endloop
  endfacet
  facet normal -0.8284833110685796 -0.07831481113772032 0.554510769631489
    outer loop
      vertex -12.72484016418457 -0.8005790710449219 43
      vertex -14.633691787719727 -1.8486642837524414 40
      vertex -12.64946174621582 -1.5979986190795898 43
    endloop
  endfacet
  facet normal 0.7414747237249876 -0.37780045551642105 0.5545106400138217
    outer loop
      vertex 11.536544799804688 -5.428685188293457 43
      vertex 11.1729097366333 -6.142358779907227 43
      vertex 12.925522804260254 -7.105866432189941 40
    endloop
  endfacet
  facet normal 0.2818898118430738 0.7829789248609504 0.5545107187446122
    outer loop
      vertex 5.429836273193359 13.714202880859375 40
      vertex 3.9399662017822266 12.125969886779785 43
      vertex 4.693587303161621 11.854649543762207 43
    endloop
  endfacet
  facet normal 0.37780001319424544 0.7414750285022506 0.554510533838641
    outer loop
      vertex 6.280243873596191 13.346198081970215 40
      vertex 5.428685188293457 11.536544799804688 43
      vertex 7.105866432189941 12.925522804260254 40
    endloop
  endfacet
  facet normal 0.33049765389509245 0.7637338361784336 0.5545105303292382
    outer loop
      vertex 5.429836273193359 13.714202880859375 40
      vertex 5.428685188293457 11.536544799804688 43
      vertex 6.280243873596191 13.346198081970215 40
    endloop
  endfacet
  facet normal -0.37780045551642105 -0.7414747237249876 0.5545106400138217
    outer loop
      vertex -6.142358779907227 -11.1729097366333 43
      vertex -7.105866432189941 -12.925522804260254 40
      vertex -5.428685188293457 -11.536544799804688 43
    endloop
  endfacet
  facet normal -0.6575480784290015 0.5100475476862005 0.5545106163579022
    outer loop
      vertex -11.365069389343262 9.402003288269043 40
      vertex -11.933000564575195 8.669832229614258 40
      vertex -9.824043273925781 8.127155303955078 43
    endloop
  endfacet
  facet normal 0.42361246010977066 0.7162893500623 0.5545106406797581
    outer loop
      vertex 7.105866432189941 12.925522804260254 40
      vertex 6.142358779907227 11.1729097366333 43
      vertex 7.903444290161133 12.453836441040039 40
    endloop
  endfacet
  facet normal -0.6882772402526468 0.4677524003959262 0.5545107144808378
    outer loop
      vertex -10.314966201782227 7.494261741638184 43
      vertex -11.933000564575195 8.669832229614258 40
      vertex -10.765180587768555 6.831790924072266 43
    endloop
  endfacet
  facet normal -0.5100475476862005 -0.6575480784290015 0.5545106163579022
    outer loop
      vertex -8.127155303955078 -9.824043273925781 43
      vertex -9.402003288269043 -11.365069389343262 40
      vertex -8.669832229614258 -11.933000564575195 40
    endloop
  endfacet
  facet normal -0.7829789248609504 0.2818898118430738 0.5545107187446122
    outer loop
      vertex -11.854649543762207 4.693587303161621 43
      vertex -13.714202880859375 5.429836273193359 40
      vertex -12.125969886779785 3.9399662017822266 43
    endloop
  endfacet
  facet normal -0.8284833839618966 -0.07831449460435669 0.5545107054276852
    outer loop
      vertex -12.72484016418457 -0.8005790710449219 43
      vertex -14.720893859863281 -0.9261598587036133 40
      vertex -14.633691787719727 -1.8486642837524414 40
    endloop
  endfacet
  facet normal -0.5100475476862005 0.6575480784290015 0.5545106163579022
    outer loop
      vertex -8.669832229614258 11.933000564575195 40
      vertex -9.402003288269043 11.365069389343262 40
      vertex -8.127155303955078 9.824043273925781 43
    endloop
  endfacet
  facet normal -0.5503277719083741 0.6242253742515829 0.5545106181191086
    outer loop
      vertex -9.402003288269043 11.365069389343262 40
      vertex -10.09706974029541 10.752286911010742 40
      vertex -8.127155303955078 9.824043273925781 43
    endloop
  endfacet
  facet normal -0.7414747237249876 -0.37780045551642105 0.5545106400138217
    outer loop
      vertex -11.536544799804688 -5.428685188293457 43
      vertex -12.925522804260254 -7.105866432189941 40
      vertex -11.1729097366333 -6.142358779907227 43
    endloop
  endfacet
  facet normal -0.07831449460435669 -0.8284833839618966 0.5545107054276852
    outer loop
      vertex -0.8005790710449219 -12.72484016418457 43
      vertex -1.8486642837524414 -14.633691787719727 40
      vertex -0.9261598587036133 -14.720893859863281 40
    endloop
  endfacet
  facet normal -0.23217006768286577 0.7991338911255226 0.5545106705255678
    outer loop
      vertex -3.170795440673828 12.349434852600098 43
      vertex -4.558000564575195 14.028082847595215 40
      vertex -3.9399662017822266 12.125969886779785 43
    endloop
  endfacet
  facet normal -0.6575480784290015 -0.5100475476862005 0.5545106163579022
    outer loop
      vertex -9.824043273925781 -8.127155303955078 43
      vertex -11.933000564575195 -8.669832229614258 40
      vertex -11.365069389343262 -9.402003288269043 40
    endloop
  endfacet
  facet normal -0.6242253742515829 -0.5503277719083741 0.5545106181191086
    outer loop
      vertex -9.824043273925781 -8.127155303955078 43
      vertex -11.365069389343262 -9.402003288269043 40
      vertex -10.752286911010742 -10.09706974029541 40
    endloop
  endfacet
  facet normal 0.5100475476862005 -0.6575480784290015 0.5545106163579022
    outer loop
      vertex 9.402003288269043 -11.365069389343262 40
      vertex 8.127155303955078 -9.824043273925781 43
      vertex 8.669832229614258 -11.933000564575195 40
    endloop
  endfacet
  facet normal 0.7162893500623 -0.42361246010977066 0.5545106406797581
    outer loop
      vertex 12.925522804260254 -7.105866432189941 40
      vertex 11.1729097366333 -6.142358779907227 43
      vertex 12.453836441040039 -7.903444290161133 40
    endloop
  endfacet
  facet normal 0.7162893497717748 -0.42361246047938195 0.5545106407726833
    outer loop
      vertex 11.1729097366333 -6.142358779907227 43
      vertex 10.765180587768555 -6.831790924072266 43
      vertex 12.453836441040039 -7.903444290161133 40
    endloop
  endfacet
  facet normal 0.18153408261616807 -0.8121350243525652 0.5545106663253329
    outer loop
      vertex 3.170795440673828 -12.349434852600098 43
      vertex 2.3891115188598633 -12.524162292480469 43
      vertex 3.66817569732666 -14.286601066589355 40
    endloop
  endfacet
  facet normal 0.23217006768286577 -0.7991338911255226 0.5545106705255678
    outer loop
      vertex 3.9399662017822266 -12.125969886779785 43
      vertex 3.170795440673828 -12.349434852600098 43
      vertex 4.558000564575195 -14.028082847595215 40
    endloop
  endfacet
  facet normal 0.5503277719083741 -0.6242253742515829 0.5545106181191086
    outer loop
      vertex 10.09706974029541 -10.752286911010742 40
      vertex 8.127155303955078 -9.824043273925781 43
      vertex 9.402003288269043 -11.365069389343262 40
    endloop
  endfacet
  facet normal 0.5503281711461511 -0.6242249154932644 0.5545107383273653
    outer loop
      vertex 8.727974891662598 -9.294349670410156 43
      vertex 8.127155303955078 -9.824043273925781 43
      vertex 10.09706974029541 -10.752286911010742 40
    endloop
  endfacet
  facet normal -0.23217006768286577 -0.7991338911255226 0.5545106705255678
    outer loop
      vertex -3.9399662017822266 -12.125969886779785 43
      vertex -4.558000564575195 -14.028082847595215 40
      vertex -3.170795440673828 -12.349434852600098 43
    endloop
  endfacet
  facet normal -0.18153348356599422 0.8121352443846266 0.5545105401818056
    outer loop
      vertex -2.763874053955078 14.488736152648926 40
      vertex -3.66817569732666 14.286601066589355 40
      vertex -2.3891115188598633 12.524162292480469 43
    endloop
  endfacet
  facet normal -0.2818896136731885 -0.7829790274436235 0.5545106746372138
    outer loop
      vertex -3.9399662017822266 -12.125969886779785 43
      vertex -5.429836273193359 -13.714202880859375 40
      vertex -4.558000564575195 -14.028082847595215 40
    endloop
  endfacet
  facet normal -0.13018056629075508 -0.8219311594992278 0.5545107656344223
    outer loop
      vertex -1.5979986190795898 -12.64946174621582 43
      vertex -2.3891115188598633 -12.524162292480469 43
      vertex -1.8486642837524414 -14.633691787719727 40
    endloop
  endfacet
  facet normal -0.07831481113772032 -0.8284833110685796 0.554510769631489
    outer loop
      vertex -1.5979986190795898 -12.64946174621582 43
      vertex -1.8486642837524414 -14.633691787719727 40
      vertex -0.8005790710449219 -12.72484016418457 43
    endloop
  endfacet
  facet normal -0.4677524003959262 -0.6882772402526468 0.5545107144808378
    outer loop
      vertex -7.494261741638184 -10.314966201782227 43
      vertex -8.669832229614258 -11.933000564575195 40
      vertex -6.831790924072266 -10.765180587768555 43
    endloop
  endfacet
  facet normal -0.8121350243525652 -0.18153408261616807 0.5545106663253329
    outer loop
      vertex -12.524162292480469 -2.3891115188598633 43
      vertex -14.286601066589355 -3.66817569732666 40
      vertex -12.349434852600098 -3.170795440673828 43
    endloop
  endfacet
  facet normal -0.37780001319424544 -0.7414750285022506 0.554510533838641
    outer loop
      vertex -5.428685188293457 -11.536544799804688 43
      vertex -7.105866432189941 -12.925522804260254 40
      vertex -6.280243873596191 -13.346198081970215 40
    endloop
  endfacet
  facet normal -0.5884376913858068 -0.5884376913858068 0.5545107453540318
    outer loop
      vertex -10.752286911010742 -10.09706974029541 40
      vertex -8.727974891662598 -9.294349670410156 43
      vertex -9.294349670410156 -8.727974891662598 43
    endloop
  endfacet
  facet normal -0.5884376913858069 -0.5884376913858069 0.5545107453540318
    outer loop
      vertex -8.727974891662598 -9.294349670410156 43
      vertex -10.752286911010742 -10.09706974029541 40
      vertex -10.09706974029541 -10.752286911010742 40
    endloop
  endfacet
  facet normal 0.4677524003959262 -0.6882772402526468 0.5545107144808378
    outer loop
      vertex 7.494261741638184 -10.314966201782227 43
      vertex 6.831790924072266 -10.765180587768555 43
      vertex 8.669832229614258 -11.933000564575195 40
    endloop
  endfacet
  facet normal 0.6882774713243723 -0.46775214166866685 0.554510645913767
    outer loop
      vertex 12.453836441040039 -7.903444290161133 40
      vertex 10.765180587768555 -6.831790924072266 43
      vertex 11.933000564575195 -8.669832229614258 40
    endloop
  endfacet
  facet normal -0.33049765389509245 -0.7637338361784336 0.5545105303292382
    outer loop
      vertex -5.428685188293457 -11.536544799804688 43
      vertex -6.280243873596191 -13.346198081970215 40
      vertex -5.429836273193359 -13.714202880859375 40
    endloop
  endfacet
  facet normal 0.5100471325117683 -0.6575483203735889 0.5545107113396412
    outer loop
      vertex 8.127155303955078 -9.824043273925781 43
      vertex 7.494261741638184 -10.314966201782227 43
      vertex 8.669832229614258 -11.933000564575195 40
    endloop
  endfacet
  facet normal -0.7991339040183831 -0.23217003840707962 0.5545106642025858
    outer loop
      vertex -12.349434852600098 -3.170795440673828 43
      vertex -14.286601066589355 -3.66817569732666 40
      vertex -14.028082847595215 -4.558000564575195 40
    endloop
  endfacet
  facet normal 0.33049672089133003 -0.7637341007484855 0.5545107220189531
    outer loop
      vertex 5.428685188293457 -11.536544799804688 43
      vertex 4.693587303161621 -11.854649543762207 43
      vertex 5.429836273193359 -13.714202880859375 40
    endloop
  endfacet
  facet normal 0.8317658072947102 0.026140083138360595 -0.5545108996844865
    outer loop
      vertex 16 0 0
      vertex 15.968426704406738 1.004648208618164 0
      vertex 17.964481353759766 1.1302289962768555 3
    endloop
  endfacet
  facet normal 0.8121347808216671 -0.18153407772232708 -0.5545110246020782
    outer loop
      vertex 17.434497833251953 -4.476417541503906 3
      vertex 15.497329711914062 -3.979037284851074 0
      vertex 15.716595649719238 -2.9981002807617188 0
    endloop
  endfacet
  facet normal 0.377800085934459 0.7414748708453535 -0.5545106950932343
    outer loop
      vertex 7.7080583572387695 14.020906448364258 0
      vertex 6.812468528747559 14.477231979370117 0
      vertex 7.664027214050293 16.28688621520996 3
    endloop
  endfacet
  facet normal -0.02613912952527928 0.831765994883035 -0.5545106632553567
    outer loop
      vertex 0 16 0
      vertex -1.1302289962768555 17.964481353759766 3
      vertex 0 18 3
    endloop
  endfacet
  facet normal -0.8121347808216671 -0.18153407772232708 -0.5545110246020782
    outer loop
      vertex -15.497329711914062 -3.979037284851074 0
      vertex -17.434497833251953 -4.476417541503906 3
      vertex -15.716595649719238 -2.9981002807617188 0
    endloop
  endfacet
  facet normal -0.18153358533545186 0.8121349790469071 -0.5545108954779302
    outer loop
      vertex -2.9981002807617188 15.716595649719238 0
      vertex -4.476417541503906 17.434497833251953 3
      vertex -3.3728628158569336 17.681171417236328 3
    endloop
  endfacet
  facet normal -0.8284832622699511 -0.07831449142352141 -0.5545108876943851
    outer loop
      vertex -15.873834609985352 -2.005331039428711 0
      vertex -17.964481353759766 -1.1302289962768555 3
      vertex -15.968426704406738 -1.004648208618164 0
    endloop
  endfacet
  facet normal 0.7829792311084873 -0.28188903034712554 -0.5545106835965556
    outer loop
      vertex 16.735977172851562 -6.626241683959961 3
      vertex 15.216903686523438 -4.944271087646484 0
      vertex 17.119016647338867 -5.562305450439453 3
    endloop
  endfacet
  facet normal 0.33049783322078446 -0.7637336339255775 -0.5545107020132238
    outer loop
      vertex 7.664027214050293 -16.28688621520996 3
      vertex 6.626241683959961 -16.735977172851562 3
      vertex 6.812468528747559 -14.477231979370117 0
    endloop
  endfacet
  facet normal -0.13018088578337508 -0.8219310213988535 -0.5545108953292922
    outer loop
      vertex -2.005331039428711 -15.873834609985352 0
      vertex -3.3728628158569336 -17.681171417236328 3
      vertex -2.9981002807617188 -15.716595649719238 0
    endloop
  endfacet
  facet normal -0.7162890750043365 0.4236127948932222 -0.5545107402315891
    outer loop
      vertex -14.020906448364258 7.7080583572387695 0
      vertex -15.197901725769043 9.644882202148438 3
      vertex -13.509245872497559 8.573227882385254 0
    endloop
  endfacet
  facet normal 0.33049711027129874 -0.7637338151327183 -0.5545108833243438
    outer loop
      vertex 6.626241683959961 -16.735977172851562 3
      vertex 5.889992713928223 -14.876422882080078 0
      vertex 6.812468528747559 -14.477231979370117 0
    endloop
  endfacet
  facet normal 0.5100468378093231 -0.657548544441073 -0.554510716708105
    outer loop
      vertex 10.580134391784668 -14.562305450439453 3
      vertex 9.404563903808594 -12.944271087646484 0
      vertex 10.198782920837402 -12.328211784362793 0
    endloop
  endfacet
  facet normal -0.026140083138360595 0.8317658072947102 -0.5545108996844865
    outer loop
      vertex -1.004648208618164 15.968426704406738 0
      vertex -1.1302289962768555 17.964481353759766 3
      vertex 0 16 0
    endloop
  endfacet
  facet normal 0.28188903034712554 -0.7829792311084873 -0.5545106835965556
    outer loop
      vertex 5.562305450439453 -17.119016647338867 3
      vertex 4.944271087646484 -15.216903686523438 0
      vertex 6.626241683959961 -16.735977172851562 3
    endloop
  endfacet
  facet normal -0.07831449142352141 0.8284832622699511 -0.5545108876943851
    outer loop
      vertex -1.004648208618164 15.968426704406738 0
      vertex -2.005331039428711 15.873834609985352 0
      vertex -1.1302289962768555 17.964481353759766 3
    endloop
  endfacet
  facet normal 0.23216956619671042 -0.7991337928113122 -0.5545110221799365
    outer loop
      vertex 4.476417541503906 -17.434497833251953 3
      vertex 3.979037284851074 -15.497329711914062 0
      vertex 4.944271087646484 -15.216903686523438 0
    endloop
  endfacet
  facet normal -0.7829788157878567 0.28188977565174045 -0.5545108911558521
    outer loop
      vertex -15.216903686523438 4.944271087646484 0
      vertex -16.735977172851562 6.626241683959961 3
      vertex -14.876422882080078 5.889992713928223 0
    endloop
  endfacet
  facet normal -0.18153407772232708 -0.8121347808216671 -0.5545110246020782
    outer loop
      vertex -2.9981002807617188 -15.716595649719238 0
      vertex -4.476417541503906 -17.434497833251953 3
      vertex -3.979037284851074 -15.497329711914062 0
    endloop
  endfacet
  facet normal -0.8219310213988535 0.13018088578337508 -0.5545108953292922
    outer loop
      vertex -15.873834609985352 2.005331039428711 0
      vertex -17.681171417236328 3.3728628158569336 3
      vertex -15.716595649719238 2.9981002807617188 0
    endloop
  endfacet
  facet normal 0.026140083138360595 0.8317658072947102 -0.5545108996844865
    outer loop
      vertex 1.004648208618164 15.968426704406738 0
      vertex 0 16 0
      vertex 1.1302289962768555 17.964481353759766 3
    endloop
  endfacet
  facet normal -0.3778003109281791 0.7414747991649953 -0.5545106376489103
    outer loop
      vertex -7.7080583572387695 14.020906448364258 0
      vertex -8.671566009521484 15.773519515991211 3
      vertex -7.664027214050293 16.28688621520996 3
    endloop
  endfacet
  facet normal 0.13017916171569086 -0.8219315925371269 -0.5545104535032523
    outer loop
      vertex 2.255997657775879 -17.858062744140625 3
      vertex 2.005331039428711 -15.873834609985352 0
      vertex 3.3728628158569336 -17.681171417236328 3
    endloop
  endfacet
  facet normal 0.07831449142352141 0.8284832622699511 -0.5545108876943851
    outer loop
      vertex 2.005331039428711 15.873834609985352 0
      vertex 1.004648208618164 15.968426704406738 0
      vertex 1.1302289962768555 17.964481353759766 3
    endloop
  endfacet
  facet normal -0.8219310213988535 -0.13018088578337508 -0.5545108953292922
    outer loop
      vertex -15.716595649719238 -2.9981002807617188 0
      vertex -17.681171417236328 -3.3728628158569336 3
      vertex -15.873834609985352 -2.005331039428711 0
    endloop
  endfacet
  facet normal -0.7991337928113122 0.23216956619671042 -0.5545110221799365
    outer loop
      vertex -15.497329711914062 3.979037284851074 0
      vertex -17.434497833251953 4.476417541503906 3
      vertex -15.216903686523438 4.944271087646484 0
    endloop
  endfacet
  facet normal 0.8284833873272534 -0.07831631238919394 -0.5545104436676721
    outer loop
      vertex 17.858062744140625 -2.255997657775879 3
      vertex 15.873834609985352 -2.005331039428711 0
      vertex 17.964481353759766 -1.1302289962768555 3
    endloop
  endfacet
  facet normal 0.588437752422326 0.588437752422326 -0.5545106158121074
    outer loop
      vertex 13.121435165405273 12.321846961975098 3
      vertex 10.952753067016602 11.663497924804688 0
      vertex 12.321846961975098 13.121435165405273 3
    endloop
  endfacet
  facet normal 0.588437752422326 0.588437752422326 -0.5545106158121075
    outer loop
      vertex 10.952753067016602 11.663497924804688 0
      vertex 13.121435165405273 12.321846961975098 3
      vertex 11.663497924804688 10.952753067016602 0
    endloop
  endfacet
  facet normal -0.18153358533545186 -0.8121349790469071 -0.5545108954779302
    outer loop
      vertex -3.3728628158569336 -17.681171417236328 3
      vertex -4.476417541503906 -17.434497833251953 3
      vertex -2.9981002807617188 -15.716595649719238 0
    endloop
  endfacet
  facet normal 0.18153407772232708 -0.8121347808216671 -0.5545110246020782
    outer loop
      vertex 4.476417541503906 -17.434497833251953 3
      vertex 2.9981002807617188 -15.716595649719238 0
      vertex 3.979037284851074 -15.497329711914062 0
    endloop
  endfacet
  facet normal 0.33049783322078446 0.7637336339255775 -0.5545107020132238
    outer loop
      vertex 6.812468528747559 14.477231979370117 0
      vertex 6.626241683959961 16.735977172851562 3
      vertex 7.664027214050293 16.28688621520996 3
    endloop
  endfacet
  facet normal 0.8121349790469071 -0.18153358533545186 -0.5545108954779302
    outer loop
      vertex 17.434497833251953 -4.476417541503906 3
      vertex 15.716595649719238 -2.9981002807617188 0
      vertex 17.681171417236328 -3.3728628158569336 3
    endloop
  endfacet
  facet normal 0.7637338151327183 -0.33049711027129874 -0.5545108833243438
    outer loop
      vertex 16.735977172851562 -6.626241683959961 3
      vertex 14.477231979370117 -6.812468528747559 0
      vertex 14.876422882080078 -5.889992713928223 0
    endloop
  endfacet
  facet normal -0.33049783322078446 0.7637336339255775 -0.5545107020132238
    outer loop
      vertex -6.812468528747559 14.477231979370117 0
      vertex -7.664027214050293 16.28688621520996 3
      vertex -6.626241683959961 16.735977172851562 3
    endloop
  endfacet
  facet normal 0.831765994883035 -0.02613912952527928 -0.5545106632553567
    outer loop
      vertex 17.964481353759766 -1.1302289962768555 3
      vertex 16 0 0
      vertex 18 0 3
    endloop
  endfacet
  facet normal 0.377800085934459 -0.7414748708453535 -0.5545106950932343
    outer loop
      vertex 7.664027214050293 -16.28688621520996 3
      vertex 6.812468528747559 -14.477231979370117 0
      vertex 7.7080583572387695 -14.020906448364258 0
    endloop
  endfacet
  facet normal 0.13018088578337508 0.8219310213988535 -0.5545108953292922
    outer loop
      vertex 2.9981002807617188 15.716595649719238 0
      vertex 2.005331039428711 15.873834609985352 0
      vertex 3.3728628158569336 17.681171417236328 3
    endloop
  endfacet
  facet normal -0.33049711027129874 -0.7637338151327183 -0.5545108833243438
    outer loop
      vertex -6.626241683959961 -16.735977172851562 3
      vertex -6.812468528747559 -14.477231979370117 0
      vertex -5.889992713928223 -14.876422882080078 0
    endloop
  endfacet
  facet normal -0.5100468378093231 0.657548544441073 -0.554510716708105
    outer loop
      vertex -10.198782920837402 12.328211784362793 0
      vertex -10.580134391784668 14.562305450439453 3
      vertex -9.404563903808594 12.944271087646484 0
    endloop
  endfacet
  facet normal -0.6242250335176855 0.5503281660074225 -0.554510610564623
    outer loop
      vertex -12.328211784362793 10.198782920837402 0
      vertex -13.869237899780273 11.473630905151367 3
      vertex -13.121435165405273 12.321846961975098 3
    endloop
  endfacet
  facet normal 0.13018088578337508 -0.8219310213988535 -0.5545108953292922
    outer loop
      vertex 3.3728628158569336 -17.681171417236328 3
      vertex 2.005331039428711 -15.873834609985352 0
      vertex 2.9981002807617188 -15.716595649719238 0
    endloop
  endfacet
  facet normal -0.7162893385407534 -0.42361248002842394 -0.5545106403460787
    outer loop
      vertex -15.197901725769043 -9.644882202148438 3
      vertex -15.773519515991211 -8.671566009521484 3
      vertex -14.020906448364258 -7.7080583572387695 0
    endloop
  endfacet
  facet normal -0.7414748708453535 -0.377800085934459 -0.5545106950932343
    outer loop
      vertex -14.020906448364258 -7.7080583572387695 0
      vertex -16.28688621520996 -7.664027214050293 3
      vertex -14.477231979370117 -6.812468528747559 0
    endloop
  endfacet
  facet normal -0.23216956619671042 0.7991337928113122 -0.5545110221799365
    outer loop
      vertex -3.979037284851074 15.497329711914062 0
      vertex -4.944271087646484 15.216903686523438 0
      vertex -4.476417541503906 17.434497833251953 3
    endloop
  endfacet
  facet normal 0.8219310213988535 -0.13018088578337508 -0.5545108953292922
    outer loop
      vertex 17.681171417236328 -3.3728628158569336 3
      vertex 15.716595649719238 -2.9981002807617188 0
      vertex 15.873834609985352 -2.005331039428711 0
    endloop
  endfacet
  facet normal -0.28188977565174045 -0.7829788157878567 -0.5545108911558521
    outer loop
      vertex -4.944271087646484 -15.216903686523438 0
      vertex -6.626241683959961 -16.735977172851562 3
      vertex -5.889992713928223 -14.876422882080078 0
    endloop
  endfacet
  facet normal -0.7637338151327183 -0.33049711027129874 -0.5545108833243438
    outer loop
      vertex -14.477231979370117 -6.812468528747559 0
      vertex -16.735977172851562 -6.626241683959961 3
      vertex -14.876422882080078 -5.889992713928223 0
    endloop
  endfacet
  facet normal 0.7414747991649953 -0.3778003109281791 -0.5545106376489103
    outer loop
      vertex 15.773519515991211 -8.671566009521484 3
      vertex 14.020906448364258 -7.7080583572387695 0
      vertex 16.28688621520996 -7.664027214050293 3
    endloop
  endfacet
  facet normal -0.23217094701058733 0.7991336264165314 -0.5545106838416829
    outer loop
      vertex -4.944271087646484 15.216903686523438 0
      vertex -5.562305450439453 17.119016647338867 3
      vertex -4.476417541503906 17.434497833251953 3
    endloop
  endfacet
  facet normal -0.4677522785349651 -0.688277297811551 -0.5545107458314745
    outer loop
      vertex -8.573227882385254 -13.509245872497559 0
      vertex -9.644882202148438 -15.197901725769043 3
      vertex -9.404563903808594 -12.944271087646484 0
    endloop
  endfacet
  facet normal 0.831765994883035 0.02613912952527928 -0.5545106632553567
    outer loop
      vertex 18 0 3
      vertex 16 0 0
      vertex 17.964481353759766 1.1302289962768555 3
    endloop
  endfacet
  facet normal -0.831765994883035 0.02613912952527928 -0.5545106632553567
    outer loop
      vertex -16 0 0
      vertex -18 0 3
      vertex -17.964481353759766 1.1302289962768555 3
    endloop
  endfacet
  facet normal -0.8284833873272534 0.07831631238919394 -0.5545104436676721
    outer loop
      vertex -15.873834609985352 2.005331039428711 0
      vertex -17.964481353759766 1.1302289962768555 3
      vertex -17.858062744140625 2.255997657775879 3
    endloop
  endfacet
  facet normal 0.8284832622699511 -0.07831449142352141 -0.5545108876943851
    outer loop
      vertex 17.964481353759766 -1.1302289962768555 3
      vertex 15.873834609985352 -2.005331039428711 0
      vertex 15.968426704406738 -1.004648208618164 0
    endloop
  endfacet
  facet normal 0.23217094701058733 0.7991336264165314 -0.5545106838416829
    outer loop
      vertex 4.944271087646484 15.216903686523438 0
      vertex 4.476417541503906 17.434497833251953 3
      vertex 5.562305450439453 17.119016647338867 3
    endloop
  endfacet
  facet normal -0.588437752422326 0.588437752422326 -0.5545106158121074
    outer loop
      vertex -10.952753067016602 11.663497924804688 0
      vertex -13.121435165405273 12.321846961975098 3
      vertex -12.321846961975098 13.121435165405273 3
    endloop
  endfacet
  facet normal -0.588437752422326 0.588437752422326 -0.5545106158121075
    outer loop
      vertex -13.121435165405273 12.321846961975098 3
      vertex -10.952753067016602 11.663497924804688 0
      vertex -11.663497924804688 10.952753067016602 0
    endloop
  endfacet
  facet normal -0.3778003109281791 -0.7414747991649953 -0.5545106376489103
    outer loop
      vertex -7.664027214050293 -16.28688621520996 3
      vertex -8.671566009521484 -15.773519515991211 3
      vertex -7.7080583572387695 -14.020906448364258 0
    endloop
  endfacet
  facet normal 0.07831631238919394 -0.8284833873272534 -0.5545104436676721
    outer loop
      vertex 2.255997657775879 -17.858062744140625 3
      vertex 1.1302289962768555 -17.964481353759766 3
      vertex 2.005331039428711 -15.873834609985352 0
    endloop
  endfacet
  facet normal -0.28188903034712554 -0.7829792311084873 -0.5545106835965556
    outer loop
      vertex -5.562305450439453 -17.119016647338867 3
      vertex -6.626241683959961 -16.735977172851562 3
      vertex -4.944271087646484 -15.216903686523438 0
    endloop
  endfacet
  facet normal 0.23216956619671042 0.7991337928113122 -0.5545110221799365
    outer loop
      vertex 4.944271087646484 15.216903686523438 0
      vertex 3.979037284851074 15.497329711914062 0
      vertex 4.476417541503906 17.434497833251953 3
    endloop
  endfacet
  facet normal 0.42361248002842394 -0.7162893385407534 -0.5545106403460787
    outer loop
      vertex 8.671566009521484 -15.773519515991211 3
      vertex 7.7080583572387695 -14.020906448364258 0
      vertex 9.644882202148438 -15.197901725769043 3
    endloop
  endfacet
  facet normal -0.28188903034712554 0.7829792311084873 -0.5545106835965556
    outer loop
      vertex -4.944271087646484 15.216903686523438 0
      vertex -6.626241683959961 16.735977172851562 3
      vertex -5.562305450439453 17.119016647338867 3
    endloop
  endfacet
  facet normal -0.7637338151327183 0.33049711027129874 -0.5545108833243438
    outer loop
      vertex -14.876422882080078 5.889992713928223 0
      vertex -16.735977172851562 6.626241683959961 3
      vertex -14.477231979370117 6.812468528747559 0
    endloop
  endfacet
  facet normal -0.23217094701058733 -0.7991336264165314 -0.5545106838416829
    outer loop
      vertex -4.476417541503906 -17.434497833251953 3
      vertex -5.562305450439453 -17.119016647338867 3
      vertex -4.944271087646484 -15.216903686523438 0
    endloop
  endfacet
  facet normal -0.6575483359953477 0.5100472221778901 -0.5545106103388531
    outer loop
      vertex -12.328211784362793 10.198782920837402 0
      vertex -14.562305450439453 10.580134391784668 3
      vertex -13.869237899780273 11.473630905151367 3
    endloop
  endfacet
  facet normal 0.3778003109281791 -0.7414747991649953 -0.5545106376489103
    outer loop
      vertex 8.671566009521484 -15.773519515991211 3
      vertex 7.664027214050293 -16.28688621520996 3
      vertex 7.7080583572387695 -14.020906448364258 0
    endloop
  endfacet
  facet normal -0.13018088578337508 0.8219310213988535 -0.5545108953292922
    outer loop
      vertex -2.9981002807617188 15.716595649719238 0
      vertex -3.3728628158569336 17.681171417236328 3
      vertex -2.005331039428711 15.873834609985352 0
    endloop
  endfacet
  facet normal -0.5503281809993413 -0.6242250151823941 -0.5545106163262303
    outer loop
      vertex -10.198782920837402 -12.328211784362793 0
      vertex -12.321846961975098 -13.121435165405273 3
      vertex -10.952753067016602 -11.663497924804688 0
    endloop
  endfacet
  facet normal -0.23216956619671042 -0.7991337928113122 -0.5545110221799365
    outer loop
      vertex -4.476417541503906 -17.434497833251953 3
      vertex -4.944271087646484 -15.216903686523438 0
      vertex -3.979037284851074 -15.497329711914062 0
    endloop
  endfacet
  facet normal 0.7162893385407534 -0.42361248002842394 -0.5545106403460787
    outer loop
      vertex 15.197901725769043 -9.644882202148438 3
      vertex 14.020906448364258 -7.7080583572387695 0
      vertex 15.773519515991211 -8.671566009521484 3
    endloop
  endfacet
  facet normal 0.5503281809993413 -0.6242250151823941 -0.5545106163262303
    outer loop
      vertex 12.321846961975098 -13.121435165405273 3
      vertex 10.198782920837402 -12.328211784362793 0
      vertex 10.952753067016602 -11.663497924804688 0
    endloop
  endfacet
  facet normal -0.28188977565174045 0.7829788157878567 -0.5545108911558521
    outer loop
      vertex -5.889992713928223 14.876422882080078 0
      vertex -6.626241683959961 16.735977172851562 3
      vertex -4.944271087646484 15.216903686523438 0
    endloop
  endfacet
  facet normal 0.8284833873272534 0.07831631238919394 -0.5545104436676721
    outer loop
      vertex 17.964481353759766 1.1302289962768555 3
      vertex 15.873834609985352 2.005331039428711 0
      vertex 17.858062744140625 2.255997657775879 3
    endloop
  endfacet
  facet normal 0.5100468378093231 0.657548544441073 -0.554510716708105
    outer loop
      vertex 10.198782920837402 12.328211784362793 0
      vertex 9.404563903808594 12.944271087646484 0
      vertex 10.580134391784668 14.562305450439453 3
    endloop
  endfacet
  facet normal 0.7414748708453535 0.377800085934459 -0.5545106950932343
    outer loop
      vertex 14.477231979370117 6.812468528747559 0
      vertex 14.020906448364258 7.7080583572387695 0
      vertex 16.28688621520996 7.664027214050293 3
    endloop
  endfacet
  facet normal 0.18153358533545186 0.8121349790469071 -0.5545108954779302
    outer loop
      vertex 4.476417541503906 17.434497833251953 3
      vertex 2.9981002807617188 15.716595649719238 0
      vertex 3.3728628158569336 17.681171417236328 3
    endloop
  endfacet
  facet normal 0.5100472221778901 0.6575483359953477 -0.5545106103388531
    outer loop
      vertex 11.473630905151367 13.869237899780273 3
      vertex 10.198782920837402 12.328211784362793 0
      vertex 10.580134391784668 14.562305450439453 3
    endloop
  endfacet
  facet normal -0.8121349790469071 0.18153358533545186 -0.5545108954779302
    outer loop
      vertex -15.716595649719238 2.9981002807617188 0
      vertex -17.681171417236328 3.3728628158569336 3
      vertex -17.434497833251953 4.476417541503906 3
    endloop
  endfacet
  facet normal -0.8317658072947102 -0.026140083138360595 -0.5545108996844865
    outer loop
      vertex -15.968426704406738 -1.004648208618164 0
      vertex -17.964481353759766 -1.1302289962768555 3
      vertex -16 0 0
    endloop
  endfacet
  facet normal -0.7829792311084873 0.28188903034712554 -0.5545106835965556
    outer loop
      vertex -15.216903686523438 4.944271087646484 0
      vertex -17.119016647338867 5.562305450439453 3
      vertex -16.735977172851562 6.626241683959961 3
    endloop
  endfacet
  facet normal -0.8121349790469071 -0.18153358533545186 -0.5545108954779302
    outer loop
      vertex -17.434497833251953 -4.476417541503906 3
      vertex -17.681171417236328 -3.3728628158569336 3
      vertex -15.716595649719238 -2.9981002807617188 0
    endloop
  endfacet
  facet normal 0.6575483359953477 -0.5100472221778901 -0.5545106103388531
    outer loop
      vertex 13.869237899780273 -11.473630905151367 3
      vertex 12.328211784362793 -10.198782920837402 0
      vertex 14.562305450439453 -10.580134391784668 3
    endloop
  endfacet
  facet normal 0.7991337928113122 -0.23216956619671042 -0.5545110221799365
    outer loop
      vertex 17.434497833251953 -4.476417541503906 3
      vertex 15.216903686523438 -4.944271087646484 0
      vertex 15.497329711914062 -3.979037284851074 0
    endloop
  endfacet
  facet normal 0.8284832622699511 0.07831449142352141 -0.5545108876943851
    outer loop
      vertex 15.968426704406738 1.004648208618164 0
      vertex 15.873834609985352 2.005331039428711 0
      vertex 17.964481353759766 1.1302289962768555 3
    endloop
  endfacet
  facet normal 0.4677522785349651 0.688277297811551 -0.5545107458314745
    outer loop
      vertex 9.404563903808594 12.944271087646484 0
      vertex 8.573227882385254 13.509245872497559 0
      vertex 9.644882202148438 15.197901725769043 3
    endloop
  endfacet
  facet normal 0.07831631238919394 0.8284833873272534 -0.5545104436676721
    outer loop
      vertex 2.005331039428711 15.873834609985352 0
      vertex 1.1302289962768555 17.964481353759766 3
      vertex 2.255997657775879 17.858062744140625 3
    endloop
  endfacet
  facet normal 0.7162890750043365 0.4236127948932222 -0.5545107402315891
    outer loop
      vertex 14.020906448364258 7.7080583572387695 0
      vertex 13.509245872497559 8.573227882385254 0
      vertex 15.197901725769043 9.644882202148438 3
    endloop
  endfacet
  facet normal -0.5503281660074225 -0.6242250335176855 -0.554510610564623
    outer loop
      vertex -11.473630905151367 -13.869237899780273 3
      vertex -12.321846961975098 -13.121435165405273 3
      vertex -10.198782920837402 -12.328211784362793 0
    endloop
  endfacet
  facet normal -0.831765994883035 -0.02613912952527928 -0.5545106632553567
    outer loop
      vertex -17.964481353759766 -1.1302289962768555 3
      vertex -18 0 3
      vertex -16 0 0
    endloop
  endfacet
  facet normal -0.5503281660074225 0.6242250335176855 -0.554510610564623
    outer loop
      vertex -10.198782920837402 12.328211784362793 0
      vertex -12.321846961975098 13.121435165405273 3
      vertex -11.473630905151367 13.869237899780273 3
    endloop
  endfacet
  facet normal 0.7991336264165314 0.23217094701058733 -0.5545106838416829
    outer loop
      vertex 17.434497833251953 4.476417541503906 3
      vertex 15.216903686523438 4.944271087646484 0
      vertex 17.119016647338867 5.562305450439453 3
    endloop
  endfacet
  facet normal 0.07831449142352141 -0.8284832622699511 -0.5545108876943851
    outer loop
      vertex 1.1302289962768555 -17.964481353759766 3
      vertex 1.004648208618164 -15.968426704406738 0
      vertex 2.005331039428711 -15.873834609985352 0
    endloop
  endfacet
  facet normal 0.657548544441073 -0.5100468378093231 -0.554510716708105
    outer loop
      vertex 14.562305450439453 -10.580134391784668 3
      vertex 12.328211784362793 -10.198782920837402 0
      vertex 12.944271087646484 -9.404563903808594 0
    endloop
  endfacet
  facet normal -0.6882772434686489 -0.46775239576070343 -0.5545107143990281
    outer loop
      vertex -14.562305450439453 -10.580134391784668 3
      vertex -15.197901725769043 -9.644882202148438 3
      vertex -12.944271087646484 -9.404563903808594 0
    endloop
  endfacet
  facet normal 0.02613912952527928 -0.831765994883035 -0.5545106632553567
    outer loop
      vertex 1.1302289962768555 -17.964481353759766 3
      vertex 0 -18 3
      vertex 0 -16 0
    endloop
  endfacet
  facet normal -0.13017916171569086 -0.8219315925371269 -0.5545104535032523
    outer loop
      vertex -2.255997657775879 -17.858062744140625 3
      vertex -3.3728628158569336 -17.681171417236328 3
      vertex -2.005331039428711 -15.873834609985352 0
    endloop
  endfacet
  facet normal 0.6575483359953477 0.5100472221778901 -0.5545106103388531
    outer loop
      vertex 14.562305450439453 10.580134391784668 3
      vertex 12.328211784362793 10.198782920837402 0
      vertex 13.869237899780273 11.473630905151367 3
    endloop
  endfacet
  facet normal 0.8219315925371269 -0.13017916171569086 -0.5545104535032523
    outer loop
      vertex 17.681171417236328 -3.3728628158569336 3
      vertex 15.873834609985352 -2.005331039428711 0
      vertex 17.858062744140625 -2.255997657775879 3
    endloop
  endfacet
  facet normal 0.7829788157878567 0.28188977565174045 -0.5545108911558521
    outer loop
      vertex 15.216903686523438 4.944271087646484 0
      vertex 14.876422882080078 5.889992713928223 0
      vertex 16.735977172851562 6.626241683959961 3
    endloop
  endfacet
  facet normal -0.7829788157878567 -0.28188977565174045 -0.5545108911558521
    outer loop
      vertex -14.876422882080078 -5.889992713928223 0
      vertex -16.735977172851562 -6.626241683959961 3
      vertex -15.216903686523438 -4.944271087646484 0
    endloop
  endfacet
  facet normal 0.8317658072947102 -0.026140083138360595 -0.5545108996844865
    outer loop
      vertex 17.964481353759766 -1.1302289962768555 3
      vertex 15.968426704406738 -1.004648208618164 0
      vertex 16 0 0
    endloop
  endfacet
  facet normal 0.18153358533545186 -0.8121349790469071 -0.5545108954779302
    outer loop
      vertex 3.3728628158569336 -17.681171417236328 3
      vertex 2.9981002807617188 -15.716595649719238 0
      vertex 4.476417541503906 -17.434497833251953 3
    endloop
  endfacet
  facet normal 0.4236127948932222 0.7162890750043365 -0.5545107402315891
    outer loop
      vertex 8.573227882385254 13.509245872497559 0
      vertex 7.7080583572387695 14.020906448364258 0
      vertex 9.644882202148438 15.197901725769043 3
    endloop
  endfacet
  facet normal 0.7829788157878567 -0.28188977565174045 -0.5545108911558521
    outer loop
      vertex 16.735977172851562 -6.626241683959961 3
      vertex 14.876422882080078 -5.889992713928223 0
      vertex 15.216903686523438 -4.944271087646484 0
    endloop
  endfacet
  facet normal -0.6242250335176855 -0.5503281660074225 -0.554510610564623
    outer loop
      vertex -13.121435165405273 -12.321846961975098 3
      vertex -13.869237899780273 -11.473630905151367 3
      vertex -12.328211784362793 -10.198782920837402 0
    endloop
  endfacet
  facet normal -0.6575483359953477 -0.5100472221778901 -0.5545106103388531
    outer loop
      vertex -13.869237899780273 -11.473630905151367 3
      vertex -14.562305450439453 -10.580134391784668 3
      vertex -12.328211784362793 -10.198782920837402 0
    endloop
  endfacet
  facet normal 0.7414747991649953 0.3778003109281791 -0.5545106376489103
    outer loop
      vertex 16.28688621520996 7.664027214050293 3
      vertex 14.020906448364258 7.7080583572387695 0
      vertex 15.773519515991211 8.671566009521484 3
    endloop
  endfacet
  facet normal 0.28188977565174045 -0.7829788157878567 -0.5545108911558521
    outer loop
      vertex 6.626241683959961 -16.735977172851562 3
      vertex 4.944271087646484 -15.216903686523438 0
      vertex 5.889992713928223 -14.876422882080078 0
    endloop
  endfacet
  facet normal 0.6242250335176855 -0.5503281660074225 -0.554510610564623
    outer loop
      vertex 13.121435165405273 -12.321846961975098 3
      vertex 12.328211784362793 -10.198782920837402 0
      vertex 13.869237899780273 -11.473630905151367 3
    endloop
  endfacet
  facet normal 0.23217094701058733 -0.7991336264165314 -0.5545106838416829
    outer loop
      vertex 5.562305450439453 -17.119016647338867 3
      vertex 4.476417541503906 -17.434497833251953 3
      vertex 4.944271087646484 -15.216903686523438 0
    endloop
  endfacet
  facet normal 0.026140083138360595 -0.8317658072947102 -0.5545108996844865
    outer loop
      vertex 1.1302289962768555 -17.964481353759766 3
      vertex 0 -16 0
      vertex 1.004648208618164 -15.968426704406738 0
    endloop
  endfacet
  facet normal 0.3778003109281791 0.7414747991649953 -0.5545106376489103
    outer loop
      vertex 7.7080583572387695 14.020906448364258 0
      vertex 7.664027214050293 16.28688621520996 3
      vertex 8.671566009521484 15.773519515991211 3
    endloop
  endfacet
  facet normal -0.657548544441073 -0.5100468378093231 -0.554510716708105
    outer loop
      vertex -12.328211784362793 -10.198782920837402 0
      vertex -14.562305450439453 -10.580134391784668 3
      vertex -12.944271087646484 -9.404563903808594 0
    endloop
  endfacet
  facet normal -0.5100472221778901 -0.6575483359953477 -0.5545106103388531
    outer loop
      vertex -10.580134391784668 -14.562305450439453 3
      vertex -11.473630905151367 -13.869237899780273 3
      vertex -10.198782920837402 -12.328211784362793 0
    endloop
  endfacet
  facet normal -0.7991336264165314 0.23217094701058733 -0.5545106838416829
    outer loop
      vertex -15.216903686523438 4.944271087646484 0
      vertex -17.434497833251953 4.476417541503906 3
      vertex -17.119016647338867 5.562305450439453 3
    endloop
  endfacet
  facet normal -0.46775239576070343 -0.6882772434686489 -0.5545107143990281
    outer loop
      vertex -9.644882202148438 -15.197901725769043 3
      vertex -10.580134391784668 -14.562305450439453 3
      vertex -9.404563903808594 -12.944271087646484 0
    endloop
  endfacet
  facet normal 0.7162890750043365 -0.4236127948932222 -0.5545107402315891
    outer loop
      vertex 15.197901725769043 -9.644882202148438 3
      vertex 13.509245872497559 -8.573227882385254 0
      vertex 14.020906448364258 -7.7080583572387695 0
    endloop
  endfacet
  facet normal 0.6882772434686489 0.46775239576070343 -0.5545107143990281
    outer loop
      vertex 15.197901725769043 9.644882202148438 3
      vertex 12.944271087646484 9.404563903808594 0
      vertex 14.562305450439453 10.580134391784668 3
    endloop
  endfacet
  facet normal 0.02613912952527928 0.831765994883035 -0.5545106632553567
    outer loop
      vertex 1.1302289962768555 17.964481353759766 3
      vertex 0 16 0
      vertex 0 18 3
    endloop
  endfacet
  facet normal 0.42361248002842394 0.7162893385407534 -0.5545106403460787
    outer loop
      vertex 9.644882202148438 15.197901725769043 3
      vertex 7.7080583572387695 14.020906448364258 0
      vertex 8.671566009521484 15.773519515991211 3
    endloop
  endfacet
  facet normal 0.28188977565174045 0.7829788157878567 -0.5545108911558521
    outer loop
      vertex 5.889992713928223 14.876422882080078 0
      vertex 4.944271087646484 15.216903686523438 0
      vertex 6.626241683959961 16.735977172851562 3
    endloop
  endfacet
  facet normal -0.8284833873272534 -0.07831631238919394 -0.5545104436676721
    outer loop
      vertex -17.858062744140625 -2.255997657775879 3
      vertex -17.964481353759766 -1.1302289962768555 3
      vertex -15.873834609985352 -2.005331039428711 0
    endloop
  endfacet
  facet normal 0.7991336264165314 -0.23217094701058733 -0.5545106838416829
    outer loop
      vertex 17.119016647338867 -5.562305450439453 3
      vertex 15.216903686523438 -4.944271087646484 0
      vertex 17.434497833251953 -4.476417541503906 3
    endloop
  endfacet
  facet normal 0.8219315925371269 0.13017916171569086 -0.5545104535032523
    outer loop
      vertex 17.858062744140625 2.255997657775879 3
      vertex 15.873834609985352 2.005331039428711 0
      vertex 17.681171417236328 3.3728628158569336 3
    endloop
  endfacet
  facet normal 0.13017916171569086 0.8219315925371269 -0.5545104535032523
    outer loop
      vertex 3.3728628158569336 17.681171417236328 3
      vertex 2.005331039428711 15.873834609985352 0
      vertex 2.255997657775879 17.858062744140625 3
    endloop
  endfacet
  facet normal 0.7637336339255775 0.33049783322078446 -0.5545107020132238
    outer loop
      vertex 16.735977172851562 6.626241683959961 3
      vertex 14.477231979370117 6.812468528747559 0
      vertex 16.28688621520996 7.664027214050293 3
    endloop
  endfacet
  facet normal 0.46775239576070343 0.6882772434686489 -0.5545107143990281
    outer loop
      vertex 10.580134391784668 14.562305450439453 3
      vertex 9.404563903808594 12.944271087646484 0
      vertex 9.644882202148438 15.197901725769043 3
    endloop
  endfacet
  facet normal 0.18153407772232708 0.8121347808216671 -0.5545110246020782
    outer loop
      vertex 3.979037284851074 15.497329711914062 0
      vertex 2.9981002807617188 15.716595649719238 0
      vertex 4.476417541503906 17.434497833251953 3
    endloop
  endfacet
  facet normal 0.7637336339255775 -0.33049783322078446 -0.5545107020132238
    outer loop
      vertex 16.28688621520996 -7.664027214050293 3
      vertex 14.477231979370117 -6.812468528747559 0
      vertex 16.735977172851562 -6.626241683959961 3
    endloop
  endfacet
  facet normal -0.657548544441073 0.5100468378093231 -0.554510716708105
    outer loop
      vertex -12.944271087646484 9.404563903808594 0
      vertex -14.562305450439453 10.580134391784668 3
      vertex -12.328211784362793 10.198782920837402 0
    endloop
  endfacet
  facet normal -0.7991336264165314 -0.23217094701058733 -0.5545106838416829
    outer loop
      vertex -17.119016647338867 -5.562305450439453 3
      vertex -17.434497833251953 -4.476417541503906 3
      vertex -15.216903686523438 -4.944271087646484 0
    endloop
  endfacet
  facet normal 0.7414748708453535 -0.377800085934459 -0.5545106950932343
    outer loop
      vertex 16.28688621520996 -7.664027214050293 3
      vertex 14.020906448364258 -7.7080583572387695 0
      vertex 14.477231979370117 -6.812468528747559 0
    endloop
  endfacet
  facet normal 0.6242250151823941 0.5503281809993413 -0.5545106163262303
    outer loop
      vertex 12.328211784362793 10.198782920837402 0
      vertex 11.663497924804688 10.952753067016602 0
      vertex 13.121435165405273 12.321846961975098 3
    endloop
  endfacet
  facet normal 0.8121349790469071 0.18153358533545186 -0.5545108954779302
    outer loop
      vertex 17.681171417236328 3.3728628158569336 3
      vertex 15.716595649719238 2.9981002807617188 0
      vertex 17.434497833251953 4.476417541503906 3
    endloop
  endfacet
  facet normal -0.5100468378093231 -0.657548544441073 -0.554510716708105
    outer loop
      vertex -9.404563903808594 -12.944271087646484 0
      vertex -10.580134391784668 -14.562305450439453 3
      vertex -10.198782920837402 -12.328211784362793 0
    endloop
  endfacet
  facet normal -0.7829792311084873 -0.28188903034712554 -0.5545106835965556
    outer loop
      vertex -16.735977172851562 -6.626241683959961 3
      vertex -17.119016647338867 -5.562305450439453 3
      vertex -15.216903686523438 -4.944271087646484 0
    endloop
  endfacet
  facet normal 0.4677522785349651 -0.688277297811551 -0.5545107458314745
    outer loop
      vertex 9.644882202148438 -15.197901725769043 3
      vertex 8.573227882385254 -13.509245872497559 0
      vertex 9.404563903808594 -12.944271087646484 0
    endloop
  endfacet
  facet normal 0.5100472221778901 -0.6575483359953477 -0.5545106103388531
    outer loop
      vertex 10.580134391784668 -14.562305450439453 3
      vertex 10.198782920837402 -12.328211784362793 0
      vertex 11.473630905151367 -13.869237899780273 3
    endloop
  endfacet
  facet normal -0.07831631238919394 -0.8284833873272534 -0.5545104436676721
    outer loop
      vertex -1.1302289962768555 -17.964481353759766 3
      vertex -2.255997657775879 -17.858062744140625 3
      vertex -2.005331039428711 -15.873834609985352 0
    endloop
  endfacet
  facet normal -0.688277297811551 -0.4677522785349651 -0.5545107458314745
    outer loop
      vertex -12.944271087646484 -9.404563903808594 0
      vertex -15.197901725769043 -9.644882202148438 3
      vertex -13.509245872497559 -8.573227882385254 0
    endloop
  endfacet
  facet normal -0.8121347808216671 0.18153407772232708 -0.5545110246020782
    outer loop
      vertex -15.716595649719238 2.9981002807617188 0
      vertex -17.434497833251953 4.476417541503906 3
      vertex -15.497329711914062 3.979037284851074 0
    endloop
  endfacet
  facet normal -0.8317658072947102 0.026140083138360595 -0.5545108996844865
    outer loop
      vertex -16 0 0
      vertex -17.964481353759766 1.1302289962768555 3
      vertex -15.968426704406738 1.004648208618164 0
    endloop
  endfacet
  facet normal 0.6242250151823941 -0.5503281809993413 -0.5545106163262303
    outer loop
      vertex 13.121435165405273 -12.321846961975098 3
      vertex 11.663497924804688 -10.952753067016602 0
      vertex 12.328211784362793 -10.198782920837402 0
    endloop
  endfacet
  facet normal -0.5503281809993413 0.6242250151823941 -0.5545106163262303
    outer loop
      vertex -10.952753067016602 11.663497924804688 0
      vertex -12.321846961975098 13.121435165405273 3
      vertex -10.198782920837402 12.328211784362793 0
    endloop
  endfacet
  facet normal 0 0 -1
    outer loop
      vertex 3.6237666606903076 -0.03924393653869629 0
      vertex 16 0 0
      vertex 15.968426704406738 -1.004648208618164 0
    endloop
  endfacet
  facet normal 0 0 -1
    outer loop
      vertex 3.6141514778137207 -0.2667043209075928 0
      vertex 15.968426704406738 -1.004648208618164 0
      vertex 15.873834609985352 -2.005331039428711 0
    endloop
  endfacet
  facet normal 0 0 -1
    outer loop
      vertex 16 0 0
      vertex 3.6237666606903076 -0.03924393653869629 0
      vertex 3.625 0 0
    endloop
  endfacet
  facet normal 0 0 -1
    outer loop
      vertex 3.5964152812957764 -0.4543323516845703 0
      vertex 15.873834609985352 -2.005331039428711 0
      vertex 15.716595649719238 -2.9981002807617188 0
    endloop
  endfacet
  facet normal 0 0 -1
    outer loop
      vertex 3.6237666606903076 0.03924393653869629 0
      vertex 16 0 0
      vertex 3.625 0 0
    endloop
  endfacet
  facet normal 0 0 -1
    outer loop
      vertex 3.560791015625 -0.6792569160461426 0
      vertex 15.716595649719238 -2.9981002807617188 0
      vertex 15.497329711914062 -3.979037284851074 0
    endloop
  endfacet
  facet normal 0 0 -1
    outer loop
      vertex 16 0 0
      vertex 3.6237666606903076 0.03924393653869629 0
      vertex 15.968426704406738 1.004648208618164 0
    endloop
  endfacet
  facet normal 0 0 -1
    outer loop
      vertex 3.5111136436462402 -0.9014999866485596 0
      vertex 15.497329711914062 -3.979037284851074 0
      vertex 15.216903686523438 -4.944271087646484 0
    endloop
  endfacet
  facet normal 0 0 -1
    outer loop
      vertex 3.6178464889526367 0.2276151180267334 0
      vertex 15.968426704406738 1.004648208618164 0
      vertex 3.6237666606903076 0.03924393653869629 0
    endloop
  endfacet
  facet normal 0 0 -1
    outer loop
      vertex 3.434279680252075 -1.1571285724639893 0
      vertex 15.216903686523438 -4.944271087646484 0
      vertex 14.876422882080078 -5.889992713928223 0
    endloop
  endfacet
  facet normal 0 0 -1
    outer loop
      vertex 3.6141514778137207 0.2667043209075928 0
      vertex 15.968426704406738 1.004648208618164 0
      vertex 3.6178464889526367 0.2276151180267334 0
    endloop
  endfacet
  facet normal 0 0 -1
    outer loop
      vertex 3.3704395294189453 -1.3344511985778809 0
      vertex 14.876422882080078 -5.889992713928223 0
      vertex 14.477231979370117 -6.812468528747559 0
    endloop
  endfacet
  facet normal 0 0 -1
    outer loop
      vertex 15.968426704406738 1.004648208618164 0
      vertex 3.6141514778137207 0.2667043209075928 0
      vertex 15.873834609985352 2.005331039428711 0
    endloop
  endfacet
  facet normal 0 0 -1
    outer loop
      vertex 3.262172222137451 -1.5784332752227783 0
      vertex 14.477231979370117 -6.812468528747559 0
      vertex 14.020906448364258 -7.7080583572387695 0
    endloop
  endfacet
  facet normal 0 0 -1
    outer loop
      vertex 3.5964152812957764 0.4543323516845703 0
      vertex 15.873834609985352 2.005331039428711 0
      vertex 3.6141514778137207 0.2667043209075928 0
    endloop
  endfacet
  facet normal 0 0 -1
    outer loop
      vertex 3.1766111850738525 -1.746356725692749 0
      vertex 14.020906448364258 -7.7080583572387695 0
      vertex 13.509245872497559 -8.573227882385254 0
    endloop
  endfacet
  facet normal 0 0 -1
    outer loop
      vertex 15.873834609985352 2.005331039428711 0
      vertex 3.5964152812957764 0.4543323516845703 0
      vertex 15.716595649719238 2.9981002807617188 0
    endloop
  endfacet
  facet normal 0 0 -1
    outer loop
      vertex 3.060687780380249 -1.9423716068267822 0
      vertex 13.509245872497559 -8.573227882385254 0
      vertex 12.944271087646484 -9.404563903808594 0
    endloop
  endfacet
  facet normal 0 0 -1
    outer loop
      vertex 3.5669331550598145 0.6404769420623779 0
      vertex 15.716595649719238 2.9981002807617188 0
      vertex 3.5964152812957764 0.4543323516845703 0
    endloop
  endfacet
  facet normal 0 0 -1
    outer loop
      vertex 2.9086215496063232 -2.161745548248291 0
      vertex 12.944271087646484 -9.404563903808594 0
      vertex 12.328211784362793 -10.198782920837402 0
    endloop
  endfacet
  facet normal 0 0 -1
    outer loop
      vertex 15.716595649719238 2.9981002807617188 0
      vertex 3.560791015625 0.6792569160461426 0
      vertex 15.497329711914062 3.979037284851074 0
    endloop
  endfacet
  facet normal 0 0 -1
    outer loop
      vertex 2.793109893798828 -2.3106610774993896 0
      vertex 12.328211784362793 -10.198782920837402 0
      vertex 11.663497924804688 -10.952753067016602 0
    endloop
  endfacet
  facet normal 0 0 -1
    outer loop
      vertex 3.519678831100464 0.8631820678710938 0
      vertex 15.497329711914062 3.979037284851074 0
      vertex 3.560791015625 0.6792569160461426 0
    endloop
  endfacet
  facet normal 0 0 -1
    outer loop
      vertex 2.6425111293792725 -2.481482744216919 0
      vertex 11.663497924804688 -10.952753067016602 0
      vertex 10.952753067016602 -11.663497924804688 0
    endloop
  endfacet
  facet normal 0 0 -1
    outer loop
      vertex 3.5111136436462402 0.9014999866485596 0
      vertex 15.497329711914062 3.979037284851074 0
      vertex 3.519678831100464 0.8631820678710938 0
    endloop
  endfacet
  facet normal 0 0 -1
    outer loop
      vertex 2.452030658721924 -2.6684765815734863 0
      vertex 10.952753067016602 -11.663497924804688 0
      vertex 10.198782920837402 -12.328211784362793 0
    endloop
  endfacet
  facet normal 0 0 -1
    outer loop
      vertex 15.497329711914062 3.979037284851074 0
      vertex 3.5111136436462402 0.9014999866485596 0
      vertex 15.216903686523438 4.944271087646484 0
    endloop
  endfacet
  facet normal 0 0 -1
    outer loop
      vertex 2.3106610774993896 -2.793109893798828 0
      vertex 10.198782920837402 -12.328211784362793 0
      vertex 9.404563903808594 -12.944271087646484 0
    endloop
  endfacet
  facet normal 0 0 -1
    outer loop
      vertex 3.458533763885498 1.082481861114502 0
      vertex 15.216903686523438 4.944271087646484 0
      vertex 3.5111136436462402 0.9014999866485596 0
    endloop
  endfacet
  facet normal 0 0 -1
    outer loop
      vertex 2.0982472896575928 -2.9547555446624756 0
      vertex 9.404563903808594 -12.944271087646484 0
      vertex 8.573227882385254 -13.509245872497559 0
    endloop
  endfacet
  facet normal 0 0 -1
    outer loop
      vertex 3.4475796222686768 1.1201863288879395 0
      vertex 15.216903686523438 4.944271087646484 0
      vertex 3.458533763885498 1.082481861114502 0
    endloop
  endfacet
  facet normal 0 0 -1
    outer loop
      vertex 1.9085760116577148 -3.080674648284912 0
      vertex 8.573227882385254 -13.509245872497559 0
      vertex 7.7080583572387695 -14.020906448364258 0
    endloop
  endfacet
  facet normal 0 0 -1
    outer loop
      vertex 3.434279680252075 1.1571285724639893 0
      vertex 15.216903686523438 4.944271087646484 0
      vertex 3.4475796222686768 1.1201863288879395 0
    endloop
  endfacet
  facet normal 0 0 -1
    outer loop
      vertex 1.746356725692749 -3.1766111850738525 0
      vertex 7.7080583572387695 -14.020906448364258 0
      vertex 6.812468528747559 -14.477231979370117 0
    endloop
  endfacet
  facet normal 0 0 -1
    outer loop
      vertex 15.216903686523438 4.944271087646484 0
      vertex 3.434279680252075 1.1571285724639893 0
      vertex 14.876422882080078 5.889992713928223 0
    endloop
  endfacet
  facet normal 0 0 -1
    outer loop
      vertex 1.5074150562286377 -3.295590877532959 0
      vertex 6.812468528747559 -14.477231979370117 0
      vertex 5.889992713928223 -14.876422882080078 0
    endloop
  endfacet
  facet normal 0 0 -1
    outer loop
      vertex 3.3704395294189453 1.3344511985778809 0
      vertex 14.876422882080078 5.889992713928223 0
      vertex 3.434279680252075 1.1571285724639893 0
    endloop
  endfacet
  facet normal 0 0 -1
    outer loop
      vertex 1.3344511985778809 -3.3704395294189453 0
      vertex 5.889992713928223 -14.876422882080078 0
      vertex 4.944271087646484 -15.216903686523438 0
    endloop
  endfacet
  facet normal 0 0 -1
    outer loop
      vertex 14.876422882080078 5.889992713928223 0
      vertex 3.3704395294189453 1.3344511985778809 0
      vertex 14.477231979370117 6.812468528747559 0
    endloop
  endfacet
  facet normal 0 0 -1
    outer loop
      vertex 1.082481861114502 -3.458533763885498 0
      vertex 4.944271087646484 -15.216903686523438 0
      vertex 3.979037284851074 -15.497329711914062 0
    endloop
  endfacet
  facet normal 0 0 -1
    outer loop
      vertex 3.295590877532959 1.5074150562286377 0
      vertex 14.477231979370117 6.812468528747559 0
      vertex 3.3704395294189453 1.3344511985778809 0
    endloop
  endfacet
  facet normal 0 0 -1
    outer loop
      vertex 3.2799973487854004 1.5434491634368896 0
      vertex 14.477231979370117 6.812468528747559 0
      vertex 3.295590877532959 1.5074150562286377 0
    endloop
  endfacet
  facet normal 0 0 -1
    outer loop
      vertex 3.560791015625 0.6792569160461426 0
      vertex 15.716595649719238 2.9981002807617188 0
      vertex 3.5669331550598145 0.6404769420623779 0
    endloop
  endfacet
  facet normal 0 0 -1
    outer loop
      vertex 15.968426704406738 -1.004648208618164 0
      vertex 3.6178464889526367 -0.2276151180267334 0
      vertex 3.6237666606903076 -0.03924393653869629 0
    endloop
  endfacet
  facet normal 0 0 -1
    outer loop
      vertex 15.968426704406738 -1.004648208618164 0
      vertex 3.6141514778137207 -0.2667043209075928 0
      vertex 3.6178464889526367 -0.2276151180267334 0
    endloop
  endfacet
  facet normal 0 0 -1
    outer loop
      vertex 15.873834609985352 -2.005331039428711 0
      vertex 3.5964152812957764 -0.4543323516845703 0
      vertex 3.6141514778137207 -0.2667043209075928 0
    endloop
  endfacet
  facet normal 0 0 -1
    outer loop
      vertex 15.716595649719238 -2.9981002807617188 0
      vertex 3.5669331550598145 -0.6404769420623779 0
      vertex 3.5964152812957764 -0.4543323516845703 0
    endloop
  endfacet
  facet normal 0 0 -1
    outer loop
      vertex 15.716595649719238 -2.9981002807617188 0
      vertex 3.560791015625 -0.6792569160461426 0
      vertex 3.5669331550598145 -0.6404769420623779 0
    endloop
  endfacet
  facet normal 0 0 -1
    outer loop
      vertex 15.497329711914062 -3.979037284851074 0
      vertex 3.519678831100464 -0.8631820678710938 0
      vertex 3.560791015625 -0.6792569160461426 0
    endloop
  endfacet
  facet normal 0 0 -1
    outer loop
      vertex 15.497329711914062 -3.979037284851074 0
      vertex 3.5111136436462402 -0.9014999866485596 0
      vertex 3.519678831100464 -0.8631820678710938 0
    endloop
  endfacet
  facet normal 0 0 -1
    outer loop
      vertex 15.216903686523438 -4.944271087646484 0
      vertex 3.458533763885498 -1.082481861114502 0
      vertex 3.5111136436462402 -0.9014999866485596 0
    endloop
  endfacet
  facet normal 0 0 -1
    outer loop
      vertex 15.216903686523438 -4.944271087646484 0
      vertex 3.4475796222686768 -1.1201863288879395 0
      vertex 3.458533763885498 -1.082481861114502 0
    endloop
  endfacet
  facet normal 0 0 -1
    outer loop
      vertex 15.216903686523438 -4.944271087646484 0
      vertex 3.434279680252075 -1.1571285724639893 0
      vertex 3.4475796222686768 -1.1201863288879395 0
    endloop
  endfacet
  facet normal 0 0 -1
    outer loop
      vertex 14.876422882080078 -5.889992713928223 0
      vertex 3.3704395294189453 -1.3344511985778809 0
      vertex 3.434279680252075 -1.1571285724639893 0
    endloop
  endfacet
  facet normal 0 0 -1
    outer loop
      vertex 14.477231979370117 -6.812468528747559 0
      vertex 3.295590877532959 -1.5074150562286377 0
      vertex 3.3704395294189453 -1.3344511985778809 0
    endloop
  endfacet
  facet normal 0 0 -1
    outer loop
      vertex 14.477231979370117 -6.812468528747559 0
      vertex 3.2799973487854004 -1.5434491634368896 0
      vertex 3.295590877532959 -1.5074150562286377 0
    endloop
  endfacet
  facet normal 0 0 -1
    outer loop
      vertex 14.477231979370117 -6.812468528747559 0
      vertex 3.262172222137451 -1.5784332752227783 0
      vertex 3.2799973487854004 -1.5434491634368896 0
    endloop
  endfacet
  facet normal 0 0 -1
    outer loop
      vertex 14.020906448364258 -7.7080583572387695 0
      vertex 3.1766111850738525 -1.746356725692749 0
      vertex 3.262172222137451 -1.5784332752227783 0
    endloop
  endfacet
  facet normal 0 0 -1
    outer loop
      vertex 13.509245872497559 -8.573227882385254 0
      vertex 3.080674648284912 -1.9085760116577148 0
      vertex 3.1766111850738525 -1.746356725692749 0
    endloop
  endfacet
  facet normal 0 0 -1
    outer loop
      vertex 13.509245872497559 -8.573227882385254 0
      vertex 3.060687780380249 -1.9423716068267822 0
      vertex 3.080674648284912 -1.9085760116577148 0
    endloop
  endfacet
  facet normal 0 0 -1
    outer loop
      vertex 0.8631820678710938 -3.519678831100464 0
      vertex 3.979037284851074 -15.497329711914062 0
      vertex 2.9981002807617188 -15.716595649719238 0
    endloop
  endfacet
  facet normal 0 0 -1
    outer loop
      vertex 12.944271087646484 -9.404563903808594 0
      vertex 2.9547555446624756 -2.0982472896575928 0
      vertex 3.060687780380249 -1.9423716068267822 0
    endloop
  endfacet
  facet normal 0 0 -1
    outer loop
      vertex 12.944271087646484 -9.404563903808594 0
      vertex 2.9326863288879395 -2.1307213306427 0
      vertex 2.9547555446624756 -2.0982472896575928 0
    endloop
  endfacet
  facet normal 0 0 -1
    outer loop
      vertex 12.944271087646484 -9.404563903808594 0
      vertex 2.9086215496063232 -2.161745548248291 0
      vertex 2.9326863288879395 -2.1307213306427 0
    endloop
  endfacet
  facet normal 0 0 -1
    outer loop
      vertex 12.328211784362793 -10.198782920837402 0
      vertex 2.793109893798828 -2.3106610774993896 0
      vertex 2.9086215496063232 -2.161745548248291 0
    endloop
  endfacet
  facet normal 0 0 -1
    outer loop
      vertex 11.663497924804688 -10.952753067016602 0
      vertex 2.6684765815734863 -2.452030658721924 0
      vertex 2.793109893798828 -2.3106610774993896 0
    endloop
  endfacet
  facet normal 0 0 -1
    outer loop
      vertex 11.663497924804688 -10.952753067016602 0
      vertex 2.6425111293792725 -2.481482744216919 0
      vertex 2.6684765815734863 -2.452030658721924 0
    endloop
  endfacet
  facet normal 0 0 -1
    outer loop
      vertex 10.952753067016602 -11.663497924804688 0
      vertex 2.481482744216919 -2.6425111293792725 0
      vertex 2.6425111293792725 -2.481482744216919 0
    endloop
  endfacet
  facet normal 0 0 -1
    outer loop
      vertex 10.952753067016602 -11.663497924804688 0
      vertex 2.452030658721924 -2.6684765815734863 0
      vertex 2.481482744216919 -2.6425111293792725 0
    endloop
  endfacet
  facet normal 0 0 -1
    outer loop
      vertex 10.198782920837402 -12.328211784362793 0
      vertex 2.3106610774993896 -2.793109893798828 0
      vertex 2.452030658721924 -2.6684765815734863 0
    endloop
  endfacet
  facet normal 0 0 -1
    outer loop
      vertex 9.404563903808594 -12.944271087646484 0
      vertex 2.161745548248291 -2.9086215496063232 0
      vertex 2.3106610774993896 -2.793109893798828 0
    endloop
  endfacet
  facet normal 0 0 -1
    outer loop
      vertex 9.404563903808594 -12.944271087646484 0
      vertex 2.1307213306427 -2.9326863288879395 0
      vertex 2.161745548248291 -2.9086215496063232 0
    endloop
  endfacet
  facet normal 0 0 -1
    outer loop
      vertex 9.404563903808594 -12.944271087646484 0
      vertex 2.0982472896575928 -2.9547555446624756 0
      vertex 2.1307213306427 -2.9326863288879395 0
    endloop
  endfacet
  facet normal 0 0 -1
    outer loop
      vertex 0.6404769420623779 -3.5669331550598145 0
      vertex 2.9981002807617188 -15.716595649719238 0
      vertex 2.005331039428711 -15.873834609985352 0
    endloop
  endfacet
  facet normal 0 0 -1
    outer loop
      vertex 8.573227882385254 -13.509245872497559 0
      vertex 1.9423716068267822 -3.060687780380249 0
      vertex 2.0982472896575928 -2.9547555446624756 0
    endloop
  endfacet
  facet normal 0 0 -1
    outer loop
      vertex 8.573227882385254 -13.509245872497559 0
      vertex 1.9085760116577148 -3.080674648284912 0
      vertex 1.9423716068267822 -3.060687780380249 0
    endloop
  endfacet
  facet normal 0 0 -1
    outer loop
      vertex 7.7080583572387695 -14.020906448364258 0
      vertex 1.746356725692749 -3.1766111850738525 0
      vertex 1.9085760116577148 -3.080674648284912 0
    endloop
  endfacet
  facet normal 0 0 -1
    outer loop
      vertex 6.812468528747559 -14.477231979370117 0
      vertex 1.5784332752227783 -3.262172222137451 0
      vertex 1.746356725692749 -3.1766111850738525 0
    endloop
  endfacet
  facet normal 0 0 -1
    outer loop
      vertex 6.812468528747559 -14.477231979370117 0
      vertex 1.5434491634368896 -3.2799973487854004 0
      vertex 1.5784332752227783 -3.262172222137451 0
    endloop
  endfacet
  facet normal 0 0 -1
    outer loop
      vertex 6.812468528747559 -14.477231979370117 0
      vertex 1.5074150562286377 -3.295590877532959 0
      vertex 1.5434491634368896 -3.2799973487854004 0
    endloop
  endfacet
  facet normal 0 0 -1
    outer loop
      vertex 5.889992713928223 -14.876422882080078 0
      vertex 1.3344511985778809 -3.3704395294189453 0
      vertex 1.5074150562286377 -3.295590877532959 0
    endloop
  endfacet
  facet normal 0 0 -1
    outer loop
      vertex 4.944271087646484 -15.216903686523438 0
      vertex 1.1571285724639893 -3.434279680252075 0
      vertex 1.3344511985778809 -3.3704395294189453 0
    endloop
  endfacet
  facet normal 0 0 -1
    outer loop
      vertex 4.944271087646484 -15.216903686523438 0
      vertex 1.1201863288879395 -3.4475796222686768 0
      vertex 1.1571285724639893 -3.434279680252075 0
    endloop
  endfacet
  facet normal 0 0 -1
    outer loop
      vertex 4.944271087646484 -15.216903686523438 0
      vertex 1.082481861114502 -3.458533763885498 0
      vertex 1.1201863288879395 -3.4475796222686768 0
    endloop
  endfacet
  facet normal 0 0 -1
    outer loop
      vertex 0.4543323516845703 -3.5964152812957764 0
      vertex 2.005331039428711 -15.873834609985352 0
      vertex 1.004648208618164 -15.968426704406738 0
    endloop
  endfacet
  facet normal 0 0 -1
    outer loop
      vertex 3.979037284851074 -15.497329711914062 0
      vertex 0.9014999866485596 -3.5111136436462402 0
      vertex 1.082481861114502 -3.458533763885498 0
    endloop
  endfacet
  facet normal 0 0 -1
    outer loop
      vertex 3.979037284851074 -15.497329711914062 0
      vertex 0.8631820678710938 -3.519678831100464 0
      vertex 0.9014999866485596 -3.5111136436462402 0
    endloop
  endfacet
  facet normal 0 0 -1
    outer loop
      vertex 2.9981002807617188 -15.716595649719238 0
      vertex 0.6792569160461426 -3.560791015625 0
      vertex 0.8631820678710938 -3.519678831100464 0
    endloop
  endfacet
  facet normal 0 0 -1
    outer loop
      vertex 2.9981002807617188 -15.716595649719238 0
      vertex 0.6404769420623779 -3.5669331550598145 0
      vertex 0.6792569160461426 -3.560791015625 0
    endloop
  endfacet
  facet normal 0 0 -1
    outer loop
      vertex 2.005331039428711 -15.873834609985352 0
      vertex 0.4543323516845703 -3.5964152812957764 0
      vertex 0.6404769420623779 -3.5669331550598145 0
    endloop
  endfacet
  facet normal 0 0 -1
    outer loop
      vertex 1.004648208618164 -15.968426704406738 0
      vertex 0.2667043209075928 -3.6141514778137207 0
      vertex 0.4543323516845703 -3.5964152812957764 0
    endloop
  endfacet
  facet normal 0 0 -1
    outer loop
      vertex 1.004648208618164 -15.968426704406738 0
      vertex 0.2276151180267334 -3.6178464889526367 0
      vertex 0.2667043209075928 -3.6141514778137207 0
    endloop
  endfacet
  facet normal 0 0 -1
    outer loop
      vertex 1.004648208618164 -15.968426704406738 0
      vertex 0.03924393653869629 -3.6237666606903076 0
      vertex 0.2276151180267334 -3.6178464889526367 0
    endloop
  endfacet
  facet normal 0 0 -1
    outer loop
      vertex 0 -16 0
      vertex 0.03924393653869629 -3.6237666606903076 0
      vertex 1.004648208618164 -15.968426704406738 0
    endloop
  endfacet
  facet normal 0 0 -1
    outer loop
      vertex 0 -16 0
      vertex 0 -3.625 0
      vertex 0.03924393653869629 -3.6237666606903076 0
    endloop
  endfacet
  facet normal 0 0 -1
    outer loop
      vertex 0 -16 0
      vertex -0.03924393653869629 -3.6237666606903076 0
      vertex 0 -3.625 0
    endloop
  endfacet
  facet normal 0 0 -1
    outer loop
      vertex 0 -16 0
      vertex -0.2276151180267334 -3.6178464889526367 0
      vertex -0.03924393653869629 -3.6237666606903076 0
    endloop
  endfacet
  facet normal 0 0 -1
    outer loop
      vertex -1.004648208618164 -15.968426704406738 0
      vertex -0.2276151180267334 -3.6178464889526367 0
      vertex 0 -16 0
    endloop
  endfacet
  facet normal 0 0 -1
    outer loop
      vertex -0.2276151180267334 -3.6178464889526367 0
      vertex -1.004648208618164 -15.968426704406738 0
      vertex -0.2667043209075928 -3.6141514778137207 0
    endloop
  endfacet
  facet normal 0 0 -1
    outer loop
      vertex -0.2667043209075928 -3.6141514778137207 0
      vertex -1.004648208618164 -15.968426704406738 0
      vertex -0.4543323516845703 -3.5964152812957764 0
    endloop
  endfacet
  facet normal 0 0 -1
    outer loop
      vertex -2.005331039428711 -15.873834609985352 0
      vertex -0.4543323516845703 -3.5964152812957764 0
      vertex -1.004648208618164 -15.968426704406738 0
    endloop
  endfacet
  facet normal 0 0 -1
    outer loop
      vertex -0.4543323516845703 -3.5964152812957764 0
      vertex -2.005331039428711 -15.873834609985352 0
      vertex -0.6404769420623779 -3.5669331550598145 0
    endloop
  endfacet
  facet normal 0 0 -1
    outer loop
      vertex -2.9981002807617188 -15.716595649719238 0
      vertex -0.6404769420623779 -3.5669331550598145 0
      vertex -2.005331039428711 -15.873834609985352 0
    endloop
  endfacet
  facet normal 0 0 -1
    outer loop
      vertex -0.6404769420623779 -3.5669331550598145 0
      vertex -2.9981002807617188 -15.716595649719238 0
      vertex -0.6792569160461426 -3.560791015625 0
    endloop
  endfacet
  facet normal 0 0 -1
    outer loop
      vertex -0.6792569160461426 -3.560791015625 0
      vertex -2.9981002807617188 -15.716595649719238 0
      vertex -0.8631820678710938 -3.519678831100464 0
    endloop
  endfacet
  facet normal 0 0 -1
    outer loop
      vertex -3.979037284851074 -15.497329711914062 0
      vertex -0.8631820678710938 -3.519678831100464 0
      vertex -2.9981002807617188 -15.716595649719238 0
    endloop
  endfacet
  facet normal 0 0 -1
    outer loop
      vertex -0.8631820678710938 -3.519678831100464 0
      vertex -3.979037284851074 -15.497329711914062 0
      vertex -0.9014999866485596 -3.5111136436462402 0
    endloop
  endfacet
  facet normal 0 0 -1
    outer loop
      vertex -0.9014999866485596 -3.5111136436462402 0
      vertex -3.979037284851074 -15.497329711914062 0
      vertex -1.082481861114502 -3.458533763885498 0
    endloop
  endfacet
  facet normal 0 0 -1
    outer loop
      vertex -4.944271087646484 -15.216903686523438 0
      vertex -1.082481861114502 -3.458533763885498 0
      vertex -3.979037284851074 -15.497329711914062 0
    endloop
  endfacet
  facet normal 0 0 -1
    outer loop
      vertex -1.082481861114502 -3.458533763885498 0
      vertex -4.944271087646484 -15.216903686523438 0
      vertex -1.1201863288879395 -3.4475796222686768 0
    endloop
  endfacet
  facet normal 0 0 -1
    outer loop
      vertex -1.1201863288879395 -3.4475796222686768 0
      vertex -4.944271087646484 -15.216903686523438 0
      vertex -1.1571285724639893 -3.434279680252075 0
    endloop
  endfacet
  facet normal 0 0 -1
    outer loop
      vertex -1.1571285724639893 -3.434279680252075 0
      vertex -4.944271087646484 -15.216903686523438 0
      vertex -1.3344511985778809 -3.3704395294189453 0
    endloop
  endfacet
  facet normal 0 0 -1
    outer loop
      vertex -5.889992713928223 -14.876422882080078 0
      vertex -1.3344511985778809 -3.3704395294189453 0
      vertex -4.944271087646484 -15.216903686523438 0
    endloop
  endfacet
  facet normal 0 0 -1
    outer loop
      vertex -1.3344511985778809 -3.3704395294189453 0
      vertex -5.889992713928223 -14.876422882080078 0
      vertex -1.5074150562286377 -3.295590877532959 0
    endloop
  endfacet
  facet normal 0 0 -1
    outer loop
      vertex -6.812468528747559 -14.477231979370117 0
      vertex -1.5074150562286377 -3.295590877532959 0
      vertex -5.889992713928223 -14.876422882080078 0
    endloop
  endfacet
  facet normal 0 0 -1
    outer loop
      vertex -1.5074150562286377 -3.295590877532959 0
      vertex -6.812468528747559 -14.477231979370117 0
      vertex -1.5434491634368896 -3.2799973487854004 0
    endloop
  endfacet
  facet normal 0 0 -1
    outer loop
      vertex -1.5434491634368896 -3.2799973487854004 0
      vertex -6.812468528747559 -14.477231979370117 0
      vertex -1.5784332752227783 -3.262172222137451 0
    endloop
  endfacet
  facet normal 0 0 -1
    outer loop
      vertex -1.5784332752227783 -3.262172222137451 0
      vertex -6.812468528747559 -14.477231979370117 0
      vertex -1.746356725692749 -3.1766111850738525 0
    endloop
  endfacet
  facet normal 0 0 -1
    outer loop
      vertex -7.7080583572387695 -14.020906448364258 0
      vertex -1.746356725692749 -3.1766111850738525 0
      vertex -6.812468528747559 -14.477231979370117 0
    endloop
  endfacet
  facet normal 0 0 -1
    outer loop
      vertex -1.746356725692749 -3.1766111850738525 0
      vertex -7.7080583572387695 -14.020906448364258 0
      vertex -1.9085760116577148 -3.080674648284912 0
    endloop
  endfacet
  facet normal 0 0 -1
    outer loop
      vertex -8.573227882385254 -13.509245872497559 0
      vertex -1.9085760116577148 -3.080674648284912 0
      vertex -7.7080583572387695 -14.020906448364258 0
    endloop
  endfacet
  facet normal 0 0 -1
    outer loop
      vertex -1.9085760116577148 -3.080674648284912 0
      vertex -8.573227882385254 -13.509245872497559 0
      vertex -1.9423716068267822 -3.060687780380249 0
    endloop
  endfacet
  facet normal 0 0 -1
    outer loop
      vertex -1.9423716068267822 -3.060687780380249 0
      vertex -8.573227882385254 -13.509245872497559 0
      vertex -2.0982472896575928 -2.9547555446624756 0
    endloop
  endfacet
  facet normal 0 0 -1
    outer loop
      vertex -9.404563903808594 -12.944271087646484 0
      vertex -2.0982472896575928 -2.9547555446624756 0
      vertex -8.573227882385254 -13.509245872497559 0
    endloop
  endfacet
  facet normal 0 0 -1
    outer loop
      vertex -2.0982472896575928 -2.9547555446624756 0
      vertex -9.404563903808594 -12.944271087646484 0
      vertex -2.1307213306427 -2.9326863288879395 0
    endloop
  endfacet
  facet normal 0 0 -1
    outer loop
      vertex -2.1307213306427 -2.9326863288879395 0
      vertex -9.404563903808594 -12.944271087646484 0
      vertex -2.161745548248291 -2.9086215496063232 0
    endloop
  endfacet
  facet normal 0 0 -1
    outer loop
      vertex -2.161745548248291 -2.9086215496063232 0
      vertex -9.404563903808594 -12.944271087646484 0
      vertex -2.3106610774993896 -2.793109893798828 0
    endloop
  endfacet
  facet normal 0 0 -1
    outer loop
      vertex -10.198782920837402 -12.328211784362793 0
      vertex -2.3106610774993896 -2.793109893798828 0
      vertex -9.404563903808594 -12.944271087646484 0
    endloop
  endfacet
  facet normal 0 0 -1
    outer loop
      vertex -2.3106610774993896 -2.793109893798828 0
      vertex -10.198782920837402 -12.328211784362793 0
      vertex -2.452030658721924 -2.6684765815734863 0
    endloop
  endfacet
  facet normal 0 0 -1
    outer loop
      vertex -10.952753067016602 -11.663497924804688 0
      vertex -2.452030658721924 -2.6684765815734863 0
      vertex -10.198782920837402 -12.328211784362793 0
    endloop
  endfacet
  facet normal 0 0 -1
    outer loop
      vertex -2.452030658721924 -2.6684765815734863 0
      vertex -10.952753067016602 -11.663497924804688 0
      vertex -2.481482744216919 -2.6425111293792725 0
    endloop
  endfacet
  facet normal 0 0 -1
    outer loop
      vertex -2.481482744216919 -2.6425111293792725 0
      vertex -10.952753067016602 -11.663497924804688 0
      vertex -2.6425111293792725 -2.481482744216919 0
    endloop
  endfacet
  facet normal 0 0 -1
    outer loop
      vertex -11.663497924804688 -10.952753067016602 0
      vertex -2.6425111293792725 -2.481482744216919 0
      vertex -10.952753067016602 -11.663497924804688 0
    endloop
  endfacet
  facet normal 0 0 -1
    outer loop
      vertex -2.6425111293792725 -2.481482744216919 0
      vertex -11.663497924804688 -10.952753067016602 0
      vertex -2.6684765815734863 -2.452030658721924 0
    endloop
  endfacet
  facet normal 0 0 -1
    outer loop
      vertex -2.6684765815734863 -2.452030658721924 0
      vertex -11.663497924804688 -10.952753067016602 0
      vertex -2.793109893798828 -2.3106610774993896 0
    endloop
  endfacet
  facet normal 0 0 -1
    outer loop
      vertex -12.328211784362793 -10.198782920837402 0
      vertex -2.793109893798828 -2.3106610774993896 0
      vertex -11.663497924804688 -10.952753067016602 0
    endloop
  endfacet
  facet normal 0 0 -1
    outer loop
      vertex -2.793109893798828 -2.3106610774993896 0
      vertex -12.328211784362793 -10.198782920837402 0
      vertex -2.9086215496063232 -2.161745548248291 0
    endloop
  endfacet
  facet normal 0 0 -1
    outer loop
      vertex -12.944271087646484 -9.404563903808594 0
      vertex -2.9086215496063232 -2.161745548248291 0
      vertex -12.328211784362793 -10.198782920837402 0
    endloop
  endfacet
  facet normal 0 0 -1
    outer loop
      vertex -2.9086215496063232 -2.161745548248291 0
      vertex -12.944271087646484 -9.404563903808594 0
      vertex -2.9326863288879395 -2.1307213306427 0
    endloop
  endfacet
  facet normal 0 0 -1
    outer loop
      vertex -2.9326863288879395 -2.1307213306427 0
      vertex -12.944271087646484 -9.404563903808594 0
      vertex -2.9547555446624756 -2.0982472896575928 0
    endloop
  endfacet
  facet normal 0 0 -1
    outer loop
      vertex -2.9547555446624756 -2.0982472896575928 0
      vertex -12.944271087646484 -9.404563903808594 0
      vertex -3.060687780380249 -1.9423716068267822 0
    endloop
  endfacet
  facet normal 0 0 -1
    outer loop
      vertex -13.509245872497559 -8.573227882385254 0
      vertex -3.060687780380249 -1.9423716068267822 0
      vertex -12.944271087646484 -9.404563903808594 0
    endloop
  endfacet
  facet normal 0 0 -1
    outer loop
      vertex -3.060687780380249 -1.9423716068267822 0
      vertex -13.509245872497559 -8.573227882385254 0
      vertex -3.080674648284912 -1.9085760116577148 0
    endloop
  endfacet
  facet normal 0 0 -1
    outer loop
      vertex -3.080674648284912 -1.9085760116577148 0
      vertex -13.509245872497559 -8.573227882385254 0
      vertex -3.1766111850738525 -1.746356725692749 0
    endloop
  endfacet
  facet normal 0 0 -1
    outer loop
      vertex -14.020906448364258 -7.7080583572387695 0
      vertex -3.1766111850738525 -1.746356725692749 0
      vertex -13.509245872497559 -8.573227882385254 0
    endloop
  endfacet
  facet normal 0 0 -1
    outer loop
      vertex -3.262172222137451 -1.5784332752227783 0
      vertex -14.477231979370117 -6.812468528747559 0
      vertex -3.2799973487854004 -1.5434491634368896 0
    endloop
  endfacet
  facet normal 0 0 -1
    outer loop
      vertex -14.477231979370117 -6.812468528747559 0
      vertex -3.262172222137451 -1.5784332752227783 0
      vertex -14.020906448364258 -7.7080583572387695 0
    endloop
  endfacet
  facet normal 0 0 -1
    outer loop
      vertex -3.1766111850738525 -1.746356725692749 0
      vertex -14.020906448364258 -7.7080583572387695 0
      vertex -3.262172222137451 -1.5784332752227783 0
    endloop
  endfacet
  facet normal 0 0 -1
    outer loop
      vertex 3.262172222137451 1.5784332752227783 0
      vertex 14.477231979370117 6.812468528747559 0
      vertex 3.2799973487854004 1.5434491634368896 0
    endloop
  endfacet
  facet normal 0 0 -1
    outer loop
      vertex 14.477231979370117 6.812468528747559 0
      vertex 3.262172222137451 1.5784332752227783 0
      vertex 14.020906448364258 7.7080583572387695 0
    endloop
  endfacet
  facet normal 0 0 -1
    outer loop
      vertex 3.1766111850738525 1.746356725692749 0
      vertex 14.020906448364258 7.7080583572387695 0
      vertex 3.262172222137451 1.5784332752227783 0
    endloop
  endfacet
  facet normal 0 0 -1
    outer loop
      vertex 14.020906448364258 7.7080583572387695 0
      vertex 3.1766111850738525 1.746356725692749 0
      vertex 13.509245872497559 8.573227882385254 0
    endloop
  endfacet
  facet normal 0 0 -1
    outer loop
      vertex 3.080674648284912 1.9085760116577148 0
      vertex 13.509245872497559 8.573227882385254 0
      vertex 3.1766111850738525 1.746356725692749 0
    endloop
  endfacet
  facet normal 0 0 -1
    outer loop
      vertex 3.060687780380249 1.9423716068267822 0
      vertex 13.509245872497559 8.573227882385254 0
      vertex 3.080674648284912 1.9085760116577148 0
    endloop
  endfacet
  facet normal 0 0 -1
    outer loop
      vertex 13.509245872497559 8.573227882385254 0
      vertex 3.060687780380249 1.9423716068267822 0
      vertex 12.944271087646484 9.404563903808594 0
    endloop
  endfacet
  facet normal 0 0 -1
    outer loop
      vertex 2.9547555446624756 2.0982472896575928 0
      vertex 12.944271087646484 9.404563903808594 0
      vertex 3.060687780380249 1.9423716068267822 0
    endloop
  endfacet
  facet normal 0 0 -1
    outer loop
      vertex 2.9326863288879395 2.1307213306427 0
      vertex 12.944271087646484 9.404563903808594 0
      vertex 2.9547555446624756 2.0982472896575928 0
    endloop
  endfacet
  facet normal 0 0 -1
    outer loop
      vertex 2.9086215496063232 2.161745548248291 0
      vertex 12.944271087646484 9.404563903808594 0
      vertex 2.9326863288879395 2.1307213306427 0
    endloop
  endfacet
  facet normal 0 0 -1
    outer loop
      vertex 12.944271087646484 9.404563903808594 0
      vertex 2.9086215496063232 2.161745548248291 0
      vertex 12.328211784362793 10.198782920837402 0
    endloop
  endfacet
  facet normal 0 0 -1
    outer loop
      vertex 2.793109893798828 2.3106610774993896 0
      vertex 12.328211784362793 10.198782920837402 0
      vertex 2.9086215496063232 2.161745548248291 0
    endloop
  endfacet
  facet normal 0 0 -1
    outer loop
      vertex 12.328211784362793 10.198782920837402 0
      vertex 2.793109893798828 2.3106610774993896 0
      vertex 11.663497924804688 10.952753067016602 0
    endloop
  endfacet
  facet normal 0 0 -1
    outer loop
      vertex 2.6684765815734863 2.452030658721924 0
      vertex 11.663497924804688 10.952753067016602 0
      vertex 2.793109893798828 2.3106610774993896 0
    endloop
  endfacet
  facet normal 0 0 -1
    outer loop
      vertex 2.6425111293792725 2.481482744216919 0
      vertex 11.663497924804688 10.952753067016602 0
      vertex 2.6684765815734863 2.452030658721924 0
    endloop
  endfacet
  facet normal 0 0 -1
    outer loop
      vertex 11.663497924804688 10.952753067016602 0
      vertex 2.6425111293792725 2.481482744216919 0
      vertex 10.952753067016602 11.663497924804688 0
    endloop
  endfacet
  facet normal 0 0 -1
    outer loop
      vertex 2.481482744216919 2.6425111293792725 0
      vertex 10.952753067016602 11.663497924804688 0
      vertex 2.6425111293792725 2.481482744216919 0
    endloop
  endfacet
  facet normal 0 0 -1
    outer loop
      vertex 2.452030658721924 2.6684765815734863 0
      vertex 10.952753067016602 11.663497924804688 0
      vertex 2.481482744216919 2.6425111293792725 0
    endloop
  endfacet
  facet normal 0 0 -1
    outer loop
      vertex 10.952753067016602 11.663497924804688 0
      vertex 2.452030658721924 2.6684765815734863 0
      vertex 10.198782920837402 12.328211784362793 0
    endloop
  endfacet
  facet normal 0 0 -1
    outer loop
      vertex 2.3106610774993896 2.793109893798828 0
      vertex 10.198782920837402 12.328211784362793 0
      vertex 2.452030658721924 2.6684765815734863 0
    endloop
  endfacet
  facet normal 0 0 -1
    outer loop
      vertex 10.198782920837402 12.328211784362793 0
      vertex 2.3106610774993896 2.793109893798828 0
      vertex 9.404563903808594 12.944271087646484 0
    endloop
  endfacet
  facet normal 0 0 -1
    outer loop
      vertex 2.161745548248291 2.9086215496063232 0
      vertex 9.404563903808594 12.944271087646484 0
      vertex 2.3106610774993896 2.793109893798828 0
    endloop
  endfacet
  facet normal 0 0 -1
    outer loop
      vertex 2.1307213306427 2.9326863288879395 0
      vertex 9.404563903808594 12.944271087646484 0
      vertex 2.161745548248291 2.9086215496063232 0
    endloop
  endfacet
  facet normal 0 0 -1
    outer loop
      vertex 2.0982472896575928 2.9547555446624756 0
      vertex 9.404563903808594 12.944271087646484 0
      vertex 2.1307213306427 2.9326863288879395 0
    endloop
  endfacet
  facet normal 0 0 -1
    outer loop
      vertex 9.404563903808594 12.944271087646484 0
      vertex 2.0982472896575928 2.9547555446624756 0
      vertex 8.573227882385254 13.509245872497559 0
    endloop
  endfacet
  facet normal 0 0 -1
    outer loop
      vertex 1.9423716068267822 3.060687780380249 0
      vertex 8.573227882385254 13.509245872497559 0
      vertex 2.0982472896575928 2.9547555446624756 0
    endloop
  endfacet
  facet normal 0 0 -1
    outer loop
      vertex 1.9085760116577148 3.080674648284912 0
      vertex 8.573227882385254 13.509245872497559 0
      vertex 1.9423716068267822 3.060687780380249 0
    endloop
  endfacet
  facet normal 0 0 -1
    outer loop
      vertex 8.573227882385254 13.509245872497559 0
      vertex 1.9085760116577148 3.080674648284912 0
      vertex 7.7080583572387695 14.020906448364258 0
    endloop
  endfacet
  facet normal 0 0 -1
    outer loop
      vertex 1.746356725692749 3.1766111850738525 0
      vertex 7.7080583572387695 14.020906448364258 0
      vertex 1.9085760116577148 3.080674648284912 0
    endloop
  endfacet
  facet normal 0 0 -1
    outer loop
      vertex 7.7080583572387695 14.020906448364258 0
      vertex 1.746356725692749 3.1766111850738525 0
      vertex 6.812468528747559 14.477231979370117 0
    endloop
  endfacet
  facet normal 0 0 -1
    outer loop
      vertex 1.5784332752227783 3.262172222137451 0
      vertex 6.812468528747559 14.477231979370117 0
      vertex 1.746356725692749 3.1766111850738525 0
    endloop
  endfacet
  facet normal 0 0 -1
    outer loop
      vertex 1.5434491634368896 3.2799973487854004 0
      vertex 6.812468528747559 14.477231979370117 0
      vertex 1.5784332752227783 3.262172222137451 0
    endloop
  endfacet
  facet normal 0 0 -1
    outer loop
      vertex 1.5074150562286377 3.295590877532959 0
      vertex 6.812468528747559 14.477231979370117 0
      vertex 1.5434491634368896 3.2799973487854004 0
    endloop
  endfacet
  facet normal 0 0 -1
    outer loop
      vertex 6.812468528747559 14.477231979370117 0
      vertex 1.5074150562286377 3.295590877532959 0
      vertex 5.889992713928223 14.876422882080078 0
    endloop
  endfacet
  facet normal 0 0 -1
    outer loop
      vertex 1.3344511985778809 3.3704395294189453 0
      vertex 5.889992713928223 14.876422882080078 0
      vertex 1.5074150562286377 3.295590877532959 0
    endloop
  endfacet
  facet normal 0 0 -1
    outer loop
      vertex 5.889992713928223 14.876422882080078 0
      vertex 1.3344511985778809 3.3704395294189453 0
      vertex 4.944271087646484 15.216903686523438 0
    endloop
  endfacet
  facet normal 0 0 -1
    outer loop
      vertex 1.1571285724639893 3.434279680252075 0
      vertex 4.944271087646484 15.216903686523438 0
      vertex 1.3344511985778809 3.3704395294189453 0
    endloop
  endfacet
  facet normal 0 0 -1
    outer loop
      vertex 1.1201863288879395 3.4475796222686768 0
      vertex 4.944271087646484 15.216903686523438 0
      vertex 1.1571285724639893 3.434279680252075 0
    endloop
  endfacet
  facet normal 0 0 -1
    outer loop
      vertex 1.082481861114502 3.458533763885498 0
      vertex 4.944271087646484 15.216903686523438 0
      vertex 1.1201863288879395 3.4475796222686768 0
    endloop
  endfacet
  facet normal 0 0 -1
    outer loop
      vertex 4.944271087646484 15.216903686523438 0
      vertex 1.082481861114502 3.458533763885498 0
      vertex 3.979037284851074 15.497329711914062 0
    endloop
  endfacet
  facet normal 0 0 -1
    outer loop
      vertex 0.9014999866485596 3.5111136436462402 0
      vertex 3.979037284851074 15.497329711914062 0
      vertex 1.082481861114502 3.458533763885498 0
    endloop
  endfacet
  facet normal 0 0 -1
    outer loop
      vertex 0.8631820678710938 3.519678831100464 0
      vertex 3.979037284851074 15.497329711914062 0
      vertex 0.9014999866485596 3.5111136436462402 0
    endloop
  endfacet
  facet normal 0 0 -1
    outer loop
      vertex 3.979037284851074 15.497329711914062 0
      vertex 0.8631820678710938 3.519678831100464 0
      vertex 2.9981002807617188 15.716595649719238 0
    endloop
  endfacet
  facet normal 0 0 -1
    outer loop
      vertex 0.6792569160461426 3.560791015625 0
      vertex 2.9981002807617188 15.716595649719238 0
      vertex 0.8631820678710938 3.519678831100464 0
    endloop
  endfacet
  facet normal 0 0 -1
    outer loop
      vertex 0.6404769420623779 3.5669331550598145 0
      vertex 2.9981002807617188 15.716595649719238 0
      vertex 0.6792569160461426 3.560791015625 0
    endloop
  endfacet
  facet normal 0 0 -1
    outer loop
      vertex 2.9981002807617188 15.716595649719238 0
      vertex 0.6404769420623779 3.5669331550598145 0
      vertex 2.005331039428711 15.873834609985352 0
    endloop
  endfacet
  facet normal 0 0 -1
    outer loop
      vertex 0.4543323516845703 3.5964152812957764 0
      vertex 2.005331039428711 15.873834609985352 0
      vertex 0.6404769420623779 3.5669331550598145 0
    endloop
  endfacet
  facet normal 0 0 -1
    outer loop
      vertex 2.005331039428711 15.873834609985352 0
      vertex 0.4543323516845703 3.5964152812957764 0
      vertex 1.004648208618164 15.968426704406738 0
    endloop
  endfacet
  facet normal 0 0 -1
    outer loop
      vertex 0.2667043209075928 3.6141514778137207 0
      vertex 1.004648208618164 15.968426704406738 0
      vertex 0.4543323516845703 3.5964152812957764 0
    endloop
  endfacet
  facet normal 0 0 -1
    outer loop
      vertex 0.2276151180267334 3.6178464889526367 0
      vertex 1.004648208618164 15.968426704406738 0
      vertex 0.2667043209075928 3.6141514778137207 0
    endloop
  endfacet
  facet normal 0 0 -1
    outer loop
      vertex 0.03924393653869629 3.6237666606903076 0
      vertex 1.004648208618164 15.968426704406738 0
      vertex 0.2276151180267334 3.6178464889526367 0
    endloop
  endfacet
  facet normal 0 0 -1
    outer loop
      vertex 0 16 0
      vertex 0.03924393653869629 3.6237666606903076 0
      vertex 0 3.625 0
    endloop
  endfacet
  facet normal 0 0 -1
    outer loop
      vertex 0.03924393653869629 3.6237666606903076 0
      vertex 0 16 0
      vertex 1.004648208618164 15.968426704406738 0
    endloop
  endfacet
  facet normal 0 0 -1
    outer loop
      vertex -0.03924393653869629 3.6237666606903076 0
      vertex 0 16 0
      vertex 0 3.625 0
    endloop
  endfacet
  facet normal 0 0 -1
    outer loop
      vertex -0.2276151180267334 3.6178464889526367 0
      vertex 0 16 0
      vertex -0.03924393653869629 3.6237666606903076 0
    endloop
  endfacet
  facet normal 0 0 -1
    outer loop
      vertex -1.004648208618164 15.968426704406738 0
      vertex -0.2276151180267334 3.6178464889526367 0
      vertex -0.2667043209075928 3.6141514778137207 0
    endloop
  endfacet
  facet normal 0 0 -1
    outer loop
      vertex -1.004648208618164 15.968426704406738 0
      vertex -0.2667043209075928 3.6141514778137207 0
      vertex -0.4543323516845703 3.5964152812957764 0
    endloop
  endfacet
  facet normal 0 0 -1
    outer loop
      vertex -2.005331039428711 15.873834609985352 0
      vertex -0.4543323516845703 3.5964152812957764 0
      vertex -0.6404769420623779 3.5669331550598145 0
    endloop
  endfacet
  facet normal 0 0 -1
    outer loop
      vertex -2.9981002807617188 15.716595649719238 0
      vertex -0.6404769420623779 3.5669331550598145 0
      vertex -0.6792569160461426 3.560791015625 0
    endloop
  endfacet
  facet normal 0 0 -1
    outer loop
      vertex -2.9981002807617188 15.716595649719238 0
      vertex -0.6792569160461426 3.560791015625 0
      vertex -0.8631820678710938 3.519678831100464 0
    endloop
  endfacet
  facet normal 0 0 -1
    outer loop
      vertex -3.979037284851074 15.497329711914062 0
      vertex -0.8631820678710938 3.519678831100464 0
      vertex -0.9014999866485596 3.5111136436462402 0
    endloop
  endfacet
  facet normal 0 0 -1
    outer loop
      vertex -0.2276151180267334 3.6178464889526367 0
      vertex -1.004648208618164 15.968426704406738 0
      vertex 0 16 0
    endloop
  endfacet
  facet normal 0 0 -1
    outer loop
      vertex -3.979037284851074 15.497329711914062 0
      vertex -0.9014999866485596 3.5111136436462402 0
      vertex -1.082481861114502 3.458533763885498 0
    endloop
  endfacet
  facet normal 0 0 -1
    outer loop
      vertex -4.944271087646484 15.216903686523438 0
      vertex -1.082481861114502 3.458533763885498 0
      vertex -1.1201863288879395 3.4475796222686768 0
    endloop
  endfacet
  facet normal 0 0 -1
    outer loop
      vertex -4.944271087646484 15.216903686523438 0
      vertex -1.1201863288879395 3.4475796222686768 0
      vertex -1.1571285724639893 3.434279680252075 0
    endloop
  endfacet
  facet normal 0 0 -1
    outer loop
      vertex -4.944271087646484 15.216903686523438 0
      vertex -1.1571285724639893 3.434279680252075 0
      vertex -1.3344511985778809 3.3704395294189453 0
    endloop
  endfacet
  facet normal 0 0 -1
    outer loop
      vertex -5.889992713928223 14.876422882080078 0
      vertex -1.3344511985778809 3.3704395294189453 0
      vertex -1.5074150562286377 3.295590877532959 0
    endloop
  endfacet
  facet normal 0 0 -1
    outer loop
      vertex -6.812468528747559 14.477231979370117 0
      vertex -1.5074150562286377 3.295590877532959 0
      vertex -1.5434491634368896 3.2799973487854004 0
    endloop
  endfacet
  facet normal 0 0 -1
    outer loop
      vertex -6.812468528747559 14.477231979370117 0
      vertex -1.5434491634368896 3.2799973487854004 0
      vertex -1.5784332752227783 3.262172222137451 0
    endloop
  endfacet
  facet normal 0 0 -1
    outer loop
      vertex -6.812468528747559 14.477231979370117 0
      vertex -1.5784332752227783 3.262172222137451 0
      vertex -1.746356725692749 3.1766111850738525 0
    endloop
  endfacet
  facet normal 0 0 -1
    outer loop
      vertex -7.7080583572387695 14.020906448364258 0
      vertex -1.746356725692749 3.1766111850738525 0
      vertex -1.9085760116577148 3.080674648284912 0
    endloop
  endfacet
  facet normal 0 0 -1
    outer loop
      vertex -8.573227882385254 13.509245872497559 0
      vertex -1.9085760116577148 3.080674648284912 0
      vertex -1.9423716068267822 3.060687780380249 0
    endloop
  endfacet
  facet normal 0 0 -1
    outer loop
      vertex -0.4543323516845703 3.5964152812957764 0
      vertex -2.005331039428711 15.873834609985352 0
      vertex -1.004648208618164 15.968426704406738 0
    endloop
  endfacet
  facet normal 0 0 -1
    outer loop
      vertex -8.573227882385254 13.509245872497559 0
      vertex -1.9423716068267822 3.060687780380249 0
      vertex -2.0982472896575928 2.9547555446624756 0
    endloop
  endfacet
  facet normal 0 0 -1
    outer loop
      vertex -9.404563903808594 12.944271087646484 0
      vertex -2.0982472896575928 2.9547555446624756 0
      vertex -2.1307213306427 2.9326863288879395 0
    endloop
  endfacet
  facet normal 0 0 -1
    outer loop
      vertex -9.404563903808594 12.944271087646484 0
      vertex -2.1307213306427 2.9326863288879395 0
      vertex -2.161745548248291 2.9086215496063232 0
    endloop
  endfacet
  facet normal 0 0 -1
    outer loop
      vertex -9.404563903808594 12.944271087646484 0
      vertex -2.161745548248291 2.9086215496063232 0
      vertex -2.3106610774993896 2.793109893798828 0
    endloop
  endfacet
  facet normal 0 0 -1
    outer loop
      vertex -10.198782920837402 12.328211784362793 0
      vertex -2.3106610774993896 2.793109893798828 0
      vertex -2.452030658721924 2.6684765815734863 0
    endloop
  endfacet
  facet normal 0 0 -1
    outer loop
      vertex -10.952753067016602 11.663497924804688 0
      vertex -2.452030658721924 2.6684765815734863 0
      vertex -2.481482744216919 2.6425111293792725 0
    endloop
  endfacet
  facet normal 0 0 -1
    outer loop
      vertex -10.952753067016602 11.663497924804688 0
      vertex -2.481482744216919 2.6425111293792725 0
      vertex -2.6425111293792725 2.481482744216919 0
    endloop
  endfacet
  facet normal 0 0 -1
    outer loop
      vertex -11.663497924804688 10.952753067016602 0
      vertex -2.6425111293792725 2.481482744216919 0
      vertex -2.6684765815734863 2.452030658721924 0
    endloop
  endfacet
  facet normal 0 0 -1
    outer loop
      vertex -11.663497924804688 10.952753067016602 0
      vertex -2.6684765815734863 2.452030658721924 0
      vertex -2.793109893798828 2.3106610774993896 0
    endloop
  endfacet
  facet normal 0 0 -1
    outer loop
      vertex -12.328211784362793 10.198782920837402 0
      vertex -2.793109893798828 2.3106610774993896 0
      vertex -2.9086215496063232 2.161745548248291 0
    endloop
  endfacet
  facet normal 0 0 -1
    outer loop
      vertex -12.944271087646484 9.404563903808594 0
      vertex -2.9086215496063232 2.161745548248291 0
      vertex -2.9326863288879395 2.1307213306427 0
    endloop
  endfacet
  facet normal 0 0 -1
    outer loop
      vertex -12.944271087646484 9.404563903808594 0
      vertex -2.9326863288879395 2.1307213306427 0
      vertex -2.9547555446624756 2.0982472896575928 0
    endloop
  endfacet
  facet normal 0 0 -1
    outer loop
      vertex -0.6404769420623779 3.5669331550598145 0
      vertex -2.9981002807617188 15.716595649719238 0
      vertex -2.005331039428711 15.873834609985352 0
    endloop
  endfacet
  facet normal 0 0 -1
    outer loop
      vertex -12.944271087646484 9.404563903808594 0
      vertex -2.9547555446624756 2.0982472896575928 0
      vertex -3.060687780380249 1.9423716068267822 0
    endloop
  endfacet
  facet normal 0 0 -1
    outer loop
      vertex -13.509245872497559 8.573227882385254 0
      vertex -3.060687780380249 1.9423716068267822 0
      vertex -3.080674648284912 1.9085760116577148 0
    endloop
  endfacet
  facet normal 0 0 -1
    outer loop
      vertex -13.509245872497559 8.573227882385254 0
      vertex -3.080674648284912 1.9085760116577148 0
      vertex -3.1766111850738525 1.746356725692749 0
    endloop
  endfacet
  facet normal 0 0 -1
    outer loop
      vertex -14.020906448364258 7.7080583572387695 0
      vertex -3.1766111850738525 1.746356725692749 0
      vertex -3.262172222137451 1.5784332752227783 0
    endloop
  endfacet
  facet normal 0 0 -1
    outer loop
      vertex -14.477231979370117 6.812468528747559 0
      vertex -3.262172222137451 1.5784332752227783 0
      vertex -3.2799973487854004 1.5434491634368896 0
    endloop
  endfacet
  facet normal 0 0 -1
    outer loop
      vertex -14.477231979370117 6.812468528747559 0
      vertex -3.2799973487854004 1.5434491634368896 0
      vertex -3.295590877532959 1.5074150562286377 0
    endloop
  endfacet
  facet normal 0 0 -1
    outer loop
      vertex -14.477231979370117 6.812468528747559 0
      vertex -3.295590877532959 1.5074150562286377 0
      vertex -3.3704395294189453 1.3344511985778809 0
    endloop
  endfacet
  facet normal 0 0 -1
    outer loop
      vertex -14.876422882080078 5.889992713928223 0
      vertex -3.3704395294189453 1.3344511985778809 0
      vertex -3.434279680252075 1.1571285724639893 0
    endloop
  endfacet
  facet normal 0 0 -1
    outer loop
      vertex -15.216903686523438 4.944271087646484 0
      vertex -3.434279680252075 1.1571285724639893 0
      vertex -3.4475796222686768 1.1201863288879395 0
    endloop
  endfacet
  facet normal 0 0 -1
    outer loop
      vertex -15.216903686523438 4.944271087646484 0
      vertex -3.4475796222686768 1.1201863288879395 0
      vertex -3.458533763885498 1.082481861114502 0
    endloop
  endfacet
  facet normal 0 0 -1
    outer loop
      vertex -15.216903686523438 4.944271087646484 0
      vertex -3.458533763885498 1.082481861114502 0
      vertex -3.5111136436462402 0.9014999866485596 0
    endloop
  endfacet
  facet normal 0 0 -1
    outer loop
      vertex -15.497329711914062 3.979037284851074 0
      vertex -3.5111136436462402 0.9014999866485596 0
      vertex -3.519678831100464 0.8631820678710938 0
    endloop
  endfacet
  facet normal 0 0 -1
    outer loop
      vertex -15.497329711914062 3.979037284851074 0
      vertex -3.519678831100464 0.8631820678710938 0
      vertex -3.560791015625 0.6792569160461426 0
    endloop
  endfacet
  facet normal 0 0 -1
    outer loop
      vertex -15.716595649719238 2.9981002807617188 0
      vertex -3.560791015625 0.6792569160461426 0
      vertex -3.5669331550598145 0.6404769420623779 0
    endloop
  endfacet
  facet normal 0 0 -1
    outer loop
      vertex -15.716595649719238 2.9981002807617188 0
      vertex -3.5669331550598145 0.6404769420623779 0
      vertex -3.5964152812957764 0.4543323516845703 0
    endloop
  endfacet
  facet normal 0 0 -1
    outer loop
      vertex -15.873834609985352 2.005331039428711 0
      vertex -3.5964152812957764 0.4543323516845703 0
      vertex -3.6141514778137207 0.2667043209075928 0
    endloop
  endfacet
  facet normal 0 0 -1
    outer loop
      vertex -15.968426704406738 1.004648208618164 0
      vertex -3.6141514778137207 0.2667043209075928 0
      vertex -3.6178464889526367 0.2276151180267334 0
    endloop
  endfacet
  facet normal 0 0 -1
    outer loop
      vertex -0.8631820678710938 3.519678831100464 0
      vertex -3.979037284851074 15.497329711914062 0
      vertex -2.9981002807617188 15.716595649719238 0
    endloop
  endfacet
  facet normal 0 0 -1
    outer loop
      vertex -15.968426704406738 1.004648208618164 0
      vertex -3.6178464889526367 0.2276151180267334 0
      vertex -3.6237666606903076 0.03924393653869629 0
    endloop
  endfacet
  facet normal 0 0 -1
    outer loop
      vertex -16 0 0
      vertex -3.6237666606903076 0.03924393653869629 0
      vertex -3.625 0 0
    endloop
  endfacet
  facet normal 0 0 -1
    outer loop
      vertex -3.2799973487854004 -1.5434491634368896 0
      vertex -14.477231979370117 -6.812468528747559 0
      vertex -3.295590877532959 -1.5074150562286377 0
    endloop
  endfacet
  facet normal 0 0 -1
    outer loop
      vertex -3.295590877532959 -1.5074150562286377 0
      vertex -14.477231979370117 -6.812468528747559 0
      vertex -3.3704395294189453 -1.3344511985778809 0
    endloop
  endfacet
  facet normal 0 0 -1
    outer loop
      vertex -1.082481861114502 3.458533763885498 0
      vertex -4.944271087646484 15.216903686523438 0
      vertex -3.979037284851074 15.497329711914062 0
    endloop
  endfacet
  facet normal 0 0 -1
    outer loop
      vertex -14.876422882080078 -5.889992713928223 0
      vertex -3.3704395294189453 -1.3344511985778809 0
      vertex -14.477231979370117 -6.812468528747559 0
    endloop
  endfacet
  facet normal 0 0 -1
    outer loop
      vertex -1.3344511985778809 3.3704395294189453 0
      vertex -5.889992713928223 14.876422882080078 0
      vertex -4.944271087646484 15.216903686523438 0
    endloop
  endfacet
  facet normal 0 0 -1
    outer loop
      vertex -3.3704395294189453 -1.3344511985778809 0
      vertex -14.876422882080078 -5.889992713928223 0
      vertex -3.434279680252075 -1.1571285724639893 0
    endloop
  endfacet
  facet normal 0 0 -1
    outer loop
      vertex -1.5074150562286377 3.295590877532959 0
      vertex -6.812468528747559 14.477231979370117 0
      vertex -5.889992713928223 14.876422882080078 0
    endloop
  endfacet
  facet normal 0 0 -1
    outer loop
      vertex -15.216903686523438 -4.944271087646484 0
      vertex -3.434279680252075 -1.1571285724639893 0
      vertex -14.876422882080078 -5.889992713928223 0
    endloop
  endfacet
  facet normal 0 0 -1
    outer loop
      vertex -1.746356725692749 3.1766111850738525 0
      vertex -7.7080583572387695 14.020906448364258 0
      vertex -6.812468528747559 14.477231979370117 0
    endloop
  endfacet
  facet normal 0 0 -1
    outer loop
      vertex -3.434279680252075 -1.1571285724639893 0
      vertex -15.216903686523438 -4.944271087646484 0
      vertex -3.4475796222686768 -1.1201863288879395 0
    endloop
  endfacet
  facet normal 0 0 -1
    outer loop
      vertex -1.9085760116577148 3.080674648284912 0
      vertex -8.573227882385254 13.509245872497559 0
      vertex -7.7080583572387695 14.020906448364258 0
    endloop
  endfacet
  facet normal 0 0 -1
    outer loop
      vertex -3.4475796222686768 -1.1201863288879395 0
      vertex -15.216903686523438 -4.944271087646484 0
      vertex -3.458533763885498 -1.082481861114502 0
    endloop
  endfacet
  facet normal 0 0 -1
    outer loop
      vertex -2.0982472896575928 2.9547555446624756 0
      vertex -9.404563903808594 12.944271087646484 0
      vertex -8.573227882385254 13.509245872497559 0
    endloop
  endfacet
  facet normal 0 0 -1
    outer loop
      vertex -3.458533763885498 -1.082481861114502 0
      vertex -15.216903686523438 -4.944271087646484 0
      vertex -3.5111136436462402 -0.9014999866485596 0
    endloop
  endfacet
  facet normal 0 0 -1
    outer loop
      vertex -2.3106610774993896 2.793109893798828 0
      vertex -10.198782920837402 12.328211784362793 0
      vertex -9.404563903808594 12.944271087646484 0
    endloop
  endfacet
  facet normal 0 0 -1
    outer loop
      vertex -15.497329711914062 -3.979037284851074 0
      vertex -3.5111136436462402 -0.9014999866485596 0
      vertex -15.216903686523438 -4.944271087646484 0
    endloop
  endfacet
  facet normal 0 0 -1
    outer loop
      vertex -2.452030658721924 2.6684765815734863 0
      vertex -10.952753067016602 11.663497924804688 0
      vertex -10.198782920837402 12.328211784362793 0
    endloop
  endfacet
  facet normal 0 0 -1
    outer loop
      vertex -3.5111136436462402 -0.9014999866485596 0
      vertex -15.497329711914062 -3.979037284851074 0
      vertex -3.519678831100464 -0.8631820678710938 0
    endloop
  endfacet
  facet normal 0 0 -1
    outer loop
      vertex -2.6425111293792725 2.481482744216919 0
      vertex -11.663497924804688 10.952753067016602 0
      vertex -10.952753067016602 11.663497924804688 0
    endloop
  endfacet
  facet normal 0 0 -1
    outer loop
      vertex -3.519678831100464 -0.8631820678710938 0
      vertex -15.497329711914062 -3.979037284851074 0
      vertex -3.560791015625 -0.6792569160461426 0
    endloop
  endfacet
  facet normal 0 0 -1
    outer loop
      vertex -2.793109893798828 2.3106610774993896 0
      vertex -12.328211784362793 10.198782920837402 0
      vertex -11.663497924804688 10.952753067016602 0
    endloop
  endfacet
  facet normal 0 0 -1
    outer loop
      vertex -15.716595649719238 -2.9981002807617188 0
      vertex -3.560791015625 -0.6792569160461426 0
      vertex -15.497329711914062 -3.979037284851074 0
    endloop
  endfacet
  facet normal 0 0 -1
    outer loop
      vertex -2.9086215496063232 2.161745548248291 0
      vertex -12.944271087646484 9.404563903808594 0
      vertex -12.328211784362793 10.198782920837402 0
    endloop
  endfacet
  facet normal 0 0 -1
    outer loop
      vertex -3.560791015625 -0.6792569160461426 0
      vertex -15.716595649719238 -2.9981002807617188 0
      vertex -3.5669331550598145 -0.6404769420623779 0
    endloop
  endfacet
  facet normal 0 0 -1
    outer loop
      vertex -3.060687780380249 1.9423716068267822 0
      vertex -13.509245872497559 8.573227882385254 0
      vertex -12.944271087646484 9.404563903808594 0
    endloop
  endfacet
  facet normal 0 0 -1
    outer loop
      vertex -3.5669331550598145 -0.6404769420623779 0
      vertex -15.716595649719238 -2.9981002807617188 0
      vertex -3.5964152812957764 -0.4543323516845703 0
    endloop
  endfacet
  facet normal 0 0 -1
    outer loop
      vertex -3.1766111850738525 1.746356725692749 0
      vertex -14.020906448364258 7.7080583572387695 0
      vertex -13.509245872497559 8.573227882385254 0
    endloop
  endfacet
  facet normal 0 0 -1
    outer loop
      vertex -15.873834609985352 -2.005331039428711 0
      vertex -3.5964152812957764 -0.4543323516845703 0
      vertex -15.716595649719238 -2.9981002807617188 0
    endloop
  endfacet
  facet normal 0 0 -1
    outer loop
      vertex -3.262172222137451 1.5784332752227783 0
      vertex -14.477231979370117 6.812468528747559 0
      vertex -14.020906448364258 7.7080583572387695 0
    endloop
  endfacet
  facet normal 0 0 -1
    outer loop
      vertex -3.5964152812957764 -0.4543323516845703 0
      vertex -15.873834609985352 -2.005331039428711 0
      vertex -3.6141514778137207 -0.2667043209075928 0
    endloop
  endfacet
  facet normal 0 0 -1
    outer loop
      vertex -3.3704395294189453 1.3344511985778809 0
      vertex -14.876422882080078 5.889992713928223 0
      vertex -14.477231979370117 6.812468528747559 0
    endloop
  endfacet
  facet normal 0 0 -1
    outer loop
      vertex -15.968426704406738 -1.004648208618164 0
      vertex -3.6141514778137207 -0.2667043209075928 0
      vertex -15.873834609985352 -2.005331039428711 0
    endloop
  endfacet
  facet normal 0 0 -1
    outer loop
      vertex -3.434279680252075 1.1571285724639893 0
      vertex -15.216903686523438 4.944271087646484 0
      vertex -14.876422882080078 5.889992713928223 0
    endloop
  endfacet
  facet normal 0 0 -1
    outer loop
      vertex -3.6141514778137207 -0.2667043209075928 0
      vertex -15.968426704406738 -1.004648208618164 0
      vertex -3.6178464889526367 -0.2276151180267334 0
    endloop
  endfacet
  facet normal 0 0 -1
    outer loop
      vertex -3.5111136436462402 0.9014999866485596 0
      vertex -15.497329711914062 3.979037284851074 0
      vertex -15.216903686523438 4.944271087646484 0
    endloop
  endfacet
  facet normal 0 0 -1
    outer loop
      vertex -3.6178464889526367 -0.2276151180267334 0
      vertex -15.968426704406738 -1.004648208618164 0
      vertex -3.6237666606903076 -0.03924393653869629 0
    endloop
  endfacet
  facet normal 0 0 -1
    outer loop
      vertex -3.560791015625 0.6792569160461426 0
      vertex -15.716595649719238 2.9981002807617188 0
      vertex -15.497329711914062 3.979037284851074 0
    endloop
  endfacet
  facet normal 0 0 -1
    outer loop
      vertex -16 0 0
      vertex -3.6237666606903076 -0.03924393653869629 0
      vertex -15.968426704406738 -1.004648208618164 0
    endloop
  endfacet
  facet normal 0 0 -1
    outer loop
      vertex -3.5964152812957764 0.4543323516845703 0
      vertex -15.873834609985352 2.005331039428711 0
      vertex -15.716595649719238 2.9981002807617188 0
    endloop
  endfacet
  facet normal 0 0 -1
    outer loop
      vertex -3.6237666606903076 -0.03924393653869629 0
      vertex -16 0 0
      vertex -3.625 0 0
    endloop
  endfacet
  facet normal 0 0 -1
    outer loop
      vertex -3.6141514778137207 0.2667043209075928 0
      vertex -15.968426704406738 1.004648208618164 0
      vertex -15.873834609985352 2.005331039428711 0
    endloop
  endfacet
  facet normal 0 0 -1
    outer loop
      vertex -3.6237666606903076 0.03924393653869629 0
      vertex -16 0 0
      vertex -15.968426704406738 1.004648208618164 0
    endloop
  endfacet
  facet normal -0.377800085934459 0.7414748708453535 -0.5545106950932343
    outer loop
      vertex -6.812468528747559 14.477231979370117 0
      vertex -7.7080583572387695 14.020906448364258 0
      vertex -7.664027214050293 16.28688621520996 3
    endloop
  endfacet
  facet normal -0.07831631238919394 0.8284833873272534 -0.5545104436676721
    outer loop
      vertex -2.005331039428711 15.873834609985352 0
      vertex -2.255997657775879 17.858062744140625 3
      vertex -1.1302289962768555 17.964481353759766 3
    endloop
  endfacet
  facet normal -0.13017916171569086 0.8219315925371269 -0.5545104535032523
    outer loop
      vertex -2.005331039428711 15.873834609985352 0
      vertex -3.3728628158569336 17.681171417236328 3
      vertex -2.255997657775879 17.858062744140625 3
    endloop
  endfacet
  facet normal 0.33049711027129874 0.7637338151327183 -0.5545108833243438
    outer loop
      vertex 6.812468528747559 14.477231979370117 0
      vertex 5.889992713928223 14.876422882080078 0
      vertex 6.626241683959961 16.735977172851562 3
    endloop
  endfacet
  facet normal -0.02613912952527928 -0.831765994883035 -0.5545106632553567
    outer loop
      vertex 0 -18 3
      vertex -1.1302289962768555 -17.964481353759766 3
      vertex 0 -16 0
    endloop
  endfacet
  facet normal 0.588437752422326 -0.588437752422326 -0.5545106158121075
    outer loop
      vertex 13.121435165405273 -12.321846961975098 3
      vertex 10.952753067016602 -11.663497924804688 0
      vertex 11.663497924804688 -10.952753067016602 0
    endloop
  endfacet
  facet normal 0.588437752422326 -0.588437752422326 -0.5545106158121074
    outer loop
      vertex 10.952753067016602 -11.663497924804688 0
      vertex 13.121435165405273 -12.321846961975098 3
      vertex 12.321846961975098 -13.121435165405273 3
    endloop
  endfacet
  facet normal 0.46775239576070343 -0.6882772434686489 -0.5545107143990281
    outer loop
      vertex 9.644882202148438 -15.197901725769043 3
      vertex 9.404563903808594 -12.944271087646484 0
      vertex 10.580134391784668 -14.562305450439453 3
    endloop
  endfacet
  facet normal -0.7414748708453535 0.377800085934459 -0.5545106950932343
    outer loop
      vertex -14.477231979370117 6.812468528747559 0
      vertex -16.28688621520996 7.664027214050293 3
      vertex -14.020906448364258 7.7080583572387695 0
    endloop
  endfacet
  facet normal 0.7162893385407534 0.42361248002842394 -0.5545106403460787
    outer loop
      vertex 15.773519515991211 8.671566009521484 3
      vertex 14.020906448364258 7.7080583572387695 0
      vertex 15.197901725769043 9.644882202148438 3
    endloop
  endfacet
  facet normal -0.7637336339255775 0.33049783322078446 -0.5545107020132238
    outer loop
      vertex -14.477231979370117 6.812468528747559 0
      vertex -16.735977172851562 6.626241683959961 3
      vertex -16.28688621520996 7.664027214050293 3
    endloop
  endfacet
  facet normal 0.688277297811551 -0.4677522785349651 -0.5545107458314745
    outer loop
      vertex 15.197901725769043 -9.644882202148438 3
      vertex 12.944271087646484 -9.404563903808594 0
      vertex 13.509245872497559 -8.573227882385254 0
    endloop
  endfacet
  facet normal 0.6882772434686489 -0.46775239576070343 -0.5545107143990281
    outer loop
      vertex 14.562305450439453 -10.580134391784668 3
      vertex 12.944271087646484 -9.404563903808594 0
      vertex 15.197901725769043 -9.644882202148438 3
    endloop
  endfacet
  facet normal 0.8219310213988535 0.13018088578337508 -0.5545108953292922
    outer loop
      vertex 15.873834609985352 2.005331039428711 0
      vertex 15.716595649719238 2.9981002807617188 0
      vertex 17.681171417236328 3.3728628158569336 3
    endloop
  endfacet
  facet normal -0.4236127948932222 -0.7162890750043365 -0.5545107402315891
    outer loop
      vertex -7.7080583572387695 -14.020906448364258 0
      vertex -9.644882202148438 -15.197901725769043 3
      vertex -8.573227882385254 -13.509245872497559 0
    endloop
  endfacet
  facet normal -0.42361248002842394 -0.7162893385407534 -0.5545106403460787
    outer loop
      vertex -8.671566009521484 -15.773519515991211 3
      vertex -9.644882202148438 -15.197901725769043 3
      vertex -7.7080583572387695 -14.020906448364258 0
    endloop
  endfacet
  facet normal -0.6242250151823941 0.5503281809993413 -0.5545106163262303
    outer loop
      vertex -12.328211784362793 10.198782920837402 0
      vertex -13.121435165405273 12.321846961975098 3
      vertex -11.663497924804688 10.952753067016602 0
    endloop
  endfacet
  facet normal -0.33049783322078446 -0.7637336339255775 -0.5545107020132238
    outer loop
      vertex -6.626241683959961 -16.735977172851562 3
      vertex -7.664027214050293 -16.28688621520996 3
      vertex -6.812468528747559 -14.477231979370117 0
    endloop
  endfacet
  facet normal -0.8219315925371269 0.13017916171569086 -0.5545104535032523
    outer loop
      vertex -15.873834609985352 2.005331039428711 0
      vertex -17.858062744140625 2.255997657775879 3
      vertex -17.681171417236328 3.3728628158569336 3
    endloop
  endfacet
  facet normal -0.4236127948932222 0.7162890750043365 -0.5545107402315891
    outer loop
      vertex -8.573227882385254 13.509245872497559 0
      vertex -9.644882202148438 15.197901725769043 3
      vertex -7.7080583572387695 14.020906448364258 0
    endloop
  endfacet
  facet normal -0.8284832622699511 0.07831449142352141 -0.5545108876943851
    outer loop
      vertex -15.968426704406738 1.004648208618164 0
      vertex -17.964481353759766 1.1302289962768555 3
      vertex -15.873834609985352 2.005331039428711 0
    endloop
  endfacet
  facet normal -0.6242250151823941 -0.5503281809993413 -0.5545106163262303
    outer loop
      vertex -11.663497924804688 -10.952753067016602 0
      vertex -13.121435165405273 -12.321846961975098 3
      vertex -12.328211784362793 -10.198782920837402 0
    endloop
  endfacet
  facet normal -0.588437752422326 -0.588437752422326 -0.5545106158121075
    outer loop
      vertex -10.952753067016602 -11.663497924804688 0
      vertex -13.121435165405273 -12.321846961975098 3
      vertex -11.663497924804688 -10.952753067016602 0
    endloop
  endfacet
  facet normal -0.588437752422326 -0.588437752422326 -0.5545106158121074
    outer loop
      vertex -13.121435165405273 -12.321846961975098 3
      vertex -10.952753067016602 -11.663497924804688 0
      vertex -12.321846961975098 -13.121435165405273 3
    endloop
  endfacet
  facet normal -0.7414747991649953 0.3778003109281791 -0.5545106376489103
    outer loop
      vertex -14.020906448364258 7.7080583572387695 0
      vertex -16.28688621520996 7.664027214050293 3
      vertex -15.773519515991211 8.671566009521484 3
    endloop
  endfacet
  facet normal -0.5100472221778901 0.6575483359953477 -0.5545106103388531
    outer loop
      vertex -10.198782920837402 12.328211784362793 0
      vertex -11.473630905151367 13.869237899780273 3
      vertex -10.580134391784668 14.562305450439453 3
    endloop
  endfacet
  facet normal -0.46775239576070343 0.6882772434686489 -0.5545107143990281
    outer loop
      vertex -9.404563903808594 12.944271087646484 0
      vertex -10.580134391784668 14.562305450439453 3
      vertex -9.644882202148438 15.197901725769043 3
    endloop
  endfacet
  facet normal -0.8219315925371269 -0.13017916171569086 -0.5545104535032523
    outer loop
      vertex -17.681171417236328 -3.3728628158569336 3
      vertex -17.858062744140625 -2.255997657775879 3
      vertex -15.873834609985352 -2.005331039428711 0
    endloop
  endfacet
  facet normal -0.7414747991649953 -0.3778003109281791 -0.5545106376489103
    outer loop
      vertex -15.773519515991211 -8.671566009521484 3
      vertex -16.28688621520996 -7.664027214050293 3
      vertex -14.020906448364258 -7.7080583572387695 0
    endloop
  endfacet
  facet normal -0.7162890750043365 -0.4236127948932222 -0.5545107402315891
    outer loop
      vertex -13.509245872497559 -8.573227882385254 0
      vertex -15.197901725769043 -9.644882202148438 3
      vertex -14.020906448364258 -7.7080583572387695 0
    endloop
  endfacet
  facet normal -0.18153407772232708 0.8121347808216671 -0.5545110246020782
    outer loop
      vertex -3.979037284851074 15.497329711914062 0
      vertex -4.476417541503906 17.434497833251953 3
      vertex -2.9981002807617188 15.716595649719238 0
    endloop
  endfacet
  facet normal -0.7162893385407534 0.42361248002842394 -0.5545106403460787
    outer loop
      vertex -14.020906448364258 7.7080583572387695 0
      vertex -15.773519515991211 8.671566009521484 3
      vertex -15.197901725769043 9.644882202148438 3
    endloop
  endfacet
  facet normal -0.7991337928113122 -0.23216956619671042 -0.5545110221799365
    outer loop
      vertex -15.216903686523438 -4.944271087646484 0
      vertex -17.434497833251953 -4.476417541503906 3
      vertex -15.497329711914062 -3.979037284851074 0
    endloop
  endfacet
  facet normal -0.33049711027129874 0.7637338151327183 -0.5545108833243438
    outer loop
      vertex -5.889992713928223 14.876422882080078 0
      vertex -6.812468528747559 14.477231979370117 0
      vertex -6.626241683959961 16.735977172851562 3
    endloop
  endfacet
  facet normal 0.28188903034712554 0.7829792311084873 -0.5545106835965556
    outer loop
      vertex 6.626241683959961 16.735977172851562 3
      vertex 4.944271087646484 15.216903686523438 0
      vertex 5.562305450439453 17.119016647338867 3
    endloop
  endfacet
  facet normal 0.688277297811551 0.4677522785349651 -0.5545107458314745
    outer loop
      vertex 13.509245872497559 8.573227882385254 0
      vertex 12.944271087646484 9.404563903808594 0
      vertex 15.197901725769043 9.644882202148438 3
    endloop
  endfacet
  facet normal -0.026140083138360595 -0.8317658072947102 -0.5545108996844865
    outer loop
      vertex 0 -16 0
      vertex -1.1302289962768555 -17.964481353759766 3
      vertex -1.004648208618164 -15.968426704406738 0
    endloop
  endfacet
  facet normal 0.7829792311084873 0.28188903034712554 -0.5545106835965556
    outer loop
      vertex 17.119016647338867 5.562305450439453 3
      vertex 15.216903686523438 4.944271087646484 0
      vertex 16.735977172851562 6.626241683959961 3
    endloop
  endfacet
  facet normal 0.7637338151327183 0.33049711027129874 -0.5545108833243438
    outer loop
      vertex 14.876422882080078 5.889992713928223 0
      vertex 14.477231979370117 6.812468528747559 0
      vertex 16.735977172851562 6.626241683959961 3
    endloop
  endfacet
  facet normal 0.5503281660074225 0.6242250335176855 -0.554510610564623
    outer loop
      vertex 12.321846961975098 13.121435165405273 3
      vertex 10.198782920837402 12.328211784362793 0
      vertex 11.473630905151367 13.869237899780273 3
    endloop
  endfacet
  facet normal 0.5503281809993413 0.6242250151823941 -0.5545106163262303
    outer loop
      vertex 10.952753067016602 11.663497924804688 0
      vertex 10.198782920837402 12.328211784362793 0
      vertex 12.321846961975098 13.121435165405273 3
    endloop
  endfacet
  facet normal -0.688277297811551 0.4677522785349651 -0.5545107458314745
    outer loop
      vertex -13.509245872497559 8.573227882385254 0
      vertex -15.197901725769043 9.644882202148438 3
      vertex -12.944271087646484 9.404563903808594 0
    endloop
  endfacet
  facet normal -0.6882772434686489 0.46775239576070343 -0.5545107143990281
    outer loop
      vertex -12.944271087646484 9.404563903808594 0
      vertex -15.197901725769043 9.644882202148438 3
      vertex -14.562305450439453 10.580134391784668 3
    endloop
  endfacet
  facet normal -0.4677522785349651 0.688277297811551 -0.5545107458314745
    outer loop
      vertex -9.404563903808594 12.944271087646484 0
      vertex -9.644882202148438 15.197901725769043 3
      vertex -8.573227882385254 13.509245872497559 0
    endloop
  endfacet
  facet normal -0.07831449142352141 -0.8284832622699511 -0.5545108876943851
    outer loop
      vertex -1.1302289962768555 -17.964481353759766 3
      vertex -2.005331039428711 -15.873834609985352 0
      vertex -1.004648208618164 -15.968426704406738 0
    endloop
  endfacet
  facet normal 0.657548544441073 0.5100468378093231 -0.554510716708105
    outer loop
      vertex 12.944271087646484 9.404563903808594 0
      vertex 12.328211784362793 10.198782920837402 0
      vertex 14.562305450439453 10.580134391784668 3
    endloop
  endfacet
  facet normal 0.5503281660074225 -0.6242250335176855 -0.554510610564623
    outer loop
      vertex 11.473630905151367 -13.869237899780273 3
      vertex 10.198782920837402 -12.328211784362793 0
      vertex 12.321846961975098 -13.121435165405273 3
    endloop
  endfacet
  facet normal -0.377800085934459 -0.7414748708453535 -0.5545106950932343
    outer loop
      vertex -7.664027214050293 -16.28688621520996 3
      vertex -7.7080583572387695 -14.020906448364258 0
      vertex -6.812468528747559 -14.477231979370117 0
    endloop
  endfacet
  facet normal -0.42361248002842394 0.7162893385407534 -0.5545106403460787
    outer loop
      vertex -7.7080583572387695 14.020906448364258 0
      vertex -9.644882202148438 15.197901725769043 3
      vertex -8.671566009521484 15.773519515991211 3
    endloop
  endfacet
  facet normal 0.4236127948932222 -0.7162890750043365 -0.5545107402315891
    outer loop
      vertex 9.644882202148438 -15.197901725769043 3
      vertex 7.7080583572387695 -14.020906448364258 0
      vertex 8.573227882385254 -13.509245872497559 0
    endloop
  endfacet
  facet normal -0.7637336339255775 -0.33049783322078446 -0.5545107020132238
    outer loop
      vertex -16.28688621520996 -7.664027214050293 3
      vertex -16.735977172851562 -6.626241683959961 3
      vertex -14.477231979370117 -6.812468528747559 0
    endloop
  endfacet
  facet normal 0.8121347808216671 0.18153407772232708 -0.5545110246020782
    outer loop
      vertex 15.716595649719238 2.9981002807617188 0
      vertex 15.497329711914062 3.979037284851074 0
      vertex 17.434497833251953 4.476417541503906 3
    endloop
  endfacet
  facet normal 0.7991337928113122 0.23216956619671042 -0.5545110221799365
    outer loop
      vertex 15.497329711914062 3.979037284851074 0
      vertex 15.216903686523438 4.944271087646484 0
      vertex 17.434497833251953 4.476417541503906 3
    endloop
  endfacet
  facet normal 0.6242250335176855 0.5503281660074225 -0.554510610564623
    outer loop
      vertex 13.869237899780273 11.473630905151367 3
      vertex 12.328211784362793 10.198782920837402 0
      vertex 13.121435165405273 12.321846961975098 3
    endloop
  endfacet
  facet normal -0.1564343398075595 -0.9876883604300362 0
    outer loop
      vertex 0.31333255767822266 2.4802865982055664 3
      vertex 0.46845245361328125 2.4557180404663086 43
      vertex 0.31333255767822266 2.4802865982055664 43
    endloop
  endfacet
  facet normal -0.1564343398075595 -0.9876883604300362 0
    outer loop
      vertex 0.46845245361328125 2.4557180404663086 43
      vertex 0.31333255767822266 2.4802865982055664 3
      vertex 0.46845245361328125 2.4557180404663086 3
    endloop
  endfacet
  facet normal -0.3971517116315226 -0.9177529721815952 0
    outer loop
      vertex 0.9203109741210938 2.3244409561157227 3
      vertex 1.0644474029541016 2.2620668411254883 43
      vertex 0.9203109741210938 2.3244409561157227 43
    endloop
  endfacet
  facet normal -0.3971517116315226 -0.9177529721815952 0
    outer loop
      vertex 1.0644474029541016 2.2620668411254883 43
      vertex 0.9203109741210938 2.3244409561157227 3
      vertex 1.0644474029541016 2.2620668411254883 3
    endloop
  endfacet
  facet normal -0.5620812925732648 0.8270819914247729 0
    outer loop
      vertex 1.4694623947143555 -2.0225419998168945 3
      vertex 1.3395662307739258 -2.110818862915039 43
      vertex 1.4694623947143555 -2.0225419998168945 43
    endloop
  endfacet
  facet normal -0.5620812925732648 0.8270819914247729 0
    outer loop
      vertex 1.3395662307739258 -2.110818862915039 43
      vertex 1.4694623947143555 -2.0225419998168945 3
      vertex 1.3395662307739258 -2.110818862915039 3
    endloop
  endfacet
  facet normal -0.3387360250723312 -0.9408814512563191 0
    outer loop
      vertex 0.7725419998168945 2.377640724182129 3
      vertex 0.9203109741210938 2.3244409561157227 43
      vertex 0.7725419998168945 2.377640724182129 43
    endloop
  endfacet
  facet normal -0.3387360250723312 -0.9408814512563191 0
    outer loop
      vertex 0.9203109741210938 2.3244409561157227 43
      vertex 0.7725419998168945 2.377640724182129 3
      vertex 0.9203109741210938 2.3244409561157227 3
    endloop
  endfacet
  facet normal -0.9955619799509916 0.09410815095442854 0
    outer loop
      vertex 2.4802865982055664 -0.31333255767822266 3
      vertex 2.4950666427612305 -0.15697574615478516 43
      vertex 2.4950666427612305 -0.15697574615478516 3
    endloop
  endfacet
  facet normal -0.9955619799509916 0.09410815095442854 0
    outer loop
      vertex 2.4950666427612305 -0.15697574615478516 43
      vertex 2.4802865982055664 -0.31333255767822266 3
      vertex 2.4802865982055664 -0.31333255767822266 43
    endloop
  endfacet
  facet normal -0.7501117513879908 0.6613110920207229 0
    outer loop
      vertex 1.8224210739135742 -1.7113676071166992 3
      vertex 1.9262828826904297 -1.5935592651367188 43
      vertex 1.9262828826904297 -1.5935592651367188 3
    endloop
  endfacet
  facet normal -0.7501117513879908 0.6613110920207229 0
    outer loop
      vertex 1.9262828826904297 -1.5935592651367188 43
      vertex 1.8224210739135742 -1.7113676071166992 3
      vertex 1.8224210739135742 -1.7113676071166992 43
    endloop
  endfacet
  facet normal 0.8910082615267136 -0.45398709000492876 0
    outer loop
      vertex -2.2620668411254883 1.0644474029541016 43
      vertex -2.1907663345336914 1.2043838500976562 3
      vertex -2.1907663345336914 1.2043838500976562 43
    endloop
  endfacet
  facet normal 0.8910082615267136 -0.45398709000492876 0
    outer loop
      vertex -2.1907663345336914 1.2043838500976562 3
      vertex -2.2620668411254883 1.0644474029541016 43
      vertex -2.2620668411254883 1.0644474029541016 3
    endloop
  endfacet
  facet normal 0.45398709000492876 -0.8910082615267136 0
    outer loop
      vertex -1.2043838500976562 2.1907663345336914 3
      vertex -1.0644474029541016 2.2620668411254883 43
      vertex -1.2043838500976562 2.1907663345336914 43
    endloop
  endfacet
  facet normal 0.45398709000492876 -0.8910082615267136 0
    outer loop
      vertex -1.0644474029541016 2.2620668411254883 43
      vertex -1.2043838500976562 2.1907663345336914 3
      vertex -1.0644474029541016 2.2620668411254883 3
    endloop
  endfacet
  facet normal 0.9602938145733177 0.2789906623746148 0
    outer loop
      vertex -2.377640724182129 -0.7725419998168945 43
      vertex -2.421457290649414 -0.6217241287231445 3
      vertex -2.421457290649414 -0.6217241287231445 43
    endloop
  endfacet
  facet normal 0.9602938145733177 0.2789906623746148 0
    outer loop
      vertex -2.421457290649414 -0.6217241287231445 3
      vertex -2.377640724182129 -0.7725419998168945 43
      vertex -2.377640724182129 -0.7725419998168945 3
    endloop
  endfacet
  facet normal -0.218146099784683 -0.9759161230089045 0
    outer loop
      vertex 0.46845245361328125 2.4557180404663086 3
      vertex 0.6217241287231445 2.421457290649414 43
      vertex 0.46845245361328125 2.4557180404663086 43
    endloop
  endfacet
  facet normal -0.218146099784683 -0.9759161230089045 0
    outer loop
      vertex 0.6217241287231445 2.421457290649414 43
      vertex 0.46845245361328125 2.4557180404663086 3
      vertex 0.6217241287231445 2.421457290649414 3
    endloop
  endfacet
  facet normal -0.9876883604300362 0.1564343398075595 0
    outer loop
      vertex 2.4557180404663086 -0.46845245361328125 3
      vertex 2.4802865982055664 -0.31333255767822266 43
      vertex 2.4802865982055664 -0.31333255767822266 3
    endloop
  endfacet
  facet normal -0.9876883604300362 0.1564343398075595 0
    outer loop
      vertex 2.4802865982055664 -0.31333255767822266 43
      vertex 2.4557180404663086 -0.46845245361328125 3
      vertex 2.4557180404663086 -0.46845245361328125 43
    endloop
  endfacet
  facet normal 0.9995065212485803 0.03141200378137986 0
    outer loop
      vertex -2.4950666427612305 -0.15697574615478516 43
      vertex -2.5 0 3
      vertex -2.5 0 43
    endloop
  endfacet
  facet normal 0.9995065212485803 0.03141200378137986 0
    outer loop
      vertex -2.5 0 3
      vertex -2.4950666427612305 -0.15697574615478516 43
      vertex -2.4950666427612305 -0.15697574615478516 3
    endloop
  endfacet
  facet normal 0.9759161230089045 0.218146099784683 0
    outer loop
      vertex -2.421457290649414 -0.6217241287231445 43
      vertex -2.4557180404663086 -0.46845245361328125 3
      vertex -2.4557180404663086 -0.46845245361328125 43
    endloop
  endfacet
  facet normal 0.9759161230089045 0.218146099784683 0
    outer loop
      vertex -2.4557180404663086 -0.46845245361328125 3
      vertex -2.421457290649414 -0.6217241287231445 43
      vertex -2.421457290649414 -0.6217241287231445 3
    endloop
  endfacet
  facet normal -0.9759161230089045 0.218146099784683 0
    outer loop
      vertex 2.421457290649414 -0.6217241287231445 3
      vertex 2.4557180404663086 -0.46845245361328125 43
      vertex 2.4557180404663086 -0.46845245361328125 3
    endloop
  endfacet
  facet normal -0.9759161230089045 0.218146099784683 0
    outer loop
      vertex 2.4557180404663086 -0.46845245361328125 43
      vertex 2.421457290649414 -0.6217241287231445 3
      vertex 2.421457290649414 -0.6217241287231445 43
    endloop
  endfacet
  facet normal 0.09410815095442854 -0.9955619799509916 0
    outer loop
      vertex -0.31333255767822266 2.4802865982055664 3
      vertex -0.15697574615478516 2.4950666427612305 43
      vertex -0.31333255767822266 2.4802865982055664 43
    endloop
  endfacet
  facet normal 0.09410815095442854 -0.9955619799509916 0
    outer loop
      vertex -0.15697574615478516 2.4950666427612305 43
      vertex -0.31333255767822266 2.4802865982055664 3
      vertex -0.15697574615478516 2.4950666427612305 3
    endloop
  endfacet
  facet normal -0.7071067811865475 0.7071067811865475 0
    outer loop
      vertex 1.7113676071166992 -1.8224210739135742 3
      vertex 1.8224210739135742 -1.7113676071166992 43
      vertex 1.8224210739135742 -1.7113676071166992 3
    endloop
  endfacet
  facet normal -0.7071067811865475 0.7071067811865475 0
    outer loop
      vertex 1.8224210739135742 -1.7113676071166992 43
      vertex 1.7113676071166992 -1.8224210739135742 3
      vertex 1.7113676071166992 -1.8224210739135742 43
    endloop
  endfacet
  facet normal 0.09410815095442854 0.9955619799509916 0
    outer loop
      vertex -0.15697574615478516 -2.4950666427612305 3
      vertex -0.31333255767822266 -2.4802865982055664 43
      vertex -0.15697574615478516 -2.4950666427612305 43
    endloop
  endfacet
  facet normal 0.09410815095442854 0.9955619799509916 0
    outer loop
      vertex -0.31333255767822266 -2.4802865982055664 43
      vertex -0.15697574615478516 -2.4950666427612305 3
      vertex -0.31333255767822266 -2.4802865982055664 3
    endloop
  endfacet
  facet normal -0.7901558839423498 -0.6129059300343599 0
    outer loop
      vertex 2.0225419998168945 1.4694623947143555 3
      vertex 1.9262828826904297 1.5935592651367188 43
      vertex 1.9262828826904297 1.5935592651367188 3
    endloop
  endfacet
  facet normal -0.7901558839423498 -0.6129059300343599 0
    outer loop
      vertex 1.9262828826904297 1.5935592651367188 43
      vertex 2.0225419998168945 1.4694623947143555 3
      vertex 2.0225419998168945 1.4694623947143555 43
    endloop
  endfacet
  facet normal -0.9995065212485803 -0.03141200378137986 0
    outer loop
      vertex 2.5 0 3
      vertex 2.4950666427612305 0.15697574615478516 43
      vertex 2.4950666427612305 0.15697574615478516 3
    endloop
  endfacet
  facet normal -0.9995065212485803 -0.03141200378137986 0
    outer loop
      vertex 2.4950666427612305 0.15697574615478516 43
      vertex 2.5 0 3
      vertex 2.5 0 43
    endloop
  endfacet
  facet normal -0.8910082615267136 0.45398709000492876 0
    outer loop
      vertex 2.1907663345336914 -1.2043838500976562 3
      vertex 2.2620668411254883 -1.0644474029541016 43
      vertex 2.2620668411254883 -1.0644474029541016 3
    endloop
  endfacet
  facet normal -0.8910082615267136 0.45398709000492876 0
    outer loop
      vertex 2.2620668411254883 -1.0644474029541016 43
      vertex 2.1907663345336914 -1.2043838500976562 3
      vertex 2.1907663345336914 -1.2043838500976562 43
    endloop
  endfacet
  facet normal -0.8910082615267136 -0.45398709000492876 0
    outer loop
      vertex 2.2620668411254883 1.0644474029541016 3
      vertex 2.1907663345336914 1.2043838500976562 43
      vertex 2.1907663345336914 1.2043838500976562 3
    endloop
  endfacet
  facet normal -0.8910082615267136 -0.45398709000492876 0
    outer loop
      vertex 2.1907663345336914 1.2043838500976562 43
      vertex 2.2620668411254883 1.0644474029541016 3
      vertex 2.2620668411254883 1.0644474029541016 43
    endloop
  endfacet
  facet normal 0.6613110920207229 0.7501117513879908 0
    outer loop
      vertex -1.5935592651367188 -1.9262828826904297 3
      vertex -1.7113676071166992 -1.8224210739135742 43
      vertex -1.5935592651367188 -1.9262828826904297 43
    endloop
  endfacet
  facet normal 0.6613110920207229 0.7501117513879908 0
    outer loop
      vertex -1.7113676071166992 -1.8224210739135742 43
      vertex -1.5935592651367188 -1.9262828826904297 3
      vertex -1.7113676071166992 -1.8224210739135742 3
    endloop
  endfacet
  facet normal 0.2789906623746148 -0.9602938145733177 0
    outer loop
      vertex -0.7725419998168945 2.377640724182129 3
      vertex -0.6217241287231445 2.421457290649414 43
      vertex -0.7725419998168945 2.377640724182129 43
    endloop
  endfacet
  facet normal 0.2789906623746148 -0.9602938145733177 0
    outer loop
      vertex -0.6217241287231445 2.421457290649414 43
      vertex -0.7725419998168945 2.377640724182129 3
      vertex -0.6217241287231445 2.421457290649414 3
    endloop
  endfacet
  facet normal 0.7071067811865475 0.7071067811865475 0
    outer loop
      vertex -1.7113676071166992 -1.8224210739135742 43
      vertex -1.8224210739135742 -1.7113676071166992 3
      vertex -1.8224210739135742 -1.7113676071166992 43
    endloop
  endfacet
  facet normal 0.7071067811865475 0.7071067811865475 0
    outer loop
      vertex -1.8224210739135742 -1.7113676071166992 3
      vertex -1.7113676071166992 -1.8224210739135742 43
      vertex -1.7113676071166992 -1.8224210739135742 3
    endloop
  endfacet
  facet normal 0.9955619799509916 0.09410815095442854 0
    outer loop
      vertex -2.4802865982055664 -0.31333255767822266 43
      vertex -2.4950666427612305 -0.15697574615478516 3
      vertex -2.4950666427612305 -0.15697574615478516 43
    endloop
  endfacet
  facet normal 0.9955619799509916 0.09410815095442854 0
    outer loop
      vertex -2.4950666427612305 -0.15697574615478516 3
      vertex -2.4802865982055664 -0.31333255767822266 43
      vertex -2.4802865982055664 -0.31333255767822266 3
    endloop
  endfacet
  facet normal 0.1564343398075595 -0.9876883604300362 0
    outer loop
      vertex -0.46845245361328125 2.4557180404663086 3
      vertex -0.31333255767822266 2.4802865982055664 43
      vertex -0.46845245361328125 2.4557180404663086 43
    endloop
  endfacet
  facet normal 0.1564343398075595 -0.9876883604300362 0
    outer loop
      vertex -0.31333255767822266 2.4802865982055664 43
      vertex -0.46845245361328125 2.4557180404663086 3
      vertex -0.31333255767822266 2.4802865982055664 3
    endloop
  endfacet
  facet normal -0.6129059300343599 0.7901558839423498 0
    outer loop
      vertex 1.5935592651367188 -1.9262828826904297 3
      vertex 1.4694623947143555 -2.0225419998168945 43
      vertex 1.5935592651367188 -1.9262828826904297 43
    endloop
  endfacet
  facet normal -0.6129059300343599 0.7901558839423498 0
    outer loop
      vertex 1.4694623947143555 -2.0225419998168945 43
      vertex 1.5935592651367188 -1.9262828826904297 3
      vertex 1.4694623947143555 -2.0225419998168945 3
    endloop
  endfacet
  facet normal -0.5090453525991072 0.8607396987459395 0
    outer loop
      vertex 1.3395662307739258 -2.110818862915039 3
      vertex 1.2043838500976562 -2.1907663345336914 43
      vertex 1.3395662307739258 -2.110818862915039 43
    endloop
  endfacet
  facet normal -0.5090453525991072 0.8607396987459395 0
    outer loop
      vertex 1.2043838500976562 -2.1907663345336914 43
      vertex 1.3395662307739258 -2.110818862915039 3
      vertex 1.2043838500976562 -2.1907663345336914 3
    endloop
  endfacet
  facet normal -0.45398709000492876 0.8910082615267136 0
    outer loop
      vertex 1.2043838500976562 -2.1907663345336914 3
      vertex 1.0644474029541016 -2.2620668411254883 43
      vertex 1.2043838500976562 -2.1907663345336914 43
    endloop
  endfacet
  facet normal -0.45398709000492876 0.8910082615267136 0
    outer loop
      vertex 1.0644474029541016 -2.2620668411254883 43
      vertex 1.2043838500976562 -2.1907663345336914 3
      vertex 1.0644474029541016 -2.2620668411254883 3
    endloop
  endfacet
  facet normal 0.8270819914247729 0.5620812925732648 0
    outer loop
      vertex -2.0225419998168945 -1.4694623947143555 43
      vertex -2.110818862915039 -1.3395662307739258 3
      vertex -2.110818862915039 -1.3395662307739258 43
    endloop
  endfacet
  facet normal 0.8270819914247729 0.5620812925732648 0
    outer loop
      vertex -2.110818862915039 -1.3395662307739258 3
      vertex -2.0225419998168945 -1.4694623947143555 43
      vertex -2.0225419998168945 -1.4694623947143555 3
    endloop
  endfacet
  facet normal 0.5620812925732648 0.8270819914247729 0
    outer loop
      vertex -1.3395662307739258 -2.110818862915039 3
      vertex -1.4694623947143555 -2.0225419998168945 43
      vertex -1.3395662307739258 -2.110818862915039 43
    endloop
  endfacet
  facet normal 0.5620812925732648 0.8270819914247729 0
    outer loop
      vertex -1.4694623947143555 -2.0225419998168945 43
      vertex -1.3395662307739258 -2.110818862915039 3
      vertex -1.4694623947143555 -2.0225419998168945 3
    endloop
  endfacet
  facet normal -0.03141200378137986 -0.9995065212485803 0
    outer loop
      vertex 0 2.5 3
      vertex 0.15697574615478516 2.4950666427612305 43
      vertex 0 2.5 43
    endloop
  endfacet
  facet normal -0.03141200378137986 -0.9995065212485803 0
    outer loop
      vertex 0.15697574615478516 2.4950666427612305 43
      vertex 0 2.5 3
      vertex 0.15697574615478516 2.4950666427612305 3
    endloop
  endfacet
  facet normal 0.7071067811865475 -0.7071067811865475 0
    outer loop
      vertex -1.8224210739135742 1.7113676071166992 43
      vertex -1.7113676071166992 1.8224210739135742 3
      vertex -1.7113676071166992 1.8224210739135742 43
    endloop
  endfacet
  facet normal 0.7071067811865475 -0.7071067811865475 0
    outer loop
      vertex -1.7113676071166992 1.8224210739135742 3
      vertex -1.8224210739135742 1.7113676071166992 43
      vertex -1.8224210739135742 1.7113676071166992 3
    endloop
  endfacet
  facet normal 0.3387360250723312 -0.9408814512563191 0
    outer loop
      vertex -0.9203109741210938 2.3244409561157227 3
      vertex -0.7725419998168945 2.377640724182129 43
      vertex -0.9203109741210938 2.3244409561157227 43
    endloop
  endfacet
  facet normal 0.3387360250723312 -0.9408814512563191 0
    outer loop
      vertex -0.7725419998168945 2.377640724182129 43
      vertex -0.9203109741210938 2.3244409561157227 3
      vertex -0.7725419998168945 2.377640724182129 3
    endloop
  endfacet
  facet normal 0.9876883604300362 0.1564343398075595 0
    outer loop
      vertex -2.4557180404663086 -0.46845245361328125 43
      vertex -2.4802865982055664 -0.31333255767822266 3
      vertex -2.4802865982055664 -0.31333255767822266 43
    endloop
  endfacet
  facet normal 0.9876883604300362 0.1564343398075595 0
    outer loop
      vertex -2.4802865982055664 -0.31333255767822266 3
      vertex -2.4557180404663086 -0.46845245361328125 43
      vertex -2.4557180404663086 -0.46845245361328125 3
    endloop
  endfacet
  facet normal -0.9177529721815952 -0.3971517116315226 0
    outer loop
      vertex 2.3244409561157227 0.9203109741210938 3
      vertex 2.2620668411254883 1.0644474029541016 43
      vertex 2.2620668411254883 1.0644474029541016 3
    endloop
  endfacet
  facet normal -0.9177529721815952 -0.3971517116315226 0
    outer loop
      vertex 2.2620668411254883 1.0644474029541016 43
      vertex 2.3244409561157227 0.9203109741210938 3
      vertex 2.3244409561157227 0.9203109741210938 43
    endloop
  endfacet
  facet normal -0.9602938145733177 0.2789906623746148 0
    outer loop
      vertex 2.377640724182129 -0.7725419998168945 3
      vertex 2.421457290649414 -0.6217241287231445 43
      vertex 2.421457290649414 -0.6217241287231445 3
    endloop
  endfacet
  facet normal -0.9602938145733177 0.2789906623746148 0
    outer loop
      vertex 2.421457290649414 -0.6217241287231445 43
      vertex 2.377640724182129 -0.7725419998168945 3
      vertex 2.377640724182129 -0.7725419998168945 43
    endloop
  endfacet
  facet normal 0.7501117513879908 -0.6613110920207229 0
    outer loop
      vertex -1.9262828826904297 1.5935592651367188 43
      vertex -1.8224210739135742 1.7113676071166992 3
      vertex -1.8224210739135742 1.7113676071166992 43
    endloop
  endfacet
  facet normal 0.7501117513879908 -0.6613110920207229 0
    outer loop
      vertex -1.8224210739135742 1.7113676071166992 3
      vertex -1.9262828826904297 1.5935592651367188 43
      vertex -1.9262828826904297 1.5935592651367188 3
    endloop
  endfacet
  facet normal -0.8270819914247729 -0.5620812925732648 0
    outer loop
      vertex 2.110818862915039 1.3395662307739258 3
      vertex 2.0225419998168945 1.4694623947143555 43
      vertex 2.0225419998168945 1.4694623947143555 3
    endloop
  endfacet
  facet normal -0.8270819914247729 -0.5620812925732648 0
    outer loop
      vertex 2.0225419998168945 1.4694623947143555 43
      vertex 2.110818862915039 1.3395662307739258 3
      vertex 2.110818862915039 1.3395662307739258 43
    endloop
  endfacet
  facet normal 0.9995065212485803 -0.03141200378137986 0
    outer loop
      vertex -2.5 0 43
      vertex -2.4950666427612305 0.15697574615478516 3
      vertex -2.4950666427612305 0.15697574615478516 43
    endloop
  endfacet
  facet normal 0.9995065212485803 -0.03141200378137986 0
    outer loop
      vertex -2.4950666427612305 0.15697574615478516 3
      vertex -2.5 0 43
      vertex -2.5 0 3
    endloop
  endfacet
  facet normal -0.03141200378137986 0.9995065212485803 0
    outer loop
      vertex 0.15697574615478516 -2.4950666427612305 3
      vertex 0 -2.5 43
      vertex 0.15697574615478516 -2.4950666427612305 43
    endloop
  endfacet
  facet normal -0.03141200378137986 0.9995065212485803 0
    outer loop
      vertex 0 -2.5 43
      vertex 0.15697574615478516 -2.4950666427612305 3
      vertex 0 -2.5 3
    endloop
  endfacet
  facet normal -0.9408814512563191 0.3387360250723312 0
    outer loop
      vertex 2.3244409561157227 -0.9203109741210938 3
      vertex 2.377640724182129 -0.7725419998168945 43
      vertex 2.377640724182129 -0.7725419998168945 3
    endloop
  endfacet
  facet normal -0.9408814512563191 0.3387360250723312 0
    outer loop
      vertex 2.377640724182129 -0.7725419998168945 43
      vertex 2.3244409561157227 -0.9203109741210938 3
      vertex 2.3244409561157227 -0.9203109741210938 43
    endloop
  endfacet
  facet normal -0.6613110920207229 -0.7501117513879908 0
    outer loop
      vertex 1.5935592651367188 1.9262828826904297 3
      vertex 1.7113676071166992 1.8224210739135742 43
      vertex 1.5935592651367188 1.9262828826904297 43
    endloop
  endfacet
  facet normal -0.6613110920207229 -0.7501117513879908 0
    outer loop
      vertex 1.7113676071166992 1.8224210739135742 43
      vertex 1.5935592651367188 1.9262828826904297 3
      vertex 1.7113676071166992 1.8224210739135742 3
    endloop
  endfacet
  facet normal 0.9876883604300362 -0.1564343398075595 0
    outer loop
      vertex -2.4802865982055664 0.31333255767822266 43
      vertex -2.4557180404663086 0.46845245361328125 3
      vertex -2.4557180404663086 0.46845245361328125 43
    endloop
  endfacet
  facet normal 0.9876883604300362 -0.1564343398075595 0
    outer loop
      vertex -2.4557180404663086 0.46845245361328125 3
      vertex -2.4802865982055664 0.31333255767822266 43
      vertex -2.4802865982055664 0.31333255767822266 3
    endloop
  endfacet
  facet normal -0.2789906623746148 -0.9602938145733177 0
    outer loop
      vertex 0.6217241287231445 2.421457290649414 3
      vertex 0.7725419998168945 2.377640724182129 43
      vertex 0.6217241287231445 2.421457290649414 43
    endloop
  endfacet
  facet normal -0.2789906623746148 -0.9602938145733177 0
    outer loop
      vertex 0.7725419998168945 2.377640724182129 43
      vertex 0.6217241287231445 2.421457290649414 3
      vertex 0.7725419998168945 2.377640724182129 3
    endloop
  endfacet
  facet normal -0.9955619799509916 -0.09410815095442854 0
    outer loop
      vertex 2.4950666427612305 0.15697574615478516 3
      vertex 2.4802865982055664 0.31333255767822266 43
      vertex 2.4802865982055664 0.31333255767822266 3
    endloop
  endfacet
  facet normal -0.9955619799509916 -0.09410815095442854 0
    outer loop
      vertex 2.4802865982055664 0.31333255767822266 43
      vertex 2.4950666427612305 0.15697574615478516 3
      vertex 2.4950666427612305 0.15697574615478516 43
    endloop
  endfacet
  facet normal -0.7501117513879908 -0.6613110920207229 0
    outer loop
      vertex 1.9262828826904297 1.5935592651367188 3
      vertex 1.8224210739135742 1.7113676071166992 43
      vertex 1.8224210739135742 1.7113676071166992 3
    endloop
  endfacet
  facet normal -0.7501117513879908 -0.6613110920207229 0
    outer loop
      vertex 1.8224210739135742 1.7113676071166992 43
      vertex 1.9262828826904297 1.5935592651367188 3
      vertex 1.9262828826904297 1.5935592651367188 43
    endloop
  endfacet
  facet normal -0.45398709000492876 -0.8910082615267136 0
    outer loop
      vertex 1.0644474029541016 2.2620668411254883 3
      vertex 1.2043838500976562 2.1907663345336914 43
      vertex 1.0644474029541016 2.2620668411254883 43
    endloop
  endfacet
  facet normal -0.45398709000492876 -0.8910082615267136 0
    outer loop
      vertex 1.2043838500976562 2.1907663345336914 43
      vertex 1.0644474029541016 2.2620668411254883 3
      vertex 1.2043838500976562 2.1907663345336914 3
    endloop
  endfacet
  facet normal -0.1564343398075595 0.9876883604300362 0
    outer loop
      vertex 0.46845245361328125 -2.4557180404663086 3
      vertex 0.31333255767822266 -2.4802865982055664 43
      vertex 0.46845245361328125 -2.4557180404663086 43
    endloop
  endfacet
  facet normal -0.1564343398075595 0.9876883604300362 0
    outer loop
      vertex 0.31333255767822266 -2.4802865982055664 43
      vertex 0.46845245361328125 -2.4557180404663086 3
      vertex 0.31333255767822266 -2.4802865982055664 3
    endloop
  endfacet
  facet normal -0.8607396987459395 -0.5090453525991072 0
    outer loop
      vertex 2.1907663345336914 1.2043838500976562 3
      vertex 2.110818862915039 1.3395662307739258 43
      vertex 2.110818862915039 1.3395662307739258 3
    endloop
  endfacet
  facet normal -0.8607396987459395 -0.5090453525991072 0
    outer loop
      vertex 2.110818862915039 1.3395662307739258 43
      vertex 2.1907663345336914 1.2043838500976562 3
      vertex 2.1907663345336914 1.2043838500976562 43
    endloop
  endfacet
  facet normal 0.9759161230089045 -0.218146099784683 0
    outer loop
      vertex -2.4557180404663086 0.46845245361328125 43
      vertex -2.421457290649414 0.6217241287231445 3
      vertex -2.421457290649414 0.6217241287231445 43
    endloop
  endfacet
  facet normal 0.9759161230089045 -0.218146099784683 0
    outer loop
      vertex -2.421457290649414 0.6217241287231445 3
      vertex -2.4557180404663086 0.46845245361328125 43
      vertex -2.4557180404663086 0.46845245361328125 3
    endloop
  endfacet
  facet normal 0.9408814512563191 -0.3387360250723312 0
    outer loop
      vertex -2.377640724182129 0.7725419998168945 43
      vertex -2.3244409561157227 0.9203109741210938 3
      vertex -2.3244409561157227 0.9203109741210938 43
    endloop
  endfacet
  facet normal 0.9408814512563191 -0.3387360250723312 0
    outer loop
      vertex -2.3244409561157227 0.9203109741210938 3
      vertex -2.377640724182129 0.7725419998168945 43
      vertex -2.377640724182129 0.7725419998168945 3
    endloop
  endfacet
  facet normal 0.3971517116315226 0.9177529721815952 0
    outer loop
      vertex -0.9203109741210938 -2.3244409561157227 3
      vertex -1.0644474029541016 -2.2620668411254883 43
      vertex -0.9203109741210938 -2.3244409561157227 43
    endloop
  endfacet
  facet normal 0.3971517116315226 0.9177529721815952 0
    outer loop
      vertex -1.0644474029541016 -2.2620668411254883 43
      vertex -0.9203109741210938 -2.3244409561157227 3
      vertex -1.0644474029541016 -2.2620668411254883 3
    endloop
  endfacet
  facet normal -0.09410815095442854 -0.9955619799509916 0
    outer loop
      vertex 0.15697574615478516 2.4950666427612305 3
      vertex 0.31333255767822266 2.4802865982055664 43
      vertex 0.15697574615478516 2.4950666427612305 43
    endloop
  endfacet
  facet normal -0.09410815095442854 -0.9955619799509916 0
    outer loop
      vertex 0.31333255767822266 2.4802865982055664 43
      vertex 0.15697574615478516 2.4950666427612305 3
      vertex 0.31333255767822266 2.4802865982055664 3
    endloop
  endfacet
  facet normal -0.6129059300343599 -0.7901558839423498 0
    outer loop
      vertex 1.4694623947143555 2.0225419998168945 3
      vertex 1.5935592651367188 1.9262828826904297 43
      vertex 1.4694623947143555 2.0225419998168945 43
    endloop
  endfacet
  facet normal -0.6129059300343599 -0.7901558839423498 0
    outer loop
      vertex 1.5935592651367188 1.9262828826904297 43
      vertex 1.4694623947143555 2.0225419998168945 3
      vertex 1.5935592651367188 1.9262828826904297 3
    endloop
  endfacet
  facet normal -0.5620812925732648 -0.8270819914247729 0
    outer loop
      vertex 1.3395662307739258 2.110818862915039 3
      vertex 1.4694623947143555 2.0225419998168945 43
      vertex 1.3395662307739258 2.110818862915039 43
    endloop
  endfacet
  facet normal -0.5620812925732648 -0.8270819914247729 0
    outer loop
      vertex 1.4694623947143555 2.0225419998168945 43
      vertex 1.3395662307739258 2.110818862915039 3
      vertex 1.4694623947143555 2.0225419998168945 3
    endloop
  endfacet
  facet normal -0.9995065212485803 0.03141200378137986 0
    outer loop
      vertex 2.4950666427612305 -0.15697574615478516 3
      vertex 2.5 0 43
      vertex 2.5 0 3
    endloop
  endfacet
  facet normal -0.9995065212485803 0.03141200378137986 0
    outer loop
      vertex 2.5 0 43
      vertex 2.4950666427612305 -0.15697574615478516 3
      vertex 2.4950666427612305 -0.15697574615478516 43
    endloop
  endfacet
  facet normal -0.7901558839423498 0.6129059300343599 0
    outer loop
      vertex 1.9262828826904297 -1.5935592651367188 3
      vertex 2.0225419998168945 -1.4694623947143555 43
      vertex 2.0225419998168945 -1.4694623947143555 3
    endloop
  endfacet
  facet normal -0.7901558839423498 0.6129059300343599 0
    outer loop
      vertex 2.0225419998168945 -1.4694623947143555 43
      vertex 1.9262828826904297 -1.5935592651367188 3
      vertex 1.9262828826904297 -1.5935592651367188 43
    endloop
  endfacet
  facet normal 0.7501117513879908 0.6613110920207229 0
    outer loop
      vertex -1.8224210739135742 -1.7113676071166992 43
      vertex -1.9262828826904297 -1.5935592651367188 3
      vertex -1.9262828826904297 -1.5935592651367188 43
    endloop
  endfacet
  facet normal 0.7501117513879908 0.6613110920207229 0
    outer loop
      vertex -1.9262828826904297 -1.5935592651367188 3
      vertex -1.8224210739135742 -1.7113676071166992 43
      vertex -1.8224210739135742 -1.7113676071166992 3
    endloop
  endfacet
  facet normal 0.9408814512563191 0.3387360250723312 0
    outer loop
      vertex -2.3244409561157227 -0.9203109741210938 43
      vertex -2.377640724182129 -0.7725419998168945 3
      vertex -2.377640724182129 -0.7725419998168945 43
    endloop
  endfacet
  facet normal 0.9408814512563191 0.3387360250723312 0
    outer loop
      vertex -2.377640724182129 -0.7725419998168945 3
      vertex -2.3244409561157227 -0.9203109741210938 43
      vertex -2.3244409561157227 -0.9203109741210938 3
    endloop
  endfacet
  facet normal -0.8270819914247729 0.5620812925732648 0
    outer loop
      vertex 2.0225419998168945 -1.4694623947143555 3
      vertex 2.110818862915039 -1.3395662307739258 43
      vertex 2.110818862915039 -1.3395662307739258 3
    endloop
  endfacet
  facet normal -0.8270819914247729 0.5620812925732648 0
    outer loop
      vertex 2.110818862915039 -1.3395662307739258 43
      vertex 2.0225419998168945 -1.4694623947143555 3
      vertex 2.0225419998168945 -1.4694623947143555 43
    endloop
  endfacet
  facet normal 0.9602938145733177 -0.2789906623746148 0
    outer loop
      vertex -2.421457290649414 0.6217241287231445 43
      vertex -2.377640724182129 0.7725419998168945 3
      vertex -2.377640724182129 0.7725419998168945 43
    endloop
  endfacet
  facet normal 0.9602938145733177 -0.2789906623746148 0
    outer loop
      vertex -2.377640724182129 0.7725419998168945 3
      vertex -2.421457290649414 0.6217241287231445 43
      vertex -2.421457290649414 0.6217241287231445 3
    endloop
  endfacet
  facet normal -0.6613110920207229 0.7501117513879908 0
    outer loop
      vertex 1.7113676071166992 -1.8224210739135742 3
      vertex 1.5935592651367188 -1.9262828826904297 43
      vertex 1.7113676071166992 -1.8224210739135742 43
    endloop
  endfacet
  facet normal -0.6613110920207229 0.7501117513879908 0
    outer loop
      vertex 1.5935592651367188 -1.9262828826904297 43
      vertex 1.7113676071166992 -1.8224210739135742 3
      vertex 1.5935592651367188 -1.9262828826904297 3
    endloop
  endfacet
  facet normal -0.2789906623746148 0.9602938145733177 0
    outer loop
      vertex 0.7725419998168945 -2.377640724182129 3
      vertex 0.6217241287231445 -2.421457290649414 43
      vertex 0.7725419998168945 -2.377640724182129 43
    endloop
  endfacet
  facet normal -0.2789906623746148 0.9602938145733177 0
    outer loop
      vertex 0.6217241287231445 -2.421457290649414 43
      vertex 0.7725419998168945 -2.377640724182129 3
      vertex 0.6217241287231445 -2.421457290649414 3
    endloop
  endfacet
  facet normal -0.9876883604300362 -0.1564343398075595 0
    outer loop
      vertex 2.4802865982055664 0.31333255767822266 3
      vertex 2.4557180404663086 0.46845245361328125 43
      vertex 2.4557180404663086 0.46845245361328125 3
    endloop
  endfacet
  facet normal -0.9876883604300362 -0.1564343398075595 0
    outer loop
      vertex 2.4557180404663086 0.46845245361328125 43
      vertex 2.4802865982055664 0.31333255767822266 3
      vertex 2.4802865982055664 0.31333255767822266 43
    endloop
  endfacet
  facet normal -0.7071067811865475 -0.7071067811865475 0
    outer loop
      vertex 1.8224210739135742 1.7113676071166992 3
      vertex 1.7113676071166992 1.8224210739135742 43
      vertex 1.7113676071166992 1.8224210739135742 3
    endloop
  endfacet
  facet normal -0.7071067811865475 -0.7071067811865475 0
    outer loop
      vertex 1.7113676071166992 1.8224210739135742 43
      vertex 1.8224210739135742 1.7113676071166992 3
      vertex 1.8224210739135742 1.7113676071166992 43
    endloop
  endfacet
  facet normal -0.5090453525991072 -0.8607396987459395 0
    outer loop
      vertex 1.2043838500976562 2.1907663345336914 3
      vertex 1.3395662307739258 2.110818862915039 43
      vertex 1.2043838500976562 2.1907663345336914 43
    endloop
  endfacet
  facet normal -0.5090453525991072 -0.8607396987459395 0
    outer loop
      vertex 1.3395662307739258 2.110818862915039 43
      vertex 1.2043838500976562 2.1907663345336914 3
      vertex 1.3395662307739258 2.110818862915039 3
    endloop
  endfacet
  facet normal -0.9759161230089045 -0.218146099784683 0
    outer loop
      vertex 2.4557180404663086 0.46845245361328125 3
      vertex 2.421457290649414 0.6217241287231445 43
      vertex 2.421457290649414 0.6217241287231445 3
    endloop
  endfacet
  facet normal -0.9759161230089045 -0.218146099784683 0
    outer loop
      vertex 2.421457290649414 0.6217241287231445 43
      vertex 2.4557180404663086 0.46845245361328125 3
      vertex 2.4557180404663086 0.46845245361328125 43
    endloop
  endfacet
  facet normal 0.5090453525991072 -0.8607396987459395 0
    outer loop
      vertex -1.3395662307739258 2.110818862915039 3
      vertex -1.2043838500976562 2.1907663345336914 43
      vertex -1.3395662307739258 2.110818862915039 43
    endloop
  endfacet
  facet normal 0.5090453525991072 -0.8607396987459395 0
    outer loop
      vertex -1.2043838500976562 2.1907663345336914 43
      vertex -1.3395662307739258 2.110818862915039 3
      vertex -1.2043838500976562 2.1907663345336914 3
    endloop
  endfacet
  facet normal 0.7901558839423498 -0.6129059300343599 0
    outer loop
      vertex -2.0225419998168945 1.4694623947143555 43
      vertex -1.9262828826904297 1.5935592651367188 3
      vertex -1.9262828826904297 1.5935592651367188 43
    endloop
  endfacet
  facet normal 0.7901558839423498 -0.6129059300343599 0
    outer loop
      vertex -1.9262828826904297 1.5935592651367188 3
      vertex -2.0225419998168945 1.4694623947143555 43
      vertex -2.0225419998168945 1.4694623947143555 3
    endloop
  endfacet
  facet normal 0.8910082615267136 0.45398709000492876 0
    outer loop
      vertex -2.1907663345336914 -1.2043838500976562 43
      vertex -2.2620668411254883 -1.0644474029541016 3
      vertex -2.2620668411254883 -1.0644474029541016 43
    endloop
  endfacet
  facet normal 0.8910082615267136 0.45398709000492876 0
    outer loop
      vertex -2.2620668411254883 -1.0644474029541016 3
      vertex -2.1907663345336914 -1.2043838500976562 43
      vertex -2.1907663345336914 -1.2043838500976562 3
    endloop
  endfacet
  facet normal 0.3387360250723312 0.9408814512563191 0
    outer loop
      vertex -0.7725419998168945 -2.377640724182129 3
      vertex -0.9203109741210938 -2.3244409561157227 43
      vertex -0.7725419998168945 -2.377640724182129 43
    endloop
  endfacet
  facet normal 0.3387360250723312 0.9408814512563191 0
    outer loop
      vertex -0.9203109741210938 -2.3244409561157227 43
      vertex -0.7725419998168945 -2.377640724182129 3
      vertex -0.9203109741210938 -2.3244409561157227 3
    endloop
  endfacet
  facet normal 0.03141200378137986 0.9995065212485803 0
    outer loop
      vertex 0 -2.5 3
      vertex -0.15697574615478516 -2.4950666427612305 43
      vertex 0 -2.5 43
    endloop
  endfacet
  facet normal 0.03141200378137986 0.9995065212485803 0
    outer loop
      vertex -0.15697574615478516 -2.4950666427612305 43
      vertex 0 -2.5 3
      vertex -0.15697574615478516 -2.4950666427612305 3
    endloop
  endfacet
  facet normal 0.45398709000492876 0.8910082615267136 0
    outer loop
      vertex -1.0644474029541016 -2.2620668411254883 3
      vertex -1.2043838500976562 -2.1907663345336914 43
      vertex -1.0644474029541016 -2.2620668411254883 43
    endloop
  endfacet
  facet normal 0.45398709000492876 0.8910082615267136 0
    outer loop
      vertex -1.2043838500976562 -2.1907663345336914 43
      vertex -1.0644474029541016 -2.2620668411254883 3
      vertex -1.2043838500976562 -2.1907663345336914 3
    endloop
  endfacet
  facet normal -0.8607396987459395 0.5090453525991072 0
    outer loop
      vertex 2.110818862915039 -1.3395662307739258 3
      vertex 2.1907663345336914 -1.2043838500976562 43
      vertex 2.1907663345336914 -1.2043838500976562 3
    endloop
  endfacet
  facet normal -0.8607396987459395 0.5090453525991072 0
    outer loop
      vertex 2.1907663345336914 -1.2043838500976562 43
      vertex 2.110818862915039 -1.3395662307739258 3
      vertex 2.110818862915039 -1.3395662307739258 43
    endloop
  endfacet
  facet normal 0.6129059300343599 0.7901558839423498 0
    outer loop
      vertex -1.4694623947143555 -2.0225419998168945 3
      vertex -1.5935592651367188 -1.9262828826904297 43
      vertex -1.4694623947143555 -2.0225419998168945 43
    endloop
  endfacet
  facet normal 0.6129059300343599 0.7901558839423498 0
    outer loop
      vertex -1.5935592651367188 -1.9262828826904297 43
      vertex -1.4694623947143555 -2.0225419998168945 3
      vertex -1.5935592651367188 -1.9262828826904297 3
    endloop
  endfacet
  facet normal 0.218146099784683 0.9759161230089045 0
    outer loop
      vertex -0.46845245361328125 -2.4557180404663086 3
      vertex -0.6217241287231445 -2.421457290649414 43
      vertex -0.46845245361328125 -2.4557180404663086 43
    endloop
  endfacet
  facet normal 0.218146099784683 0.9759161230089045 0
    outer loop
      vertex -0.6217241287231445 -2.421457290649414 43
      vertex -0.46845245361328125 -2.4557180404663086 3
      vertex -0.6217241287231445 -2.421457290649414 3
    endloop
  endfacet
  facet normal -0.9408814512563191 -0.3387360250723312 0
    outer loop
      vertex 2.377640724182129 0.7725419998168945 3
      vertex 2.3244409561157227 0.9203109741210938 43
      vertex 2.3244409561157227 0.9203109741210938 3
    endloop
  endfacet
  facet normal -0.9408814512563191 -0.3387360250723312 0
    outer loop
      vertex 2.3244409561157227 0.9203109741210938 43
      vertex 2.377640724182129 0.7725419998168945 3
      vertex 2.377640724182129 0.7725419998168945 43
    endloop
  endfacet
  facet normal -0.3387360250723312 0.9408814512563191 0
    outer loop
      vertex 0.9203109741210938 -2.3244409561157227 3
      vertex 0.7725419998168945 -2.377640724182129 43
      vertex 0.9203109741210938 -2.3244409561157227 43
    endloop
  endfacet
  facet normal -0.3387360250723312 0.9408814512563191 0
    outer loop
      vertex 0.7725419998168945 -2.377640724182129 43
      vertex 0.9203109741210938 -2.3244409561157227 3
      vertex 0.7725419998168945 -2.377640724182129 3
    endloop
  endfacet
  facet normal 0.5620812925732648 -0.8270819914247729 0
    outer loop
      vertex -1.4694623947143555 2.0225419998168945 3
      vertex -1.3395662307739258 2.110818862915039 43
      vertex -1.4694623947143555 2.0225419998168945 43
    endloop
  endfacet
  facet normal 0.5620812925732648 -0.8270819914247729 0
    outer loop
      vertex -1.3395662307739258 2.110818862915039 43
      vertex -1.4694623947143555 2.0225419998168945 3
      vertex -1.3395662307739258 2.110818862915039 3
    endloop
  endfacet
  facet normal 0.2789906623746148 0.9602938145733177 0
    outer loop
      vertex -0.6217241287231445 -2.421457290649414 3
      vertex -0.7725419998168945 -2.377640724182129 43
      vertex -0.6217241287231445 -2.421457290649414 43
    endloop
  endfacet
  facet normal 0.2789906623746148 0.9602938145733177 0
    outer loop
      vertex -0.7725419998168945 -2.377640724182129 43
      vertex -0.6217241287231445 -2.421457290649414 3
      vertex -0.7725419998168945 -2.377640724182129 3
    endloop
  endfacet
  facet normal 0.6613110920207229 -0.7501117513879908 0
    outer loop
      vertex -1.7113676071166992 1.8224210739135742 3
      vertex -1.5935592651367188 1.9262828826904297 43
      vertex -1.7113676071166992 1.8224210739135742 43
    endloop
  endfacet
  facet normal 0.6613110920207229 -0.7501117513879908 0
    outer loop
      vertex -1.5935592651367188 1.9262828826904297 43
      vertex -1.7113676071166992 1.8224210739135742 3
      vertex -1.5935592651367188 1.9262828826904297 3
    endloop
  endfacet
  facet normal 0.9177529721815952 0.3971517116315226 0
    outer loop
      vertex -2.2620668411254883 -1.0644474029541016 43
      vertex -2.3244409561157227 -0.9203109741210938 3
      vertex -2.3244409561157227 -0.9203109741210938 43
    endloop
  endfacet
  facet normal 0.9177529721815952 0.3971517116315226 0
    outer loop
      vertex -2.3244409561157227 -0.9203109741210938 3
      vertex -2.2620668411254883 -1.0644474029541016 43
      vertex -2.2620668411254883 -1.0644474029541016 3
    endloop
  endfacet
  facet normal 0.9177529721815952 -0.3971517116315226 0
    outer loop
      vertex -2.3244409561157227 0.9203109741210938 43
      vertex -2.2620668411254883 1.0644474029541016 3
      vertex -2.2620668411254883 1.0644474029541016 43
    endloop
  endfacet
  facet normal 0.9177529721815952 -0.3971517116315226 0
    outer loop
      vertex -2.2620668411254883 1.0644474029541016 3
      vertex -2.3244409561157227 0.9203109741210938 43
      vertex -2.3244409561157227 0.9203109741210938 3
    endloop
  endfacet
  facet normal 0.8270819914247729 -0.5620812925732648 0
    outer loop
      vertex -2.110818862915039 1.3395662307739258 43
      vertex -2.0225419998168945 1.4694623947143555 3
      vertex -2.0225419998168945 1.4694623947143555 43
    endloop
  endfacet
  facet normal 0.8270819914247729 -0.5620812925732648 0
    outer loop
      vertex -2.0225419998168945 1.4694623947143555 3
      vertex -2.110818862915039 1.3395662307739258 43
      vertex -2.110818862915039 1.3395662307739258 3
    endloop
  endfacet
  facet normal -0.3971517116315226 0.9177529721815952 0
    outer loop
      vertex 1.0644474029541016 -2.2620668411254883 3
      vertex 0.9203109741210938 -2.3244409561157227 43
      vertex 1.0644474029541016 -2.2620668411254883 43
    endloop
  endfacet
  facet normal -0.3971517116315226 0.9177529721815952 0
    outer loop
      vertex 0.9203109741210938 -2.3244409561157227 43
      vertex 1.0644474029541016 -2.2620668411254883 3
      vertex 0.9203109741210938 -2.3244409561157227 3
    endloop
  endfacet
  facet normal 0.3971517116315226 -0.9177529721815952 0
    outer loop
      vertex -1.0644474029541016 2.2620668411254883 3
      vertex -0.9203109741210938 2.3244409561157227 43
      vertex -1.0644474029541016 2.2620668411254883 43
    endloop
  endfacet
  facet normal 0.3971517116315226 -0.9177529721815952 0
    outer loop
      vertex -0.9203109741210938 2.3244409561157227 43
      vertex -1.0644474029541016 2.2620668411254883 3
      vertex -0.9203109741210938 2.3244409561157227 3
    endloop
  endfacet
  facet normal 0.8607396987459395 -0.5090453525991072 0
    outer loop
      vertex -2.1907663345336914 1.2043838500976562 43
      vertex -2.110818862915039 1.3395662307739258 3
      vertex -2.110818862915039 1.3395662307739258 43
    endloop
  endfacet
  facet normal 0.8607396987459395 -0.5090453525991072 0
    outer loop
      vertex -2.110818862915039 1.3395662307739258 3
      vertex -2.1907663345336914 1.2043838500976562 43
      vertex -2.1907663345336914 1.2043838500976562 3
    endloop
  endfacet
  facet normal 0.218146099784683 -0.9759161230089045 0
    outer loop
      vertex -0.6217241287231445 2.421457290649414 3
      vertex -0.46845245361328125 2.4557180404663086 43
      vertex -0.6217241287231445 2.421457290649414 43
    endloop
  endfacet
  facet normal 0.218146099784683 -0.9759161230089045 0
    outer loop
      vertex -0.46845245361328125 2.4557180404663086 43
      vertex -0.6217241287231445 2.421457290649414 3
      vertex -0.46845245361328125 2.4557180404663086 3
    endloop
  endfacet
  facet normal -0.218146099784683 0.9759161230089045 0
    outer loop
      vertex 0.6217241287231445 -2.421457290649414 3
      vertex 0.46845245361328125 -2.4557180404663086 43
      vertex 0.6217241287231445 -2.421457290649414 43
    endloop
  endfacet
  facet normal -0.218146099784683 0.9759161230089045 0
    outer loop
      vertex 0.46845245361328125 -2.4557180404663086 43
      vertex 0.6217241287231445 -2.421457290649414 3
      vertex 0.46845245361328125 -2.4557180404663086 3
    endloop
  endfacet
  facet normal 0.5090453525991072 0.8607396987459395 0
    outer loop
      vertex -1.2043838500976562 -2.1907663345336914 3
      vertex -1.3395662307739258 -2.110818862915039 43
      vertex -1.2043838500976562 -2.1907663345336914 43
    endloop
  endfacet
  facet normal 0.5090453525991072 0.8607396987459395 0
    outer loop
      vertex -1.3395662307739258 -2.110818862915039 43
      vertex -1.2043838500976562 -2.1907663345336914 3
      vertex -1.3395662307739258 -2.110818862915039 3
    endloop
  endfacet
  facet normal 0.7901558839423498 0.6129059300343599 0
    outer loop
      vertex -1.9262828826904297 -1.5935592651367188 43
      vertex -2.0225419998168945 -1.4694623947143555 3
      vertex -2.0225419998168945 -1.4694623947143555 43
    endloop
  endfacet
  facet normal 0.7901558839423498 0.6129059300343599 0
    outer loop
      vertex -2.0225419998168945 -1.4694623947143555 3
      vertex -1.9262828826904297 -1.5935592651367188 43
      vertex -1.9262828826904297 -1.5935592651367188 3
    endloop
  endfacet
  facet normal 0.1564343398075595 0.9876883604300362 0
    outer loop
      vertex -0.31333255767822266 -2.4802865982055664 3
      vertex -0.46845245361328125 -2.4557180404663086 43
      vertex -0.31333255767822266 -2.4802865982055664 43
    endloop
  endfacet
  facet normal 0.1564343398075595 0.9876883604300362 0
    outer loop
      vertex -0.46845245361328125 -2.4557180404663086 43
      vertex -0.31333255767822266 -2.4802865982055664 3
      vertex -0.46845245361328125 -2.4557180404663086 3
    endloop
  endfacet
  facet normal 0.8607396987459395 0.5090453525991072 0
    outer loop
      vertex -2.110818862915039 -1.3395662307739258 43
      vertex -2.1907663345336914 -1.2043838500976562 3
      vertex -2.1907663345336914 -1.2043838500976562 43
    endloop
  endfacet
  facet normal 0.8607396987459395 0.5090453525991072 0
    outer loop
      vertex -2.1907663345336914 -1.2043838500976562 3
      vertex -2.110818862915039 -1.3395662307739258 43
      vertex -2.110818862915039 -1.3395662307739258 3
    endloop
  endfacet
  facet normal -0.09410815095442854 0.9955619799509916 0
    outer loop
      vertex 0.31333255767822266 -2.4802865982055664 3
      vertex 0.15697574615478516 -2.4950666427612305 43
      vertex 0.31333255767822266 -2.4802865982055664 43
    endloop
  endfacet
  facet normal -0.09410815095442854 0.9955619799509916 0
    outer loop
      vertex 0.15697574615478516 -2.4950666427612305 43
      vertex 0.31333255767822266 -2.4802865982055664 3
      vertex 0.15697574615478516 -2.4950666427612305 3
    endloop
  endfacet
  facet normal -0.9602938145733177 -0.2789906623746148 0
    outer loop
      vertex 2.421457290649414 0.6217241287231445 3
      vertex 2.377640724182129 0.7725419998168945 43
      vertex 2.377640724182129 0.7725419998168945 3
    endloop
  endfacet
  facet normal -0.9602938145733177 -0.2789906623746148 0
    outer loop
      vertex 2.377640724182129 0.7725419998168945 43
      vertex 2.421457290649414 0.6217241287231445 3
      vertex 2.421457290649414 0.6217241287231445 43
    endloop
  endfacet
  facet normal 0.03141200378137986 -0.9995065212485803 0
    outer loop
      vertex -0.15697574615478516 2.4950666427612305 3
      vertex 0 2.5 43
      vertex -0.15697574615478516 2.4950666427612305 43
    endloop
  endfacet
  facet normal 0.03141200378137986 -0.9995065212485803 0
    outer loop
      vertex 0 2.5 43
      vertex -0.15697574615478516 2.4950666427612305 3
      vertex 0 2.5 3
    endloop
  endfacet
  facet normal 0.6129059300343599 -0.7901558839423498 0
    outer loop
      vertex -1.5935592651367188 1.9262828826904297 3
      vertex -1.4694623947143555 2.0225419998168945 43
      vertex -1.5935592651367188 1.9262828826904297 43
    endloop
  endfacet
  facet normal 0.6129059300343599 -0.7901558839423498 0
    outer loop
      vertex -1.4694623947143555 2.0225419998168945 43
      vertex -1.5935592651367188 1.9262828826904297 3
      vertex -1.4694623947143555 2.0225419998168945 3
    endloop
  endfacet
  facet normal -0.9177529721815952 0.3971517116315226 0
    outer loop
      vertex 2.2620668411254883 -1.0644474029541016 3
      vertex 2.3244409561157227 -0.9203109741210938 43
      vertex 2.3244409561157227 -0.9203109741210938 3
    endloop
  endfacet
  facet normal -0.9177529721815952 0.3971517116315226 0
    outer loop
      vertex 2.3244409561157227 -0.9203109741210938 43
      vertex 2.2620668411254883 -1.0644474029541016 3
      vertex 2.2620668411254883 -1.0644474029541016 43
    endloop
  endfacet
  facet normal 0.9955619799509916 -0.09410815095442854 0
    outer loop
      vertex -2.4950666427612305 0.15697574615478516 43
      vertex -2.4802865982055664 0.31333255767822266 3
      vertex -2.4802865982055664 0.31333255767822266 43
    endloop
  endfacet
  facet normal 0.9955619799509916 -0.09410815095442854 0
    outer loop
      vertex -2.4802865982055664 0.31333255767822266 3
      vertex -2.4950666427612305 0.15697574615478516 43
      vertex -2.4950666427612305 0.15697574615478516 3
    endloop
  endfacet
  facet normal -0.9359240384219983 -0.029414430578515047 -0.3509714882687761
    outer loop
      vertex 3.6178464889526367 0.2276151180267334 0
      vertex 3.6237666606903076 0.03924393653869629 0
      vertex 2.4950666427612305 0.15697574615478516 3
    endloop
  endfacet
  facet normal 0.7398879768275182 0.5739205692328672 -0.3509714546191808
    outer loop
      vertex -1.9262828826904297 -1.5935592651367188 3
      vertex -2.793109893798828 -2.3106610774993896 0
      vertex -2.9086215496063232 -2.161745548248291 0
    endloop
  endfacet
  facet normal -0.3718858989513713 -0.8593717865022987 -0.3509715240941604
    outer loop
      vertex 1.3344511985778809 3.3704395294189453 0
      vertex 1.5074150562286377 3.295590877532959 0
      vertex 0.9203109741210938 2.3244409561157227 3
    endloop
  endfacet
  facet normal -0.26124297680445807 -0.8992057748125849 -0.35097162508391533
    outer loop
      vertex 1.082481861114502 3.458533763885498 0
      vertex 0.7725419998168945 2.377640724182129 3
      vertex 0.6217241287231445 2.421457290649414 3
    endloop
  endfacet
  facet normal -0.26124297680445807 -0.8992057748125849 -0.35097162508391533
    outer loop
      vertex 0.7725419998168945 2.377640724182129 3
      vertex 1.082481861114502 3.458533763885498 0
      vertex 1.1201863288879395 3.4475796222686768 0
    endloop
  endfacet
  facet normal -0.9138342883797075 -0.2042689747197931 -0.35097162185635233
    outer loop
      vertex 3.519678831100464 0.8631820678710938 0
      vertex 2.421457290649414 0.6217241287231445 3
      vertex 3.5111136436462402 0.9014999866485596 0
    endloop
  endfacet
  facet normal -0.9138342883797075 -0.2042689747197931 -0.35097162185635233
    outer loop
      vertex 2.421457290649414 0.6217241287231445 3
      vertex 3.519678831100464 0.8631820678710938 0
      vertex 2.4557180404663086 0.46845245361328125 3
    endloop
  endfacet
  facet normal 0.08812156936004208 0.9322304516529628 -0.3509714718099408
    outer loop
      vertex -0.2276151180267334 -3.6178464889526367 0
      vertex -0.31333255767822266 -2.4802865982055664 3
      vertex -0.15697574615478516 -2.4950666427612305 3
    endloop
  endfacet
  facet normal 0.08812156936004208 0.9322304516529628 -0.3509714718099408
    outer loop
      vertex -0.31333255767822266 -2.4802865982055664 3
      vertex -0.2276151180267334 -3.6178464889526367 0
      vertex -0.2667043209075928 -3.6141514778137207 0
    endloop
  endfacet
  facet normal -0.6192425350937516 -0.7023942409823632 -0.3509715272860085
    outer loop
      vertex 2.452030658721924 2.6684765815734863 0
      vertex 1.7113676071166992 1.8224210739135742 3
      vertex 1.5935592651367188 1.9262828826904297 3
    endloop
  endfacet
  facet normal -0.6192425350937516 -0.7023942409823632 -0.3509715272860085
    outer loop
      vertex 1.7113676071166992 1.8224210739135742 3
      vertex 2.452030658721924 2.6684765815734863 0
      vertex 2.481482744216919 2.6425111293792725 0
    endloop
  endfacet
  facet normal -0.8343266399069134 -0.4251094910236427 -0.3509714783045186
    outer loop
      vertex 3.1766111850738525 1.746356725692749 0
      vertex 3.262172222137451 1.5784332752227783 0
      vertex 2.1907663345336914 1.2043838500976562 3
    endloop
  endfacet
  facet normal 0.9359240481723015 -0.029413764808204783 -0.3509715180646131
    outer loop
      vertex -2.5 0 3
      vertex -3.6237666606903076 0.03924393653869629 0
      vertex -2.4950666427612305 0.15697574615478516 3
    endloop
  endfacet
  facet normal 0.9359240481723015 -0.029413764808204783 -0.3509715180646131
    outer loop
      vertex -3.6237666606903076 0.03924393653869629 0
      vertex -2.5 0 3
      vertex -3.625 0 0
    endloop
  endfacet
  facet normal -0.9359240481723015 0.029413764808204783 -0.3509715180646131
    outer loop
      vertex 3.6237666606903076 -0.03924393653869629 0
      vertex 2.5 0 3
      vertex 3.625 0 0
    endloop
  endfacet
  facet normal -0.9359240481723015 0.029413764808204783 -0.3509715180646131
    outer loop
      vertex 2.5 0 3
      vertex 3.6237666606903076 -0.03924393653869629 0
      vertex 2.4950666427612305 -0.15697574615478516 3
    endloop
  endfacet
  facet normal 0.26124240833283413 0.8992059503600142 -0.35097159846005277
    outer loop
      vertex -0.6217241287231445 -2.421457290649414 3
      vertex -0.9014999866485596 -3.5111136436462402 0
      vertex -1.082481861114502 -3.458533763885498 0
    endloop
  endfacet
  facet normal -0.9359240481723015 -0.029413764808204783 -0.3509715180646131
    outer loop
      vertex 2.5 0 3
      vertex 3.6237666606903076 0.03924393653869629 0
      vertex 3.625 0 0
    endloop
  endfacet
  facet normal -0.9359240481723015 -0.029413764808204783 -0.3509715180646131
    outer loop
      vertex 3.6237666606903076 0.03924393653869629 0
      vertex 2.5 0 3
      vertex 2.4950666427612305 0.15697574615478516 3
    endloop
  endfacet
  facet normal -0.3171898272758689 0.8810275730110027 -0.35097155022458254
    outer loop
      vertex 1.3344511985778809 -3.3704395294189453 0
      vertex 1.1571285724639893 -3.434279680252075 0
      vertex 0.9203109741210938 -2.3244409561157227 3
    endloop
  endfacet
  facet normal 0.8343277573525284 0.4251072038566688 -0.350971592212625
    outer loop
      vertex -2.1907663345336914 -1.2043838500976562 3
      vertex -3.2799973487854004 -1.5434491634368896 0
      vertex -2.2620668411254883 -1.0644474029541016 3
    endloop
  endfacet
  facet normal 0.8343277573525284 0.4251072038566688 -0.350971592212625
    outer loop
      vertex -3.2799973487854004 -1.5434491634368896 0
      vertex -2.1907663345336914 -1.2043838500976562 3
      vertex -3.262172222137451 -1.5784332752227783 0
    endloop
  endfacet
  facet normal 0.9359240384219983 0.029414430578515047 -0.3509714882687761
    outer loop
      vertex -2.4950666427612305 -0.15697574615478516 3
      vertex -3.6178464889526367 -0.2276151180267334 0
      vertex -3.6237666606903076 -0.03924393653869629 0
    endloop
  endfacet
  facet normal 0.8810275730110027 -0.3171898272758689 -0.35097155022458254
    outer loop
      vertex -3.3704395294189453 1.3344511985778809 0
      vertex -2.3244409561157227 0.9203109741210938 3
      vertex -3.434279680252075 1.1571285724639893 0
    endloop
  endfacet
  facet normal 0.9138342883797075 -0.2042689747197931 -0.35097162185635233
    outer loop
      vertex -2.421457290649414 0.6217241287231445 3
      vertex -3.519678831100464 0.8631820678710938 0
      vertex -3.5111136436462402 0.9014999866485596 0
    endloop
  endfacet
  facet normal 0.9138342883797075 -0.2042689747197931 -0.35097162185635233
    outer loop
      vertex -3.519678831100464 0.8631820678710938 0
      vertex -2.421457290649414 0.6217241287231445 3
      vertex -2.4557180404663086 0.46845245361328125 3
    endloop
  endfacet
  facet normal 0.924857910401821 -0.14648170870532704 -0.35097144411183223
    outer loop
      vertex -3.5669331550598145 0.6404769420623779 0
      vertex -2.4802865982055664 0.31333255767822266 3
      vertex -3.5964152812957764 0.4543323516845703 0
    endloop
  endfacet
  facet normal 0.14648170870532704 0.924857910401821 -0.35097144411183223
    outer loop
      vertex -0.31333255767822266 -2.4802865982055664 3
      vertex -0.4543323516845703 -3.5964152812957764 0
      vertex -0.6404769420623779 -3.5669331550598145 0
    endloop
  endfacet
  facet normal 0.7398909667800332 0.5739165781513363 -0.35097167777524313
    outer loop
      vertex -1.9262828826904297 -1.5935592651367188 3
      vertex -2.9326863288879395 -2.1307213306427 0
      vertex -2.0225419998168945 -1.4694623947143555 3
    endloop
  endfacet
  facet normal 0.7398909667800332 0.5739165781513363 -0.35097167777524313
    outer loop
      vertex -2.9326863288879395 -2.1307213306427 0
      vertex -1.9262828826904297 -1.5935592651367188 3
      vertex -2.9086215496063232 -2.161745548248291 0
    endloop
  endfacet
  facet normal 0.029414430578515047 -0.9359240384219983 -0.3509714882687761
    outer loop
      vertex -0.03924393653869629 3.6237666606903076 0
      vertex -0.15697574615478516 2.4950666427612305 3
      vertex -0.2276151180267334 3.6178464889526367 0
    endloop
  endfacet
  facet normal -0.7398879768275182 0.5739205692328672 -0.3509714546191808
    outer loop
      vertex 2.9086215496063232 -2.161745548248291 0
      vertex 2.793109893798828 -2.3106610774993896 0
      vertex 1.9262828826904297 -1.5935592651367188 3
    endloop
  endfacet
  facet normal -0.6192425350937516 0.7023942409823632 -0.3509715272860085
    outer loop
      vertex 2.452030658721924 -2.6684765815734863 0
      vertex 1.7113676071166992 -1.8224210739135742 3
      vertex 2.481482744216919 -2.6425111293792725 0
    endloop
  endfacet
  facet normal -0.6192425350937516 0.7023942409823632 -0.3509715272860085
    outer loop
      vertex 1.7113676071166992 -1.8224210739135742 3
      vertex 2.452030658721924 -2.6684765815734863 0
      vertex 1.5935592651367188 -1.9262828826904297 3
    endloop
  endfacet
  facet normal 0.8059846909400405 -0.4766629932217831 -0.3509716069187617
    outer loop
      vertex -2.110818862915039 1.3395662307739258 3
      vertex -3.080674648284912 1.9085760116577148 0
      vertex -3.060687780380249 1.9423716068267822 0
    endloop
  endfacet
  facet normal 0.8059846909400405 -0.4766629932217831 -0.3509716069187617
    outer loop
      vertex -3.080674648284912 1.9085760116577148 0
      vertex -2.110818862915039 1.3395662307739258 3
      vertex -2.1907663345336914 1.2043838500976562 3
    endloop
  endfacet
  facet normal -0.4766629932217831 -0.8059846909400405 -0.3509716069187617
    outer loop
      vertex 1.9085760116577148 3.080674648284912 0
      vertex 1.3395662307739258 2.110818862915039 3
      vertex 1.2043838500976562 2.1907663345336914 3
    endloop
  endfacet
  facet normal -0.4766629932217831 -0.8059846909400405 -0.3509716069187617
    outer loop
      vertex 1.3395662307739258 2.110818862915039 3
      vertex 1.9085760116577148 3.080674648284912 0
      vertex 1.9423716068267822 3.060687780380249 0
    endloop
  endfacet
  facet normal -0.8593711318491002 0.37188734472772267 -0.3509715951124255
    outer loop
      vertex 3.295590877532959 -1.5074150562286377 0
      vertex 2.2620668411254883 -1.0644474029541016 3
      vertex 2.3244409561157227 -0.9203109741210938 3
    endloop
  endfacet
  facet normal -0.8593711318491002 0.37188734472772267 -0.3509715951124255
    outer loop
      vertex 2.2620668411254883 -1.0644474029541016 3
      vertex 3.295590877532959 -1.5074150562286377 0
      vertex 3.2799973487854004 -1.5434491634368896 0
    endloop
  endfacet
  facet normal 0.029413764808204783 -0.9359240481723015 -0.3509715180646131
    outer loop
      vertex -0.03924393653869629 3.6237666606903076 0
      vertex 0 2.5 3
      vertex -0.15697574615478516 2.4950666427612305 3
    endloop
  endfacet
  facet normal 0.029413764808204783 -0.9359240481723015 -0.3509715180646131
    outer loop
      vertex 0 2.5 3
      vertex -0.03924393653869629 3.6237666606903076 0
      vertex 0 3.625 0
    endloop
  endfacet
  facet normal -0.7398909667800332 -0.5739165781513363 -0.35097167777524313
    outer loop
      vertex 2.9326863288879395 2.1307213306427 0
      vertex 1.9262828826904297 1.5935592651367188 3
      vertex 2.9086215496063232 2.161745548248291 0
    endloop
  endfacet
  facet normal -0.7398909667800332 -0.5739165781513363 -0.35097167777524313
    outer loop
      vertex 1.9262828826904297 1.5935592651367188 3
      vertex 2.9326863288879395 2.1307213306427 0
      vertex 2.0225419998168945 1.4694623947143555 3
    endloop
  endfacet
  facet normal 0.8343277573525284 -0.4251072038566688 -0.350971592212625
    outer loop
      vertex -2.1907663345336914 1.2043838500976562 3
      vertex -3.2799973487854004 1.5434491634368896 0
      vertex -3.262172222137451 1.5784332752227783 0
    endloop
  endfacet
  facet normal 0.8343277573525284 -0.4251072038566688 -0.350971592212625
    outer loop
      vertex -3.2799973487854004 1.5434491634368896 0
      vertex -2.1907663345336914 1.2043838500976562 3
      vertex -2.2620668411254883 1.0644474029541016 3
    endloop
  endfacet
  facet normal -0.7023954464241589 0.6192412131577173 -0.35097144722835366
    outer loop
      vertex 2.793109893798828 -2.3106610774993896 0
      vertex 2.6684765815734863 -2.452030658721924 0
      vertex 1.9262828826904297 -1.5935592651367188 3
    endloop
  endfacet
  facet normal -0.924857910401821 -0.14648170870532704 -0.35097144411183223
    outer loop
      vertex 3.5669331550598145 0.6404769420623779 0
      vertex 3.5964152812957764 0.4543323516845703 0
      vertex 2.4802865982055664 0.31333255767822266 3
    endloop
  endfacet
  facet normal 0.6192412131577173 0.7023954464241589 -0.35097144722835366
    outer loop
      vertex -1.5935592651367188 -1.9262828826904297 3
      vertex -2.3106610774993896 -2.793109893798828 0
      vertex -2.452030658721924 -2.6684765815734863 0
    endloop
  endfacet
  facet normal -0.029414430578515047 -0.9359240384219983 -0.3509714882687761
    outer loop
      vertex 0.2276151180267334 3.6178464889526367 0
      vertex 0.15697574615478516 2.4950666427612305 3
      vertex 0.03924393653869629 3.6237666606903076 0
    endloop
  endfacet
  facet normal -0.7744680730655514 0.5263251044984272 -0.3509716344333987
    outer loop
      vertex 2.9547555446624756 -2.0982472896575928 0
      vertex 2.0225419998168945 -1.4694623947143555 3
      vertex 2.110818862915039 -1.3395662307739258 3
    endloop
  endfacet
  facet normal -0.7744680730655514 0.5263251044984272 -0.3509716344333987
    outer loop
      vertex 2.0225419998168945 -1.4694623947143555 3
      vertex 2.9547555446624756 -2.0982472896575928 0
      vertex 2.9326863288879395 -2.1307213306427 0
    endloop
  endfacet
  facet normal 0.3171898272758689 -0.8810275730110027 -0.35097155022458254
    outer loop
      vertex -1.1571285724639893 3.434279680252075 0
      vertex -0.9203109741210938 2.3244409561157227 3
      vertex -1.3344511985778809 3.3704395294189453 0
    endloop
  endfacet
  facet normal -0.8343277573525284 0.4251072038566688 -0.350971592212625
    outer loop
      vertex 3.2799973487854004 -1.5434491634368896 0
      vertex 2.1907663345336914 -1.2043838500976562 3
      vertex 2.2620668411254883 -1.0644474029541016 3
    endloop
  endfacet
  facet normal -0.8343277573525284 0.4251072038566688 -0.350971592212625
    outer loop
      vertex 2.1907663345336914 -1.2043838500976562 3
      vertex 3.2799973487854004 -1.5434491634368896 0
      vertex 3.262172222137451 -1.5784332752227783 0
    endloop
  endfacet
  facet normal -0.1464829478426635 0.9248576927780618 -0.35097150041073644
    outer loop
      vertex 0.6404769420623779 -3.5669331550598145 0
      vertex 0.46845245361328125 -2.4557180404663086 3
      vertex 0.6792569160461426 -3.560791015625 0
    endloop
  endfacet
  facet normal -0.1464829478426635 0.9248576927780618 -0.35097150041073644
    outer loop
      vertex 0.46845245361328125 -2.4557180404663086 3
      vertex 0.6404769420623779 -3.5669331550598145 0
      vertex 0.31333255767822266 -2.4802865982055664 3
    endloop
  endfacet
  facet normal 0.476660504178463 -0.8059862198866108 -0.3509714762045845
    outer loop
      vertex -1.746356725692749 3.1766111850738525 0
      vertex -1.2043838500976562 2.1907663345336914 3
      vertex -1.9085760116577148 3.080674648284912 0
    endloop
  endfacet
  facet normal 0.9359240384219983 -0.029414430578515047 -0.3509714882687761
    outer loop
      vertex -3.6178464889526367 0.2276151180267334 0
      vertex -2.4950666427612305 0.15697574615478516 3
      vertex -3.6237666606903076 0.03924393653869629 0
    endloop
  endfacet
  facet normal -0.8593717865022987 -0.3718858989513713 -0.3509715240941604
    outer loop
      vertex 3.295590877532959 1.5074150562286377 0
      vertex 3.3704395294189453 1.3344511985778809 0
      vertex 2.3244409561157227 0.9203109741210938 3
    endloop
  endfacet
  facet normal -0.26124297680445807 0.8992057748125849 -0.35097162508391533
    outer loop
      vertex 1.082481861114502 -3.458533763885498 0
      vertex 0.7725419998168945 -2.377640724182129 3
      vertex 1.1201863288879395 -3.4475796222686768 0
    endloop
  endfacet
  facet normal -0.26124297680445807 0.8992057748125849 -0.35097162508391533
    outer loop
      vertex 0.7725419998168945 -2.377640724182129 3
      vertex 1.082481861114502 -3.458533763885498 0
      vertex 0.6217241287231445 -2.421457290649414 3
    endloop
  endfacet
  facet normal 0.476660504178463 0.8059862198866108 -0.3509714762045845
    outer loop
      vertex -1.2043838500976562 -2.1907663345336914 3
      vertex -1.746356725692749 -3.1766111850738525 0
      vertex -1.9085760116577148 -3.080674648284912 0
    endloop
  endfacet
  facet normal -0.913834883552718 0.20426650724384857 -0.35097150827465873
    outer loop
      vertex 3.560791015625 -0.6792569160461426 0
      vertex 3.519678831100464 -0.8631820678710938 0
      vertex 2.4557180404663086 -0.46845245361328125 3
    endloop
  endfacet
  facet normal 0.8992059503600142 0.26124240833283413 -0.35097159846005277
    outer loop
      vertex -2.421457290649414 -0.6217241287231445 3
      vertex -3.458533763885498 -1.082481861114502 0
      vertex -3.5111136436462402 -0.9014999866485596 0
    endloop
  endfacet
  facet normal 0.6192412131577173 -0.7023954464241589 -0.35097144722835366
    outer loop
      vertex -2.3106610774993896 2.793109893798828 0
      vertex -1.5935592651367188 1.9262828826904297 3
      vertex -2.452030658721924 2.6684765815734863 0
    endloop
  endfacet
  facet normal -0.8593717865022987 0.3718858989513713 -0.3509715240941604
    outer loop
      vertex 3.3704395294189453 -1.3344511985778809 0
      vertex 3.295590877532959 -1.5074150562286377 0
      vertex 2.3244409561157227 -0.9203109741210938 3
    endloop
  endfacet
  facet normal -0.5739165781513363 -0.7398909667800332 -0.35097167777524313
    outer loop
      vertex 2.1307213306427 2.9326863288879395 0
      vertex 1.5935592651367188 1.9262828826904297 3
      vertex 1.4694623947143555 2.0225419998168945 3
    endloop
  endfacet
  facet normal -0.5739165781513363 -0.7398909667800332 -0.35097167777524313
    outer loop
      vertex 1.5935592651367188 1.9262828826904297 3
      vertex 2.1307213306427 2.9326863288879395 0
      vertex 2.161745548248291 2.9086215496063232 0
    endloop
  endfacet
  facet normal 0.7744685332529894 -0.5263244511948825 -0.35097159867341016
    outer loop
      vertex -2.9547555446624756 2.0982472896575928 0
      vertex -2.110818862915039 1.3395662307739258 3
      vertex -3.060687780380249 1.9423716068267822 0
    endloop
  endfacet
  facet normal -0.913834883552718 -0.20426650724384857 -0.35097150827465873
    outer loop
      vertex 3.519678831100464 0.8631820678710938 0
      vertex 3.560791015625 0.6792569160461426 0
      vertex 2.4557180404663086 0.46845245361328125 3
    endloop
  endfacet
  facet normal -0.9322304516529628 -0.08812156936004208 -0.3509714718099408
    outer loop
      vertex 3.6178464889526367 0.2276151180267334 0
      vertex 2.4802865982055664 0.31333255767822266 3
      vertex 3.6141514778137207 0.2667043209075928 0
    endloop
  endfacet
  facet normal -0.9322304516529628 -0.08812156936004208 -0.3509714718099408
    outer loop
      vertex 2.4802865982055664 0.31333255767822266 3
      vertex 3.6178464889526367 0.2276151180267334 0
      vertex 2.4950666427612305 0.15697574615478516 3
    endloop
  endfacet
  facet normal -0.7023954464241589 -0.6192412131577173 -0.35097144722835366
    outer loop
      vertex 2.6684765815734863 2.452030658721924 0
      vertex 2.793109893798828 2.3106610774993896 0
      vertex 1.9262828826904297 1.5935592651367188 3
    endloop
  endfacet
  facet normal -0.08812234162855091 -0.932230391701672 -0.35097143714788015
    outer loop
      vertex 0.4543323516845703 3.5964152812957764 0
      vertex 0.31333255767822266 2.4802865982055664 3
      vertex 0.2667043209075928 3.6141514778137207 0
    endloop
  endfacet
  facet normal 0.4251094910236427 -0.8343266399069134 -0.3509714783045186
    outer loop
      vertex -1.5784332752227783 3.262172222137451 0
      vertex -1.2043838500976562 2.1907663345336914 3
      vertex -1.746356725692749 3.1766111850738525 0
    endloop
  endfacet
  facet normal -0.3171898272758689 -0.8810275730110027 -0.35097155022458254
    outer loop
      vertex 1.1571285724639893 3.434279680252075 0
      vertex 1.3344511985778809 3.3704395294189453 0
      vertex 0.9203109741210938 2.3244409561157227 3
    endloop
  endfacet
  facet normal -0.2042689747197931 -0.9138342883797075 -0.35097162185635233
    outer loop
      vertex 0.8631820678710938 3.519678831100464 0
      vertex 0.6217241287231445 2.421457290649414 3
      vertex 0.46845245361328125 2.4557180404663086 3
    endloop
  endfacet
  facet normal -0.2042689747197931 -0.9138342883797075 -0.35097162185635233
    outer loop
      vertex 0.6217241287231445 2.421457290649414 3
      vertex 0.8631820678710938 3.519678831100464 0
      vertex 0.9014999866485596 3.5111136436462402 0
    endloop
  endfacet
  facet normal -0.8593711318491002 -0.37188734472772267 -0.3509715951124255
    outer loop
      vertex 3.295590877532959 1.5074150562286377 0
      vertex 2.2620668411254883 1.0644474029541016 3
      vertex 3.2799973487854004 1.5434491634368896 0
    endloop
  endfacet
  facet normal -0.8593711318491002 -0.37188734472772267 -0.3509715951124255
    outer loop
      vertex 2.2620668411254883 1.0644474029541016 3
      vertex 3.295590877532959 1.5074150562286377 0
      vertex 2.3244409561157227 0.9203109741210938 3
    endloop
  endfacet
  facet normal 0.08812234162855091 0.932230391701672 -0.35097143714788015
    outer loop
      vertex -0.31333255767822266 -2.4802865982055664 3
      vertex -0.2667043209075928 -3.6141514778137207 0
      vertex -0.4543323516845703 -3.5964152812957764 0
    endloop
  endfacet
  facet normal -0.14648170870532704 -0.924857910401821 -0.35097144411183223
    outer loop
      vertex 0.4543323516845703 3.5964152812957764 0
      vertex 0.6404769420623779 3.5669331550598145 0
      vertex 0.31333255767822266 2.4802865982055664 3
    endloop
  endfacet
  facet normal -0.4766629932217831 0.8059846909400405 -0.3509716069187617
    outer loop
      vertex 1.9085760116577148 -3.080674648284912 0
      vertex 1.3395662307739258 -2.110818862915039 3
      vertex 1.9423716068267822 -3.060687780380249 0
    endloop
  endfacet
  facet normal -0.4766629932217831 0.8059846909400405 -0.3509716069187617
    outer loop
      vertex 1.3395662307739258 -2.110818862915039 3
      vertex 1.9085760116577148 -3.080674648284912 0
      vertex 1.2043838500976562 -2.1907663345336914 3
    endloop
  endfacet
  facet normal -0.26124240833283413 0.8992059503600142 -0.35097159846005277
    outer loop
      vertex 1.082481861114502 -3.458533763885498 0
      vertex 0.9014999866485596 -3.5111136436462402 0
      vertex 0.6217241287231445 -2.421457290649414 3
    endloop
  endfacet
  facet normal -0.476660504178463 -0.8059862198866108 -0.3509714762045845
    outer loop
      vertex 1.746356725692749 3.1766111850738525 0
      vertex 1.9085760116577148 3.080674648284912 0
      vertex 1.2043838500976562 2.1907663345336914 3
    endloop
  endfacet
  facet normal 0.8810275730110027 0.3171898272758689 -0.35097155022458254
    outer loop
      vertex -2.3244409561157227 -0.9203109741210938 3
      vertex -3.3704395294189453 -1.3344511985778809 0
      vertex -3.434279680252075 -1.1571285724639893 0
    endloop
  endfacet
  facet normal 0.8059846909400405 0.4766629932217831 -0.3509716069187617
    outer loop
      vertex -2.110818862915039 -1.3395662307739258 3
      vertex -3.080674648284912 -1.9085760116577148 0
      vertex -2.1907663345336914 -1.2043838500976562 3
    endloop
  endfacet
  facet normal 0.8059846909400405 0.4766629932217831 -0.3509716069187617
    outer loop
      vertex -3.080674648284912 -1.9085760116577148 0
      vertex -2.110818862915039 -1.3395662307739258 3
      vertex -3.060687780380249 -1.9423716068267822 0
    endloop
  endfacet
  facet normal -0.14648170870532704 0.924857910401821 -0.35097144411183223
    outer loop
      vertex 0.6404769420623779 -3.5669331550598145 0
      vertex 0.4543323516845703 -3.5964152812957764 0
      vertex 0.31333255767822266 -2.4802865982055664 3
    endloop
  endfacet
  facet normal -0.9248576927780618 -0.1464829478426635 -0.35097150041073644
    outer loop
      vertex 3.5669331550598145 0.6404769420623779 0
      vertex 2.4557180404663086 0.46845245361328125 3
      vertex 3.560791015625 0.6792569160461426 0
    endloop
  endfacet
  facet normal -0.9248576927780618 -0.1464829478426635 -0.35097150041073644
    outer loop
      vertex 2.4557180404663086 0.46845245361328125 3
      vertex 3.5669331550598145 0.6404769420623779 0
      vertex 2.4802865982055664 0.31333255767822266 3
    endloop
  endfacet
  facet normal 0.5739205692328672 -0.7398879768275182 -0.3509714546191808
    outer loop
      vertex -2.161745548248291 2.9086215496063232 0
      vertex -1.5935592651367188 1.9262828826904297 3
      vertex -2.3106610774993896 2.793109893798828 0
    endloop
  endfacet
  facet normal 0.1464829478426635 -0.9248576927780618 -0.35097150041073644
    outer loop
      vertex -0.6404769420623779 3.5669331550598145 0
      vertex -0.46845245361328125 2.4557180404663086 3
      vertex -0.6792569160461426 3.560791015625 0
    endloop
  endfacet
  facet normal 0.1464829478426635 -0.9248576927780618 -0.35097150041073644
    outer loop
      vertex -0.46845245361328125 2.4557180404663086 3
      vertex -0.6404769420623779 3.5669331550598145 0
      vertex -0.31333255767822266 2.4802865982055664 3
    endloop
  endfacet
  facet normal -0.3718858989513713 0.8593717865022987 -0.3509715240941604
    outer loop
      vertex 1.5074150562286377 -3.295590877532959 0
      vertex 1.3344511985778809 -3.3704395294189453 0
      vertex 0.9203109741210938 -2.3244409561157227 3
    endloop
  endfacet
  facet normal -0.932230391701672 -0.08812234162855091 -0.35097143714788015
    outer loop
      vertex 3.5964152812957764 0.4543323516845703 0
      vertex 3.6141514778137207 0.2667043209075928 0
      vertex 2.4802865982055664 0.31333255767822266 3
    endloop
  endfacet
  facet normal 0.2042689747197931 -0.9138342883797075 -0.35097162185635233
    outer loop
      vertex -0.8631820678710938 3.519678831100464 0
      vertex -0.6217241287231445 2.421457290649414 3
      vertex -0.9014999866485596 3.5111136436462402 0
    endloop
  endfacet
  facet normal 0.2042689747197931 -0.9138342883797075 -0.35097162185635233
    outer loop
      vertex -0.6217241287231445 2.421457290649414 3
      vertex -0.8631820678710938 3.519678831100464 0
      vertex -0.46845245361328125 2.4557180404663086 3
    endloop
  endfacet
  facet normal 0.029413764808204783 0.9359240481723015 -0.3509715180646131
    outer loop
      vertex -0.03924393653869629 -3.6237666606903076 0
      vertex 0 -2.5 3
      vertex 0 -3.625 0
    endloop
  endfacet
  facet normal 0.029413764808204783 0.9359240481723015 -0.3509715180646131
    outer loop
      vertex 0 -2.5 3
      vertex -0.03924393653869629 -3.6237666606903076 0
      vertex -0.15697574615478516 -2.4950666427612305 3
    endloop
  endfacet
  facet normal -0.08812156936004208 -0.9322304516529628 -0.3509714718099408
    outer loop
      vertex 0.2276151180267334 3.6178464889526367 0
      vertex 0.31333255767822266 2.4802865982055664 3
      vertex 0.15697574615478516 2.4950666427612305 3
    endloop
  endfacet
  facet normal -0.08812156936004208 -0.9322304516529628 -0.3509714718099408
    outer loop
      vertex 0.31333255767822266 2.4802865982055664 3
      vertex 0.2276151180267334 3.6178464889526367 0
      vertex 0.2667043209075928 3.6141514778137207 0
    endloop
  endfacet
  facet normal -0.5739165781513363 0.7398909667800332 -0.35097167777524313
    outer loop
      vertex 2.1307213306427 -2.9326863288879395 0
      vertex 1.5935592651367188 -1.9262828826904297 3
      vertex 2.161745548248291 -2.9086215496063232 0
    endloop
  endfacet
  facet normal -0.5739165781513363 0.7398909667800332 -0.35097167777524313
    outer loop
      vertex 1.5935592651367188 -1.9262828826904297 3
      vertex 2.1307213306427 -2.9326863288879395 0
      vertex 1.4694623947143555 -2.0225419998168945 3
    endloop
  endfacet
  facet normal 0.26124240833283413 -0.8992059503600142 -0.35097159846005277
    outer loop
      vertex -0.9014999866485596 3.5111136436462402 0
      vertex -0.6217241287231445 2.421457290649414 3
      vertex -1.082481861114502 3.458533763885498 0
    endloop
  endfacet
  facet normal 0.8992059503600142 -0.26124240833283413 -0.35097159846005277
    outer loop
      vertex -3.458533763885498 1.082481861114502 0
      vertex -2.421457290649414 0.6217241287231445 3
      vertex -3.5111136436462402 0.9014999866485596 0
    endloop
  endfacet
  facet normal -0.8059846909400405 -0.4766629932217831 -0.3509716069187617
    outer loop
      vertex 3.080674648284912 1.9085760116577148 0
      vertex 2.110818862915039 1.3395662307739258 3
      vertex 3.060687780380249 1.9423716068267822 0
    endloop
  endfacet
  facet normal -0.8059846909400405 -0.4766629932217831 -0.3509716069187617
    outer loop
      vertex 2.110818862915039 1.3395662307739258 3
      vertex 3.080674648284912 1.9085760116577148 0
      vertex 2.1907663345336914 1.2043838500976562 3
    endloop
  endfacet
  facet normal -0.029413764808204783 -0.9359240481723015 -0.3509715180646131
    outer loop
      vertex 0.03924393653869629 3.6237666606903076 0
      vertex 0 2.5 3
      vertex 0 3.625 0
    endloop
  endfacet
  facet normal -0.029413764808204783 -0.9359240481723015 -0.3509715180646131
    outer loop
      vertex 0 2.5 3
      vertex 0.03924393653869629 3.6237666606903076 0
      vertex 0.15697574615478516 2.4950666427612305 3
    endloop
  endfacet
  facet normal 0.6621249829396926 -0.6621249829396926 -0.35097152866610637
    outer loop
      vertex -1.7113676071166992 1.8224210739135742 3
      vertex -2.6425111293792725 2.481482744216919 0
      vertex -2.481482744216919 2.6425111293792725 0
    endloop
  endfacet
  facet normal 0.6621249829396927 -0.6621249829396927 -0.35097152866610637
    outer loop
      vertex -2.6425111293792725 2.481482744216919 0
      vertex -1.7113676071166992 1.8224210739135742 3
      vertex -1.8224210739135742 1.7113676071166992 3
    endloop
  endfacet
  facet normal 0.913834883552718 -0.20426650724384857 -0.35097150827465873
    outer loop
      vertex -3.519678831100464 0.8631820678710938 0
      vertex -2.4557180404663086 0.46845245361328125 3
      vertex -3.560791015625 0.6792569160461426 0
    endloop
  endfacet
  facet normal 0.5739165781513363 -0.7398909667800332 -0.35097167777524313
    outer loop
      vertex -2.1307213306427 2.9326863288879395 0
      vertex -1.5935592651367188 1.9262828826904297 3
      vertex -2.161745548248291 2.9086215496063232 0
    endloop
  endfacet
  facet normal 0.5739165781513363 -0.7398909667800332 -0.35097167777524313
    outer loop
      vertex -1.5935592651367188 1.9262828826904297 3
      vertex -2.1307213306427 2.9326863288879395 0
      vertex -1.4694623947143555 2.0225419998168945 3
    endloop
  endfacet
  facet normal 0.5263244511948825 -0.7744685332529894 -0.35097159867341016
    outer loop
      vertex -1.9423716068267822 3.060687780380249 0
      vertex -1.3395662307739258 2.110818862915039 3
      vertex -2.0982472896575928 2.9547555446624756 0
    endloop
  endfacet
  facet normal -0.4251094910236427 -0.8343266399069134 -0.3509714783045186
    outer loop
      vertex 1.5784332752227783 3.262172222137451 0
      vertex 1.746356725692749 3.1766111850738525 0
      vertex 1.2043838500976562 2.1907663345336914 3
    endloop
  endfacet
  facet normal -0.8059862198866108 -0.476660504178463 -0.3509714762045845
    outer loop
      vertex 3.080674648284912 1.9085760116577148 0
      vertex 3.1766111850738525 1.746356725692749 0
      vertex 2.1907663345336914 1.2043838500976562 3
    endloop
  endfacet
  facet normal -0.4251072038566688 -0.8343277573525284 -0.350971592212625
    outer loop
      vertex 1.5434491634368896 3.2799973487854004 0
      vertex 1.2043838500976562 2.1907663345336914 3
      vertex 1.0644474029541016 2.2620668411254883 3
    endloop
  endfacet
  facet normal -0.4251072038566688 -0.8343277573525284 -0.350971592212625
    outer loop
      vertex 1.2043838500976562 2.1907663345336914 3
      vertex 1.5434491634368896 3.2799973487854004 0
      vertex 1.5784332752227783 3.262172222137451 0
    endloop
  endfacet
  facet normal -0.7398879768275182 -0.5739205692328672 -0.3509714546191808
    outer loop
      vertex 2.793109893798828 2.3106610774993896 0
      vertex 2.9086215496063232 2.161745548248291 0
      vertex 1.9262828826904297 1.5935592651367188 3
    endloop
  endfacet
  facet normal 0.7744680730655514 -0.5263251044984272 -0.3509716344333987
    outer loop
      vertex -2.0225419998168945 1.4694623947143555 3
      vertex -2.9547555446624756 2.0982472896575928 0
      vertex -2.9326863288879395 2.1307213306427 0
    endloop
  endfacet
  facet normal 0.7744680730655514 -0.5263251044984272 -0.3509716344333987
    outer loop
      vertex -2.9547555446624756 2.0982472896575928 0
      vertex -2.0225419998168945 1.4694623947143555 3
      vertex -2.110818862915039 1.3395662307739258 3
    endloop
  endfacet
  facet normal 0.9359240481723015 0.029413764808204783 -0.3509715180646131
    outer loop
      vertex -2.5 0 3
      vertex -3.6237666606903076 -0.03924393653869629 0
      vertex -3.625 0 0
    endloop
  endfacet
  facet normal 0.9359240481723015 0.029413764808204783 -0.3509715180646131
    outer loop
      vertex -3.6237666606903076 -0.03924393653869629 0
      vertex -2.5 0 3
      vertex -2.4950666427612305 -0.15697574615478516 3
    endloop
  endfacet
  facet normal -0.8810275730110027 -0.3171898272758689 -0.35097155022458254
    outer loop
      vertex 3.3704395294189453 1.3344511985778809 0
      vertex 3.434279680252075 1.1571285724639893 0
      vertex 2.3244409561157227 0.9203109741210938 3
    endloop
  endfacet
  facet normal 0.5263251044984272 0.7744680730655514 -0.3509716344333987
    outer loop
      vertex -2.0982472896575928 -2.9547555446624756 0
      vertex -1.4694623947143555 -2.0225419998168945 3
      vertex -1.3395662307739258 -2.110818862915039 3
    endloop
  endfacet
  facet normal 0.5263251044984272 0.7744680730655514 -0.3509716344333987
    outer loop
      vertex -1.4694623947143555 -2.0225419998168945 3
      vertex -2.0982472896575928 -2.9547555446624756 0
      vertex -2.1307213306427 -2.9326863288879395 0
    endloop
  endfacet
  facet normal 0.20426650724384857 -0.913834883552718 -0.35097150827465873
    outer loop
      vertex -0.6792569160461426 3.560791015625 0
      vertex -0.46845245361328125 2.4557180404663086 3
      vertex -0.8631820678710938 3.519678831100464 0
    endloop
  endfacet
  facet normal 0.9138342883797075 0.2042689747197931 -0.35097162185635233
    outer loop
      vertex -2.421457290649414 -0.6217241287231445 3
      vertex -3.519678831100464 -0.8631820678710938 0
      vertex -2.4557180404663086 -0.46845245361328125 3
    endloop
  endfacet
  facet normal 0.9138342883797075 0.2042689747197931 -0.35097162185635233
    outer loop
      vertex -3.519678831100464 -0.8631820678710938 0
      vertex -2.421457290649414 -0.6217241287231445 3
      vertex -3.5111136436462402 -0.9014999866485596 0
    endloop
  endfacet
  facet normal 0.8593717865022987 -0.3718858989513713 -0.3509715240941604
    outer loop
      vertex -3.295590877532959 1.5074150562286377 0
      vertex -2.3244409561157227 0.9203109741210938 3
      vertex -3.3704395294189453 1.3344511985778809 0
    endloop
  endfacet
  facet normal -0.9322304516529628 0.08812156936004208 -0.3509714718099408
    outer loop
      vertex 3.6141514778137207 -0.2667043209075928 0
      vertex 2.4950666427612305 -0.15697574615478516 3
      vertex 3.6178464889526367 -0.2276151180267334 0
    endloop
  endfacet
  facet normal -0.9322304516529628 0.08812156936004208 -0.3509714718099408
    outer loop
      vertex 2.4950666427612305 -0.15697574615478516 3
      vertex 3.6141514778137207 -0.2667043209075928 0
      vertex 2.4802865982055664 -0.31333255767822266 3
    endloop
  endfacet
  facet normal -0.924857910401821 0.14648170870532704 -0.35097144411183223
    outer loop
      vertex 3.5964152812957764 -0.4543323516845703 0
      vertex 3.5669331550598145 -0.6404769420623779 0
      vertex 2.4802865982055664 -0.31333255767822266 3
    endloop
  endfacet
  facet normal -0.5263251044984272 -0.7744680730655514 -0.3509716344333987
    outer loop
      vertex 2.0982472896575928 2.9547555446624756 0
      vertex 1.4694623947143555 2.0225419998168945 3
      vertex 1.3395662307739258 2.110818862915039 3
    endloop
  endfacet
  facet normal -0.5263251044984272 -0.7744680730655514 -0.3509716344333987
    outer loop
      vertex 1.4694623947143555 2.0225419998168945 3
      vertex 2.0982472896575928 2.9547555446624756 0
      vertex 2.1307213306427 2.9326863288879395 0
    endloop
  endfacet
  facet normal 0.9248576927780618 -0.1464829478426635 -0.35097150041073644
    outer loop
      vertex -2.4557180404663086 0.46845245361328125 3
      vertex -3.5669331550598145 0.6404769420623779 0
      vertex -3.560791015625 0.6792569160461426 0
    endloop
  endfacet
  facet normal 0.9248576927780618 -0.1464829478426635 -0.35097150041073644
    outer loop
      vertex -3.5669331550598145 0.6404769420623779 0
      vertex -2.4557180404663086 0.46845245361328125 3
      vertex -2.4802865982055664 0.31333255767822266 3
    endloop
  endfacet
  facet normal 0.3718858989513713 -0.8593717865022987 -0.3509715240941604
    outer loop
      vertex -1.3344511985778809 3.3704395294189453 0
      vertex -0.9203109741210938 2.3244409561157227 3
      vertex -1.5074150562286377 3.295590877532959 0
    endloop
  endfacet
  facet normal 0.8343266399069134 -0.4251094910236427 -0.3509714783045186
    outer loop
      vertex -3.1766111850738525 1.746356725692749 0
      vertex -2.1907663345336914 1.2043838500976562 3
      vertex -3.262172222137451 1.5784332752227783 0
    endloop
  endfacet
  facet normal 0.8059862198866108 -0.476660504178463 -0.3509714762045845
    outer loop
      vertex -3.080674648284912 1.9085760116577148 0
      vertex -2.1907663345336914 1.2043838500976562 3
      vertex -3.1766111850738525 1.746356725692749 0
    endloop
  endfacet
  facet normal 0.8992057748125849 -0.26124297680445807 -0.35097162508391533
    outer loop
      vertex -2.377640724182129 0.7725419998168945 3
      vertex -3.458533763885498 1.082481861114502 0
      vertex -3.4475796222686768 1.1201863288879395 0
    endloop
  endfacet
  facet normal 0.8992057748125849 -0.26124297680445807 -0.35097162508391533
    outer loop
      vertex -3.458533763885498 1.082481861114502 0
      vertex -2.377640724182129 0.7725419998168945 3
      vertex -2.421457290649414 0.6217241287231445 3
    endloop
  endfacet
  facet normal 0.4251094910236427 0.8343266399069134 -0.3509714783045186
    outer loop
      vertex -1.2043838500976562 -2.1907663345336914 3
      vertex -1.5784332752227783 -3.262172222137451 0
      vertex -1.746356725692749 -3.1766111850738525 0
    endloop
  endfacet
  facet normal -0.7023942409823632 0.6192425350937516 -0.3509715272860085
    outer loop
      vertex 2.6684765815734863 -2.452030658721924 0
      vertex 1.8224210739135742 -1.7113676071166992 3
      vertex 1.9262828826904297 -1.5935592651367188 3
    endloop
  endfacet
  facet normal -0.7023942409823632 0.6192425350937516 -0.3509715272860085
    outer loop
      vertex 1.8224210739135742 -1.7113676071166992 3
      vertex 2.6684765815734863 -2.452030658721924 0
      vertex 2.6425111293792725 -2.481482744216919 0
    endloop
  endfacet
  facet normal 0.881028298672806 0.3171877003953856 -0.35097165078619647
    outer loop
      vertex -2.3244409561157227 -0.9203109741210938 3
      vertex -3.4475796222686768 -1.1201863288879395 0
      vertex -2.377640724182129 -0.7725419998168945 3
    endloop
  endfacet
  facet normal 0.881028298672806 0.3171877003953856 -0.35097165078619647
    outer loop
      vertex -3.4475796222686768 -1.1201863288879395 0
      vertex -2.3244409561157227 -0.9203109741210938 3
      vertex -3.434279680252075 -1.1571285724639893 0
    endloop
  endfacet
  facet normal -0.2042689747197931 0.9138342883797075 -0.35097162185635233
    outer loop
      vertex 0.8631820678710938 -3.519678831100464 0
      vertex 0.6217241287231445 -2.421457290649414 3
      vertex 0.9014999866485596 -3.5111136436462402 0
    endloop
  endfacet
  facet normal -0.2042689747197931 0.9138342883797075 -0.35097162185635233
    outer loop
      vertex 0.6217241287231445 -2.421457290649414 3
      vertex 0.8631820678710938 -3.519678831100464 0
      vertex 0.46845245361328125 -2.4557180404663086 3
    endloop
  endfacet
  facet normal -0.9248576927780618 0.1464829478426635 -0.35097150041073644
    outer loop
      vertex 3.5669331550598145 -0.6404769420623779 0
      vertex 2.4557180404663086 -0.46845245361328125 3
      vertex 2.4802865982055664 -0.31333255767822266 3
    endloop
  endfacet
  facet normal -0.9248576927780618 0.1464829478426635 -0.35097150041073644
    outer loop
      vertex 2.4557180404663086 -0.46845245361328125 3
      vertex 3.5669331550598145 -0.6404769420623779 0
      vertex 3.560791015625 -0.6792569160461426 0
    endloop
  endfacet
  facet normal 0.8593711318491002 -0.37188734472772267 -0.3509715951124255
    outer loop
      vertex -2.2620668411254883 1.0644474029541016 3
      vertex -3.295590877532959 1.5074150562286377 0
      vertex -3.2799973487854004 1.5434491634368896 0
    endloop
  endfacet
  facet normal 0.8593711318491002 -0.37188734472772267 -0.3509715951124255
    outer loop
      vertex -3.295590877532959 1.5074150562286377 0
      vertex -2.2620668411254883 1.0644474029541016 3
      vertex -2.3244409561157227 0.9203109741210938 3
    endloop
  endfacet
  facet normal 0.26124297680445807 -0.8992057748125849 -0.35097162508391533
    outer loop
      vertex -1.082481861114502 3.458533763885498 0
      vertex -0.7725419998168945 2.377640724182129 3
      vertex -1.1201863288879395 3.4475796222686768 0
    endloop
  endfacet
  facet normal 0.26124297680445807 -0.8992057748125849 -0.35097162508391533
    outer loop
      vertex -0.7725419998168945 2.377640724182129 3
      vertex -1.082481861114502 3.458533763885498 0
      vertex -0.6217241287231445 2.421457290649414 3
    endloop
  endfacet
  facet normal -0.932230391701672 0.08812234162855091 -0.35097143714788015
    outer loop
      vertex 3.6141514778137207 -0.2667043209075928 0
      vertex 3.5964152812957764 -0.4543323516845703 0
      vertex 2.4802865982055664 -0.31333255767822266 3
    endloop
  endfacet
  facet normal -0.9359240384219983 0.029414430578515047 -0.3509714882687761
    outer loop
      vertex 3.6237666606903076 -0.03924393653869629 0
      vertex 3.6178464889526367 -0.2276151180267334 0
      vertex 2.4950666427612305 -0.15697574615478516 3
    endloop
  endfacet
  facet normal -0.3171877003953856 -0.881028298672806 -0.35097165078619647
    outer loop
      vertex 1.1201863288879395 3.4475796222686768 0
      vertex 0.9203109741210938 2.3244409561157227 3
      vertex 0.7725419998168945 2.377640724182129 3
    endloop
  endfacet
  facet normal -0.3171877003953856 -0.881028298672806 -0.35097165078619647
    outer loop
      vertex 0.9203109741210938 2.3244409561157227 3
      vertex 1.1201863288879395 3.4475796222686768 0
      vertex 1.1571285724639893 3.434279680252075 0
    endloop
  endfacet
  facet normal -0.4251072038566688 0.8343277573525284 -0.350971592212625
    outer loop
      vertex 1.5434491634368896 -3.2799973487854004 0
      vertex 1.2043838500976562 -2.1907663345336914 3
      vertex 1.5784332752227783 -3.262172222137451 0
    endloop
  endfacet
  facet normal -0.4251072038566688 0.8343277573525284 -0.350971592212625
    outer loop
      vertex 1.2043838500976562 -2.1907663345336914 3
      vertex 1.5434491634368896 -3.2799973487854004 0
      vertex 1.0644474029541016 -2.2620668411254883 3
    endloop
  endfacet
  facet normal 0.5263244511948825 0.7744685332529894 -0.35097159867341016
    outer loop
      vertex -1.3395662307739258 -2.110818862915039 3
      vertex -1.9423716068267822 -3.060687780380249 0
      vertex -2.0982472896575928 -2.9547555446624756 0
    endloop
  endfacet
  facet normal 0.7744685332529894 0.5263244511948825 -0.35097159867341016
    outer loop
      vertex -2.110818862915039 -1.3395662307739258 3
      vertex -2.9547555446624756 -2.0982472896575928 0
      vertex -3.060687780380249 -1.9423716068267822 0
    endloop
  endfacet
  facet normal -0.8810275730110027 0.3171898272758689 -0.35097155022458254
    outer loop
      vertex 3.434279680252075 -1.1571285724639893 0
      vertex 3.3704395294189453 -1.3344511985778809 0
      vertex 2.3244409561157227 -0.9203109741210938 3
    endloop
  endfacet
  facet normal -0.20426650724384857 -0.913834883552718 -0.35097150827465873
    outer loop
      vertex 0.6792569160461426 3.560791015625 0
      vertex 0.8631820678710938 3.519678831100464 0
      vertex 0.46845245361328125 2.4557180404663086 3
    endloop
  endfacet
  facet normal 0.8059862198866108 0.476660504178463 -0.3509714762045845
    outer loop
      vertex -2.1907663345336914 -1.2043838500976562 3
      vertex -3.080674648284912 -1.9085760116577148 0
      vertex -3.1766111850738525 -1.746356725692749 0
    endloop
  endfacet
  facet normal 0.37188734472772267 -0.8593711318491002 -0.3509715951124255
    outer loop
      vertex -1.5074150562286377 3.295590877532959 0
      vertex -1.0644474029541016 2.2620668411254883 3
      vertex -1.5434491634368896 3.2799973487854004 0
    endloop
  endfacet
  facet normal 0.37188734472772267 -0.8593711318491002 -0.3509715951124255
    outer loop
      vertex -1.0644474029541016 2.2620668411254883 3
      vertex -1.5074150562286377 3.295590877532959 0
      vertex -0.9203109741210938 2.3244409561157227 3
    endloop
  endfacet
  facet normal 0.8593717865022987 0.3718858989513713 -0.3509715240941604
    outer loop
      vertex -2.3244409561157227 -0.9203109741210938 3
      vertex -3.295590877532959 -1.5074150562286377 0
      vertex -3.3704395294189453 -1.3344511985778809 0
    endloop
  endfacet
  facet normal -0.029414430578515047 0.9359240384219983 -0.3509714882687761
    outer loop
      vertex 0.15697574615478516 -2.4950666427612305 3
      vertex 0.2276151180267334 -3.6178464889526367 0
      vertex 0.03924393653869629 -3.6237666606903076 0
    endloop
  endfacet
  facet normal 0.881028298672806 -0.3171877003953856 -0.35097165078619647
    outer loop
      vertex -2.3244409561157227 0.9203109741210938 3
      vertex -3.4475796222686768 1.1201863288879395 0
      vertex -3.434279680252075 1.1571285724639893 0
    endloop
  endfacet
  facet normal 0.881028298672806 -0.3171877003953856 -0.35097165078619647
    outer loop
      vertex -3.4475796222686768 1.1201863288879395 0
      vertex -2.3244409561157227 0.9203109741210938 3
      vertex -2.377640724182129 0.7725419998168945 3
    endloop
  endfacet
  facet normal 0.7744680730655514 0.5263251044984272 -0.3509716344333987
    outer loop
      vertex -2.0225419998168945 -1.4694623947143555 3
      vertex -2.9547555446624756 -2.0982472896575928 0
      vertex -2.110818862915039 -1.3395662307739258 3
    endloop
  endfacet
  facet normal 0.7744680730655514 0.5263251044984272 -0.3509716344333987
    outer loop
      vertex -2.9547555446624756 -2.0982472896575928 0
      vertex -2.0225419998168945 -1.4694623947143555 3
      vertex -2.9326863288879395 -2.1307213306427 0
    endloop
  endfacet
  facet normal -0.6192412131577173 -0.7023954464241589 -0.35097144722835366
    outer loop
      vertex 2.3106610774993896 2.793109893798828 0
      vertex 2.452030658721924 2.6684765815734863 0
      vertex 1.5935592651367188 1.9262828826904297 3
    endloop
  endfacet
  facet normal -0.881028298672806 -0.3171877003953856 -0.35097165078619647
    outer loop
      vertex 3.4475796222686768 1.1201863288879395 0
      vertex 2.3244409561157227 0.9203109741210938 3
      vertex 3.434279680252075 1.1571285724639893 0
    endloop
  endfacet
  facet normal -0.881028298672806 -0.3171877003953856 -0.35097165078619647
    outer loop
      vertex 2.3244409561157227 0.9203109741210938 3
      vertex 3.4475796222686768 1.1201863288879395 0
      vertex 2.377640724182129 0.7725419998168945 3
    endloop
  endfacet
  facet normal 0.3171877003953856 -0.881028298672806 -0.35097165078619647
    outer loop
      vertex -1.1201863288879395 3.4475796222686768 0
      vertex -0.9203109741210938 2.3244409561157227 3
      vertex -1.1571285724639893 3.434279680252075 0
    endloop
  endfacet
  facet normal 0.3171877003953856 -0.881028298672806 -0.35097165078619647
    outer loop
      vertex -0.9203109741210938 2.3244409561157227 3
      vertex -1.1201863288879395 3.4475796222686768 0
      vertex -0.7725419998168945 2.377640724182129 3
    endloop
  endfacet
  facet normal 0.4251072038566688 -0.8343277573525284 -0.350971592212625
    outer loop
      vertex -1.5434491634368896 3.2799973487854004 0
      vertex -1.2043838500976562 2.1907663345336914 3
      vertex -1.5784332752227783 3.262172222137451 0
    endloop
  endfacet
  facet normal 0.4251072038566688 -0.8343277573525284 -0.350971592212625
    outer loop
      vertex -1.2043838500976562 2.1907663345336914 3
      vertex -1.5434491634368896 3.2799973487854004 0
      vertex -1.0644474029541016 2.2620668411254883 3
    endloop
  endfacet
  facet normal -0.5739205692328672 -0.7398879768275182 -0.3509714546191808
    outer loop
      vertex 2.161745548248291 2.9086215496063232 0
      vertex 2.3106610774993896 2.793109893798828 0
      vertex 1.5935592651367188 1.9262828826904297 3
    endloop
  endfacet
  facet normal -0.1464829478426635 -0.9248576927780618 -0.35097150041073644
    outer loop
      vertex 0.6404769420623779 3.5669331550598145 0
      vertex 0.46845245361328125 2.4557180404663086 3
      vertex 0.31333255767822266 2.4802865982055664 3
    endloop
  endfacet
  facet normal -0.1464829478426635 -0.9248576927780618 -0.35097150041073644
    outer loop
      vertex 0.46845245361328125 2.4557180404663086 3
      vertex 0.6404769420623779 3.5669331550598145 0
      vertex 0.6792569160461426 3.560791015625 0
    endloop
  endfacet
  facet normal -0.6192412131577173 0.7023954464241589 -0.35097144722835366
    outer loop
      vertex 2.452030658721924 -2.6684765815734863 0
      vertex 2.3106610774993896 -2.793109893798828 0
      vertex 1.5935592651367188 -1.9262828826904297 3
    endloop
  endfacet
  facet normal -0.5263244511948825 -0.7744685332529894 -0.35097159867341016
    outer loop
      vertex 1.9423716068267822 3.060687780380249 0
      vertex 2.0982472896575928 2.9547555446624756 0
      vertex 1.3395662307739258 2.110818862915039 3
    endloop
  endfacet
  facet normal -0.8343277573525284 -0.4251072038566688 -0.350971592212625
    outer loop
      vertex 3.2799973487854004 1.5434491634368896 0
      vertex 2.1907663345336914 1.2043838500976562 3
      vertex 3.262172222137451 1.5784332752227783 0
    endloop
  endfacet
  facet normal -0.8343277573525284 -0.4251072038566688 -0.350971592212625
    outer loop
      vertex 2.1907663345336914 1.2043838500976562 3
      vertex 3.2799973487854004 1.5434491634368896 0
      vertex 2.2620668411254883 1.0644474029541016 3
    endloop
  endfacet
  facet normal 0.913834883552718 0.20426650724384857 -0.35097150827465873
    outer loop
      vertex -2.4557180404663086 -0.46845245361328125 3
      vertex -3.519678831100464 -0.8631820678710938 0
      vertex -3.560791015625 -0.6792569160461426 0
    endloop
  endfacet
  facet normal -0.7023942409823632 -0.6192425350937516 -0.3509715272860085
    outer loop
      vertex 2.6684765815734863 2.452030658721924 0
      vertex 1.8224210739135742 1.7113676071166992 3
      vertex 2.6425111293792725 2.481482744216919 0
    endloop
  endfacet
  facet normal -0.7023942409823632 -0.6192425350937516 -0.3509715272860085
    outer loop
      vertex 1.8224210739135742 1.7113676071166992 3
      vertex 2.6684765815734863 2.452030658721924 0
      vertex 1.9262828826904297 1.5935592651367188 3
    endloop
  endfacet
  facet normal -0.08812234162855091 0.932230391701672 -0.35097143714788015
    outer loop
      vertex 0.31333255767822266 -2.4802865982055664 3
      vertex 0.4543323516845703 -3.5964152812957764 0
      vertex 0.2667043209075928 -3.6141514778137207 0
    endloop
  endfacet
  facet normal 0.14648170870532704 -0.924857910401821 -0.35097144411183223
    outer loop
      vertex -0.4543323516845703 3.5964152812957764 0
      vertex -0.31333255767822266 2.4802865982055664 3
      vertex -0.6404769420623779 3.5669331550598145 0
    endloop
  endfacet
  facet normal 0.4766629932217831 -0.8059846909400405 -0.3509716069187617
    outer loop
      vertex -1.9085760116577148 3.080674648284912 0
      vertex -1.3395662307739258 2.110818862915039 3
      vertex -1.9423716068267822 3.060687780380249 0
    endloop
  endfacet
  facet normal 0.4766629932217831 -0.8059846909400405 -0.3509716069187617
    outer loop
      vertex -1.3395662307739258 2.110818862915039 3
      vertex -1.9085760116577148 3.080674648284912 0
      vertex -1.2043838500976562 2.1907663345336914 3
    endloop
  endfacet
  facet normal -0.26124240833283413 -0.8992059503600142 -0.35097159846005277
    outer loop
      vertex 0.9014999866485596 3.5111136436462402 0
      vertex 1.082481861114502 3.458533763885498 0
      vertex 0.6217241287231445 2.421457290649414 3
    endloop
  endfacet
  facet normal -0.8059862198866108 0.476660504178463 -0.3509714762045845
    outer loop
      vertex 3.1766111850738525 -1.746356725692749 0
      vertex 3.080674648284912 -1.9085760116577148 0
      vertex 2.1907663345336914 -1.2043838500976562 3
    endloop
  endfacet
  facet normal -0.476660504178463 0.8059862198866108 -0.3509714762045845
    outer loop
      vertex 1.9085760116577148 -3.080674648284912 0
      vertex 1.746356725692749 -3.1766111850738525 0
      vertex 1.2043838500976562 -2.1907663345336914 3
    endloop
  endfacet
  facet normal -0.8059846909400405 0.4766629932217831 -0.3509716069187617
    outer loop
      vertex 3.080674648284912 -1.9085760116577148 0
      vertex 2.110818862915039 -1.3395662307739258 3
      vertex 2.1907663345336914 -1.2043838500976562 3
    endloop
  endfacet
  facet normal -0.8059846909400405 0.4766629932217831 -0.3509716069187617
    outer loop
      vertex 2.110818862915039 -1.3395662307739258 3
      vertex 3.080674648284912 -1.9085760116577148 0
      vertex 3.060687780380249 -1.9423716068267822 0
    endloop
  endfacet
  facet normal -0.7744685332529894 0.5263244511948825 -0.35097159867341016
    outer loop
      vertex 3.060687780380249 -1.9423716068267822 0
      vertex 2.9547555446624756 -2.0982472896575928 0
      vertex 2.110818862915039 -1.3395662307739258 3
    endloop
  endfacet
  facet normal -0.08812156936004208 0.9322304516529628 -0.3509714718099408
    outer loop
      vertex 0.2667043209075928 -3.6141514778137207 0
      vertex 0.15697574615478516 -2.4950666427612305 3
      vertex 0.31333255767822266 -2.4802865982055664 3
    endloop
  endfacet
  facet normal -0.08812156936004208 0.9322304516529628 -0.3509714718099408
    outer loop
      vertex 0.15697574615478516 -2.4950666427612305 3
      vertex 0.2667043209075928 -3.6141514778137207 0
      vertex 0.2276151180267334 -3.6178464889526367 0
    endloop
  endfacet
  facet normal 0.5263251044984272 -0.7744680730655514 -0.3509716344333987
    outer loop
      vertex -2.0982472896575928 2.9547555446624756 0
      vertex -1.4694623947143555 2.0225419998168945 3
      vertex -2.1307213306427 2.9326863288879395 0
    endloop
  endfacet
  facet normal 0.5263251044984272 -0.7744680730655514 -0.3509716344333987
    outer loop
      vertex -1.4694623947143555 2.0225419998168945 3
      vertex -2.0982472896575928 2.9547555446624756 0
      vertex -1.3395662307739258 2.110818862915039 3
    endloop
  endfacet
  facet normal 0.08812234162855091 -0.932230391701672 -0.35097143714788015
    outer loop
      vertex -0.2667043209075928 3.6141514778137207 0
      vertex -0.31333255767822266 2.4802865982055664 3
      vertex -0.4543323516845703 3.5964152812957764 0
    endloop
  endfacet
  facet normal 0.6192425350937516 -0.7023942409823632 -0.3509715272860085
    outer loop
      vertex -2.452030658721924 2.6684765815734863 0
      vertex -1.7113676071166992 1.8224210739135742 3
      vertex -2.481482744216919 2.6425111293792725 0
    endloop
  endfacet
  facet normal 0.6192425350937516 -0.7023942409823632 -0.3509715272860085
    outer loop
      vertex -1.7113676071166992 1.8224210739135742 3
      vertex -2.452030658721924 2.6684765815734863 0
      vertex -1.5935592651367188 1.9262828826904297 3
    endloop
  endfacet
  facet normal 0.4766629932217831 0.8059846909400405 -0.3509716069187617
    outer loop
      vertex -1.9085760116577148 -3.080674648284912 0
      vertex -1.3395662307739258 -2.110818862915039 3
      vertex -1.2043838500976562 -2.1907663345336914 3
    endloop
  endfacet
  facet normal 0.4766629932217831 0.8059846909400405 -0.3509716069187617
    outer loop
      vertex -1.3395662307739258 -2.110818862915039 3
      vertex -1.9085760116577148 -3.080674648284912 0
      vertex -1.9423716068267822 -3.060687780380249 0
    endloop
  endfacet
  facet normal -0.9138342883797075 0.2042689747197931 -0.35097162185635233
    outer loop
      vertex 3.519678831100464 -0.8631820678710938 0
      vertex 2.421457290649414 -0.6217241287231445 3
      vertex 2.4557180404663086 -0.46845245361328125 3
    endloop
  endfacet
  facet normal -0.9138342883797075 0.2042689747197931 -0.35097162185635233
    outer loop
      vertex 2.421457290649414 -0.6217241287231445 3
      vertex 3.519678831100464 -0.8631820678710938 0
      vertex 3.5111136436462402 -0.9014999866485596 0
    endloop
  endfacet
  facet normal 0.4251072038566688 0.8343277573525284 -0.350971592212625
    outer loop
      vertex -1.5434491634368896 -3.2799973487854004 0
      vertex -1.2043838500976562 -2.1907663345336914 3
      vertex -1.0644474029541016 -2.2620668411254883 3
    endloop
  endfacet
  facet normal 0.4251072038566688 0.8343277573525284 -0.350971592212625
    outer loop
      vertex -1.2043838500976562 -2.1907663345336914 3
      vertex -1.5434491634368896 -3.2799973487854004 0
      vertex -1.5784332752227783 -3.262172222137451 0
    endloop
  endfacet
  facet normal -0.8992059503600142 -0.26124240833283413 -0.35097159846005277
    outer loop
      vertex 3.458533763885498 1.082481861114502 0
      vertex 3.5111136436462402 0.9014999866485596 0
      vertex 2.421457290649414 0.6217241287231445 3
    endloop
  endfacet
  facet normal -0.4251094910236427 0.8343266399069134 -0.3509714783045186
    outer loop
      vertex 1.746356725692749 -3.1766111850738525 0
      vertex 1.5784332752227783 -3.262172222137451 0
      vertex 1.2043838500976562 -2.1907663345336914 3
    endloop
  endfacet
  facet normal -0.029413764808204783 0.9359240481723015 -0.3509715180646131
    outer loop
      vertex 0.03924393653869629 -3.6237666606903076 0
      vertex 0 -2.5 3
      vertex 0.15697574615478516 -2.4950666427612305 3
    endloop
  endfacet
  facet normal -0.029413764808204783 0.9359240481723015 -0.3509715180646131
    outer loop
      vertex 0 -2.5 3
      vertex 0.03924393653869629 -3.6237666606903076 0
      vertex 0 -3.625 0
    endloop
  endfacet
  facet normal -0.8992059503600142 0.26124240833283413 -0.35097159846005277
    outer loop
      vertex 3.5111136436462402 -0.9014999866485596 0
      vertex 3.458533763885498 -1.082481861114502 0
      vertex 2.421457290649414 -0.6217241287231445 3
    endloop
  endfacet
  facet normal -0.5263244511948825 0.7744685332529894 -0.35097159867341016
    outer loop
      vertex 2.0982472896575928 -2.9547555446624756 0
      vertex 1.9423716068267822 -3.060687780380249 0
      vertex 1.3395662307739258 -2.110818862915039 3
    endloop
  endfacet
  facet normal -0.20426650724384857 0.913834883552718 -0.35097150827465873
    outer loop
      vertex 0.8631820678710938 -3.519678831100464 0
      vertex 0.6792569160461426 -3.560791015625 0
      vertex 0.46845245361328125 -2.4557180404663086 3
    endloop
  endfacet
  facet normal 0.9322304516529628 -0.08812156936004208 -0.3509714718099408
    outer loop
      vertex -2.4802865982055664 0.31333255767822266 3
      vertex -3.6178464889526367 0.2276151180267334 0
      vertex -3.6141514778137207 0.2667043209075928 0
    endloop
  endfacet
  facet normal 0.9322304516529628 -0.08812156936004208 -0.3509714718099408
    outer loop
      vertex -3.6178464889526367 0.2276151180267334 0
      vertex -2.4802865982055664 0.31333255767822266 3
      vertex -2.4950666427612305 0.15697574615478516 3
    endloop
  endfacet
  facet normal 0.2042689747197931 0.9138342883797075 -0.35097162185635233
    outer loop
      vertex -0.8631820678710938 -3.519678831100464 0
      vertex -0.6217241287231445 -2.421457290649414 3
      vertex -0.46845245361328125 -2.4557180404663086 3
    endloop
  endfacet
  facet normal 0.2042689747197931 0.9138342883797075 -0.35097162185635233
    outer loop
      vertex -0.6217241287231445 -2.421457290649414 3
      vertex -0.8631820678710938 -3.519678831100464 0
      vertex -0.9014999866485596 -3.5111136436462402 0
    endloop
  endfacet
  facet normal 0.8593711318491002 0.37188734472772267 -0.3509715951124255
    outer loop
      vertex -2.2620668411254883 -1.0644474029541016 3
      vertex -3.295590877532959 -1.5074150562286377 0
      vertex -2.3244409561157227 -0.9203109741210938 3
    endloop
  endfacet
  facet normal 0.8593711318491002 0.37188734472772267 -0.3509715951124255
    outer loop
      vertex -3.295590877532959 -1.5074150562286377 0
      vertex -2.2620668411254883 -1.0644474029541016 3
      vertex -3.2799973487854004 -1.5434491634368896 0
    endloop
  endfacet
  facet normal -0.6621249829396927 0.6621249829396927 -0.35097152866610637
    outer loop
      vertex 2.6425111293792725 -2.481482744216919 0
      vertex 1.7113676071166992 -1.8224210739135742 3
      vertex 1.8224210739135742 -1.7113676071166992 3
    endloop
  endfacet
  facet normal -0.6621249829396926 0.6621249829396926 -0.35097152866610637
    outer loop
      vertex 1.7113676071166992 -1.8224210739135742 3
      vertex 2.6425111293792725 -2.481482744216919 0
      vertex 2.481482744216919 -2.6425111293792725 0
    endloop
  endfacet
  facet normal 0.3171898272758689 0.8810275730110027 -0.35097155022458254
    outer loop
      vertex -0.9203109741210938 -2.3244409561157227 3
      vertex -1.1571285724639893 -3.434279680252075 0
      vertex -1.3344511985778809 -3.3704395294189453 0
    endloop
  endfacet
  facet normal -0.881028298672806 0.3171877003953856 -0.35097165078619647
    outer loop
      vertex 3.4475796222686768 -1.1201863288879395 0
      vertex 2.3244409561157227 -0.9203109741210938 3
      vertex 2.377640724182129 -0.7725419998168945 3
    endloop
  endfacet
  facet normal -0.881028298672806 0.3171877003953856 -0.35097165078619647
    outer loop
      vertex 2.3244409561157227 -0.9203109741210938 3
      vertex 3.4475796222686768 -1.1201863288879395 0
      vertex 3.434279680252075 -1.1571285724639893 0
    endloop
  endfacet
  facet normal 0.7023954464241589 -0.6192412131577173 -0.35097144722835366
    outer loop
      vertex -2.6684765815734863 2.452030658721924 0
      vertex -1.9262828826904297 1.5935592651367188 3
      vertex -2.793109893798828 2.3106610774993896 0
    endloop
  endfacet
  facet normal 0.7023942409823632 0.6192425350937516 -0.3509715272860085
    outer loop
      vertex -1.8224210739135742 -1.7113676071166992 3
      vertex -2.6684765815734863 -2.452030658721924 0
      vertex -1.9262828826904297 -1.5935592651367188 3
    endloop
  endfacet
  facet normal 0.7023942409823632 0.6192425350937516 -0.3509715272860085
    outer loop
      vertex -2.6684765815734863 -2.452030658721924 0
      vertex -1.8224210739135742 -1.7113676071166992 3
      vertex -2.6425111293792725 -2.481482744216919 0
    endloop
  endfacet
  facet normal 0.3718858989513713 0.8593717865022987 -0.3509715240941604
    outer loop
      vertex -0.9203109741210938 -2.3244409561157227 3
      vertex -1.3344511985778809 -3.3704395294189453 0
      vertex -1.5074150562286377 -3.295590877532959 0
    endloop
  endfacet
  facet normal -0.8343266399069134 0.4251094910236427 -0.3509714783045186
    outer loop
      vertex 3.262172222137451 -1.5784332752227783 0
      vertex 3.1766111850738525 -1.746356725692749 0
      vertex 2.1907663345336914 -1.2043838500976562 3
    endloop
  endfacet
  facet normal -0.7398909667800332 0.5739165781513363 -0.35097167777524313
    outer loop
      vertex 2.9326863288879395 -2.1307213306427 0
      vertex 1.9262828826904297 -1.5935592651367188 3
      vertex 2.0225419998168945 -1.4694623947143555 3
    endloop
  endfacet
  facet normal -0.7398909667800332 0.5739165781513363 -0.35097167777524313
    outer loop
      vertex 1.9262828826904297 -1.5935592651367188 3
      vertex 2.9326863288879395 -2.1307213306427 0
      vertex 2.9086215496063232 -2.161745548248291 0
    endloop
  endfacet
  facet normal -0.8992057748125849 0.26124297680445807 -0.35097162508391533
    outer loop
      vertex 3.458533763885498 -1.082481861114502 0
      vertex 2.377640724182129 -0.7725419998168945 3
      vertex 2.421457290649414 -0.6217241287231445 3
    endloop
  endfacet
  facet normal -0.8992057748125849 0.26124297680445807 -0.35097162508391533
    outer loop
      vertex 2.377640724182129 -0.7725419998168945 3
      vertex 3.458533763885498 -1.082481861114502 0
      vertex 3.4475796222686768 -1.1201863288879395 0
    endloop
  endfacet
  facet normal 0.6192425350937516 0.7023942409823632 -0.3509715272860085
    outer loop
      vertex -2.452030658721924 -2.6684765815734863 0
      vertex -1.7113676071166992 -1.8224210739135742 3
      vertex -1.5935592651367188 -1.9262828826904297 3
    endloop
  endfacet
  facet normal 0.6192425350937516 0.7023942409823632 -0.3509715272860085
    outer loop
      vertex -1.7113676071166992 -1.8224210739135742 3
      vertex -2.452030658721924 -2.6684765815734863 0
      vertex -2.481482744216919 -2.6425111293792725 0
    endloop
  endfacet
  facet normal 0.932230391701672 -0.08812234162855091 -0.35097143714788015
    outer loop
      vertex -3.5964152812957764 0.4543323516845703 0
      vertex -2.4802865982055664 0.31333255767822266 3
      vertex -3.6141514778137207 0.2667043209075928 0
    endloop
  endfacet
  facet normal 0.7023942409823632 -0.6192425350937516 -0.3509715272860085
    outer loop
      vertex -1.8224210739135742 1.7113676071166992 3
      vertex -2.6684765815734863 2.452030658721924 0
      vertex -2.6425111293792725 2.481482744216919 0
    endloop
  endfacet
  facet normal 0.7023942409823632 -0.6192425350937516 -0.3509715272860085
    outer loop
      vertex -2.6684765815734863 2.452030658721924 0
      vertex -1.8224210739135742 1.7113676071166992 3
      vertex -1.9262828826904297 1.5935592651367188 3
    endloop
  endfacet
  facet normal 0.7398879768275182 -0.5739205692328672 -0.3509714546191808
    outer loop
      vertex -2.793109893798828 2.3106610774993896 0
      vertex -1.9262828826904297 1.5935592651367188 3
      vertex -2.9086215496063232 2.161745548248291 0
    endloop
  endfacet
  facet normal 0.7023954464241589 0.6192412131577173 -0.35097144722835366
    outer loop
      vertex -1.9262828826904297 -1.5935592651367188 3
      vertex -2.6684765815734863 -2.452030658721924 0
      vertex -2.793109893798828 -2.3106610774993896 0
    endloop
  endfacet
  facet normal 0.1464829478426635 0.9248576927780618 -0.35097150041073644
    outer loop
      vertex -0.6404769420623779 -3.5669331550598145 0
      vertex -0.46845245361328125 -2.4557180404663086 3
      vertex -0.31333255767822266 -2.4802865982055664 3
    endloop
  endfacet
  facet normal 0.1464829478426635 0.9248576927780618 -0.35097150041073644
    outer loop
      vertex -0.46845245361328125 -2.4557180404663086 3
      vertex -0.6404769420623779 -3.5669331550598145 0
      vertex -0.6792569160461426 -3.560791015625 0
    endloop
  endfacet
  facet normal -0.5263251044984272 0.7744680730655514 -0.3509716344333987
    outer loop
      vertex 2.0982472896575928 -2.9547555446624756 0
      vertex 1.4694623947143555 -2.0225419998168945 3
      vertex 2.1307213306427 -2.9326863288879395 0
    endloop
  endfacet
  facet normal -0.5263251044984272 0.7744680730655514 -0.3509716344333987
    outer loop
      vertex 1.4694623947143555 -2.0225419998168945 3
      vertex 2.0982472896575928 -2.9547555446624756 0
      vertex 1.3395662307739258 -2.110818862915039 3
    endloop
  endfacet
  facet normal 0.8992057748125849 0.26124297680445807 -0.35097162508391533
    outer loop
      vertex -2.377640724182129 -0.7725419998168945 3
      vertex -3.458533763885498 -1.082481861114502 0
      vertex -2.421457290649414 -0.6217241287231445 3
    endloop
  endfacet
  facet normal 0.8992057748125849 0.26124297680445807 -0.35097162508391533
    outer loop
      vertex -3.458533763885498 -1.082481861114502 0
      vertex -2.377640724182129 -0.7725419998168945 3
      vertex -3.4475796222686768 -1.1201863288879395 0
    endloop
  endfacet
  facet normal -0.6621249829396926 -0.6621249829396926 -0.35097152866610637
    outer loop
      vertex 2.6425111293792725 2.481482744216919 0
      vertex 1.7113676071166992 1.8224210739135742 3
      vertex 2.481482744216919 2.6425111293792725 0
    endloop
  endfacet
  facet normal -0.6621249829396927 -0.6621249829396927 -0.35097152866610637
    outer loop
      vertex 1.7113676071166992 1.8224210739135742 3
      vertex 2.6425111293792725 2.481482744216919 0
      vertex 1.8224210739135742 1.7113676071166992 3
    endloop
  endfacet
  facet normal -0.7744685332529894 -0.5263244511948825 -0.35097159867341016
    outer loop
      vertex 2.9547555446624756 2.0982472896575928 0
      vertex 3.060687780380249 1.9423716068267822 0
      vertex 2.110818862915039 1.3395662307739258 3
    endloop
  endfacet
  facet normal -0.7744680730655514 -0.5263251044984272 -0.3509716344333987
    outer loop
      vertex 2.9547555446624756 2.0982472896575928 0
      vertex 2.0225419998168945 1.4694623947143555 3
      vertex 2.9326863288879395 2.1307213306427 0
    endloop
  endfacet
  facet normal -0.7744680730655514 -0.5263251044984272 -0.3509716344333987
    outer loop
      vertex 2.0225419998168945 1.4694623947143555 3
      vertex 2.9547555446624756 2.0982472896575928 0
      vertex 2.110818862915039 1.3395662307739258 3
    endloop
  endfacet
  facet normal 0.6621249829396927 0.6621249829396927 -0.35097152866610637
    outer loop
      vertex -1.7113676071166992 -1.8224210739135742 3
      vertex -2.6425111293792725 -2.481482744216919 0
      vertex -1.8224210739135742 -1.7113676071166992 3
    endloop
  endfacet
  facet normal 0.6621249829396926 0.6621249829396926 -0.35097152866610637
    outer loop
      vertex -2.6425111293792725 -2.481482744216919 0
      vertex -1.7113676071166992 -1.8224210739135742 3
      vertex -2.481482744216919 -2.6425111293792725 0
    endloop
  endfacet
  facet normal 0.08812156936004208 -0.9322304516529628 -0.3509714718099408
    outer loop
      vertex -0.2667043209075928 3.6141514778137207 0
      vertex -0.15697574615478516 2.4950666427612305 3
      vertex -0.31333255767822266 2.4802865982055664 3
    endloop
  endfacet
  facet normal 0.08812156936004208 -0.9322304516529628 -0.3509714718099408
    outer loop
      vertex -0.15697574615478516 2.4950666427612305 3
      vertex -0.2667043209075928 3.6141514778137207 0
      vertex -0.2276151180267334 3.6178464889526367 0
    endloop
  endfacet
  facet normal 0.7398909667800332 -0.5739165781513363 -0.35097167777524313
    outer loop
      vertex -1.9262828826904297 1.5935592651367188 3
      vertex -2.9326863288879395 2.1307213306427 0
      vertex -2.9086215496063232 2.161745548248291 0
    endloop
  endfacet
  facet normal 0.7398909667800332 -0.5739165781513363 -0.35097167777524313
    outer loop
      vertex -2.9326863288879395 2.1307213306427 0
      vertex -1.9262828826904297 1.5935592651367188 3
      vertex -2.0225419998168945 1.4694623947143555 3
    endloop
  endfacet
  facet normal 0.924857910401821 0.14648170870532704 -0.35097144411183223
    outer loop
      vertex -2.4802865982055664 -0.31333255767822266 3
      vertex -3.5669331550598145 -0.6404769420623779 0
      vertex -3.5964152812957764 -0.4543323516845703 0
    endloop
  endfacet
  facet normal 0.37188734472772267 0.8593711318491002 -0.3509715951124255
    outer loop
      vertex -1.5074150562286377 -3.295590877532959 0
      vertex -1.0644474029541016 -2.2620668411254883 3
      vertex -0.9203109741210938 -2.3244409561157227 3
    endloop
  endfacet
  facet normal 0.37188734472772267 0.8593711318491002 -0.3509715951124255
    outer loop
      vertex -1.0644474029541016 -2.2620668411254883 3
      vertex -1.5074150562286377 -3.295590877532959 0
      vertex -1.5434491634368896 -3.2799973487854004 0
    endloop
  endfacet
  facet normal -0.3171877003953856 0.881028298672806 -0.35097165078619647
    outer loop
      vertex 1.1201863288879395 -3.4475796222686768 0
      vertex 0.9203109741210938 -2.3244409561157227 3
      vertex 1.1571285724639893 -3.434279680252075 0
    endloop
  endfacet
  facet normal -0.3171877003953856 0.881028298672806 -0.35097165078619647
    outer loop
      vertex 0.9203109741210938 -2.3244409561157227 3
      vertex 1.1201863288879395 -3.4475796222686768 0
      vertex 0.7725419998168945 -2.377640724182129 3
    endloop
  endfacet
  facet normal 0.029414430578515047 0.9359240384219983 -0.3509714882687761
    outer loop
      vertex -0.15697574615478516 -2.4950666427612305 3
      vertex -0.03924393653869629 -3.6237666606903076 0
      vertex -0.2276151180267334 -3.6178464889526367 0
    endloop
  endfacet
  facet normal 0.5739165781513363 0.7398909667800332 -0.35097167777524313
    outer loop
      vertex -2.1307213306427 -2.9326863288879395 0
      vertex -1.5935592651367188 -1.9262828826904297 3
      vertex -1.4694623947143555 -2.0225419998168945 3
    endloop
  endfacet
  facet normal 0.5739165781513363 0.7398909667800332 -0.35097167777524313
    outer loop
      vertex -1.5935592651367188 -1.9262828826904297 3
      vertex -2.1307213306427 -2.9326863288879395 0
      vertex -2.161745548248291 -2.9086215496063232 0
    endloop
  endfacet
  facet normal 0.20426650724384857 0.913834883552718 -0.35097150827465873
    outer loop
      vertex -0.46845245361328125 -2.4557180404663086 3
      vertex -0.6792569160461426 -3.560791015625 0
      vertex -0.8631820678710938 -3.519678831100464 0
    endloop
  endfacet
  facet normal 0.3171877003953856 0.881028298672806 -0.35097165078619647
    outer loop
      vertex -1.1201863288879395 -3.4475796222686768 0
      vertex -0.9203109741210938 -2.3244409561157227 3
      vertex -0.7725419998168945 -2.377640724182129 3
    endloop
  endfacet
  facet normal 0.3171877003953856 0.881028298672806 -0.35097165078619647
    outer loop
      vertex -0.9203109741210938 -2.3244409561157227 3
      vertex -1.1201863288879395 -3.4475796222686768 0
      vertex -1.1571285724639893 -3.434279680252075 0
    endloop
  endfacet
  facet normal 0.8343266399069134 0.4251094910236427 -0.3509714783045186
    outer loop
      vertex -2.1907663345336914 -1.2043838500976562 3
      vertex -3.1766111850738525 -1.746356725692749 0
      vertex -3.262172222137451 -1.5784332752227783 0
    endloop
  endfacet
  facet normal 0.5739205692328672 0.7398879768275182 -0.3509714546191808
    outer loop
      vertex -1.5935592651367188 -1.9262828826904297 3
      vertex -2.161745548248291 -2.9086215496063232 0
      vertex -2.3106610774993896 -2.793109893798828 0
    endloop
  endfacet
  facet normal -0.37188734472772267 -0.8593711318491002 -0.3509715951124255
    outer loop
      vertex 1.5074150562286377 3.295590877532959 0
      vertex 1.0644474029541016 2.2620668411254883 3
      vertex 0.9203109741210938 2.3244409561157227 3
    endloop
  endfacet
  facet normal -0.37188734472772267 -0.8593711318491002 -0.3509715951124255
    outer loop
      vertex 1.0644474029541016 2.2620668411254883 3
      vertex 1.5074150562286377 3.295590877532959 0
      vertex 1.5434491634368896 3.2799973487854004 0
    endloop
  endfacet
  facet normal -0.5739205692328672 0.7398879768275182 -0.3509714546191808
    outer loop
      vertex 2.3106610774993896 -2.793109893798828 0
      vertex 2.161745548248291 -2.9086215496063232 0
      vertex 1.5935592651367188 -1.9262828826904297 3
    endloop
  endfacet
  facet normal -0.8992057748125849 -0.26124297680445807 -0.35097162508391533
    outer loop
      vertex 3.458533763885498 1.082481861114502 0
      vertex 2.377640724182129 0.7725419998168945 3
      vertex 3.4475796222686768 1.1201863288879395 0
    endloop
  endfacet
  facet normal -0.8992057748125849 -0.26124297680445807 -0.35097162508391533
    outer loop
      vertex 2.377640724182129 0.7725419998168945 3
      vertex 3.458533763885498 1.082481861114502 0
      vertex 2.421457290649414 0.6217241287231445 3
    endloop
  endfacet
  facet normal -0.37188734472772267 0.8593711318491002 -0.3509715951124255
    outer loop
      vertex 1.5074150562286377 -3.295590877532959 0
      vertex 1.0644474029541016 -2.2620668411254883 3
      vertex 1.5434491634368896 -3.2799973487854004 0
    endloop
  endfacet
  facet normal -0.37188734472772267 0.8593711318491002 -0.3509715951124255
    outer loop
      vertex 1.0644474029541016 -2.2620668411254883 3
      vertex 1.5074150562286377 -3.295590877532959 0
      vertex 0.9203109741210938 -2.3244409561157227 3
    endloop
  endfacet
  facet normal 0.26124297680445807 0.8992057748125849 -0.35097162508391533
    outer loop
      vertex -1.082481861114502 -3.458533763885498 0
      vertex -0.7725419998168945 -2.377640724182129 3
      vertex -0.6217241287231445 -2.421457290649414 3
    endloop
  endfacet
  facet normal 0.26124297680445807 0.8992057748125849 -0.35097162508391533
    outer loop
      vertex -0.7725419998168945 -2.377640724182129 3
      vertex -1.082481861114502 -3.458533763885498 0
      vertex -1.1201863288879395 -3.4475796222686768 0
    endloop
  endfacet
  facet normal 0.932230391701672 0.08812234162855091 -0.35097143714788015
    outer loop
      vertex -2.4802865982055664 -0.31333255767822266 3
      vertex -3.5964152812957764 -0.4543323516845703 0
      vertex -3.6141514778137207 -0.2667043209075928 0
    endloop
  endfacet
  facet normal 0.9248576927780618 0.1464829478426635 -0.35097150041073644
    outer loop
      vertex -2.4557180404663086 -0.46845245361328125 3
      vertex -3.5669331550598145 -0.6404769420623779 0
      vertex -2.4802865982055664 -0.31333255767822266 3
    endloop
  endfacet
  facet normal 0.9248576927780618 0.1464829478426635 -0.35097150041073644
    outer loop
      vertex -3.5669331550598145 -0.6404769420623779 0
      vertex -2.4557180404663086 -0.46845245361328125 3
      vertex -3.560791015625 -0.6792569160461426 0
    endloop
  endfacet
  facet normal 0.9322304516529628 0.08812156936004208 -0.3509714718099408
    outer loop
      vertex -2.4950666427612305 -0.15697574615478516 3
      vertex -3.6141514778137207 -0.2667043209075928 0
      vertex -3.6178464889526367 -0.2276151180267334 0
    endloop
  endfacet
  facet normal 0.9322304516529628 0.08812156936004208 -0.3509714718099408
    outer loop
      vertex -3.6141514778137207 -0.2667043209075928 0
      vertex -2.4950666427612305 -0.15697574615478516 3
      vertex -2.4802865982055664 -0.31333255767822266 3
    endloop
  endfacet
endsolid OpenSCAD_Model
