solid OpenSCAD_Model
  facet normal 0.9995065470156709 0.03141118388107106 0
    outer loop
      vertex 14.75 0 40
      vertex 14.720893859863281 0.9261598587036133 3
      vertex 14.720893859863281 0.9261598587036133 40
    endloop
  endfacet
  facet normal 0.9995065470156709 0.03141118388107106 0
    outer loop
      vertex 14.720893859863281 0.9261598587036133 3
      vertex 14.75 0 40
      vertex 14.75 0 3
    endloop
  endfacet
  facet normal 0.8607419641602178 -0.5090415220132934 0
    outer loop
      vertex 12.453836441040039 -7.903444290161133 40
      vertex 12.925522804260254 -7.105866432189941 3
      vertex 12.925522804260254 -7.105866432189941 40
    endloop
  endfacet
  facet normal 0.8607419641602178 -0.5090415220132934 0
    outer loop
      vertex 12.925522804260254 -7.105866432189941 3
      vertex 12.453836441040039 -7.903444290161133 40
      vertex 12.453836441040039 -7.903444290161133 3
    endloop
  endfacet
  facet normal -0.987688232571507 0.15643514707306944 0
    outer loop
      vertex -14.633691787719727 1.8486642837524414 3
      vertex -14.488736152648926 2.763874053955078 40
      vertex -14.488736152648926 2.763874053955078 3
    endloop
  endfacet
  facet normal -0.987688232571507 0.15643514707306944 0
    outer loop
      vertex -14.488736152648926 2.763874053955078 40
      vertex -14.633691787719727 1.8486642837524414 3
      vertex -14.633691787719727 1.8486642837524414 40
    endloop
  endfacet
  facet normal 0.397148407418539 0.9177544020515064 0
    outer loop
      vertex 6.280243873596191 13.346198081970215 3
      vertex 5.429836273193359 13.714202880859375 40
      vertex 6.280243873596191 13.346198081970215 40
    endloop
  endfacet
  facet normal 0.397148407418539 0.9177544020515064 0
    outer loop
      vertex 5.429836273193359 13.714202880859375 40
      vertex 6.280243873596191 13.346198081970215 3
      vertex 5.429836273193359 13.714202880859375 3
    endloop
  endfacet
  facet normal -0.7071067811865476 0.7071067811865476 0
    outer loop
      vertex -10.752286911010742 10.09706974029541 3
      vertex -10.09706974029541 10.752286911010742 40
      vertex -10.09706974029541 10.752286911010742 3
    endloop
  endfacet
  facet normal -0.7071067811865476 0.7071067811865476 0
    outer loop
      vertex -10.09706974029541 10.752286911010742 40
      vertex -10.752286911010742 10.09706974029541 3
      vertex -10.752286911010742 10.09706974029541 40
    endloop
  endfacet
  facet normal 0.9759168262136635 -0.21814295384689864 0
    outer loop
      vertex 14.286601066589355 -3.66817569732666 40
      vertex 14.488736152648926 -2.763874053955078 3
      vertex 14.488736152648926 -2.763874053955078 40
    endloop
  endfacet
  facet normal 0.9759168262136635 -0.21814295384689864 0
    outer loop
      vertex 14.488736152648926 -2.763874053955078 3
      vertex 14.286601066589355 -3.66817569732666 40
      vertex 14.286601066589355 -3.66817569732666 3
    endloop
  endfacet
  facet normal -0.15643514707306944 -0.987688232571507 0
    outer loop
      vertex -2.763874053955078 -14.488736152648926 3
      vertex -1.8486642837524414 -14.633691787719727 40
      vertex -2.763874053955078 -14.488736152648926 40
    endloop
  endfacet
  facet normal -0.15643514707306944 -0.987688232571507 0
    outer loop
      vertex -1.8486642837524414 -14.633691787719727 40
      vertex -2.763874053955078 -14.488736152648926 3
      vertex -1.8486642837524414 -14.633691787719727 3
    endloop
  endfacet
  facet normal 0.987688232571507 -0.15643514707306944 0
    outer loop
      vertex 14.488736152648926 -2.763874053955078 40
      vertex 14.633691787719727 -1.8486642837524414 3
      vertex 14.633691787719727 -1.8486642837524414 40
    endloop
  endfacet
  facet normal 0.987688232571507 -0.15643514707306944 0
    outer loop
      vertex 14.633691787719727 -1.8486642837524414 3
      vertex 14.488736152648926 -2.763874053955078 40
      vertex 14.488736152648926 -2.763874053955078 3
    endloop
  endfacet
  facet normal 0.5620827655923644 0.827080990365538 0
    outer loop
      vertex 8.669832229614258 11.933000564575195 3
      vertex 7.903444290161133 12.453836441040039 40
      vertex 8.669832229614258 11.933000564575195 40
    endloop
  endfacet
  facet normal 0.5620827655923644 0.827080990365538 0
    outer loop
      vertex 7.903444290161133 12.453836441040039 40
      vertex 8.669832229614258 11.933000564575195 3
      vertex 7.903444290161133 12.453836441040039 3
    endloop
  endfacet
  facet normal 0.7071067811865476 -0.7071067811865476 0
    outer loop
      vertex 10.09706974029541 -10.752286911010742 40
      vertex 10.752286911010742 -10.09706974029541 3
      vertex 10.752286911010742 -10.09706974029541 40
    endloop
  endfacet
  facet normal 0.7071067811865476 -0.7071067811865476 0
    outer loop
      vertex 10.752286911010742 -10.09706974029541 3
      vertex 10.09706974029541 -10.752286911010742 40
      vertex 10.09706974029541 -10.752286911010742 3
    endloop
  endfacet
  facet normal -0.8910067108411157 0.4539901334127169 0
    outer loop
      vertex -13.346198081970215 6.280243873596191 3
      vertex -12.925522804260254 7.105866432189941 40
      vertex -12.925522804260254 7.105866432189941 3
    endloop
  endfacet
  facet normal -0.8910067108411157 0.4539901334127169 0
    outer loop
      vertex -12.925522804260254 7.105866432189941 40
      vertex -13.346198081970215 6.280243873596191 3
      vertex -13.346198081970215 6.280243873596191 40
    endloop
  endfacet
  facet normal -0.827080990365538 -0.5620827655923644 0
    outer loop
      vertex -11.933000564575195 -8.669832229614258 3
      vertex -12.453836441040039 -7.903444290161133 40
      vertex -12.453836441040039 -7.903444290161133 3
    endloop
  endfacet
  facet normal -0.827080990365538 -0.5620827655923644 0
    outer loop
      vertex -12.453836441040039 -7.903444290161133 40
      vertex -11.933000564575195 -8.669832229614258 3
      vertex -11.933000564575195 -8.669832229614258 40
    endloop
  endfacet
  facet normal 0.4539901334127169 0.8910067108411157 0
    outer loop
      vertex 7.105866432189941 12.925522804260254 3
      vertex 6.280243873596191 13.346198081970215 40
      vertex 7.105866432189941 12.925522804260254 40
    endloop
  endfacet
  facet normal 0.4539901334127169 0.8910067108411157 0
    outer loop
      vertex 6.280243873596191 13.346198081970215 40
      vertex 7.105866432189941 12.925522804260254 3
      vertex 6.280243873596191 13.346198081970215 3
    endloop
  endfacet
  facet normal -0.5090415220132934 0.8607419641602178 0
    outer loop
      vertex -7.105866432189941 12.925522804260254 3
      vertex -7.903444290161133 12.453836441040039 40
      vertex -7.105866432189941 12.925522804260254 40
    endloop
  endfacet
  facet normal -0.5090415220132934 0.8607419641602178 0
    outer loop
      vertex -7.903444290161133 12.453836441040039 40
      vertex -7.105866432189941 12.925522804260254 3
      vertex -7.903444290161133 12.453836441040039 3
    endloop
  endfacet
  facet normal 0.15643514707306944 -0.987688232571507 0
    outer loop
      vertex 1.8486642837524414 -14.633691787719727 3
      vertex 2.763874053955078 -14.488736152648926 40
      vertex 1.8486642837524414 -14.633691787719727 40
    endloop
  endfacet
  facet normal 0.15643514707306944 -0.987688232571507 0
    outer loop
      vertex 2.763874053955078 -14.488736152648926 40
      vertex 1.8486642837524414 -14.633691787719727 3
      vertex 2.763874053955078 -14.488736152648926 3
    endloop
  endfacet
  facet normal 0.7071067811865476 0.7071067811865476 0
    outer loop
      vertex 10.752286911010742 10.09706974029541 40
      vertex 10.09706974029541 10.752286911010742 3
      vertex 10.09706974029541 10.752286911010742 40
    endloop
  endfacet
  facet normal 0.7071067811865476 0.7071067811865476 0
    outer loop
      vertex 10.09706974029541 10.752286911010742 3
      vertex 10.752286911010742 10.09706974029541 40
      vertex 10.752286911010742 10.09706974029541 3
    endloop
  endfacet
  facet normal 0.9955619919442803 0.09410802407837883 0
    outer loop
      vertex 14.720893859863281 0.9261598587036133 40
      vertex 14.633691787719727 1.8486642837524414 3
      vertex 14.633691787719727 1.8486642837524414 40
    endloop
  endfacet
  facet normal 0.9955619919442803 0.09410802407837883 0
    outer loop
      vertex 14.633691787719727 1.8486642837524414 3
      vertex 14.720893859863281 0.9261598587036133 40
      vertex 14.720893859863281 0.9261598587036133 3
    endloop
  endfacet
  facet normal -0.09410802407837883 -0.9955619919442803 0
    outer loop
      vertex -1.8486642837524414 -14.633691787719727 3
      vertex -0.9261598587036133 -14.720893859863281 40
      vertex -1.8486642837524414 -14.633691787719727 40
    endloop
  endfacet
  facet normal -0.09410802407837883 -0.9955619919442803 0
    outer loop
      vertex -0.9261598587036133 -14.720893859863281 40
      vertex -1.8486642837524414 -14.633691787719727 3
      vertex -0.9261598587036133 -14.720893859863281 3
    endloop
  endfacet
  facet normal 0.09410802407837883 0.9955619919442803 0
    outer loop
      vertex 1.8486642837524414 14.633691787719727 3
      vertex 0.9261598587036133 14.720893859863281 40
      vertex 1.8486642837524414 14.633691787719727 40
    endloop
  endfacet
  facet normal 0.09410802407837883 0.9955619919442803 0
    outer loop
      vertex 0.9261598587036133 14.720893859863281 40
      vertex 1.8486642837524414 14.633691787719727 3
      vertex 0.9261598587036133 14.720893859863281 3
    endloop
  endfacet
  facet normal 0.03141118388107106 0.9995065470156709 0
    outer loop
      vertex 0.9261598587036133 14.720893859863281 3
      vertex 0 14.75 40
      vertex 0.9261598587036133 14.720893859863281 40
    endloop
  endfacet
  facet normal 0.03141118388107106 0.9995065470156709 0
    outer loop
      vertex 0 14.75 40
      vertex 0.9261598587036133 14.720893859863281 3
      vertex 0 14.75 3
    endloop
  endfacet
  facet normal 0.9995065470156709 -0.03141118388107106 0
    outer loop
      vertex 14.720893859863281 -0.9261598587036133 40
      vertex 14.75 0 3
      vertex 14.75 0 40
    endloop
  endfacet
  facet normal 0.9995065470156709 -0.03141118388107106 0
    outer loop
      vertex 14.75 0 3
      vertex 14.720893859863281 -0.9261598587036133 40
      vertex 14.720893859863281 -0.9261598587036133 3
    endloop
  endfacet
  facet normal -0.7071067811865476 -0.7071067811865476 0
    outer loop
      vertex -10.09706974029541 -10.752286911010742 3
      vertex -10.752286911010742 -10.09706974029541 40
      vertex -10.752286911010742 -10.09706974029541 3
    endloop
  endfacet
  facet normal -0.7071067811865476 -0.7071067811865476 0
    outer loop
      vertex -10.752286911010742 -10.09706974029541 40
      vertex -10.09706974029541 -10.752286911010742 3
      vertex -10.09706974029541 -10.752286911010742 40
    endloop
  endfacet
  facet normal 0.7501116203376765 0.6613112406684052 0
    outer loop
      vertex 11.365069389343262 9.402003288269043 40
      vertex 10.752286911010742 10.09706974029541 3
      vertex 10.752286911010742 10.09706974029541 40
    endloop
  endfacet
  facet normal 0.7501116203376765 0.6613112406684052 0
    outer loop
      vertex 10.752286911010742 10.09706974029541 3
      vertex 11.365069389343262 9.402003288269043 40
      vertex 11.365069389343262 9.402003288269043 3
    endloop
  endfacet
  facet normal 0.8607419641602178 0.5090415220132934 0
    outer loop
      vertex 12.925522804260254 7.105866432189941 40
      vertex 12.453836441040039 7.903444290161133 3
      vertex 12.453836441040039 7.903444290161133 40
    endloop
  endfacet
  facet normal 0.8607419641602178 0.5090415220132934 0
    outer loop
      vertex 12.453836441040039 7.903444290161133 3
      vertex 12.925522804260254 7.105866432189941 40
      vertex 12.925522804260254 7.105866432189941 3
    endloop
  endfacet
  facet normal -0.397148407418539 -0.9177544020515064 0
    outer loop
      vertex -6.280243873596191 -13.346198081970215 3
      vertex -5.429836273193359 -13.714202880859375 40
      vertex -6.280243873596191 -13.346198081970215 40
    endloop
  endfacet
  facet normal -0.397148407418539 -0.9177544020515064 0
    outer loop
      vertex -5.429836273193359 -13.714202880859375 40
      vertex -6.280243873596191 -13.346198081970215 3
      vertex -5.429836273193359 -13.714202880859375 3
    endloop
  endfacet
  facet normal 0.9602936286399919 -0.2789913023616278 0
    outer loop
      vertex 14.028082847595215 -4.558000564575195 40
      vertex 14.286601066589355 -3.66817569732666 3
      vertex 14.286601066589355 -3.66817569732666 40
    endloop
  endfacet
  facet normal 0.9602936286399919 -0.2789913023616278 0
    outer loop
      vertex 14.286601066589355 -3.66817569732666 3
      vertex 14.028082847595215 -4.558000564575195 40
      vertex 14.028082847595215 -4.558000564575195 3
    endloop
  endfacet
  facet normal 0.5090415220132934 -0.8607419641602178 0
    outer loop
      vertex 7.105866432189941 -12.925522804260254 3
      vertex 7.903444290161133 -12.453836441040039 40
      vertex 7.105866432189941 -12.925522804260254 40
    endloop
  endfacet
  facet normal 0.5090415220132934 -0.8607419641602178 0
    outer loop
      vertex 7.903444290161133 -12.453836441040039 40
      vertex 7.105866432189941 -12.925522804260254 3
      vertex 7.903444290161133 -12.453836441040039 3
    endloop
  endfacet
  facet normal 0.21814295384689864 0.9759168262136635 0
    outer loop
      vertex 3.66817569732666 14.286601066589355 3
      vertex 2.763874053955078 14.488736152648926 40
      vertex 3.66817569732666 14.286601066589355 40
    endloop
  endfacet
  facet normal 0.21814295384689864 0.9759168262136635 0
    outer loop
      vertex 2.763874053955078 14.488736152648926 40
      vertex 3.66817569732666 14.286601066589355 3
      vertex 2.763874053955078 14.488736152648926 3
    endloop
  endfacet
  facet normal 0.6613112406684052 0.7501116203376765 0
    outer loop
      vertex 10.09706974029541 10.752286911010742 3
      vertex 9.402003288269043 11.365069389343262 40
      vertex 10.09706974029541 10.752286911010742 40
    endloop
  endfacet
  facet normal 0.6613112406684052 0.7501116203376765 0
    outer loop
      vertex 9.402003288269043 11.365069389343262 40
      vertex 10.09706974029541 10.752286911010742 3
      vertex 9.402003288269043 11.365069389343262 3
    endloop
  endfacet
  facet normal -0.3387377270451103 -0.9408808385105483 0
    outer loop
      vertex -5.429836273193359 -13.714202880859375 3
      vertex -4.558000564575195 -14.028082847595215 40
      vertex -5.429836273193359 -13.714202880859375 40
    endloop
  endfacet
  facet normal -0.3387377270451103 -0.9408808385105483 0
    outer loop
      vertex -4.558000564575195 -14.028082847595215 40
      vertex -5.429836273193359 -13.714202880859375 3
      vertex -4.558000564575195 -14.028082847595215 3
    endloop
  endfacet
  facet normal 0.7901544445483276 -0.6129077856909013 0
    outer loop
      vertex 11.365069389343262 -9.402003288269043 40
      vertex 11.933000564575195 -8.669832229614258 3
      vertex 11.933000564575195 -8.669832229614258 40
    endloop
  endfacet
  facet normal 0.7901544445483276 -0.6129077856909013 0
    outer loop
      vertex 11.933000564575195 -8.669832229614258 3
      vertex 11.365069389343262 -9.402003288269043 40
      vertex 11.365069389343262 -9.402003288269043 3
    endloop
  endfacet
  facet normal 0.9408808385105483 -0.3387377270451103 0
    outer loop
      vertex 13.714202880859375 -5.429836273193359 40
      vertex 14.028082847595215 -4.558000564575195 3
      vertex 14.028082847595215 -4.558000564575195 40
    endloop
  endfacet
  facet normal 0.9408808385105483 -0.3387377270451103 0
    outer loop
      vertex 14.028082847595215 -4.558000564575195 3
      vertex 13.714202880859375 -5.429836273193359 40
      vertex 13.714202880859375 -5.429836273193359 3
    endloop
  endfacet
  facet normal 0.8910067108411157 0.4539901334127169 0
    outer loop
      vertex 13.346198081970215 6.280243873596191 40
      vertex 12.925522804260254 7.105866432189941 3
      vertex 12.925522804260254 7.105866432189941 40
    endloop
  endfacet
  facet normal 0.8910067108411157 0.4539901334127169 0
    outer loop
      vertex 12.925522804260254 7.105866432189941 3
      vertex 13.346198081970215 6.280243873596191 40
      vertex 13.346198081970215 6.280243873596191 3
    endloop
  endfacet
  facet normal 0.987688232571507 0.15643514707306944 0
    outer loop
      vertex 14.633691787719727 1.8486642837524414 40
      vertex 14.488736152648926 2.763874053955078 3
      vertex 14.488736152648926 2.763874053955078 40
    endloop
  endfacet
  facet normal 0.987688232571507 0.15643514707306944 0
    outer loop
      vertex 14.488736152648926 2.763874053955078 3
      vertex 14.633691787719727 1.8486642837524414 40
      vertex 14.633691787719727 1.8486642837524414 3
    endloop
  endfacet
  facet normal 0.4539901334127169 -0.8910067108411157 0
    outer loop
      vertex 6.280243873596191 -13.346198081970215 3
      vertex 7.105866432189941 -12.925522804260254 40
      vertex 6.280243873596191 -13.346198081970215 40
    endloop
  endfacet
  facet normal 0.4539901334127169 -0.8910067108411157 0
    outer loop
      vertex 7.105866432189941 -12.925522804260254 40
      vertex 6.280243873596191 -13.346198081970215 3
      vertex 7.105866432189941 -12.925522804260254 3
    endloop
  endfacet
  facet normal 0.7501116203376765 -0.6613112406684052 0
    outer loop
      vertex 10.752286911010742 -10.09706974029541 40
      vertex 11.365069389343262 -9.402003288269043 3
      vertex 11.365069389343262 -9.402003288269043 40
    endloop
  endfacet
  facet normal 0.7501116203376765 -0.6613112406684052 0
    outer loop
      vertex 11.365069389343262 -9.402003288269043 3
      vertex 10.752286911010742 -10.09706974029541 40
      vertex 10.752286911010742 -10.09706974029541 3
    endloop
  endfacet
  facet normal -0.4539901334127169 -0.8910067108411157 0
    outer loop
      vertex -7.105866432189941 -12.925522804260254 3
      vertex -6.280243873596191 -13.346198081970215 40
      vertex -7.105866432189941 -12.925522804260254 40
    endloop
  endfacet
  facet normal -0.4539901334127169 -0.8910067108411157 0
    outer loop
      vertex -6.280243873596191 -13.346198081970215 40
      vertex -7.105866432189941 -12.925522804260254 3
      vertex -6.280243873596191 -13.346198081970215 3
    endloop
  endfacet
  facet normal -0.6129077856909013 -0.7901544445483276 0
    outer loop
      vertex -9.402003288269043 -11.365069389343262 3
      vertex -8.669832229614258 -11.933000564575195 40
      vertex -9.402003288269043 -11.365069389343262 40
    endloop
  endfacet
  facet normal -0.6129077856909013 -0.7901544445483276 0
    outer loop
      vertex -8.669832229614258 -11.933000564575195 40
      vertex -9.402003288269043 -11.365069389343262 3
      vertex -8.669832229614258 -11.933000564575195 3
    endloop
  endfacet
  facet normal -0.8910067108411157 -0.4539901334127169 0
    outer loop
      vertex -12.925522804260254 -7.105866432189941 3
      vertex -13.346198081970215 -6.280243873596191 40
      vertex -13.346198081970215 -6.280243873596191 3
    endloop
  endfacet
  facet normal -0.8910067108411157 -0.4539901334127169 0
    outer loop
      vertex -13.346198081970215 -6.280243873596191 40
      vertex -12.925522804260254 -7.105866432189941 3
      vertex -12.925522804260254 -7.105866432189941 40
    endloop
  endfacet
  facet normal -0.15643514707306944 0.987688232571507 0
    outer loop
      vertex -1.8486642837524414 14.633691787719727 3
      vertex -2.763874053955078 14.488736152648926 40
      vertex -1.8486642837524414 14.633691787719727 40
    endloop
  endfacet
  facet normal -0.15643514707306944 0.987688232571507 0
    outer loop
      vertex -2.763874053955078 14.488736152648926 40
      vertex -1.8486642837524414 14.633691787719727 3
      vertex -2.763874053955078 14.488736152648926 3
    endloop
  endfacet
  facet normal -0.987688232571507 -0.15643514707306944 0
    outer loop
      vertex -14.488736152648926 -2.763874053955078 3
      vertex -14.633691787719727 -1.8486642837524414 40
      vertex -14.633691787719727 -1.8486642837524414 3
    endloop
  endfacet
  facet normal -0.987688232571507 -0.15643514707306944 0
    outer loop
      vertex -14.633691787719727 -1.8486642837524414 40
      vertex -14.488736152648926 -2.763874053955078 3
      vertex -14.488736152648926 -2.763874053955078 40
    endloop
  endfacet
  facet normal -0.9995065470156709 -0.03141118388107106 0
    outer loop
      vertex -14.720893859863281 -0.9261598587036133 3
      vertex -14.75 0 40
      vertex -14.75 0 3
    endloop
  endfacet
  facet normal -0.9995065470156709 -0.03141118388107106 0
    outer loop
      vertex -14.75 0 40
      vertex -14.720893859863281 -0.9261598587036133 3
      vertex -14.720893859863281 -0.9261598587036133 40
    endloop
  endfacet
  facet normal -0.9955619919442803 -0.09410802407837883 0
    outer loop
      vertex -14.633691787719727 -1.8486642837524414 3
      vertex -14.720893859863281 -0.9261598587036133 40
      vertex -14.720893859863281 -0.9261598587036133 3
    endloop
  endfacet
  facet normal -0.9955619919442803 -0.09410802407837883 0
    outer loop
      vertex -14.720893859863281 -0.9261598587036133 40
      vertex -14.633691787719727 -1.8486642837524414 3
      vertex -14.633691787719727 -1.8486642837524414 40
    endloop
  endfacet
  facet normal -0.5090415220132934 -0.8607419641602178 0
    outer loop
      vertex -7.903444290161133 -12.453836441040039 3
      vertex -7.105866432189941 -12.925522804260254 40
      vertex -7.903444290161133 -12.453836441040039 40
    endloop
  endfacet
  facet normal -0.5090415220132934 -0.8607419641602178 0
    outer loop
      vertex -7.105866432189941 -12.925522804260254 40
      vertex -7.903444290161133 -12.453836441040039 3
      vertex -7.105866432189941 -12.925522804260254 3
    endloop
  endfacet
  facet normal -0.03141118388107106 0.9995065470156709 0
    outer loop
      vertex 0 14.75 3
      vertex -0.9261598587036133 14.720893859863281 40
      vertex 0 14.75 40
    endloop
  endfacet
  facet normal -0.03141118388107106 0.9995065470156709 0
    outer loop
      vertex -0.9261598587036133 14.720893859863281 40
      vertex 0 14.75 3
      vertex -0.9261598587036133 14.720893859863281 3
    endloop
  endfacet
  facet normal 0.6129077856909013 -0.7901544445483276 0
    outer loop
      vertex 8.669832229614258 -11.933000564575195 3
      vertex 9.402003288269043 -11.365069389343262 40
      vertex 8.669832229614258 -11.933000564575195 40
    endloop
  endfacet
  facet normal 0.6129077856909013 -0.7901544445483276 0
    outer loop
      vertex 9.402003288269043 -11.365069389343262 40
      vertex 8.669832229614258 -11.933000564575195 3
      vertex 9.402003288269043 -11.365069389343262 3
    endloop
  endfacet
  facet normal 0.7901544445483276 0.6129077856909013 0
    outer loop
      vertex 11.933000564575195 8.669832229614258 40
      vertex 11.365069389343262 9.402003288269043 3
      vertex 11.365069389343262 9.402003288269043 40
    endloop
  endfacet
  facet normal 0.7901544445483276 0.6129077856909013 0
    outer loop
      vertex 11.365069389343262 9.402003288269043 3
      vertex 11.933000564575195 8.669832229614258 40
      vertex 11.933000564575195 8.669832229614258 3
    endloop
  endfacet
  facet normal 0.2789913023616278 -0.9602936286399919 0
    outer loop
      vertex 3.66817569732666 -14.286601066589355 3
      vertex 4.558000564575195 -14.028082847595215 40
      vertex 3.66817569732666 -14.286601066589355 40
    endloop
  endfacet
  facet normal 0.2789913023616278 -0.9602936286399919 0
    outer loop
      vertex 4.558000564575195 -14.028082847595215 40
      vertex 3.66817569732666 -14.286601066589355 3
      vertex 4.558000564575195 -14.028082847595215 3
    endloop
  endfacet
  facet normal 0.827080990365538 0.5620827655923644 0
    outer loop
      vertex 12.453836441040039 7.903444290161133 40
      vertex 11.933000564575195 8.669832229614258 3
      vertex 11.933000564575195 8.669832229614258 40
    endloop
  endfacet
  facet normal 0.827080990365538 0.5620827655923644 0
    outer loop
      vertex 11.933000564575195 8.669832229614258 3
      vertex 12.453836441040039 7.903444290161133 40
      vertex 12.453836441040039 7.903444290161133 3
    endloop
  endfacet
  facet normal 0.15643514707306944 0.987688232571507 0
    outer loop
      vertex 2.763874053955078 14.488736152648926 3
      vertex 1.8486642837524414 14.633691787719727 40
      vertex 2.763874053955078 14.488736152648926 40
    endloop
  endfacet
  facet normal 0.15643514707306944 0.987688232571507 0
    outer loop
      vertex 1.8486642837524414 14.633691787719727 40
      vertex 2.763874053955078 14.488736152648926 3
      vertex 1.8486642837524414 14.633691787719727 3
    endloop
  endfacet
  facet normal 0.827080990365538 -0.5620827655923644 0
    outer loop
      vertex 11.933000564575195 -8.669832229614258 40
      vertex 12.453836441040039 -7.903444290161133 3
      vertex 12.453836441040039 -7.903444290161133 40
    endloop
  endfacet
  facet normal 0.827080990365538 -0.5620827655923644 0
    outer loop
      vertex 12.453836441040039 -7.903444290161133 3
      vertex 11.933000564575195 -8.669832229614258 40
      vertex 11.933000564575195 -8.669832229614258 3
    endloop
  endfacet
  facet normal 0.9177544020515064 0.397148407418539 0
    outer loop
      vertex 13.714202880859375 5.429836273193359 40
      vertex 13.346198081970215 6.280243873596191 3
      vertex 13.346198081970215 6.280243873596191 40
    endloop
  endfacet
  facet normal 0.9177544020515064 0.397148407418539 0
    outer loop
      vertex 13.346198081970215 6.280243873596191 3
      vertex 13.714202880859375 5.429836273193359 40
      vertex 13.714202880859375 5.429836273193359 3
    endloop
  endfacet
  facet normal -0.827080990365538 0.5620827655923644 0
    outer loop
      vertex -12.453836441040039 7.903444290161133 3
      vertex -11.933000564575195 8.669832229614258 40
      vertex -11.933000564575195 8.669832229614258 3
    endloop
  endfacet
  facet normal -0.827080990365538 0.5620827655923644 0
    outer loop
      vertex -11.933000564575195 8.669832229614258 40
      vertex -12.453836441040039 7.903444290161133 3
      vertex -12.453836441040039 7.903444290161133 40
    endloop
  endfacet
  facet normal -0.9759168262136635 0.21814295384689864 0
    outer loop
      vertex -14.488736152648926 2.763874053955078 3
      vertex -14.286601066589355 3.66817569732666 40
      vertex -14.286601066589355 3.66817569732666 3
    endloop
  endfacet
  facet normal -0.9759168262136635 0.21814295384689864 0
    outer loop
      vertex -14.286601066589355 3.66817569732666 40
      vertex -14.488736152648926 2.763874053955078 3
      vertex -14.488736152648926 2.763874053955078 40
    endloop
  endfacet
  facet normal 0 0 1
    outer loop
      vertex 14.75 0 3
      vertex 18 0 3
      vertex 17.964481353759766 1.1302289962768555 3
    endloop
  endfacet
  facet normal 0 0 1
    outer loop
      vertex 14.720893859863281 0.9261598587036133 3
      vertex 17.964481353759766 1.1302289962768555 3
      vertex 17.858062744140625 2.255997657775879 3
    endloop
  endfacet
  facet normal 0 0 1
    outer loop
      vertex 18 0 3
      vertex 14.75 0 3
      vertex 17.964481353759766 -1.1302289962768555 3
    endloop
  endfacet
  facet normal 0 0 1
    outer loop
      vertex 14.633691787719727 1.8486642837524414 3
      vertex 17.858062744140625 2.255997657775879 3
      vertex 17.681171417236328 3.3728628158569336 3
    endloop
  endfacet
  facet normal 0 0 1
    outer loop
      vertex 14.720893859863281 -0.9261598587036133 3
      vertex 17.964481353759766 -1.1302289962768555 3
      vertex 14.75 0 3
    endloop
  endfacet
  facet normal 0 0 1
    outer loop
      vertex 14.488736152648926 2.763874053955078 3
      vertex 17.681171417236328 3.3728628158569336 3
      vertex 17.434497833251953 4.476417541503906 3
    endloop
  endfacet
  facet normal 0 0 1
    outer loop
      vertex 17.964481353759766 -1.1302289962768555 3
      vertex 14.720893859863281 -0.9261598587036133 3
      vertex 17.858062744140625 -2.255997657775879 3
    endloop
  endfacet
  facet normal 0 0 1
    outer loop
      vertex 14.286601066589355 3.66817569732666 3
      vertex 17.434497833251953 4.476417541503906 3
      vertex 17.119016647338867 5.562305450439453 3
    endloop
  endfacet
  facet normal 0 0 1
    outer loop
      vertex 14.633691787719727 -1.8486642837524414 3
      vertex 17.858062744140625 -2.255997657775879 3
      vertex 14.720893859863281 -0.9261598587036133 3
    endloop
  endfacet
  facet normal 0 0 1
    outer loop
      vertex 14.028082847595215 4.558000564575195 3
      vertex 17.119016647338867 5.562305450439453 3
      vertex 16.735977172851562 6.626241683959961 3
    endloop
  endfacet
  facet normal 0 0 1
    outer loop
      vertex 17.858062744140625 -2.255997657775879 3
      vertex 14.633691787719727 -1.8486642837524414 3
      vertex 17.681171417236328 -3.3728628158569336 3
    endloop
  endfacet
  facet normal 0 0 1
    outer loop
      vertex 13.714202880859375 5.429836273193359 3
      vertex 16.735977172851562 6.626241683959961 3
      vertex 16.28688621520996 7.664027214050293 3
    endloop
  endfacet
  facet normal 0 0 1
    outer loop
      vertex 14.488736152648926 -2.763874053955078 3
      vertex 17.681171417236328 -3.3728628158569336 3
      vertex 14.633691787719727 -1.8486642837524414 3
    endloop
  endfacet
  facet normal 0 0 1
    outer loop
      vertex 13.346198081970215 6.280243873596191 3
      vertex 16.28688621520996 7.664027214050293 3
      vertex 15.773519515991211 8.671566009521484 3
    endloop
  endfacet
  facet normal 0 0 1
    outer loop
      vertex 17.681171417236328 -3.3728628158569336 3
      vertex 14.488736152648926 -2.763874053955078 3
      vertex 17.434497833251953 -4.476417541503906 3
    endloop
  endfacet
  facet normal 0 0 1
    outer loop
      vertex 12.925522804260254 7.105866432189941 3
      vertex 15.773519515991211 8.671566009521484 3
      vertex 15.197901725769043 9.644882202148438 3
    endloop
  endfacet
  facet normal 0 0 1
    outer loop
      vertex 14.286601066589355 -3.66817569732666 3
      vertex 17.434497833251953 -4.476417541503906 3
      vertex 14.488736152648926 -2.763874053955078 3
    endloop
  endfacet
  facet normal 0 0 1
    outer loop
      vertex 17.434497833251953 -4.476417541503906 3
      vertex 14.286601066589355 -3.66817569732666 3
      vertex 17.119016647338867 -5.562305450439453 3
    endloop
  endfacet
  facet normal 0 0 1
    outer loop
      vertex 17.964481353759766 1.1302289962768555 3
      vertex 14.720893859863281 0.9261598587036133 3
      vertex 14.75 0 3
    endloop
  endfacet
  facet normal 0 0 1
    outer loop
      vertex 17.858062744140625 2.255997657775879 3
      vertex 14.633691787719727 1.8486642837524414 3
      vertex 14.720893859863281 0.9261598587036133 3
    endloop
  endfacet
  facet normal 0 0 1
    outer loop
      vertex 12.453836441040039 7.903444290161133 3
      vertex 15.197901725769043 9.644882202148438 3
      vertex 14.562305450439453 10.580134391784668 3
    endloop
  endfacet
  facet normal 0 0 1
    outer loop
      vertex 17.681171417236328 3.3728628158569336 3
      vertex 14.488736152648926 2.763874053955078 3
      vertex 14.633691787719727 1.8486642837524414 3
    endloop
  endfacet
  facet normal 0 0 1
    outer loop
      vertex 17.434497833251953 4.476417541503906 3
      vertex 14.286601066589355 3.66817569732666 3
      vertex 14.488736152648926 2.763874053955078 3
    endloop
  endfacet
  facet normal 0 0 1
    outer loop
      vertex 17.119016647338867 5.562305450439453 3
      vertex 14.028082847595215 4.558000564575195 3
      vertex 14.286601066589355 3.66817569732666 3
    endloop
  endfacet
  facet normal 0 0 1
    outer loop
      vertex 11.933000564575195 8.669832229614258 3
      vertex 14.562305450439453 10.580134391784668 3
      vertex 13.869237899780273 11.473630905151367 3
    endloop
  endfacet
  facet normal 0 0 1
    outer loop
      vertex 16.735977172851562 6.626241683959961 3
      vertex 13.714202880859375 5.429836273193359 3
      vertex 14.028082847595215 4.558000564575195 3
    endloop
  endfacet
  facet normal 0 0 1
    outer loop
      vertex 16.28688621520996 7.664027214050293 3
      vertex 13.346198081970215 6.280243873596191 3
      vertex 13.714202880859375 5.429836273193359 3
    endloop
  endfacet
  facet normal 0 0 1
    outer loop
      vertex 11.365069389343262 9.402003288269043 3
      vertex 13.869237899780273 11.473630905151367 3
      vertex 13.121435165405273 12.321846961975098 3
    endloop
  endfacet
  facet normal 0 0 1
    outer loop
      vertex 15.773519515991211 8.671566009521484 3
      vertex 12.925522804260254 7.105866432189941 3
      vertex 13.346198081970215 6.280243873596191 3
    endloop
  endfacet
  facet normal 0 0 1
    outer loop
      vertex 15.197901725769043 9.644882202148438 3
      vertex 12.453836441040039 7.903444290161133 3
      vertex 12.925522804260254 7.105866432189941 3
    endloop
  endfacet
  facet normal 0 0 1
    outer loop
      vertex 10.752286911010742 10.09706974029541 3
      vertex 13.121435165405273 12.321846961975098 3
      vertex 12.321846961975098 13.121435165405273 3
    endloop
  endfacet
  facet normal 0 0 1
    outer loop
      vertex 14.562305450439453 10.580134391784668 3
      vertex 11.933000564575195 8.669832229614258 3
      vertex 12.453836441040039 7.903444290161133 3
    endloop
  endfacet
  facet normal 0 0 1
    outer loop
      vertex 10.09706974029541 10.752286911010742 3
      vertex 12.321846961975098 13.121435165405273 3
      vertex 11.473630905151367 13.869237899780273 3
    endloop
  endfacet
  facet normal 0 0 1
    outer loop
      vertex 13.869237899780273 11.473630905151367 3
      vertex 11.365069389343262 9.402003288269043 3
      vertex 11.933000564575195 8.669832229614258 3
    endloop
  endfacet
  facet normal 0 0 1
    outer loop
      vertex 13.121435165405273 12.321846961975098 3
      vertex 10.752286911010742 10.09706974029541 3
      vertex 11.365069389343262 9.402003288269043 3
    endloop
  endfacet
  facet normal 0 0 1
    outer loop
      vertex 9.402003288269043 11.365069389343262 3
      vertex 11.473630905151367 13.869237899780273 3
      vertex 10.580134391784668 14.562305450439453 3
    endloop
  endfacet
  facet normal 0 0 1
    outer loop
      vertex 12.321846961975098 13.121435165405273 3
      vertex 10.09706974029541 10.752286911010742 3
      vertex 10.752286911010742 10.09706974029541 3
    endloop
  endfacet
  facet normal 0 0 1
    outer loop
      vertex 8.669832229614258 11.933000564575195 3
      vertex 10.580134391784668 14.562305450439453 3
      vertex 9.644882202148438 15.197901725769043 3
    endloop
  endfacet
  facet normal 0 0 1
    outer loop
      vertex 11.473630905151367 13.869237899780273 3
      vertex 9.402003288269043 11.365069389343262 3
      vertex 10.09706974029541 10.752286911010742 3
    endloop
  endfacet
  facet normal 0 0 1
    outer loop
      vertex 7.903444290161133 12.453836441040039 3
      vertex 9.644882202148438 15.197901725769043 3
      vertex 8.671566009521484 15.773519515991211 3
    endloop
  endfacet
  facet normal 0 0 1
    outer loop
      vertex 10.580134391784668 14.562305450439453 3
      vertex 8.669832229614258 11.933000564575195 3
      vertex 9.402003288269043 11.365069389343262 3
    endloop
  endfacet
  facet normal 0 0 1
    outer loop
      vertex 9.644882202148438 15.197901725769043 3
      vertex 7.903444290161133 12.453836441040039 3
      vertex 8.669832229614258 11.933000564575195 3
    endloop
  endfacet
  facet normal 0 0 1
    outer loop
      vertex 7.105866432189941 12.925522804260254 3
      vertex 8.671566009521484 15.773519515991211 3
      vertex 7.664027214050293 16.28688621520996 3
    endloop
  endfacet
  facet normal 0 0 1
    outer loop
      vertex 8.671566009521484 15.773519515991211 3
      vertex 7.105866432189941 12.925522804260254 3
      vertex 7.903444290161133 12.453836441040039 3
    endloop
  endfacet
  facet normal 0 0 1
    outer loop
      vertex 6.280243873596191 13.346198081970215 3
      vertex 7.664027214050293 16.28688621520996 3
      vertex 6.626241683959961 16.735977172851562 3
    endloop
  endfacet
  facet normal 0 0 1
    outer loop
      vertex 7.664027214050293 16.28688621520996 3
      vertex 6.280243873596191 13.346198081970215 3
      vertex 7.105866432189941 12.925522804260254 3
    endloop
  endfacet
  facet normal 0 0 1
    outer loop
      vertex 5.429836273193359 13.714202880859375 3
      vertex 6.626241683959961 16.735977172851562 3
      vertex 5.562305450439453 17.119016647338867 3
    endloop
  endfacet
  facet normal 0 0 1
    outer loop
      vertex 6.626241683959961 16.735977172851562 3
      vertex 5.429836273193359 13.714202880859375 3
      vertex 6.280243873596191 13.346198081970215 3
    endloop
  endfacet
  facet normal 0 0 1
    outer loop
      vertex 5.562305450439453 17.119016647338867 3
      vertex 4.558000564575195 14.028082847595215 3
      vertex 5.429836273193359 13.714202880859375 3
    endloop
  endfacet
  facet normal 0 0 1
    outer loop
      vertex 4.476417541503906 17.434497833251953 3
      vertex 4.558000564575195 14.028082847595215 3
      vertex 5.562305450439453 17.119016647338867 3
    endloop
  endfacet
  facet normal 0 0 1
    outer loop
      vertex 4.476417541503906 17.434497833251953 3
      vertex 3.66817569732666 14.286601066589355 3
      vertex 4.558000564575195 14.028082847595215 3
    endloop
  endfacet
  facet normal 0 0 1
    outer loop
      vertex 3.3728628158569336 17.681171417236328 3
      vertex 3.66817569732666 14.286601066589355 3
      vertex 4.476417541503906 17.434497833251953 3
    endloop
  endfacet
  facet normal 0 0 1
    outer loop
      vertex 3.3728628158569336 17.681171417236328 3
      vertex 2.763874053955078 14.488736152648926 3
      vertex 3.66817569732666 14.286601066589355 3
    endloop
  endfacet
  facet normal 0 0 1
    outer loop
      vertex 2.255997657775879 17.858062744140625 3
      vertex 2.763874053955078 14.488736152648926 3
      vertex 3.3728628158569336 17.681171417236328 3
    endloop
  endfacet
  facet normal 0 0 1
    outer loop
      vertex 2.255997657775879 17.858062744140625 3
      vertex 1.8486642837524414 14.633691787719727 3
      vertex 2.763874053955078 14.488736152648926 3
    endloop
  endfacet
  facet normal 0 0 1
    outer loop
      vertex 1.1302289962768555 17.964481353759766 3
      vertex 1.8486642837524414 14.633691787719727 3
      vertex 2.255997657775879 17.858062744140625 3
    endloop
  endfacet
  facet normal 0 0 1
    outer loop
      vertex 1.1302289962768555 17.964481353759766 3
      vertex 0.9261598587036133 14.720893859863281 3
      vertex 1.8486642837524414 14.633691787719727 3
    endloop
  endfacet
  facet normal 0 0 1
    outer loop
      vertex 0 18 3
      vertex 0.9261598587036133 14.720893859863281 3
      vertex 1.1302289962768555 17.964481353759766 3
    endloop
  endfacet
  facet normal 0 0 1
    outer loop
      vertex 0 18 3
      vertex 0 14.75 3
      vertex 0.9261598587036133 14.720893859863281 3
    endloop
  endfacet
  facet normal 0 0 1
    outer loop
      vertex 0 18 3
      vertex -0.9261598587036133 14.720893859863281 3
      vertex 0 14.75 3
    endloop
  endfacet
  facet normal 0 0 1
    outer loop
      vertex -1.1302289962768555 17.964481353759766 3
      vertex -0.9261598587036133 14.720893859863281 3
      vertex 0 18 3
    endloop
  endfacet
  facet normal 0 0 1
    outer loop
      vertex -1.1302289962768555 17.964481353759766 3
      vertex -1.8486642837524414 14.633691787719727 3
      vertex -0.9261598587036133 14.720893859863281 3
    endloop
  endfacet
  facet normal 0 0 1
    outer loop
      vertex -2.255997657775879 17.858062744140625 3
      vertex -1.8486642837524414 14.633691787719727 3
      vertex -1.1302289962768555 17.964481353759766 3
    endloop
  endfacet
  facet normal 0 0 1
    outer loop
      vertex -2.255997657775879 17.858062744140625 3
      vertex -2.763874053955078 14.488736152648926 3
      vertex -1.8486642837524414 14.633691787719727 3
    endloop
  endfacet
  facet normal 0 0 1
    outer loop
      vertex -3.3728628158569336 17.681171417236328 3
      vertex -2.763874053955078 14.488736152648926 3
      vertex -2.255997657775879 17.858062744140625 3
    endloop
  endfacet
  facet normal 0 0 1
    outer loop
      vertex -3.3728628158569336 17.681171417236328 3
      vertex -3.66817569732666 14.286601066589355 3
      vertex -2.763874053955078 14.488736152648926 3
    endloop
  endfacet
  facet normal 0 0 1
    outer loop
      vertex -4.476417541503906 17.434497833251953 3
      vertex -3.66817569732666 14.286601066589355 3
      vertex -3.3728628158569336 17.681171417236328 3
    endloop
  endfacet
  facet normal 0 0 1
    outer loop
      vertex -4.476417541503906 17.434497833251953 3
      vertex -4.558000564575195 14.028082847595215 3
      vertex -3.66817569732666 14.286601066589355 3
    endloop
  endfacet
  facet normal 0 0 1
    outer loop
      vertex -5.562305450439453 17.119016647338867 3
      vertex -4.558000564575195 14.028082847595215 3
      vertex -4.476417541503906 17.434497833251953 3
    endloop
  endfacet
  facet normal 0 0 1
    outer loop
      vertex -4.558000564575195 14.028082847595215 3
      vertex -5.562305450439453 17.119016647338867 3
      vertex -5.429836273193359 13.714202880859375 3
    endloop
  endfacet
  facet normal 0 0 1
    outer loop
      vertex -6.626241683959961 16.735977172851562 3
      vertex -5.429836273193359 13.714202880859375 3
      vertex -5.562305450439453 17.119016647338867 3
    endloop
  endfacet
  facet normal 0 0 1
    outer loop
      vertex -5.429836273193359 13.714202880859375 3
      vertex -6.626241683959961 16.735977172851562 3
      vertex -6.280243873596191 13.346198081970215 3
    endloop
  endfacet
  facet normal 0 0 1
    outer loop
      vertex -7.664027214050293 16.28688621520996 3
      vertex -6.280243873596191 13.346198081970215 3
      vertex -6.626241683959961 16.735977172851562 3
    endloop
  endfacet
  facet normal 0 0 1
    outer loop
      vertex -6.280243873596191 13.346198081970215 3
      vertex -7.664027214050293 16.28688621520996 3
      vertex -7.105866432189941 12.925522804260254 3
    endloop
  endfacet
  facet normal 0 0 1
    outer loop
      vertex -8.671566009521484 15.773519515991211 3
      vertex -7.105866432189941 12.925522804260254 3
      vertex -7.664027214050293 16.28688621520996 3
    endloop
  endfacet
  facet normal 0 0 1
    outer loop
      vertex -7.105866432189941 12.925522804260254 3
      vertex -8.671566009521484 15.773519515991211 3
      vertex -7.903444290161133 12.453836441040039 3
    endloop
  endfacet
  facet normal 0 0 1
    outer loop
      vertex -9.644882202148438 15.197901725769043 3
      vertex -7.903444290161133 12.453836441040039 3
      vertex -8.671566009521484 15.773519515991211 3
    endloop
  endfacet
  facet normal 0 0 1
    outer loop
      vertex -7.903444290161133 12.453836441040039 3
      vertex -9.644882202148438 15.197901725769043 3
      vertex -8.669832229614258 11.933000564575195 3
    endloop
  endfacet
  facet normal 0 0 1
    outer loop
      vertex -10.580134391784668 14.562305450439453 3
      vertex -8.669832229614258 11.933000564575195 3
      vertex -9.644882202148438 15.197901725769043 3
    endloop
  endfacet
  facet normal 0 0 1
    outer loop
      vertex -8.669832229614258 11.933000564575195 3
      vertex -10.580134391784668 14.562305450439453 3
      vertex -9.402003288269043 11.365069389343262 3
    endloop
  endfacet
  facet normal 0 0 1
    outer loop
      vertex -11.473630905151367 13.869237899780273 3
      vertex -9.402003288269043 11.365069389343262 3
      vertex -10.580134391784668 14.562305450439453 3
    endloop
  endfacet
  facet normal 0 0 1
    outer loop
      vertex -9.402003288269043 11.365069389343262 3
      vertex -11.473630905151367 13.869237899780273 3
      vertex -10.09706974029541 10.752286911010742 3
    endloop
  endfacet
  facet normal 0 0 1
    outer loop
      vertex -12.321846961975098 13.121435165405273 3
      vertex -10.09706974029541 10.752286911010742 3
      vertex -11.473630905151367 13.869237899780273 3
    endloop
  endfacet
  facet normal 0 0 1
    outer loop
      vertex -10.09706974029541 10.752286911010742 3
      vertex -12.321846961975098 13.121435165405273 3
      vertex -10.752286911010742 10.09706974029541 3
    endloop
  endfacet
  facet normal 0 0 1
    outer loop
      vertex -13.121435165405273 12.321846961975098 3
      vertex -10.752286911010742 10.09706974029541 3
      vertex -12.321846961975098 13.121435165405273 3
    endloop
  endfacet
  facet normal 0 0 1
    outer loop
      vertex -10.752286911010742 10.09706974029541 3
      vertex -13.121435165405273 12.321846961975098 3
      vertex -11.365069389343262 9.402003288269043 3
    endloop
  endfacet
  facet normal 0 0 1
    outer loop
      vertex -13.869237899780273 11.473630905151367 3
      vertex -11.365069389343262 9.402003288269043 3
      vertex -13.121435165405273 12.321846961975098 3
    endloop
  endfacet
  facet normal 0 0 1
    outer loop
      vertex -11.365069389343262 9.402003288269043 3
      vertex -13.869237899780273 11.473630905151367 3
      vertex -11.933000564575195 8.669832229614258 3
    endloop
  endfacet
  facet normal 0 0 1
    outer loop
      vertex -14.562305450439453 10.580134391784668 3
      vertex -11.933000564575195 8.669832229614258 3
      vertex -13.869237899780273 11.473630905151367 3
    endloop
  endfacet
  facet normal 0 0 1
    outer loop
      vertex -11.933000564575195 8.669832229614258 3
      vertex -14.562305450439453 10.580134391784668 3
      vertex -12.453836441040039 7.903444290161133 3
    endloop
  endfacet
  facet normal 0 0 1
    outer loop
      vertex -15.197901725769043 9.644882202148438 3
      vertex -12.453836441040039 7.903444290161133 3
      vertex -14.562305450439453 10.580134391784668 3
    endloop
  endfacet
  facet normal 0 0 1
    outer loop
      vertex -12.453836441040039 7.903444290161133 3
      vertex -15.197901725769043 9.644882202148438 3
      vertex -12.925522804260254 7.105866432189941 3
    endloop
  endfacet
  facet normal 0 0 1
    outer loop
      vertex -15.773519515991211 8.671566009521484 3
      vertex -12.925522804260254 7.105866432189941 3
      vertex -15.197901725769043 9.644882202148438 3
    endloop
  endfacet
  facet normal 0 0 1
    outer loop
      vertex -12.925522804260254 7.105866432189941 3
      vertex -15.773519515991211 8.671566009521484 3
      vertex -13.346198081970215 6.280243873596191 3
    endloop
  endfacet
  facet normal 0 0 1
    outer loop
      vertex -16.28688621520996 7.664027214050293 3
      vertex -13.346198081970215 6.280243873596191 3
      vertex -15.773519515991211 8.671566009521484 3
    endloop
  endfacet
  facet normal 0 0 1
    outer loop
      vertex -13.346198081970215 6.280243873596191 3
      vertex -16.28688621520996 7.664027214050293 3
      vertex -13.714202880859375 5.429836273193359 3
    endloop
  endfacet
  facet normal 0 0 1
    outer loop
      vertex -16.735977172851562 6.626241683959961 3
      vertex -13.714202880859375 5.429836273193359 3
      vertex -16.28688621520996 7.664027214050293 3
    endloop
  endfacet
  facet normal 0 0 1
    outer loop
      vertex -13.714202880859375 5.429836273193359 3
      vertex -16.735977172851562 6.626241683959961 3
      vertex -14.028082847595215 4.558000564575195 3
    endloop
  endfacet
  facet normal 0 0 1
    outer loop
      vertex -17.119016647338867 5.562305450439453 3
      vertex -14.028082847595215 4.558000564575195 3
      vertex -16.735977172851562 6.626241683959961 3
    endloop
  endfacet
  facet normal 0 0 1
    outer loop
      vertex -14.028082847595215 4.558000564575195 3
      vertex -17.119016647338867 5.562305450439453 3
      vertex -14.286601066589355 3.66817569732666 3
    endloop
  endfacet
  facet normal 0 0 1
    outer loop
      vertex 14.028082847595215 -4.558000564575195 3
      vertex 17.119016647338867 -5.562305450439453 3
      vertex 14.286601066589355 -3.66817569732666 3
    endloop
  endfacet
  facet normal 0 0 1
    outer loop
      vertex 17.119016647338867 -5.562305450439453 3
      vertex 14.028082847595215 -4.558000564575195 3
      vertex 16.735977172851562 -6.626241683959961 3
    endloop
  endfacet
  facet normal 0 0 1
    outer loop
      vertex 13.714202880859375 -5.429836273193359 3
      vertex 16.735977172851562 -6.626241683959961 3
      vertex 14.028082847595215 -4.558000564575195 3
    endloop
  endfacet
  facet normal 0 0 1
    outer loop
      vertex 16.735977172851562 -6.626241683959961 3
      vertex 13.714202880859375 -5.429836273193359 3
      vertex 16.28688621520996 -7.664027214050293 3
    endloop
  endfacet
  facet normal 0 0 1
    outer loop
      vertex 13.346198081970215 -6.280243873596191 3
      vertex 16.28688621520996 -7.664027214050293 3
      vertex 13.714202880859375 -5.429836273193359 3
    endloop
  endfacet
  facet normal 0 0 1
    outer loop
      vertex 16.28688621520996 -7.664027214050293 3
      vertex 13.346198081970215 -6.280243873596191 3
      vertex 15.773519515991211 -8.671566009521484 3
    endloop
  endfacet
  facet normal 0 0 1
    outer loop
      vertex 12.925522804260254 -7.105866432189941 3
      vertex 15.773519515991211 -8.671566009521484 3
      vertex 13.346198081970215 -6.280243873596191 3
    endloop
  endfacet
  facet normal 0 0 1
    outer loop
      vertex 15.773519515991211 -8.671566009521484 3
      vertex 12.925522804260254 -7.105866432189941 3
      vertex 15.197901725769043 -9.644882202148438 3
    endloop
  endfacet
  facet normal 0 0 1
    outer loop
      vertex 12.453836441040039 -7.903444290161133 3
      vertex 15.197901725769043 -9.644882202148438 3
      vertex 12.925522804260254 -7.105866432189941 3
    endloop
  endfacet
  facet normal 0 0 1
    outer loop
      vertex 15.197901725769043 -9.644882202148438 3
      vertex 12.453836441040039 -7.903444290161133 3
      vertex 14.562305450439453 -10.580134391784668 3
    endloop
  endfacet
  facet normal 0 0 1
    outer loop
      vertex 11.933000564575195 -8.669832229614258 3
      vertex 14.562305450439453 -10.580134391784668 3
      vertex 12.453836441040039 -7.903444290161133 3
    endloop
  endfacet
  facet normal 0 0 1
    outer loop
      vertex 14.562305450439453 -10.580134391784668 3
      vertex 11.933000564575195 -8.669832229614258 3
      vertex 13.869237899780273 -11.473630905151367 3
    endloop
  endfacet
  facet normal 0 0 1
    outer loop
      vertex 11.365069389343262 -9.402003288269043 3
      vertex 13.869237899780273 -11.473630905151367 3
      vertex 11.933000564575195 -8.669832229614258 3
    endloop
  endfacet
  facet normal 0 0 1
    outer loop
      vertex 13.869237899780273 -11.473630905151367 3
      vertex 11.365069389343262 -9.402003288269043 3
      vertex 13.121435165405273 -12.321846961975098 3
    endloop
  endfacet
  facet normal 0 0 1
    outer loop
      vertex 10.752286911010742 -10.09706974029541 3
      vertex 13.121435165405273 -12.321846961975098 3
      vertex 11.365069389343262 -9.402003288269043 3
    endloop
  endfacet
  facet normal 0 0 1
    outer loop
      vertex 13.121435165405273 -12.321846961975098 3
      vertex 10.752286911010742 -10.09706974029541 3
      vertex 12.321846961975098 -13.121435165405273 3
    endloop
  endfacet
  facet normal 0 0 1
    outer loop
      vertex 10.09706974029541 -10.752286911010742 3
      vertex 12.321846961975098 -13.121435165405273 3
      vertex 10.752286911010742 -10.09706974029541 3
    endloop
  endfacet
  facet normal 0 0 1
    outer loop
      vertex 12.321846961975098 -13.121435165405273 3
      vertex 10.09706974029541 -10.752286911010742 3
      vertex 11.473630905151367 -13.869237899780273 3
    endloop
  endfacet
  facet normal 0 0 1
    outer loop
      vertex 9.402003288269043 -11.365069389343262 3
      vertex 11.473630905151367 -13.869237899780273 3
      vertex 10.09706974029541 -10.752286911010742 3
    endloop
  endfacet
  facet normal 0 0 1
    outer loop
      vertex 11.473630905151367 -13.869237899780273 3
      vertex 9.402003288269043 -11.365069389343262 3
      vertex 10.580134391784668 -14.562305450439453 3
    endloop
  endfacet
  facet normal 0 0 1
    outer loop
      vertex 8.669832229614258 -11.933000564575195 3
      vertex 10.580134391784668 -14.562305450439453 3
      vertex 9.402003288269043 -11.365069389343262 3
    endloop
  endfacet
  facet normal 0 0 1
    outer loop
      vertex 10.580134391784668 -14.562305450439453 3
      vertex 8.669832229614258 -11.933000564575195 3
      vertex 9.644882202148438 -15.197901725769043 3
    endloop
  endfacet
  facet normal 0 0 1
    outer loop
      vertex 7.903444290161133 -12.453836441040039 3
      vertex 9.644882202148438 -15.197901725769043 3
      vertex 8.669832229614258 -11.933000564575195 3
    endloop
  endfacet
  facet normal 0 0 1
    outer loop
      vertex 9.644882202148438 -15.197901725769043 3
      vertex 7.903444290161133 -12.453836441040039 3
      vertex 8.671566009521484 -15.773519515991211 3
    endloop
  endfacet
  facet normal 0 0 1
    outer loop
      vertex 7.105866432189941 -12.925522804260254 3
      vertex 8.671566009521484 -15.773519515991211 3
      vertex 7.903444290161133 -12.453836441040039 3
    endloop
  endfacet
  facet normal 0 0 1
    outer loop
      vertex 8.671566009521484 -15.773519515991211 3
      vertex 7.105866432189941 -12.925522804260254 3
      vertex 7.664027214050293 -16.28688621520996 3
    endloop
  endfacet
  facet normal 0 0 1
    outer loop
      vertex 6.280243873596191 -13.346198081970215 3
      vertex 7.664027214050293 -16.28688621520996 3
      vertex 7.105866432189941 -12.925522804260254 3
    endloop
  endfacet
  facet normal 0 0 1
    outer loop
      vertex 7.664027214050293 -16.28688621520996 3
      vertex 6.280243873596191 -13.346198081970215 3
      vertex 6.626241683959961 -16.735977172851562 3
    endloop
  endfacet
  facet normal 0 0 1
    outer loop
      vertex 5.429836273193359 -13.714202880859375 3
      vertex 6.626241683959961 -16.735977172851562 3
      vertex 6.280243873596191 -13.346198081970215 3
    endloop
  endfacet
  facet normal 0 0 1
    outer loop
      vertex 6.626241683959961 -16.735977172851562 3
      vertex 5.429836273193359 -13.714202880859375 3
      vertex 5.562305450439453 -17.119016647338867 3
    endloop
  endfacet
  facet normal 0 0 1
    outer loop
      vertex 4.558000564575195 -14.028082847595215 3
      vertex 5.562305450439453 -17.119016647338867 3
      vertex 5.429836273193359 -13.714202880859375 3
    endloop
  endfacet
  facet normal 0 0 1
    outer loop
      vertex 4.558000564575195 -14.028082847595215 3
      vertex 4.476417541503906 -17.434497833251953 3
      vertex 5.562305450439453 -17.119016647338867 3
    endloop
  endfacet
  facet normal 0 0 1
    outer loop
      vertex 3.66817569732666 -14.286601066589355 3
      vertex 4.476417541503906 -17.434497833251953 3
      vertex 4.558000564575195 -14.028082847595215 3
    endloop
  endfacet
  facet normal 0 0 1
    outer loop
      vertex 3.66817569732666 -14.286601066589355 3
      vertex 3.3728628158569336 -17.681171417236328 3
      vertex 4.476417541503906 -17.434497833251953 3
    endloop
  endfacet
  facet normal 0 0 1
    outer loop
      vertex 2.763874053955078 -14.488736152648926 3
      vertex 3.3728628158569336 -17.681171417236328 3
      vertex 3.66817569732666 -14.286601066589355 3
    endloop
  endfacet
  facet normal 0 0 1
    outer loop
      vertex 2.763874053955078 -14.488736152648926 3
      vertex 2.255997657775879 -17.858062744140625 3
      vertex 3.3728628158569336 -17.681171417236328 3
    endloop
  endfacet
  facet normal 0 0 1
    outer loop
      vertex 1.8486642837524414 -14.633691787719727 3
      vertex 2.255997657775879 -17.858062744140625 3
      vertex 2.763874053955078 -14.488736152648926 3
    endloop
  endfacet
  facet normal 0 0 1
    outer loop
      vertex 1.8486642837524414 -14.633691787719727 3
      vertex 1.1302289962768555 -17.964481353759766 3
      vertex 2.255997657775879 -17.858062744140625 3
    endloop
  endfacet
  facet normal 0 0 1
    outer loop
      vertex 0.9261598587036133 -14.720893859863281 3
      vertex 1.1302289962768555 -17.964481353759766 3
      vertex 1.8486642837524414 -14.633691787719727 3
    endloop
  endfacet
  facet normal 0 0 1
    outer loop
      vertex 0 -14.75 3
      vertex 1.1302289962768555 -17.964481353759766 3
      vertex 0.9261598587036133 -14.720893859863281 3
    endloop
  endfacet
  facet normal 0 0 1
    outer loop
      vertex 0 -14.75 3
      vertex 0 -18 3
      vertex 1.1302289962768555 -17.964481353759766 3
    endloop
  endfacet
  facet normal 0 0 1
    outer loop
      vertex -0.9261598587036133 -14.720893859863281 3
      vertex 0 -18 3
      vertex 0 -14.75 3
    endloop
  endfacet
  facet normal 0 0 1
    outer loop
      vertex -0.9261598587036133 -14.720893859863281 3
      vertex -1.1302289962768555 -17.964481353759766 3
      vertex 0 -18 3
    endloop
  endfacet
  facet normal 0 0 1
    outer loop
      vertex -1.8486642837524414 -14.633691787719727 3
      vertex -1.1302289962768555 -17.964481353759766 3
      vertex -0.9261598587036133 -14.720893859863281 3
    endloop
  endfacet
  facet normal 0 0 1
    outer loop
      vertex -1.8486642837524414 -14.633691787719727 3
      vertex -2.255997657775879 -17.858062744140625 3
      vertex -1.1302289962768555 -17.964481353759766 3
    endloop
  endfacet
  facet normal 0 0 1
    outer loop
      vertex -2.763874053955078 -14.488736152648926 3
      vertex -2.255997657775879 -17.858062744140625 3
      vertex -1.8486642837524414 -14.633691787719727 3
    endloop
  endfacet
  facet normal 0 0 1
    outer loop
      vertex -2.763874053955078 -14.488736152648926 3
      vertex -3.3728628158569336 -17.681171417236328 3
      vertex -2.255997657775879 -17.858062744140625 3
    endloop
  endfacet
  facet normal 0 0 1
    outer loop
      vertex -3.66817569732666 -14.286601066589355 3
      vertex -3.3728628158569336 -17.681171417236328 3
      vertex -2.763874053955078 -14.488736152648926 3
    endloop
  endfacet
  facet normal 0 0 1
    outer loop
      vertex -3.66817569732666 -14.286601066589355 3
      vertex -4.476417541503906 -17.434497833251953 3
      vertex -3.3728628158569336 -17.681171417236328 3
    endloop
  endfacet
  facet normal 0 0 1
    outer loop
      vertex -4.558000564575195 -14.028082847595215 3
      vertex -4.476417541503906 -17.434497833251953 3
      vertex -3.66817569732666 -14.286601066589355 3
    endloop
  endfacet
  facet normal 0 0 1
    outer loop
      vertex -5.562305450439453 -17.119016647338867 3
      vertex -4.558000564575195 -14.028082847595215 3
      vertex -5.429836273193359 -13.714202880859375 3
    endloop
  endfacet
  facet normal 0 0 1
    outer loop
      vertex -4.558000564575195 -14.028082847595215 3
      vertex -5.562305450439453 -17.119016647338867 3
      vertex -4.476417541503906 -17.434497833251953 3
    endloop
  endfacet
  facet normal 0 0 1
    outer loop
      vertex -6.626241683959961 -16.735977172851562 3
      vertex -5.429836273193359 -13.714202880859375 3
      vertex -6.280243873596191 -13.346198081970215 3
    endloop
  endfacet
  facet normal 0 0 1
    outer loop
      vertex -5.429836273193359 -13.714202880859375 3
      vertex -6.626241683959961 -16.735977172851562 3
      vertex -5.562305450439453 -17.119016647338867 3
    endloop
  endfacet
  facet normal 0 0 1
    outer loop
      vertex -7.664027214050293 -16.28688621520996 3
      vertex -6.280243873596191 -13.346198081970215 3
      vertex -7.105866432189941 -12.925522804260254 3
    endloop
  endfacet
  facet normal 0 0 1
    outer loop
      vertex -6.280243873596191 -13.346198081970215 3
      vertex -7.664027214050293 -16.28688621520996 3
      vertex -6.626241683959961 -16.735977172851562 3
    endloop
  endfacet
  facet normal 0 0 1
    outer loop
      vertex -8.671566009521484 -15.773519515991211 3
      vertex -7.105866432189941 -12.925522804260254 3
      vertex -7.903444290161133 -12.453836441040039 3
    endloop
  endfacet
  facet normal 0 0 1
    outer loop
      vertex -9.644882202148438 -15.197901725769043 3
      vertex -7.903444290161133 -12.453836441040039 3
      vertex -8.669832229614258 -11.933000564575195 3
    endloop
  endfacet
  facet normal 0 0 1
    outer loop
      vertex -7.105866432189941 -12.925522804260254 3
      vertex -8.671566009521484 -15.773519515991211 3
      vertex -7.664027214050293 -16.28688621520996 3
    endloop
  endfacet
  facet normal 0 0 1
    outer loop
      vertex -10.580134391784668 -14.562305450439453 3
      vertex -8.669832229614258 -11.933000564575195 3
      vertex -9.402003288269043 -11.365069389343262 3
    endloop
  endfacet
  facet normal 0 0 1
    outer loop
      vertex -7.903444290161133 -12.453836441040039 3
      vertex -9.644882202148438 -15.197901725769043 3
      vertex -8.671566009521484 -15.773519515991211 3
    endloop
  endfacet
  facet normal 0 0 1
    outer loop
      vertex -11.473630905151367 -13.869237899780273 3
      vertex -9.402003288269043 -11.365069389343262 3
      vertex -10.09706974029541 -10.752286911010742 3
    endloop
  endfacet
  facet normal 0 0 1
    outer loop
      vertex -8.669832229614258 -11.933000564575195 3
      vertex -10.580134391784668 -14.562305450439453 3
      vertex -9.644882202148438 -15.197901725769043 3
    endloop
  endfacet
  facet normal 0 0 1
    outer loop
      vertex -12.321846961975098 -13.121435165405273 3
      vertex -10.09706974029541 -10.752286911010742 3
      vertex -10.752286911010742 -10.09706974029541 3
    endloop
  endfacet
  facet normal 0 0 1
    outer loop
      vertex -13.121435165405273 -12.321846961975098 3
      vertex -10.752286911010742 -10.09706974029541 3
      vertex -11.365069389343262 -9.402003288269043 3
    endloop
  endfacet
  facet normal 0 0 1
    outer loop
      vertex -9.402003288269043 -11.365069389343262 3
      vertex -11.473630905151367 -13.869237899780273 3
      vertex -10.580134391784668 -14.562305450439453 3
    endloop
  endfacet
  facet normal 0 0 1
    outer loop
      vertex -13.869237899780273 -11.473630905151367 3
      vertex -11.365069389343262 -9.402003288269043 3
      vertex -11.933000564575195 -8.669832229614258 3
    endloop
  endfacet
  facet normal 0 0 1
    outer loop
      vertex -10.09706974029541 -10.752286911010742 3
      vertex -12.321846961975098 -13.121435165405273 3
      vertex -11.473630905151367 -13.869237899780273 3
    endloop
  endfacet
  facet normal 0 0 1
    outer loop
      vertex -14.562305450439453 -10.580134391784668 3
      vertex -11.933000564575195 -8.669832229614258 3
      vertex -12.453836441040039 -7.903444290161133 3
    endloop
  endfacet
  facet normal 0 0 1
    outer loop
      vertex -15.197901725769043 -9.644882202148438 3
      vertex -12.453836441040039 -7.903444290161133 3
      vertex -12.925522804260254 -7.105866432189941 3
    endloop
  endfacet
  facet normal 0 0 1
    outer loop
      vertex -10.752286911010742 -10.09706974029541 3
      vertex -13.121435165405273 -12.321846961975098 3
      vertex -12.321846961975098 -13.121435165405273 3
    endloop
  endfacet
  facet normal 0 0 1
    outer loop
      vertex -15.773519515991211 -8.671566009521484 3
      vertex -12.925522804260254 -7.105866432189941 3
      vertex -13.346198081970215 -6.280243873596191 3
    endloop
  endfacet
  facet normal 0 0 1
    outer loop
      vertex -16.28688621520996 -7.664027214050293 3
      vertex -13.346198081970215 -6.280243873596191 3
      vertex -13.714202880859375 -5.429836273193359 3
    endloop
  endfacet
  facet normal 0 0 1
    outer loop
      vertex -11.365069389343262 -9.402003288269043 3
      vertex -13.869237899780273 -11.473630905151367 3
      vertex -13.121435165405273 -12.321846961975098 3
    endloop
  endfacet
  facet normal 0 0 1
    outer loop
      vertex -16.735977172851562 -6.626241683959961 3
      vertex -13.714202880859375 -5.429836273193359 3
      vertex -14.028082847595215 -4.558000564575195 3
    endloop
  endfacet
  facet normal 0 0 1
    outer loop
      vertex -17.119016647338867 -5.562305450439453 3
      vertex -14.028082847595215 -4.558000564575195 3
      vertex -14.286601066589355 -3.66817569732666 3
    endloop
  endfacet
  facet normal 0 0 1
    outer loop
      vertex -17.434497833251953 -4.476417541503906 3
      vertex -14.286601066589355 -3.66817569732666 3
      vertex -14.488736152648926 -2.763874053955078 3
    endloop
  endfacet
  facet normal 0 0 1
    outer loop
      vertex -11.933000564575195 -8.669832229614258 3
      vertex -14.562305450439453 -10.580134391784668 3
      vertex -13.869237899780273 -11.473630905151367 3
    endloop
  endfacet
  facet normal 0 0 1
    outer loop
      vertex -17.681171417236328 -3.3728628158569336 3
      vertex -14.488736152648926 -2.763874053955078 3
      vertex -14.633691787719727 -1.8486642837524414 3
    endloop
  endfacet
  facet normal 0 0 1
    outer loop
      vertex -17.858062744140625 -2.255997657775879 3
      vertex -14.633691787719727 -1.8486642837524414 3
      vertex -14.720893859863281 -0.9261598587036133 3
    endloop
  endfacet
  facet normal 0 0 1
    outer loop
      vertex -17.964481353759766 -1.1302289962768555 3
      vertex -14.720893859863281 -0.9261598587036133 3
      vertex -14.75 0 3
    endloop
  endfacet
  facet normal 0 0 1
    outer loop
      vertex -17.434497833251953 4.476417541503906 3
      vertex -14.286601066589355 3.66817569732666 3
      vertex -17.119016647338867 5.562305450439453 3
    endloop
  endfacet
  facet normal 0 0 1
    outer loop
      vertex -12.453836441040039 -7.903444290161133 3
      vertex -15.197901725769043 -9.644882202148438 3
      vertex -14.562305450439453 -10.580134391784668 3
    endloop
  endfacet
  facet normal 0 0 1
    outer loop
      vertex -14.286601066589355 3.66817569732666 3
      vertex -17.434497833251953 4.476417541503906 3
      vertex -14.488736152648926 2.763874053955078 3
    endloop
  endfacet
  facet normal 0 0 1
    outer loop
      vertex -12.925522804260254 -7.105866432189941 3
      vertex -15.773519515991211 -8.671566009521484 3
      vertex -15.197901725769043 -9.644882202148438 3
    endloop
  endfacet
  facet normal 0 0 1
    outer loop
      vertex -17.681171417236328 3.3728628158569336 3
      vertex -14.488736152648926 2.763874053955078 3
      vertex -17.434497833251953 4.476417541503906 3
    endloop
  endfacet
  facet normal 0 0 1
    outer loop
      vertex -13.346198081970215 -6.280243873596191 3
      vertex -16.28688621520996 -7.664027214050293 3
      vertex -15.773519515991211 -8.671566009521484 3
    endloop
  endfacet
  facet normal 0 0 1
    outer loop
      vertex -14.488736152648926 2.763874053955078 3
      vertex -17.681171417236328 3.3728628158569336 3
      vertex -14.633691787719727 1.8486642837524414 3
    endloop
  endfacet
  facet normal 0 0 1
    outer loop
      vertex -13.714202880859375 -5.429836273193359 3
      vertex -16.735977172851562 -6.626241683959961 3
      vertex -16.28688621520996 -7.664027214050293 3
    endloop
  endfacet
  facet normal 0 0 1
    outer loop
      vertex -17.858062744140625 2.255997657775879 3
      vertex -14.633691787719727 1.8486642837524414 3
      vertex -17.681171417236328 3.3728628158569336 3
    endloop
  endfacet
  facet normal 0 0 1
    outer loop
      vertex -14.028082847595215 -4.558000564575195 3
      vertex -17.119016647338867 -5.562305450439453 3
      vertex -16.735977172851562 -6.626241683959961 3
    endloop
  endfacet
  facet normal 0 0 1
    outer loop
      vertex -14.633691787719727 1.8486642837524414 3
      vertex -17.858062744140625 2.255997657775879 3
      vertex -14.720893859863281 0.9261598587036133 3
    endloop
  endfacet
  facet normal 0 0 1
    outer loop
      vertex -14.286601066589355 -3.66817569732666 3
      vertex -17.434497833251953 -4.476417541503906 3
      vertex -17.119016647338867 -5.562305450439453 3
    endloop
  endfacet
  facet normal 0 0 1
    outer loop
      vertex -17.964481353759766 1.1302289962768555 3
      vertex -14.720893859863281 0.9261598587036133 3
      vertex -17.858062744140625 2.255997657775879 3
    endloop
  endfacet
  facet normal 0 0 1
    outer loop
      vertex -14.488736152648926 -2.763874053955078 3
      vertex -17.681171417236328 -3.3728628158569336 3
      vertex -17.434497833251953 -4.476417541503906 3
    endloop
  endfacet
  facet normal 0 0 1
    outer loop
      vertex -14.720893859863281 0.9261598587036133 3
      vertex -17.964481353759766 1.1302289962768555 3
      vertex -14.75 0 3
    endloop
  endfacet
  facet normal 0 0 1
    outer loop
      vertex -14.633691787719727 -1.8486642837524414 3
      vertex -17.858062744140625 -2.255997657775879 3
      vertex -17.681171417236328 -3.3728628158569336 3
    endloop
  endfacet
  facet normal 0 0 1
    outer loop
      vertex -18 0 3
      vertex -14.75 0 3
      vertex -17.964481353759766 1.1302289962768555 3
    endloop
  endfacet
  facet normal 0 0 1
    outer loop
      vertex -14.720893859863281 -0.9261598587036133 3
      vertex -17.964481353759766 -1.1302289962768555 3
      vertex -17.858062744140625 -2.255997657775879 3
    endloop
  endfacet
  facet normal 0 0 1
    outer loop
      vertex -14.75 0 3
      vertex -18 0 3
      vertex -17.964481353759766 -1.1302289962768555 3
    endloop
  endfacet
  facet normal -0.9408808385105483 0.3387377270451103 0
    outer loop
      vertex -14.028082847595215 4.558000564575195 3
      vertex -13.714202880859375 5.429836273193359 40
      vertex -13.714202880859375 5.429836273193359 3
    endloop
  endfacet
  facet normal -0.9408808385105483 0.3387377270451103 0
    outer loop
      vertex -13.714202880859375 5.429836273193359 40
      vertex -14.028082847595215 4.558000564575195 3
      vertex -14.028082847595215 4.558000564575195 40
    endloop
  endfacet
  facet normal -0.9177544020515064 -0.397148407418539 0
    outer loop
      vertex -13.346198081970215 -6.280243873596191 3
      vertex -13.714202880859375 -5.429836273193359 40
      vertex -13.714202880859375 -5.429836273193359 3
    endloop
  endfacet
  facet normal -0.9177544020515064 -0.397148407418539 0
    outer loop
      vertex -13.714202880859375 -5.429836273193359 40
      vertex -13.346198081970215 -6.280243873596191 3
      vertex -13.346198081970215 -6.280243873596191 40
    endloop
  endfacet
  facet normal -0.3387377270451103 0.9408808385105483 0
    outer loop
      vertex -4.558000564575195 14.028082847595215 3
      vertex -5.429836273193359 13.714202880859375 40
      vertex -4.558000564575195 14.028082847595215 40
    endloop
  endfacet
  facet normal -0.3387377270451103 0.9408808385105483 0
    outer loop
      vertex -5.429836273193359 13.714202880859375 40
      vertex -4.558000564575195 14.028082847595215 3
      vertex -5.429836273193359 13.714202880859375 3
    endloop
  endfacet
  facet normal -0.4539901334127169 0.8910067108411157 0
    outer loop
      vertex -6.280243873596191 13.346198081970215 3
      vertex -7.105866432189941 12.925522804260254 40
      vertex -6.280243873596191 13.346198081970215 40
    endloop
  endfacet
  facet normal -0.4539901334127169 0.8910067108411157 0
    outer loop
      vertex -7.105866432189941 12.925522804260254 40
      vertex -6.280243873596191 13.346198081970215 3
      vertex -7.105866432189941 12.925522804260254 3
    endloop
  endfacet
  facet normal 0.5620827655923644 -0.827080990365538 0
    outer loop
      vertex 7.903444290161133 -12.453836441040039 3
      vertex 8.669832229614258 -11.933000564575195 40
      vertex 7.903444290161133 -12.453836441040039 40
    endloop
  endfacet
  facet normal 0.5620827655923644 -0.827080990365538 0
    outer loop
      vertex 8.669832229614258 -11.933000564575195 40
      vertex 7.903444290161133 -12.453836441040039 3
      vertex 8.669832229614258 -11.933000564575195 3
    endloop
  endfacet
  facet normal -0.21814295384689864 0.9759168262136635 0
    outer loop
      vertex -2.763874053955078 14.488736152648926 3
      vertex -3.66817569732666 14.286601066589355 40
      vertex -2.763874053955078 14.488736152648926 40
    endloop
  endfacet
  facet normal -0.21814295384689864 0.9759168262136635 0
    outer loop
      vertex -3.66817569732666 14.286601066589355 40
      vertex -2.763874053955078 14.488736152648926 3
      vertex -3.66817569732666 14.286601066589355 3
    endloop
  endfacet
  facet normal -0.21814295384689864 -0.9759168262136635 0
    outer loop
      vertex -3.66817569732666 -14.286601066589355 3
      vertex -2.763874053955078 -14.488736152648926 40
      vertex -3.66817569732666 -14.286601066589355 40
    endloop
  endfacet
  facet normal -0.21814295384689864 -0.9759168262136635 0
    outer loop
      vertex -2.763874053955078 -14.488736152648926 40
      vertex -3.66817569732666 -14.286601066589355 3
      vertex -2.763874053955078 -14.488736152648926 3
    endloop
  endfacet
  facet normal 0.6613112406684052 -0.7501116203376765 0
    outer loop
      vertex 9.402003288269043 -11.365069389343262 3
      vertex 10.09706974029541 -10.752286911010742 40
      vertex 9.402003288269043 -11.365069389343262 40
    endloop
  endfacet
  facet normal 0.6613112406684052 -0.7501116203376765 0
    outer loop
      vertex 10.09706974029541 -10.752286911010742 40
      vertex 9.402003288269043 -11.365069389343262 3
      vertex 10.09706974029541 -10.752286911010742 3
    endloop
  endfacet
  facet normal -0.5620827655923644 -0.827080990365538 0
    outer loop
      vertex -8.669832229614258 -11.933000564575195 3
      vertex -7.903444290161133 -12.453836441040039 40
      vertex -8.669832229614258 -11.933000564575195 40
    endloop
  endfacet
  facet normal -0.5620827655923644 -0.827080990365538 0
    outer loop
      vertex -7.903444290161133 -12.453836441040039 40
      vertex -8.669832229614258 -11.933000564575195 3
      vertex -7.903444290161133 -12.453836441040039 3
    endloop
  endfacet
  facet normal -0.8607419641602178 0.5090415220132934 0
    outer loop
      vertex -12.925522804260254 7.105866432189941 3
      vertex -12.453836441040039 7.903444290161133 40
      vertex -12.453836441040039 7.903444290161133 3
    endloop
  endfacet
  facet normal -0.8607419641602178 0.5090415220132934 0
    outer loop
      vertex -12.453836441040039 7.903444290161133 40
      vertex -12.925522804260254 7.105866432189941 3
      vertex -12.925522804260254 7.105866432189941 40
    endloop
  endfacet
  facet normal 0.397148407418539 -0.9177544020515064 0
    outer loop
      vertex 5.429836273193359 -13.714202880859375 3
      vertex 6.280243873596191 -13.346198081970215 40
      vertex 5.429836273193359 -13.714202880859375 40
    endloop
  endfacet
  facet normal 0.397148407418539 -0.9177544020515064 0
    outer loop
      vertex 6.280243873596191 -13.346198081970215 40
      vertex 5.429836273193359 -13.714202880859375 3
      vertex 6.280243873596191 -13.346198081970215 3
    endloop
  endfacet
  facet normal -0.6613112406684052 -0.7501116203376765 0
    outer loop
      vertex -10.09706974029541 -10.752286911010742 3
      vertex -9.402003288269043 -11.365069389343262 40
      vertex -10.09706974029541 -10.752286911010742 40
    endloop
  endfacet
  facet normal -0.6613112406684052 -0.7501116203376765 0
    outer loop
      vertex -9.402003288269043 -11.365069389343262 40
      vertex -10.09706974029541 -10.752286911010742 3
      vertex -9.402003288269043 -11.365069389343262 3
    endloop
  endfacet
  facet normal -0.5620827655923644 0.827080990365538 0
    outer loop
      vertex -7.903444290161133 12.453836441040039 3
      vertex -8.669832229614258 11.933000564575195 40
      vertex -7.903444290161133 12.453836441040039 40
    endloop
  endfacet
  facet normal -0.5620827655923644 0.827080990365538 0
    outer loop
      vertex -8.669832229614258 11.933000564575195 40
      vertex -7.903444290161133 12.453836441040039 3
      vertex -8.669832229614258 11.933000564575195 3
    endloop
  endfacet
  facet normal 0.8910067108411157 -0.4539901334127169 0
    outer loop
      vertex 12.925522804260254 -7.105866432189941 40
      vertex 13.346198081970215 -6.280243873596191 3
      vertex 13.346198081970215 -6.280243873596191 40
    endloop
  endfacet
  facet normal 0.8910067108411157 -0.4539901334127169 0
    outer loop
      vertex 13.346198081970215 -6.280243873596191 3
      vertex 12.925522804260254 -7.105866432189941 40
      vertex 12.925522804260254 -7.105866432189941 3
    endloop
  endfacet
  facet normal 0.9602936286399919 0.2789913023616278 0
    outer loop
      vertex 14.286601066589355 3.66817569732666 40
      vertex 14.028082847595215 4.558000564575195 3
      vertex 14.028082847595215 4.558000564575195 40
    endloop
  endfacet
  facet normal 0.9602936286399919 0.2789913023616278 0
    outer loop
      vertex 14.028082847595215 4.558000564575195 3
      vertex 14.286601066589355 3.66817569732666 40
      vertex 14.286601066589355 3.66817569732666 3
    endloop
  endfacet
  facet normal 0.9408808385105483 0.3387377270451103 0
    outer loop
      vertex 14.028082847595215 4.558000564575195 40
      vertex 13.714202880859375 5.429836273193359 3
      vertex 13.714202880859375 5.429836273193359 40
    endloop
  endfacet
  facet normal 0.9408808385105483 0.3387377270451103 0
    outer loop
      vertex 13.714202880859375 5.429836273193359 3
      vertex 14.028082847595215 4.558000564575195 40
      vertex 14.028082847595215 4.558000564575195 3
    endloop
  endfacet
  facet normal -0.2789913023616278 0.9602936286399919 0
    outer loop
      vertex -3.66817569732666 14.286601066589355 3
      vertex -4.558000564575195 14.028082847595215 40
      vertex -3.66817569732666 14.286601066589355 40
    endloop
  endfacet
  facet normal -0.2789913023616278 0.9602936286399919 0
    outer loop
      vertex -4.558000564575195 14.028082847595215 40
      vertex -3.66817569732666 14.286601066589355 3
      vertex -4.558000564575195 14.028082847595215 3
    endloop
  endfacet
  facet normal 0.2789913023616278 0.9602936286399919 0
    outer loop
      vertex 4.558000564575195 14.028082847595215 3
      vertex 3.66817569732666 14.286601066589355 40
      vertex 4.558000564575195 14.028082847595215 40
    endloop
  endfacet
  facet normal 0.2789913023616278 0.9602936286399919 0
    outer loop
      vertex 3.66817569732666 14.286601066589355 40
      vertex 4.558000564575195 14.028082847595215 3
      vertex 3.66817569732666 14.286601066589355 3
    endloop
  endfacet
  facet normal 0.3387377270451103 0.9408808385105483 0
    outer loop
      vertex 5.429836273193359 13.714202880859375 3
      vertex 4.558000564575195 14.028082847595215 40
      vertex 5.429836273193359 13.714202880859375 40
    endloop
  endfacet
  facet normal 0.3387377270451103 0.9408808385105483 0
    outer loop
      vertex 4.558000564575195 14.028082847595215 40
      vertex 5.429836273193359 13.714202880859375 3
      vertex 4.558000564575195 14.028082847595215 3
    endloop
  endfacet
  facet normal 0.9955619919442803 -0.09410802407837883 0
    outer loop
      vertex 14.633691787719727 -1.8486642837524414 40
      vertex 14.720893859863281 -0.9261598587036133 3
      vertex 14.720893859863281 -0.9261598587036133 40
    endloop
  endfacet
  facet normal 0.9955619919442803 -0.09410802407837883 0
    outer loop
      vertex 14.720893859863281 -0.9261598587036133 3
      vertex 14.633691787719727 -1.8486642837524414 40
      vertex 14.633691787719727 -1.8486642837524414 3
    endloop
  endfacet
  facet normal -0.9602936286399919 -0.2789913023616278 0
    outer loop
      vertex -14.028082847595215 -4.558000564575195 3
      vertex -14.286601066589355 -3.66817569732666 40
      vertex -14.286601066589355 -3.66817569732666 3
    endloop
  endfacet
  facet normal -0.9602936286399919 -0.2789913023616278 0
    outer loop
      vertex -14.286601066589355 -3.66817569732666 40
      vertex -14.028082847595215 -4.558000564575195 3
      vertex -14.028082847595215 -4.558000564575195 40
    endloop
  endfacet
  facet normal -0.9408808385105483 -0.3387377270451103 0
    outer loop
      vertex -13.714202880859375 -5.429836273193359 3
      vertex -14.028082847595215 -4.558000564575195 40
      vertex -14.028082847595215 -4.558000564575195 3
    endloop
  endfacet
  facet normal -0.9408808385105483 -0.3387377270451103 0
    outer loop
      vertex -14.028082847595215 -4.558000564575195 40
      vertex -13.714202880859375 -5.429836273193359 3
      vertex -13.714202880859375 -5.429836273193359 40
    endloop
  endfacet
  facet normal -0.8607419641602178 -0.5090415220132934 0
    outer loop
      vertex -12.453836441040039 -7.903444290161133 3
      vertex -12.925522804260254 -7.105866432189941 40
      vertex -12.925522804260254 -7.105866432189941 3
    endloop
  endfacet
  facet normal -0.8607419641602178 -0.5090415220132934 0
    outer loop
      vertex -12.925522804260254 -7.105866432189941 40
      vertex -12.453836441040039 -7.903444290161133 3
      vertex -12.453836441040039 -7.903444290161133 40
    endloop
  endfacet
  facet normal -0.9602936286399919 0.2789913023616278 0
    outer loop
      vertex -14.286601066589355 3.66817569732666 3
      vertex -14.028082847595215 4.558000564575195 40
      vertex -14.028082847595215 4.558000564575195 3
    endloop
  endfacet
  facet normal -0.9602936286399919 0.2789913023616278 0
    outer loop
      vertex -14.028082847595215 4.558000564575195 40
      vertex -14.286601066589355 3.66817569732666 3
      vertex -14.286601066589355 3.66817569732666 40
    endloop
  endfacet
  facet normal -0.9759168262136635 -0.21814295384689864 0
    outer loop
      vertex -14.286601066589355 -3.66817569732666 3
      vertex -14.488736152648926 -2.763874053955078 40
      vertex -14.488736152648926 -2.763874053955078 3
    endloop
  endfacet
  facet normal -0.9759168262136635 -0.21814295384689864 0
    outer loop
      vertex -14.488736152648926 -2.763874053955078 40
      vertex -14.286601066589355 -3.66817569732666 3
      vertex -14.286601066589355 -3.66817569732666 40
    endloop
  endfacet
  facet normal 0.09410802407837883 -0.9955619919442803 0
    outer loop
      vertex 0.9261598587036133 -14.720893859863281 3
      vertex 1.8486642837524414 -14.633691787719727 40
      vertex 0.9261598587036133 -14.720893859863281 40
    endloop
  endfacet
  facet normal 0.09410802407837883 -0.9955619919442803 0
    outer loop
      vertex 1.8486642837524414 -14.633691787719727 40
      vertex 0.9261598587036133 -14.720893859863281 3
      vertex 1.8486642837524414 -14.633691787719727 3
    endloop
  endfacet
  facet normal 0.03141118388107106 -0.9995065470156709 0
    outer loop
      vertex 0 -14.75 3
      vertex 0.9261598587036133 -14.720893859863281 40
      vertex 0 -14.75 40
    endloop
  endfacet
  facet normal 0.03141118388107106 -0.9995065470156709 0
    outer loop
      vertex 0.9261598587036133 -14.720893859863281 40
      vertex 0 -14.75 3
      vertex 0.9261598587036133 -14.720893859863281 3
    endloop
  endfacet
  facet normal 0.5090415220132934 0.8607419641602178 0
    outer loop
      vertex 7.903444290161133 12.453836441040039 3
      vertex 7.105866432189941 12.925522804260254 40
      vertex 7.903444290161133 12.453836441040039 40
    endloop
  endfacet
  facet normal 0.5090415220132934 0.8607419641602178 0
    outer loop
      vertex 7.105866432189941 12.925522804260254 40
      vertex 7.903444290161133 12.453836441040039 3
      vertex 7.105866432189941 12.925522804260254 3
    endloop
  endfacet
  facet normal -0.03141118388107106 -0.9995065470156709 0
    outer loop
      vertex -0.9261598587036133 -14.720893859863281 3
      vertex 0 -14.75 40
      vertex -0.9261598587036133 -14.720893859863281 40
    endloop
  endfacet
  facet normal -0.03141118388107106 -0.9995065470156709 0
    outer loop
      vertex 0 -14.75 40
      vertex -0.9261598587036133 -14.720893859863281 3
      vertex 0 -14.75 3
    endloop
  endfacet
  facet normal -0.9995065470156709 0.03141118388107106 0
    outer loop
      vertex -14.75 0 3
      vertex -14.720893859863281 0.9261598587036133 40
      vertex -14.720893859863281 0.9261598587036133 3
    endloop
  endfacet
  facet normal -0.9995065470156709 0.03141118388107106 0
    outer loop
      vertex -14.720893859863281 0.9261598587036133 40
      vertex -14.75 0 3
      vertex -14.75 0 40
    endloop
  endfacet
  facet normal -0.7501116203376765 -0.6613112406684052 0
    outer loop
      vertex -10.752286911010742 -10.09706974029541 3
      vertex -11.365069389343262 -9.402003288269043 40
      vertex -11.365069389343262 -9.402003288269043 3
    endloop
  endfacet
  facet normal -0.7501116203376765 -0.6613112406684052 0
    outer loop
      vertex -11.365069389343262 -9.402003288269043 40
      vertex -10.752286911010742 -10.09706974029541 3
      vertex -10.752286911010742 -10.09706974029541 40
    endloop
  endfacet
  facet normal -0.7901544445483276 -0.6129077856909013 0
    outer loop
      vertex -11.365069389343262 -9.402003288269043 3
      vertex -11.933000564575195 -8.669832229614258 40
      vertex -11.933000564575195 -8.669832229614258 3
    endloop
  endfacet
  facet normal -0.7901544445483276 -0.6129077856909013 0
    outer loop
      vertex -11.933000564575195 -8.669832229614258 40
      vertex -11.365069389343262 -9.402003288269043 3
      vertex -11.365069389343262 -9.402003288269043 40
    endloop
  endfacet
  facet normal -0.9177544020515064 0.397148407418539 0
    outer loop
      vertex -13.714202880859375 5.429836273193359 3
      vertex -13.346198081970215 6.280243873596191 40
      vertex -13.346198081970215 6.280243873596191 3
    endloop
  endfacet
  facet normal -0.9177544020515064 0.397148407418539 0
    outer loop
      vertex -13.346198081970215 6.280243873596191 40
      vertex -13.714202880859375 5.429836273193359 3
      vertex -13.714202880859375 5.429836273193359 40
    endloop
  endfacet
  facet normal -0.6613112406684052 0.7501116203376765 0
    outer loop
      vertex -9.402003288269043 11.365069389343262 3
      vertex -10.09706974029541 10.752286911010742 40
      vertex -9.402003288269043 11.365069389343262 40
    endloop
  endfacet
  facet normal -0.6613112406684052 0.7501116203376765 0
    outer loop
      vertex -10.09706974029541 10.752286911010742 40
      vertex -9.402003288269043 11.365069389343262 3
      vertex -10.09706974029541 10.752286911010742 3
    endloop
  endfacet
  facet normal 0.9759168262136635 0.21814295384689864 0
    outer loop
      vertex 14.488736152648926 2.763874053955078 40
      vertex 14.286601066589355 3.66817569732666 3
      vertex 14.286601066589355 3.66817569732666 40
    endloop
  endfacet
  facet normal 0.9759168262136635 0.21814295384689864 0
    outer loop
      vertex 14.286601066589355 3.66817569732666 3
      vertex 14.488736152648926 2.763874053955078 40
      vertex 14.488736152648926 2.763874053955078 3
    endloop
  endfacet
  facet normal 0.3387377270451103 -0.9408808385105483 0
    outer loop
      vertex 4.558000564575195 -14.028082847595215 3
      vertex 5.429836273193359 -13.714202880859375 40
      vertex 4.558000564575195 -14.028082847595215 40
    endloop
  endfacet
  facet normal 0.3387377270451103 -0.9408808385105483 0
    outer loop
      vertex 5.429836273193359 -13.714202880859375 40
      vertex 4.558000564575195 -14.028082847595215 3
      vertex 5.429836273193359 -13.714202880859375 3
    endloop
  endfacet
  facet normal 0.21814295384689864 -0.9759168262136635 0
    outer loop
      vertex 2.763874053955078 -14.488736152648926 3
      vertex 3.66817569732666 -14.286601066589355 40
      vertex 2.763874053955078 -14.488736152648926 40
    endloop
  endfacet
  facet normal 0.21814295384689864 -0.9759168262136635 0
    outer loop
      vertex 3.66817569732666 -14.286601066589355 40
      vertex 2.763874053955078 -14.488736152648926 3
      vertex 3.66817569732666 -14.286601066589355 3
    endloop
  endfacet
  facet normal -0.6129077856909013 0.7901544445483276 0
    outer loop
      vertex -8.669832229614258 11.933000564575195 3
      vertex -9.402003288269043 11.365069389343262 40
      vertex -8.669832229614258 11.933000564575195 40
    endloop
  endfacet
  facet normal -0.6129077856909013 0.7901544445483276 0
    outer loop
      vertex -9.402003288269043 11.365069389343262 40
      vertex -8.669832229614258 11.933000564575195 3
      vertex -9.402003288269043 11.365069389343262 3
    endloop
  endfacet
  facet normal 0.6129077856909013 0.7901544445483276 0
    outer loop
      vertex 9.402003288269043 11.365069389343262 3
      vertex 8.669832229614258 11.933000564575195 40
      vertex 9.402003288269043 11.365069389343262 40
    endloop
  endfacet
  facet normal 0.6129077856909013 0.7901544445483276 0
    outer loop
      vertex 8.669832229614258 11.933000564575195 40
      vertex 9.402003288269043 11.365069389343262 3
      vertex 8.669832229614258 11.933000564575195 3
    endloop
  endfacet
  facet normal -0.2789913023616278 -0.9602936286399919 0
    outer loop
      vertex -4.558000564575195 -14.028082847595215 3
      vertex -3.66817569732666 -14.286601066589355 40
      vertex -4.558000564575195 -14.028082847595215 40
    endloop
  endfacet
  facet normal -0.2789913023616278 -0.9602936286399919 0
    outer loop
      vertex -3.66817569732666 -14.286601066589355 40
      vertex -4.558000564575195 -14.028082847595215 3
      vertex -3.66817569732666 -14.286601066589355 3
    endloop
  endfacet
  facet normal -0.7901544445483276 0.6129077856909013 0
    outer loop
      vertex -11.933000564575195 8.669832229614258 3
      vertex -11.365069389343262 9.402003288269043 40
      vertex -11.365069389343262 9.402003288269043 3
    endloop
  endfacet
  facet normal -0.7901544445483276 0.6129077856909013 0
    outer loop
      vertex -11.365069389343262 9.402003288269043 40
      vertex -11.933000564575195 8.669832229614258 3
      vertex -11.933000564575195 8.669832229614258 40
    endloop
  endfacet
  facet normal -0.7501116203376765 0.6613112406684052 0
    outer loop
      vertex -11.365069389343262 9.402003288269043 3
      vertex -10.752286911010742 10.09706974029541 40
      vertex -10.752286911010742 10.09706974029541 3
    endloop
  endfacet
  facet normal -0.7501116203376765 0.6613112406684052 0
    outer loop
      vertex -10.752286911010742 10.09706974029541 40
      vertex -11.365069389343262 9.402003288269043 3
      vertex -11.365069389343262 9.402003288269043 40
    endloop
  endfacet
  facet normal -0.09410802407837883 0.9955619919442803 0
    outer loop
      vertex -0.9261598587036133 14.720893859863281 3
      vertex -1.8486642837524414 14.633691787719727 40
      vertex -0.9261598587036133 14.720893859863281 40
    endloop
  endfacet
  facet normal -0.09410802407837883 0.9955619919442803 0
    outer loop
      vertex -1.8486642837524414 14.633691787719727 40
      vertex -0.9261598587036133 14.720893859863281 3
      vertex -1.8486642837524414 14.633691787719727 3
    endloop
  endfacet
  facet normal -0.9955619919442803 0.09410802407837883 0
    outer loop
      vertex -14.720893859863281 0.9261598587036133 3
      vertex -14.633691787719727 1.8486642837524414 40
      vertex -14.633691787719727 1.8486642837524414 3
    endloop
  endfacet
  facet normal -0.9955619919442803 0.09410802407837883 0
    outer loop
      vertex -14.633691787719727 1.8486642837524414 40
      vertex -14.720893859863281 0.9261598587036133 3
      vertex -14.720893859863281 0.9261598587036133 40
    endloop
  endfacet
  facet normal -0.397148407418539 0.9177544020515064 0
    outer loop
      vertex -5.429836273193359 13.714202880859375 3
      vertex -6.280243873596191 13.346198081970215 40
      vertex -5.429836273193359 13.714202880859375 40
    endloop
  endfacet
  facet normal -0.397148407418539 0.9177544020515064 0
    outer loop
      vertex -6.280243873596191 13.346198081970215 40
      vertex -5.429836273193359 13.714202880859375 3
      vertex -6.280243873596191 13.346198081970215 3
    endloop
  endfacet
  facet normal 0.9177544020515064 -0.397148407418539 0
    outer loop
      vertex 13.346198081970215 -6.280243873596191 40
      vertex 13.714202880859375 -5.429836273193359 3
      vertex 13.714202880859375 -5.429836273193359 40
    endloop
  endfacet
  facet normal 0.9177544020515064 -0.397148407418539 0
    outer loop
      vertex 13.714202880859375 -5.429836273193359 3
      vertex 13.346198081970215 -6.280243873596191 40
      vertex 13.346198081970215 -6.280243873596191 3
    endloop
  endfacet
  facet normal 0.8317659834951737 0.026139652943341033 0.5545106556634491
    outer loop
      vertex 14.720893859863281 0.9261598587036133 40
      vertex 12.75 0 43
      vertex 14.75 0 40
    endloop
  endfacet
  facet normal 0.8219311594992278 0.13018056629075508 0.5545107656344223
    outer loop
      vertex 14.633691787719727 1.8486642837524414 40
      vertex 12.524162292480469 2.3891115188598633 43
      vertex 12.64946174621582 1.5979986190795898 43
    endloop
  endfacet
  facet normal 0.07831449460435669 -0.8284833839618966 0.5545107054276852
    outer loop
      vertex 1.8486642837524414 -14.633691787719727 40
      vertex 0.8005790710449219 -12.72484016418457 43
      vertex 0.9261598587036133 -14.720893859863281 40
    endloop
  endfacet
  facet normal 0.8317659350068418 0.026139946844132834 0.5545107145413692
    outer loop
      vertex 14.720893859863281 0.9261598587036133 40
      vertex 12.72484016418457 0.8005790710449219 43
      vertex 12.75 0 43
    endloop
  endfacet
  facet normal -0.2818898118430738 0.7829789248609504 0.5545107187446122
    outer loop
      vertex -3.9399662017822266 12.125969886779785 43
      vertex -5.429836273193359 13.714202880859375 40
      vertex -4.693587303161621 11.854649543762207 43
    endloop
  endfacet
  facet normal 0.7637338361784336 0.33049765389509245 0.5545105303292382
    outer loop
      vertex 13.346198081970215 6.280243873596191 40
      vertex 11.536544799804688 5.428685188293457 43
      vertex 13.714202880859375 5.429836273193359 40
    endloop
  endfacet
  facet normal 0.07831481113772032 -0.8284833110685796 0.554510769631489
    outer loop
      vertex 1.5979986190795898 -12.64946174621582 43
      vertex 0.8005790710449219 -12.72484016418457 43
      vertex 1.8486642837524414 -14.633691787719727 40
    endloop
  endfacet
  facet normal 0.6575483203735889 -0.5100471325117683 0.5545107113396412
    outer loop
      vertex 10.314966201782227 -7.494261741638184 43
      vertex 9.824043273925781 -8.127155303955078 43
      vertex 11.933000564575195 -8.669832229614258 40
    endloop
  endfacet
  facet normal -0.46775214166866685 -0.6882774713243723 0.554510645913767
    outer loop
      vertex -6.831790924072266 -10.765180587768555 43
      vertex -8.669832229614258 -11.933000564575195 40
      vertex -7.903444290161133 -12.453836441040039 40
    endloop
  endfacet
  facet normal -0.46775214166866685 0.6882774713243723 0.554510645913767
    outer loop
      vertex -7.903444290161133 12.453836441040039 40
      vertex -8.669832229614258 11.933000564575195 40
      vertex -6.831790924072266 10.765180587768555 43
    endloop
  endfacet
  facet normal 0.026139946844132834 -0.8317659350068418 0.5545107145413692
    outer loop
      vertex 0.8005790710449219 -12.72484016418457 43
      vertex 0 -12.75 43
      vertex 0.9261598587036133 -14.720893859863281 40
    endloop
  endfacet
  facet normal 0.23217003840707962 0.7991339040183831 0.5545106642025858
    outer loop
      vertex 3.66817569732666 14.286601066589355 40
      vertex 3.170795440673828 12.349434852600098 43
      vertex 4.558000564575195 14.028082847595215 40
    endloop
  endfacet
  facet normal -0.7162893500623 0.42361246010977066 0.5545106406797581
    outer loop
      vertex -12.453836441040039 7.903444290161133 40
      vertex -12.925522804260254 7.105866432189941 40
      vertex -11.1729097366333 6.142358779907227 43
    endloop
  endfacet
  facet normal 0.8317659350068418 -0.026139946844132834 0.5545107145413692
    outer loop
      vertex 12.75 0 43
      vertex 12.72484016418457 -0.8005790710449219 43
      vertex 14.720893859863281 -0.9261598587036133 40
    endloop
  endfacet
  facet normal 0.7991339040183831 0.23217003840707962 0.5545106642025858
    outer loop
      vertex 14.028082847595215 4.558000564575195 40
      vertex 12.349434852600098 3.170795440673828 43
      vertex 14.286601066589355 3.66817569732666 40
    endloop
  endfacet
  facet normal 0.8219311315637564 0.13018168406780298 0.5545105446243503
    outer loop
      vertex 14.488736152648926 2.763874053955078 40
      vertex 12.524162292480469 2.3891115188598633 43
      vertex 14.633691787719727 1.8486642837524414 40
    endloop
  endfacet
  facet normal -0.8121352443846266 -0.18153348356599422 0.5545105401818056
    outer loop
      vertex -12.524162292480469 -2.3891115188598633 43
      vertex -14.488736152648926 -2.763874053955078 40
      vertex -14.286601066589355 -3.66817569732666 40
    endloop
  endfacet
  facet normal -0.7991338911255226 -0.23217006768286577 0.5545106705255678
    outer loop
      vertex -12.349434852600098 -3.170795440673828 43
      vertex -14.028082847595215 -4.558000564575195 40
      vertex -12.125969886779785 -3.9399662017822266 43
    endloop
  endfacet
  facet normal 0.8284833839618966 0.07831449460435669 0.5545107054276852
    outer loop
      vertex 14.633691787719727 1.8486642837524414 40
      vertex 12.72484016418457 0.8005790710449219 43
      vertex 14.720893859863281 0.9261598587036133 40
    endloop
  endfacet
  facet normal 0.37780045551642105 -0.7414747237249876 0.5545106400138217
    outer loop
      vertex 6.142358779907227 -11.1729097366333 43
      vertex 5.428685188293457 -11.536544799804688 43
      vertex 7.105866432189941 -12.925522804260254 40
    endloop
  endfacet
  facet normal -0.23217003840707962 0.7991339040183831 0.5545106642025858
    outer loop
      vertex -3.66817569732666 14.286601066589355 40
      vertex -4.558000564575195 14.028082847595215 40
      vertex -3.170795440673828 12.349434852600098 43
    endloop
  endfacet
  facet normal 0.026139652943341033 0.8317659834951737 0.5545106556634491
    outer loop
      vertex 0 14.75 40
      vertex 0 12.75 43
      vertex 0.9261598587036133 14.720893859863281 40
    endloop
  endfacet
  facet normal -0.8317659834951737 -0.026139652943341033 0.5545106556634491
    outer loop
      vertex -12.75 0 43
      vertex -14.75 0 40
      vertex -14.720893859863281 -0.9261598587036133 40
    endloop
  endfacet
  facet normal -0.026139946844132834 -0.8317659350068418 0.5545107145413692
    outer loop
      vertex -0.8005790710449219 -12.72484016418457 43
      vertex -0.9261598587036133 -14.720893859863281 40
      vertex 0 -12.75 43
    endloop
  endfacet
  facet normal -0.42361246047938195 0.7162893497717748 0.5545106407726833
    outer loop
      vertex -6.142358779907227 11.1729097366333 43
      vertex -7.903444290161133 12.453836441040039 40
      vertex -6.831790924072266 10.765180587768555 43
    endloop
  endfacet
  facet normal -0.42361246047938195 -0.7162893497717748 0.5545106407726833
    outer loop
      vertex -6.831790924072266 -10.765180587768555 43
      vertex -7.903444290161133 -12.453836441040039 40
      vertex -6.142358779907227 -11.1729097366333 43
    endloop
  endfacet
  facet normal 0.5100471325117683 0.6575483203735889 0.5545107113396412
    outer loop
      vertex 8.669832229614258 11.933000564575195 40
      vertex 7.494261741638184 10.314966201782227 43
      vertex 8.127155303955078 9.824043273925781 43
    endloop
  endfacet
  facet normal -0.6575483203735889 0.5100471325117683 0.5545107113396412
    outer loop
      vertex -9.824043273925781 8.127155303955078 43
      vertex -11.933000564575195 8.669832229614258 40
      vertex -10.314966201782227 7.494261741638184 43
    endloop
  endfacet
  facet normal 0.7414750285022506 0.37780001319424544 0.554510533838641
    outer loop
      vertex 12.925522804260254 7.105866432189941 40
      vertex 11.536544799804688 5.428685188293457 43
      vertex 13.346198081970215 6.280243873596191 40
    endloop
  endfacet
  facet normal -0.4677524003959262 0.6882772402526468 0.5545107144808378
    outer loop
      vertex -6.831790924072266 10.765180587768555 43
      vertex -8.669832229614258 11.933000564575195 40
      vertex -7.494261741638184 10.314966201782227 43
    endloop
  endfacet
  facet normal -0.7829790274436235 -0.2818896136731885 0.5545106746372138
    outer loop
      vertex -12.125969886779785 -3.9399662017822266 43
      vertex -14.028082847595215 -4.558000564575195 40
      vertex -13.714202880859375 -5.429836273193359 40
    endloop
  endfacet
  facet normal 0.6575483203735889 0.5100471325117683 0.5545107113396412
    outer loop
      vertex 11.933000564575195 8.669832229614258 40
      vertex 9.824043273925781 8.127155303955078 43
      vertex 10.314966201782227 7.494261741638184 43
    endloop
  endfacet
  facet normal 0.33049672089133003 0.7637341007484855 0.5545107220189531
    outer loop
      vertex 5.429836273193359 13.714202880859375 40
      vertex 4.693587303161621 11.854649543762207 43
      vertex 5.428685188293457 11.536544799804688 43
    endloop
  endfacet
  facet normal 0.7829790274436235 0.2818896136731885 0.5545106746372138
    outer loop
      vertex 13.714202880859375 5.429836273193359 40
      vertex 12.125969886779785 3.9399662017822266 43
      vertex 14.028082847595215 4.558000564575195 40
    endloop
  endfacet
  facet normal -0.2818896136731885 0.7829790274436235 0.5545106746372138
    outer loop
      vertex -4.558000564575195 14.028082847595215 40
      vertex -5.429836273193359 13.714202880859375 40
      vertex -3.9399662017822266 12.125969886779785 43
    endloop
  endfacet
  facet normal -0.7829789248609504 -0.2818898118430738 0.5545107187446122
    outer loop
      vertex -12.125969886779785 -3.9399662017822266 43
      vertex -13.714202880859375 -5.429836273193359 40
      vertex -11.854649543762207 -4.693587303161621 43
    endloop
  endfacet
  facet normal 0.8284833839618966 -0.07831449460435669 0.5545107054276852
    outer loop
      vertex 14.720893859863281 -0.9261598587036133 40
      vertex 12.72484016418457 -0.8005790710449219 43
      vertex 14.633691787719727 -1.8486642837524414 40
    endloop
  endfacet
  facet normal 0.7637341007484855 0.33049672089133003 0.5545107220189531
    outer loop
      vertex 13.714202880859375 5.429836273193359 40
      vertex 11.536544799804688 5.428685188293457 43
      vertex 11.854649543762207 4.693587303161621 43
    endloop
  endfacet
  facet normal 0.2818896136731885 0.7829790274436235 0.5545106746372138
    outer loop
      vertex 4.558000564575195 14.028082847595215 40
      vertex 3.9399662017822266 12.125969886779785 43
      vertex 5.429836273193359 13.714202880859375 40
    endloop
  endfacet
  facet normal 0.7162893500623 0.42361246010977066 0.5545106406797581
    outer loop
      vertex 12.453836441040039 7.903444290161133 40
      vertex 11.1729097366333 6.142358779907227 43
      vertex 12.925522804260254 7.105866432189941 40
    endloop
  endfacet
  facet normal 0.7162893497717748 0.42361246047938195 0.5545106407726833
    outer loop
      vertex 12.453836441040039 7.903444290161133 40
      vertex 10.765180587768555 6.831790924072266 43
      vertex 11.1729097366333 6.142358779907227 43
    endloop
  endfacet
  facet normal 0.7991339040183831 -0.23217003840707962 0.5545106642025858
    outer loop
      vertex 14.286601066589355 -3.66817569732666 40
      vertex 12.349434852600098 -3.170795440673828 43
      vertex 14.028082847595215 -4.558000564575195 40
    endloop
  endfacet
  facet normal 0.6882772402526468 -0.4677524003959262 0.5545107144808378
    outer loop
      vertex 10.765180587768555 -6.831790924072266 43
      vertex 10.314966201782227 -7.494261741638184 43
      vertex 11.933000564575195 -8.669832229614258 40
    endloop
  endfacet
  facet normal 0.33049765389509245 -0.7637338361784336 0.5545105303292382
    outer loop
      vertex 6.280243873596191 -13.346198081970215 40
      vertex 5.428685188293457 -11.536544799804688 43
      vertex 5.429836273193359 -13.714202880859375 40
    endloop
  endfacet
  facet normal 0.8284833110685796 -0.07831481113772032 0.554510769631489
    outer loop
      vertex 12.72484016418457 -0.8005790710449219 43
      vertex 12.64946174621582 -1.5979986190795898 43
      vertex 14.633691787719727 -1.8486642837524414 40
    endloop
  endfacet
  facet normal -0.7414747237249876 0.37780045551642105 0.5545106400138217
    outer loop
      vertex -11.1729097366333 6.142358779907227 43
      vertex -12.925522804260254 7.105866432189941 40
      vertex -11.536544799804688 5.428685188293457 43
    endloop
  endfacet
  facet normal 0.46775214166866685 0.6882774713243723 0.554510645913767
    outer loop
      vertex 7.903444290161133 12.453836441040039 40
      vertex 6.831790924072266 10.765180587768555 43
      vertex 8.669832229614258 11.933000564575195 40
    endloop
  endfacet
  facet normal 0.8121352443846266 0.18153348356599422 0.5545105401818056
    outer loop
      vertex 14.286601066589355 3.66817569732666 40
      vertex 12.524162292480469 2.3891115188598633 43
      vertex 14.488736152648926 2.763874053955078 40
    endloop
  endfacet
  facet normal 0.8121350243525652 0.18153408261616807 0.5545106663253329
    outer loop
      vertex 14.286601066589355 3.66817569732666 40
      vertex 12.349434852600098 3.170795440673828 43
      vertex 12.524162292480469 2.3891115188598633 43
    endloop
  endfacet
  facet normal 0.13018168406780298 0.8219311315637564 0.5545105446243503
    outer loop
      vertex 2.763874053955078 14.488736152648926 40
      vertex 1.8486642837524414 14.633691787719727 40
      vertex 2.3891115188598633 12.524162292480469 43
    endloop
  endfacet
  facet normal -0.6242249154932644 0.5503281711461511 0.5545107383273653
    outer loop
      vertex -9.294349670410156 8.727974891662598 43
      vertex -10.752286911010742 10.09706974029541 40
      vertex -9.824043273925781 8.127155303955078 43
    endloop
  endfacet
  facet normal 0.18153408261616807 0.8121350243525652 0.5545106663253329
    outer loop
      vertex 3.66817569732666 14.286601066589355 40
      vertex 2.3891115188598633 12.524162292480469 43
      vertex 3.170795440673828 12.349434852600098 43
    endloop
  endfacet
  facet normal -0.5503277719083741 -0.6242253742515829 0.5545106181191086
    outer loop
      vertex -8.127155303955078 -9.824043273925781 43
      vertex -10.09706974029541 -10.752286911010742 40
      vertex -9.402003288269043 -11.365069389343262 40
    endloop
  endfacet
  facet normal -0.7637341007484855 0.33049672089133003 0.5545107220189531
    outer loop
      vertex -11.536544799804688 5.428685188293457 43
      vertex -13.714202880859375 5.429836273193359 40
      vertex -11.854649543762207 4.693587303161621 43
    endloop
  endfacet
  facet normal 0.37780045551642105 0.7414747237249876 0.5545106400138217
    outer loop
      vertex 7.105866432189941 12.925522804260254 40
      vertex 5.428685188293457 11.536544799804688 43
      vertex 6.142358779907227 11.1729097366333 43
    endloop
  endfacet
  facet normal -0.6882774713243723 -0.46775214166866685 0.554510645913767
    outer loop
      vertex -10.765180587768555 -6.831790924072266 43
      vertex -12.453836441040039 -7.903444290161133 40
      vertex -11.933000564575195 -8.669832229614258 40
    endloop
  endfacet
  facet normal -0.8317659350068418 -0.026139946844132834 0.5545107145413692
    outer loop
      vertex -12.75 0 43
      vertex -14.720893859863281 -0.9261598587036133 40
      vertex -12.72484016418457 -0.8005790710449219 43
    endloop
  endfacet
  facet normal 0.23217003840707962 -0.7991339040183831 0.5545106642025858
    outer loop
      vertex 4.558000564575195 -14.028082847595215 40
      vertex 3.170795440673828 -12.349434852600098 43
      vertex 3.66817569732666 -14.286601066589355 40
    endloop
  endfacet
  facet normal 0.42361246047938195 0.7162893497717748 0.5545106407726833
    outer loop
      vertex 7.903444290161133 12.453836441040039 40
      vertex 6.142358779907227 11.1729097366333 43
      vertex 6.831790924072266 10.765180587768555 43
    endloop
  endfacet
  facet normal -0.8317659834951737 0.026139652943341033 0.5545106556634491
    outer loop
      vertex -14.720893859863281 0.9261598587036133 40
      vertex -14.75 0 40
      vertex -12.75 0 43
    endloop
  endfacet
  facet normal 0.18153348356599422 0.8121352443846266 0.5545105401818056
    outer loop
      vertex 2.763874053955078 14.488736152648926 40
      vertex 2.3891115188598633 12.524162292480469 43
      vertex 3.66817569732666 14.286601066589355 40
    endloop
  endfacet
  facet normal 0.7829790274436235 -0.2818896136731885 0.5545106746372138
    outer loop
      vertex 14.028082847595215 -4.558000564575195 40
      vertex 12.125969886779785 -3.9399662017822266 43
      vertex 13.714202880859375 -5.429836273193359 40
    endloop
  endfacet
  facet normal 0.7991338911255226 0.23217006768286577 0.5545106705255678
    outer loop
      vertex 14.028082847595215 4.558000564575195 40
      vertex 12.125969886779785 3.9399662017822266 43
      vertex 12.349434852600098 3.170795440673828 43
    endloop
  endfacet
  facet normal -0.026139652943341033 -0.8317659834951737 0.5545106556634491
    outer loop
      vertex 0 -12.75 43
      vertex -0.9261598587036133 -14.720893859863281 40
      vertex 0 -14.75 40
    endloop
  endfacet
  facet normal 0.13018168406780298 -0.8219311315637564 0.5545105446243503
    outer loop
      vertex 2.3891115188598633 -12.524162292480469 43
      vertex 1.8486642837524414 -14.633691787719727 40
      vertex 2.763874053955078 -14.488736152648926 40
    endloop
  endfacet
  facet normal 0.6242249154932644 -0.5503281711461511 0.5545107383273653
    outer loop
      vertex 9.824043273925781 -8.127155303955078 43
      vertex 9.294349670410156 -8.727974891662598 43
      vertex 10.752286911010742 -10.09706974029541 40
    endloop
  endfacet
  facet normal -0.7991338911255226 0.23217006768286577 0.5545106705255678
    outer loop
      vertex -12.125969886779785 3.9399662017822266 43
      vertex -14.028082847595215 4.558000564575195 40
      vertex -12.349434852600098 3.170795440673828 43
    endloop
  endfacet
  facet normal 0.6882772402526468 0.4677524003959262 0.5545107144808378
    outer loop
      vertex 11.933000564575195 8.669832229614258 40
      vertex 10.314966201782227 7.494261741638184 43
      vertex 10.765180587768555 6.831790924072266 43
    endloop
  endfacet
  facet normal 0.07831481113772032 0.8284833110685796 0.554510769631489
    outer loop
      vertex 1.8486642837524414 14.633691787719727 40
      vertex 0.8005790710449219 12.72484016418457 43
      vertex 1.5979986190795898 12.64946174621582 43
    endloop
  endfacet
  facet normal -0.8219311315637564 -0.13018168406780298 0.5545105446243503
    outer loop
      vertex -12.524162292480469 -2.3891115188598633 43
      vertex -14.633691787719727 -1.8486642837524414 40
      vertex -14.488736152648926 -2.763874053955078 40
    endloop
  endfacet
  facet normal -0.37780045551642105 0.7414747237249876 0.5545106400138217
    outer loop
      vertex -5.428685188293457 11.536544799804688 43
      vertex -7.105866432189941 12.925522804260254 40
      vertex -6.142358779907227 11.1729097366333 43
    endloop
  endfacet
  facet normal -0.13018168406780298 0.8219311315637564 0.5545105446243503
    outer loop
      vertex -1.8486642837524414 14.633691787719727 40
      vertex -2.763874053955078 14.488736152648926 40
      vertex -2.3891115188598633 12.524162292480469 43
    endloop
  endfacet
  facet normal 0.7414747237249876 0.37780045551642105 0.5545106400138217
    outer loop
      vertex 12.925522804260254 7.105866432189941 40
      vertex 11.1729097366333 6.142358779907227 43
      vertex 11.536544799804688 5.428685188293457 43
    endloop
  endfacet
  facet normal 0.8121352443846266 -0.18153348356599422 0.5545105401818056
    outer loop
      vertex 14.488736152648926 -2.763874053955078 40
      vertex 12.524162292480469 -2.3891115188598633 43
      vertex 14.286601066589355 -3.66817569732666 40
    endloop
  endfacet
  facet normal -0.13018168406780298 -0.8219311315637564 0.5545105446243503
    outer loop
      vertex -2.3891115188598633 -12.524162292480469 43
      vertex -2.763874053955078 -14.488736152648926 40
      vertex -1.8486642837524414 -14.633691787719727 40
    endloop
  endfacet
  facet normal -0.6242253742515829 0.5503277719083741 0.5545106181191086
    outer loop
      vertex -10.752286911010742 10.09706974029541 40
      vertex -11.365069389343262 9.402003288269043 40
      vertex -9.824043273925781 8.127155303955078 43
    endloop
  endfacet
  facet normal -0.8219311594992278 0.13018056629075508 0.5545107656344223
    outer loop
      vertex -12.524162292480469 2.3891115188598633 43
      vertex -14.633691787719727 1.8486642837524414 40
      vertex -12.64946174621582 1.5979986190795898 43
    endloop
  endfacet
  facet normal -0.5503281711461511 0.6242249154932644 0.5545107383273653
    outer loop
      vertex -8.127155303955078 9.824043273925781 43
      vertex -10.09706974029541 10.752286911010742 40
      vertex -8.727974891662598 9.294349670410156 43
    endloop
  endfacet
  facet normal -0.5100471325117683 0.6575483203735889 0.5545107113396412
    outer loop
      vertex -7.494261741638184 10.314966201782227 43
      vertex -8.669832229614258 11.933000564575195 40
      vertex -8.127155303955078 9.824043273925781 43
    endloop
  endfacet
  facet normal -0.33049672089133003 0.7637341007484855 0.5545107220189531
    outer loop
      vertex -4.693587303161621 11.854649543762207 43
      vertex -5.429836273193359 13.714202880859375 40
      vertex -5.428685188293457 11.536544799804688 43
    endloop
  endfacet
  facet normal -0.7414750285022506 -0.37780001319424544 0.554510533838641
    outer loop
      vertex -11.536544799804688 -5.428685188293457 43
      vertex -13.346198081970215 -6.280243873596191 40
      vertex -12.925522804260254 -7.105866432189941 40
    endloop
  endfacet
  facet normal 0.8284833110685796 0.07831481113772032 0.554510769631489
    outer loop
      vertex 14.633691787719727 1.8486642837524414 40
      vertex 12.64946174621582 1.5979986190795898 43
      vertex 12.72484016418457 0.8005790710449219 43
    endloop
  endfacet
  facet normal 0.8317659834951737 -0.026139652943341033 0.5545106556634491
    outer loop
      vertex 14.75 0 40
      vertex 12.75 0 43
      vertex 14.720893859863281 -0.9261598587036133 40
    endloop
  endfacet
  facet normal -0.026139652943341033 0.8317659834951737 0.5545106556634491
    outer loop
      vertex 0 14.75 40
      vertex -0.9261598587036133 14.720893859863281 40
      vertex 0 12.75 43
    endloop
  endfacet
  facet normal 0.026139652943341033 -0.8317659834951737 0.5545106556634491
    outer loop
      vertex 0 -12.75 43
      vertex 0 -14.75 40
      vertex 0.9261598587036133 -14.720893859863281 40
    endloop
  endfacet
  facet normal 0.42361246047938195 -0.7162893497717748 0.5545106407726833
    outer loop
      vertex 6.831790924072266 -10.765180587768555 43
      vertex 6.142358779907227 -11.1729097366333 43
      vertex 7.903444290161133 -12.453836441040039 40
    endloop
  endfacet
  facet normal -0.7414750285022506 0.37780001319424544 0.554510533838641
    outer loop
      vertex -12.925522804260254 7.105866432189941 40
      vertex -13.346198081970215 6.280243873596191 40
      vertex -11.536544799804688 5.428685188293457 43
    endloop
  endfacet
  facet normal 0.8219311315637564 -0.13018168406780298 0.5545105446243503
    outer loop
      vertex 14.633691787719727 -1.8486642837524414 40
      vertex 12.524162292480469 -2.3891115188598633 43
      vertex 14.488736152648926 -2.763874053955078 40
    endloop
  endfacet
  facet normal 0.7829789248609504 0.2818898118430738 0.5545107187446122
    outer loop
      vertex 13.714202880859375 5.429836273193359 40
      vertex 11.854649543762207 4.693587303161621 43
      vertex 12.125969886779785 3.9399662017822266 43
    endloop
  endfacet
  facet normal -0.18153348356599422 -0.8121352443846266 0.5545105401818056
    outer loop
      vertex -2.3891115188598633 -12.524162292480469 43
      vertex -3.66817569732666 -14.286601066589355 40
      vertex -2.763874053955078 -14.488736152648926 40
    endloop
  endfacet
  facet normal 0 0 1
    outer loop
      vertex 12.72484016418457 0.8005790710449219 43
      vertex 12.74506664276123 0.15697574615478516 43
      vertex 12.75 0 43
    endloop
  endfacet
  facet normal 0 0 1
    outer loop
      vertex 12.72484016418457 0.8005790710449219 43
      vertex 12.730286598205566 0.31333255767822266 43
      vertex 12.74506664276123 0.15697574615478516 43
    endloop
  endfacet
  facet normal 0 0 1
    outer loop
      vertex 12.72484016418457 0.8005790710449219 43
      vertex 12.705718040466309 0.46845245361328125 43
      vertex 12.730286598205566 0.31333255767822266 43
    endloop
  endfacet
  facet normal 0 0 1
    outer loop
      vertex 12.72484016418457 0.8005790710449219 43
      vertex 12.671457290649414 0.6217241287231445 43
      vertex 12.705718040466309 0.46845245361328125 43
    endloop
  endfacet
  facet normal 0 0 1
    outer loop
      vertex 12.512066841125488 1.0644474029541016 43
      vertex 12.72484016418457 0.8005790710449219 43
      vertex 12.64946174621582 1.5979986190795898 43
    endloop
  endfacet
  facet normal 0 0 1
    outer loop
      vertex 12.72484016418457 0.8005790710449219 43
      vertex 12.627640724182129 0.7725419998168945 43
      vertex 12.671457290649414 0.6217241287231445 43
    endloop
  endfacet
  facet normal 0 0 1
    outer loop
      vertex 12.72484016418457 0.8005790710449219 43
      vertex 12.574440956115723 0.9203109741210938 43
      vertex 12.627640724182129 0.7725419998168945 43
    endloop
  endfacet
  facet normal 0 0 1
    outer loop
      vertex 12.072421073913574 1.7113676071166992 43
      vertex 12.64946174621582 1.5979986190795898 43
      vertex 12.524162292480469 2.3891115188598633 43
    endloop
  endfacet
  facet normal 0 0 1
    outer loop
      vertex 12.72484016418457 0.8005790710449219 43
      vertex 12.512066841125488 1.0644474029541016 43
      vertex 12.574440956115723 0.9203109741210938 43
    endloop
  endfacet
  facet normal 0 0 1
    outer loop
      vertex 12.64946174621582 1.5979986190795898 43
      vertex 12.440766334533691 1.2043838500976562 43
      vertex 12.512066841125488 1.0644474029541016 43
    endloop
  endfacet
  facet normal 0 0 1
    outer loop
      vertex 12.64946174621582 1.5979986190795898 43
      vertex 12.360818862915039 1.3395662307739258 43
      vertex 12.440766334533691 1.2043838500976562 43
    endloop
  endfacet
  facet normal 0 0 1
    outer loop
      vertex 11.589566230773926 2.110818862915039 43
      vertex 12.524162292480469 2.3891115188598633 43
      vertex 12.349434852600098 3.170795440673828 43
    endloop
  endfacet
  facet normal 0 0 1
    outer loop
      vertex 12.64946174621582 1.5979986190795898 43
      vertex 12.272541999816895 1.4694623947143555 43
      vertex 12.360818862915039 1.3395662307739258 43
    endloop
  endfacet
  facet normal 0 0 1
    outer loop
      vertex 12.64946174621582 1.5979986190795898 43
      vertex 12.17628288269043 1.5935592651367188 43
      vertex 12.272541999816895 1.4694623947143555 43
    endloop
  endfacet
  facet normal 0 0 1
    outer loop
      vertex 11.022541999816895 2.377640724182129 43
      vertex 12.349434852600098 3.170795440673828 43
      vertex 12.125969886779785 3.9399662017822266 43
    endloop
  endfacet
  facet normal 0 0 1
    outer loop
      vertex 12.64946174621582 1.5979986190795898 43
      vertex 12.072421073913574 1.7113676071166992 43
      vertex 12.17628288269043 1.5935592651367188 43
    endloop
  endfacet
  facet normal 0 0 1
    outer loop
      vertex 12.524162292480469 2.3891115188598633 43
      vertex 11.9613676071167 1.8224210739135742 43
      vertex 12.072421073913574 1.7113676071166992 43
    endloop
  endfacet
  facet normal 0 0 1
    outer loop
      vertex 10.563332557678223 2.4802865982055664 43
      vertex 12.125969886779785 3.9399662017822266 43
      vertex 11.854649543762207 4.693587303161621 43
    endloop
  endfacet
  facet normal 0 0 1
    outer loop
      vertex 12.524162292480469 2.3891115188598633 43
      vertex 11.843559265136719 1.9262828826904297 43
      vertex 11.9613676071167 1.8224210739135742 43
    endloop
  endfacet
  facet normal 0 0 1
    outer loop
      vertex 12.524162292480469 2.3891115188598633 43
      vertex 11.719462394714355 2.0225419998168945 43
      vertex 11.843559265136719 1.9262828826904297 43
    endloop
  endfacet
  facet normal 0 0 1
    outer loop
      vertex 12.524162292480469 2.3891115188598633 43
      vertex 11.589566230773926 2.110818862915039 43
      vertex 11.719462394714355 2.0225419998168945 43
    endloop
  endfacet
  facet normal 0 0 1
    outer loop
      vertex 10.093023300170898 2.4950666427612305 43
      vertex 11.854649543762207 4.693587303161621 43
      vertex 11.536544799804688 5.428685188293457 43
    endloop
  endfacet
  facet normal 0 0 1
    outer loop
      vertex 12.349434852600098 3.170795440673828 43
      vertex 11.454383850097656 2.1907663345336914 43
      vertex 11.589566230773926 2.110818862915039 43
    endloop
  endfacet
  facet normal 0 0 1
    outer loop
      vertex 12.349434852600098 3.170795440673828 43
      vertex 11.314447402954102 2.2620668411254883 43
      vertex 11.454383850097656 2.1907663345336914 43
    endloop
  endfacet
  facet normal 0 0 1
    outer loop
      vertex 9.781546592712402 2.4557180404663086 43
      vertex 11.536544799804688 5.428685188293457 43
      vertex 11.1729097366333 6.142358779907227 43
    endloop
  endfacet
  facet normal 0 0 1
    outer loop
      vertex 12.349434852600098 3.170795440673828 43
      vertex 11.170310974121094 2.3244409561157227 43
      vertex 11.314447402954102 2.2620668411254883 43
    endloop
  endfacet
  facet normal 0 0 1
    outer loop
      vertex 12.349434852600098 3.170795440673828 43
      vertex 11.022541999816895 2.377640724182129 43
      vertex 11.170310974121094 2.3244409561157227 43
    endloop
  endfacet
  facet normal 0 0 1
    outer loop
      vertex 12.125969886779785 3.9399662017822266 43
      vertex 10.871724128723145 2.421457290649414 43
      vertex 11.022541999816895 2.377640724182129 43
    endloop
  endfacet
  facet normal 0 0 1
    outer loop
      vertex 9.477457046508789 2.377640724182129 43
      vertex 11.1729097366333 6.142358779907227 43
      vertex 10.765180587768555 6.831790924072266 43
    endloop
  endfacet
  facet normal 0 0 1
    outer loop
      vertex 12.125969886779785 3.9399662017822266 43
      vertex 10.718452453613281 2.4557180404663086 43
      vertex 10.871724128723145 2.421457290649414 43
    endloop
  endfacet
  facet normal 0 0 1
    outer loop
      vertex 12.125969886779785 3.9399662017822266 43
      vertex 10.563332557678223 2.4802865982055664 43
      vertex 10.718452453613281 2.4557180404663086 43
    endloop
  endfacet
  facet normal 0 0 1
    outer loop
      vertex 11.854649543762207 4.693587303161621 43
      vertex 10.406975746154785 2.4950666427612305 43
      vertex 10.563332557678223 2.4802865982055664 43
    endloop
  endfacet
  facet normal 0 0 1
    outer loop
      vertex 9.185551643371582 2.2620668411254883 43
      vertex 10.765180587768555 6.831790924072266 43
      vertex 10.314966201782227 7.494261741638184 43
    endloop
  endfacet
  facet normal 0 0 1
    outer loop
      vertex 11.854649543762207 4.693587303161621 43
      vertex 10.25 2.5 43
      vertex 10.406975746154785 2.4950666427612305 43
    endloop
  endfacet
  facet normal 0 0 1
    outer loop
      vertex 11.854649543762207 4.693587303161621 43
      vertex 10.093023300170898 2.4950666427612305 43
      vertex 10.25 2.5 43
    endloop
  endfacet
  facet normal 0 0 1
    outer loop
      vertex 11.536544799804688 5.428685188293457 43
      vertex 9.936666488647461 2.4802865982055664 43
      vertex 10.093023300170898 2.4950666427612305 43
    endloop
  endfacet
  facet normal 0 0 1
    outer loop
      vertex 9.045615196228027 2.1907663345336914 43
      vertex 10.314966201782227 7.494261741638184 43
      vertex 9.824043273925781 8.127155303955078 43
    endloop
  endfacet
  facet normal 0 0 1
    outer loop
      vertex 11.536544799804688 5.428685188293457 43
      vertex 9.781546592712402 2.4557180404663086 43
      vertex 9.936666488647461 2.4802865982055664 43
    endloop
  endfacet
  facet normal 0 0 1
    outer loop
      vertex 11.1729097366333 6.142358779907227 43
      vertex 9.628274917602539 2.421457290649414 43
      vertex 9.781546592712402 2.4557180404663086 43
    endloop
  endfacet
  facet normal 0 0 1
    outer loop
      vertex 11.1729097366333 6.142358779907227 43
      vertex 9.477457046508789 2.377640724182129 43
      vertex 9.628274917602539 2.421457290649414 43
    endloop
  endfacet
  facet normal 0 0 1
    outer loop
      vertex 10.765180587768555 6.831790924072266 43
      vertex 9.32968807220459 2.3244409561157227 43
      vertex 9.477457046508789 2.377640724182129 43
    endloop
  endfacet
  facet normal 0 0 1
    outer loop
      vertex 8.780536651611328 2.0225419998168945 43
      vertex 9.824043273925781 8.127155303955078 43
      vertex 9.294349670410156 8.727974891662598 43
    endloop
  endfacet
  facet normal 0 0 1
    outer loop
      vertex 10.765180587768555 6.831790924072266 43
      vertex 9.185551643371582 2.2620668411254883 43
      vertex 9.32968807220459 2.3244409561157227 43
    endloop
  endfacet
  facet normal 0 0 1
    outer loop
      vertex 10.314966201782227 7.494261741638184 43
      vertex 9.045615196228027 2.1907663345336914 43
      vertex 9.185551643371582 2.2620668411254883 43
    endloop
  endfacet
  facet normal 0 0 1
    outer loop
      vertex 9.824043273925781 8.127155303955078 43
      vertex 8.910432815551758 2.110818862915039 43
      vertex 9.045615196228027 2.1907663345336914 43
    endloop
  endfacet
  facet normal 0 0 1
    outer loop
      vertex 9.824043273925781 8.127155303955078 43
      vertex 8.780536651611328 2.0225419998168945 43
      vertex 8.910432815551758 2.110818862915039 43
    endloop
  endfacet
  facet normal 0 0 1
    outer loop
      vertex 8.656439781188965 1.9262828826904297 43
      vertex 9.294349670410156 8.727974891662598 43
      vertex 8.727974891662598 9.294349670410156 43
    endloop
  endfacet
  facet normal 0 0 1
    outer loop
      vertex 9.294349670410156 8.727974891662598 43
      vertex 8.656439781188965 1.9262828826904297 43
      vertex 8.780536651611328 2.0225419998168945 43
    endloop
  endfacet
  facet normal 0 0 1
    outer loop
      vertex 8.727974891662598 9.294349670410156 43
      vertex 8.538631439208984 1.8224210739135742 43
      vertex 8.656439781188965 1.9262828826904297 43
    endloop
  endfacet
  facet normal 0 0 1
    outer loop
      vertex 8.127155303955078 9.824043273925781 43
      vertex 8.538631439208984 1.8224210739135742 43
      vertex 8.727974891662598 9.294349670410156 43
    endloop
  endfacet
  facet normal 0 0 1
    outer loop
      vertex 8.538631439208984 1.8224210739135742 43
      vertex 8.127155303955078 9.824043273925781 43
      vertex 8.42757797241211 1.7113676071166992 43
    endloop
  endfacet
  facet normal 0 0 1
    outer loop
      vertex 7.494261741638184 10.314966201782227 43
      vertex 8.42757797241211 1.7113676071166992 43
      vertex 8.127155303955078 9.824043273925781 43
    endloop
  endfacet
  facet normal 0 0 1
    outer loop
      vertex 8.42757797241211 1.7113676071166992 43
      vertex 7.494261741638184 10.314966201782227 43
      vertex 8.323716163635254 1.5935592651367188 43
    endloop
  endfacet
  facet normal 0 0 1
    outer loop
      vertex 6.831790924072266 10.765180587768555 43
      vertex 8.323716163635254 1.5935592651367188 43
      vertex 7.494261741638184 10.314966201782227 43
    endloop
  endfacet
  facet normal 0 0 1
    outer loop
      vertex 8.323716163635254 1.5935592651367188 43
      vertex 6.831790924072266 10.765180587768555 43
      vertex 8.227457046508789 1.4694623947143555 43
    endloop
  endfacet
  facet normal 0 0 1
    outer loop
      vertex 6.142358779907227 11.1729097366333 43
      vertex 8.227457046508789 1.4694623947143555 43
      vertex 6.831790924072266 10.765180587768555 43
    endloop
  endfacet
  facet normal 0 0 1
    outer loop
      vertex 5.428685188293457 11.536544799804688 43
      vertex 8.227457046508789 1.4694623947143555 43
      vertex 6.142358779907227 11.1729097366333 43
    endloop
  endfacet
  facet normal 0 0 1
    outer loop
      vertex 8.227457046508789 1.4694623947143555 43
      vertex 5.428685188293457 11.536544799804688 43
      vertex 8.139180183410645 1.3395662307739258 43
    endloop
  endfacet
  facet normal 0 0 1
    outer loop
      vertex 4.693587303161621 11.854649543762207 43
      vertex 8.139180183410645 1.3395662307739258 43
      vertex 5.428685188293457 11.536544799804688 43
    endloop
  endfacet
  facet normal 0 0 1
    outer loop
      vertex 3.9399662017822266 12.125969886779785 43
      vertex 8.139180183410645 1.3395662307739258 43
      vertex 4.693587303161621 11.854649543762207 43
    endloop
  endfacet
  facet normal 0 0 1
    outer loop
      vertex 8.139180183410645 1.3395662307739258 43
      vertex 3.9399662017822266 12.125969886779785 43
      vertex 8.059232711791992 1.2043838500976562 43
    endloop
  endfacet
  facet normal 0 0 1
    outer loop
      vertex 3.170795440673828 12.349434852600098 43
      vertex 8.059232711791992 1.2043838500976562 43
      vertex 3.9399662017822266 12.125969886779785 43
    endloop
  endfacet
  facet normal 0 0 1
    outer loop
      vertex 8.059232711791992 1.2043838500976562 43
      vertex 2.3891115188598633 12.524162292480469 43
      vertex 7.987932205200195 1.0644474029541016 43
    endloop
  endfacet
  facet normal 0 0 1
    outer loop
      vertex 2.3891115188598633 12.524162292480469 43
      vertex 8.059232711791992 1.2043838500976562 43
      vertex 3.170795440673828 12.349434852600098 43
    endloop
  endfacet
  facet normal 0 0 1
    outer loop
      vertex 12.74506664276123 -0.15697574615478516 43
      vertex 12.72484016418457 -0.8005790710449219 43
      vertex 12.75 0 43
    endloop
  endfacet
  facet normal 0 0 1
    outer loop
      vertex 12.730286598205566 -0.31333255767822266 43
      vertex 12.72484016418457 -0.8005790710449219 43
      vertex 12.74506664276123 -0.15697574615478516 43
    endloop
  endfacet
  facet normal 0 0 1
    outer loop
      vertex 12.705718040466309 -0.46845245361328125 43
      vertex 12.72484016418457 -0.8005790710449219 43
      vertex 12.730286598205566 -0.31333255767822266 43
    endloop
  endfacet
  facet normal 0 0 1
    outer loop
      vertex 12.671457290649414 -0.6217241287231445 43
      vertex 12.72484016418457 -0.8005790710449219 43
      vertex 12.705718040466309 -0.46845245361328125 43
    endloop
  endfacet
  facet normal 0 0 1
    outer loop
      vertex 12.627640724182129 -0.7725419998168945 43
      vertex 12.72484016418457 -0.8005790710449219 43
      vertex 12.671457290649414 -0.6217241287231445 43
    endloop
  endfacet
  facet normal 0 0 1
    outer loop
      vertex 12.574440956115723 -0.9203109741210938 43
      vertex 12.72484016418457 -0.8005790710449219 43
      vertex 12.627640724182129 -0.7725419998168945 43
    endloop
  endfacet
  facet normal 0 0 1
    outer loop
      vertex 12.512066841125488 -1.0644474029541016 43
      vertex 12.72484016418457 -0.8005790710449219 43
      vertex 12.574440956115723 -0.9203109741210938 43
    endloop
  endfacet
  facet normal 0 0 1
    outer loop
      vertex 12.72484016418457 -0.8005790710449219 43
      vertex 12.512066841125488 -1.0644474029541016 43
      vertex 12.64946174621582 -1.5979986190795898 43
    endloop
  endfacet
  facet normal 0 0 1
    outer loop
      vertex 12.440766334533691 -1.2043838500976562 43
      vertex 12.64946174621582 -1.5979986190795898 43
      vertex 12.512066841125488 -1.0644474029541016 43
    endloop
  endfacet
  facet normal 0 0 1
    outer loop
      vertex 12.360818862915039 -1.3395662307739258 43
      vertex 12.64946174621582 -1.5979986190795898 43
      vertex 12.440766334533691 -1.2043838500976562 43
    endloop
  endfacet
  facet normal 0 0 1
    outer loop
      vertex 12.272541999816895 -1.4694623947143555 43
      vertex 12.64946174621582 -1.5979986190795898 43
      vertex 12.360818862915039 -1.3395662307739258 43
    endloop
  endfacet
  facet normal 0 0 1
    outer loop
      vertex 12.17628288269043 -1.5935592651367188 43
      vertex 12.64946174621582 -1.5979986190795898 43
      vertex 12.272541999816895 -1.4694623947143555 43
    endloop
  endfacet
  facet normal 0 0 1
    outer loop
      vertex 12.072421073913574 -1.7113676071166992 43
      vertex 12.64946174621582 -1.5979986190795898 43
      vertex 12.17628288269043 -1.5935592651367188 43
    endloop
  endfacet
  facet normal 0 0 1
    outer loop
      vertex 12.64946174621582 -1.5979986190795898 43
      vertex 12.072421073913574 -1.7113676071166992 43
      vertex 12.524162292480469 -2.3891115188598633 43
    endloop
  endfacet
  facet normal 0 0 1
    outer loop
      vertex 11.9613676071167 -1.8224210739135742 43
      vertex 12.524162292480469 -2.3891115188598633 43
      vertex 12.072421073913574 -1.7113676071166992 43
    endloop
  endfacet
  facet normal 0 0 1
    outer loop
      vertex 11.843559265136719 -1.9262828826904297 43
      vertex 12.524162292480469 -2.3891115188598633 43
      vertex 11.9613676071167 -1.8224210739135742 43
    endloop
  endfacet
  facet normal 0 0 1
    outer loop
      vertex 11.719462394714355 -2.0225419998168945 43
      vertex 12.524162292480469 -2.3891115188598633 43
      vertex 11.843559265136719 -1.9262828826904297 43
    endloop
  endfacet
  facet normal 0 0 1
    outer loop
      vertex 11.589566230773926 -2.110818862915039 43
      vertex 12.524162292480469 -2.3891115188598633 43
      vertex 11.719462394714355 -2.0225419998168945 43
    endloop
  endfacet
  facet normal 0 0 1
    outer loop
      vertex 12.524162292480469 -2.3891115188598633 43
      vertex 11.589566230773926 -2.110818862915039 43
      vertex 12.349434852600098 -3.170795440673828 43
    endloop
  endfacet
  facet normal 0 0 1
    outer loop
      vertex 11.454383850097656 -2.1907663345336914 43
      vertex 12.349434852600098 -3.170795440673828 43
      vertex 11.589566230773926 -2.110818862915039 43
    endloop
  endfacet
  facet normal 0 0 1
    outer loop
      vertex 11.314447402954102 -2.2620668411254883 43
      vertex 12.349434852600098 -3.170795440673828 43
      vertex 11.454383850097656 -2.1907663345336914 43
    endloop
  endfacet
  facet normal 0 0 1
    outer loop
      vertex 11.170310974121094 -2.3244409561157227 43
      vertex 12.349434852600098 -3.170795440673828 43
      vertex 11.314447402954102 -2.2620668411254883 43
    endloop
  endfacet
  facet normal 0 0 1
    outer loop
      vertex 11.022541999816895 -2.377640724182129 43
      vertex 12.349434852600098 -3.170795440673828 43
      vertex 11.170310974121094 -2.3244409561157227 43
    endloop
  endfacet
  facet normal 0 0 1
    outer loop
      vertex 12.349434852600098 -3.170795440673828 43
      vertex 11.022541999816895 -2.377640724182129 43
      vertex 12.125969886779785 -3.9399662017822266 43
    endloop
  endfacet
  facet normal 0 0 1
    outer loop
      vertex 10.871724128723145 -2.421457290649414 43
      vertex 12.125969886779785 -3.9399662017822266 43
      vertex 11.022541999816895 -2.377640724182129 43
    endloop
  endfacet
  facet normal 0 0 1
    outer loop
      vertex 10.718452453613281 -2.4557180404663086 43
      vertex 12.125969886779785 -3.9399662017822266 43
      vertex 10.871724128723145 -2.421457290649414 43
    endloop
  endfacet
  facet normal 0 0 1
    outer loop
      vertex 10.563332557678223 -2.4802865982055664 43
      vertex 12.125969886779785 -3.9399662017822266 43
      vertex 10.718452453613281 -2.4557180404663086 43
    endloop
  endfacet
  facet normal 0 0 1
    outer loop
      vertex 12.125969886779785 -3.9399662017822266 43
      vertex 10.563332557678223 -2.4802865982055664 43
      vertex 11.854649543762207 -4.693587303161621 43
    endloop
  endfacet
  facet normal 0 0 1
    outer loop
      vertex 10.406975746154785 -2.4950666427612305 43
      vertex 11.854649543762207 -4.693587303161621 43
      vertex 10.563332557678223 -2.4802865982055664 43
    endloop
  endfacet
  facet normal 0 0 1
    outer loop
      vertex 10.25 -2.5 43
      vertex 11.854649543762207 -4.693587303161621 43
      vertex 10.406975746154785 -2.4950666427612305 43
    endloop
  endfacet
  facet normal 0 0 1
    outer loop
      vertex 10.093023300170898 -2.4950666427612305 43
      vertex 11.854649543762207 -4.693587303161621 43
      vertex 10.25 -2.5 43
    endloop
  endfacet
  facet normal 0 0 1
    outer loop
      vertex 11.854649543762207 -4.693587303161621 43
      vertex 10.093023300170898 -2.4950666427612305 43
      vertex 11.536544799804688 -5.428685188293457 43
    endloop
  endfacet
  facet normal 0 0 1
    outer loop
      vertex 9.936666488647461 -2.4802865982055664 43
      vertex 11.536544799804688 -5.428685188293457 43
      vertex 10.093023300170898 -2.4950666427612305 43
    endloop
  endfacet
  facet normal 0 0 1
    outer loop
      vertex 9.781546592712402 -2.4557180404663086 43
      vertex 11.536544799804688 -5.428685188293457 43
      vertex 9.936666488647461 -2.4802865982055664 43
    endloop
  endfacet
  facet normal 0 0 1
    outer loop
      vertex 11.536544799804688 -5.428685188293457 43
      vertex 9.781546592712402 -2.4557180404663086 43
      vertex 11.1729097366333 -6.142358779907227 43
    endloop
  endfacet
  facet normal 0 0 1
    outer loop
      vertex 9.628274917602539 -2.421457290649414 43
      vertex 11.1729097366333 -6.142358779907227 43
      vertex 9.781546592712402 -2.4557180404663086 43
    endloop
  endfacet
  facet normal 0 0 1
    outer loop
      vertex 9.477457046508789 -2.377640724182129 43
      vertex 11.1729097366333 -6.142358779907227 43
      vertex 9.628274917602539 -2.421457290649414 43
    endloop
  endfacet
  facet normal 0 0 1
    outer loop
      vertex 11.1729097366333 -6.142358779907227 43
      vertex 9.477457046508789 -2.377640724182129 43
      vertex 10.765180587768555 -6.831790924072266 43
    endloop
  endfacet
  facet normal 0 0 1
    outer loop
      vertex 9.32968807220459 -2.3244409561157227 43
      vertex 10.765180587768555 -6.831790924072266 43
      vertex 9.477457046508789 -2.377640724182129 43
    endloop
  endfacet
  facet normal 0 0 1
    outer loop
      vertex 9.185551643371582 -2.2620668411254883 43
      vertex 10.765180587768555 -6.831790924072266 43
      vertex 9.32968807220459 -2.3244409561157227 43
    endloop
  endfacet
  facet normal 0 0 1
    outer loop
      vertex 10.765180587768555 -6.831790924072266 43
      vertex 9.185551643371582 -2.2620668411254883 43
      vertex 10.314966201782227 -7.494261741638184 43
    endloop
  endfacet
  facet normal 0 0 1
    outer loop
      vertex 9.045615196228027 -2.1907663345336914 43
      vertex 10.314966201782227 -7.494261741638184 43
      vertex 9.185551643371582 -2.2620668411254883 43
    endloop
  endfacet
  facet normal 0 0 1
    outer loop
      vertex 10.314966201782227 -7.494261741638184 43
      vertex 9.045615196228027 -2.1907663345336914 43
      vertex 9.824043273925781 -8.127155303955078 43
    endloop
  endfacet
  facet normal 0 0 1
    outer loop
      vertex 8.910432815551758 -2.110818862915039 43
      vertex 9.824043273925781 -8.127155303955078 43
      vertex 9.045615196228027 -2.1907663345336914 43
    endloop
  endfacet
  facet normal 0 0 1
    outer loop
      vertex 8.780536651611328 -2.0225419998168945 43
      vertex 9.824043273925781 -8.127155303955078 43
      vertex 8.910432815551758 -2.110818862915039 43
    endloop
  endfacet
  facet normal 0 0 1
    outer loop
      vertex 9.824043273925781 -8.127155303955078 43
      vertex 8.780536651611328 -2.0225419998168945 43
      vertex 9.294349670410156 -8.727974891662598 43
    endloop
  endfacet
  facet normal 0 0 1
    outer loop
      vertex 8.656439781188965 -1.9262828826904297 43
      vertex 9.294349670410156 -8.727974891662598 43
      vertex 8.780536651611328 -2.0225419998168945 43
    endloop
  endfacet
  facet normal 0 0 1
    outer loop
      vertex 9.294349670410156 -8.727974891662598 43
      vertex 8.656439781188965 -1.9262828826904297 43
      vertex 8.727974891662598 -9.294349670410156 43
    endloop
  endfacet
  facet normal 0 0 1
    outer loop
      vertex 8.538631439208984 -1.8224210739135742 43
      vertex 8.727974891662598 -9.294349670410156 43
      vertex 8.656439781188965 -1.9262828826904297 43
    endloop
  endfacet
  facet normal 0 0 1
    outer loop
      vertex 8.127155303955078 -9.824043273925781 43
      vertex 8.538631439208984 -1.8224210739135742 43
      vertex 8.42757797241211 -1.7113676071166992 43
    endloop
  endfacet
  facet normal 0 0 1
    outer loop
      vertex 7.494261741638184 -10.314966201782227 43
      vertex 8.42757797241211 -1.7113676071166992 43
      vertex 8.323716163635254 -1.5935592651367188 43
    endloop
  endfacet
  facet normal 0 0 1
    outer loop
      vertex 6.831790924072266 -10.765180587768555 43
      vertex 8.323716163635254 -1.5935592651367188 43
      vertex 8.227457046508789 -1.4694623947143555 43
    endloop
  endfacet
  facet normal 0 0 1
    outer loop
      vertex 5.428685188293457 -11.536544799804688 43
      vertex 8.227457046508789 -1.4694623947143555 43
      vertex 8.139180183410645 -1.3395662307739258 43
    endloop
  endfacet
  facet normal 0 0 1
    outer loop
      vertex 8.538631439208984 -1.8224210739135742 43
      vertex 8.127155303955078 -9.824043273925781 43
      vertex 8.727974891662598 -9.294349670410156 43
    endloop
  endfacet
  facet normal 0 0 1
    outer loop
      vertex 3.9399662017822266 -12.125969886779785 43
      vertex 8.139180183410645 -1.3395662307739258 43
      vertex 8.059232711791992 -1.2043838500976562 43
    endloop
  endfacet
  facet normal 0 0 1
    outer loop
      vertex 2.3891115188598633 -12.524162292480469 43
      vertex 8.059232711791992 -1.2043838500976562 43
      vertex 7.987932205200195 -1.0644474029541016 43
    endloop
  endfacet
  facet normal 0 0 1
    outer loop
      vertex 0.8005790710449219 -12.72484016418457 43
      vertex 7.987932205200195 -1.0644474029541016 43
      vertex 7.925558090209961 -0.9203109741210938 43
    endloop
  endfacet
  facet normal 0 0 1
    outer loop
      vertex -0.8005790710449219 -12.72484016418457 43
      vertex 7.925558090209961 -0.9203109741210938 43
      vertex 7.872358322143555 -0.7725419998168945 43
    endloop
  endfacet
  facet normal 0 0 1
    outer loop
      vertex -3.9399662017822266 -12.125969886779785 43
      vertex 7.872358322143555 -0.7725419998168945 43
      vertex 7.8285417556762695 -0.6217241287231445 43
    endloop
  endfacet
  facet normal 0 0 1
    outer loop
      vertex -6.142358779907227 -11.1729097366333 43
      vertex 7.8285417556762695 -0.6217241287231445 43
      vertex 7.794281005859375 -0.46845245361328125 43
    endloop
  endfacet
  facet normal 0 0 1
    outer loop
      vertex -8.727974891662598 -9.294349670410156 43
      vertex 7.794281005859375 -0.46845245361328125 43
      vertex 7.769712448120117 -0.31333255767822266 43
    endloop
  endfacet
  facet normal 0 0 1
    outer loop
      vertex -11.1729097366333 -6.142358779907227 43
      vertex 7.769712448120117 -0.31333255767822266 43
      vertex 7.754932403564453 -0.15697574615478516 43
    endloop
  endfacet
  facet normal 0 0 1
    outer loop
      vertex 8.42757797241211 -1.7113676071166992 43
      vertex 7.494261741638184 -10.314966201782227 43
      vertex 8.127155303955078 -9.824043273925781 43
    endloop
  endfacet
  facet normal 0 0 1
    outer loop
      vertex -12.524162292480469 -2.3891115188598633 43
      vertex 7.754932403564453 -0.15697574615478516 43
      vertex 7.75 0 43
    endloop
  endfacet
  facet normal 0 0 1
    outer loop
      vertex 1.5979986190795898 12.64946174621582 43
      vertex 7.987932205200195 1.0644474029541016 43
      vertex 2.3891115188598633 12.524162292480469 43
    endloop
  endfacet
  facet normal 0 0 1
    outer loop
      vertex 0.8005790710449219 12.72484016418457 43
      vertex 7.987932205200195 1.0644474029541016 43
      vertex 1.5979986190795898 12.64946174621582 43
    endloop
  endfacet
  facet normal 0 0 1
    outer loop
      vertex 8.323716163635254 -1.5935592651367188 43
      vertex 6.831790924072266 -10.765180587768555 43
      vertex 7.494261741638184 -10.314966201782227 43
    endloop
  endfacet
  facet normal 0 0 1
    outer loop
      vertex 7.987932205200195 1.0644474029541016 43
      vertex 0.8005790710449219 12.72484016418457 43
      vertex 7.925558090209961 0.9203109741210938 43
    endloop
  endfacet
  facet normal 0 0 1
    outer loop
      vertex 8.227457046508789 -1.4694623947143555 43
      vertex 6.142358779907227 -11.1729097366333 43
      vertex 6.831790924072266 -10.765180587768555 43
    endloop
  endfacet
  facet normal 0 0 1
    outer loop
      vertex 0 12.75 43
      vertex 7.925558090209961 0.9203109741210938 43
      vertex 0.8005790710449219 12.72484016418457 43
    endloop
  endfacet
  facet normal 0 0 1
    outer loop
      vertex 8.227457046508789 -1.4694623947143555 43
      vertex 5.428685188293457 -11.536544799804688 43
      vertex 6.142358779907227 -11.1729097366333 43
    endloop
  endfacet
  facet normal 0 0 1
    outer loop
      vertex -0.8005790710449219 12.72484016418457 43
      vertex 7.925558090209961 0.9203109741210938 43
      vertex 0 12.75 43
    endloop
  endfacet
  facet normal 0 0 1
    outer loop
      vertex 8.139180183410645 -1.3395662307739258 43
      vertex 4.693587303161621 -11.854649543762207 43
      vertex 5.428685188293457 -11.536544799804688 43
    endloop
  endfacet
  facet normal 0 0 1
    outer loop
      vertex 7.925558090209961 0.9203109741210938 43
      vertex -0.8005790710449219 12.72484016418457 43
      vertex 7.872358322143555 0.7725419998168945 43
    endloop
  endfacet
  facet normal 0 0 1
    outer loop
      vertex 8.139180183410645 -1.3395662307739258 43
      vertex 3.9399662017822266 -12.125969886779785 43
      vertex 4.693587303161621 -11.854649543762207 43
    endloop
  endfacet
  facet normal 0 0 1
    outer loop
      vertex -1.5979986190795898 12.64946174621582 43
      vertex 7.872358322143555 0.7725419998168945 43
      vertex -0.8005790710449219 12.72484016418457 43
    endloop
  endfacet
  facet normal 0 0 1
    outer loop
      vertex 8.059232711791992 -1.2043838500976562 43
      vertex 3.170795440673828 -12.349434852600098 43
      vertex 3.9399662017822266 -12.125969886779785 43
    endloop
  endfacet
  facet normal 0 0 1
    outer loop
      vertex -2.3891115188598633 12.524162292480469 43
      vertex 7.872358322143555 0.7725419998168945 43
      vertex -1.5979986190795898 12.64946174621582 43
    endloop
  endfacet
  facet normal 0 0 1
    outer loop
      vertex 8.059232711791992 -1.2043838500976562 43
      vertex 2.3891115188598633 -12.524162292480469 43
      vertex 3.170795440673828 -12.349434852600098 43
    endloop
  endfacet
  facet normal 0 0 1
    outer loop
      vertex -3.170795440673828 12.349434852600098 43
      vertex 7.872358322143555 0.7725419998168945 43
      vertex -2.3891115188598633 12.524162292480469 43
    endloop
  endfacet
  facet normal 0 0 1
    outer loop
      vertex 7.987932205200195 -1.0644474029541016 43
      vertex 1.5979986190795898 -12.64946174621582 43
      vertex 2.3891115188598633 -12.524162292480469 43
    endloop
  endfacet
  facet normal 0 0 1
    outer loop
      vertex -3.9399662017822266 12.125969886779785 43
      vertex 7.872358322143555 0.7725419998168945 43
      vertex -3.170795440673828 12.349434852600098 43
    endloop
  endfacet
  facet normal 0 0 1
    outer loop
      vertex 7.987932205200195 -1.0644474029541016 43
      vertex 0.8005790710449219 -12.72484016418457 43
      vertex 1.5979986190795898 -12.64946174621582 43
    endloop
  endfacet
  facet normal 0 0 1
    outer loop
      vertex 7.872358322143555 0.7725419998168945 43
      vertex -3.9399662017822266 12.125969886779785 43
      vertex 7.8285417556762695 0.6217241287231445 43
    endloop
  endfacet
  facet normal 0 0 1
    outer loop
      vertex 7.925558090209961 -0.9203109741210938 43
      vertex 0 -12.75 43
      vertex 0.8005790710449219 -12.72484016418457 43
    endloop
  endfacet
  facet normal 0 0 1
    outer loop
      vertex -4.693587303161621 11.854649543762207 43
      vertex 7.8285417556762695 0.6217241287231445 43
      vertex -3.9399662017822266 12.125969886779785 43
    endloop
  endfacet
  facet normal 0 0 1
    outer loop
      vertex 7.925558090209961 -0.9203109741210938 43
      vertex -0.8005790710449219 -12.72484016418457 43
      vertex 0 -12.75 43
    endloop
  endfacet
  facet normal 0 0 1
    outer loop
      vertex -5.428685188293457 11.536544799804688 43
      vertex 7.8285417556762695 0.6217241287231445 43
      vertex -4.693587303161621 11.854649543762207 43
    endloop
  endfacet
  facet normal 0 0 1
    outer loop
      vertex 7.872358322143555 -0.7725419998168945 43
      vertex -1.5979986190795898 -12.64946174621582 43
      vertex -0.8005790710449219 -12.72484016418457 43
    endloop
  endfacet
  facet normal 0 0 1
    outer loop
      vertex -6.142358779907227 11.1729097366333 43
      vertex 7.8285417556762695 0.6217241287231445 43
      vertex -5.428685188293457 11.536544799804688 43
    endloop
  endfacet
  facet normal 0 0 1
    outer loop
      vertex 7.872358322143555 -0.7725419998168945 43
      vertex -2.3891115188598633 -12.524162292480469 43
      vertex -1.5979986190795898 -12.64946174621582 43
    endloop
  endfacet
  facet normal 0 0 1
    outer loop
      vertex 7.8285417556762695 0.6217241287231445 43
      vertex -6.142358779907227 11.1729097366333 43
      vertex 7.794281005859375 0.46845245361328125 43
    endloop
  endfacet
  facet normal 0 0 1
    outer loop
      vertex 7.872358322143555 -0.7725419998168945 43
      vertex -3.170795440673828 -12.349434852600098 43
      vertex -2.3891115188598633 -12.524162292480469 43
    endloop
  endfacet
  facet normal 0 0 1
    outer loop
      vertex -6.831790924072266 10.765180587768555 43
      vertex 7.794281005859375 0.46845245361328125 43
      vertex -6.142358779907227 11.1729097366333 43
    endloop
  endfacet
  facet normal 0 0 1
    outer loop
      vertex 7.872358322143555 -0.7725419998168945 43
      vertex -3.9399662017822266 -12.125969886779785 43
      vertex -3.170795440673828 -12.349434852600098 43
    endloop
  endfacet
  facet normal 0 0 1
    outer loop
      vertex -7.494261741638184 10.314966201782227 43
      vertex 7.794281005859375 0.46845245361328125 43
      vertex -6.831790924072266 10.765180587768555 43
    endloop
  endfacet
  facet normal 0 0 1
    outer loop
      vertex 7.8285417556762695 -0.6217241287231445 43
      vertex -4.693587303161621 -11.854649543762207 43
      vertex -3.9399662017822266 -12.125969886779785 43
    endloop
  endfacet
  facet normal 0 0 1
    outer loop
      vertex -8.127155303955078 9.824043273925781 43
      vertex 7.794281005859375 0.46845245361328125 43
      vertex -7.494261741638184 10.314966201782227 43
    endloop
  endfacet
  facet normal 0 0 1
    outer loop
      vertex 7.8285417556762695 -0.6217241287231445 43
      vertex -5.428685188293457 -11.536544799804688 43
      vertex -4.693587303161621 -11.854649543762207 43
    endloop
  endfacet
  facet normal 0 0 1
    outer loop
      vertex -8.727974891662598 9.294349670410156 43
      vertex 7.794281005859375 0.46845245361328125 43
      vertex -8.127155303955078 9.824043273925781 43
    endloop
  endfacet
  facet normal 0 0 1
    outer loop
      vertex 7.8285417556762695 -0.6217241287231445 43
      vertex -6.142358779907227 -11.1729097366333 43
      vertex -5.428685188293457 -11.536544799804688 43
    endloop
  endfacet
  facet normal 0 0 1
    outer loop
      vertex 7.794281005859375 0.46845245361328125 43
      vertex -8.727974891662598 9.294349670410156 43
      vertex 7.769712448120117 0.31333255767822266 43
    endloop
  endfacet
  facet normal 0 0 1
    outer loop
      vertex 7.794281005859375 -0.46845245361328125 43
      vertex -6.831790924072266 -10.765180587768555 43
      vertex -6.142358779907227 -11.1729097366333 43
    endloop
  endfacet
  facet normal 0 0 1
    outer loop
      vertex -9.294349670410156 8.727974891662598 43
      vertex 7.769712448120117 0.31333255767822266 43
      vertex -8.727974891662598 9.294349670410156 43
    endloop
  endfacet
  facet normal 0 0 1
    outer loop
      vertex 7.794281005859375 -0.46845245361328125 43
      vertex -7.494261741638184 -10.314966201782227 43
      vertex -6.831790924072266 -10.765180587768555 43
    endloop
  endfacet
  facet normal 0 0 1
    outer loop
      vertex -9.824043273925781 8.127155303955078 43
      vertex 7.769712448120117 0.31333255767822266 43
      vertex -9.294349670410156 8.727974891662598 43
    endloop
  endfacet
  facet normal 0 0 1
    outer loop
      vertex 7.794281005859375 -0.46845245361328125 43
      vertex -8.127155303955078 -9.824043273925781 43
      vertex -7.494261741638184 -10.314966201782227 43
    endloop
  endfacet
  facet normal 0 0 1
    outer loop
      vertex -10.314966201782227 7.494261741638184 43
      vertex 7.769712448120117 0.31333255767822266 43
      vertex -9.824043273925781 8.127155303955078 43
    endloop
  endfacet
  facet normal 0 0 1
    outer loop
      vertex 7.794281005859375 -0.46845245361328125 43
      vertex -8.727974891662598 -9.294349670410156 43
      vertex -8.127155303955078 -9.824043273925781 43
    endloop
  endfacet
  facet normal 0 0 1
    outer loop
      vertex -10.765180587768555 6.831790924072266 43
      vertex 7.769712448120117 0.31333255767822266 43
      vertex -10.314966201782227 7.494261741638184 43
    endloop
  endfacet
  facet normal 0 0 1
    outer loop
      vertex 7.769712448120117 -0.31333255767822266 43
      vertex -9.294349670410156 -8.727974891662598 43
      vertex -8.727974891662598 -9.294349670410156 43
    endloop
  endfacet
  facet normal 0 0 1
    outer loop
      vertex -11.1729097366333 6.142358779907227 43
      vertex 7.769712448120117 0.31333255767822266 43
      vertex -10.765180587768555 6.831790924072266 43
    endloop
  endfacet
  facet normal 0 0 1
    outer loop
      vertex 7.769712448120117 -0.31333255767822266 43
      vertex -9.824043273925781 -8.127155303955078 43
      vertex -9.294349670410156 -8.727974891662598 43
    endloop
  endfacet
  facet normal 0 0 1
    outer loop
      vertex 7.769712448120117 0.31333255767822266 43
      vertex -11.1729097366333 6.142358779907227 43
      vertex 7.754932403564453 0.15697574615478516 43
    endloop
  endfacet
  facet normal 0 0 1
    outer loop
      vertex 7.769712448120117 -0.31333255767822266 43
      vertex -10.314966201782227 -7.494261741638184 43
      vertex -9.824043273925781 -8.127155303955078 43
    endloop
  endfacet
  facet normal 0 0 1
    outer loop
      vertex -11.536544799804688 5.428685188293457 43
      vertex 7.754932403564453 0.15697574615478516 43
      vertex -11.1729097366333 6.142358779907227 43
    endloop
  endfacet
  facet normal 0 0 1
    outer loop
      vertex 7.769712448120117 -0.31333255767822266 43
      vertex -10.765180587768555 -6.831790924072266 43
      vertex -10.314966201782227 -7.494261741638184 43
    endloop
  endfacet
  facet normal 0 0 1
    outer loop
      vertex -11.854649543762207 4.693587303161621 43
      vertex 7.754932403564453 0.15697574615478516 43
      vertex -11.536544799804688 5.428685188293457 43
    endloop
  endfacet
  facet normal 0 0 1
    outer loop
      vertex 7.769712448120117 -0.31333255767822266 43
      vertex -11.1729097366333 -6.142358779907227 43
      vertex -10.765180587768555 -6.831790924072266 43
    endloop
  endfacet
  facet normal 0 0 1
    outer loop
      vertex -12.125969886779785 3.9399662017822266 43
      vertex 7.754932403564453 0.15697574615478516 43
      vertex -11.854649543762207 4.693587303161621 43
    endloop
  endfacet
  facet normal 0 0 1
    outer loop
      vertex 7.754932403564453 -0.15697574615478516 43
      vertex -11.536544799804688 -5.428685188293457 43
      vertex -11.1729097366333 -6.142358779907227 43
    endloop
  endfacet
  facet normal 0 0 1
    outer loop
      vertex -12.349434852600098 3.170795440673828 43
      vertex 7.754932403564453 0.15697574615478516 43
      vertex -12.125969886779785 3.9399662017822266 43
    endloop
  endfacet
  facet normal 0 0 1
    outer loop
      vertex 7.754932403564453 -0.15697574615478516 43
      vertex -11.854649543762207 -4.693587303161621 43
      vertex -11.536544799804688 -5.428685188293457 43
    endloop
  endfacet
  facet normal 0 0 1
    outer loop
      vertex -12.524162292480469 2.3891115188598633 43
      vertex 7.754932403564453 0.15697574615478516 43
      vertex -12.349434852600098 3.170795440673828 43
    endloop
  endfacet
  facet normal 0 0 1
    outer loop
      vertex 7.754932403564453 -0.15697574615478516 43
      vertex -12.125969886779785 -3.9399662017822266 43
      vertex -11.854649543762207 -4.693587303161621 43
    endloop
  endfacet
  facet normal 0 0 1
    outer loop
      vertex 7.754932403564453 0.15697574615478516 43
      vertex -12.524162292480469 2.3891115188598633 43
      vertex 7.75 0 43
    endloop
  endfacet
  facet normal 0 0 1
    outer loop
      vertex 7.754932403564453 -0.15697574615478516 43
      vertex -12.349434852600098 -3.170795440673828 43
      vertex -12.125969886779785 -3.9399662017822266 43
    endloop
  endfacet
  facet normal 0 0 1
    outer loop
      vertex -12.64946174621582 1.5979986190795898 43
      vertex 7.75 0 43
      vertex -12.524162292480469 2.3891115188598633 43
    endloop
  endfacet
  facet normal 0 0 1
    outer loop
      vertex 7.754932403564453 -0.15697574615478516 43
      vertex -12.524162292480469 -2.3891115188598633 43
      vertex -12.349434852600098 -3.170795440673828 43
    endloop
  endfacet
  facet normal 0 0 1
    outer loop
      vertex -12.72484016418457 0.8005790710449219 43
      vertex 7.75 0 43
      vertex -12.64946174621582 1.5979986190795898 43
    endloop
  endfacet
  facet normal 0 0 1
    outer loop
      vertex 7.75 0 43
      vertex -12.64946174621582 -1.5979986190795898 43
      vertex -12.524162292480469 -2.3891115188598633 43
    endloop
  endfacet
  facet normal 0 0 1
    outer loop
      vertex -12.75 0 43
      vertex 7.75 0 43
      vertex -12.72484016418457 0.8005790710449219 43
    endloop
  endfacet
  facet normal 0 0 1
    outer loop
      vertex 7.75 0 43
      vertex -12.72484016418457 -0.8005790710449219 43
      vertex -12.64946174621582 -1.5979986190795898 43
    endloop
  endfacet
  facet normal 0 0 1
    outer loop
      vertex 7.75 0 43
      vertex -12.75 0 43
      vertex -12.72484016418457 -0.8005790710449219 43
    endloop
  endfacet
  facet normal 0.8121350243525652 -0.18153408261616807 0.5545106663253329
    outer loop
      vertex 12.524162292480469 -2.3891115188598633 43
      vertex 12.349434852600098 -3.170795440673828 43
      vertex 14.286601066589355 -3.66817569732666 40
    endloop
  endfacet
  facet normal -0.8121352443846266 0.18153348356599422 0.5545105401818056
    outer loop
      vertex -14.286601066589355 3.66817569732666 40
      vertex -14.488736152648926 2.763874053955078 40
      vertex -12.524162292480469 2.3891115188598633 43
    endloop
  endfacet
  facet normal 0.2818898118430738 -0.7829789248609504 0.5545107187446122
    outer loop
      vertex 4.693587303161621 -11.854649543762207 43
      vertex 3.9399662017822266 -12.125969886779785 43
      vertex 5.429836273193359 -13.714202880859375 40
    endloop
  endfacet
  facet normal -0.7162893497717748 -0.42361246047938195 0.5545106407726833
    outer loop
      vertex -11.1729097366333 -6.142358779907227 43
      vertex -12.453836441040039 -7.903444290161133 40
      vertex -10.765180587768555 -6.831790924072266 43
    endloop
  endfacet
  facet normal 0.7991338911255226 -0.23217006768286577 0.5545106705255678
    outer loop
      vertex 12.349434852600098 -3.170795440673828 43
      vertex 12.125969886779785 -3.9399662017822266 43
      vertex 14.028082847595215 -4.558000564575195 40
    endloop
  endfacet
  facet normal -0.6882772402526468 -0.4677524003959262 0.5545107144808378
    outer loop
      vertex -10.765180587768555 -6.831790924072266 43
      vertex -11.933000564575195 -8.669832229614258 40
      vertex -10.314966201782227 -7.494261741638184 43
    endloop
  endfacet
  facet normal 0.7829789248609504 -0.2818898118430738 0.5545107187446122
    outer loop
      vertex 12.125969886779785 -3.9399662017822266 43
      vertex 11.854649543762207 -4.693587303161621 43
      vertex 13.714202880859375 -5.429836273193359 40
    endloop
  endfacet
  facet normal -0.8219311594992278 -0.13018056629075508 0.5545107656344223
    outer loop
      vertex -12.64946174621582 -1.5979986190795898 43
      vertex -14.633691787719727 -1.8486642837524414 40
      vertex -12.524162292480469 -2.3891115188598633 43
    endloop
  endfacet
  facet normal -0.33049765389509245 0.7637338361784336 0.5545105303292382
    outer loop
      vertex -5.429836273193359 13.714202880859375 40
      vertex -6.280243873596191 13.346198081970215 40
      vertex -5.428685188293457 11.536544799804688 43
    endloop
  endfacet
  facet normal -0.18153408261616807 -0.8121350243525652 0.5545106663253329
    outer loop
      vertex -3.170795440673828 -12.349434852600098 43
      vertex -3.66817569732666 -14.286601066589355 40
      vertex -2.3891115188598633 -12.524162292480469 43
    endloop
  endfacet
  facet normal 0.026139946844132834 0.8317659350068418 0.5545107145413692
    outer loop
      vertex 0.9261598587036133 14.720893859863281 40
      vertex 0 12.75 43
      vertex 0.8005790710449219 12.72484016418457 43
    endloop
  endfacet
  facet normal -0.7162893500623 -0.42361246010977066 0.5545106406797581
    outer loop
      vertex -11.1729097366333 -6.142358779907227 43
      vertex -12.925522804260254 -7.105866432189941 40
      vertex -12.453836441040039 -7.903444290161133 40
    endloop
  endfacet
  facet normal 0.42361246010977066 -0.7162893500623 0.5545106406797581
    outer loop
      vertex 7.903444290161133 -12.453836441040039 40
      vertex 6.142358779907227 -11.1729097366333 43
      vertex 7.105866432189941 -12.925522804260254 40
    endloop
  endfacet
  facet normal -0.7162893497717748 0.42361246047938195 0.5545106407726833
    outer loop
      vertex -10.765180587768555 6.831790924072266 43
      vertex -12.453836441040039 7.903444290161133 40
      vertex -11.1729097366333 6.142358779907227 43
    endloop
  endfacet
  facet normal 0.07831449460435669 0.8284833839618966 0.5545107054276852
    outer loop
      vertex 0.9261598587036133 14.720893859863281 40
      vertex 0.8005790710449219 12.72484016418457 43
      vertex 1.8486642837524414 14.633691787719727 40
    endloop
  endfacet
  facet normal -0.5100471325117683 -0.6575483203735889 0.5545107113396412
    outer loop
      vertex -8.127155303955078 -9.824043273925781 43
      vertex -8.669832229614258 -11.933000564575195 40
      vertex -7.494261741638184 -10.314966201782227 43
    endloop
  endfacet
  facet normal -0.8317659350068418 0.026139946844132834 0.5545107145413692
    outer loop
      vertex -12.72484016418457 0.8005790710449219 43
      vertex -14.720893859863281 0.9261598587036133 40
      vertex -12.75 0 43
    endloop
  endfacet
  facet normal -0.8121350243525652 0.18153408261616807 0.5545106663253329
    outer loop
      vertex -12.349434852600098 3.170795440673828 43
      vertex -14.286601066589355 3.66817569732666 40
      vertex -12.524162292480469 2.3891115188598633 43
    endloop
  endfacet
  facet normal -0.8219311315637564 0.13018168406780298 0.5545105446243503
    outer loop
      vertex -14.488736152648926 2.763874053955078 40
      vertex -14.633691787719727 1.8486642837524414 40
      vertex -12.524162292480469 2.3891115188598633 43
    endloop
  endfacet
  facet normal -0.6882774713243723 0.46775214166866685 0.554510645913767
    outer loop
      vertex -11.933000564575195 8.669832229614258 40
      vertex -12.453836441040039 7.903444290161133 40
      vertex -10.765180587768555 6.831790924072266 43
    endloop
  endfacet
  facet normal -0.23217003840707962 -0.7991339040183831 0.5545106642025858
    outer loop
      vertex -3.170795440673828 -12.349434852600098 43
      vertex -4.558000564575195 -14.028082847595215 40
      vertex -3.66817569732666 -14.286601066589355 40
    endloop
  endfacet
  facet normal -0.42361246010977066 0.7162893500623 0.5545106406797581
    outer loop
      vertex -7.105866432189941 12.925522804260254 40
      vertex -7.903444290161133 12.453836441040039 40
      vertex -6.142358779907227 11.1729097366333 43
    endloop
  endfacet
  facet normal -0.13018056629075508 0.8219311594992278 0.5545107656344223
    outer loop
      vertex -1.8486642837524414 14.633691787719727 40
      vertex -2.3891115188598633 12.524162292480469 43
      vertex -1.5979986190795898 12.64946174621582 43
    endloop
  endfacet
  facet normal 0.7414750285022506 -0.37780001319424544 0.554510533838641
    outer loop
      vertex 13.346198081970215 -6.280243873596191 40
      vertex 11.536544799804688 -5.428685188293457 43
      vertex 12.925522804260254 -7.105866432189941 40
    endloop
  endfacet
  facet normal 0.6575480784290015 0.5100475476862005 0.5545106163579022
    outer loop
      vertex 11.365069389343262 9.402003288269043 40
      vertex 9.824043273925781 8.127155303955078 43
      vertex 11.933000564575195 8.669832229614258 40
    endloop
  endfacet
  facet normal -0.8284833839618966 0.07831449460435669 0.5545107054276852
    outer loop
      vertex -14.633691787719727 1.8486642837524414 40
      vertex -14.720893859863281 0.9261598587036133 40
      vertex -12.72484016418457 0.8005790710449219 43
    endloop
  endfacet
  facet normal 0.13018056629075508 -0.8219311594992278 0.5545107656344223
    outer loop
      vertex 2.3891115188598633 -12.524162292480469 43
      vertex 1.5979986190795898 -12.64946174621582 43
      vertex 1.8486642837524414 -14.633691787719727 40
    endloop
  endfacet
  facet normal -0.6242249154932644 -0.5503281711461511 0.5545107383273653
    outer loop
      vertex -9.824043273925781 -8.127155303955078 43
      vertex -10.752286911010742 -10.09706974029541 40
      vertex -9.294349670410156 -8.727974891662598 43
    endloop
  endfacet
  facet normal -0.7637338361784336 -0.33049765389509245 0.5545105303292382
    outer loop
      vertex -11.536544799804688 -5.428685188293457 43
      vertex -13.714202880859375 -5.429836273193359 40
      vertex -13.346198081970215 -6.280243873596191 40
    endloop
  endfacet
  facet normal -0.6575483203735889 -0.5100471325117683 0.5545107113396412
    outer loop
      vertex -10.314966201782227 -7.494261741638184 43
      vertex -11.933000564575195 -8.669832229614258 40
      vertex -9.824043273925781 -8.127155303955078 43
    endloop
  endfacet
  facet normal -0.7637341007484855 -0.33049672089133003 0.5545107220189531
    outer loop
      vertex -11.854649543762207 -4.693587303161621 43
      vertex -13.714202880859375 -5.429836273193359 40
      vertex -11.536544799804688 -5.428685188293457 43
    endloop
  endfacet
  facet normal 0.5503281711461511 0.6242249154932644 0.5545107383273653
    outer loop
      vertex 10.09706974029541 10.752286911010742 40
      vertex 8.127155303955078 9.824043273925781 43
      vertex 8.727974891662598 9.294349670410156 43
    endloop
  endfacet
  facet normal -0.07831481113772032 0.8284833110685796 0.554510769631489
    outer loop
      vertex -0.8005790710449219 12.72484016418457 43
      vertex -1.8486642837524414 14.633691787719727 40
      vertex -1.5979986190795898 12.64946174621582 43
    endloop
  endfacet
  facet normal 0.5100475476862005 0.6575480784290015 0.5545106163579022
    outer loop
      vertex 8.669832229614258 11.933000564575195 40
      vertex 8.127155303955078 9.824043273925781 43
      vertex 9.402003288269043 11.365069389343262 40
    endloop
  endfacet
  facet normal -0.7829790274436235 0.2818896136731885 0.5545106746372138
    outer loop
      vertex -13.714202880859375 5.429836273193359 40
      vertex -14.028082847595215 4.558000564575195 40
      vertex -12.125969886779785 3.9399662017822266 43
    endloop
  endfacet
  facet normal 0.5884376913858069 0.5884376913858069 0.5545107453540318
    outer loop
      vertex 8.727974891662598 9.294349670410156 43
      vertex 10.752286911010742 10.09706974029541 40
      vertex 10.09706974029541 10.752286911010742 40
    endloop
  endfacet
  facet normal 0.5884376913858068 0.5884376913858068 0.5545107453540318
    outer loop
      vertex 10.752286911010742 10.09706974029541 40
      vertex 8.727974891662598 9.294349670410156 43
      vertex 9.294349670410156 8.727974891662598 43
    endloop
  endfacet
  facet normal 0.37780001319424544 -0.7414750285022506 0.554510533838641
    outer loop
      vertex 7.105866432189941 -12.925522804260254 40
      vertex 5.428685188293457 -11.536544799804688 43
      vertex 6.280243873596191 -13.346198081970215 40
    endloop
  endfacet
  facet normal -0.5503281711461511 -0.6242249154932644 0.5545107383273653
    outer loop
      vertex -8.727974891662598 -9.294349670410156 43
      vertex -10.09706974029541 -10.752286911010742 40
      vertex -8.127155303955078 -9.824043273925781 43
    endloop
  endfacet
  facet normal 0.5503277719083741 0.6242253742515829 0.5545106181191086
    outer loop
      vertex 9.402003288269043 11.365069389343262 40
      vertex 8.127155303955078 9.824043273925781 43
      vertex 10.09706974029541 10.752286911010742 40
    endloop
  endfacet
  facet normal 0.18153348356599422 -0.8121352443846266 0.5545105401818056
    outer loop
      vertex 3.66817569732666 -14.286601066589355 40
      vertex 2.3891115188598633 -12.524162292480469 43
      vertex 2.763874053955078 -14.488736152648926 40
    endloop
  endfacet
  facet normal 0.6242253742515829 0.5503277719083741 0.5545106181191086
    outer loop
      vertex 10.752286911010742 10.09706974029541 40
      vertex 9.824043273925781 8.127155303955078 43
      vertex 11.365069389343262 9.402003288269043 40
    endloop
  endfacet
  facet normal -0.026139946844132834 0.8317659350068418 0.5545107145413692
    outer loop
      vertex 0 12.75 43
      vertex -0.9261598587036133 14.720893859863281 40
      vertex -0.8005790710449219 12.72484016418457 43
    endloop
  endfacet
  facet normal 0.5884376913858068 -0.5884376913858068 0.5545107453540318
    outer loop
      vertex 8.727974891662598 -9.294349670410156 43
      vertex 10.752286911010742 -10.09706974029541 40
      vertex 9.294349670410156 -8.727974891662598 43
    endloop
  endfacet
  facet normal 0.5884376913858069 -0.5884376913858069 0.5545107453540318
    outer loop
      vertex 10.752286911010742 -10.09706974029541 40
      vertex 8.727974891662598 -9.294349670410156 43
      vertex 10.09706974029541 -10.752286911010742 40
    endloop
  endfacet
  facet normal 0.6242249154932644 0.5503281711461511 0.5545107383273653
    outer loop
      vertex 10.752286911010742 10.09706974029541 40
      vertex 9.294349670410156 8.727974891662598 43
      vertex 9.824043273925781 8.127155303955078 43
    endloop
  endfacet
  facet normal -0.33049672089133003 -0.7637341007484855 0.5545107220189531
    outer loop
      vertex -5.428685188293457 -11.536544799804688 43
      vertex -5.429836273193359 -13.714202880859375 40
      vertex -4.693587303161621 -11.854649543762207 43
    endloop
  endfacet
  facet normal 0.7637338361784336 -0.33049765389509245 0.5545105303292382
    outer loop
      vertex 13.714202880859375 -5.429836273193359 40
      vertex 11.536544799804688 -5.428685188293457 43
      vertex 13.346198081970215 -6.280243873596191 40
    endloop
  endfacet
  facet normal 0.13018056629075508 0.8219311594992278 0.5545107656344223
    outer loop
      vertex 1.8486642837524414 14.633691787719727 40
      vertex 1.5979986190795898 12.64946174621582 43
      vertex 2.3891115188598633 12.524162292480469 43
    endloop
  endfacet
  facet normal 0.23217006768286577 0.7991338911255226 0.5545106705255678
    outer loop
      vertex 4.558000564575195 14.028082847595215 40
      vertex 3.170795440673828 12.349434852600098 43
      vertex 3.9399662017822266 12.125969886779785 43
    endloop
  endfacet
  facet normal -0.2818898118430738 -0.7829789248609504 0.5545107187446122
    outer loop
      vertex -4.693587303161621 -11.854649543762207 43
      vertex -5.429836273193359 -13.714202880859375 40
      vertex -3.9399662017822266 -12.125969886779785 43
    endloop
  endfacet
  facet normal 0.7637341007484855 -0.33049672089133003 0.5545107220189531
    outer loop
      vertex 11.854649543762207 -4.693587303161621 43
      vertex 11.536544799804688 -5.428685188293457 43
      vertex 13.714202880859375 -5.429836273193359 40
    endloop
  endfacet
  facet normal -0.7991339040183831 0.23217003840707962 0.5545106642025858
    outer loop
      vertex -14.028082847595215 4.558000564575195 40
      vertex -14.286601066589355 3.66817569732666 40
      vertex -12.349434852600098 3.170795440673828 43
    endloop
  endfacet
  facet normal -0.37780001319424544 0.7414750285022506 0.554510533838641
    outer loop
      vertex -6.280243873596191 13.346198081970215 40
      vertex -7.105866432189941 12.925522804260254 40
      vertex -5.428685188293457 11.536544799804688 43
    endloop
  endfacet
  facet normal -0.18153408261616807 0.8121350243525652 0.5545106663253329
    outer loop
      vertex -2.3891115188598633 12.524162292480469 43
      vertex -3.66817569732666 14.286601066589355 40
      vertex -3.170795440673828 12.349434852600098 43
    endloop
  endfacet
  facet normal 0.6575480784290015 -0.5100475476862005 0.5545106163579022
    outer loop
      vertex 11.933000564575195 -8.669832229614258 40
      vertex 9.824043273925781 -8.127155303955078 43
      vertex 11.365069389343262 -9.402003288269043 40
    endloop
  endfacet
  facet normal 0.46775214166866685 -0.6882774713243723 0.554510645913767
    outer loop
      vertex 8.669832229614258 -11.933000564575195 40
      vertex 6.831790924072266 -10.765180587768555 43
      vertex 7.903444290161133 -12.453836441040039 40
    endloop
  endfacet
  facet normal -0.7637338361784336 0.33049765389509245 0.5545105303292382
    outer loop
      vertex -13.346198081970215 6.280243873596191 40
      vertex -13.714202880859375 5.429836273193359 40
      vertex -11.536544799804688 5.428685188293457 43
    endloop
  endfacet
  facet normal 0.4677524003959262 0.6882772402526468 0.5545107144808378
    outer loop
      vertex 8.669832229614258 11.933000564575195 40
      vertex 6.831790924072266 10.765180587768555 43
      vertex 7.494261741638184 10.314966201782227 43
    endloop
  endfacet
  facet normal 0.2818896136731885 -0.7829790274436235 0.5545106746372138
    outer loop
      vertex 5.429836273193359 -13.714202880859375 40
      vertex 3.9399662017822266 -12.125969886779785 43
      vertex 4.558000564575195 -14.028082847595215 40
    endloop
  endfacet
  facet normal 0.6242253742515829 -0.5503277719083741 0.5545106181191086
    outer loop
      vertex 11.365069389343262 -9.402003288269043 40
      vertex 9.824043273925781 -8.127155303955078 43
      vertex 10.752286911010742 -10.09706974029541 40
    endloop
  endfacet
  facet normal 0.6882774713243723 0.46775214166866685 0.554510645913767
    outer loop
      vertex 11.933000564575195 8.669832229614258 40
      vertex 10.765180587768555 6.831790924072266 43
      vertex 12.453836441040039 7.903444290161133 40
    endloop
  endfacet
  facet normal -0.8284833110685796 0.07831481113772032 0.554510769631489
    outer loop
      vertex -12.64946174621582 1.5979986190795898 43
      vertex -14.633691787719727 1.8486642837524414 40
      vertex -12.72484016418457 0.8005790710449219 43
    endloop
  endfacet
  facet normal 0.8219311594992278 -0.13018056629075508 0.5545107656344223
    outer loop
      vertex 12.64946174621582 -1.5979986190795898 43
      vertex 12.524162292480469 -2.3891115188598633 43
      vertex 14.633691787719727 -1.8486642837524414 40
    endloop
  endfacet
  facet normal -0.07831449460435669 0.8284833839618966 0.5545107054276852
    outer loop
      vertex -0.9261598587036133 14.720893859863281 40
      vertex -1.8486642837524414 14.633691787719727 40
      vertex -0.8005790710449219 12.72484016418457 43
    endloop
  endfacet
  facet normal -0.42361246010977066 -0.7162893500623 0.5545106406797581
    outer loop
      vertex -6.142358779907227 -11.1729097366333 43
      vertex -7.903444290161133 -12.453836441040039 40
      vertex -7.105866432189941 -12.925522804260254 40
    endloop
  endfacet
  facet normal -0.5884376913858069 0.5884376913858069 0.5545107453540318
    outer loop
      vertex -10.752286911010742 10.09706974029541 40
      vertex -8.727974891662598 9.294349670410156 43
      vertex -10.09706974029541 10.752286911010742 40
    endloop
  endfacet
  facet normal -0.5884376913858068 0.5884376913858068 0.5545107453540318
    outer loop
      vertex -8.727974891662598 9.294349670410156 43
      vertex -10.752286911010742 10.09706974029541 40
      vertex -9.294349670410156 8.727974891662598 43
    endloop
  endfacet
  facet normal -0.8284833110685796 -0.07831481113772032 0.554510769631489
    outer loop
      vertex -12.72484016418457 -0.8005790710449219 43
      vertex -14.633691787719727 -1.8486642837524414 40
      vertex -12.64946174621582 -1.5979986190795898 43
    endloop
  endfacet
  facet normal 0.7414747237249876 -0.37780045551642105 0.5545106400138217
    outer loop
      vertex 11.536544799804688 -5.428685188293457 43
      vertex 11.1729097366333 -6.142358779907227 43
      vertex 12.925522804260254 -7.105866432189941 40
    endloop
  endfacet
  facet normal 0.2818898118430738 0.7829789248609504 0.5545107187446122
    outer loop
      vertex 5.429836273193359 13.714202880859375 40
      vertex 3.9399662017822266 12.125969886779785 43
      vertex 4.693587303161621 11.854649543762207 43
    endloop
  endfacet
  facet normal 0.37780001319424544 0.7414750285022506 0.554510533838641
    outer loop
      vertex 6.280243873596191 13.346198081970215 40
      vertex 5.428685188293457 11.536544799804688 43
      vertex 7.105866432189941 12.925522804260254 40
    endloop
  endfacet
  facet normal 0.33049765389509245 0.7637338361784336 0.5545105303292382
    outer loop
      vertex 5.429836273193359 13.714202880859375 40
      vertex 5.428685188293457 11.536544799804688 43
      vertex 6.280243873596191 13.346198081970215 40
    endloop
  endfacet
  facet normal -0.37780045551642105 -0.7414747237249876 0.5545106400138217
    outer loop
      vertex -6.142358779907227 -11.1729097366333 43
      vertex -7.105866432189941 -12.925522804260254 40
      vertex -5.428685188293457 -11.536544799804688 43
    endloop
  endfacet
  facet normal -0.6575480784290015 0.5100475476862005 0.5545106163579022
    outer loop
      vertex -11.365069389343262 9.402003288269043 40
      vertex -11.933000564575195 8.669832229614258 40
      vertex -9.824043273925781 8.127155303955078 43
    endloop
  endfacet
  facet normal 0.42361246010977066 0.7162893500623 0.5545106406797581
    outer loop
      vertex 7.105866432189941 12.925522804260254 40
      vertex 6.142358779907227 11.1729097366333 43
      vertex 7.903444290161133 12.453836441040039 40
    endloop
  endfacet
  facet normal -0.6882772402526468 0.4677524003959262 0.5545107144808378
    outer loop
      vertex -10.314966201782227 7.494261741638184 43
      vertex -11.933000564575195 8.669832229614258 40
      vertex -10.765180587768555 6.831790924072266 43
    endloop
  endfacet
  facet normal -0.5100475476862005 -0.6575480784290015 0.5545106163579022
    outer loop
      vertex -8.127155303955078 -9.824043273925781 43
      vertex -9.402003288269043 -11.365069389343262 40
      vertex -8.669832229614258 -11.933000564575195 40
    endloop
  endfacet
  facet normal -0.7829789248609504 0.2818898118430738 0.5545107187446122
    outer loop
      vertex -11.854649543762207 4.693587303161621 43
      vertex -13.714202880859375 5.429836273193359 40
      vertex -12.125969886779785 3.9399662017822266 43
    endloop
  endfacet
  facet normal -0.8284833839618966 -0.07831449460435669 0.5545107054276852
    outer loop
      vertex -12.72484016418457 -0.8005790710449219 43
      vertex -14.720893859863281 -0.9261598587036133 40
      vertex -14.633691787719727 -1.8486642837524414 40
    endloop
  endfacet
  facet normal -0.5100475476862005 0.6575480784290015 0.5545106163579022
    outer loop
      vertex -8.669832229614258 11.933000564575195 40
      vertex -9.402003288269043 11.365069389343262 40
      vertex -8.127155303955078 9.824043273925781 43
    endloop
  endfacet
  facet normal -0.5503277719083741 0.6242253742515829 0.5545106181191086
    outer loop
      vertex -9.402003288269043 11.365069389343262 40
      vertex -10.09706974029541 10.752286911010742 40
      vertex -8.127155303955078 9.824043273925781 43
    endloop
  endfacet
  facet normal -0.7414747237249876 -0.37780045551642105 0.5545106400138217
    outer loop
      vertex -11.536544799804688 -5.428685188293457 43
      vertex -12.925522804260254 -7.105866432189941 40
      vertex -11.1729097366333 -6.142358779907227 43
    endloop
  endfacet
  facet normal -0.07831449460435669 -0.8284833839618966 0.5545107054276852
    outer loop
      vertex -0.8005790710449219 -12.72484016418457 43
      vertex -1.8486642837524414 -14.633691787719727 40
      vertex -0.9261598587036133 -14.720893859863281 40
    endloop
  endfacet
  facet normal -0.23217006768286577 0.7991338911255226 0.5545106705255678
    outer loop
      vertex -3.170795440673828 12.349434852600098 43
      vertex -4.558000564575195 14.028082847595215 40
      vertex -3.9399662017822266 12.125969886779785 43
    endloop
  endfacet
  facet normal -0.6575480784290015 -0.5100475476862005 0.5545106163579022
    outer loop
      vertex -9.824043273925781 -8.127155303955078 43
      vertex -11.933000564575195 -8.669832229614258 40
      vertex -11.365069389343262 -9.402003288269043 40
    endloop
  endfacet
  facet normal -0.6242253742515829 -0.5503277719083741 0.5545106181191086
    outer loop
      vertex -9.824043273925781 -8.127155303955078 43
      vertex -11.365069389343262 -9.402003288269043 40
      vertex -10.752286911010742 -10.09706974029541 40
    endloop
  endfacet
  facet normal 0.5100475476862005 -0.6575480784290015 0.5545106163579022
    outer loop
      vertex 9.402003288269043 -11.365069389343262 40
      vertex 8.127155303955078 -9.824043273925781 43
      vertex 8.669832229614258 -11.933000564575195 40
    endloop
  endfacet
  facet normal 0.7162893500623 -0.42361246010977066 0.5545106406797581
    outer loop
      vertex 12.925522804260254 -7.105866432189941 40
      vertex 11.1729097366333 -6.142358779907227 43
      vertex 12.453836441040039 -7.903444290161133 40
    endloop
  endfacet
  facet normal 0.7162893497717748 -0.42361246047938195 0.5545106407726833
    outer loop
      vertex 11.1729097366333 -6.142358779907227 43
      vertex 10.765180587768555 -6.831790924072266 43
      vertex 12.453836441040039 -7.903444290161133 40
    endloop
  endfacet
  facet normal 0.18153408261616807 -0.8121350243525652 0.5545106663253329
    outer loop
      vertex 3.170795440673828 -12.349434852600098 43
      vertex 2.3891115188598633 -12.524162292480469 43
      vertex 3.66817569732666 -14.286601066589355 40
    endloop
  endfacet
  facet normal 0.23217006768286577 -0.7991338911255226 0.5545106705255678
    outer loop
      vertex 3.9399662017822266 -12.125969886779785 43
      vertex 3.170795440673828 -12.349434852600098 43
      vertex 4.558000564575195 -14.028082847595215 40
    endloop
  endfacet
  facet normal 0.5503277719083741 -0.6242253742515829 0.5545106181191086
    outer loop
      vertex 10.09706974029541 -10.752286911010742 40
      vertex 8.127155303955078 -9.824043273925781 43
      vertex 9.402003288269043 -11.365069389343262 40
    endloop
  endfacet
  facet normal 0.5503281711461511 -0.6242249154932644 0.5545107383273653
    outer loop
      vertex 8.727974891662598 -9.294349670410156 43
      vertex 8.127155303955078 -9.824043273925781 43
      vertex 10.09706974029541 -10.752286911010742 40
    endloop
  endfacet
  facet normal -0.23217006768286577 -0.7991338911255226 0.5545106705255678
    outer loop
      vertex -3.9399662017822266 -12.125969886779785 43
      vertex -4.558000564575195 -14.028082847595215 40
      vertex -3.170795440673828 -12.349434852600098 43
    endloop
  endfacet
  facet normal -0.18153348356599422 0.8121352443846266 0.5545105401818056
    outer loop
      vertex -2.763874053955078 14.488736152648926 40
      vertex -3.66817569732666 14.286601066589355 40
      vertex -2.3891115188598633 12.524162292480469 43
    endloop
  endfacet
  facet normal -0.2818896136731885 -0.7829790274436235 0.5545106746372138
    outer loop
      vertex -3.9399662017822266 -12.125969886779785 43
      vertex -5.429836273193359 -13.714202880859375 40
      vertex -4.558000564575195 -14.028082847595215 40
    endloop
  endfacet
  facet normal -0.13018056629075508 -0.8219311594992278 0.5545107656344223
    outer loop
      vertex -1.5979986190795898 -12.64946174621582 43
      vertex -2.3891115188598633 -12.524162292480469 43
      vertex -1.8486642837524414 -14.633691787719727 40
    endloop
  endfacet
  facet normal -0.07831481113772032 -0.8284833110685796 0.554510769631489
    outer loop
      vertex -1.5979986190795898 -12.64946174621582 43
      vertex -1.8486642837524414 -14.633691787719727 40
      vertex -0.8005790710449219 -12.72484016418457 43
    endloop
  endfacet
  facet normal -0.4677524003959262 -0.6882772402526468 0.5545107144808378
    outer loop
      vertex -7.494261741638184 -10.314966201782227 43
      vertex -8.669832229614258 -11.933000564575195 40
      vertex -6.831790924072266 -10.765180587768555 43
    endloop
  endfacet
  facet normal -0.8121350243525652 -0.18153408261616807 0.5545106663253329
    outer loop
      vertex -12.524162292480469 -2.3891115188598633 43
      vertex -14.286601066589355 -3.66817569732666 40
      vertex -12.349434852600098 -3.170795440673828 43
    endloop
  endfacet
  facet normal -0.37780001319424544 -0.7414750285022506 0.554510533838641
    outer loop
      vertex -5.428685188293457 -11.536544799804688 43
      vertex -7.105866432189941 -12.925522804260254 40
      vertex -6.280243873596191 -13.346198081970215 40
    endloop
  endfacet
  facet normal -0.5884376913858068 -0.5884376913858068 0.5545107453540318
    outer loop
      vertex -10.752286911010742 -10.09706974029541 40
      vertex -8.727974891662598 -9.294349670410156 43
      vertex -9.294349670410156 -8.727974891662598 43
    endloop
  endfacet
  facet normal -0.5884376913858069 -0.5884376913858069 0.5545107453540318
    outer loop
      vertex -8.727974891662598 -9.294349670410156 43
      vertex -10.752286911010742 -10.09706974029541 40
      vertex -10.09706974029541 -10.752286911010742 40
    endloop
  endfacet
  facet normal 0.4677524003959262 -0.6882772402526468 0.5545107144808378
    outer loop
      vertex 7.494261741638184 -10.314966201782227 43
      vertex 6.831790924072266 -10.765180587768555 43
      vertex 8.669832229614258 -11.933000564575195 40
    endloop
  endfacet
  facet normal 0.6882774713243723 -0.46775214166866685 0.554510645913767
    outer loop
      vertex 12.453836441040039 -7.903444290161133 40
      vertex 10.765180587768555 -6.831790924072266 43
      vertex 11.933000564575195 -8.669832229614258 40
    endloop
  endfacet
  facet normal -0.33049765389509245 -0.7637338361784336 0.5545105303292382
    outer loop
      vertex -5.428685188293457 -11.536544799804688 43
      vertex -6.280243873596191 -13.346198081970215 40
      vertex -5.429836273193359 -13.714202880859375 40
    endloop
  endfacet
  facet normal 0.5100471325117683 -0.6575483203735889 0.5545107113396412
    outer loop
      vertex 8.127155303955078 -9.824043273925781 43
      vertex 7.494261741638184 -10.314966201782227 43
      vertex 8.669832229614258 -11.933000564575195 40
    endloop
  endfacet
  facet normal -0.7991339040183831 -0.23217003840707962 0.5545106642025858
    outer loop
      vertex -12.349434852600098 -3.170795440673828 43
      vertex -14.286601066589355 -3.66817569732666 40
      vertex -14.028082847595215 -4.558000564575195 40
    endloop
  endfacet
  facet normal 0.33049672089133003 -0.7637341007484855 0.5545107220189531
    outer loop
      vertex 5.428685188293457 -11.536544799804688 43
      vertex 4.693587303161621 -11.854649543762207 43
      vertex 5.429836273193359 -13.714202880859375 40
    endloop
  endfacet
  facet normal 0.8317658072947102 0.026140083138360595 -0.5545108996844865
    outer loop
      vertex 16 0 0
      vertex 15.968426704406738 1.004648208618164 0
      vertex 17.964481353759766 1.1302289962768555 3
    endloop
  endfacet
  facet normal 0.8121347808216671 -0.18153407772232708 -0.5545110246020782
    outer loop
      vertex 17.434497833251953 -4.476417541503906 3
      vertex 15.497329711914062 -3.979037284851074 0
      vertex 15.716595649719238 -2.9981002807617188 0
    endloop
  endfacet
  facet normal 0.377800085934459 0.7414748708453535 -0.5545106950932343
    outer loop
      vertex 7.7080583572387695 14.020906448364258 0
      vertex 6.812468528747559 14.477231979370117 0
      vertex 7.664027214050293 16.28688621520996 3
    endloop
  endfacet
  facet normal -0.02613912952527928 0.831765994883035 -0.5545106632553567
    outer loop
      vertex 0 16 0
      vertex -1.1302289962768555 17.964481353759766 3
      vertex 0 18 3
    endloop
  endfacet
  facet normal -0.8121347808216671 -0.18153407772232708 -0.5545110246020782
    outer loop
      vertex -15.497329711914062 -3.979037284851074 0
      vertex -17.434497833251953 -4.476417541503906 3
      vertex -15.716595649719238 -2.9981002807617188 0
    endloop
  endfacet
  facet normal -0.18153358533545186 0.8121349790469071 -0.5545108954779302
    outer loop
      vertex -2.9981002807617188 15.716595649719238 0
      vertex -4.476417541503906 17.434497833251953 3
      vertex -3.3728628158569336 17.681171417236328 3
    endloop
  endfacet
  facet normal -0.8284832622699511 -0.07831449142352141 -0.5545108876943851
    outer loop
      vertex -15.873834609985352 -2.005331039428711 0
      vertex -17.964481353759766 -1.1302289962768555 3
      vertex -15.968426704406738 -1.004648208618164 0
    endloop
  endfacet
  facet normal 0.7829792311084873 -0.28188903034712554 -0.5545106835965556
    outer loop
      vertex 16.735977172851562 -6.626241683959961 3
      vertex 15.216903686523438 -4.944271087646484 0
      vertex 17.119016647338867 -5.562305450439453 3
    endloop
  endfacet
  facet normal 0.33049783322078446 -0.7637336339255775 -0.5545107020132238
    outer loop
      vertex 7.664027214050293 -16.28688621520996 3
      vertex 6.626241683959961 -16.735977172851562 3
      vertex 6.812468528747559 -14.477231979370117 0
    endloop
  endfacet
  facet normal -0.13018088578337508 -0.8219310213988535 -0.5545108953292922
    outer loop
      vertex -2.005331039428711 -15.873834609985352 0
      vertex -3.3728628158569336 -17.681171417236328 3
      vertex -2.9981002807617188 -15.716595649719238 0
    endloop
  endfacet
  facet normal -0.7162890750043365 0.4236127948932222 -0.5545107402315891
    outer loop
      vertex -14.020906448364258 7.7080583572387695 0
      vertex -15.197901725769043 9.644882202148438 3
      vertex -13.509245872497559 8.573227882385254 0
    endloop
  endfacet
  facet normal 0.33049711027129874 -0.7637338151327183 -0.5545108833243438
    outer loop
      vertex 6.626241683959961 -16.735977172851562 3
      vertex 5.889992713928223 -14.876422882080078 0
      vertex 6.812468528747559 -14.477231979370117 0
    endloop
  endfacet
  facet normal 0.5100468378093231 -0.657548544441073 -0.554510716708105
    outer loop
      vertex 10.580134391784668 -14.562305450439453 3
      vertex 9.404563903808594 -12.944271087646484 0
      vertex 10.198782920837402 -12.328211784362793 0
    endloop
  endfacet
  facet normal -0.026140083138360595 0.8317658072947102 -0.5545108996844865
    outer loop
      vertex -1.004648208618164 15.968426704406738 0
      vertex -1.1302289962768555 17.964481353759766 3
      vertex 0 16 0
    endloop
  endfacet
  facet normal 0.28188903034712554 -0.7829792311084873 -0.5545106835965556
    outer loop
      vertex 5.562305450439453 -17.119016647338867 3
      vertex 4.944271087646484 -15.216903686523438 0
      vertex 6.626241683959961 -16.735977172851562 3
    endloop
  endfacet
  facet normal -0.07831449142352141 0.8284832622699511 -0.5545108876943851
    outer loop
      vertex -1.004648208618164 15.968426704406738 0
      vertex -2.005331039428711 15.873834609985352 0
      vertex -1.1302289962768555 17.964481353759766 3
    endloop
  endfacet
  facet normal 0.23216956619671042 -0.7991337928113122 -0.5545110221799365
    outer loop
      vertex 4.476417541503906 -17.434497833251953 3
      vertex 3.979037284851074 -15.497329711914062 0
      vertex 4.944271087646484 -15.216903686523438 0
    endloop
  endfacet
  facet normal -0.7829788157878567 0.28188977565174045 -0.5545108911558521
    outer loop
      vertex -15.216903686523438 4.944271087646484 0
      vertex -16.735977172851562 6.626241683959961 3
      vertex -14.876422882080078 5.889992713928223 0
    endloop
  endfacet
  facet normal -0.18153407772232708 -0.8121347808216671 -0.5545110246020782
    outer loop
      vertex -2.9981002807617188 -15.716595649719238 0
      vertex -4.476417541503906 -17.434497833251953 3
      vertex -3.979037284851074 -15.497329711914062 0
    endloop
  endfacet
  facet normal -0.8219310213988535 0.13018088578337508 -0.5545108953292922
    outer loop
      vertex -15.873834609985352 2.005331039428711 0
      vertex -17.681171417236328 3.3728628158569336 3
      vertex -15.716595649719238 2.9981002807617188 0
    endloop
  endfacet
  facet normal 0.026140083138360595 0.8317658072947102 -0.5545108996844865
    outer loop
      vertex 1.004648208618164 15.968426704406738 0
      vertex 0 16 0
      vertex 1.1302289962768555 17.964481353759766 3
    endloop
  endfacet
  facet normal -0.3778003109281791 0.7414747991649953 -0.5545106376489103
    outer loop
      vertex -7.7080583572387695 14.020906448364258 0
      vertex -8.671566009521484 15.773519515991211 3
      vertex -7.664027214050293 16.28688621520996 3
    endloop
  endfacet
  facet normal 0.13017916171569086 -0.8219315925371269 -0.5545104535032523
    outer loop
      vertex 2.255997657775879 -17.858062744140625 3
      vertex 2.005331039428711 -15.873834609985352 0
      vertex 3.3728628158569336 -17.681171417236328 3
    endloop
  endfacet
  facet normal 0.07831449142352141 0.8284832622699511 -0.5545108876943851
    outer loop
      vertex 2.005331039428711 15.873834609985352 0
      vertex 1.004648208618164 15.968426704406738 0
      vertex 1.1302289962768555 17.964481353759766 3
    endloop
  endfacet
  facet normal -0.8219310213988535 -0.13018088578337508 -0.5545108953292922
    outer loop
      vertex -15.716595649719238 -2.9981002807617188 0
      vertex -17.681171417236328 -3.3728628158569336 3
      vertex -15.873834609985352 -2.005331039428711 0
    endloop
  endfacet
  facet normal -0.7991337928113122 0.23216956619671042 -0.5545110221799365
    outer loop
      vertex -15.497329711914062 3.979037284851074 0
      vertex -17.434497833251953 4.476417541503906 3
      vertex -15.216903686523438 4.944271087646484 0
    endloop
  endfacet
  facet normal 0.8284833873272534 -0.07831631238919394 -0.5545104436676721
    outer loop
      vertex 17.858062744140625 -2.255997657775879 3
      vertex 15.873834609985352 -2.005331039428711 0
      vertex 17.964481353759766 -1.1302289962768555 3
    endloop
  endfacet
  facet normal 0.588437752422326 0.588437752422326 -0.5545106158121074
    outer loop
      vertex 13.121435165405273 12.321846961975098 3
      vertex 10.952753067016602 11.663497924804688 0
      vertex 12.321846961975098 13.121435165405273 3
    endloop
  endfacet
  facet normal 0.588437752422326 0.588437752422326 -0.5545106158121075
    outer loop
      vertex 10.952753067016602 11.663497924804688 0
      vertex 13.121435165405273 12.321846961975098 3
      vertex 11.663497924804688 10.952753067016602 0
    endloop
  endfacet
  facet normal -0.18153358533545186 -0.8121349790469071 -0.5545108954779302
    outer loop
      vertex -3.3728628158569336 -17.681171417236328 3
      vertex -4.476417541503906 -17.434497833251953 3
      vertex -2.9981002807617188 -15.716595649719238 0
    endloop
  endfacet
  facet normal 0.18153407772232708 -0.8121347808216671 -0.5545110246020782
    outer loop
      vertex 4.476417541503906 -17.434497833251953 3
      vertex 2.9981002807617188 -15.716595649719238 0
      vertex 3.979037284851074 -15.497329711914062 0
    endloop
  endfacet
  facet normal 0.33049783322078446 0.7637336339255775 -0.5545107020132238
    outer loop
      vertex 6.812468528747559 14.477231979370117 0
      vertex 6.626241683959961 16.735977172851562 3
      vertex 7.664027214050293 16.28688621520996 3
    endloop
  endfacet
  facet normal 0.8121349790469071 -0.18153358533545186 -0.5545108954779302
    outer loop
      vertex 17.434497833251953 -4.476417541503906 3
      vertex 15.716595649719238 -2.9981002807617188 0
      vertex 17.681171417236328 -3.3728628158569336 3
    endloop
  endfacet
  facet normal 0.7637338151327183 -0.33049711027129874 -0.5545108833243438
    outer loop
      vertex 16.735977172851562 -6.626241683959961 3
      vertex 14.477231979370117 -6.812468528747559 0
      vertex 14.876422882080078 -5.889992713928223 0
    endloop
  endfacet
  facet normal -0.33049783322078446 0.7637336339255775 -0.5545107020132238
    outer loop
      vertex -6.812468528747559 14.477231979370117 0
      vertex -7.664027214050293 16.28688621520996 3
      vertex -6.626241683959961 16.735977172851562 3
    endloop
  endfacet
  facet normal 0.831765994883035 -0.02613912952527928 -0.5545106632553567
    outer loop
      vertex 17.964481353759766 -1.1302289962768555 3
      vertex 16 0 0
      vertex 18 0 3
    endloop
  endfacet
  facet normal 0.377800085934459 -0.7414748708453535 -0.5545106950932343
    outer loop
      vertex 7.664027214050293 -16.28688621520996 3
      vertex 6.812468528747559 -14.477231979370117 0
      vertex 7.7080583572387695 -14.020906448364258 0
    endloop
  endfacet
  facet normal 0.13018088578337508 0.8219310213988535 -0.5545108953292922
    outer loop
      vertex 2.9981002807617188 15.716595649719238 0
      vertex 2.005331039428711 15.873834609985352 0
      vertex 3.3728628158569336 17.681171417236328 3
    endloop
  endfacet
  facet normal -0.33049711027129874 -0.7637338151327183 -0.5545108833243438
    outer loop
      vertex -6.626241683959961 -16.735977172851562 3
      vertex -6.812468528747559 -14.477231979370117 0
      vertex -5.889992713928223 -14.876422882080078 0
    endloop
  endfacet
  facet normal -0.5100468378093231 0.657548544441073 -0.554510716708105
    outer loop
      vertex -10.198782920837402 12.328211784362793 0
      vertex -10.580134391784668 14.562305450439453 3
      vertex -9.404563903808594 12.944271087646484 0
    endloop
  endfacet
  facet normal -0.6242250335176855 0.5503281660074225 -0.554510610564623
    outer loop
      vertex -12.328211784362793 10.198782920837402 0
      vertex -13.869237899780273 11.473630905151367 3
      vertex -13.121435165405273 12.321846961975098 3
    endloop
  endfacet
  facet normal 0.13018088578337508 -0.8219310213988535 -0.5545108953292922
    outer loop
      vertex 3.3728628158569336 -17.681171417236328 3
      vertex 2.005331039428711 -15.873834609985352 0
      vertex 2.9981002807617188 -15.716595649719238 0
    endloop
  endfacet
  facet normal -0.7162893385407534 -0.42361248002842394 -0.5545106403460787
    outer loop
      vertex -15.197901725769043 -9.644882202148438 3
      vertex -15.773519515991211 -8.671566009521484 3
      vertex -14.020906448364258 -7.7080583572387695 0
    endloop
  endfacet
  facet normal -0.7414748708453535 -0.377800085934459 -0.5545106950932343
    outer loop
      vertex -14.020906448364258 -7.7080583572387695 0
      vertex -16.28688621520996 -7.664027214050293 3
      vertex -14.477231979370117 -6.812468528747559 0
    endloop
  endfacet
  facet normal -0.23216956619671042 0.7991337928113122 -0.5545110221799365
    outer loop
      vertex -3.979037284851074 15.497329711914062 0
      vertex -4.944271087646484 15.216903686523438 0
      vertex -4.476417541503906 17.434497833251953 3
    endloop
  endfacet
  facet normal 0.8219310213988535 -0.13018088578337508 -0.5545108953292922
    outer loop
      vertex 17.681171417236328 -3.3728628158569336 3
      vertex 15.716595649719238 -2.9981002807617188 0
      vertex 15.873834609985352 -2.005331039428711 0
    endloop
  endfacet
  facet normal -0.28188977565174045 -0.7829788157878567 -0.5545108911558521
    outer loop
      vertex -4.944271087646484 -15.216903686523438 0
      vertex -6.626241683959961 -16.735977172851562 3
      vertex -5.889992713928223 -14.876422882080078 0
    endloop
  endfacet
  facet normal -0.7637338151327183 -0.33049711027129874 -0.5545108833243438
    outer loop
      vertex -14.477231979370117 -6.812468528747559 0
      vertex -16.735977172851562 -6.626241683959961 3
      vertex -14.876422882080078 -5.889992713928223 0
    endloop
  endfacet
  facet normal 0.7414747991649953 -0.3778003109281791 -0.5545106376489103
    outer loop
      vertex 15.773519515991211 -8.671566009521484 3
      vertex 14.020906448364258 -7.7080583572387695 0
      vertex 16.28688621520996 -7.664027214050293 3
    endloop
  endfacet
  facet normal -0.23217094701058733 0.7991336264165314 -0.5545106838416829
    outer loop
      vertex -4.944271087646484 15.216903686523438 0
      vertex -5.562305450439453 17.119016647338867 3
      vertex -4.476417541503906 17.434497833251953 3
    endloop
  endfacet
  facet normal -0.4677522785349651 -0.688277297811551 -0.5545107458314745
    outer loop
      vertex -8.573227882385254 -13.509245872497559 0
      vertex -9.644882202148438 -15.197901725769043 3
      vertex -9.404563903808594 -12.944271087646484 0
    endloop
  endfacet
  facet normal 0.831765994883035 0.02613912952527928 -0.5545106632553567
    outer loop
      vertex 18 0 3
      vertex 16 0 0
      vertex 17.964481353759766 1.1302289962768555 3
    endloop
  endfacet
  facet normal -0.831765994883035 0.02613912952527928 -0.5545106632553567
    outer loop
      vertex -16 0 0
      vertex -18 0 3
      vertex -17.964481353759766 1.1302289962768555 3
    endloop
  endfacet
  facet normal -0.8284833873272534 0.07831631238919394 -0.5545104436676721
    outer loop
      vertex -15.873834609985352 2.005331039428711 0
      vertex -17.964481353759766 1.1302289962768555 3
      vertex -17.858062744140625 2.255997657775879 3
    endloop
  endfacet
  facet normal 0.8284832622699511 -0.07831449142352141 -0.5545108876943851
    outer loop
      vertex 17.964481353759766 -1.1302289962768555 3
      vertex 15.873834609985352 -2.005331039428711 0
      vertex 15.968426704406738 -1.004648208618164 0
    endloop
  endfacet
  facet normal 0.23217094701058733 0.7991336264165314 -0.5545106838416829
    outer loop
      vertex 4.944271087646484 15.216903686523438 0
      vertex 4.476417541503906 17.434497833251953 3
      vertex 5.562305450439453 17.119016647338867 3
    endloop
  endfacet
  facet normal -0.588437752422326 0.588437752422326 -0.5545106158121074
    outer loop
      vertex -10.952753067016602 11.663497924804688 0
      vertex -13.121435165405273 12.321846961975098 3
      vertex -12.321846961975098 13.121435165405273 3
    endloop
  endfacet
  facet normal -0.588437752422326 0.588437752422326 -0.5545106158121075
    outer loop
      vertex -13.121435165405273 12.321846961975098 3
      vertex -10.952753067016602 11.663497924804688 0
      vertex -11.663497924804688 10.952753067016602 0
    endloop
  endfacet
  facet normal -0.3778003109281791 -0.7414747991649953 -0.5545106376489103
    outer loop
      vertex -7.664027214050293 -16.28688621520996 3
      vertex -8.671566009521484 -15.773519515991211 3
      vertex -7.7080583572387695 -14.020906448364258 0
    endloop
  endfacet
  facet normal 0.07831631238919394 -0.8284833873272534 -0.5545104436676721
    outer loop
      vertex 2.255997657775879 -17.858062744140625 3
      vertex 1.1302289962768555 -17.964481353759766 3
      vertex 2.005331039428711 -15.873834609985352 0
    endloop
  endfacet
  facet normal -0.28188903034712554 -0.7829792311084873 -0.5545106835965556
    outer loop
      vertex -5.562305450439453 -17.119016647338867 3
      vertex -6.626241683959961 -16.735977172851562 3
      vertex -4.944271087646484 -15.216903686523438 0
    endloop
  endfacet
  facet normal 0.23216956619671042 0.7991337928113122 -0.5545110221799365
    outer loop
      vertex 4.944271087646484 15.216903686523438 0
      vertex 3.979037284851074 15.497329711914062 0
      vertex 4.476417541503906 17.434497833251953 3
    endloop
  endfacet
  facet normal 0.42361248002842394 -0.7162893385407534 -0.5545106403460787
    outer loop
      vertex 8.671566009521484 -15.773519515991211 3
      vertex 7.7080583572387695 -14.020906448364258 0
      vertex 9.644882202148438 -15.197901725769043 3
    endloop
  endfacet
  facet normal -0.28188903034712554 0.7829792311084873 -0.5545106835965556
    outer loop
      vertex -4.944271087646484 15.216903686523438 0
      vertex -6.626241683959961 16.735977172851562 3
      vertex -5.562305450439453 17.119016647338867 3
    endloop
  endfacet
  facet normal -0.7637338151327183 0.33049711027129874 -0.5545108833243438
    outer loop
      vertex -14.876422882080078 5.889992713928223 0
      vertex -16.735977172851562 6.626241683959961 3
      vertex -14.477231979370117 6.812468528747559 0
    endloop
  endfacet
  facet normal -0.23217094701058733 -0.7991336264165314 -0.5545106838416829
    outer loop
      vertex -4.476417541503906 -17.434497833251953 3
      vertex -5.562305450439453 -17.119016647338867 3
      vertex -4.944271087646484 -15.216903686523438 0
    endloop
  endfacet
  facet normal -0.6575483359953477 0.5100472221778901 -0.5545106103388531
    outer loop
      vertex -12.328211784362793 10.198782920837402 0
      vertex -14.562305450439453 10.580134391784668 3
      vertex -13.869237899780273 11.473630905151367 3
    endloop
  endfacet
  facet normal 0.3778003109281791 -0.7414747991649953 -0.5545106376489103
    outer loop
      vertex 8.671566009521484 -15.773519515991211 3
      vertex 7.664027214050293 -16.28688621520996 3
      vertex 7.7080583572387695 -14.020906448364258 0
    endloop
  endfacet
  facet normal -0.13018088578337508 0.8219310213988535 -0.5545108953292922
    outer loop
      vertex -2.9981002807617188 15.716595649719238 0
      vertex -3.3728628158569336 17.681171417236328 3
      vertex -2.005331039428711 15.873834609985352 0
    endloop
  endfacet
  facet normal -0.5503281809993413 -0.6242250151823941 -0.5545106163262303
    outer loop
      vertex -10.198782920837402 -12.328211784362793 0
      vertex -12.321846961975098 -13.121435165405273 3
      vertex -10.952753067016602 -11.663497924804688 0
    endloop
  endfacet
  facet normal -0.23216956619671042 -0.7991337928113122 -0.5545110221799365
    outer loop
      vertex -4.476417541503906 -17.434497833251953 3
      vertex -4.944271087646484 -15.216903686523438 0
      vertex -3.979037284851074 -15.497329711914062 0
    endloop
  endfacet
  facet normal 0.7162893385407534 -0.42361248002842394 -0.5545106403460787
    outer loop
      vertex 15.197901725769043 -9.644882202148438 3
      vertex 14.020906448364258 -7.7080583572387695 0
      vertex 15.773519515991211 -8.671566009521484 3
    endloop
  endfacet
  facet normal 0.5503281809993413 -0.6242250151823941 -0.5545106163262303
    outer loop
      vertex 12.321846961975098 -13.121435165405273 3
      vertex 10.198782920837402 -12.328211784362793 0
      vertex 10.952753067016602 -11.663497924804688 0
    endloop
  endfacet
  facet normal -0.28188977565174045 0.7829788157878567 -0.5545108911558521
    outer loop
      vertex -5.889992713928223 14.876422882080078 0
      vertex -6.626241683959961 16.735977172851562 3
      vertex -4.944271087646484 15.216903686523438 0
    endloop
  endfacet
  facet normal 0.8284833873272534 0.07831631238919394 -0.5545104436676721
    outer loop
      vertex 17.964481353759766 1.1302289962768555 3
      vertex 15.873834609985352 2.005331039428711 0
      vertex 17.858062744140625 2.255997657775879 3
    endloop
  endfacet
  facet normal 0.5100468378093231 0.657548544441073 -0.554510716708105
    outer loop
      vertex 10.198782920837402 12.328211784362793 0
      vertex 9.404563903808594 12.944271087646484 0
      vertex 10.580134391784668 14.562305450439453 3
    endloop
  endfacet
  facet normal 0.7414748708453535 0.377800085934459 -0.5545106950932343
    outer loop
      vertex 14.477231979370117 6.812468528747559 0
      vertex 14.020906448364258 7.7080583572387695 0
      vertex 16.28688621520996 7.664027214050293 3
    endloop
  endfacet
  facet normal 0.18153358533545186 0.8121349790469071 -0.5545108954779302
    outer loop
      vertex 4.476417541503906 17.434497833251953 3
      vertex 2.9981002807617188 15.716595649719238 0
      vertex 3.3728628158569336 17.681171417236328 3
    endloop
  endfacet
  facet normal 0.5100472221778901 0.6575483359953477 -0.5545106103388531
    outer loop
      vertex 11.473630905151367 13.869237899780273 3
      vertex 10.198782920837402 12.328211784362793 0
      vertex 10.580134391784668 14.562305450439453 3
    endloop
  endfacet
  facet normal -0.8121349790469071 0.18153358533545186 -0.5545108954779302
    outer loop
      vertex -15.716595649719238 2.9981002807617188 0
      vertex -17.681171417236328 3.3728628158569336 3
      vertex -17.434497833251953 4.476417541503906 3
    endloop
  endfacet
  facet normal -0.8317658072947102 -0.026140083138360595 -0.5545108996844865
    outer loop
      vertex -15.968426704406738 -1.004648208618164 0
      vertex -17.964481353759766 -1.1302289962768555 3
      vertex -16 0 0
    endloop
  endfacet
  facet normal -0.7829792311084873 0.28188903034712554 -0.5545106835965556
    outer loop
      vertex -15.216903686523438 4.944271087646484 0
      vertex -17.119016647338867 5.562305450439453 3
      vertex -16.735977172851562 6.626241683959961 3
    endloop
  endfacet
  facet normal -0.8121349790469071 -0.18153358533545186 -0.5545108954779302
    outer loop
      vertex -17.434497833251953 -4.476417541503906 3
      vertex -17.681171417236328 -3.3728628158569336 3
      vertex -15.716595649719238 -2.9981002807617188 0
    endloop
  endfacet
  facet normal 0.6575483359953477 -0.5100472221778901 -0.5545106103388531
    outer loop
      vertex 13.869237899780273 -11.473630905151367 3
      vertex 12.328211784362793 -10.198782920837402 0
      vertex 14.562305450439453 -10.580134391784668 3
    endloop
  endfacet
  facet normal 0.7991337928113122 -0.23216956619671042 -0.5545110221799365
    outer loop
      vertex 17.434497833251953 -4.476417541503906 3
      vertex 15.216903686523438 -4.944271087646484 0
      vertex 15.497329711914062 -3.979037284851074 0
    endloop
  endfacet
  facet normal 0.8284832622699511 0.07831449142352141 -0.5545108876943851
    outer loop
      vertex 15.968426704406738 1.004648208618164 0
      vertex 15.873834609985352 2.005331039428711 0
      vertex 17.964481353759766 1.1302289962768555 3
    endloop
  endfacet
  facet normal 0.4677522785349651 0.688277297811551 -0.5545107458314745
    outer loop
      vertex 9.404563903808594 12.944271087646484 0
      vertex 8.573227882385254 13.509245872497559 0
      vertex 9.644882202148438 15.197901725769043 3
    endloop
  endfacet
  facet normal 0.07831631238919394 0.8284833873272534 -0.5545104436676721
    outer loop
      vertex 2.005331039428711 15.873834609985352 0
      vertex 1.1302289962768555 17.964481353759766 3
      vertex 2.255997657775879 17.858062744140625 3
    endloop
  endfacet
  facet normal 0.7162890750043365 0.4236127948932222 -0.5545107402315891
    outer loop
      vertex 14.020906448364258 7.7080583572387695 0
      vertex 13.509245872497559 8.573227882385254 0
      vertex 15.197901725769043 9.644882202148438 3
    endloop
  endfacet
  facet normal -0.5503281660074225 -0.6242250335176855 -0.554510610564623
    outer loop
      vertex -11.473630905151367 -13.869237899780273 3
      vertex -12.321846961975098 -13.121435165405273 3
      vertex -10.198782920837402 -12.328211784362793 0
    endloop
  endfacet
  facet normal -0.831765994883035 -0.02613912952527928 -0.5545106632553567
    outer loop
      vertex -17.964481353759766 -1.1302289962768555 3
      vertex -18 0 3
      vertex -16 0 0
    endloop
  endfacet
  facet normal -0.5503281660074225 0.6242250335176855 -0.554510610564623
    outer loop
      vertex -10.198782920837402 12.328211784362793 0
      vertex -12.321846961975098 13.121435165405273 3
      vertex -11.473630905151367 13.869237899780273 3
    endloop
  endfacet
  facet normal 0.7991336264165314 0.23217094701058733 -0.5545106838416829
    outer loop
      vertex 17.434497833251953 4.476417541503906 3
      vertex 15.216903686523438 4.944271087646484 0
      vertex 17.119016647338867 5.562305450439453 3
    endloop
  endfacet
  facet normal 0.07831449142352141 -0.8284832622699511 -0.5545108876943851
    outer loop
      vertex 1.1302289962768555 -17.964481353759766 3
      vertex 1.004648208618164 -15.968426704406738 0
      vertex 2.005331039428711 -15.873834609985352 0
    endloop
  endfacet
  facet normal 0.657548544441073 -0.5100468378093231 -0.554510716708105
    outer loop
      vertex 14.562305450439453 -10.580134391784668 3
      vertex 12.328211784362793 -10.198782920837402 0
      vertex 12.944271087646484 -9.404563903808594 0
    endloop
  endfacet
  facet normal -0.6882772434686489 -0.46775239576070343 -0.5545107143990281
    outer loop
      vertex -14.562305450439453 -10.580134391784668 3
      vertex -15.197901725769043 -9.644882202148438 3
      vertex -12.944271087646484 -9.404563903808594 0
    endloop
  endfacet
  facet normal 0.02613912952527928 -0.831765994883035 -0.5545106632553567
    outer loop
      vertex 1.1302289962768555 -17.964481353759766 3
      vertex 0 -18 3
      vertex 0 -16 0
    endloop
  endfacet
  facet normal -0.13017916171569086 -0.8219315925371269 -0.5545104535032523
    outer loop
      vertex -2.255997657775879 -17.858062744140625 3
      vertex -3.3728628158569336 -17.681171417236328 3
      vertex -2.005331039428711 -15.873834609985352 0
    endloop
  endfacet
  facet normal 0.6575483359953477 0.5100472221778901 -0.5545106103388531
    outer loop
      vertex 14.562305450439453 10.580134391784668 3
      vertex 12.328211784362793 10.198782920837402 0
      vertex 13.869237899780273 11.473630905151367 3
    endloop
  endfacet
  facet normal 0.8219315925371269 -0.13017916171569086 -0.5545104535032523
    outer loop
      vertex 17.681171417236328 -3.3728628158569336 3
      vertex 15.873834609985352 -2.005331039428711 0
      vertex 17.858062744140625 -2.255997657775879 3
    endloop
  endfacet
  facet normal 0.7829788157878567 0.28188977565174045 -0.5545108911558521
    outer loop
      vertex 15.216903686523438 4.944271087646484 0
      vertex 14.876422882080078 5.889992713928223 0
      vertex 16.735977172851562 6.626241683959961 3
    endloop
  endfacet
  facet normal -0.7829788157878567 -0.28188977565174045 -0.5545108911558521
    outer loop
      vertex -14.876422882080078 -5.889992713928223 0
      vertex -16.735977172851562 -6.626241683959961 3
      vertex -15.216903686523438 -4.944271087646484 0
    endloop
  endfacet
  facet normal 0.8317658072947102 -0.026140083138360595 -0.5545108996844865
    outer loop
      vertex 17.964481353759766 -1.1302289962768555 3
      vertex 15.968426704406738 -1.004648208618164 0
      vertex 16 0 0
    endloop
  endfacet
  facet normal 0.18153358533545186 -0.8121349790469071 -0.5545108954779302
    outer loop
      vertex 3.3728628158569336 -17.681171417236328 3
      vertex 2.9981002807617188 -15.716595649719238 0
      vertex 4.476417541503906 -17.434497833251953 3
    endloop
  endfacet
  facet normal 0.4236127948932222 0.7162890750043365 -0.5545107402315891
    outer loop
      vertex 8.573227882385254 13.509245872497559 0
      vertex 7.7080583572387695 14.020906448364258 0
      vertex 9.644882202148438 15.197901725769043 3
    endloop
  endfacet
  facet normal 0.7829788157878567 -0.28188977565174045 -0.5545108911558521
    outer loop
      vertex 16.735977172851562 -6.626241683959961 3
      vertex 14.876422882080078 -5.889992713928223 0
      vertex 15.216903686523438 -4.944271087646484 0
    endloop
  endfacet
  facet normal -0.6242250335176855 -0.5503281660074225 -0.554510610564623
    outer loop
      vertex -13.121435165405273 -12.321846961975098 3
      vertex -13.869237899780273 -11.473630905151367 3
      vertex -12.328211784362793 -10.198782920837402 0
    endloop
  endfacet
  facet normal -0.6575483359953477 -0.5100472221778901 -0.5545106103388531
    outer loop
      vertex -13.869237899780273 -11.473630905151367 3
      vertex -14.562305450439453 -10.580134391784668 3
      vertex -12.328211784362793 -10.198782920837402 0
    endloop
  endfacet
  facet normal 0.7414747991649953 0.3778003109281791 -0.5545106376489103
    outer loop
      vertex 16.28688621520996 7.664027214050293 3
      vertex 14.020906448364258 7.7080583572387695 0
      vertex 15.773519515991211 8.671566009521484 3
    endloop
  endfacet
  facet normal 0.28188977565174045 -0.7829788157878567 -0.5545108911558521
    outer loop
      vertex 6.626241683959961 -16.735977172851562 3
      vertex 4.944271087646484 -15.216903686523438 0
      vertex 5.889992713928223 -14.876422882080078 0
    endloop
  endfacet
  facet normal 0.6242250335176855 -0.5503281660074225 -0.554510610564623
    outer loop
      vertex 13.121435165405273 -12.321846961975098 3
      vertex 12.328211784362793 -10.198782920837402 0
      vertex 13.869237899780273 -11.473630905151367 3
    endloop
  endfacet
  facet normal 0.23217094701058733 -0.7991336264165314 -0.5545106838416829
    outer loop
      vertex 5.562305450439453 -17.119016647338867 3
      vertex 4.476417541503906 -17.434497833251953 3
      vertex 4.944271087646484 -15.216903686523438 0
    endloop
  endfacet
  facet normal 0.026140083138360595 -0.8317658072947102 -0.5545108996844865
    outer loop
      vertex 1.1302289962768555 -17.964481353759766 3
      vertex 0 -16 0
      vertex 1.004648208618164 -15.968426704406738 0
    endloop
  endfacet
  facet normal 0.3778003109281791 0.7414747991649953 -0.5545106376489103
    outer loop
      vertex 7.7080583572387695 14.020906448364258 0
      vertex 7.664027214050293 16.28688621520996 3
      vertex 8.671566009521484 15.773519515991211 3
    endloop
  endfacet
  facet normal -0.657548544441073 -0.5100468378093231 -0.554510716708105
    outer loop
      vertex -12.328211784362793 -10.198782920837402 0
      vertex -14.562305450439453 -10.580134391784668 3
      vertex -12.944271087646484 -9.404563903808594 0
    endloop
  endfacet
  facet normal -0.5100472221778901 -0.6575483359953477 -0.5545106103388531
    outer loop
      vertex -10.580134391784668 -14.562305450439453 3
      vertex -11.473630905151367 -13.869237899780273 3
      vertex -10.198782920837402 -12.328211784362793 0
    endloop
  endfacet
  facet normal -0.7991336264165314 0.23217094701058733 -0.5545106838416829
    outer loop
      vertex -15.216903686523438 4.944271087646484 0
      vertex -17.434497833251953 4.476417541503906 3
      vertex -17.119016647338867 5.562305450439453 3
    endloop
  endfacet
  facet normal -0.46775239576070343 -0.6882772434686489 -0.5545107143990281
    outer loop
      vertex -9.644882202148438 -15.197901725769043 3
      vertex -10.580134391784668 -14.562305450439453 3
      vertex -9.404563903808594 -12.944271087646484 0
    endloop
  endfacet
  facet normal 0.7162890750043365 -0.4236127948932222 -0.5545107402315891
    outer loop
      vertex 15.197901725769043 -9.644882202148438 3
      vertex 13.509245872497559 -8.573227882385254 0
      vertex 14.020906448364258 -7.7080583572387695 0
    endloop
  endfacet
  facet normal 0.6882772434686489 0.46775239576070343 -0.5545107143990281
    outer loop
      vertex 15.197901725769043 9.644882202148438 3
      vertex 12.944271087646484 9.404563903808594 0
      vertex 14.562305450439453 10.580134391784668 3
    endloop
  endfacet
  facet normal 0.02613912952527928 0.831765994883035 -0.5545106632553567
    outer loop
      vertex 1.1302289962768555 17.964481353759766 3
      vertex 0 16 0
      vertex 0 18 3
    endloop
  endfacet
  facet normal 0.42361248002842394 0.7162893385407534 -0.5545106403460787
    outer loop
      vertex 9.644882202148438 15.197901725769043 3
      vertex 7.7080583572387695 14.020906448364258 0
      vertex 8.671566009521484 15.773519515991211 3
    endloop
  endfacet
  facet normal 0.28188977565174045 0.7829788157878567 -0.5545108911558521
    outer loop
      vertex 5.889992713928223 14.876422882080078 0
      vertex 4.944271087646484 15.216903686523438 0
      vertex 6.626241683959961 16.735977172851562 3
    endloop
  endfacet
  facet normal -0.8284833873272534 -0.07831631238919394 -0.5545104436676721
    outer loop
      vertex -17.858062744140625 -2.255997657775879 3
      vertex -17.964481353759766 -1.1302289962768555 3
      vertex -15.873834609985352 -2.005331039428711 0
    endloop
  endfacet
  facet normal 0.7991336264165314 -0.23217094701058733 -0.5545106838416829
    outer loop
      vertex 17.119016647338867 -5.562305450439453 3
      vertex 15.216903686523438 -4.944271087646484 0
      vertex 17.434497833251953 -4.476417541503906 3
    endloop
  endfacet
  facet normal 0.8219315925371269 0.13017916171569086 -0.5545104535032523
    outer loop
      vertex 17.858062744140625 2.255997657775879 3
      vertex 15.873834609985352 2.005331039428711 0
      vertex 17.681171417236328 3.3728628158569336 3
    endloop
  endfacet
  facet normal 0.13017916171569086 0.8219315925371269 -0.5545104535032523
    outer loop
      vertex 3.3728628158569336 17.681171417236328 3
      vertex 2.005331039428711 15.873834609985352 0
      vertex 2.255997657775879 17.858062744140625 3
    endloop
  endfacet
  facet normal 0.7637336339255775 0.33049783322078446 -0.5545107020132238
    outer loop
      vertex 16.735977172851562 6.626241683959961 3
      vertex 14.477231979370117 6.812468528747559 0
      vertex 16.28688621520996 7.664027214050293 3
    endloop
  endfacet
  facet normal 0.46775239576070343 0.6882772434686489 -0.5545107143990281
    outer loop
      vertex 10.580134391784668 14.562305450439453 3
      vertex 9.404563903808594 12.944271087646484 0
      vertex 9.644882202148438 15.197901725769043 3
    endloop
  endfacet
  facet normal 0.18153407772232708 0.8121347808216671 -0.5545110246020782
    outer loop
      vertex 3.979037284851074 15.497329711914062 0
      vertex 2.9981002807617188 15.716595649719238 0
      vertex 4.476417541503906 17.434497833251953 3
    endloop
  endfacet
  facet normal 0.7637336339255775 -0.33049783322078446 -0.5545107020132238
    outer loop
      vertex 16.28688621520996 -7.664027214050293 3
      vertex 14.477231979370117 -6.812468528747559 0
      vertex 16.735977172851562 -6.626241683959961 3
    endloop
  endfacet
  facet normal -0.657548544441073 0.5100468378093231 -0.554510716708105
    outer loop
      vertex -12.944271087646484 9.404563903808594 0
      vertex -14.562305450439453 10.580134391784668 3
      vertex -12.328211784362793 10.198782920837402 0
    endloop
  endfacet
  facet normal -0.7991336264165314 -0.23217094701058733 -0.5545106838416829
    outer loop
      vertex -17.119016647338867 -5.562305450439453 3
      vertex -17.434497833251953 -4.476417541503906 3
      vertex -15.216903686523438 -4.944271087646484 0
    endloop
  endfacet
  facet normal 0.7414748708453535 -0.377800085934459 -0.5545106950932343
    outer loop
      vertex 16.28688621520996 -7.664027214050293 3
      vertex 14.020906448364258 -7.7080583572387695 0
      vertex 14.477231979370117 -6.812468528747559 0
    endloop
  endfacet
  facet normal 0.6242250151823941 0.5503281809993413 -0.5545106163262303
    outer loop
      vertex 12.328211784362793 10.198782920837402 0
      vertex 11.663497924804688 10.952753067016602 0
      vertex 13.121435165405273 12.321846961975098 3
    endloop
  endfacet
  facet normal 0.8121349790469071 0.18153358533545186 -0.5545108954779302
    outer loop
      vertex 17.681171417236328 3.3728628158569336 3
      vertex 15.716595649719238 2.9981002807617188 0
      vertex 17.434497833251953 4.476417541503906 3
    endloop
  endfacet
  facet normal -0.5100468378093231 -0.657548544441073 -0.554510716708105
    outer loop
      vertex -9.404563903808594 -12.944271087646484 0
      vertex -10.580134391784668 -14.562305450439453 3
      vertex -10.198782920837402 -12.328211784362793 0
    endloop
  endfacet
  facet normal -0.7829792311084873 -0.28188903034712554 -0.5545106835965556
    outer loop
      vertex -16.735977172851562 -6.626241683959961 3
      vertex -17.119016647338867 -5.562305450439453 3
      vertex -15.216903686523438 -4.944271087646484 0
    endloop
  endfacet
  facet normal 0.4677522785349651 -0.688277297811551 -0.5545107458314745
    outer loop
      vertex 9.644882202148438 -15.197901725769043 3
      vertex 8.573227882385254 -13.509245872497559 0
      vertex 9.404563903808594 -12.944271087646484 0
    endloop
  endfacet
  facet normal 0.5100472221778901 -0.6575483359953477 -0.5545106103388531
    outer loop
      vertex 10.580134391784668 -14.562305450439453 3
      vertex 10.198782920837402 -12.328211784362793 0
      vertex 11.473630905151367 -13.869237899780273 3
    endloop
  endfacet
  facet normal -0.07831631238919394 -0.8284833873272534 -0.5545104436676721
    outer loop
      vertex -1.1302289962768555 -17.964481353759766 3
      vertex -2.255997657775879 -17.858062744140625 3
      vertex -2.005331039428711 -15.873834609985352 0
    endloop
  endfacet
  facet normal -0.688277297811551 -0.4677522785349651 -0.5545107458314745
    outer loop
      vertex -12.944271087646484 -9.404563903808594 0
      vertex -15.197901725769043 -9.644882202148438 3
      vertex -13.509245872497559 -8.573227882385254 0
    endloop
  endfacet
  facet normal -0.8121347808216671 0.18153407772232708 -0.5545110246020782
    outer loop
      vertex -15.716595649719238 2.9981002807617188 0
      vertex -17.434497833251953 4.476417541503906 3
      vertex -15.497329711914062 3.979037284851074 0
    endloop
  endfacet
  facet normal -0.8317658072947102 0.026140083138360595 -0.5545108996844865
    outer loop
      vertex -16 0 0
      vertex -17.964481353759766 1.1302289962768555 3
      vertex -15.968426704406738 1.004648208618164 0
    endloop
  endfacet
  facet normal 0.6242250151823941 -0.5503281809993413 -0.5545106163262303
    outer loop
      vertex 13.121435165405273 -12.321846961975098 3
      vertex 11.663497924804688 -10.952753067016602 0
      vertex 12.328211784362793 -10.198782920837402 0
    endloop
  endfacet
  facet normal -0.5503281809993413 0.6242250151823941 -0.5545106163262303
    outer loop
      vertex -10.952753067016602 11.663497924804688 0
      vertex -12.321846961975098 13.121435165405273 3
      vertex -10.198782920837402 12.328211784362793 0
    endloop
  endfacet
  facet normal 0 0 -1
    outer loop
      vertex 13.864151000976562 -0.2667043209075928 0
      vertex 16 0 0
      vertex 15.968426704406738 -1.004648208618164 0
    endloop
  endfacet
  facet normal 0 0 -1
    outer loop
      vertex 13.708534240722656 -1.082481861114502 0
      vertex 15.968426704406738 -1.004648208618164 0
      vertex 15.873834609985352 -2.005331039428711 0
    endloop
  endfacet
  facet normal 0 0 -1
    outer loop
      vertex 16 0 0
      vertex 13.864151000976562 -0.2667043209075928 0
      vertex 13.867846488952637 -0.2276151180267334 0
    endloop
  endfacet
  facet normal 0 0 -1
    outer loop
      vertex 13.426610946655273 -1.746356725692749 0
      vertex 15.873834609985352 -2.005331039428711 0
      vertex 15.716595649719238 -2.9981002807617188 0
    endloop
  endfacet
  facet normal 0 0 -1
    outer loop
      vertex 16 0 0
      vertex 13.867846488952637 -0.2276151180267334 0
      vertex 13.873766899108887 -0.03924393653869629 0
    endloop
  endfacet
  facet normal 0 0 -1
    outer loop
      vertex 13.043109893798828 -2.3106610774993896 0
      vertex 15.716595649719238 -2.9981002807617188 0
      vertex 15.497329711914062 -3.979037284851074 0
    endloop
  endfacet
  facet normal 0 0 -1
    outer loop
      vertex 13.873766899108887 0.03924393653869629 0
      vertex 16 0 0
      vertex 13.875 0 0
    endloop
  endfacet
  facet normal 0 0 -1
    outer loop
      vertex 12.702030181884766 -2.6684765815734863 0
      vertex 15.497329711914062 -3.979037284851074 0
      vertex 15.216903686523438 -4.944271087646484 0
    endloop
  endfacet
  facet normal 0 0 -1
    outer loop
      vertex 13.867846488952637 0.2276151180267334 0
      vertex 16 0 0
      vertex 13.873766899108887 0.03924393653869629 0
    endloop
  endfacet
  facet normal 0 0 -1
    outer loop
      vertex 12.192371368408203 -3.060687780380249 0
      vertex 15.216903686523438 -4.944271087646484 0
      vertex 14.876422882080078 -5.889992713928223 0
    endloop
  endfacet
  facet normal 0 0 -1
    outer loop
      vertex 13.864151000976562 0.2667043209075928 0
      vertex 16 0 0
      vertex 13.867846488952637 0.2276151180267334 0
    endloop
  endfacet
  facet normal 0 0 -1
    outer loop
      vertex 11.757414817810059 -3.295590877532959 0
      vertex 14.876422882080078 -5.889992713928223 0
      vertex 14.477231979370117 -6.812468528747559 0
    endloop
  endfacet
  facet normal 0 0 -1
    outer loop
      vertex 16 0 0
      vertex 13.864151000976562 0.2667043209075928 0
      vertex 15.968426704406738 1.004648208618164 0
    endloop
  endfacet
  facet normal 0 0 -1
    outer loop
      vertex 11.15149974822998 -3.5111136436462402 0
      vertex 14.477231979370117 -6.812468528747559 0
      vertex 14.020906448364258 -7.7080583572387695 0
    endloop
  endfacet
  facet normal 0 0 -1
    outer loop
      vertex 13.810791015625 0.6792569160461426 0
      vertex 15.968426704406738 1.004648208618164 0
      vertex 13.816932678222656 0.6404769420623779 0
    endloop
  endfacet
  facet normal 0 0 -1
    outer loop
      vertex 13.769679069519043 0.8631820678710938 0
      vertex 15.968426704406738 1.004648208618164 0
      vertex 13.810791015625 0.6792569160461426 0
    endloop
  endfacet
  facet normal 0 0 -1
    outer loop
      vertex 13.816932678222656 0.6404769420623779 0
      vertex 15.968426704406738 1.004648208618164 0
      vertex 13.846415519714355 0.4543323516845703 0
    endloop
  endfacet
  facet normal 0 0 -1
    outer loop
      vertex 13.846415519714355 0.4543323516845703 0
      vertex 15.968426704406738 1.004648208618164 0
      vertex 13.864151000976562 0.2667043209075928 0
    endloop
  endfacet
  facet normal 0 0 -1
    outer loop
      vertex 16 0 0
      vertex 13.873766899108887 -0.03924393653869629 0
      vertex 13.875 0 0
    endloop
  endfacet
  facet normal 0 0 -1
    outer loop
      vertex 15.968426704406738 -1.004648208618164 0
      vertex 13.846415519714355 -0.4543323516845703 0
      vertex 13.864151000976562 -0.2667043209075928 0
    endloop
  endfacet
  facet normal 0 0 -1
    outer loop
      vertex 15.968426704406738 -1.004648208618164 0
      vertex 13.816932678222656 -0.6404769420623779 0
      vertex 13.846415519714355 -0.4543323516845703 0
    endloop
  endfacet
  facet normal 0 0 -1
    outer loop
      vertex 15.968426704406738 -1.004648208618164 0
      vertex 13.810791015625 -0.6792569160461426 0
      vertex 13.816932678222656 -0.6404769420623779 0
    endloop
  endfacet
  facet normal 0 0 -1
    outer loop
      vertex 15.968426704406738 -1.004648208618164 0
      vertex 13.769679069519043 -0.8631820678710938 0
      vertex 13.810791015625 -0.6792569160461426 0
    endloop
  endfacet
  facet normal 0 0 -1
    outer loop
      vertex 15.968426704406738 -1.004648208618164 0
      vertex 13.761114120483398 -0.9014999866485596 0
      vertex 13.769679069519043 -0.8631820678710938 0
    endloop
  endfacet
  facet normal 0 0 -1
    outer loop
      vertex 15.968426704406738 -1.004648208618164 0
      vertex 13.708534240722656 -1.082481861114502 0
      vertex 13.761114120483398 -0.9014999866485596 0
    endloop
  endfacet
  facet normal 0 0 -1
    outer loop
      vertex 15.873834609985352 -2.005331039428711 0
      vertex 13.697579383850098 -1.1201863288879395 0
      vertex 13.708534240722656 -1.082481861114502 0
    endloop
  endfacet
  facet normal 0 0 -1
    outer loop
      vertex 15.873834609985352 -2.005331039428711 0
      vertex 13.684279441833496 -1.1571285724639893 0
      vertex 13.697579383850098 -1.1201863288879395 0
    endloop
  endfacet
  facet normal 0 0 -1
    outer loop
      vertex 15.873834609985352 -2.005331039428711 0
      vertex 13.620439529418945 -1.3344511985778809 0
      vertex 13.684279441833496 -1.1571285724639893 0
    endloop
  endfacet
  facet normal 0 0 -1
    outer loop
      vertex 15.873834609985352 -2.005331039428711 0
      vertex 13.545591354370117 -1.5074150562286377 0
      vertex 13.620439529418945 -1.3344511985778809 0
    endloop
  endfacet
  facet normal 0 0 -1
    outer loop
      vertex 15.873834609985352 -2.005331039428711 0
      vertex 13.529996871948242 -1.5434491634368896 0
      vertex 13.545591354370117 -1.5074150562286377 0
    endloop
  endfacet
  facet normal 0 0 -1
    outer loop
      vertex 15.873834609985352 -2.005331039428711 0
      vertex 13.51217269897461 -1.5784332752227783 0
      vertex 13.529996871948242 -1.5434491634368896 0
    endloop
  endfacet
  facet normal 0 0 -1
    outer loop
      vertex 10.70433235168457 -3.5964152812957764 0
      vertex 14.020906448364258 -7.7080583572387695 0
      vertex 13.509245872497559 -8.573227882385254 0
    endloop
  endfacet
  facet normal 0 0 -1
    outer loop
      vertex 15.873834609985352 -2.005331039428711 0
      vertex 13.426610946655273 -1.746356725692749 0
      vertex 13.51217269897461 -1.5784332752227783 0
    endloop
  endfacet
  facet normal 0 0 -1
    outer loop
      vertex 15.716595649719238 -2.9981002807617188 0
      vertex 13.33067512512207 -1.9085760116577148 0
      vertex 13.426610946655273 -1.746356725692749 0
    endloop
  endfacet
  facet normal 0 0 -1
    outer loop
      vertex 15.716595649719238 -2.9981002807617188 0
      vertex 13.310688018798828 -1.9423716068267822 0
      vertex 13.33067512512207 -1.9085760116577148 0
    endloop
  endfacet
  facet normal 0 0 -1
    outer loop
      vertex 15.716595649719238 -2.9981002807617188 0
      vertex 13.204755783081055 -2.0982472896575928 0
      vertex 13.310688018798828 -1.9423716068267822 0
    endloop
  endfacet
  facet normal 0 0 -1
    outer loop
      vertex 15.716595649719238 -2.9981002807617188 0
      vertex 13.182685852050781 -2.1307213306427 0
      vertex 13.204755783081055 -2.0982472896575928 0
    endloop
  endfacet
  facet normal 0 0 -1
    outer loop
      vertex 15.716595649719238 -2.9981002807617188 0
      vertex 13.158621788024902 -2.161745548248291 0
      vertex 13.182685852050781 -2.1307213306427 0
    endloop
  endfacet
  facet normal 0 0 -1
    outer loop
      vertex 15.716595649719238 -2.9981002807617188 0
      vertex 13.043109893798828 -2.3106610774993896 0
      vertex 13.158621788024902 -2.161745548248291 0
    endloop
  endfacet
  facet normal 0 0 -1
    outer loop
      vertex 10.289243698120117 -3.6237666606903076 0
      vertex 13.509245872497559 -8.573227882385254 0
      vertex 12.944271087646484 -9.404563903808594 0
    endloop
  endfacet
  facet normal 0 0 -1
    outer loop
      vertex 15.497329711914062 -3.979037284851074 0
      vertex 12.918476104736328 -2.452030658721924 0
      vertex 13.043109893798828 -2.3106610774993896 0
    endloop
  endfacet
  facet normal 0 0 -1
    outer loop
      vertex 15.497329711914062 -3.979037284851074 0
      vertex 12.892511367797852 -2.481482744216919 0
      vertex 12.918476104736328 -2.452030658721924 0
    endloop
  endfacet
  facet normal 0 0 -1
    outer loop
      vertex 15.497329711914062 -3.979037284851074 0
      vertex 12.73148250579834 -2.6425111293792725 0
      vertex 12.892511367797852 -2.481482744216919 0
    endloop
  endfacet
  facet normal 0 0 -1
    outer loop
      vertex 15.497329711914062 -3.979037284851074 0
      vertex 12.702030181884766 -2.6684765815734863 0
      vertex 12.73148250579834 -2.6425111293792725 0
    endloop
  endfacet
  facet normal 0 0 -1
    outer loop
      vertex 15.216903686523438 -4.944271087646484 0
      vertex 12.560661315917969 -2.793109893798828 0
      vertex 12.702030181884766 -2.6684765815734863 0
    endloop
  endfacet
  facet normal 0 0 -1
    outer loop
      vertex 15.216903686523438 -4.944271087646484 0
      vertex 12.411745071411133 -2.9086215496063232 0
      vertex 12.560661315917969 -2.793109893798828 0
    endloop
  endfacet
  facet normal 0 0 -1
    outer loop
      vertex 15.216903686523438 -4.944271087646484 0
      vertex 12.380721092224121 -2.9326863288879395 0
      vertex 12.411745071411133 -2.9086215496063232 0
    endloop
  endfacet
  facet normal 0 0 -1
    outer loop
      vertex 15.216903686523438 -4.944271087646484 0
      vertex 12.348247528076172 -2.9547555446624756 0
      vertex 12.380721092224121 -2.9326863288879395 0
    endloop
  endfacet
  facet normal 0 0 -1
    outer loop
      vertex 10.022383689880371 -3.6178464889526367 0
      vertex 12.944271087646484 -9.404563903808594 0
      vertex 12.328211784362793 -10.198782920837402 0
    endloop
  endfacet
  facet normal 0 0 -1
    outer loop
      vertex 15.216903686523438 -4.944271087646484 0
      vertex 12.192371368408203 -3.060687780380249 0
      vertex 12.348247528076172 -2.9547555446624756 0
    endloop
  endfacet
  facet normal 0 0 -1
    outer loop
      vertex 14.876422882080078 -5.889992713928223 0
      vertex 12.158576011657715 -3.080674648284912 0
      vertex 12.192371368408203 -3.060687780380249 0
    endloop
  endfacet
  facet normal 0 0 -1
    outer loop
      vertex 14.876422882080078 -5.889992713928223 0
      vertex 11.996356964111328 -3.1766111850738525 0
      vertex 12.158576011657715 -3.080674648284912 0
    endloop
  endfacet
  facet normal 0 0 -1
    outer loop
      vertex 14.876422882080078 -5.889992713928223 0
      vertex 11.8284330368042 -3.262172222137451 0
      vertex 11.996356964111328 -3.1766111850738525 0
    endloop
  endfacet
  facet normal 0 0 -1
    outer loop
      vertex 14.876422882080078 -5.889992713928223 0
      vertex 11.793449401855469 -3.2799973487854004 0
      vertex 11.8284330368042 -3.262172222137451 0
    endloop
  endfacet
  facet normal 0 0 -1
    outer loop
      vertex 14.876422882080078 -5.889992713928223 0
      vertex 11.757414817810059 -3.295590877532959 0
      vertex 11.793449401855469 -3.2799973487854004 0
    endloop
  endfacet
  facet normal 0 0 -1
    outer loop
      vertex 9.570741653442383 -3.560791015625 0
      vertex 12.328211784362793 -10.198782920837402 0
      vertex 11.663497924804688 -10.952753067016602 0
    endloop
  endfacet
  facet normal 0 0 -1
    outer loop
      vertex 14.477231979370117 -6.812468528747559 0
      vertex 11.584451675415039 -3.3704395294189453 0
      vertex 11.757414817810059 -3.295590877532959 0
    endloop
  endfacet
  facet normal 0 0 -1
    outer loop
      vertex 14.477231979370117 -6.812468528747559 0
      vertex 11.40712833404541 -3.434279680252075 0
      vertex 11.584451675415039 -3.3704395294189453 0
    endloop
  endfacet
  facet normal 0 0 -1
    outer loop
      vertex 14.477231979370117 -6.812468528747559 0
      vertex 11.370185852050781 -3.4475796222686768 0
      vertex 11.40712833404541 -3.434279680252075 0
    endloop
  endfacet
  facet normal 0 0 -1
    outer loop
      vertex 14.477231979370117 -6.812468528747559 0
      vertex 11.332481384277344 -3.458533763885498 0
      vertex 11.370185852050781 -3.4475796222686768 0
    endloop
  endfacet
  facet normal 0 0 -1
    outer loop
      vertex 14.477231979370117 -6.812468528747559 0
      vertex 11.15149974822998 -3.5111136436462402 0
      vertex 11.332481384277344 -3.458533763885498 0
    endloop
  endfacet
  facet normal 0 0 -1
    outer loop
      vertex 14.020906448364258 -7.7080583572387695 0
      vertex 11.113182067871094 -3.519678831100464 0
      vertex 11.15149974822998 -3.5111136436462402 0
    endloop
  endfacet
  facet normal 0 0 -1
    outer loop
      vertex 9.348499298095703 -3.5111136436462402 0
      vertex 11.663497924804688 -10.952753067016602 0
      vertex 10.952753067016602 -11.663497924804688 0
    endloop
  endfacet
  facet normal 0 0 -1
    outer loop
      vertex 14.020906448364258 -7.7080583572387695 0
      vertex 10.929256439208984 -3.560791015625 0
      vertex 11.113182067871094 -3.519678831100464 0
    endloop
  endfacet
  facet normal 0 0 -1
    outer loop
      vertex 14.020906448364258 -7.7080583572387695 0
      vertex 10.890477180480957 -3.5669331550598145 0
      vertex 10.929256439208984 -3.560791015625 0
    endloop
  endfacet
  facet normal 0 0 -1
    outer loop
      vertex 14.020906448364258 -7.7080583572387695 0
      vertex 10.70433235168457 -3.5964152812957764 0
      vertex 10.890477180480957 -3.5669331550598145 0
    endloop
  endfacet
  facet normal 0 0 -1
    outer loop
      vertex 13.509245872497559 -8.573227882385254 0
      vertex 10.516704559326172 -3.6141514778137207 0
      vertex 10.70433235168457 -3.5964152812957764 0
    endloop
  endfacet
  facet normal 0 0 -1
    outer loop
      vertex 13.509245872497559 -8.573227882385254 0
      vertex 10.477615356445312 -3.6178464889526367 0
      vertex 10.516704559326172 -3.6141514778137207 0
    endloop
  endfacet
  facet normal 0 0 -1
    outer loop
      vertex 13.509245872497559 -8.573227882385254 0
      vertex 10.289243698120117 -3.6237666606903076 0
      vertex 10.477615356445312 -3.6178464889526367 0
    endloop
  endfacet
  facet normal 0 0 -1
    outer loop
      vertex 12.944271087646484 -9.404563903808594 0
      vertex 10.25 -3.625 0
      vertex 10.289243698120117 -3.6237666606903076 0
    endloop
  endfacet
  facet normal 0 0 -1
    outer loop
      vertex 12.944271087646484 -9.404563903808594 0
      vertex 10.210756301879883 -3.6237666606903076 0
      vertex 10.25 -3.625 0
    endloop
  endfacet
  facet normal 0 0 -1
    outer loop
      vertex 8.915548324584961 -3.3704395294189453 0
      vertex 10.952753067016602 -11.663497924804688 0
      vertex 10.198782920837402 -12.328211784362793 0
    endloop
  endfacet
  facet normal 0 0 -1
    outer loop
      vertex 12.944271087646484 -9.404563903808594 0
      vertex 10.022383689880371 -3.6178464889526367 0
      vertex 10.210756301879883 -3.6237666606903076 0
    endloop
  endfacet
  facet normal 0 0 -1
    outer loop
      vertex 12.328211784362793 -10.198782920837402 0
      vertex 9.983294486999512 -3.6141514778137207 0
      vertex 10.022383689880371 -3.6178464889526367 0
    endloop
  endfacet
  facet normal 0 0 -1
    outer loop
      vertex 12.328211784362793 -10.198782920837402 0
      vertex 9.795666694641113 -3.5964152812957764 0
      vertex 9.983294486999512 -3.6141514778137207 0
    endloop
  endfacet
  facet normal 0 0 -1
    outer loop
      vertex 12.328211784362793 -10.198782920837402 0
      vertex 9.609521865844727 -3.5669331550598145 0
      vertex 9.795666694641113 -3.5964152812957764 0
    endloop
  endfacet
  facet normal 0 0 -1
    outer loop
      vertex 12.328211784362793 -10.198782920837402 0
      vertex 9.570741653442383 -3.560791015625 0
      vertex 9.609521865844727 -3.5669331550598145 0
    endloop
  endfacet
  facet normal 0 0 -1
    outer loop
      vertex 8.706549644470215 -3.2799973487854004 0
      vertex 10.198782920837402 -12.328211784362793 0
      vertex 9.404563903808594 -12.944271087646484 0
    endloop
  endfacet
  facet normal 0 0 -1
    outer loop
      vertex 11.663497924804688 -10.952753067016602 0
      vertex 9.38681697845459 -3.519678831100464 0
      vertex 9.570741653442383 -3.560791015625 0
    endloop
  endfacet
  facet normal 0 0 -1
    outer loop
      vertex 11.663497924804688 -10.952753067016602 0
      vertex 9.348499298095703 -3.5111136436462402 0
      vertex 9.38681697845459 -3.519678831100464 0
    endloop
  endfacet
  facet normal 0 0 -1
    outer loop
      vertex 10.952753067016602 -11.663497924804688 0
      vertex 9.167516708374023 -3.458533763885498 0
      vertex 9.348499298095703 -3.5111136436462402 0
    endloop
  endfacet
  facet normal 0 0 -1
    outer loop
      vertex 10.952753067016602 -11.663497924804688 0
      vertex 9.129812240600586 -3.4475796222686768 0
      vertex 9.167516708374023 -3.458533763885498 0
    endloop
  endfacet
  facet normal 0 0 -1
    outer loop
      vertex 10.952753067016602 -11.663497924804688 0
      vertex 9.092870712280273 -3.434279680252075 0
      vertex 9.129812240600586 -3.4475796222686768 0
    endloop
  endfacet
  facet normal 0 0 -1
    outer loop
      vertex 10.952753067016602 -11.663497924804688 0
      vertex 8.915548324584961 -3.3704395294189453 0
      vertex 9.092870712280273 -3.434279680252075 0
    endloop
  endfacet
  facet normal 0 0 -1
    outer loop
      vertex 10.198782920837402 -12.328211784362793 0
      vertex 8.742584228515625 -3.295590877532959 0
      vertex 8.915548324584961 -3.3704395294189453 0
    endloop
  endfacet
  facet normal 0 0 -1
    outer loop
      vertex 10.198782920837402 -12.328211784362793 0
      vertex 8.706549644470215 -3.2799973487854004 0
      vertex 8.742584228515625 -3.295590877532959 0
    endloop
  endfacet
  facet normal 0 0 -1
    outer loop
      vertex 9.404563903808594 -12.944271087646484 0
      vertex 8.671566009521484 -3.262172222137451 0
      vertex 8.706549644470215 -3.2799973487854004 0
    endloop
  endfacet
  facet normal 0 0 -1
    outer loop
      vertex 8.503642082214355 -3.1766111850738525 0
      vertex 9.404563903808594 -12.944271087646484 0
      vertex 8.573227882385254 -13.509245872497559 0
    endloop
  endfacet
  facet normal 0 0 -1
    outer loop
      vertex 9.404563903808594 -12.944271087646484 0
      vertex 8.503642082214355 -3.1766111850738525 0
      vertex 8.671566009521484 -3.262172222137451 0
    endloop
  endfacet
  facet normal 0 0 -1
    outer loop
      vertex 8.573227882385254 -13.509245872497559 0
      vertex 8.341423034667969 -3.080674648284912 0
      vertex 8.503642082214355 -3.1766111850738525 0
    endloop
  endfacet
  facet normal 0 0 -1
    outer loop
      vertex 8.573227882385254 -13.509245872497559 0
      vertex 8.30762767791748 -3.060687780380249 0
      vertex 8.341423034667969 -3.080674648284912 0
    endloop
  endfacet
  facet normal 0 0 -1
    outer loop
      vertex 7.7080583572387695 -14.020906448364258 0
      vertex 8.30762767791748 -3.060687780380249 0
      vertex 8.573227882385254 -13.509245872497559 0
    endloop
  endfacet
  facet normal 0 0 -1
    outer loop
      vertex 8.30762767791748 -3.060687780380249 0
      vertex 7.7080583572387695 -14.020906448364258 0
      vertex 8.151751518249512 -2.9547555446624756 0
    endloop
  endfacet
  facet normal 0 0 -1
    outer loop
      vertex 8.151751518249512 -2.9547555446624756 0
      vertex 7.7080583572387695 -14.020906448364258 0
      vertex 8.119277954101562 -2.9326863288879395 0
    endloop
  endfacet
  facet normal 0 0 -1
    outer loop
      vertex 6.812468528747559 -14.477231979370117 0
      vertex 8.119277954101562 -2.9326863288879395 0
      vertex 7.7080583572387695 -14.020906448364258 0
    endloop
  endfacet
  facet normal 0 0 -1
    outer loop
      vertex 8.119277954101562 -2.9326863288879395 0
      vertex 6.812468528747559 -14.477231979370117 0
      vertex 8.088253021240234 -2.9086215496063232 0
    endloop
  endfacet
  facet normal 0 0 -1
    outer loop
      vertex 8.088253021240234 -2.9086215496063232 0
      vertex 6.812468528747559 -14.477231979370117 0
      vertex 7.939337730407715 -2.793109893798828 0
    endloop
  endfacet
  facet normal 0 0 -1
    outer loop
      vertex 5.889992713928223 -14.876422882080078 0
      vertex 7.939337730407715 -2.793109893798828 0
      vertex 6.812468528747559 -14.477231979370117 0
    endloop
  endfacet
  facet normal 0 0 -1
    outer loop
      vertex 7.939337730407715 -2.793109893798828 0
      vertex 5.889992713928223 -14.876422882080078 0
      vertex 7.79796838760376 -2.6684765815734863 0
    endloop
  endfacet
  facet normal 0 0 -1
    outer loop
      vertex 7.79796838760376 -2.6684765815734863 0
      vertex 5.889992713928223 -14.876422882080078 0
      vertex 7.768516540527344 -2.6425111293792725 0
    endloop
  endfacet
  facet normal 0 0 -1
    outer loop
      vertex 4.944271087646484 -15.216903686523438 0
      vertex 7.768516540527344 -2.6425111293792725 0
      vertex 5.889992713928223 -14.876422882080078 0
    endloop
  endfacet
  facet normal 0 0 -1
    outer loop
      vertex 7.768516540527344 -2.6425111293792725 0
      vertex 4.944271087646484 -15.216903686523438 0
      vertex 7.607487678527832 -2.481482744216919 0
    endloop
  endfacet
  facet normal 0 0 -1
    outer loop
      vertex 3.979037284851074 -15.497329711914062 0
      vertex 7.607487678527832 -2.481482744216919 0
      vertex 4.944271087646484 -15.216903686523438 0
    endloop
  endfacet
  facet normal 0 0 -1
    outer loop
      vertex 2.9981002807617188 -15.716595649719238 0
      vertex 7.607487678527832 -2.481482744216919 0
      vertex 3.979037284851074 -15.497329711914062 0
    endloop
  endfacet
  facet normal 0 0 -1
    outer loop
      vertex 7.607487678527832 -2.481482744216919 0
      vertex 2.9981002807617188 -15.716595649719238 0
      vertex 7.581522464752197 -2.452030658721924 0
    endloop
  endfacet
  facet normal 0 0 -1
    outer loop
      vertex 7.581522464752197 -2.452030658721924 0
      vertex 2.9981002807617188 -15.716595649719238 0
      vertex 7.4568891525268555 -2.3106610774993896 0
    endloop
  endfacet
  facet normal 0 0 -1
    outer loop
      vertex 2.005331039428711 -15.873834609985352 0
      vertex 7.4568891525268555 -2.3106610774993896 0
      vertex 2.9981002807617188 -15.716595649719238 0
    endloop
  endfacet
  facet normal 0 0 -1
    outer loop
      vertex 7.4568891525268555 -2.3106610774993896 0
      vertex 2.005331039428711 -15.873834609985352 0
      vertex 7.341377258300781 -2.161745548248291 0
    endloop
  endfacet
  facet normal 0 0 -1
    outer loop
      vertex 1.004648208618164 -15.968426704406738 0
      vertex 7.341377258300781 -2.161745548248291 0
      vertex 2.005331039428711 -15.873834609985352 0
    endloop
  endfacet
  facet normal 0 0 -1
    outer loop
      vertex 7.341377258300781 -2.161745548248291 0
      vertex 1.004648208618164 -15.968426704406738 0
      vertex 7.317312717437744 -2.1307213306427 0
    endloop
  endfacet
  facet normal 0 0 -1
    outer loop
      vertex 0 -16 0
      vertex 7.317312717437744 -2.1307213306427 0
      vertex 1.004648208618164 -15.968426704406738 0
    endloop
  endfacet
  facet normal 0 0 -1
    outer loop
      vertex 7.317312717437744 -2.1307213306427 0
      vertex 0 -16 0
      vertex 7.295243263244629 -2.0982472896575928 0
    endloop
  endfacet
  facet normal 0 0 -1
    outer loop
      vertex 7.295243263244629 -2.0982472896575928 0
      vertex 0 -16 0
      vertex 7.1893110275268555 -1.9423716068267822 0
    endloop
  endfacet
  facet normal 0 0 -1
    outer loop
      vertex -1.004648208618164 -15.968426704406738 0
      vertex 7.1893110275268555 -1.9423716068267822 0
      vertex 0 -16 0
    endloop
  endfacet
  facet normal 0 0 -1
    outer loop
      vertex -2.005331039428711 -15.873834609985352 0
      vertex 7.1893110275268555 -1.9423716068267822 0
      vertex -1.004648208618164 -15.968426704406738 0
    endloop
  endfacet
  facet normal 0 0 -1
    outer loop
      vertex 7.1893110275268555 -1.9423716068267822 0
      vertex -2.005331039428711 -15.873834609985352 0
      vertex 7.1693243980407715 -1.9085760116577148 0
    endloop
  endfacet
  facet normal 0 0 -1
    outer loop
      vertex 7.1693243980407715 -1.9085760116577148 0
      vertex -2.005331039428711 -15.873834609985352 0
      vertex 7.07338809967041 -1.746356725692749 0
    endloop
  endfacet
  facet normal 0 0 -1
    outer loop
      vertex -2.9981002807617188 -15.716595649719238 0
      vertex 7.07338809967041 -1.746356725692749 0
      vertex -2.005331039428711 -15.873834609985352 0
    endloop
  endfacet
  facet normal 0 0 -1
    outer loop
      vertex -3.979037284851074 -15.497329711914062 0
      vertex 7.07338809967041 -1.746356725692749 0
      vertex -2.9981002807617188 -15.716595649719238 0
    endloop
  endfacet
  facet normal 0 0 -1
    outer loop
      vertex 7.07338809967041 -1.746356725692749 0
      vertex -3.979037284851074 -15.497329711914062 0
      vertex 6.987826824188232 -1.5784332752227783 0
    endloop
  endfacet
  facet normal 0 0 -1
    outer loop
      vertex 6.987826824188232 -1.5784332752227783 0
      vertex -3.979037284851074 -15.497329711914062 0
      vertex 6.970001697540283 -1.5434491634368896 0
    endloop
  endfacet
  facet normal 0 0 -1
    outer loop
      vertex -4.944271087646484 -15.216903686523438 0
      vertex 6.970001697540283 -1.5434491634368896 0
      vertex -3.979037284851074 -15.497329711914062 0
    endloop
  endfacet
  facet normal 0 0 -1
    outer loop
      vertex -5.889992713928223 -14.876422882080078 0
      vertex 6.970001697540283 -1.5434491634368896 0
      vertex -4.944271087646484 -15.216903686523438 0
    endloop
  endfacet
  facet normal 0 0 -1
    outer loop
      vertex 6.970001697540283 -1.5434491634368896 0
      vertex -5.889992713928223 -14.876422882080078 0
      vertex 6.954408168792725 -1.5074150562286377 0
    endloop
  endfacet
  facet normal 0 0 -1
    outer loop
      vertex 6.954408168792725 -1.5074150562286377 0
      vertex -5.889992713928223 -14.876422882080078 0
      vertex 6.879559516906738 -1.3344511985778809 0
    endloop
  endfacet
  facet normal 0 0 -1
    outer loop
      vertex 13.761114120483398 0.9014999866485596 0
      vertex 15.968426704406738 1.004648208618164 0
      vertex 13.769679069519043 0.8631820678710938 0
    endloop
  endfacet
  facet normal 0 0 -1
    outer loop
      vertex 13.708534240722656 1.082481861114502 0
      vertex 15.968426704406738 1.004648208618164 0
      vertex 13.761114120483398 0.9014999866485596 0
    endloop
  endfacet
  facet normal 0 0 -1
    outer loop
      vertex 15.968426704406738 1.004648208618164 0
      vertex 13.708534240722656 1.082481861114502 0
      vertex 15.873834609985352 2.005331039428711 0
    endloop
  endfacet
  facet normal 0 0 -1
    outer loop
      vertex 13.697579383850098 1.1201863288879395 0
      vertex 15.873834609985352 2.005331039428711 0
      vertex 13.708534240722656 1.082481861114502 0
    endloop
  endfacet
  facet normal 0 0 -1
    outer loop
      vertex 13.684279441833496 1.1571285724639893 0
      vertex 15.873834609985352 2.005331039428711 0
      vertex 13.697579383850098 1.1201863288879395 0
    endloop
  endfacet
  facet normal 0 0 -1
    outer loop
      vertex 13.620439529418945 1.3344511985778809 0
      vertex 15.873834609985352 2.005331039428711 0
      vertex 13.684279441833496 1.1571285724639893 0
    endloop
  endfacet
  facet normal 0 0 -1
    outer loop
      vertex 13.545591354370117 1.5074150562286377 0
      vertex 15.873834609985352 2.005331039428711 0
      vertex 13.620439529418945 1.3344511985778809 0
    endloop
  endfacet
  facet normal 0 0 -1
    outer loop
      vertex 13.529996871948242 1.5434491634368896 0
      vertex 15.873834609985352 2.005331039428711 0
      vertex 13.545591354370117 1.5074150562286377 0
    endloop
  endfacet
  facet normal 0 0 -1
    outer loop
      vertex 13.51217269897461 1.5784332752227783 0
      vertex 15.873834609985352 2.005331039428711 0
      vertex 13.529996871948242 1.5434491634368896 0
    endloop
  endfacet
  facet normal 0 0 -1
    outer loop
      vertex 13.426610946655273 1.746356725692749 0
      vertex 15.873834609985352 2.005331039428711 0
      vertex 13.51217269897461 1.5784332752227783 0
    endloop
  endfacet
  facet normal 0 0 -1
    outer loop
      vertex 15.873834609985352 2.005331039428711 0
      vertex 13.426610946655273 1.746356725692749 0
      vertex 15.716595649719238 2.9981002807617188 0
    endloop
  endfacet
  facet normal 0 0 -1
    outer loop
      vertex 13.33067512512207 1.9085760116577148 0
      vertex 15.716595649719238 2.9981002807617188 0
      vertex 13.426610946655273 1.746356725692749 0
    endloop
  endfacet
  facet normal 0 0 -1
    outer loop
      vertex 13.310688018798828 1.9423716068267822 0
      vertex 15.716595649719238 2.9981002807617188 0
      vertex 13.33067512512207 1.9085760116577148 0
    endloop
  endfacet
  facet normal 0 0 -1
    outer loop
      vertex 13.204755783081055 2.0982472896575928 0
      vertex 15.716595649719238 2.9981002807617188 0
      vertex 13.310688018798828 1.9423716068267822 0
    endloop
  endfacet
  facet normal 0 0 -1
    outer loop
      vertex 13.182685852050781 2.1307213306427 0
      vertex 15.716595649719238 2.9981002807617188 0
      vertex 13.204755783081055 2.0982472896575928 0
    endloop
  endfacet
  facet normal 0 0 -1
    outer loop
      vertex 13.158621788024902 2.161745548248291 0
      vertex 15.716595649719238 2.9981002807617188 0
      vertex 13.182685852050781 2.1307213306427 0
    endloop
  endfacet
  facet normal 0 0 -1
    outer loop
      vertex 13.043109893798828 2.3106610774993896 0
      vertex 15.716595649719238 2.9981002807617188 0
      vertex 13.158621788024902 2.161745548248291 0
    endloop
  endfacet
  facet normal 0 0 -1
    outer loop
      vertex 15.716595649719238 2.9981002807617188 0
      vertex 13.043109893798828 2.3106610774993896 0
      vertex 15.497329711914062 3.979037284851074 0
    endloop
  endfacet
  facet normal 0 0 -1
    outer loop
      vertex 12.918476104736328 2.452030658721924 0
      vertex 15.497329711914062 3.979037284851074 0
      vertex 13.043109893798828 2.3106610774993896 0
    endloop
  endfacet
  facet normal 0 0 -1
    outer loop
      vertex 12.892511367797852 2.481482744216919 0
      vertex 15.497329711914062 3.979037284851074 0
      vertex 12.918476104736328 2.452030658721924 0
    endloop
  endfacet
  facet normal 0 0 -1
    outer loop
      vertex 12.73148250579834 2.6425111293792725 0
      vertex 15.497329711914062 3.979037284851074 0
      vertex 12.892511367797852 2.481482744216919 0
    endloop
  endfacet
  facet normal 0 0 -1
    outer loop
      vertex 12.702030181884766 2.6684765815734863 0
      vertex 15.497329711914062 3.979037284851074 0
      vertex 12.73148250579834 2.6425111293792725 0
    endloop
  endfacet
  facet normal 0 0 -1
    outer loop
      vertex 15.497329711914062 3.979037284851074 0
      vertex 12.702030181884766 2.6684765815734863 0
      vertex 15.216903686523438 4.944271087646484 0
    endloop
  endfacet
  facet normal 0 0 -1
    outer loop
      vertex 12.560661315917969 2.793109893798828 0
      vertex 15.216903686523438 4.944271087646484 0
      vertex 12.702030181884766 2.6684765815734863 0
    endloop
  endfacet
  facet normal 0 0 -1
    outer loop
      vertex 12.411745071411133 2.9086215496063232 0
      vertex 15.216903686523438 4.944271087646484 0
      vertex 12.560661315917969 2.793109893798828 0
    endloop
  endfacet
  facet normal 0 0 -1
    outer loop
      vertex 12.380721092224121 2.9326863288879395 0
      vertex 15.216903686523438 4.944271087646484 0
      vertex 12.411745071411133 2.9086215496063232 0
    endloop
  endfacet
  facet normal 0 0 -1
    outer loop
      vertex 12.348247528076172 2.9547555446624756 0
      vertex 15.216903686523438 4.944271087646484 0
      vertex 12.380721092224121 2.9326863288879395 0
    endloop
  endfacet
  facet normal 0 0 -1
    outer loop
      vertex 12.192371368408203 3.060687780380249 0
      vertex 15.216903686523438 4.944271087646484 0
      vertex 12.348247528076172 2.9547555446624756 0
    endloop
  endfacet
  facet normal 0 0 -1
    outer loop
      vertex 15.216903686523438 4.944271087646484 0
      vertex 12.192371368408203 3.060687780380249 0
      vertex 14.876422882080078 5.889992713928223 0
    endloop
  endfacet
  facet normal 0 0 -1
    outer loop
      vertex 12.158576011657715 3.080674648284912 0
      vertex 14.876422882080078 5.889992713928223 0
      vertex 12.192371368408203 3.060687780380249 0
    endloop
  endfacet
  facet normal 0 0 -1
    outer loop
      vertex 11.996356964111328 3.1766111850738525 0
      vertex 14.876422882080078 5.889992713928223 0
      vertex 12.158576011657715 3.080674648284912 0
    endloop
  endfacet
  facet normal 0 0 -1
    outer loop
      vertex 11.8284330368042 3.262172222137451 0
      vertex 14.876422882080078 5.889992713928223 0
      vertex 11.996356964111328 3.1766111850738525 0
    endloop
  endfacet
  facet normal 0 0 -1
    outer loop
      vertex 11.793449401855469 3.2799973487854004 0
      vertex 14.876422882080078 5.889992713928223 0
      vertex 11.8284330368042 3.262172222137451 0
    endloop
  endfacet
  facet normal 0 0 -1
    outer loop
      vertex 11.757414817810059 3.295590877532959 0
      vertex 14.876422882080078 5.889992713928223 0
      vertex 11.793449401855469 3.2799973487854004 0
    endloop
  endfacet
  facet normal 0 0 -1
    outer loop
      vertex 14.876422882080078 5.889992713928223 0
      vertex 11.757414817810059 3.295590877532959 0
      vertex 14.477231979370117 6.812468528747559 0
    endloop
  endfacet
  facet normal 0 0 -1
    outer loop
      vertex 11.584451675415039 3.3704395294189453 0
      vertex 14.477231979370117 6.812468528747559 0
      vertex 11.757414817810059 3.295590877532959 0
    endloop
  endfacet
  facet normal 0 0 -1
    outer loop
      vertex 11.40712833404541 3.434279680252075 0
      vertex 14.477231979370117 6.812468528747559 0
      vertex 11.584451675415039 3.3704395294189453 0
    endloop
  endfacet
  facet normal 0 0 -1
    outer loop
      vertex 11.370185852050781 3.4475796222686768 0
      vertex 14.477231979370117 6.812468528747559 0
      vertex 11.40712833404541 3.434279680252075 0
    endloop
  endfacet
  facet normal 0 0 -1
    outer loop
      vertex 11.332481384277344 3.458533763885498 0
      vertex 14.477231979370117 6.812468528747559 0
      vertex 11.370185852050781 3.4475796222686768 0
    endloop
  endfacet
  facet normal 0 0 -1
    outer loop
      vertex 11.15149974822998 3.5111136436462402 0
      vertex 14.477231979370117 6.812468528747559 0
      vertex 11.332481384277344 3.458533763885498 0
    endloop
  endfacet
  facet normal 0 0 -1
    outer loop
      vertex 14.477231979370117 6.812468528747559 0
      vertex 11.15149974822998 3.5111136436462402 0
      vertex 14.020906448364258 7.7080583572387695 0
    endloop
  endfacet
  facet normal 0 0 -1
    outer loop
      vertex 11.113182067871094 3.519678831100464 0
      vertex 14.020906448364258 7.7080583572387695 0
      vertex 11.15149974822998 3.5111136436462402 0
    endloop
  endfacet
  facet normal 0 0 -1
    outer loop
      vertex 10.929256439208984 3.560791015625 0
      vertex 14.020906448364258 7.7080583572387695 0
      vertex 11.113182067871094 3.519678831100464 0
    endloop
  endfacet
  facet normal 0 0 -1
    outer loop
      vertex 10.890477180480957 3.5669331550598145 0
      vertex 14.020906448364258 7.7080583572387695 0
      vertex 10.929256439208984 3.560791015625 0
    endloop
  endfacet
  facet normal 0 0 -1
    outer loop
      vertex 10.70433235168457 3.5964152812957764 0
      vertex 14.020906448364258 7.7080583572387695 0
      vertex 10.890477180480957 3.5669331550598145 0
    endloop
  endfacet
  facet normal 0 0 -1
    outer loop
      vertex 14.020906448364258 7.7080583572387695 0
      vertex 10.70433235168457 3.5964152812957764 0
      vertex 13.509245872497559 8.573227882385254 0
    endloop
  endfacet
  facet normal 0 0 -1
    outer loop
      vertex 10.516704559326172 3.6141514778137207 0
      vertex 13.509245872497559 8.573227882385254 0
      vertex 10.70433235168457 3.5964152812957764 0
    endloop
  endfacet
  facet normal 0 0 -1
    outer loop
      vertex 10.477615356445312 3.6178464889526367 0
      vertex 13.509245872497559 8.573227882385254 0
      vertex 10.516704559326172 3.6141514778137207 0
    endloop
  endfacet
  facet normal 0 0 -1
    outer loop
      vertex 10.289243698120117 3.6237666606903076 0
      vertex 13.509245872497559 8.573227882385254 0
      vertex 10.477615356445312 3.6178464889526367 0
    endloop
  endfacet
  facet normal 0 0 -1
    outer loop
      vertex 13.509245872497559 8.573227882385254 0
      vertex 10.289243698120117 3.6237666606903076 0
      vertex 12.944271087646484 9.404563903808594 0
    endloop
  endfacet
  facet normal 0 0 -1
    outer loop
      vertex 10.25 3.625 0
      vertex 12.944271087646484 9.404563903808594 0
      vertex 10.289243698120117 3.6237666606903076 0
    endloop
  endfacet
  facet normal 0 0 -1
    outer loop
      vertex 10.210756301879883 3.6237666606903076 0
      vertex 12.944271087646484 9.404563903808594 0
      vertex 10.25 3.625 0
    endloop
  endfacet
  facet normal 0 0 -1
    outer loop
      vertex 10.022383689880371 3.6178464889526367 0
      vertex 12.944271087646484 9.404563903808594 0
      vertex 10.210756301879883 3.6237666606903076 0
    endloop
  endfacet
  facet normal 0 0 -1
    outer loop
      vertex 12.944271087646484 9.404563903808594 0
      vertex 10.022383689880371 3.6178464889526367 0
      vertex 12.328211784362793 10.198782920837402 0
    endloop
  endfacet
  facet normal 0 0 -1
    outer loop
      vertex 9.983294486999512 3.6141514778137207 0
      vertex 12.328211784362793 10.198782920837402 0
      vertex 10.022383689880371 3.6178464889526367 0
    endloop
  endfacet
  facet normal 0 0 -1
    outer loop
      vertex 9.795666694641113 3.5964152812957764 0
      vertex 12.328211784362793 10.198782920837402 0
      vertex 9.983294486999512 3.6141514778137207 0
    endloop
  endfacet
  facet normal 0 0 -1
    outer loop
      vertex 9.609521865844727 3.5669331550598145 0
      vertex 12.328211784362793 10.198782920837402 0
      vertex 9.795666694641113 3.5964152812957764 0
    endloop
  endfacet
  facet normal 0 0 -1
    outer loop
      vertex 9.570741653442383 3.560791015625 0
      vertex 12.328211784362793 10.198782920837402 0
      vertex 9.609521865844727 3.5669331550598145 0
    endloop
  endfacet
  facet normal 0 0 -1
    outer loop
      vertex 12.328211784362793 10.198782920837402 0
      vertex 9.570741653442383 3.560791015625 0
      vertex 11.663497924804688 10.952753067016602 0
    endloop
  endfacet
  facet normal 0 0 -1
    outer loop
      vertex 9.38681697845459 3.519678831100464 0
      vertex 11.663497924804688 10.952753067016602 0
      vertex 9.570741653442383 3.560791015625 0
    endloop
  endfacet
  facet normal 0 0 -1
    outer loop
      vertex 9.348499298095703 3.5111136436462402 0
      vertex 11.663497924804688 10.952753067016602 0
      vertex 9.38681697845459 3.519678831100464 0
    endloop
  endfacet
  facet normal 0 0 -1
    outer loop
      vertex 11.663497924804688 10.952753067016602 0
      vertex 9.348499298095703 3.5111136436462402 0
      vertex 10.952753067016602 11.663497924804688 0
    endloop
  endfacet
  facet normal 0 0 -1
    outer loop
      vertex 9.167516708374023 3.458533763885498 0
      vertex 10.952753067016602 11.663497924804688 0
      vertex 9.348499298095703 3.5111136436462402 0
    endloop
  endfacet
  facet normal 0 0 -1
    outer loop
      vertex 9.129812240600586 3.4475796222686768 0
      vertex 10.952753067016602 11.663497924804688 0
      vertex 9.167516708374023 3.458533763885498 0
    endloop
  endfacet
  facet normal 0 0 -1
    outer loop
      vertex 9.092870712280273 3.434279680252075 0
      vertex 10.952753067016602 11.663497924804688 0
      vertex 9.129812240600586 3.4475796222686768 0
    endloop
  endfacet
  facet normal 0 0 -1
    outer loop
      vertex 8.915548324584961 3.3704395294189453 0
      vertex 10.952753067016602 11.663497924804688 0
      vertex 9.092870712280273 3.434279680252075 0
    endloop
  endfacet
  facet normal 0 0 -1
    outer loop
      vertex 10.952753067016602 11.663497924804688 0
      vertex 8.915548324584961 3.3704395294189453 0
      vertex 10.198782920837402 12.328211784362793 0
    endloop
  endfacet
  facet normal 0 0 -1
    outer loop
      vertex 8.742584228515625 3.295590877532959 0
      vertex 10.198782920837402 12.328211784362793 0
      vertex 8.915548324584961 3.3704395294189453 0
    endloop
  endfacet
  facet normal 0 0 -1
    outer loop
      vertex 8.706549644470215 3.2799973487854004 0
      vertex 10.198782920837402 12.328211784362793 0
      vertex 8.742584228515625 3.295590877532959 0
    endloop
  endfacet
  facet normal 0 0 -1
    outer loop
      vertex 10.198782920837402 12.328211784362793 0
      vertex 8.706549644470215 3.2799973487854004 0
      vertex 9.404563903808594 12.944271087646484 0
    endloop
  endfacet
  facet normal 0 0 -1
    outer loop
      vertex 8.671566009521484 3.262172222137451 0
      vertex 9.404563903808594 12.944271087646484 0
      vertex 8.706549644470215 3.2799973487854004 0
    endloop
  endfacet
  facet normal 0 0 -1
    outer loop
      vertex 8.503642082214355 3.1766111850738525 0
      vertex 9.404563903808594 12.944271087646484 0
      vertex 8.671566009521484 3.262172222137451 0
    endloop
  endfacet
  facet normal 0 0 -1
    outer loop
      vertex 9.404563903808594 12.944271087646484 0
      vertex 8.503642082214355 3.1766111850738525 0
      vertex 8.573227882385254 13.509245872497559 0
    endloop
  endfacet
  facet normal 0 0 -1
    outer loop
      vertex 8.341423034667969 3.080674648284912 0
      vertex 8.573227882385254 13.509245872497559 0
      vertex 8.503642082214355 3.1766111850738525 0
    endloop
  endfacet
  facet normal 0 0 -1
    outer loop
      vertex 8.30762767791748 3.060687780380249 0
      vertex 8.573227882385254 13.509245872497559 0
      vertex 8.341423034667969 3.080674648284912 0
    endloop
  endfacet
  facet normal 0 0 -1
    outer loop
      vertex 7.7080583572387695 14.020906448364258 0
      vertex 8.30762767791748 3.060687780380249 0
      vertex 8.151751518249512 2.9547555446624756 0
    endloop
  endfacet
  facet normal 0 0 -1
    outer loop
      vertex 7.7080583572387695 14.020906448364258 0
      vertex 8.151751518249512 2.9547555446624756 0
      vertex 8.119277954101562 2.9326863288879395 0
    endloop
  endfacet
  facet normal 0 0 -1
    outer loop
      vertex 6.812468528747559 14.477231979370117 0
      vertex 8.119277954101562 2.9326863288879395 0
      vertex 8.088253021240234 2.9086215496063232 0
    endloop
  endfacet
  facet normal 0 0 -1
    outer loop
      vertex 6.812468528747559 14.477231979370117 0
      vertex 8.088253021240234 2.9086215496063232 0
      vertex 7.939337730407715 2.793109893798828 0
    endloop
  endfacet
  facet normal 0 0 -1
    outer loop
      vertex 5.889992713928223 14.876422882080078 0
      vertex 7.939337730407715 2.793109893798828 0
      vertex 7.79796838760376 2.6684765815734863 0
    endloop
  endfacet
  facet normal 0 0 -1
    outer loop
      vertex 5.889992713928223 14.876422882080078 0
      vertex 7.79796838760376 2.6684765815734863 0
      vertex 7.768516540527344 2.6425111293792725 0
    endloop
  endfacet
  facet normal 0 0 -1
    outer loop
      vertex 8.30762767791748 3.060687780380249 0
      vertex 7.7080583572387695 14.020906448364258 0
      vertex 8.573227882385254 13.509245872497559 0
    endloop
  endfacet
  facet normal 0 0 -1
    outer loop
      vertex 4.944271087646484 15.216903686523438 0
      vertex 7.768516540527344 2.6425111293792725 0
      vertex 7.607487678527832 2.481482744216919 0
    endloop
  endfacet
  facet normal 0 0 -1
    outer loop
      vertex 2.9981002807617188 15.716595649719238 0
      vertex 7.607487678527832 2.481482744216919 0
      vertex 7.581522464752197 2.452030658721924 0
    endloop
  endfacet
  facet normal 0 0 -1
    outer loop
      vertex 2.9981002807617188 15.716595649719238 0
      vertex 7.581522464752197 2.452030658721924 0
      vertex 7.4568891525268555 2.3106610774993896 0
    endloop
  endfacet
  facet normal 0 0 -1
    outer loop
      vertex 2.005331039428711 15.873834609985352 0
      vertex 7.4568891525268555 2.3106610774993896 0
      vertex 7.341377258300781 2.161745548248291 0
    endloop
  endfacet
  facet normal 0 0 -1
    outer loop
      vertex 1.004648208618164 15.968426704406738 0
      vertex 7.341377258300781 2.161745548248291 0
      vertex 7.317312717437744 2.1307213306427 0
    endloop
  endfacet
  facet normal 0 0 -1
    outer loop
      vertex 0 16 0
      vertex 7.317312717437744 2.1307213306427 0
      vertex 7.295243263244629 2.0982472896575928 0
    endloop
  endfacet
  facet normal 0 0 -1
    outer loop
      vertex 0 16 0
      vertex 7.295243263244629 2.0982472896575928 0
      vertex 7.1893110275268555 1.9423716068267822 0
    endloop
  endfacet
  facet normal 0 0 -1
    outer loop
      vertex -2.005331039428711 15.873834609985352 0
      vertex 7.1893110275268555 1.9423716068267822 0
      vertex 7.1693243980407715 1.9085760116577148 0
    endloop
  endfacet
  facet normal 0 0 -1
    outer loop
      vertex -2.005331039428711 15.873834609985352 0
      vertex 7.1693243980407715 1.9085760116577148 0
      vertex 7.07338809967041 1.746356725692749 0
    endloop
  endfacet
  facet normal 0 0 -1
    outer loop
      vertex -3.979037284851074 15.497329711914062 0
      vertex 7.07338809967041 1.746356725692749 0
      vertex 6.987826824188232 1.5784332752227783 0
    endloop
  endfacet
  facet normal 0 0 -1
    outer loop
      vertex -3.979037284851074 15.497329711914062 0
      vertex 6.987826824188232 1.5784332752227783 0
      vertex 6.970001697540283 1.5434491634368896 0
    endloop
  endfacet
  facet normal 0 0 -1
    outer loop
      vertex -5.889992713928223 14.876422882080078 0
      vertex 6.970001697540283 1.5434491634368896 0
      vertex 6.954408168792725 1.5074150562286377 0
    endloop
  endfacet
  facet normal 0 0 -1
    outer loop
      vertex -5.889992713928223 14.876422882080078 0
      vertex 6.954408168792725 1.5074150562286377 0
      vertex 6.879559516906738 1.3344511985778809 0
    endloop
  endfacet
  facet normal 0 0 -1
    outer loop
      vertex -7.7080583572387695 14.020906448364258 0
      vertex 6.879559516906738 1.3344511985778809 0
      vertex 6.8157196044921875 1.1571285724639893 0
    endloop
  endfacet
  facet normal 0 0 -1
    outer loop
      vertex 8.119277954101562 2.9326863288879395 0
      vertex 6.812468528747559 14.477231979370117 0
      vertex 7.7080583572387695 14.020906448364258 0
    endloop
  endfacet
  facet normal 0 0 -1
    outer loop
      vertex -8.573227882385254 13.509245872497559 0
      vertex 6.8157196044921875 1.1571285724639893 0
      vertex 6.802419662475586 1.1201863288879395 0
    endloop
  endfacet
  facet normal 0 0 -1
    outer loop
      vertex -10.198782920837402 12.328211784362793 0
      vertex 6.802419662475586 1.1201863288879395 0
      vertex 6.7914652824401855 1.082481861114502 0
    endloop
  endfacet
  facet normal 0 0 -1
    outer loop
      vertex -10.198782920837402 12.328211784362793 0
      vertex 6.7914652824401855 1.082481861114502 0
      vertex 6.738885402679443 0.9014999866485596 0
    endloop
  endfacet
  facet normal 0 0 -1
    outer loop
      vertex -12.328211784362793 10.198782920837402 0
      vertex 6.738885402679443 0.9014999866485596 0
      vertex 6.730319976806641 0.8631820678710938 0
    endloop
  endfacet
  facet normal 0 0 -1
    outer loop
      vertex -12.328211784362793 10.198782920837402 0
      vertex 6.730319976806641 0.8631820678710938 0
      vertex 6.689208030700684 0.6792569160461426 0
    endloop
  endfacet
  facet normal 0 0 -1
    outer loop
      vertex -14.020906448364258 7.7080583572387695 0
      vertex 6.689208030700684 0.6792569160461426 0
      vertex 6.683065891265869 0.6404769420623779 0
    endloop
  endfacet
  facet normal 0 0 -1
    outer loop
      vertex -14.020906448364258 7.7080583572387695 0
      vertex 6.683065891265869 0.6404769420623779 0
      vertex 6.653583526611328 0.4543323516845703 0
    endloop
  endfacet
  facet normal 0 0 -1
    outer loop
      vertex -15.216903686523438 4.944271087646484 0
      vertex 6.653583526611328 0.4543323516845703 0
      vertex 6.635847568511963 0.2667043209075928 0
    endloop
  endfacet
  facet normal 0 0 -1
    outer loop
      vertex -15.216903686523438 4.944271087646484 0
      vertex 6.635847568511963 0.2667043209075928 0
      vertex 6.632152557373047 0.2276151180267334 0
    endloop
  endfacet
  facet normal 0 0 -1
    outer loop
      vertex -15.873834609985352 2.005331039428711 0
      vertex 6.632152557373047 0.2276151180267334 0
      vertex 6.626233100891113 0.03924393653869629 0
    endloop
  endfacet
  facet normal 0 0 -1
    outer loop
      vertex -15.873834609985352 2.005331039428711 0
      vertex 6.626233100891113 0.03924393653869629 0
      vertex 6.625 0 0
    endloop
  endfacet
  facet normal 0 0 -1
    outer loop
      vertex -6.812468528747559 -14.477231979370117 0
      vertex 6.879559516906738 -1.3344511985778809 0
      vertex -5.889992713928223 -14.876422882080078 0
    endloop
  endfacet
  facet normal 0 0 -1
    outer loop
      vertex 7.939337730407715 2.793109893798828 0
      vertex 5.889992713928223 14.876422882080078 0
      vertex 6.812468528747559 14.477231979370117 0
    endloop
  endfacet
  facet normal 0 0 -1
    outer loop
      vertex -7.7080583572387695 -14.020906448364258 0
      vertex 6.879559516906738 -1.3344511985778809 0
      vertex -6.812468528747559 -14.477231979370117 0
    endloop
  endfacet
  facet normal 0 0 -1
    outer loop
      vertex 7.768516540527344 2.6425111293792725 0
      vertex 4.944271087646484 15.216903686523438 0
      vertex 5.889992713928223 14.876422882080078 0
    endloop
  endfacet
  facet normal 0 0 -1
    outer loop
      vertex 6.879559516906738 -1.3344511985778809 0
      vertex -7.7080583572387695 -14.020906448364258 0
      vertex 6.8157196044921875 -1.1571285724639893 0
    endloop
  endfacet
  facet normal 0 0 -1
    outer loop
      vertex 7.607487678527832 2.481482744216919 0
      vertex 3.979037284851074 15.497329711914062 0
      vertex 4.944271087646484 15.216903686523438 0
    endloop
  endfacet
  facet normal 0 0 -1
    outer loop
      vertex -8.573227882385254 -13.509245872497559 0
      vertex 6.8157196044921875 -1.1571285724639893 0
      vertex -7.7080583572387695 -14.020906448364258 0
    endloop
  endfacet
  facet normal 0 0 -1
    outer loop
      vertex 7.607487678527832 2.481482744216919 0
      vertex 2.9981002807617188 15.716595649719238 0
      vertex 3.979037284851074 15.497329711914062 0
    endloop
  endfacet
  facet normal 0 0 -1
    outer loop
      vertex 6.8157196044921875 -1.1571285724639893 0
      vertex -8.573227882385254 -13.509245872497559 0
      vertex 6.802419662475586 -1.1201863288879395 0
    endloop
  endfacet
  facet normal 0 0 -1
    outer loop
      vertex 7.4568891525268555 2.3106610774993896 0
      vertex 2.005331039428711 15.873834609985352 0
      vertex 2.9981002807617188 15.716595649719238 0
    endloop
  endfacet
  facet normal 0 0 -1
    outer loop
      vertex -9.404563903808594 -12.944271087646484 0
      vertex 6.802419662475586 -1.1201863288879395 0
      vertex -8.573227882385254 -13.509245872497559 0
    endloop
  endfacet
  facet normal 0 0 -1
    outer loop
      vertex 7.341377258300781 2.161745548248291 0
      vertex 1.004648208618164 15.968426704406738 0
      vertex 2.005331039428711 15.873834609985352 0
    endloop
  endfacet
  facet normal 0 0 -1
    outer loop
      vertex -10.198782920837402 -12.328211784362793 0
      vertex 6.802419662475586 -1.1201863288879395 0
      vertex -9.404563903808594 -12.944271087646484 0
    endloop
  endfacet
  facet normal 0 0 -1
    outer loop
      vertex 7.317312717437744 2.1307213306427 0
      vertex 0 16 0
      vertex 1.004648208618164 15.968426704406738 0
    endloop
  endfacet
  facet normal 0 0 -1
    outer loop
      vertex 6.802419662475586 -1.1201863288879395 0
      vertex -10.198782920837402 -12.328211784362793 0
      vertex 6.7914652824401855 -1.082481861114502 0
    endloop
  endfacet
  facet normal 0 0 -1
    outer loop
      vertex 7.1893110275268555 1.9423716068267822 0
      vertex -1.004648208618164 15.968426704406738 0
      vertex 0 16 0
    endloop
  endfacet
  facet normal 0 0 -1
    outer loop
      vertex 6.7914652824401855 -1.082481861114502 0
      vertex -10.198782920837402 -12.328211784362793 0
      vertex 6.738885402679443 -0.9014999866485596 0
    endloop
  endfacet
  facet normal 0 0 -1
    outer loop
      vertex 7.1893110275268555 1.9423716068267822 0
      vertex -2.005331039428711 15.873834609985352 0
      vertex -1.004648208618164 15.968426704406738 0
    endloop
  endfacet
  facet normal 0 0 -1
    outer loop
      vertex -10.952753067016602 -11.663497924804688 0
      vertex 6.738885402679443 -0.9014999866485596 0
      vertex -10.198782920837402 -12.328211784362793 0
    endloop
  endfacet
  facet normal 0 0 -1
    outer loop
      vertex 7.07338809967041 1.746356725692749 0
      vertex -2.9981002807617188 15.716595649719238 0
      vertex -2.005331039428711 15.873834609985352 0
    endloop
  endfacet
  facet normal 0 0 -1
    outer loop
      vertex -11.663497924804688 -10.952753067016602 0
      vertex 6.738885402679443 -0.9014999866485596 0
      vertex -10.952753067016602 -11.663497924804688 0
    endloop
  endfacet
  facet normal 0 0 -1
    outer loop
      vertex 7.07338809967041 1.746356725692749 0
      vertex -3.979037284851074 15.497329711914062 0
      vertex -2.9981002807617188 15.716595649719238 0
    endloop
  endfacet
  facet normal 0 0 -1
    outer loop
      vertex -12.328211784362793 -10.198782920837402 0
      vertex 6.738885402679443 -0.9014999866485596 0
      vertex -11.663497924804688 -10.952753067016602 0
    endloop
  endfacet
  facet normal 0 0 -1
    outer loop
      vertex 6.970001697540283 1.5434491634368896 0
      vertex -4.944271087646484 15.216903686523438 0
      vertex -3.979037284851074 15.497329711914062 0
    endloop
  endfacet
  facet normal 0 0 -1
    outer loop
      vertex 6.738885402679443 -0.9014999866485596 0
      vertex -12.328211784362793 -10.198782920837402 0
      vertex 6.730319976806641 -0.8631820678710938 0
    endloop
  endfacet
  facet normal 0 0 -1
    outer loop
      vertex 6.970001697540283 1.5434491634368896 0
      vertex -5.889992713928223 14.876422882080078 0
      vertex -4.944271087646484 15.216903686523438 0
    endloop
  endfacet
  facet normal 0 0 -1
    outer loop
      vertex 6.730319976806641 -0.8631820678710938 0
      vertex -12.328211784362793 -10.198782920837402 0
      vertex 6.689208030700684 -0.6792569160461426 0
    endloop
  endfacet
  facet normal 0 0 -1
    outer loop
      vertex 6.879559516906738 1.3344511985778809 0
      vertex -6.812468528747559 14.477231979370117 0
      vertex -5.889992713928223 14.876422882080078 0
    endloop
  endfacet
  facet normal 0 0 -1
    outer loop
      vertex -12.944271087646484 -9.404563903808594 0
      vertex 6.689208030700684 -0.6792569160461426 0
      vertex -12.328211784362793 -10.198782920837402 0
    endloop
  endfacet
  facet normal 0 0 -1
    outer loop
      vertex 6.879559516906738 1.3344511985778809 0
      vertex -7.7080583572387695 14.020906448364258 0
      vertex -6.812468528747559 14.477231979370117 0
    endloop
  endfacet
  facet normal 0 0 -1
    outer loop
      vertex -13.509245872497559 -8.573227882385254 0
      vertex 6.689208030700684 -0.6792569160461426 0
      vertex -12.944271087646484 -9.404563903808594 0
    endloop
  endfacet
  facet normal 0 0 -1
    outer loop
      vertex 6.8157196044921875 1.1571285724639893 0
      vertex -8.573227882385254 13.509245872497559 0
      vertex -7.7080583572387695 14.020906448364258 0
    endloop
  endfacet
  facet normal 0 0 -1
    outer loop
      vertex -14.020906448364258 -7.7080583572387695 0
      vertex 6.689208030700684 -0.6792569160461426 0
      vertex -13.509245872497559 -8.573227882385254 0
    endloop
  endfacet
  facet normal 0 0 -1
    outer loop
      vertex 6.802419662475586 1.1201863288879395 0
      vertex -9.404563903808594 12.944271087646484 0
      vertex -8.573227882385254 13.509245872497559 0
    endloop
  endfacet
  facet normal 0 0 -1
    outer loop
      vertex 6.689208030700684 -0.6792569160461426 0
      vertex -14.020906448364258 -7.7080583572387695 0
      vertex 6.683065891265869 -0.6404769420623779 0
    endloop
  endfacet
  facet normal 0 0 -1
    outer loop
      vertex 6.802419662475586 1.1201863288879395 0
      vertex -10.198782920837402 12.328211784362793 0
      vertex -9.404563903808594 12.944271087646484 0
    endloop
  endfacet
  facet normal 0 0 -1
    outer loop
      vertex 6.683065891265869 -0.6404769420623779 0
      vertex -14.020906448364258 -7.7080583572387695 0
      vertex 6.653583526611328 -0.4543323516845703 0
    endloop
  endfacet
  facet normal 0 0 -1
    outer loop
      vertex 6.738885402679443 0.9014999866485596 0
      vertex -10.952753067016602 11.663497924804688 0
      vertex -10.198782920837402 12.328211784362793 0
    endloop
  endfacet
  facet normal 0 0 -1
    outer loop
      vertex -14.477231979370117 -6.812468528747559 0
      vertex 6.653583526611328 -0.4543323516845703 0
      vertex -14.020906448364258 -7.7080583572387695 0
    endloop
  endfacet
  facet normal 0 0 -1
    outer loop
      vertex 6.738885402679443 0.9014999866485596 0
      vertex -11.663497924804688 10.952753067016602 0
      vertex -10.952753067016602 11.663497924804688 0
    endloop
  endfacet
  facet normal 0 0 -1
    outer loop
      vertex -14.876422882080078 -5.889992713928223 0
      vertex 6.653583526611328 -0.4543323516845703 0
      vertex -14.477231979370117 -6.812468528747559 0
    endloop
  endfacet
  facet normal 0 0 -1
    outer loop
      vertex 6.738885402679443 0.9014999866485596 0
      vertex -12.328211784362793 10.198782920837402 0
      vertex -11.663497924804688 10.952753067016602 0
    endloop
  endfacet
  facet normal 0 0 -1
    outer loop
      vertex -15.216903686523438 -4.944271087646484 0
      vertex 6.653583526611328 -0.4543323516845703 0
      vertex -14.876422882080078 -5.889992713928223 0
    endloop
  endfacet
  facet normal 0 0 -1
    outer loop
      vertex 6.689208030700684 0.6792569160461426 0
      vertex -12.944271087646484 9.404563903808594 0
      vertex -12.328211784362793 10.198782920837402 0
    endloop
  endfacet
  facet normal 0 0 -1
    outer loop
      vertex 6.653583526611328 -0.4543323516845703 0
      vertex -15.216903686523438 -4.944271087646484 0
      vertex 6.635847568511963 -0.2667043209075928 0
    endloop
  endfacet
  facet normal 0 0 -1
    outer loop
      vertex 6.689208030700684 0.6792569160461426 0
      vertex -13.509245872497559 8.573227882385254 0
      vertex -12.944271087646484 9.404563903808594 0
    endloop
  endfacet
  facet normal 0 0 -1
    outer loop
      vertex 6.635847568511963 -0.2667043209075928 0
      vertex -15.216903686523438 -4.944271087646484 0
      vertex 6.632152557373047 -0.2276151180267334 0
    endloop
  endfacet
  facet normal 0 0 -1
    outer loop
      vertex 6.689208030700684 0.6792569160461426 0
      vertex -14.020906448364258 7.7080583572387695 0
      vertex -13.509245872497559 8.573227882385254 0
    endloop
  endfacet
  facet normal 0 0 -1
    outer loop
      vertex -15.497329711914062 -3.979037284851074 0
      vertex 6.632152557373047 -0.2276151180267334 0
      vertex -15.216903686523438 -4.944271087646484 0
    endloop
  endfacet
  facet normal 0 0 -1
    outer loop
      vertex 6.653583526611328 0.4543323516845703 0
      vertex -14.477231979370117 6.812468528747559 0
      vertex -14.020906448364258 7.7080583572387695 0
    endloop
  endfacet
  facet normal 0 0 -1
    outer loop
      vertex -15.716595649719238 -2.9981002807617188 0
      vertex 6.632152557373047 -0.2276151180267334 0
      vertex -15.497329711914062 -3.979037284851074 0
    endloop
  endfacet
  facet normal 0 0 -1
    outer loop
      vertex 6.653583526611328 0.4543323516845703 0
      vertex -14.876422882080078 5.889992713928223 0
      vertex -14.477231979370117 6.812468528747559 0
    endloop
  endfacet
  facet normal 0 0 -1
    outer loop
      vertex -15.873834609985352 -2.005331039428711 0
      vertex 6.632152557373047 -0.2276151180267334 0
      vertex -15.716595649719238 -2.9981002807617188 0
    endloop
  endfacet
  facet normal 0 0 -1
    outer loop
      vertex 6.653583526611328 0.4543323516845703 0
      vertex -15.216903686523438 4.944271087646484 0
      vertex -14.876422882080078 5.889992713928223 0
    endloop
  endfacet
  facet normal 0 0 -1
    outer loop
      vertex 6.632152557373047 -0.2276151180267334 0
      vertex -15.873834609985352 -2.005331039428711 0
      vertex 6.626233100891113 -0.03924393653869629 0
    endloop
  endfacet
  facet normal 0 0 -1
    outer loop
      vertex 6.632152557373047 0.2276151180267334 0
      vertex -15.497329711914062 3.979037284851074 0
      vertex -15.216903686523438 4.944271087646484 0
    endloop
  endfacet
  facet normal 0 0 -1
    outer loop
      vertex 6.626233100891113 -0.03924393653869629 0
      vertex -15.873834609985352 -2.005331039428711 0
      vertex 6.625 0 0
    endloop
  endfacet
  facet normal 0 0 -1
    outer loop
      vertex 6.632152557373047 0.2276151180267334 0
      vertex -15.716595649719238 2.9981002807617188 0
      vertex -15.497329711914062 3.979037284851074 0
    endloop
  endfacet
  facet normal 0 0 -1
    outer loop
      vertex -15.968426704406738 -1.004648208618164 0
      vertex 6.625 0 0
      vertex -15.873834609985352 -2.005331039428711 0
    endloop
  endfacet
  facet normal 0 0 -1
    outer loop
      vertex 6.632152557373047 0.2276151180267334 0
      vertex -15.873834609985352 2.005331039428711 0
      vertex -15.716595649719238 2.9981002807617188 0
    endloop
  endfacet
  facet normal 0 0 -1
    outer loop
      vertex -16 0 0
      vertex 6.625 0 0
      vertex -15.968426704406738 -1.004648208618164 0
    endloop
  endfacet
  facet normal 0 0 -1
    outer loop
      vertex 6.625 0 0
      vertex -15.968426704406738 1.004648208618164 0
      vertex -15.873834609985352 2.005331039428711 0
    endloop
  endfacet
  facet normal 0 0 -1
    outer loop
      vertex 6.625 0 0
      vertex -16 0 0
      vertex -15.968426704406738 1.004648208618164 0
    endloop
  endfacet
  facet normal -0.377800085934459 0.7414748708453535 -0.5545106950932343
    outer loop
      vertex -6.812468528747559 14.477231979370117 0
      vertex -7.7080583572387695 14.020906448364258 0
      vertex -7.664027214050293 16.28688621520996 3
    endloop
  endfacet
  facet normal -0.07831631238919394 0.8284833873272534 -0.5545104436676721
    outer loop
      vertex -2.005331039428711 15.873834609985352 0
      vertex -2.255997657775879 17.858062744140625 3
      vertex -1.1302289962768555 17.964481353759766 3
    endloop
  endfacet
  facet normal -0.13017916171569086 0.8219315925371269 -0.5545104535032523
    outer loop
      vertex -2.005331039428711 15.873834609985352 0
      vertex -3.3728628158569336 17.681171417236328 3
      vertex -2.255997657775879 17.858062744140625 3
    endloop
  endfacet
  facet normal 0.33049711027129874 0.7637338151327183 -0.5545108833243438
    outer loop
      vertex 6.812468528747559 14.477231979370117 0
      vertex 5.889992713928223 14.876422882080078 0
      vertex 6.626241683959961 16.735977172851562 3
    endloop
  endfacet
  facet normal -0.02613912952527928 -0.831765994883035 -0.5545106632553567
    outer loop
      vertex 0 -18 3
      vertex -1.1302289962768555 -17.964481353759766 3
      vertex 0 -16 0
    endloop
  endfacet
  facet normal 0.588437752422326 -0.588437752422326 -0.5545106158121075
    outer loop
      vertex 13.121435165405273 -12.321846961975098 3
      vertex 10.952753067016602 -11.663497924804688 0
      vertex 11.663497924804688 -10.952753067016602 0
    endloop
  endfacet
  facet normal 0.588437752422326 -0.588437752422326 -0.5545106158121074
    outer loop
      vertex 10.952753067016602 -11.663497924804688 0
      vertex 13.121435165405273 -12.321846961975098 3
      vertex 12.321846961975098 -13.121435165405273 3
    endloop
  endfacet
  facet normal 0.46775239576070343 -0.6882772434686489 -0.5545107143990281
    outer loop
      vertex 9.644882202148438 -15.197901725769043 3
      vertex 9.404563903808594 -12.944271087646484 0
      vertex 10.580134391784668 -14.562305450439453 3
    endloop
  endfacet
  facet normal -0.7414748708453535 0.377800085934459 -0.5545106950932343
    outer loop
      vertex -14.477231979370117 6.812468528747559 0
      vertex -16.28688621520996 7.664027214050293 3
      vertex -14.020906448364258 7.7080583572387695 0
    endloop
  endfacet
  facet normal 0.7162893385407534 0.42361248002842394 -0.5545106403460787
    outer loop
      vertex 15.773519515991211 8.671566009521484 3
      vertex 14.020906448364258 7.7080583572387695 0
      vertex 15.197901725769043 9.644882202148438 3
    endloop
  endfacet
  facet normal -0.7637336339255775 0.33049783322078446 -0.5545107020132238
    outer loop
      vertex -14.477231979370117 6.812468528747559 0
      vertex -16.735977172851562 6.626241683959961 3
      vertex -16.28688621520996 7.664027214050293 3
    endloop
  endfacet
  facet normal 0.688277297811551 -0.4677522785349651 -0.5545107458314745
    outer loop
      vertex 15.197901725769043 -9.644882202148438 3
      vertex 12.944271087646484 -9.404563903808594 0
      vertex 13.509245872497559 -8.573227882385254 0
    endloop
  endfacet
  facet normal 0.6882772434686489 -0.46775239576070343 -0.5545107143990281
    outer loop
      vertex 14.562305450439453 -10.580134391784668 3
      vertex 12.944271087646484 -9.404563903808594 0
      vertex 15.197901725769043 -9.644882202148438 3
    endloop
  endfacet
  facet normal 0.8219310213988535 0.13018088578337508 -0.5545108953292922
    outer loop
      vertex 15.873834609985352 2.005331039428711 0
      vertex 15.716595649719238 2.9981002807617188 0
      vertex 17.681171417236328 3.3728628158569336 3
    endloop
  endfacet
  facet normal -0.4236127948932222 -0.7162890750043365 -0.5545107402315891
    outer loop
      vertex -7.7080583572387695 -14.020906448364258 0
      vertex -9.644882202148438 -15.197901725769043 3
      vertex -8.573227882385254 -13.509245872497559 0
    endloop
  endfacet
  facet normal -0.42361248002842394 -0.7162893385407534 -0.5545106403460787
    outer loop
      vertex -8.671566009521484 -15.773519515991211 3
      vertex -9.644882202148438 -15.197901725769043 3
      vertex -7.7080583572387695 -14.020906448364258 0
    endloop
  endfacet
  facet normal -0.6242250151823941 0.5503281809993413 -0.5545106163262303
    outer loop
      vertex -12.328211784362793 10.198782920837402 0
      vertex -13.121435165405273 12.321846961975098 3
      vertex -11.663497924804688 10.952753067016602 0
    endloop
  endfacet
  facet normal -0.33049783322078446 -0.7637336339255775 -0.5545107020132238
    outer loop
      vertex -6.626241683959961 -16.735977172851562 3
      vertex -7.664027214050293 -16.28688621520996 3
      vertex -6.812468528747559 -14.477231979370117 0
    endloop
  endfacet
  facet normal -0.8219315925371269 0.13017916171569086 -0.5545104535032523
    outer loop
      vertex -15.873834609985352 2.005331039428711 0
      vertex -17.858062744140625 2.255997657775879 3
      vertex -17.681171417236328 3.3728628158569336 3
    endloop
  endfacet
  facet normal -0.4236127948932222 0.7162890750043365 -0.5545107402315891
    outer loop
      vertex -8.573227882385254 13.509245872497559 0
      vertex -9.644882202148438 15.197901725769043 3
      vertex -7.7080583572387695 14.020906448364258 0
    endloop
  endfacet
  facet normal -0.8284832622699511 0.07831449142352141 -0.5545108876943851
    outer loop
      vertex -15.968426704406738 1.004648208618164 0
      vertex -17.964481353759766 1.1302289962768555 3
      vertex -15.873834609985352 2.005331039428711 0
    endloop
  endfacet
  facet normal -0.6242250151823941 -0.5503281809993413 -0.5545106163262303
    outer loop
      vertex -11.663497924804688 -10.952753067016602 0
      vertex -13.121435165405273 -12.321846961975098 3
      vertex -12.328211784362793 -10.198782920837402 0
    endloop
  endfacet
  facet normal -0.588437752422326 -0.588437752422326 -0.5545106158121075
    outer loop
      vertex -10.952753067016602 -11.663497924804688 0
      vertex -13.121435165405273 -12.321846961975098 3
      vertex -11.663497924804688 -10.952753067016602 0
    endloop
  endfacet
  facet normal -0.588437752422326 -0.588437752422326 -0.5545106158121074
    outer loop
      vertex -13.121435165405273 -12.321846961975098 3
      vertex -10.952753067016602 -11.663497924804688 0
      vertex -12.321846961975098 -13.121435165405273 3
    endloop
  endfacet
  facet normal -0.7414747991649953 0.3778003109281791 -0.5545106376489103
    outer loop
      vertex -14.020906448364258 7.7080583572387695 0
      vertex -16.28688621520996 7.664027214050293 3
      vertex -15.773519515991211 8.671566009521484 3
    endloop
  endfacet
  facet normal -0.5100472221778901 0.6575483359953477 -0.5545106103388531
    outer loop
      vertex -10.198782920837402 12.328211784362793 0
      vertex -11.473630905151367 13.869237899780273 3
      vertex -10.580134391784668 14.562305450439453 3
    endloop
  endfacet
  facet normal -0.46775239576070343 0.6882772434686489 -0.5545107143990281
    outer loop
      vertex -9.404563903808594 12.944271087646484 0
      vertex -10.580134391784668 14.562305450439453 3
      vertex -9.644882202148438 15.197901725769043 3
    endloop
  endfacet
  facet normal -0.8219315925371269 -0.13017916171569086 -0.5545104535032523
    outer loop
      vertex -17.681171417236328 -3.3728628158569336 3
      vertex -17.858062744140625 -2.255997657775879 3
      vertex -15.873834609985352 -2.005331039428711 0
    endloop
  endfacet
  facet normal -0.7414747991649953 -0.3778003109281791 -0.5545106376489103
    outer loop
      vertex -15.773519515991211 -8.671566009521484 3
      vertex -16.28688621520996 -7.664027214050293 3
      vertex -14.020906448364258 -7.7080583572387695 0
    endloop
  endfacet
  facet normal -0.7162890750043365 -0.4236127948932222 -0.5545107402315891
    outer loop
      vertex -13.509245872497559 -8.573227882385254 0
      vertex -15.197901725769043 -9.644882202148438 3
      vertex -14.020906448364258 -7.7080583572387695 0
    endloop
  endfacet
  facet normal -0.18153407772232708 0.8121347808216671 -0.5545110246020782
    outer loop
      vertex -3.979037284851074 15.497329711914062 0
      vertex -4.476417541503906 17.434497833251953 3
      vertex -2.9981002807617188 15.716595649719238 0
    endloop
  endfacet
  facet normal -0.7162893385407534 0.42361248002842394 -0.5545106403460787
    outer loop
      vertex -14.020906448364258 7.7080583572387695 0
      vertex -15.773519515991211 8.671566009521484 3
      vertex -15.197901725769043 9.644882202148438 3
    endloop
  endfacet
  facet normal -0.7991337928113122 -0.23216956619671042 -0.5545110221799365
    outer loop
      vertex -15.216903686523438 -4.944271087646484 0
      vertex -17.434497833251953 -4.476417541503906 3
      vertex -15.497329711914062 -3.979037284851074 0
    endloop
  endfacet
  facet normal -0.33049711027129874 0.7637338151327183 -0.5545108833243438
    outer loop
      vertex -5.889992713928223 14.876422882080078 0
      vertex -6.812468528747559 14.477231979370117 0
      vertex -6.626241683959961 16.735977172851562 3
    endloop
  endfacet
  facet normal 0.28188903034712554 0.7829792311084873 -0.5545106835965556
    outer loop
      vertex 6.626241683959961 16.735977172851562 3
      vertex 4.944271087646484 15.216903686523438 0
      vertex 5.562305450439453 17.119016647338867 3
    endloop
  endfacet
  facet normal 0.688277297811551 0.4677522785349651 -0.5545107458314745
    outer loop
      vertex 13.509245872497559 8.573227882385254 0
      vertex 12.944271087646484 9.404563903808594 0
      vertex 15.197901725769043 9.644882202148438 3
    endloop
  endfacet
  facet normal -0.026140083138360595 -0.8317658072947102 -0.5545108996844865
    outer loop
      vertex 0 -16 0
      vertex -1.1302289962768555 -17.964481353759766 3
      vertex -1.004648208618164 -15.968426704406738 0
    endloop
  endfacet
  facet normal 0.7829792311084873 0.28188903034712554 -0.5545106835965556
    outer loop
      vertex 17.119016647338867 5.562305450439453 3
      vertex 15.216903686523438 4.944271087646484 0
      vertex 16.735977172851562 6.626241683959961 3
    endloop
  endfacet
  facet normal 0.7637338151327183 0.33049711027129874 -0.5545108833243438
    outer loop
      vertex 14.876422882080078 5.889992713928223 0
      vertex 14.477231979370117 6.812468528747559 0
      vertex 16.735977172851562 6.626241683959961 3
    endloop
  endfacet
  facet normal 0.5503281660074225 0.6242250335176855 -0.554510610564623
    outer loop
      vertex 12.321846961975098 13.121435165405273 3
      vertex 10.198782920837402 12.328211784362793 0
      vertex 11.473630905151367 13.869237899780273 3
    endloop
  endfacet
  facet normal 0.5503281809993413 0.6242250151823941 -0.5545106163262303
    outer loop
      vertex 10.952753067016602 11.663497924804688 0
      vertex 10.198782920837402 12.328211784362793 0
      vertex 12.321846961975098 13.121435165405273 3
    endloop
  endfacet
  facet normal -0.688277297811551 0.4677522785349651 -0.5545107458314745
    outer loop
      vertex -13.509245872497559 8.573227882385254 0
      vertex -15.197901725769043 9.644882202148438 3
      vertex -12.944271087646484 9.404563903808594 0
    endloop
  endfacet
  facet normal -0.6882772434686489 0.46775239576070343 -0.5545107143990281
    outer loop
      vertex -12.944271087646484 9.404563903808594 0
      vertex -15.197901725769043 9.644882202148438 3
      vertex -14.562305450439453 10.580134391784668 3
    endloop
  endfacet
  facet normal -0.4677522785349651 0.688277297811551 -0.5545107458314745
    outer loop
      vertex -9.404563903808594 12.944271087646484 0
      vertex -9.644882202148438 15.197901725769043 3
      vertex -8.573227882385254 13.509245872497559 0
    endloop
  endfacet
  facet normal -0.07831449142352141 -0.8284832622699511 -0.5545108876943851
    outer loop
      vertex -1.1302289962768555 -17.964481353759766 3
      vertex -2.005331039428711 -15.873834609985352 0
      vertex -1.004648208618164 -15.968426704406738 0
    endloop
  endfacet
  facet normal 0.657548544441073 0.5100468378093231 -0.554510716708105
    outer loop
      vertex 12.944271087646484 9.404563903808594 0
      vertex 12.328211784362793 10.198782920837402 0
      vertex 14.562305450439453 10.580134391784668 3
    endloop
  endfacet
  facet normal 0.5503281660074225 -0.6242250335176855 -0.554510610564623
    outer loop
      vertex 11.473630905151367 -13.869237899780273 3
      vertex 10.198782920837402 -12.328211784362793 0
      vertex 12.321846961975098 -13.121435165405273 3
    endloop
  endfacet
  facet normal -0.377800085934459 -0.7414748708453535 -0.5545106950932343
    outer loop
      vertex -7.664027214050293 -16.28688621520996 3
      vertex -7.7080583572387695 -14.020906448364258 0
      vertex -6.812468528747559 -14.477231979370117 0
    endloop
  endfacet
  facet normal -0.42361248002842394 0.7162893385407534 -0.5545106403460787
    outer loop
      vertex -7.7080583572387695 14.020906448364258 0
      vertex -9.644882202148438 15.197901725769043 3
      vertex -8.671566009521484 15.773519515991211 3
    endloop
  endfacet
  facet normal 0.4236127948932222 -0.7162890750043365 -0.5545107402315891
    outer loop
      vertex 9.644882202148438 -15.197901725769043 3
      vertex 7.7080583572387695 -14.020906448364258 0
      vertex 8.573227882385254 -13.509245872497559 0
    endloop
  endfacet
  facet normal -0.7637336339255775 -0.33049783322078446 -0.5545107020132238
    outer loop
      vertex -16.28688621520996 -7.664027214050293 3
      vertex -16.735977172851562 -6.626241683959961 3
      vertex -14.477231979370117 -6.812468528747559 0
    endloop
  endfacet
  facet normal 0.8121347808216671 0.18153407772232708 -0.5545110246020782
    outer loop
      vertex 15.716595649719238 2.9981002807617188 0
      vertex 15.497329711914062 3.979037284851074 0
      vertex 17.434497833251953 4.476417541503906 3
    endloop
  endfacet
  facet normal 0.7991337928113122 0.23216956619671042 -0.5545110221799365
    outer loop
      vertex 15.497329711914062 3.979037284851074 0
      vertex 15.216903686523438 4.944271087646484 0
      vertex 17.434497833251953 4.476417541503906 3
    endloop
  endfacet
  facet normal 0.6242250335176855 0.5503281660074225 -0.554510610564623
    outer loop
      vertex 13.869237899780273 11.473630905151367 3
      vertex 12.328211784362793 10.198782920837402 0
      vertex 13.121435165405273 12.321846961975098 3
    endloop
  endfacet
  facet normal 0.1564343398075595 -0.9876883604300362 0
    outer loop
      vertex 9.781546592712402 2.4557180404663086 3
      vertex 9.936666488647461 2.4802865982055664 43
      vertex 9.781546592712402 2.4557180404663086 43
    endloop
  endfacet
  facet normal 0.1564343398075595 -0.9876883604300362 0
    outer loop
      vertex 9.936666488647461 2.4802865982055664 43
      vertex 9.781546592712402 2.4557180404663086 3
      vertex 9.936666488647461 2.4802865982055664 3
    endloop
  endfacet
  facet normal -0.03141200378137986 0.9995065212485803 0
    outer loop
      vertex 10.406975746154785 -2.4950666427612305 3
      vertex 10.25 -2.5 43
      vertex 10.406975746154785 -2.4950666427612305 43
    endloop
  endfacet
  facet normal -0.03141200378137986 0.9995065212485803 0
    outer loop
      vertex 10.25 -2.5 43
      vertex 10.406975746154785 -2.4950666427612305 3
      vertex 10.25 -2.5 3
    endloop
  endfacet
  facet normal 0.6129059300343599 -0.7901558839423498 0
    outer loop
      vertex 8.656439781188965 1.9262828826904297 3
      vertex 8.780536651611328 2.0225419998168945 43
      vertex 8.656439781188965 1.9262828826904297 43
    endloop
  endfacet
  facet normal 0.6129059300343599 -0.7901558839423498 0
    outer loop
      vertex 8.780536651611328 2.0225419998168945 43
      vertex 8.656439781188965 1.9262828826904297 3
      vertex 8.780536651611328 2.0225419998168945 3
    endloop
  endfacet
  facet normal 0.5090453525991072 -0.8607396987459395 0
    outer loop
      vertex 8.910432815551758 2.110818862915039 3
      vertex 9.045615196228027 2.1907663345336914 43
      vertex 8.910432815551758 2.110818862915039 43
    endloop
  endfacet
  facet normal 0.5090453525991072 -0.8607396987459395 0
    outer loop
      vertex 9.045615196228027 2.1907663345336914 43
      vertex 8.910432815551758 2.110818862915039 3
      vertex 9.045615196228027 2.1907663345336914 3
    endloop
  endfacet
  facet normal -0.9876883604300362 0.1564343398075595 0
    outer loop
      vertex 12.705718040466309 -0.46845245361328125 3
      vertex 12.730286598205566 -0.31333255767822266 43
      vertex 12.730286598205566 -0.31333255767822266 3
    endloop
  endfacet
  facet normal -0.9876883604300362 0.1564343398075595 0
    outer loop
      vertex 12.730286598205566 -0.31333255767822266 43
      vertex 12.705718040466309 -0.46845245361328125 3
      vertex 12.705718040466309 -0.46845245361328125 43
    endloop
  endfacet
  facet normal -0.9995065212485803 0.03141200378137986 0
    outer loop
      vertex 12.74506664276123 -0.15697574615478516 3
      vertex 12.75 0 43
      vertex 12.75 0 3
    endloop
  endfacet
  facet normal -0.9995065212485803 0.03141200378137986 0
    outer loop
      vertex 12.75 0 43
      vertex 12.74506664276123 -0.15697574615478516 3
      vertex 12.74506664276123 -0.15697574615478516 43
    endloop
  endfacet
  facet normal -0.9602938145733177 -0.2789906623746148 0
    outer loop
      vertex 12.671457290649414 0.6217241287231445 3
      vertex 12.627640724182129 0.7725419998168945 43
      vertex 12.627640724182129 0.7725419998168945 3
    endloop
  endfacet
  facet normal -0.9602938145733177 -0.2789906623746148 0
    outer loop
      vertex 12.627640724182129 0.7725419998168945 43
      vertex 12.671457290649414 0.6217241287231445 3
      vertex 12.671457290649414 0.6217241287231445 43
    endloop
  endfacet
  facet normal -0.9876883604300362 -0.1564343398075595 0
    outer loop
      vertex 12.730286598205566 0.31333255767822266 3
      vertex 12.705718040466309 0.46845245361328125 43
      vertex 12.705718040466309 0.46845245361328125 3
    endloop
  endfacet
  facet normal -0.9876883604300362 -0.1564343398075595 0
    outer loop
      vertex 12.705718040466309 0.46845245361328125 43
      vertex 12.730286598205566 0.31333255767822266 3
      vertex 12.730286598205566 0.31333255767822266 43
    endloop
  endfacet
  facet normal -0.1564343398075595 0.9876883604300362 0
    outer loop
      vertex 10.718452453613281 -2.4557180404663086 3
      vertex 10.563332557678223 -2.4802865982055664 43
      vertex 10.718452453613281 -2.4557180404663086 43
    endloop
  endfacet
  facet normal -0.1564343398075595 0.9876883604300362 0
    outer loop
      vertex 10.563332557678223 -2.4802865982055664 43
      vertex 10.718452453613281 -2.4557180404663086 3
      vertex 10.563332557678223 -2.4802865982055664 3
    endloop
  endfacet
  facet normal -0.9995065212485803 -0.03141200378137986 0
    outer loop
      vertex 12.75 0 3
      vertex 12.74506664276123 0.15697574615478516 43
      vertex 12.74506664276123 0.15697574615478516 3
    endloop
  endfacet
  facet normal -0.9995065212485803 -0.03141200378137986 0
    outer loop
      vertex 12.74506664276123 0.15697574615478516 43
      vertex 12.75 0 3
      vertex 12.75 0 43
    endloop
  endfacet
  facet normal -0.6613110920207229 0.7501117513879908 0
    outer loop
      vertex 11.9613676071167 -1.8224210739135742 3
      vertex 11.843559265136719 -1.9262828826904297 43
      vertex 11.9613676071167 -1.8224210739135742 43
    endloop
  endfacet
  facet normal -0.6613110920207229 0.7501117513879908 0
    outer loop
      vertex 11.843559265136719 -1.9262828826904297 43
      vertex 11.9613676071167 -1.8224210739135742 3
      vertex 11.843559265136719 -1.9262828826904297 3
    endloop
  endfacet
  facet normal 0.7901558839423498 -0.6129059300343599 0
    outer loop
      vertex 8.227457046508789 1.4694623947143555 43
      vertex 8.323716163635254 1.5935592651367188 3
      vertex 8.323716163635254 1.5935592651367188 43
    endloop
  endfacet
  facet normal 0.7901558839423498 -0.6129059300343599 0
    outer loop
      vertex 8.323716163635254 1.5935592651367188 3
      vertex 8.227457046508789 1.4694623947143555 43
      vertex 8.227457046508789 1.4694623947143555 3
    endloop
  endfacet
  facet normal 0.3387360250723312 -0.9408814512563191 0
    outer loop
      vertex 9.32968807220459 2.3244409561157227 3
      vertex 9.477457046508789 2.377640724182129 43
      vertex 9.32968807220459 2.3244409561157227 43
    endloop
  endfacet
  facet normal 0.3387360250723312 -0.9408814512563191 0
    outer loop
      vertex 9.477457046508789 2.377640724182129 43
      vertex 9.32968807220459 2.3244409561157227 3
      vertex 9.477457046508789 2.377640724182129 3
    endloop
  endfacet
  facet normal 0.218146099784683 0.9759161230089045 0
    outer loop
      vertex 9.781546592712402 -2.4557180404663086 3
      vertex 9.628274917602539 -2.421457290649414 43
      vertex 9.781546592712402 -2.4557180404663086 43
    endloop
  endfacet
  facet normal 0.218146099784683 0.9759161230089045 0
    outer loop
      vertex 9.628274917602539 -2.421457290649414 43
      vertex 9.781546592712402 -2.4557180404663086 3
      vertex 9.628274917602539 -2.421457290649414 3
    endloop
  endfacet
  facet normal -0.3971517116315226 0.9177529721815952 0
    outer loop
      vertex 11.314447402954102 -2.2620668411254883 3
      vertex 11.170310974121094 -2.3244409561157227 43
      vertex 11.314447402954102 -2.2620668411254883 43
    endloop
  endfacet
  facet normal -0.3971517116315226 0.9177529721815952 0
    outer loop
      vertex 11.170310974121094 -2.3244409561157227 43
      vertex 11.314447402954102 -2.2620668411254883 3
      vertex 11.170310974121094 -2.3244409561157227 3
    endloop
  endfacet
  facet normal 0.7071067811865475 -0.7071067811865475 0
    outer loop
      vertex 8.42757797241211 1.7113676071166992 43
      vertex 8.538631439208984 1.8224210739135742 3
      vertex 8.538631439208984 1.8224210739135742 43
    endloop
  endfacet
  facet normal 0.7071067811865475 -0.7071067811865475 0
    outer loop
      vertex 8.538631439208984 1.8224210739135742 3
      vertex 8.42757797241211 1.7113676071166992 43
      vertex 8.42757797241211 1.7113676071166992 3
    endloop
  endfacet
  facet normal -0.9408814512563191 0.3387360250723312 0
    outer loop
      vertex 12.574440956115723 -0.9203109741210938 3
      vertex 12.627640724182129 -0.7725419998168945 43
      vertex 12.627640724182129 -0.7725419998168945 3
    endloop
  endfacet
  facet normal -0.9408814512563191 0.3387360250723312 0
    outer loop
      vertex 12.627640724182129 -0.7725419998168945 43
      vertex 12.574440956115723 -0.9203109741210938 3
      vertex 12.574440956115723 -0.9203109741210938 43
    endloop
  endfacet
  facet normal 0.9995067118791654 0.03140593747206301 0
    outer loop
      vertex 7.754932403564453 -0.15697574615478516 43
      vertex 7.75 0 3
      vertex 7.75 0 43
    endloop
  endfacet
  facet normal 0.9995067118791654 0.03140593747206301 0
    outer loop
      vertex 7.75 0 3
      vertex 7.754932403564453 -0.15697574615478516 43
      vertex 7.754932403564453 -0.15697574615478516 3
    endloop
  endfacet
  facet normal 0.9602938145733177 -0.2789906623746148 0
    outer loop
      vertex 7.8285417556762695 0.6217241287231445 43
      vertex 7.872358322143555 0.7725419998168945 3
      vertex 7.872358322143555 0.7725419998168945 43
    endloop
  endfacet
  facet normal 0.9602938145733177 -0.2789906623746148 0
    outer loop
      vertex 7.872358322143555 0.7725419998168945 3
      vertex 7.8285417556762695 0.6217241287231445 43
      vertex 7.8285417556762695 0.6217241287231445 3
    endloop
  endfacet
  facet normal -0.9177529721815952 0.3971517116315226 0
    outer loop
      vertex 12.512066841125488 -1.0644474029541016 3
      vertex 12.574440956115723 -0.9203109741210938 43
      vertex 12.574440956115723 -0.9203109741210938 3
    endloop
  endfacet
  facet normal -0.9177529721815952 0.3971517116315226 0
    outer loop
      vertex 12.574440956115723 -0.9203109741210938 43
      vertex 12.512066841125488 -1.0644474029541016 3
      vertex 12.512066841125488 -1.0644474029541016 43
    endloop
  endfacet
  facet normal 0.03141181313357849 -0.9995065272401482 0
    outer loop
      vertex 10.093023300170898 2.4950666427612305 3
      vertex 10.25 2.5 43
      vertex 10.093023300170898 2.4950666427612305 43
    endloop
  endfacet
  facet normal 0.03141181313357849 -0.9995065272401482 0
    outer loop
      vertex 10.25 2.5 43
      vertex 10.093023300170898 2.4950666427612305 3
      vertex 10.25 2.5 3
    endloop
  endfacet
  facet normal 0.09410815095442854 0.9955619799509916 0
    outer loop
      vertex 10.093023300170898 -2.4950666427612305 3
      vertex 9.936666488647461 -2.4802865982055664 43
      vertex 10.093023300170898 -2.4950666427612305 43
    endloop
  endfacet
  facet normal 0.09410815095442854 0.9955619799509916 0
    outer loop
      vertex 9.936666488647461 -2.4802865982055664 43
      vertex 10.093023300170898 -2.4950666427612305 3
      vertex 9.936666488647461 -2.4802865982055664 3
    endloop
  endfacet
  facet normal -0.9602938145733177 0.2789906623746148 0
    outer loop
      vertex 12.627640724182129 -0.7725419998168945 3
      vertex 12.671457290649414 -0.6217241287231445 43
      vertex 12.671457290649414 -0.6217241287231445 3
    endloop
  endfacet
  facet normal -0.9602938145733177 0.2789906623746148 0
    outer loop
      vertex 12.671457290649414 -0.6217241287231445 43
      vertex 12.627640724182129 -0.7725419998168945 3
      vertex 12.627640724182129 -0.7725419998168945 43
    endloop
  endfacet
  facet normal 0.9177529721815952 0.3971517116315226 0
    outer loop
      vertex 7.987932205200195 -1.0644474029541016 43
      vertex 7.925558090209961 -0.9203109741210938 3
      vertex 7.925558090209961 -0.9203109741210938 43
    endloop
  endfacet
  facet normal 0.9177529721815952 0.3971517116315226 0
    outer loop
      vertex 7.925558090209961 -0.9203109741210938 3
      vertex 7.987932205200195 -1.0644474029541016 43
      vertex 7.987932205200195 -1.0644474029541016 3
    endloop
  endfacet
  facet normal -0.5620812925732648 -0.8270819914247729 0
    outer loop
      vertex 11.589566230773926 2.110818862915039 3
      vertex 11.719462394714355 2.0225419998168945 43
      vertex 11.589566230773926 2.110818862915039 43
    endloop
  endfacet
  facet normal -0.5620812925732648 -0.8270819914247729 0
    outer loop
      vertex 11.719462394714355 2.0225419998168945 43
      vertex 11.589566230773926 2.110818862915039 3
      vertex 11.719462394714355 2.0225419998168945 3
    endloop
  endfacet
  facet normal 0.9602938145733177 0.2789906623746148 0
    outer loop
      vertex 7.872358322143555 -0.7725419998168945 43
      vertex 7.8285417556762695 -0.6217241287231445 3
      vertex 7.8285417556762695 -0.6217241287231445 43
    endloop
  endfacet
  facet normal 0.9602938145733177 0.2789906623746148 0
    outer loop
      vertex 7.8285417556762695 -0.6217241287231445 3
      vertex 7.872358322143555 -0.7725419998168945 43
      vertex 7.872358322143555 -0.7725419998168945 3
    endloop
  endfacet
  facet normal 0.9408814512563191 -0.3387360250723312 0
    outer loop
      vertex 7.872358322143555 0.7725419998168945 43
      vertex 7.925558090209961 0.9203109741210938 3
      vertex 7.925558090209961 0.9203109741210938 43
    endloop
  endfacet
  facet normal 0.9408814512563191 -0.3387360250723312 0
    outer loop
      vertex 7.925558090209961 0.9203109741210938 3
      vertex 7.872358322143555 0.7725419998168945 43
      vertex 7.872358322143555 0.7725419998168945 3
    endloop
  endfacet
  facet normal -0.6129059300343599 -0.7901558839423498 0
    outer loop
      vertex 11.719462394714355 2.0225419998168945 3
      vertex 11.843559265136719 1.9262828826904297 43
      vertex 11.719462394714355 2.0225419998168945 43
    endloop
  endfacet
  facet normal -0.6129059300343599 -0.7901558839423498 0
    outer loop
      vertex 11.843559265136719 1.9262828826904297 43
      vertex 11.719462394714355 2.0225419998168945 3
      vertex 11.843559265136719 1.9262828826904297 3
    endloop
  endfacet
  facet normal 0.3971517116315226 -0.9177529721815952 0
    outer loop
      vertex 9.185551643371582 2.2620668411254883 3
      vertex 9.32968807220459 2.3244409561157227 43
      vertex 9.185551643371582 2.2620668411254883 43
    endloop
  endfacet
  facet normal 0.3971517116315226 -0.9177529721815952 0
    outer loop
      vertex 9.32968807220459 2.3244409561157227 43
      vertex 9.185551643371582 2.2620668411254883 3
      vertex 9.32968807220459 2.3244409561157227 3
    endloop
  endfacet
  facet normal -0.5090453525991072 -0.8607396987459395 0
    outer loop
      vertex 11.454383850097656 2.1907663345336914 3
      vertex 11.589566230773926 2.110818862915039 43
      vertex 11.454383850097656 2.1907663345336914 43
    endloop
  endfacet
  facet normal -0.5090453525991072 -0.8607396987459395 0
    outer loop
      vertex 11.589566230773926 2.110818862915039 43
      vertex 11.454383850097656 2.1907663345336914 3
      vertex 11.589566230773926 2.110818862915039 3
    endloop
  endfacet
  facet normal -0.8270819914247729 0.5620812925732648 0
    outer loop
      vertex 12.272541999816895 -1.4694623947143555 3
      vertex 12.360818862915039 -1.3395662307739258 43
      vertex 12.360818862915039 -1.3395662307739258 3
    endloop
  endfacet
  facet normal -0.8270819914247729 0.5620812925732648 0
    outer loop
      vertex 12.360818862915039 -1.3395662307739258 43
      vertex 12.272541999816895 -1.4694623947143555 3
      vertex 12.272541999816895 -1.4694623947143555 43
    endloop
  endfacet
  facet normal -0.45398709000492876 0.8910082615267136 0
    outer loop
      vertex 11.454383850097656 -2.1907663345336914 3
      vertex 11.314447402954102 -2.2620668411254883 43
      vertex 11.454383850097656 -2.1907663345336914 43
    endloop
  endfacet
  facet normal -0.45398709000492876 0.8910082615267136 0
    outer loop
      vertex 11.314447402954102 -2.2620668411254883 43
      vertex 11.454383850097656 -2.1907663345336914 3
      vertex 11.314447402954102 -2.2620668411254883 3
    endloop
  endfacet
  facet normal 0.8910082615267136 -0.45398709000492876 0
    outer loop
      vertex 7.987932205200195 1.0644474029541016 43
      vertex 8.059232711791992 1.2043838500976562 3
      vertex 8.059232711791992 1.2043838500976562 43
    endloop
  endfacet
  facet normal 0.8910082615267136 -0.45398709000492876 0
    outer loop
      vertex 8.059232711791992 1.2043838500976562 3
      vertex 7.987932205200195 1.0644474029541016 43
      vertex 7.987932205200195 1.0644474029541016 3
    endloop
  endfacet
  facet normal 0.9177529721815952 -0.3971517116315226 0
    outer loop
      vertex 7.925558090209961 0.9203109741210938 43
      vertex 7.987932205200195 1.0644474029541016 3
      vertex 7.987932205200195 1.0644474029541016 43
    endloop
  endfacet
  facet normal 0.9177529721815952 -0.3971517116315226 0
    outer loop
      vertex 7.987932205200195 1.0644474029541016 3
      vertex 7.925558090209961 0.9203109741210938 43
      vertex 7.925558090209961 0.9203109741210938 3
    endloop
  endfacet
  facet normal -0.9955619799509916 -0.09410815095442854 0
    outer loop
      vertex 12.74506664276123 0.15697574615478516 3
      vertex 12.730286598205566 0.31333255767822266 43
      vertex 12.730286598205566 0.31333255767822266 3
    endloop
  endfacet
  facet normal -0.9955619799509916 -0.09410815095442854 0
    outer loop
      vertex 12.730286598205566 0.31333255767822266 43
      vertex 12.74506664276123 0.15697574615478516 3
      vertex 12.74506664276123 0.15697574615478516 43
    endloop
  endfacet
  facet normal 0.9955619799509916 -0.09410815095442854 0
    outer loop
      vertex 7.754932403564453 0.15697574615478516 43
      vertex 7.769712448120117 0.31333255767822266 3
      vertex 7.769712448120117 0.31333255767822266 43
    endloop
  endfacet
  facet normal 0.9955619799509916 -0.09410815095442854 0
    outer loop
      vertex 7.769712448120117 0.31333255767822266 3
      vertex 7.754932403564453 0.15697574615478516 43
      vertex 7.754932403564453 0.15697574615478516 3
    endloop
  endfacet
  facet normal -0.8910082615267136 -0.45398709000492876 0
    outer loop
      vertex 12.512066841125488 1.0644474029541016 3
      vertex 12.440766334533691 1.2043838500976562 43
      vertex 12.440766334533691 1.2043838500976562 3
    endloop
  endfacet
  facet normal -0.8910082615267136 -0.45398709000492876 0
    outer loop
      vertex 12.440766334533691 1.2043838500976562 43
      vertex 12.512066841125488 1.0644474029541016 3
      vertex 12.512066841125488 1.0644474029541016 43
    endloop
  endfacet
  facet normal -0.2789906623746148 -0.9602938145733177 0
    outer loop
      vertex 10.871724128723145 2.421457290649414 3
      vertex 11.022541999816895 2.377640724182129 43
      vertex 10.871724128723145 2.421457290649414 43
    endloop
  endfacet
  facet normal -0.2789906623746148 -0.9602938145733177 0
    outer loop
      vertex 11.022541999816895 2.377640724182129 43
      vertex 10.871724128723145 2.421457290649414 3
      vertex 11.022541999816895 2.377640724182129 3
    endloop
  endfacet
  facet normal 0.5620812925732648 0.8270819914247729 0
    outer loop
      vertex 8.910432815551758 -2.110818862915039 3
      vertex 8.780536651611328 -2.0225419998168945 43
      vertex 8.910432815551758 -2.110818862915039 43
    endloop
  endfacet
  facet normal 0.5620812925732648 0.8270819914247729 0
    outer loop
      vertex 8.780536651611328 -2.0225419998168945 43
      vertex 8.910432815551758 -2.110818862915039 3
      vertex 8.780536651611328 -2.0225419998168945 3
    endloop
  endfacet
  facet normal 0.09410815095442854 -0.9955619799509916 0
    outer loop
      vertex 9.936666488647461 2.4802865982055664 3
      vertex 10.093023300170898 2.4950666427612305 43
      vertex 9.936666488647461 2.4802865982055664 43
    endloop
  endfacet
  facet normal 0.09410815095442854 -0.9955619799509916 0
    outer loop
      vertex 10.093023300170898 2.4950666427612305 43
      vertex 9.936666488647461 2.4802865982055664 3
      vertex 10.093023300170898 2.4950666427612305 3
    endloop
  endfacet
  facet normal 0.6613110920207229 -0.7501117513879908 0
    outer loop
      vertex 8.538631439208984 1.8224210739135742 3
      vertex 8.656439781188965 1.9262828826904297 43
      vertex 8.538631439208984 1.8224210739135742 43
    endloop
  endfacet
  facet normal 0.6613110920207229 -0.7501117513879908 0
    outer loop
      vertex 8.656439781188965 1.9262828826904297 43
      vertex 8.538631439208984 1.8224210739135742 3
      vertex 8.656439781188965 1.9262828826904297 3
    endloop
  endfacet
  facet normal 0.5620812925732648 -0.8270819914247729 0
    outer loop
      vertex 8.780536651611328 2.0225419998168945 3
      vertex 8.910432815551758 2.110818862915039 43
      vertex 8.780536651611328 2.0225419998168945 43
    endloop
  endfacet
  facet normal 0.5620812925732648 -0.8270819914247729 0
    outer loop
      vertex 8.910432815551758 2.110818862915039 43
      vertex 8.780536651611328 2.0225419998168945 3
      vertex 8.910432815551758 2.110818862915039 3
    endloop
  endfacet
  facet normal 0.2789906623746148 -0.9602938145733177 0
    outer loop
      vertex 9.477457046508789 2.377640724182129 3
      vertex 9.628274917602539 2.421457290649414 43
      vertex 9.477457046508789 2.377640724182129 43
    endloop
  endfacet
  facet normal 0.2789906623746148 -0.9602938145733177 0
    outer loop
      vertex 9.628274917602539 2.421457290649414 43
      vertex 9.477457046508789 2.377640724182129 3
      vertex 9.628274917602539 2.421457290649414 3
    endloop
  endfacet
  facet normal 0.9876883604300362 0.1564343398075595 0
    outer loop
      vertex 7.794281005859375 -0.46845245361328125 43
      vertex 7.769712448120117 -0.31333255767822266 3
      vertex 7.769712448120117 -0.31333255767822266 43
    endloop
  endfacet
  facet normal 0.9876883604300362 0.1564343398075595 0
    outer loop
      vertex 7.769712448120117 -0.31333255767822266 3
      vertex 7.794281005859375 -0.46845245361328125 43
      vertex 7.794281005859375 -0.46845245361328125 3
    endloop
  endfacet
  facet normal -0.9955619799509916 0.09410815095442854 0
    outer loop
      vertex 12.730286598205566 -0.31333255767822266 3
      vertex 12.74506664276123 -0.15697574615478516 43
      vertex 12.74506664276123 -0.15697574615478516 3
    endloop
  endfacet
  facet normal -0.9955619799509916 0.09410815095442854 0
    outer loop
      vertex 12.74506664276123 -0.15697574615478516 43
      vertex 12.730286598205566 -0.31333255767822266 3
      vertex 12.730286598205566 -0.31333255767822266 43
    endloop
  endfacet
  facet normal 0.8607396987459395 -0.5090453525991072 0
    outer loop
      vertex 8.059232711791992 1.2043838500976562 43
      vertex 8.139180183410645 1.3395662307739258 3
      vertex 8.139180183410645 1.3395662307739258 43
    endloop
  endfacet
  facet normal 0.8607396987459395 -0.5090453525991072 0
    outer loop
      vertex 8.139180183410645 1.3395662307739258 3
      vertex 8.059232711791992 1.2043838500976562 43
      vertex 8.059232711791992 1.2043838500976562 3
    endloop
  endfacet
  facet normal -0.03141200378137986 -0.9995065212485803 0
    outer loop
      vertex 10.25 2.5 3
      vertex 10.406975746154785 2.4950666427612305 43
      vertex 10.25 2.5 43
    endloop
  endfacet
  facet normal -0.03141200378137986 -0.9995065212485803 0
    outer loop
      vertex 10.406975746154785 2.4950666427612305 43
      vertex 10.25 2.5 3
      vertex 10.406975746154785 2.4950666427612305 3
    endloop
  endfacet
  facet normal -0.1564343398075595 -0.9876883604300362 0
    outer loop
      vertex 10.563332557678223 2.4802865982055664 3
      vertex 10.718452453613281 2.4557180404663086 43
      vertex 10.563332557678223 2.4802865982055664 43
    endloop
  endfacet
  facet normal -0.1564343398075595 -0.9876883604300362 0
    outer loop
      vertex 10.718452453613281 2.4557180404663086 43
      vertex 10.563332557678223 2.4802865982055664 3
      vertex 10.718452453613281 2.4557180404663086 3
    endloop
  endfacet
  facet normal 0.8910082615267136 0.45398709000492876 0
    outer loop
      vertex 8.059232711791992 -1.2043838500976562 43
      vertex 7.987932205200195 -1.0644474029541016 3
      vertex 7.987932205200195 -1.0644474029541016 43
    endloop
  endfacet
  facet normal 0.8910082615267136 0.45398709000492876 0
    outer loop
      vertex 7.987932205200195 -1.0644474029541016 3
      vertex 8.059232711791992 -1.2043838500976562 43
      vertex 8.059232711791992 -1.2043838500976562 3
    endloop
  endfacet
  facet normal 0.6613110920207229 0.7501117513879908 0
    outer loop
      vertex 8.656439781188965 -1.9262828826904297 3
      vertex 8.538631439208984 -1.8224210739135742 43
      vertex 8.656439781188965 -1.9262828826904297 43
    endloop
  endfacet
  facet normal 0.6613110920207229 0.7501117513879908 0
    outer loop
      vertex 8.538631439208984 -1.8224210739135742 43
      vertex 8.656439781188965 -1.9262828826904297 3
      vertex 8.538631439208984 -1.8224210739135742 3
    endloop
  endfacet
  facet normal -0.8607396987459395 0.5090453525991072 0
    outer loop
      vertex 12.360818862915039 -1.3395662307739258 3
      vertex 12.440766334533691 -1.2043838500976562 43
      vertex 12.440766334533691 -1.2043838500976562 3
    endloop
  endfacet
  facet normal -0.8607396987459395 0.5090453525991072 0
    outer loop
      vertex 12.440766334533691 -1.2043838500976562 43
      vertex 12.360818862915039 -1.3395662307739258 3
      vertex 12.360818862915039 -1.3395662307739258 43
    endloop
  endfacet
  facet normal -0.7071067811865475 -0.7071067811865475 0
    outer loop
      vertex 12.072421073913574 1.7113676071166992 3
      vertex 11.9613676071167 1.8224210739135742 43
      vertex 11.9613676071167 1.8224210739135742 3
    endloop
  endfacet
  facet normal -0.7071067811865475 -0.7071067811865475 0
    outer loop
      vertex 11.9613676071167 1.8224210739135742 43
      vertex 12.072421073913574 1.7113676071166992 3
      vertex 12.072421073913574 1.7113676071166992 43
    endloop
  endfacet
  facet normal 0.218146099784683 -0.9759161230089045 0
    outer loop
      vertex 9.628274917602539 2.421457290649414 3
      vertex 9.781546592712402 2.4557180404663086 43
      vertex 9.628274917602539 2.421457290649414 43
    endloop
  endfacet
  facet normal 0.218146099784683 -0.9759161230089045 0
    outer loop
      vertex 9.781546592712402 2.4557180404663086 43
      vertex 9.628274917602539 2.421457290649414 3
      vertex 9.781546592712402 2.4557180404663086 3
    endloop
  endfacet
  facet normal -0.7901558839423498 -0.6129059300343599 0
    outer loop
      vertex 12.272541999816895 1.4694623947143555 3
      vertex 12.17628288269043 1.5935592651367188 43
      vertex 12.17628288269043 1.5935592651367188 3
    endloop
  endfacet
  facet normal -0.7901558839423498 -0.6129059300343599 0
    outer loop
      vertex 12.17628288269043 1.5935592651367188 43
      vertex 12.272541999816895 1.4694623947143555 3
      vertex 12.272541999816895 1.4694623947143555 43
    endloop
  endfacet
  facet normal 0.8270819914247729 -0.5620812925732648 0
    outer loop
      vertex 8.139180183410645 1.3395662307739258 43
      vertex 8.227457046508789 1.4694623947143555 3
      vertex 8.227457046508789 1.4694623947143555 43
    endloop
  endfacet
  facet normal 0.8270819914247729 -0.5620812925732648 0
    outer loop
      vertex 8.227457046508789 1.4694623947143555 3
      vertex 8.139180183410645 1.3395662307739258 43
      vertex 8.139180183410645 1.3395662307739258 3
    endloop
  endfacet
  facet normal -0.3387360250723312 -0.9408814512563191 0
    outer loop
      vertex 11.022541999816895 2.377640724182129 3
      vertex 11.170310974121094 2.3244409561157227 43
      vertex 11.022541999816895 2.377640724182129 43
    endloop
  endfacet
  facet normal -0.3387360250723312 -0.9408814512563191 0
    outer loop
      vertex 11.170310974121094 2.3244409561157227 43
      vertex 11.022541999816895 2.377640724182129 3
      vertex 11.170310974121094 2.3244409561157227 3
    endloop
  endfacet
  facet normal -0.8270819914247729 -0.5620812925732648 0
    outer loop
      vertex 12.360818862915039 1.3395662307739258 3
      vertex 12.272541999816895 1.4694623947143555 43
      vertex 12.272541999816895 1.4694623947143555 3
    endloop
  endfacet
  facet normal -0.8270819914247729 -0.5620812925732648 0
    outer loop
      vertex 12.272541999816895 1.4694623947143555 43
      vertex 12.360818862915039 1.3395662307739258 3
      vertex 12.360818862915039 1.3395662307739258 43
    endloop
  endfacet
  facet normal -0.7071067811865475 0.7071067811865475 0
    outer loop
      vertex 11.9613676071167 -1.8224210739135742 3
      vertex 12.072421073913574 -1.7113676071166992 43
      vertex 12.072421073913574 -1.7113676071166992 3
    endloop
  endfacet
  facet normal -0.7071067811865475 0.7071067811865475 0
    outer loop
      vertex 12.072421073913574 -1.7113676071166992 43
      vertex 11.9613676071167 -1.8224210739135742 3
      vertex 11.9613676071167 -1.8224210739135742 43
    endloop
  endfacet
  facet normal -0.2789906623746148 0.9602938145733177 0
    outer loop
      vertex 11.022541999816895 -2.377640724182129 3
      vertex 10.871724128723145 -2.421457290649414 43
      vertex 11.022541999816895 -2.377640724182129 43
    endloop
  endfacet
  facet normal -0.2789906623746148 0.9602938145733177 0
    outer loop
      vertex 10.871724128723145 -2.421457290649414 43
      vertex 11.022541999816895 -2.377640724182129 3
      vertex 10.871724128723145 -2.421457290649414 3
    endloop
  endfacet
  facet normal -0.6613110920207229 -0.7501117513879908 0
    outer loop
      vertex 11.843559265136719 1.9262828826904297 3
      vertex 11.9613676071167 1.8224210739135742 43
      vertex 11.843559265136719 1.9262828826904297 43
    endloop
  endfacet
  facet normal -0.6613110920207229 -0.7501117513879908 0
    outer loop
      vertex 11.9613676071167 1.8224210739135742 43
      vertex 11.843559265136719 1.9262828826904297 3
      vertex 11.9613676071167 1.8224210739135742 3
    endloop
  endfacet
  facet normal 0.3971517116315226 0.9177529721815952 0
    outer loop
      vertex 9.32968807220459 -2.3244409561157227 3
      vertex 9.185551643371582 -2.2620668411254883 43
      vertex 9.32968807220459 -2.3244409561157227 43
    endloop
  endfacet
  facet normal 0.3971517116315226 0.9177529721815952 0
    outer loop
      vertex 9.185551643371582 -2.2620668411254883 43
      vertex 9.32968807220459 -2.3244409561157227 3
      vertex 9.185551643371582 -2.2620668411254883 3
    endloop
  endfacet
  facet normal 0.9995067118791654 -0.03140593747206301 0
    outer loop
      vertex 7.75 0 43
      vertex 7.754932403564453 0.15697574615478516 3
      vertex 7.754932403564453 0.15697574615478516 43
    endloop
  endfacet
  facet normal 0.9995067118791654 -0.03140593747206301 0
    outer loop
      vertex 7.754932403564453 0.15697574615478516 3
      vertex 7.75 0 43
      vertex 7.75 0 3
    endloop
  endfacet
  facet normal -0.8910082615267136 0.45398709000492876 0
    outer loop
      vertex 12.440766334533691 -1.2043838500976562 3
      vertex 12.512066841125488 -1.0644474029541016 43
      vertex 12.512066841125488 -1.0644474029541016 3
    endloop
  endfacet
  facet normal -0.8910082615267136 0.45398709000492876 0
    outer loop
      vertex 12.512066841125488 -1.0644474029541016 43
      vertex 12.440766334533691 -1.2043838500976562 3
      vertex 12.440766334533691 -1.2043838500976562 43
    endloop
  endfacet
  facet normal -0.9408814512563191 -0.3387360250723312 0
    outer loop
      vertex 12.627640724182129 0.7725419998168945 3
      vertex 12.574440956115723 0.9203109741210938 43
      vertex 12.574440956115723 0.9203109741210938 3
    endloop
  endfacet
  facet normal -0.9408814512563191 -0.3387360250723312 0
    outer loop
      vertex 12.574440956115723 0.9203109741210938 43
      vertex 12.627640724182129 0.7725419998168945 3
      vertex 12.627640724182129 0.7725419998168945 43
    endloop
  endfacet
  facet normal -0.9759161230089045 0.218146099784683 0
    outer loop
      vertex 12.671457290649414 -0.6217241287231445 3
      vertex 12.705718040466309 -0.46845245361328125 43
      vertex 12.705718040466309 -0.46845245361328125 3
    endloop
  endfacet
  facet normal -0.9759161230089045 0.218146099784683 0
    outer loop
      vertex 12.705718040466309 -0.46845245361328125 43
      vertex 12.671457290649414 -0.6217241287231445 3
      vertex 12.671457290649414 -0.6217241287231445 43
    endloop
  endfacet
  facet normal -0.8607396987459395 -0.5090453525991072 0
    outer loop
      vertex 12.440766334533691 1.2043838500976562 3
      vertex 12.360818862915039 1.3395662307739258 43
      vertex 12.360818862915039 1.3395662307739258 3
    endloop
  endfacet
  facet normal -0.8607396987459395 -0.5090453525991072 0
    outer loop
      vertex 12.360818862915039 1.3395662307739258 43
      vertex 12.440766334533691 1.2043838500976562 3
      vertex 12.440766334533691 1.2043838500976562 43
    endloop
  endfacet
  facet normal -0.9177529721815952 -0.3971517116315226 0
    outer loop
      vertex 12.574440956115723 0.9203109741210938 3
      vertex 12.512066841125488 1.0644474029541016 43
      vertex 12.512066841125488 1.0644474029541016 3
    endloop
  endfacet
  facet normal -0.9177529721815952 -0.3971517116315226 0
    outer loop
      vertex 12.512066841125488 1.0644474029541016 43
      vertex 12.574440956115723 0.9203109741210938 3
      vertex 12.574440956115723 0.9203109741210938 43
    endloop
  endfacet
  facet normal 0.9759161230089045 0.218146099784683 0
    outer loop
      vertex 7.8285417556762695 -0.6217241287231445 43
      vertex 7.794281005859375 -0.46845245361328125 3
      vertex 7.794281005859375 -0.46845245361328125 43
    endloop
  endfacet
  facet normal 0.9759161230089045 0.218146099784683 0
    outer loop
      vertex 7.794281005859375 -0.46845245361328125 3
      vertex 7.8285417556762695 -0.6217241287231445 43
      vertex 7.8285417556762695 -0.6217241287231445 3
    endloop
  endfacet
  facet normal -0.6129059300343599 0.7901558839423498 0
    outer loop
      vertex 11.843559265136719 -1.9262828826904297 3
      vertex 11.719462394714355 -2.0225419998168945 43
      vertex 11.843559265136719 -1.9262828826904297 43
    endloop
  endfacet
  facet normal -0.6129059300343599 0.7901558839423498 0
    outer loop
      vertex 11.719462394714355 -2.0225419998168945 43
      vertex 11.843559265136719 -1.9262828826904297 3
      vertex 11.719462394714355 -2.0225419998168945 3
    endloop
  endfacet
  facet normal 0.45398709000492876 -0.8910082615267136 0
    outer loop
      vertex 9.045615196228027 2.1907663345336914 3
      vertex 9.185551643371582 2.2620668411254883 43
      vertex 9.045615196228027 2.1907663345336914 43
    endloop
  endfacet
  facet normal 0.45398709000492876 -0.8910082615267136 0
    outer loop
      vertex 9.185551643371582 2.2620668411254883 43
      vertex 9.045615196228027 2.1907663345336914 3
      vertex 9.185551643371582 2.2620668411254883 3
    endloop
  endfacet
  facet normal -0.09410815095442854 -0.9955619799509916 0
    outer loop
      vertex 10.406975746154785 2.4950666427612305 3
      vertex 10.563332557678223 2.4802865982055664 43
      vertex 10.406975746154785 2.4950666427612305 43
    endloop
  endfacet
  facet normal -0.09410815095442854 -0.9955619799509916 0
    outer loop
      vertex 10.563332557678223 2.4802865982055664 43
      vertex 10.406975746154785 2.4950666427612305 3
      vertex 10.563332557678223 2.4802865982055664 3
    endloop
  endfacet
  facet normal 0.9759161230089045 -0.218146099784683 0
    outer loop
      vertex 7.794281005859375 0.46845245361328125 43
      vertex 7.8285417556762695 0.6217241287231445 3
      vertex 7.8285417556762695 0.6217241287231445 43
    endloop
  endfacet
  facet normal 0.9759161230089045 -0.218146099784683 0
    outer loop
      vertex 7.8285417556762695 0.6217241287231445 3
      vertex 7.794281005859375 0.46845245361328125 43
      vertex 7.794281005859375 0.46845245361328125 3
    endloop
  endfacet
  facet normal 0.7501117513879908 -0.6613110920207229 0
    outer loop
      vertex 8.323716163635254 1.5935592651367188 43
      vertex 8.42757797241211 1.7113676071166992 3
      vertex 8.42757797241211 1.7113676071166992 43
    endloop
  endfacet
  facet normal 0.7501117513879908 -0.6613110920207229 0
    outer loop
      vertex 8.42757797241211 1.7113676071166992 3
      vertex 8.323716163635254 1.5935592651367188 43
      vertex 8.323716163635254 1.5935592651367188 3
    endloop
  endfacet
  facet normal 0.8607396987459395 0.5090453525991072 0
    outer loop
      vertex 8.139180183410645 -1.3395662307739258 43
      vertex 8.059232711791992 -1.2043838500976562 3
      vertex 8.059232711791992 -1.2043838500976562 43
    endloop
  endfacet
  facet normal 0.8607396987459395 0.5090453525991072 0
    outer loop
      vertex 8.059232711791992 -1.2043838500976562 3
      vertex 8.139180183410645 -1.3395662307739258 43
      vertex 8.139180183410645 -1.3395662307739258 3
    endloop
  endfacet
  facet normal -0.45398709000492876 -0.8910082615267136 0
    outer loop
      vertex 11.314447402954102 2.2620668411254883 3
      vertex 11.454383850097656 2.1907663345336914 43
      vertex 11.314447402954102 2.2620668411254883 43
    endloop
  endfacet
  facet normal -0.45398709000492876 -0.8910082615267136 0
    outer loop
      vertex 11.454383850097656 2.1907663345336914 43
      vertex 11.314447402954102 2.2620668411254883 3
      vertex 11.454383850097656 2.1907663345336914 3
    endloop
  endfacet
  facet normal 0.45398709000492876 0.8910082615267136 0
    outer loop
      vertex 9.185551643371582 -2.2620668411254883 3
      vertex 9.045615196228027 -2.1907663345336914 43
      vertex 9.185551643371582 -2.2620668411254883 43
    endloop
  endfacet
  facet normal 0.45398709000492876 0.8910082615267136 0
    outer loop
      vertex 9.045615196228027 -2.1907663345336914 43
      vertex 9.185551643371582 -2.2620668411254883 3
      vertex 9.045615196228027 -2.1907663345336914 3
    endloop
  endfacet
  facet normal 0.7071067811865475 0.7071067811865475 0
    outer loop
      vertex 8.538631439208984 -1.8224210739135742 43
      vertex 8.42757797241211 -1.7113676071166992 3
      vertex 8.42757797241211 -1.7113676071166992 43
    endloop
  endfacet
  facet normal 0.7071067811865475 0.7071067811865475 0
    outer loop
      vertex 8.42757797241211 -1.7113676071166992 3
      vertex 8.538631439208984 -1.8224210739135742 43
      vertex 8.538631439208984 -1.8224210739135742 3
    endloop
  endfacet
  facet normal 0.2789906623746148 0.9602938145733177 0
    outer loop
      vertex 9.628274917602539 -2.421457290649414 3
      vertex 9.477457046508789 -2.377640724182129 43
      vertex 9.628274917602539 -2.421457290649414 43
    endloop
  endfacet
  facet normal 0.2789906623746148 0.9602938145733177 0
    outer loop
      vertex 9.477457046508789 -2.377640724182129 43
      vertex 9.628274917602539 -2.421457290649414 3
      vertex 9.477457046508789 -2.377640724182129 3
    endloop
  endfacet
  facet normal -0.9759161230089045 -0.218146099784683 0
    outer loop
      vertex 12.705718040466309 0.46845245361328125 3
      vertex 12.671457290649414 0.6217241287231445 43
      vertex 12.671457290649414 0.6217241287231445 3
    endloop
  endfacet
  facet normal -0.9759161230089045 -0.218146099784683 0
    outer loop
      vertex 12.671457290649414 0.6217241287231445 43
      vertex 12.705718040466309 0.46845245361328125 3
      vertex 12.705718040466309 0.46845245361328125 43
    endloop
  endfacet
  facet normal -0.3387360250723312 0.9408814512563191 0
    outer loop
      vertex 11.170310974121094 -2.3244409561157227 3
      vertex 11.022541999816895 -2.377640724182129 43
      vertex 11.170310974121094 -2.3244409561157227 43
    endloop
  endfacet
  facet normal -0.3387360250723312 0.9408814512563191 0
    outer loop
      vertex 11.022541999816895 -2.377640724182129 43
      vertex 11.170310974121094 -2.3244409561157227 3
      vertex 11.022541999816895 -2.377640724182129 3
    endloop
  endfacet
  facet normal -0.7901558839423498 0.6129059300343599 0
    outer loop
      vertex 12.17628288269043 -1.5935592651367188 3
      vertex 12.272541999816895 -1.4694623947143555 43
      vertex 12.272541999816895 -1.4694623947143555 3
    endloop
  endfacet
  facet normal -0.7901558839423498 0.6129059300343599 0
    outer loop
      vertex 12.272541999816895 -1.4694623947143555 43
      vertex 12.17628288269043 -1.5935592651367188 3
      vertex 12.17628288269043 -1.5935592651367188 43
    endloop
  endfacet
  facet normal -0.7501117513879908 0.6613110920207229 0
    outer loop
      vertex 12.072421073913574 -1.7113676071166992 3
      vertex 12.17628288269043 -1.5935592651367188 43
      vertex 12.17628288269043 -1.5935592651367188 3
    endloop
  endfacet
  facet normal -0.7501117513879908 0.6613110920207229 0
    outer loop
      vertex 12.17628288269043 -1.5935592651367188 43
      vertex 12.072421073913574 -1.7113676071166992 3
      vertex 12.072421073913574 -1.7113676071166992 43
    endloop
  endfacet
  facet normal 0.3387360250723312 0.9408814512563191 0
    outer loop
      vertex 9.477457046508789 -2.377640724182129 3
      vertex 9.32968807220459 -2.3244409561157227 43
      vertex 9.477457046508789 -2.377640724182129 43
    endloop
  endfacet
  facet normal 0.3387360250723312 0.9408814512563191 0
    outer loop
      vertex 9.32968807220459 -2.3244409561157227 43
      vertex 9.477457046508789 -2.377640724182129 3
      vertex 9.32968807220459 -2.3244409561157227 3
    endloop
  endfacet
  facet normal 0.9955619799509916 0.09410815095442854 0
    outer loop
      vertex 7.769712448120117 -0.31333255767822266 43
      vertex 7.754932403564453 -0.15697574615478516 3
      vertex 7.754932403564453 -0.15697574615478516 43
    endloop
  endfacet
  facet normal 0.9955619799509916 0.09410815095442854 0
    outer loop
      vertex 7.754932403564453 -0.15697574615478516 3
      vertex 7.769712448120117 -0.31333255767822266 43
      vertex 7.769712448120117 -0.31333255767822266 3
    endloop
  endfacet
  facet normal -0.218146099784683 -0.9759161230089045 0
    outer loop
      vertex 10.718452453613281 2.4557180404663086 3
      vertex 10.871724128723145 2.421457290649414 43
      vertex 10.718452453613281 2.4557180404663086 43
    endloop
  endfacet
  facet normal -0.218146099784683 -0.9759161230089045 0
    outer loop
      vertex 10.871724128723145 2.421457290649414 43
      vertex 10.718452453613281 2.4557180404663086 3
      vertex 10.871724128723145 2.421457290649414 3
    endloop
  endfacet
  facet normal -0.09410815095442854 0.9955619799509916 0
    outer loop
      vertex 10.563332557678223 -2.4802865982055664 3
      vertex 10.406975746154785 -2.4950666427612305 43
      vertex 10.563332557678223 -2.4802865982055664 43
    endloop
  endfacet
  facet normal -0.09410815095442854 0.9955619799509916 0
    outer loop
      vertex 10.406975746154785 -2.4950666427612305 43
      vertex 10.563332557678223 -2.4802865982055664 3
      vertex 10.406975746154785 -2.4950666427612305 3
    endloop
  endfacet
  facet normal -0.5090453525991072 0.8607396987459395 0
    outer loop
      vertex 11.589566230773926 -2.110818862915039 3
      vertex 11.454383850097656 -2.1907663345336914 43
      vertex 11.589566230773926 -2.110818862915039 43
    endloop
  endfacet
  facet normal -0.5090453525991072 0.8607396987459395 0
    outer loop
      vertex 11.454383850097656 -2.1907663345336914 43
      vertex 11.589566230773926 -2.110818862915039 3
      vertex 11.454383850097656 -2.1907663345336914 3
    endloop
  endfacet
  facet normal -0.5620812925732648 0.8270819914247729 0
    outer loop
      vertex 11.719462394714355 -2.0225419998168945 3
      vertex 11.589566230773926 -2.110818862915039 43
      vertex 11.719462394714355 -2.0225419998168945 43
    endloop
  endfacet
  facet normal -0.5620812925732648 0.8270819914247729 0
    outer loop
      vertex 11.589566230773926 -2.110818862915039 43
      vertex 11.719462394714355 -2.0225419998168945 3
      vertex 11.589566230773926 -2.110818862915039 3
    endloop
  endfacet
  facet normal 0.5090453525991072 0.8607396987459395 0
    outer loop
      vertex 9.045615196228027 -2.1907663345336914 3
      vertex 8.910432815551758 -2.110818862915039 43
      vertex 9.045615196228027 -2.1907663345336914 43
    endloop
  endfacet
  facet normal 0.5090453525991072 0.8607396987459395 0
    outer loop
      vertex 8.910432815551758 -2.110818862915039 43
      vertex 9.045615196228027 -2.1907663345336914 3
      vertex 8.910432815551758 -2.110818862915039 3
    endloop
  endfacet
  facet normal 0.1564343398075595 0.9876883604300362 0
    outer loop
      vertex 9.936666488647461 -2.4802865982055664 3
      vertex 9.781546592712402 -2.4557180404663086 43
      vertex 9.936666488647461 -2.4802865982055664 43
    endloop
  endfacet
  facet normal 0.1564343398075595 0.9876883604300362 0
    outer loop
      vertex 9.781546592712402 -2.4557180404663086 43
      vertex 9.936666488647461 -2.4802865982055664 3
      vertex 9.781546592712402 -2.4557180404663086 3
    endloop
  endfacet
  facet normal 0.9408814512563191 0.3387360250723312 0
    outer loop
      vertex 7.925558090209961 -0.9203109741210938 43
      vertex 7.872358322143555 -0.7725419998168945 3
      vertex 7.872358322143555 -0.7725419998168945 43
    endloop
  endfacet
  facet normal 0.9408814512563191 0.3387360250723312 0
    outer loop
      vertex 7.872358322143555 -0.7725419998168945 3
      vertex 7.925558090209961 -0.9203109741210938 43
      vertex 7.925558090209961 -0.9203109741210938 3
    endloop
  endfacet
  facet normal -0.7501117513879908 -0.6613110920207229 0
    outer loop
      vertex 12.17628288269043 1.5935592651367188 3
      vertex 12.072421073913574 1.7113676071166992 43
      vertex 12.072421073913574 1.7113676071166992 3
    endloop
  endfacet
  facet normal -0.7501117513879908 -0.6613110920207229 0
    outer loop
      vertex 12.072421073913574 1.7113676071166992 43
      vertex 12.17628288269043 1.5935592651367188 3
      vertex 12.17628288269043 1.5935592651367188 43
    endloop
  endfacet
  facet normal 0.9876883604300362 -0.1564343398075595 0
    outer loop
      vertex 7.769712448120117 0.31333255767822266 43
      vertex 7.794281005859375 0.46845245361328125 3
      vertex 7.794281005859375 0.46845245361328125 43
    endloop
  endfacet
  facet normal 0.9876883604300362 -0.1564343398075595 0
    outer loop
      vertex 7.794281005859375 0.46845245361328125 3
      vertex 7.769712448120117 0.31333255767822266 43
      vertex 7.769712448120117 0.31333255767822266 3
    endloop
  endfacet
  facet normal -0.218146099784683 0.9759161230089045 0
    outer loop
      vertex 10.871724128723145 -2.421457290649414 3
      vertex 10.718452453613281 -2.4557180404663086 43
      vertex 10.871724128723145 -2.421457290649414 43
    endloop
  endfacet
  facet normal -0.218146099784683 0.9759161230089045 0
    outer loop
      vertex 10.718452453613281 -2.4557180404663086 43
      vertex 10.871724128723145 -2.421457290649414 3
      vertex 10.718452453613281 -2.4557180404663086 3
    endloop
  endfacet
  facet normal 0.03141181313357849 0.9995065272401482 0
    outer loop
      vertex 10.25 -2.5 3
      vertex 10.093023300170898 -2.4950666427612305 43
      vertex 10.25 -2.5 43
    endloop
  endfacet
  facet normal 0.03141181313357849 0.9995065272401482 0
    outer loop
      vertex 10.093023300170898 -2.4950666427612305 43
      vertex 10.25 -2.5 3
      vertex 10.093023300170898 -2.4950666427612305 3
    endloop
  endfacet
  facet normal 0.7901558839423498 0.6129059300343599 0
    outer loop
      vertex 8.323716163635254 -1.5935592651367188 43
      vertex 8.227457046508789 -1.4694623947143555 3
      vertex 8.227457046508789 -1.4694623947143555 43
    endloop
  endfacet
  facet normal 0.7901558839423498 0.6129059300343599 0
    outer loop
      vertex 8.227457046508789 -1.4694623947143555 3
      vertex 8.323716163635254 -1.5935592651367188 43
      vertex 8.323716163635254 -1.5935592651367188 3
    endloop
  endfacet
  facet normal 0.7501117513879908 0.6613110920207229 0
    outer loop
      vertex 8.42757797241211 -1.7113676071166992 43
      vertex 8.323716163635254 -1.5935592651367188 3
      vertex 8.323716163635254 -1.5935592651367188 43
    endloop
  endfacet
  facet normal 0.7501117513879908 0.6613110920207229 0
    outer loop
      vertex 8.323716163635254 -1.5935592651367188 3
      vertex 8.42757797241211 -1.7113676071166992 43
      vertex 8.42757797241211 -1.7113676071166992 3
    endloop
  endfacet
  facet normal -0.3971517116315226 -0.9177529721815952 0
    outer loop
      vertex 11.170310974121094 2.3244409561157227 3
      vertex 11.314447402954102 2.2620668411254883 43
      vertex 11.170310974121094 2.3244409561157227 43
    endloop
  endfacet
  facet normal -0.3971517116315226 -0.9177529721815952 0
    outer loop
      vertex 11.314447402954102 2.2620668411254883 43
      vertex 11.170310974121094 2.3244409561157227 3
      vertex 11.314447402954102 2.2620668411254883 3
    endloop
  endfacet
  facet normal 0.6129059300343599 0.7901558839423498 0
    outer loop
      vertex 8.780536651611328 -2.0225419998168945 3
      vertex 8.656439781188965 -1.9262828826904297 43
      vertex 8.780536651611328 -2.0225419998168945 43
    endloop
  endfacet
  facet normal 0.6129059300343599 0.7901558839423498 0
    outer loop
      vertex 8.656439781188965 -1.9262828826904297 43
      vertex 8.780536651611328 -2.0225419998168945 3
      vertex 8.656439781188965 -1.9262828826904297 3
    endloop
  endfacet
  facet normal 0.8270819914247729 0.5620812925732648 0
    outer loop
      vertex 8.227457046508789 -1.4694623947143555 43
      vertex 8.139180183410645 -1.3395662307739258 3
      vertex 8.139180183410645 -1.3395662307739258 43
    endloop
  endfacet
  facet normal 0.8270819914247729 0.5620812925732648 0
    outer loop
      vertex 8.139180183410645 -1.3395662307739258 3
      vertex 8.227457046508789 -1.4694623947143555 43
      vertex 8.227457046508789 -1.4694623947143555 3
    endloop
  endfacet
  facet normal -0.9359239966478118 -0.02941561385059153 -0.3509715004962366
    outer loop
      vertex 13.867846488952637 0.2276151180267334 0
      vertex 13.873766899108887 0.03924393653869629 0
      vertex 12.74506664276123 0.15697574615478516 3
    endloop
  endfacet
  facet normal 0.913834265086689 0.204268969513115 -0.3509716855353452
    outer loop
      vertex 7.8285417556762695 -0.6217241287231445 3
      vertex 6.730319976806641 -0.8631820678710938 0
      vertex 7.794281005859375 -0.46845245361328125 3
    endloop
  endfacet
  facet normal 0.9138330569035877 0.20427438542480444 -0.35097167915597205
    outer loop
      vertex 6.730319976806641 -0.8631820678710938 0
      vertex 7.8285417556762695 -0.6217241287231445 3
      vertex 6.738885402679443 -0.9014999866485596 0
    endloop
  endfacet
  facet normal -0.26124298061169643 -0.8992057879172081 -0.35097158867536543
    outer loop
      vertex 11.332481384277344 3.458533763885498 0
      vertex 11.022541999816895 2.377640724182129 3
      vertex 10.871724128723145 2.421457290649414 3
    endloop
  endfacet
  facet normal -0.26124298061169643 -0.8992057879172081 -0.35097158867536543
    outer loop
      vertex 11.022541999816895 2.377640724182129 3
      vertex 11.332481384277344 3.458533763885498 0
      vertex 11.370185852050781 3.4475796222686768 0
    endloop
  endfacet
  facet normal -0.3171877060078492 -0.8810283142621218 -0.35097160658082055
    outer loop
      vertex 11.370185852050781 3.4475796222686768 0
      vertex 11.170310974121094 2.3244409561157227 3
      vertex 11.022541999816895 2.377640724182129 3
    endloop
  endfacet
  facet normal -0.31718588008046666 -0.8810289284868089 -0.35097171488164824
    outer loop
      vertex 11.170310974121094 2.3244409561157227 3
      vertex 11.370185852050781 3.4475796222686768 0
      vertex 11.40712833404541 3.434279680252075 0
    endloop
  endfacet
  facet normal -0.8992011663190345 -0.26125869580905375 -0.35097173156059225
    outer loop
      vertex 13.708534240722656 1.082481861114502 0
      vertex 12.627640724182129 0.7725419998168945 3
      vertex 13.697579383850098 1.1201863288879395 0
    endloop
  endfacet
  facet normal -0.8992057297060907 -0.2612429636998327 -0.3509717504031698
    outer loop
      vertex 12.627640724182129 0.7725419998168945 3
      vertex 13.708534240722656 1.082481861114502 0
      vertex 12.671457290649414 0.6217241287231445 3
    endloop
  endfacet
  facet normal -0.8593726423042779 -0.3718839001223161 -0.3509715465515389
    outer loop
      vertex 13.545591354370117 1.5074150562286377 0
      vertex 13.620439529418945 1.3344511985778809 0
      vertex 12.574440956115723 0.9203109741210938 3
    endloop
  endfacet
  facet normal 0.9248577079899546 0.14648286122728849 -0.35097149647547554
    outer loop
      vertex 7.769712448120117 -0.31333255767822266 3
      vertex 6.683065891265869 -0.6404769420623779 0
      vertex 6.653583526611328 -0.4543323516845703 0
    endloop
  endfacet
  facet normal 0.4766629932217831 0.8059846909400405 -0.3509716069187617
    outer loop
      vertex 8.341423034667969 -3.080674648284912 0
      vertex 8.910432815551758 -2.110818862915039 3
      vertex 9.045615196228027 -2.1907663345336914 3
    endloop
  endfacet
  facet normal 0.47666548521939356 0.805983218605034 -0.3509716035915585
    outer loop
      vertex 8.910432815551758 -2.110818862915039 3
      vertex 8.341423034667969 -3.080674648284912 0
      vertex 8.30762767791748 -3.060687780380249 0
    endloop
  endfacet
  facet normal 0.5263233546317613 -0.7744692888587489 -0.3509715757490814
    outer loop
      vertex 8.30762767791748 3.060687780380249 0
      vertex 8.910432815551758 2.110818862915039 3
      vertex 8.151751518249512 2.9547555446624756 0
    endloop
  endfacet
  facet normal -0.9359242046878504 -0.029408083709367275 -0.35097157675794394
    outer loop
      vertex 12.75 0 3
      vertex 13.873766899108887 0.03924393653869629 0
      vertex 13.875 0 0
    endloop
  endfacet
  facet normal -0.9359240237395737 -0.029413764040344924 -0.3509715832828988
    outer loop
      vertex 13.873766899108887 0.03924393653869629 0
      vertex 12.75 0 3
      vertex 12.74506664276123 0.15697574615478516 3
    endloop
  endfacet
  facet normal -0.9248594927409818 -0.14647186088966027 -0.3509713843811402
    outer loop
      vertex 13.816932678222656 0.6404769420623779 0
      vertex 12.705718040466309 0.46845245361328125 3
      vertex 13.810791015625 0.6792569160461426 0
    endloop
  endfacet
  facet normal -0.9248577404947682 -0.14648295540024112 -0.35097137151642877
    outer loop
      vertex 12.705718040466309 0.46845245361328125 3
      vertex 13.816932678222656 0.6404769420623779 0
      vertex 12.730286598205566 0.31333255767822266 3
    endloop
  endfacet
  facet normal 0.7398909667800332 0.5739165781513363 -0.35097167777524313
    outer loop
      vertex 8.323716163635254 -1.5935592651367188 3
      vertex 7.317312717437744 -2.1307213306427 0
      vertex 8.227457046508789 -1.4694623947143555 3
    endloop
  endfacet
  facet normal 0.7398936456428657 0.5739129700619944 -0.35097193040459757
    outer loop
      vertex 7.317312717437744 -2.1307213306427 0
      vertex 8.323716163635254 -1.5935592651367188 3
      vertex 7.341377258300781 -2.161745548248291 0
    endloop
  endfacet
  facet normal 0.7744680563354753 0.5263250931287408 -0.350971688400893
    outer loop
      vertex 8.227457046508789 -1.4694623947143555 3
      vertex 7.295243263244629 -2.0982472896575928 0
      vertex 8.139180183410645 -1.3395662307739258 3
    endloop
  endfacet
  facet normal 0.774465414655821 0.5263289838408787 -0.3509716830045057
    outer loop
      vertex 7.295243263244629 -2.0982472896575928 0
      vertex 8.227457046508789 -1.4694623947143555 3
      vertex 7.317312717437744 -2.1307213306427 0
    endloop
  endfacet
  facet normal -0.4766610180593761 0.8059859042253534 -0.3509715031916958
    outer loop
      vertex 12.158576011657715 -3.080674648284912 0
      vertex 11.996356964111328 -3.1766111850738525 0
      vertex 11.454383850097656 -2.1907663345336914 3
    endloop
  endfacet
  facet normal -0.3171886906223393 -0.8810279695740055 -0.3509715819971629
    outer loop
      vertex 11.40712833404541 3.434279680252075 0
      vertex 11.584451675415039 3.3704395294189453 0
      vertex 11.170310974121094 2.3244409561157227 3
    endloop
  endfacet
  facet normal 0.02941420742721924 -0.9359240455312514 -0.35097148801269357
    outer loop
      vertex 10.210756301879883 3.6237666606903076 0
      vertex 10.093023300170898 2.4950666427612305 3
      vertex 10.022383689880371 3.6178464889526367 0
    endloop
  endfacet
  facet normal -0.6192429713443244 -0.7023938869455554 -0.35097146610823865
    outer loop
      vertex 12.560661315917969 2.793109893798828 0
      vertex 12.702030181884766 2.6684765815734863 0
      vertex 11.843559265136719 1.9262828826904297 3
    endloop
  endfacet
  facet normal 0.146481525567198 -0.9248579386815038 -0.3509714460256078
    outer loop
      vertex 9.795666694641113 3.5964152812957764 0
      vertex 9.936666488647461 2.4802865982055664 3
      vertex 9.609521865844727 3.5669331550598145 0
    endloop
  endfacet
  facet normal 0.8593717865022987 0.3718858989513713 -0.3509715240941604
    outer loop
      vertex 7.925558090209961 -0.9203109741210938 3
      vertex 6.954408168792725 -1.5074150562286377 0
      vertex 6.879559516906738 -1.3344511985778809 0
    endloop
  endfacet
  facet normal 0.029413586314790872 -0.9359240546273356 -0.35097151581008723
    outer loop
      vertex 10.210756301879883 3.6237666606903076 0
      vertex 10.25 2.5 3
      vertex 10.093023300170898 2.4950666427612305 3
    endloop
  endfacet
  facet normal 0.02941394335204854 -0.935924043252888 -0.350971516219833
    outer loop
      vertex 10.25 2.5 3
      vertex 10.210756301879883 3.6237666606903076 0
      vertex 10.25 3.625 0
    endloop
  endfacet
  facet normal -0.20427018534549074 0.9138340183155432 -0.3509716204313202
    outer loop
      vertex 11.113182067871094 -3.519678831100464 0
      vertex 10.871724128723145 -2.421457290649414 3
      vertex 11.15149974822998 -3.5111136436462402 0
    endloop
  endfacet
  facet normal -0.2042689747197931 0.9138342883797075 -0.35097162185635233
    outer loop
      vertex 10.871724128723145 -2.421457290649414 3
      vertex 11.113182067871094 -3.519678831100464 0
      vertex 10.718452453613281 -2.4557180404663086 3
    endloop
  endfacet
  facet normal -0.5739165873386476 -0.7398909786242782 -0.35097163778283874
    outer loop
      vertex 12.380721092224121 2.9326863288879395 0
      vertex 11.843559265136719 1.9262828826904297 3
      vertex 11.719462394714355 2.0225419998168945 3
    endloop
  endfacet
  facet normal -0.5739193860469987 -0.739888900678453 -0.3509714418186561
    outer loop
      vertex 11.843559265136719 1.9262828826904297 3
      vertex 12.380721092224121 2.9326863288879395 0
      vertex 12.411745071411133 2.9086215496063232 0
    endloop
  endfacet
  facet normal 0.70239706018058 -0.619239334547816 -0.3509715321766948
    outer loop
      vertex 8.42757797241211 1.7113676071166992 3
      vertex 7.581522464752197 2.452030658721924 0
      vertex 7.607487678527832 2.481482744216919 0
    endloop
  endfacet
  facet normal 0.7023942409823632 -0.6192425350937516 -0.3509715272860085
    outer loop
      vertex 7.581522464752197 2.452030658721924 0
      vertex 8.42757797241211 1.7113676071166992 3
      vertex 8.323716163635254 1.5935592651367188 3
    endloop
  endfacet
  facet normal 0.42510852953036765 -0.8343271220220935 -0.3509714968182733
    outer loop
      vertex 8.671566009521484 3.262172222137451 0
      vertex 9.045615196228027 2.1907663345336914 3
      vertex 8.503642082214355 3.1766111850738525 0
    endloop
  endfacet
  facet normal -0.5739188441600998 -0.7398893066380972 -0.35097147211779306
    outer loop
      vertex 12.411745071411133 2.9086215496063232 0
      vertex 12.560661315917969 2.793109893798828 0
      vertex 11.843559265136719 1.9262828826904297 3
    endloop
  endfacet
  facet normal 0.5739165873386476 0.7398909786242782 -0.35097163778283874
    outer loop
      vertex 8.119277954101562 -2.9326863288879395 0
      vertex 8.656439781188965 -1.9262828826904297 3
      vertex 8.780536651611328 -2.0225419998168945 3
    endloop
  endfacet
  facet normal 0.5739081913353955 0.739897212286049 -0.35097222563825253
    outer loop
      vertex 8.656439781188965 -1.9262828826904297 3
      vertex 8.119277954101562 -2.9326863288879395 0
      vertex 8.088253021240234 -2.9086215496063232 0
    endloop
  endfacet
  facet normal 0.02941394335204854 0.935924043252888 -0.350971516219833
    outer loop
      vertex 10.210756301879883 -3.6237666606903076 0
      vertex 10.25 -2.5 3
      vertex 10.25 -3.625 0
    endloop
  endfacet
  facet normal 0.029413586314790872 0.9359240546273356 -0.35097151581008723
    outer loop
      vertex 10.25 -2.5 3
      vertex 10.210756301879883 -3.6237666606903076 0
      vertex 10.093023300170898 -2.4950666427612305 3
    endloop
  endfacet
  facet normal 0.37188547417929546 0.8593719895011385 -0.35097147712498744
    outer loop
      vertex 9.32968807220459 -2.3244409561157227 3
      vertex 8.915548324584961 -3.3704395294189453 0
      vertex 8.742584228515625 -3.295590877532959 0
    endloop
  endfacet
  facet normal -0.913834265086689 0.204268969513115 -0.3509716855353452
    outer loop
      vertex 13.769679069519043 -0.8631820678710938 0
      vertex 12.671457290649414 -0.6217241287231445 3
      vertex 12.705718040466309 -0.46845245361328125 3
    endloop
  endfacet
  facet normal -0.913835473244846 0.20426355358081505 -0.35097169190392813
    outer loop
      vertex 12.671457290649414 -0.6217241287231445 3
      vertex 13.769679069519043 -0.8631820678710938 0
      vertex 13.761114120483398 -0.9014999866485596 0
    endloop
  endfacet
  facet normal 0.8059867536379854 -0.4766596352561437 -0.350971430571751
    outer loop
      vertex 7.1693243980407715 1.9085760116577148 0
      vertex 8.059232711791992 1.2043838500976562 3
      vertex 7.07338809967041 1.746356725692749 0
    endloop
  endfacet
  facet normal 0.3171876947829216 0.8810282830834889 -0.35097169499157016
    outer loop
      vertex 9.129812240600586 -3.4475796222686768 0
      vertex 9.32968807220459 -2.3244409561157227 3
      vertex 9.477457046508789 -2.377640724182129 3
    endloop
  endfacet
  facet normal 0.31719317268374264 0.8810264403468704 -0.35097137007531487
    outer loop
      vertex 9.32968807220459 -2.3244409561157227 3
      vertex 9.129812240600586 -3.4475796222686768 0
      vertex 9.092870712280273 -3.434279680252075 0
    endloop
  endfacet
  facet normal 0.8810279546111828 -0.31718878007718876 -0.35097153871329834
    outer loop
      vertex 6.879559516906738 1.3344511985778809 0
      vertex 7.925558090209961 0.9203109741210938 3
      vertex 6.8157196044921875 1.1571285724639893 0
    endloop
  endfacet
  facet normal -0.8992059052535059 -0.2612423952282358 -0.35097172377933444
    outer loop
      vertex 13.708534240722656 1.082481861114502 0
      vertex 13.761114120483398 0.9014999866485596 0
      vertex 12.671457290649414 0.6217241287231445 3
    endloop
  endfacet
  facet normal -0.7398990339215932 -0.5739057774583995 -0.35097233253030563
    outer loop
      vertex 13.182685852050781 2.1307213306427 0
      vertex 12.17628288269043 1.5935592651367188 3
      vertex 13.158621788024902 2.161745548248291 0
    endloop
  endfacet
  facet normal -0.7398909973191385 -0.5739166018398251 -0.3509715746591424
    outer loop
      vertex 12.17628288269043 1.5935592651367188 3
      vertex 13.182685852050781 2.1307213306427 0
      vertex 12.272541999816895 1.4694623947143555 3
    endloop
  endfacet
  facet normal -0.5263233546317613 0.7744692888587489 -0.3509715757490814
    outer loop
      vertex 12.348247528076172 -2.9547555446624756 0
      vertex 12.192371368408203 -3.060687780380249 0
      vertex 11.589566230773926 -2.110818862915039 3
    endloop
  endfacet
  facet normal 0.4251118482937565 -0.8343255005596206 -0.35097133153037546
    outer loop
      vertex 8.706549644470215 3.2799973487854004 0
      vertex 9.045615196228027 2.1907663345336914 3
      vertex 8.671566009521484 3.262172222137451 0
    endloop
  endfacet
  facet normal 0.42510719881600484 -0.8343277474595748 -0.35097162183550107
    outer loop
      vertex 9.045615196228027 2.1907663345336914 3
      vertex 8.706549644470215 3.2799973487854004 0
      vertex 9.185551643371582 2.2620668411254883 3
    endloop
  endfacet
  facet normal -0.02941376483233671 0.9359240489401613 -0.35097151601496446
    outer loop
      vertex 10.289243698120117 -3.6237666606903076 0
      vertex 10.25 -2.5 3
      vertex 10.406975746154785 -2.4950666427612305 3
    endloop
  endfacet
  facet normal -0.02941394335204854 0.935924043252888 -0.350971516219833
    outer loop
      vertex 10.25 -2.5 3
      vertex 10.289243698120117 -3.6237666606903076 0
      vertex 10.25 -3.625 0
    endloop
  endfacet
  facet normal -0.7744685165228948 -0.5263244398252045 -0.350971652640938
    outer loop
      vertex 13.204755783081055 2.0982472896575928 0
      vertex 13.310688018798828 1.9423716068267822 0
      vertex 12.360818862915039 1.3395662307739258 3
    endloop
  endfacet
  facet normal -0.42510852953036765 -0.8343271220220935 -0.3509714968182733
    outer loop
      vertex 11.8284330368042 3.262172222137451 0
      vertex 11.996356964111328 3.1766111850738525 0
      vertex 11.454383850097656 2.1907663345336914 3
    endloop
  endfacet
  facet normal 0.9322304516529628 0.08812156936004208 -0.3509714718099408
    outer loop
      vertex 7.754932403564453 -0.15697574615478516 3
      vertex 6.635847568511963 -0.2667043209075928 0
      vertex 6.632152557373047 -0.2276151180267334 0
    endloop
  endfacet
  facet normal 0.9322304516529628 0.08812156936004208 -0.3509714718099408
    outer loop
      vertex 6.635847568511963 -0.2667043209075928 0
      vertex 7.754932403564453 -0.15697574615478516 3
      vertex 7.769712448120117 -0.31333255767822266 3
    endloop
  endfacet
  facet normal -0.8593628088927888 -0.37190648681376975 -0.3509716908209765
    outer loop
      vertex 13.545591354370117 1.5074150562286377 0
      vertex 12.512066841125488 1.0644474029541016 3
      vertex 13.529996871948242 1.5434491634368896 0
    endloop
  endfacet
  facet normal -0.8593710906505077 -0.37188732689929604 -0.3509717148800644
    outer loop
      vertex 12.512066841125488 1.0644474029541016 3
      vertex 13.545591354370117 1.5074150562286377 0
      vertex 12.574440956115723 0.9203109741210938 3
    endloop
  endfacet
  facet normal -0.8810279546111828 -0.31718878007718876 -0.35097153871329834
    outer loop
      vertex 13.620439529418945 1.3344511985778809 0
      vertex 13.684279441833496 1.1571285724639893 0
      vertex 12.574440956115723 0.9203109741210938 3
    endloop
  endfacet
  facet normal 0.6621239941651254 -0.6621259548463024 -0.3509715604855944
    outer loop
      vertex 7.768516540527344 2.6425111293792725 0
      vertex 8.42757797241211 1.7113676071166992 3
      vertex 7.607487678527832 2.481482744216919 0
    endloop
  endfacet
  facet normal 0.6621249951681213 -0.6621249951681213 -0.35097148252704313
    outer loop
      vertex 8.42757797241211 1.7113676071166992 3
      vertex 7.768516540527344 2.6425111293792725 0
      vertex 8.538631439208984 1.8224210739135742 3
    endloop
  endfacet
  facet normal 0.146481525567198 0.9248579386815038 -0.3509714460256078
    outer loop
      vertex 9.936666488647461 -2.4802865982055664 3
      vertex 9.795666694641113 -3.5964152812957764 0
      vertex 9.609521865844727 -3.5669331550598145 0
    endloop
  endfacet
  facet normal -0.029414356178285136 0.9359240402798497 -0.35097148954987667
    outer loop
      vertex 10.406975746154785 -2.4950666427612305 3
      vertex 10.477615356445312 -3.6178464889526367 0
      vertex 10.289243698120117 -3.6237666606903076 0
    endloop
  endfacet
  facet normal 0.08812156914344375 0.932230449361588 -0.350971477950544
    outer loop
      vertex 10.022383689880371 -3.6178464889526367 0
      vertex 9.936666488647461 -2.4802865982055664 3
      vertex 10.093023300170898 -2.4950666427612305 3
    endloop
  endfacet
  facet normal 0.08812156914344375 0.932230449361588 -0.350971477950544
    outer loop
      vertex 9.936666488647461 -2.4802865982055664 3
      vertex 10.022383689880371 -3.6178464889526367 0
      vertex 9.983294486999512 -3.6141514778137207 0
    endloop
  endfacet
  facet normal -0.6192429713443244 0.7023938869455554 -0.35097146610823865
    outer loop
      vertex 12.702030181884766 -2.6684765815734863 0
      vertex 12.560661315917969 -2.793109893798828 0
      vertex 11.843559265136719 -1.9262828826904297 3
    endloop
  endfacet
  facet normal -0.9322307140460365 -0.08811881834793564 -0.35097146556690423
    outer loop
      vertex 13.846415519714355 0.4543323516845703 0
      vertex 13.864151000976562 0.2667043209075928 0
      vertex 12.730286598205566 0.31333255767822266 3
    endloop
  endfacet
  facet normal -0.9359242046878504 0.029408083709367275 -0.35097157675794394
    outer loop
      vertex 13.873766899108887 -0.03924393653869629 0
      vertex 12.75 0 3
      vertex 13.875 0 0
    endloop
  endfacet
  facet normal -0.9359240237395737 0.029413764040344924 -0.3509715832828988
    outer loop
      vertex 12.75 0 3
      vertex 13.873766899108887 -0.03924393653869629 0
      vertex 12.74506664276123 -0.15697574615478516 3
    endloop
  endfacet
  facet normal 0.20427018534549074 -0.9138340183155432 -0.3509716204313202
    outer loop
      vertex 9.38681697845459 3.519678831100464 0
      vertex 9.628274917602539 2.421457290649414 3
      vertex 9.348499298095703 3.5111136436462402 0
    endloop
  endfacet
  facet normal 0.2042689747197931 -0.9138342883797075 -0.35097162185635233
    outer loop
      vertex 9.628274917602539 2.421457290649414 3
      vertex 9.38681697845459 3.519678831100464 0
      vertex 9.781546592712402 2.4557180404663086 3
    endloop
  endfacet
  facet normal -0.9138351313711407 0.20426537805126793 -0.35097152021419425
    outer loop
      vertex 13.810791015625 -0.6792569160461426 0
      vertex 13.769679069519043 -0.8631820678710938 0
      vertex 12.705718040466309 -0.46845245361328125 3
    endloop
  endfacet
  facet normal -0.9322307140460365 0.08811881834793564 -0.35097146556690423
    outer loop
      vertex 13.864151000976562 -0.2667043209075928 0
      vertex 13.846415519714355 -0.4543323516845703 0
      vertex 12.730286598205566 -0.31333255767822266 3
    endloop
  endfacet
  facet normal 0.42510852953036765 0.8343271220220935 -0.3509714968182733
    outer loop
      vertex 9.045615196228027 -2.1907663345336914 3
      vertex 8.671566009521484 -3.262172222137451 0
      vertex 8.503642082214355 -3.1766111850738525 0
    endloop
  endfacet
  facet normal 0.4766610180593761 0.8059859042253534 -0.3509715031916958
    outer loop
      vertex 9.045615196228027 -2.1907663345336914 3
      vertex 8.503642082214355 -3.1766111850738525 0
      vertex 8.341423034667969 -3.080674648284912 0
    endloop
  endfacet
  facet normal -0.08812245257324543 0.9322303807807639 -0.35097143829922695
    outer loop
      vertex 10.563332557678223 -2.4802865982055664 3
      vertex 10.70433235168457 -3.5964152812957764 0
      vertex 10.516704559326172 -3.6141514778137207 0
    endloop
  endfacet
  facet normal 0.5739081913353955 -0.739897212286049 -0.35097222563825253
    outer loop
      vertex 8.119277954101562 2.9326863288879395 0
      vertex 8.656439781188965 1.9262828826904297 3
      vertex 8.088253021240234 2.9086215496063232 0
    endloop
  endfacet
  facet normal 0.5739165873386476 -0.7398909786242782 -0.35097163778283874
    outer loop
      vertex 8.656439781188965 1.9262828826904297 3
      vertex 8.119277954101562 2.9326863288879395 0
      vertex 8.780536651611328 2.0225419998168945 3
    endloop
  endfacet
  facet normal -0.7398874002794802 0.5739213065964228 -0.3509714642849573
    outer loop
      vertex 13.158621788024902 -2.161745548248291 0
      vertex 13.043109893798828 -2.3106610774993896 0
      vertex 12.17628288269043 -1.5935592651367188 3
    endloop
  endfacet
  facet normal -0.146481525567198 -0.9248579386815038 -0.3509714460256078
    outer loop
      vertex 10.70433235168457 3.5964152812957764 0
      vertex 10.890477180480957 3.5669331550598145 0
      vertex 10.563332557678223 2.4802865982055664 3
    endloop
  endfacet
  facet normal 0.9359241637367071 0.02941088076140441 -0.3509714515834356
    outer loop
      vertex 7.754932403564453 -0.15697574615478516 3
      vertex 6.632152557373047 -0.2276151180267334 0
      vertex 6.626233100891113 -0.03924393653869629 0
    endloop
  endfacet
  facet normal 0.5263250967716383 0.7744680616958652 -0.3509716711094714
    outer loop
      vertex 8.151751518249512 -2.9547555446624756 0
      vertex 8.780536651611328 -2.0225419998168945 3
      vertex 8.910432815551758 -2.110818862915039 3
    endloop
  endfacet
  facet normal 0.526330385061672 0.774464471095338 -0.35097166377337424
    outer loop
      vertex 8.780536651611328 -2.0225419998168945 3
      vertex 8.151751518249512 -2.9547555446624756 0
      vertex 8.119277954101562 -2.9326863288879395 0
    endloop
  endfacet
  facet normal 0.9138351313711407 0.20426537805126793 -0.35097152021419425
    outer loop
      vertex 7.794281005859375 -0.46845245361328125 3
      vertex 6.730319976806641 -0.8631820678710938 0
      vertex 6.689208030700684 -0.6792569160461426 0
    endloop
  endfacet
  facet normal 0.2612429729972193 0.8992057617079606 -0.3509716614924635
    outer loop
      vertex 9.167516708374023 -3.458533763885498 0
      vertex 9.477457046508789 -2.377640724182129 3
      vertex 9.628274917602539 -2.421457290649414 3
    endloop
  endfacet
  facet normal 0.2612429729972193 0.8992057617079606 -0.3509716614924635
    outer loop
      vertex 9.477457046508789 -2.377640724182129 3
      vertex 9.167516708374023 -3.458533763885498 0
      vertex 9.129812240600586 -3.4475796222686768 0
    endloop
  endfacet
  facet normal 0.5739211320088858 -0.7398875177623981 -0.35097150210955336
    outer loop
      vertex 8.088253021240234 2.9086215496063232 0
      vertex 8.656439781188965 1.9262828826904297 3
      vertex 7.939337730407715 2.793109893798828 0
    endloop
  endfacet
  facet normal -0.3718871887031813 -0.8593712131586808 -0.35097156134453633
    outer loop
      vertex 11.584451675415039 3.3704395294189453 0
      vertex 11.757414817810059 3.295590877532959 0
      vertex 11.170310974121094 2.3244409561157227 3
    endloop
  endfacet
  facet normal -0.5263250967716383 -0.7744680616958652 -0.3509716711094714
    outer loop
      vertex 12.348247528076172 2.9547555446624756 0
      vertex 11.719462394714355 2.0225419998168945 3
      vertex 11.589566230773926 2.110818862915039 3
    endloop
  endfacet
  facet normal -0.526330385061672 -0.774464471095338 -0.35097166377337424
    outer loop
      vertex 11.719462394714355 2.0225419998168945 3
      vertex 12.348247528076172 2.9547555446624756 0
      vertex 12.380721092224121 2.9326863288879395 0
    endloop
  endfacet
  facet normal -0.9138351313711407 -0.20426537805126793 -0.35097152021419425
    outer loop
      vertex 13.769679069519043 0.8631820678710938 0
      vertex 13.810791015625 0.6792569160461426 0
      vertex 12.705718040466309 0.46845245361328125 3
    endloop
  endfacet
  facet normal 0.9248576927780618 -0.1464829478426635 -0.35097150041073644
    outer loop
      vertex 7.794281005859375 0.46845245361328125 3
      vertex 6.683065891265869 0.6404769420623779 0
      vertex 6.689208030700684 0.6792569160461426 0
    endloop
  endfacet
  facet normal 0.9248576927780618 -0.1464829478426635 -0.35097150041073644
    outer loop
      vertex 6.683065891265869 0.6404769420623779 0
      vertex 7.794281005859375 0.46845245361328125 3
      vertex 7.769712448120117 0.31333255767822266 3
    endloop
  endfacet
  facet normal -0.26124298061169643 0.8992057879172081 -0.35097158867536543
    outer loop
      vertex 11.332481384277344 -3.458533763885498 0
      vertex 11.022541999816895 -2.377640724182129 3
      vertex 11.370185852050781 -3.4475796222686768 0
    endloop
  endfacet
  facet normal -0.26124298061169643 0.8992057879172081 -0.35097158867536543
    outer loop
      vertex 11.022541999816895 -2.377640724182129 3
      vertex 11.332481384277344 -3.458533763885498 0
      vertex 10.871724128723145 -2.421457290649414 3
    endloop
  endfacet
  facet normal 0.20426700972663417 -0.913834762350747 -0.35097153140488907
    outer loop
      vertex 9.570741653442383 3.560791015625 0
      vertex 9.781546592712402 2.4557180404663086 3
      vertex 9.38681697845459 3.519678831100464 0
    endloop
  endfacet
  facet normal 0.31719020990378727 0.8810274512153656 -0.3509715101630729
    outer loop
      vertex 9.32968807220459 -2.3244409561157227 3
      vertex 9.092870712280273 -3.434279680252075 0
      vertex 8.915548324584961 -3.3704395294189453 0
    endloop
  endfacet
  facet normal -0.8059821651616255 -0.47666718544631276 -0.35097171361816104
    outer loop
      vertex 13.33067512512207 1.9085760116577148 0
      vertex 12.360818862915039 1.3395662307739258 3
      vertex 13.310688018798828 1.9423716068267822 0
    endloop
  endfacet
  facet normal -0.8059846547011864 -0.4766629717899608 -0.3509717192461129
    outer loop
      vertex 12.360818862915039 1.3395662307739258 3
      vertex 13.33067512512207 1.9085760116577148 0
      vertex 12.440766334533691 1.2043838500976562 3
    endloop
  endfacet
  facet normal 0.8992057748125849 0.26124297680445807 -0.35097162508391533
    outer loop
      vertex 7.872358322143555 -0.7725419998168945 3
      vertex 6.7914652824401855 -1.082481861114502 0
      vertex 7.8285417556762695 -0.6217241287231445 3
    endloop
  endfacet
  facet normal 0.899204253705075 0.26124822086663657 -0.35097161881371003
    outer loop
      vertex 6.7914652824401855 -1.082481861114502 0
      vertex 7.872358322143555 -0.7725419998168945 3
      vertex 6.802419662475586 -1.1201863288879395 0
    endloop
  endfacet
  facet normal -0.4766610180593761 -0.8059859042253534 -0.3509715031916958
    outer loop
      vertex 11.996356964111328 3.1766111850738525 0
      vertex 12.158576011657715 3.080674648284912 0
      vertex 11.454383850097656 2.1907663345336914 3
    endloop
  endfacet
  facet normal 0.6192425350937516 0.7023942409823632 -0.3509715272860085
    outer loop
      vertex 7.79796838760376 -2.6684765815734863 0
      vertex 8.538631439208984 -1.8224210739135742 3
      vertex 8.656439781188965 -1.9262828826904297 3
    endloop
  endfacet
  facet normal 0.6192453567408788 0.7023917555180178 -0.3509715229689995
    outer loop
      vertex 8.538631439208984 -1.8224210739135742 3
      vertex 7.79796838760376 -2.6684765815734863 0
      vertex 7.768516540527344 -2.6425111293792725 0
    endloop
  endfacet
  facet normal -0.08812156914344375 0.932230449361588 -0.350971477950544
    outer loop
      vertex 10.516704559326172 -3.6141514778137207 0
      vertex 10.406975746154785 -2.4950666427612305 3
      vertex 10.563332557678223 -2.4802865982055664 3
    endloop
  endfacet
  facet normal -0.08812156914344375 0.932230449361588 -0.350971477950544
    outer loop
      vertex 10.406975746154785 -2.4950666427612305 3
      vertex 10.516704559326172 -3.6141514778137207 0
      vertex 10.477615356445312 -3.6178464889526367 0
    endloop
  endfacet
  facet normal -0.6621239941651254 0.6621259548463024 -0.3509715604855944
    outer loop
      vertex 12.73148250579834 -2.6425111293792725 0
      vertex 12.072421073913574 -1.7113676071166992 3
      vertex 12.892511367797852 -2.481482744216919 0
    endloop
  endfacet
  facet normal -0.6621249951681213 0.6621249951681213 -0.35097148252704313
    outer loop
      vertex 12.072421073913574 -1.7113676071166992 3
      vertex 12.73148250579834 -2.6425111293792725 0
      vertex 11.9613676071167 -1.8224210739135742 3
    endloop
  endfacet
  facet normal 0.7023954464241589 0.6192412131577173 -0.35097144722835366
    outer loop
      vertex 8.323716163635254 -1.5935592651367188 3
      vertex 7.581522464752197 -2.452030658721924 0
      vertex 7.4568891525268555 -2.3106610774993896 0
    endloop
  endfacet
  facet normal 0.6621249951681213 0.6621249951681213 -0.35097148252704313
    outer loop
      vertex 7.768516540527344 -2.6425111293792725 0
      vertex 8.42757797241211 -1.7113676071166992 3
      vertex 8.538631439208984 -1.8224210739135742 3
    endloop
  endfacet
  facet normal 0.6621239941651254 0.6621259548463024 -0.3509715604855944
    outer loop
      vertex 8.42757797241211 -1.7113676071166992 3
      vertex 7.768516540527344 -2.6425111293792725 0
      vertex 7.607487678527832 -2.481482744216919 0
    endloop
  endfacet
  facet normal 0.42510719881600484 0.8343277474595748 -0.35097162183550107
    outer loop
      vertex 8.706549644470215 -3.2799973487854004 0
      vertex 9.045615196228027 -2.1907663345336914 3
      vertex 9.185551643371582 -2.2620668411254883 3
    endloop
  endfacet
  facet normal 0.4251118482937565 0.8343255005596206 -0.35097133153037546
    outer loop
      vertex 9.045615196228027 -2.1907663345336914 3
      vertex 8.706549644470215 -3.2799973487854004 0
      vertex 8.671566009521484 -3.262172222137451 0
    endloop
  endfacet
  facet normal -0.4766629932217831 -0.8059846909400405 -0.3509716069187617
    outer loop
      vertex 12.158576011657715 3.080674648284912 0
      vertex 11.589566230773926 2.110818862915039 3
      vertex 11.454383850097656 2.1907663345336914 3
    endloop
  endfacet
  facet normal -0.47666548521939356 -0.805983218605034 -0.3509716035915585
    outer loop
      vertex 11.589566230773926 2.110818862915039 3
      vertex 12.158576011657715 3.080674648284912 0
      vertex 12.192371368408203 3.060687780380249 0
    endloop
  endfacet
  facet normal -0.3718871887031813 0.8593712131586808 -0.35097156134453633
    outer loop
      vertex 11.757414817810059 -3.295590877532959 0
      vertex 11.584451675415039 -3.3704395294189453 0
      vertex 11.170310974121094 -2.3244409561157227 3
    endloop
  endfacet
  facet normal 0.9248577079899546 -0.14648286122728849 -0.35097149647547554
    outer loop
      vertex 6.683065891265869 0.6404769420623779 0
      vertex 7.769712448120117 0.31333255767822266 3
      vertex 6.653583526611328 0.4543323516845703 0
    endloop
  endfacet
  facet normal -0.7744601312991929 -0.5263367651506078 -0.35097167218855574
    outer loop
      vertex 13.204755783081055 2.0982472896575928 0
      vertex 12.272541999816895 1.4694623947143555 3
      vertex 13.182685852050781 2.1307213306427 0
    endloop
  endfacet
  facet normal -0.7744680563354753 -0.5263250931287408 -0.350971688400893
    outer loop
      vertex 12.272541999816895 1.4694623947143555 3
      vertex 13.204755783081055 2.0982472896575928 0
      vertex 12.360818862915039 1.3395662307739258 3
    endloop
  endfacet
  facet normal -0.146481525567198 0.9248579386815038 -0.3509714460256078
    outer loop
      vertex 10.890477180480957 -3.5669331550598145 0
      vertex 10.70433235168457 -3.5964152812957764 0
      vertex 10.563332557678223 -2.4802865982055664 3
    endloop
  endfacet
  facet normal 0.02941420742721924 0.9359240455312514 -0.35097148801269357
    outer loop
      vertex 10.093023300170898 -2.4950666427612305 3
      vertex 10.210756301879883 -3.6237666606903076 0
      vertex 10.022383689880371 -3.6178464889526367 0
    endloop
  endfacet
  facet normal 0.7744685165228948 -0.5263244398252045 -0.350971652640938
    outer loop
      vertex 7.295243263244629 2.0982472896575928 0
      vertex 8.139180183410645 1.3395662307739258 3
      vertex 7.1893110275268555 1.9423716068267822 0
    endloop
  endfacet
  facet normal -0.3171886906223393 0.8810279695740055 -0.3509715819971629
    outer loop
      vertex 11.584451675415039 -3.3704395294189453 0
      vertex 11.40712833404541 -3.434279680252075 0
      vertex 11.170310974121094 -2.3244409561157227 3
    endloop
  endfacet
  facet normal -0.3718832029049424 0.8593729326501895 -0.3509715743837017
    outer loop
      vertex 11.757414817810059 -3.295590877532959 0
      vertex 11.314447402954102 -2.2620668411254883 3
      vertex 11.793449401855469 -3.2799973487854004 0
    endloop
  endfacet
  facet normal -0.3718873485852907 0.8593711407633121 -0.3509715691980845
    outer loop
      vertex 11.314447402954102 -2.2620668411254883 3
      vertex 11.757414817810059 -3.295590877532959 0
      vertex 11.170310974121094 -2.3244409561157227 3
    endloop
  endfacet
  facet normal -0.42510719881600484 -0.8343277474595748 -0.35097162183550107
    outer loop
      vertex 11.793449401855469 3.2799973487854004 0
      vertex 11.454383850097656 2.1907663345336914 3
      vertex 11.314447402954102 2.2620668411254883 3
    endloop
  endfacet
  facet normal -0.4251118482937565 -0.8343255005596206 -0.35097133153037546
    outer loop
      vertex 11.454383850097656 2.1907663345336914 3
      vertex 11.793449401855469 3.2799973487854004 0
      vertex 11.8284330368042 3.262172222137451 0
    endloop
  endfacet
  facet normal -0.3718873485852907 -0.8593711407633121 -0.3509715691980845
    outer loop
      vertex 11.757414817810059 3.295590877532959 0
      vertex 11.314447402954102 2.2620668411254883 3
      vertex 11.170310974121094 2.3244409561157227 3
    endloop
  endfacet
  facet normal -0.3718832029049424 -0.8593729326501895 -0.3509715743837017
    outer loop
      vertex 11.314447402954102 2.2620668411254883 3
      vertex 11.757414817810059 3.295590877532959 0
      vertex 11.793449401855469 3.2799973487854004 0
    endloop
  endfacet
  facet normal 0.3718873485852907 0.8593711407633121 -0.3509715691980845
    outer loop
      vertex 8.742584228515625 -3.295590877532959 0
      vertex 9.185551643371582 -2.2620668411254883 3
      vertex 9.32968807220459 -2.3244409561157227 3
    endloop
  endfacet
  facet normal 0.3718832029049424 0.8593729326501895 -0.3509715743837017
    outer loop
      vertex 9.185551643371582 -2.2620668411254883 3
      vertex 8.742584228515625 -3.295590877532959 0
      vertex 8.706549644470215 -3.2799973487854004 0
    endloop
  endfacet
  facet normal 0.8593717865022987 -0.3718858989513713 -0.3509715240941604
    outer loop
      vertex 6.954408168792725 1.5074150562286377 0
      vertex 7.925558090209961 0.9203109741210938 3
      vertex 6.879559516906738 1.3344511985778809 0
    endloop
  endfacet
  facet normal 0.9322304829908925 -0.08812116567449606 -0.3509714899286485
    outer loop
      vertex 6.653583526611328 0.4543323516845703 0
      vertex 7.769712448120117 0.31333255767822266 3
      vertex 6.635847568511963 0.2667043209075928 0
    endloop
  endfacet
  facet normal -0.932229429778865 0.08813284474463506 -0.35097135485875514
    outer loop
      vertex 13.864151000976562 -0.2667043209075928 0
      vertex 12.74506664276123 -0.15697574615478516 3
      vertex 13.867846488952637 -0.2276151180267334 0
    endloop
  endfacet
  facet normal -0.9322305001334713 0.08812157394279141 -0.35097134188811346
    outer loop
      vertex 12.74506664276123 -0.15697574615478516 3
      vertex 13.864151000976562 -0.2667043209075928 0
      vertex 12.730286598205566 -0.31333255767822266 3
    endloop
  endfacet
  facet normal 0.8810283203234376 -0.3171877081900433 -0.35097158939323025
    outer loop
      vertex 7.925558090209961 0.9203109741210938 3
      vertex 6.802419662475586 1.1201863288879395 0
      vertex 6.8157196044921875 1.1571285724639893 0
    endloop
  endfacet
  facet normal 0.8810283203234376 -0.3171877081900433 -0.35097158939323025
    outer loop
      vertex 6.802419662475586 1.1201863288879395 0
      vertex 7.925558090209961 0.9203109741210938 3
      vertex 7.872358322143555 0.7725419998168945 3
    endloop
  endfacet
  facet normal 0.6192417920886916 -0.702394918511375 -0.3509714822890665
    outer loop
      vertex 7.939337730407715 2.793109893798828 0
      vertex 8.656439781188965 1.9262828826904297 3
      vertex 7.79796838760376 2.6684765815734863 0
    endloop
  endfacet
  facet normal 0.14648294724416253 0.9248576889992725 -0.35097151061815357
    outer loop
      vertex 9.609521865844727 -3.5669331550598145 0
      vertex 9.781546592712402 -2.4557180404663086 3
      vertex 9.936666488647461 -2.4802865982055664 3
    endloop
  endfacet
  facet normal 0.1464820686536185 0.9248578277665932 -0.3509715116385022
    outer loop
      vertex 9.781546592712402 -2.4557180404663086 3
      vertex 9.609521865844727 -3.5669331550598145 0
      vertex 9.570741653442383 -3.560791015625 0
    endloop
  endfacet
  facet normal -0.5739188441600998 0.7398893066380972 -0.35097147211779306
    outer loop
      vertex 12.560661315917969 -2.793109893798828 0
      vertex 12.411745071411133 -2.9086215496063232 0
      vertex 11.843559265136719 -1.9262828826904297 3
    endloop
  endfacet
  facet normal 0.2612429729972193 -0.8992057617079606 -0.3509716614924635
    outer loop
      vertex 9.167516708374023 3.458533763885498 0
      vertex 9.477457046508789 2.377640724182129 3
      vertex 9.129812240600586 3.4475796222686768 0
    endloop
  endfacet
  facet normal 0.2612429729972193 -0.8992057617079606 -0.3509716614924635
    outer loop
      vertex 9.477457046508789 2.377640724182129 3
      vertex 9.167516708374023 3.458533763885498 0
      vertex 9.628274917602539 2.421457290649414 3
    endloop
  endfacet
  facet normal 0.1464820686536185 -0.9248578277665932 -0.3509715116385022
    outer loop
      vertex 9.609521865844727 3.5669331550598145 0
      vertex 9.781546592712402 2.4557180404663086 3
      vertex 9.570741653442383 3.560791015625 0
    endloop
  endfacet
  facet normal 0.14648294724416253 -0.9248576889992725 -0.35097151061815357
    outer loop
      vertex 9.781546592712402 2.4557180404663086 3
      vertex 9.609521865844727 3.5669331550598145 0
      vertex 9.936666488647461 2.4802865982055664 3
    endloop
  endfacet
  facet normal 0.20426700972663417 0.913834762350747 -0.35097153140488907
    outer loop
      vertex 9.781546592712402 -2.4557180404663086 3
      vertex 9.570741653442383 -3.560791015625 0
      vertex 9.38681697845459 -3.519678831100464 0
    endloop
  endfacet
  facet normal -0.7023942763427354 0.6192425507620709 -0.35097142887512806
    outer loop
      vertex 13.043109893798828 -2.3106610774993896 0
      vertex 12.918476104736328 -2.452030658721924 0
      vertex 12.17628288269043 -1.5935592651367188 3
    endloop
  endfacet
  facet normal 0.08812156914344375 -0.932230449361588 -0.350971477950544
    outer loop
      vertex 9.983294486999512 3.6141514778137207 0
      vertex 10.093023300170898 2.4950666427612305 3
      vertex 9.936666488647461 2.4802865982055664 3
    endloop
  endfacet
  facet normal 0.08812156914344375 -0.932230449361588 -0.350971477950544
    outer loop
      vertex 10.093023300170898 2.4950666427612305 3
      vertex 9.983294486999512 3.6141514778137207 0
      vertex 10.022383689880371 3.6178464889526367 0
    endloop
  endfacet
  facet normal -0.9248573508793607 -0.14648517382678605 -0.3509714723070058
    outer loop
      vertex 13.816932678222656 0.6404769420623779 0
      vertex 13.846415519714355 0.4543323516845703 0
      vertex 12.730286598205566 0.31333255767822266 3
    endloop
  endfacet
  facet normal 0.47666548521939356 -0.805983218605034 -0.3509716035915585
    outer loop
      vertex 8.341423034667969 3.080674648284912 0
      vertex 8.910432815551758 2.110818862915039 3
      vertex 8.30762767791748 3.060687780380249 0
    endloop
  endfacet
  facet normal 0.4766629932217831 -0.8059846909400405 -0.3509716069187617
    outer loop
      vertex 8.910432815551758 2.110818862915039 3
      vertex 8.341423034667969 3.080674648284912 0
      vertex 9.045615196228027 2.1907663345336914 3
    endloop
  endfacet
  facet normal 0.6192453567408788 -0.7023917555180178 -0.3509715229689995
    outer loop
      vertex 7.79796838760376 2.6684765815734863 0
      vertex 8.538631439208984 1.8224210739135742 3
      vertex 7.768516540527344 2.6425111293792725 0
    endloop
  endfacet
  facet normal 0.6192425350937516 -0.7023942409823632 -0.3509715272860085
    outer loop
      vertex 8.538631439208984 1.8224210739135742 3
      vertex 7.79796838760376 2.6684765815734863 0
      vertex 8.656439781188965 1.9262828826904297 3
    endloop
  endfacet
  facet normal 0.37188547417929546 -0.8593719895011385 -0.35097147712498744
    outer loop
      vertex 8.915548324584961 3.3704395294189453 0
      vertex 9.32968807220459 2.3244409561157227 3
      vertex 8.742584228515625 3.295590877532959 0
    endloop
  endfacet
  facet normal 0.2612414570782258 -0.8992062298321042 -0.35097159049526855
    outer loop
      vertex 9.348499298095703 3.5111136436462402 0
      vertex 9.628274917602539 2.421457290649414 3
      vertex 9.167516708374023 3.458533763885498 0
    endloop
  endfacet
  facet normal 0.8810283203234376 0.3171877081900433 -0.35097158939323025
    outer loop
      vertex 7.925558090209961 -0.9203109741210938 3
      vertex 6.802419662475586 -1.1201863288879395 0
      vertex 7.872358322143555 -0.7725419998168945 3
    endloop
  endfacet
  facet normal 0.8810283203234376 0.3171877081900433 -0.35097158939323025
    outer loop
      vertex 6.802419662475586 -1.1201863288879395 0
      vertex 7.925558090209961 -0.9203109741210938 3
      vertex 6.8157196044921875 -1.1571285724639893 0
    endloop
  endfacet
  facet normal 0.4766610180593761 -0.8059859042253534 -0.3509715031916958
    outer loop
      vertex 8.503642082214355 3.1766111850738525 0
      vertex 9.045615196228027 2.1907663345336914 3
      vertex 8.341423034667969 3.080674648284912 0
    endloop
  endfacet
  facet normal -0.9359239966478118 0.02941561385059153 -0.3509715004962366
    outer loop
      vertex 13.873766899108887 -0.03924393653869629 0
      vertex 13.867846488952637 -0.2276151180267334 0
      vertex 12.74506664276123 -0.15697574615478516 3
    endloop
  endfacet
  facet normal -0.9322296237003316 -0.08813286307794439 -0.350970835171845
    outer loop
      vertex 13.867846488952637 0.2276151180267334 0
      vertex 12.730286598205566 0.31333255767822266 3
      vertex 13.864151000976562 0.2667043209075928 0
    endloop
  endfacet
  facet normal -0.9322304516529628 -0.08812156936004208 -0.3509714718099408
    outer loop
      vertex 12.730286598205566 0.31333255767822266 3
      vertex 13.867846488952637 0.2276151180267334 0
      vertex 12.74506664276123 0.15697574615478516 3
    endloop
  endfacet
  facet normal 0.774465414655821 -0.5263289838408787 -0.3509716830045057
    outer loop
      vertex 8.227457046508789 1.4694623947143555 3
      vertex 7.295243263244629 2.0982472896575928 0
      vertex 7.317312717437744 2.1307213306427 0
    endloop
  endfacet
  facet normal 0.7744680563354753 -0.5263250931287408 -0.350971688400893
    outer loop
      vertex 7.295243263244629 2.0982472896575928 0
      vertex 8.227457046508789 1.4694623947143555 3
      vertex 8.139180183410645 1.3395662307739258 3
    endloop
  endfacet
  facet normal -0.8992059052535059 0.2612423952282358 -0.35097172377933444
    outer loop
      vertex 13.761114120483398 -0.9014999866485596 0
      vertex 13.708534240722656 -1.082481861114502 0
      vertex 12.671457290649414 -0.6217241287231445 3
    endloop
  endfacet
  facet normal -0.8059846547011864 0.4766629717899608 -0.3509717192461129
    outer loop
      vertex 13.33067512512207 -1.9085760116577148 0
      vertex 12.360818862915039 -1.3395662307739258 3
      vertex 12.440766334533691 -1.2043838500976562 3
    endloop
  endfacet
  facet normal -0.8059821651616255 0.47666718544631276 -0.35097171361816104
    outer loop
      vertex 12.360818862915039 -1.3395662307739258 3
      vertex 13.33067512512207 -1.9085760116577148 0
      vertex 13.310688018798828 -1.9423716068267822 0
    endloop
  endfacet
  facet normal 0.8059871804758996 -0.47665877952786023 -0.3509716125379951
    outer loop
      vertex 8.139180183410645 1.3395662307739258 3
      vertex 7.1693243980407715 1.9085760116577148 0
      vertex 7.1893110275268555 1.9423716068267822 0
    endloop
  endfacet
  facet normal 0.8059846909400405 -0.4766629932217831 -0.3509716069187617
    outer loop
      vertex 7.1693243980407715 1.9085760116577148 0
      vertex 8.139180183410645 1.3395662307739258 3
      vertex 8.059232711791992 1.2043838500976562 3
    endloop
  endfacet
  facet normal 0.08812245257324543 -0.9322303807807639 -0.35097143829922695
    outer loop
      vertex 9.983294486999512 3.6141514778137207 0
      vertex 9.936666488647461 2.4802865982055664 3
      vertex 9.795666694641113 3.5964152812957764 0
    endloop
  endfacet
  facet normal 0.31719020990378727 -0.8810274512153656 -0.3509715101630729
    outer loop
      vertex 9.092870712280273 3.434279680252075 0
      vertex 9.32968807220459 2.3244409561157227 3
      vertex 8.915548324584961 3.3704395294189453 0
    endloop
  endfacet
  facet normal 0.8343277573525284 0.4251072038566688 -0.350971592212625
    outer loop
      vertex 8.059232711791992 -1.2043838500976562 3
      vertex 6.970001697540283 -1.5434491634368896 0
      vertex 7.987932205200195 -1.0644474029541016 3
    endloop
  endfacet
  facet normal 0.8343277573525284 0.4251072038566688 -0.350971592212625
    outer loop
      vertex 6.970001697540283 -1.5434491634368896 0
      vertex 8.059232711791992 -1.2043838500976562 3
      vertex 6.987826824188232 -1.5784332752227783 0
    endloop
  endfacet
  facet normal 0.9248576927780618 0.1464829478426635 -0.35097150041073644
    outer loop
      vertex 7.794281005859375 -0.46845245361328125 3
      vertex 6.683065891265869 -0.6404769420623779 0
      vertex 7.769712448120117 -0.31333255767822266 3
    endloop
  endfacet
  facet normal 0.9248576927780618 0.1464829478426635 -0.35097150041073644
    outer loop
      vertex 6.683065891265869 -0.6404769420623779 0
      vertex 7.794281005859375 -0.46845245361328125 3
      vertex 6.689208030700684 -0.6792569160461426 0
    endloop
  endfacet
  facet normal -0.14648294724416253 -0.9248576889992725 -0.35097151061815357
    outer loop
      vertex 10.890477180480957 3.5669331550598145 0
      vertex 10.718452453613281 2.4557180404663086 3
      vertex 10.563332557678223 2.4802865982055664 3
    endloop
  endfacet
  facet normal -0.1464855830783372 -0.9248572726829323 -0.3509715075553683
    outer loop
      vertex 10.718452453613281 2.4557180404663086 3
      vertex 10.890477180480957 3.5669331550598145 0
      vertex 10.929256439208984 3.560791015625 0
    endloop
  endfacet
  facet normal 0.9138351313711407 -0.20426537805126793 -0.35097152021419425
    outer loop
      vertex 6.730319976806641 0.8631820678710938 0
      vertex 7.794281005859375 0.46845245361328125 3
      vertex 6.689208030700684 0.6792569160461426 0
    endloop
  endfacet
  facet normal 0.8059846909400405 0.4766629932217831 -0.3509716069187617
    outer loop
      vertex 8.139180183410645 -1.3395662307739258 3
      vertex 7.1693243980407715 -1.9085760116577148 0
      vertex 8.059232711791992 -1.2043838500976562 3
    endloop
  endfacet
  facet normal 0.8059871804758996 0.47665877952786023 -0.3509716125379951
    outer loop
      vertex 7.1693243980407715 -1.9085760116577148 0
      vertex 8.139180183410645 -1.3395662307739258 3
      vertex 7.1893110275268555 -1.9423716068267822 0
    endloop
  endfacet
  facet normal 0.7398936456428657 -0.5739129700619944 -0.35097193040459757
    outer loop
      vertex 8.323716163635254 1.5935592651367188 3
      vertex 7.317312717437744 2.1307213306427 0
      vertex 7.341377258300781 2.161745548248291 0
    endloop
  endfacet
  facet normal 0.7398909667800332 -0.5739165781513363 -0.35097167777524313
    outer loop
      vertex 7.317312717437744 2.1307213306427 0
      vertex 8.323716163635254 1.5935592651367188 3
      vertex 8.227457046508789 1.4694623947143555 3
    endloop
  endfacet
  facet normal 0.8343261765097756 -0.42511043949225374 -0.3509714310670909
    outer loop
      vertex 7.07338809967041 1.746356725692749 0
      vertex 8.059232711791992 1.2043838500976562 3
      vertex 6.987826824188232 1.5784332752227783 0
    endloop
  endfacet
  facet normal 0.5263233546317613 0.7744692888587489 -0.3509715757490814
    outer loop
      vertex 8.910432815551758 -2.110818862915039 3
      vertex 8.30762767791748 -3.060687780380249 0
      vertex 8.151751518249512 -2.9547555446624756 0
    endloop
  endfacet
  facet normal 0.3718832029049424 -0.8593729326501895 -0.3509715743837017
    outer loop
      vertex 8.742584228515625 3.295590877532959 0
      vertex 9.185551643371582 2.2620668411254883 3
      vertex 8.706549644470215 3.2799973487854004 0
    endloop
  endfacet
  facet normal 0.3718873485852907 -0.8593711407633121 -0.3509715691980845
    outer loop
      vertex 9.185551643371582 2.2620668411254883 3
      vertex 8.742584228515625 3.295590877532959 0
      vertex 9.32968807220459 2.3244409561157227 3
    endloop
  endfacet
  facet normal 0.8059867536379854 0.4766596352561437 -0.350971430571751
    outer loop
      vertex 8.059232711791992 -1.2043838500976562 3
      vertex 7.1693243980407715 -1.9085760116577148 0
      vertex 7.07338809967041 -1.746356725692749 0
    endloop
  endfacet
  facet normal -0.805987784901228 -0.4766578759749025 -0.35097145163261706
    outer loop
      vertex 13.33067512512207 1.9085760116577148 0
      vertex 13.426610946655273 1.746356725692749 0
      vertex 12.440766334533691 1.2043838500976562 3
    endloop
  endfacet
  facet normal -0.20426600476348045 -0.9138350047538484 -0.3509714851444482
    outer loop
      vertex 10.929256439208984 3.560791015625 0
      vertex 11.113182067871094 3.519678831100464 0
      vertex 10.718452453613281 2.4557180404663086 3
    endloop
  endfacet
  facet normal -0.8810283203234376 -0.3171877081900433 -0.35097158939323025
    outer loop
      vertex 13.697579383850098 1.1201863288879395 0
      vertex 12.574440956115723 0.9203109741210938 3
      vertex 13.684279441833496 1.1571285724639893 0
    endloop
  endfacet
  facet normal -0.8810283203234376 -0.3171877081900433 -0.35097158939323025
    outer loop
      vertex 12.574440956115723 0.9203109741210938 3
      vertex 13.697579383850098 1.1201863288879395 0
      vertex 12.627640724182129 0.7725419998168945 3
    endloop
  endfacet
  facet normal -0.9248577404947682 0.14648295540024112 -0.35097137151642877
    outer loop
      vertex 13.816932678222656 -0.6404769420623779 0
      vertex 12.705718040466309 -0.46845245361328125 3
      vertex 12.730286598205566 -0.31333255767822266 3
    endloop
  endfacet
  facet normal -0.9248594927409818 0.14647186088966027 -0.3509713843811402
    outer loop
      vertex 12.705718040466309 -0.46845245361328125 3
      vertex 13.816932678222656 -0.6404769420623779 0
      vertex 13.810791015625 -0.6792569160461426 0
    endloop
  endfacet
  facet normal -0.9248573508793607 0.14648517382678605 -0.3509714723070058
    outer loop
      vertex 13.846415519714355 -0.4543323516845703 0
      vertex 13.816932678222656 -0.6404769420623779 0
      vertex 12.730286598205566 -0.31333255767822266 3
    endloop
  endfacet
  facet normal 0.31719317268374264 -0.8810264403468704 -0.35097137007531487
    outer loop
      vertex 9.129812240600586 3.4475796222686768 0
      vertex 9.32968807220459 2.3244409561157227 3
      vertex 9.092870712280273 3.434279680252075 0
    endloop
  endfacet
  facet normal 0.3171876947829216 -0.8810282830834889 -0.35097169499157016
    outer loop
      vertex 9.32968807220459 2.3244409561157227 3
      vertex 9.129812240600586 3.4475796222686768 0
      vertex 9.477457046508789 2.377640724182129 3
    endloop
  endfacet
  facet normal -0.2612427279573399 0.8992058659384095 -0.3509715768425736
    outer loop
      vertex 11.332481384277344 -3.458533763885498 0
      vertex 11.15149974822998 -3.5111136436462402 0
      vertex 10.871724128723145 -2.421457290649414 3
    endloop
  endfacet
  facet normal -0.5263233546317613 -0.7744692888587489 -0.3509715757490814
    outer loop
      vertex 12.192371368408203 3.060687780380249 0
      vertex 12.348247528076172 2.9547555446624756 0
      vertex 11.589566230773926 2.110818862915039 3
    endloop
  endfacet
  facet normal -0.47666548521939356 0.805983218605034 -0.3509716035915585
    outer loop
      vertex 12.158576011657715 -3.080674648284912 0
      vertex 11.589566230773926 -2.110818862915039 3
      vertex 12.192371368408203 -3.060687780380249 0
    endloop
  endfacet
  facet normal -0.4766629932217831 0.8059846909400405 -0.3509716069187617
    outer loop
      vertex 11.589566230773926 -2.110818862915039 3
      vertex 12.158576011657715 -3.080674648284912 0
      vertex 11.454383850097656 -2.1907663345336914 3
    endloop
  endfacet
  facet normal 0.9322304829908925 0.08812116567449606 -0.3509714899286485
    outer loop
      vertex 7.769712448120117 -0.31333255767822266 3
      vertex 6.653583526611328 -0.4543323516845703 0
      vertex 6.635847568511963 -0.2667043209075928 0
    endloop
  endfacet
  facet normal -0.8343252108821106 -0.4251123166388169 -0.3509714528683209
    outer loop
      vertex 13.426610946655273 1.746356725692749 0
      vertex 13.51217269897461 1.5784332752227783 0
      vertex 12.440766334533691 1.2043838500976562 3
    endloop
  endfacet
  facet normal 0.08812245257324543 0.9322303807807639 -0.35097143829922695
    outer loop
      vertex 9.936666488647461 -2.4802865982055664 3
      vertex 9.983294486999512 -3.6141514778137207 0
      vertex 9.795666694641113 -3.5964152812957764 0
    endloop
  endfacet
  facet normal 0.8343261765097756 0.42511043949225374 -0.3509714310670909
    outer loop
      vertex 8.059232711791992 -1.2043838500976562 3
      vertex 7.07338809967041 -1.746356725692749 0
      vertex 6.987826824188232 -1.5784332752227783 0
    endloop
  endfacet
  facet normal 0.7398874002794802 0.5739213065964228 -0.3509714642849573
    outer loop
      vertex 8.323716163635254 -1.5935592651367188 3
      vertex 7.4568891525268555 -2.3106610774993896 0
      vertex 7.341377258300781 -2.161745548248291 0
    endloop
  endfacet
  facet normal -0.7398874002794802 -0.5739213065964228 -0.3509714642849573
    outer loop
      vertex 13.043109893798828 2.3106610774993896 0
      vertex 13.158621788024902 2.161745548248291 0
      vertex 12.17628288269043 1.5935592651367188 3
    endloop
  endfacet
  facet normal 0.9359242046878504 0.029408083709367275 -0.35097157675794394
    outer loop
      vertex 7.75 0 3
      vertex 6.626233100891113 -0.03924393653869629 0
      vertex 6.625 0 0
    endloop
  endfacet
  facet normal 0.9359242046878504 0.029408083709367275 -0.35097157675794394
    outer loop
      vertex 6.626233100891113 -0.03924393653869629 0
      vertex 7.75 0 3
      vertex 7.754932403564453 -0.15697574615478516 3
    endloop
  endfacet
  facet normal -0.6621249951681213 -0.6621249951681213 -0.35097148252704313
    outer loop
      vertex 12.73148250579834 2.6425111293792725 0
      vertex 12.072421073913574 1.7113676071166992 3
      vertex 11.9613676071167 1.8224210739135742 3
    endloop
  endfacet
  facet normal -0.6621239941651254 -0.6621259548463024 -0.3509715604855944
    outer loop
      vertex 12.072421073913574 1.7113676071166992 3
      vertex 12.73148250579834 2.6425111293792725 0
      vertex 12.892511367797852 2.481482744216919 0
    endloop
  endfacet
  facet normal -0.6192425564853011 -0.7023942652463637 -0.3509714409842621
    outer loop
      vertex 12.702030181884766 2.6684765815734863 0
      vertex 11.9613676071167 1.8224210739135742 3
      vertex 11.843559265136719 1.9262828826904297 3
    endloop
  endfacet
  facet normal -0.619239734854938 -0.7023967506781034 -0.35097144529666285
    outer loop
      vertex 11.9613676071167 1.8224210739135742 3
      vertex 12.702030181884766 2.6684765815734863 0
      vertex 12.73148250579834 2.6425111293792725 0
    endloop
  endfacet
  facet normal 0.6192417920886916 0.702394918511375 -0.3509714822890665
    outer loop
      vertex 8.656439781188965 -1.9262828826904297 3
      vertex 7.939337730407715 -2.793109893798828 0
      vertex 7.79796838760376 -2.6684765815734863 0
    endloop
  endfacet
  facet normal 0.8593711318491002 -0.37188734472772267 -0.3509715951124255
    outer loop
      vertex 7.987932205200195 1.0644474029541016 3
      vertex 6.954408168792725 1.5074150562286377 0
      vertex 6.970001697540283 1.5434491634368896 0
    endloop
  endfacet
  facet normal 0.8593711318491002 -0.37188734472772267 -0.3509715951124255
    outer loop
      vertex 6.954408168792725 1.5074150562286377 0
      vertex 7.987932205200195 1.0644474029541016 3
      vertex 7.925558090209961 0.9203109741210938 3
    endloop
  endfacet
  facet normal 0.8992059503600142 -0.26124240833283413 -0.35097159846005277
    outer loop
      vertex 6.7914652824401855 1.082481861114502 0
      vertex 7.8285417556762695 0.6217241287231445 3
      vertex 6.738885402679443 0.9014999866485596 0
    endloop
  endfacet
  facet normal 0.9138330569035877 -0.20427438542480444 -0.35097167915597205
    outer loop
      vertex 7.8285417556762695 0.6217241287231445 3
      vertex 6.730319976806641 0.8631820678710938 0
      vertex 6.738885402679443 0.9014999866485596 0
    endloop
  endfacet
  facet normal 0.913834265086689 -0.204268969513115 -0.3509716855353452
    outer loop
      vertex 6.730319976806641 0.8631820678710938 0
      vertex 7.8285417556762695 0.6217241287231445 3
      vertex 7.794281005859375 0.46845245361328125 3
    endloop
  endfacet
  facet normal 0.7023942409823632 0.6192425350937516 -0.3509715272860085
    outer loop
      vertex 8.42757797241211 -1.7113676071166992 3
      vertex 7.581522464752197 -2.452030658721924 0
      vertex 8.323716163635254 -1.5935592651367188 3
    endloop
  endfacet
  facet normal 0.70239706018058 0.619239334547816 -0.3509715321766948
    outer loop
      vertex 7.581522464752197 -2.452030658721924 0
      vertex 8.42757797241211 -1.7113676071166992 3
      vertex 7.607487678527832 -2.481482744216919 0
    endloop
  endfacet
  facet normal -0.7744680563354753 0.5263250931287408 -0.350971688400893
    outer loop
      vertex 13.204755783081055 -2.0982472896575928 0
      vertex 12.272541999816895 -1.4694623947143555 3
      vertex 12.360818862915039 -1.3395662307739258 3
    endloop
  endfacet
  facet normal -0.7744601312991929 0.5263367651506078 -0.35097167218855574
    outer loop
      vertex 12.272541999816895 -1.4694623947143555 3
      vertex 13.204755783081055 -2.0982472896575928 0
      vertex 13.182685852050781 -2.1307213306427 0
    endloop
  endfacet
  facet normal 0.8992059503600142 0.26124240833283413 -0.35097159846005277
    outer loop
      vertex 7.8285417556762695 -0.6217241287231445 3
      vertex 6.7914652824401855 -1.082481861114502 0
      vertex 6.738885402679443 -0.9014999866485596 0
    endloop
  endfacet
  facet normal -0.805987784901228 0.4766578759749025 -0.35097145163261706
    outer loop
      vertex 13.426610946655273 -1.746356725692749 0
      vertex 13.33067512512207 -1.9085760116577148 0
      vertex 12.440766334533691 -1.2043838500976562 3
    endloop
  endfacet
  facet normal -0.7744685165228948 0.5263244398252045 -0.350971652640938
    outer loop
      vertex 13.310688018798828 -1.9423716068267822 0
      vertex 13.204755783081055 -2.0982472896575928 0
      vertex 12.360818862915039 -1.3395662307739258 3
    endloop
  endfacet
  facet normal -0.7398909973191385 0.5739166018398251 -0.3509715746591424
    outer loop
      vertex 13.182685852050781 -2.1307213306427 0
      vertex 12.17628288269043 -1.5935592651367188 3
      vertex 12.272541999816895 -1.4694623947143555 3
    endloop
  endfacet
  facet normal -0.7398990339215932 0.5739057774583995 -0.35097233253030563
    outer loop
      vertex 12.17628288269043 -1.5935592651367188 3
      vertex 13.182685852050781 -2.1307213306427 0
      vertex 13.158621788024902 -2.161745548248291 0
    endloop
  endfacet
  facet normal 0.7023954464241589 -0.6192412131577173 -0.35097144722835366
    outer loop
      vertex 7.581522464752197 2.452030658721924 0
      vertex 8.323716163635254 1.5935592651367188 3
      vertex 7.4568891525268555 2.3106610774993896 0
    endloop
  endfacet
  facet normal -0.619239734854938 0.7023967506781034 -0.35097144529666285
    outer loop
      vertex 12.702030181884766 -2.6684765815734863 0
      vertex 11.9613676071167 -1.8224210739135742 3
      vertex 12.73148250579834 -2.6425111293792725 0
    endloop
  endfacet
  facet normal -0.6192425564853011 0.7023942652463637 -0.3509714409842621
    outer loop
      vertex 11.9613676071167 -1.8224210739135742 3
      vertex 12.702030181884766 -2.6684765815734863 0
      vertex 11.843559265136719 -1.9262828826904297 3
    endloop
  endfacet
  facet normal 0.2042689747197931 0.9138342883797075 -0.35097162185635233
    outer loop
      vertex 9.38681697845459 -3.519678831100464 0
      vertex 9.628274917602539 -2.421457290649414 3
      vertex 9.781546592712402 -2.4557180404663086 3
    endloop
  endfacet
  facet normal 0.20427018534549074 0.9138340183155432 -0.3509716204313202
    outer loop
      vertex 9.628274917602539 -2.421457290649414 3
      vertex 9.38681697845459 -3.519678831100464 0
      vertex 9.348499298095703 -3.5111136436462402 0
    endloop
  endfacet
  facet normal -0.08812245257324543 -0.9322303807807639 -0.35097143829922695
    outer loop
      vertex 10.70433235168457 3.5964152812957764 0
      vertex 10.563332557678223 2.4802865982055664 3
      vertex 10.516704559326172 3.6141514778137207 0
    endloop
  endfacet
  facet normal 0.7398874002794802 -0.5739213065964228 -0.3509714642849573
    outer loop
      vertex 7.4568891525268555 2.3106610774993896 0
      vertex 8.323716163635254 1.5935592651367188 3
      vertex 7.341377258300781 2.161745548248291 0
    endloop
  endfacet
  facet normal -0.42510852953036765 0.8343271220220935 -0.3509714968182733
    outer loop
      vertex 11.996356964111328 -3.1766111850738525 0
      vertex 11.8284330368042 -3.262172222137451 0
      vertex 11.454383850097656 -2.1907663345336914 3
    endloop
  endfacet
  facet normal -0.7023942763427354 -0.6192425507620709 -0.35097142887512806
    outer loop
      vertex 12.918476104736328 2.452030658721924 0
      vertex 13.043109893798828 2.3106610774993896 0
      vertex 12.17628288269043 1.5935592651367188 3
    endloop
  endfacet
  facet normal 0.526330385061672 -0.774464471095338 -0.35097166377337424
    outer loop
      vertex 8.151751518249512 2.9547555446624756 0
      vertex 8.780536651611328 2.0225419998168945 3
      vertex 8.119277954101562 2.9326863288879395 0
    endloop
  endfacet
  facet normal 0.5263250967716383 -0.7744680616958652 -0.3509716711094714
    outer loop
      vertex 8.780536651611328 2.0225419998168945 3
      vertex 8.151751518249512 2.9547555446624756 0
      vertex 8.910432815551758 2.110818862915039 3
    endloop
  endfacet
  facet normal 0.9359241637367071 -0.02941088076140441 -0.3509714515834356
    outer loop
      vertex 6.632152557373047 0.2276151180267334 0
      vertex 7.754932403564453 0.15697574615478516 3
      vertex 6.626233100891113 0.03924393653869629 0
    endloop
  endfacet
  facet normal -0.8593710906505077 0.37188732689929604 -0.3509717148800644
    outer loop
      vertex 13.545591354370117 -1.5074150562286377 0
      vertex 12.512066841125488 -1.0644474029541016 3
      vertex 12.574440956115723 -0.9203109741210938 3
    endloop
  endfacet
  facet normal -0.8593628088927888 0.37190648681376975 -0.3509716908209765
    outer loop
      vertex 12.512066841125488 -1.0644474029541016 3
      vertex 13.545591354370117 -1.5074150562286377 0
      vertex 13.529996871948242 -1.5434491634368896 0
    endloop
  endfacet
  facet normal -0.8810279546111828 0.31718878007718876 -0.35097153871329834
    outer loop
      vertex 13.684279441833496 -1.1571285724639893 0
      vertex 13.620439529418945 -1.3344511985778809 0
      vertex 12.574440956115723 -0.9203109741210938 3
    endloop
  endfacet
  facet normal 0.2612414570782258 0.8992062298321042 -0.35097159049526855
    outer loop
      vertex 9.628274917602539 -2.421457290649414 3
      vertex 9.348499298095703 -3.5111136436462402 0
      vertex 9.167516708374023 -3.458533763885498 0
    endloop
  endfacet
  facet normal 0.8593711318491002 0.37188734472772267 -0.3509715951124255
    outer loop
      vertex 7.987932205200195 -1.0644474029541016 3
      vertex 6.954408168792725 -1.5074150562286377 0
      vertex 7.925558090209961 -0.9203109741210938 3
    endloop
  endfacet
  facet normal 0.8593711318491002 0.37188734472772267 -0.3509715951124255
    outer loop
      vertex 6.954408168792725 -1.5074150562286377 0
      vertex 7.987932205200195 -1.0644474029541016 3
      vertex 6.970001697540283 -1.5434491634368896 0
    endloop
  endfacet
  facet normal -0.8810283203234376 0.3171877081900433 -0.35097158939323025
    outer loop
      vertex 13.697579383850098 -1.1201863288879395 0
      vertex 12.574440956115723 -0.9203109741210938 3
      vertex 12.627640724182129 -0.7725419998168945 3
    endloop
  endfacet
  facet normal -0.8810283203234376 0.3171877081900433 -0.35097158939323025
    outer loop
      vertex 12.574440956115723 -0.9203109741210938 3
      vertex 13.697579383850098 -1.1201863288879395 0
      vertex 13.684279441833496 -1.1571285724639893 0
    endloop
  endfacet
  facet normal -0.8593726423042779 0.3718839001223161 -0.3509715465515389
    outer loop
      vertex 13.620439529418945 -1.3344511985778809 0
      vertex 13.545591354370117 -1.5074150562286377 0
      vertex 12.574440956115723 -0.9203109741210938 3
    endloop
  endfacet
  facet normal -0.526330385061672 0.774464471095338 -0.35097166377337424
    outer loop
      vertex 12.348247528076172 -2.9547555446624756 0
      vertex 11.719462394714355 -2.0225419998168945 3
      vertex 12.380721092224121 -2.9326863288879395 0
    endloop
  endfacet
  facet normal -0.5263250967716383 0.7744680616958652 -0.3509716711094714
    outer loop
      vertex 11.719462394714355 -2.0225419998168945 3
      vertex 12.348247528076172 -2.9547555446624756 0
      vertex 11.589566230773926 -2.110818862915039 3
    endloop
  endfacet
  facet normal -0.8992057297060907 0.2612429636998327 -0.3509717504031698
    outer loop
      vertex 13.708534240722656 -1.082481861114502 0
      vertex 12.627640724182129 -0.7725419998168945 3
      vertex 12.671457290649414 -0.6217241287231445 3
    endloop
  endfacet
  facet normal -0.8992011663190345 0.26125869580905375 -0.35097173156059225
    outer loop
      vertex 12.627640724182129 -0.7725419998168945 3
      vertex 13.708534240722656 -1.082481861114502 0
      vertex 13.697579383850098 -1.1201863288879395 0
    endloop
  endfacet
  facet normal -0.913835473244846 -0.20426355358081505 -0.35097169190392813
    outer loop
      vertex 13.769679069519043 0.8631820678710938 0
      vertex 12.671457290649414 0.6217241287231445 3
      vertex 13.761114120483398 0.9014999866485596 0
    endloop
  endfacet
  facet normal -0.913834265086689 -0.204268969513115 -0.3509716855353452
    outer loop
      vertex 12.671457290649414 0.6217241287231445 3
      vertex 13.769679069519043 0.8631820678710938 0
      vertex 12.705718040466309 0.46845245361328125 3
    endloop
  endfacet
  facet normal -0.8343252108821106 0.4251123166388169 -0.3509714528683209
    outer loop
      vertex 13.51217269897461 -1.5784332752227783 0
      vertex 13.426610946655273 -1.746356725692749 0
      vertex 12.440766334533691 -1.2043838500976562 3
    endloop
  endfacet
  facet normal -0.8343277961849197 0.4251072236425732 -0.3509714759351795
    outer loop
      vertex 13.529996871948242 -1.5434491634368896 0
      vertex 12.440766334533691 -1.2043838500976562 3
      vertex 12.512066841125488 -1.0644474029541016 3
    endloop
  endfacet
  facet normal -0.8343366156289517 0.425088973137926 -0.35097261536674146
    outer loop
      vertex 12.440766334533691 -1.2043838500976562 3
      vertex 13.529996871948242 -1.5434491634368896 0
      vertex 13.51217269897461 -1.5784332752227783 0
    endloop
  endfacet
  facet normal -0.31718588008046666 0.8810289284868089 -0.35097171488164824
    outer loop
      vertex 11.370185852050781 -3.4475796222686768 0
      vertex 11.170310974121094 -2.3244409561157227 3
      vertex 11.40712833404541 -3.434279680252075 0
    endloop
  endfacet
  facet normal -0.3171877060078492 0.8810283142621218 -0.35097160658082055
    outer loop
      vertex 11.170310974121094 -2.3244409561157227 3
      vertex 11.370185852050781 -3.4475796222686768 0
      vertex 11.022541999816895 -2.377640724182129 3
    endloop
  endfacet
  facet normal 0.9322304516529628 -0.08812156936004208 -0.3509714718099408
    outer loop
      vertex 7.769712448120117 0.31333255767822266 3
      vertex 6.632152557373047 0.2276151180267334 0
      vertex 6.635847568511963 0.2667043209075928 0
    endloop
  endfacet
  facet normal 0.9322304516529628 -0.08812156936004208 -0.3509714718099408
    outer loop
      vertex 6.632152557373047 0.2276151180267334 0
      vertex 7.769712448120117 0.31333255767822266 3
      vertex 7.754932403564453 0.15697574615478516 3
    endloop
  endfacet
  facet normal 0.8343277573525284 -0.4251072038566688 -0.350971592212625
    outer loop
      vertex 8.059232711791992 1.2043838500976562 3
      vertex 6.970001697540283 1.5434491634368896 0
      vertex 6.987826824188232 1.5784332752227783 0
    endloop
  endfacet
  facet normal 0.8343277573525284 -0.4251072038566688 -0.350971592212625
    outer loop
      vertex 6.970001697540283 1.5434491634368896 0
      vertex 8.059232711791992 1.2043838500976562 3
      vertex 7.987932205200195 1.0644474029541016 3
    endloop
  endfacet
  facet normal -0.02941394335204854 -0.935924043252888 -0.350971516219833
    outer loop
      vertex 10.289243698120117 3.6237666606903076 0
      vertex 10.25 2.5 3
      vertex 10.25 3.625 0
    endloop
  endfacet
  facet normal -0.02941376483233671 -0.9359240489401613 -0.35097151601496446
    outer loop
      vertex 10.25 2.5 3
      vertex 10.289243698120117 3.6237666606903076 0
      vertex 10.406975746154785 2.4950666427612305 3
    endloop
  endfacet
  facet normal -0.8343366156289517 -0.425088973137926 -0.35097261536674146
    outer loop
      vertex 13.529996871948242 1.5434491634368896 0
      vertex 12.440766334533691 1.2043838500976562 3
      vertex 13.51217269897461 1.5784332752227783 0
    endloop
  endfacet
  facet normal -0.8343277961849197 -0.4251072236425732 -0.3509714759351795
    outer loop
      vertex 12.440766334533691 1.2043838500976562 3
      vertex 13.529996871948242 1.5434491634368896 0
      vertex 12.512066841125488 1.0644474029541016 3
    endloop
  endfacet
  facet normal -0.4251118482937565 0.8343255005596206 -0.35097133153037546
    outer loop
      vertex 11.793449401855469 -3.2799973487854004 0
      vertex 11.454383850097656 -2.1907663345336914 3
      vertex 11.8284330368042 -3.262172222137451 0
    endloop
  endfacet
  facet normal -0.42510719881600484 0.8343277474595748 -0.35097162183550107
    outer loop
      vertex 11.454383850097656 -2.1907663345336914 3
      vertex 11.793449401855469 -3.2799973487854004 0
      vertex 11.314447402954102 -2.2620668411254883 3
    endloop
  endfacet
  facet normal 0.9359242046878504 -0.029408083709367275 -0.35097157675794394
    outer loop
      vertex 7.75 0 3
      vertex 6.626233100891113 0.03924393653869629 0
      vertex 7.754932403564453 0.15697574615478516 3
    endloop
  endfacet
  facet normal 0.9359242046878504 -0.029408083709367275 -0.35097157675794394
    outer loop
      vertex 6.626233100891113 0.03924393653869629 0
      vertex 7.75 0 3
      vertex 6.625 0 0
    endloop
  endfacet
  facet normal -0.7024027261293996 -0.6192329576089899 -0.3509714440475329
    outer loop
      vertex 12.918476104736328 2.452030658721924 0
      vertex 12.072421073913574 1.7113676071166992 3
      vertex 12.892511367797852 2.481482744216919 0
    endloop
  endfacet
  facet normal -0.7023942685045262 -0.6192425593577519 -0.35097142939568815
    outer loop
      vertex 12.072421073913574 1.7113676071166992 3
      vertex 12.918476104736328 2.452030658721924 0
      vertex 12.17628288269043 1.5935592651367188 3
    endloop
  endfacet
  facet normal -0.029414356178285136 -0.9359240402798497 -0.35097148954987667
    outer loop
      vertex 10.477615356445312 3.6178464889526367 0
      vertex 10.406975746154785 2.4950666427612305 3
      vertex 10.289243698120117 3.6237666606903076 0
    endloop
  endfacet
  facet normal -0.08812156914344375 -0.932230449361588 -0.350971477950544
    outer loop
      vertex 10.477615356445312 3.6178464889526367 0
      vertex 10.563332557678223 2.4802865982055664 3
      vertex 10.406975746154785 2.4950666427612305 3
    endloop
  endfacet
  facet normal -0.08812156914344375 -0.932230449361588 -0.350971477950544
    outer loop
      vertex 10.563332557678223 2.4802865982055664 3
      vertex 10.477615356445312 3.6178464889526367 0
      vertex 10.516704559326172 3.6141514778137207 0
    endloop
  endfacet
  facet normal 0.899204253705075 -0.26124822086663657 -0.35097161881371003
    outer loop
      vertex 7.872358322143555 0.7725419998168945 3
      vertex 6.7914652824401855 1.082481861114502 0
      vertex 6.802419662475586 1.1201863288879395 0
    endloop
  endfacet
  facet normal 0.8992057748125849 -0.26124297680445807 -0.35097162508391533
    outer loop
      vertex 6.7914652824401855 1.082481861114502 0
      vertex 7.872358322143555 0.7725419998168945 3
      vertex 7.8285417556762695 0.6217241287231445 3
    endloop
  endfacet
  facet normal -0.7023942685045262 0.6192425593577519 -0.35097142939568815
    outer loop
      vertex 12.918476104736328 -2.452030658721924 0
      vertex 12.072421073913574 -1.7113676071166992 3
      vertex 12.17628288269043 -1.5935592651367188 3
    endloop
  endfacet
  facet normal -0.7024027261293996 0.6192329576089899 -0.3509714440475329
    outer loop
      vertex 12.072421073913574 -1.7113676071166992 3
      vertex 12.918476104736328 -2.452030658721924 0
      vertex 12.892511367797852 -2.481482744216919 0
    endloop
  endfacet
  facet normal -0.5739193860469987 0.739888900678453 -0.3509714418186561
    outer loop
      vertex 12.380721092224121 -2.9326863288879395 0
      vertex 11.843559265136719 -1.9262828826904297 3
      vertex 12.411745071411133 -2.9086215496063232 0
    endloop
  endfacet
  facet normal -0.5739165873386476 0.7398909786242782 -0.35097163778283874
    outer loop
      vertex 11.843559265136719 -1.9262828826904297 3
      vertex 12.380721092224121 -2.9326863288879395 0
      vertex 11.719462394714355 -2.0225419998168945 3
    endloop
  endfacet
  facet normal 0.8810279546111828 0.31718878007718876 -0.35097153871329834
    outer loop
      vertex 7.925558090209961 -0.9203109741210938 3
      vertex 6.879559516906738 -1.3344511985778809 0
      vertex 6.8157196044921875 -1.1571285724639893 0
    endloop
  endfacet
  facet normal -0.2612427279573399 -0.8992058659384095 -0.3509715768425736
    outer loop
      vertex 11.15149974822998 3.5111136436462402 0
      vertex 11.332481384277344 3.458533763885498 0
      vertex 10.871724128723145 2.421457290649414 3
    endloop
  endfacet
  facet normal -0.20426600476348045 0.9138350047538484 -0.3509714851444482
    outer loop
      vertex 11.113182067871094 -3.519678831100464 0
      vertex 10.929256439208984 -3.560791015625 0
      vertex 10.718452453613281 -2.4557180404663086 3
    endloop
  endfacet
  facet normal -0.2042689747197931 -0.9138342883797075 -0.35097162185635233
    outer loop
      vertex 11.113182067871094 3.519678831100464 0
      vertex 10.871724128723145 2.421457290649414 3
      vertex 10.718452453613281 2.4557180404663086 3
    endloop
  endfacet
  facet normal -0.20427018534549074 -0.9138340183155432 -0.3509716204313202
    outer loop
      vertex 10.871724128723145 2.421457290649414 3
      vertex 11.113182067871094 3.519678831100464 0
      vertex 11.15149974822998 3.5111136436462402 0
    endloop
  endfacet
  facet normal 0.5739211320088858 0.7398875177623981 -0.35097150210955336
    outer loop
      vertex 8.656439781188965 -1.9262828826904297 3
      vertex 8.088253021240234 -2.9086215496063232 0
      vertex 7.939337730407715 -2.793109893798828 0
    endloop
  endfacet
  facet normal -0.1464855830783372 0.9248572726829323 -0.3509715075553683
    outer loop
      vertex 10.890477180480957 -3.5669331550598145 0
      vertex 10.718452453613281 -2.4557180404663086 3
      vertex 10.929256439208984 -3.560791015625 0
    endloop
  endfacet
  facet normal -0.14648294724416253 0.9248576889992725 -0.35097151061815357
    outer loop
      vertex 10.718452453613281 -2.4557180404663086 3
      vertex 10.890477180480957 -3.5669331550598145 0
      vertex 10.563332557678223 -2.4802865982055664 3
    endloop
  endfacet
  facet normal 0.7744685165228948 0.5263244398252045 -0.350971652640938
    outer loop
      vertex 8.139180183410645 -1.3395662307739258 3
      vertex 7.295243263244629 -2.0982472896575928 0
      vertex 7.1893110275268555 -1.9423716068267822 0
    endloop
  endfacet
endsolid OpenSCAD_Model
