solid OpenSCAD_Model
  facet normal 0.9995065470156709 0.03141118388107106 0
    outer loop
      vertex 14.75 0 40
      vertex 14.720893859863281 0.9261598587036133 3
      vertex 14.720893859863281 0.9261598587036133 40
    endloop
  endfacet
  facet normal 0.9995065470156709 0.03141118388107106 0
    outer loop
      vertex 14.720893859863281 0.9261598587036133 3
      vertex 14.75 0 40
      vertex 14.75 0 3
    endloop
  endfacet
  facet normal 0.8607419641602178 -0.5090415220132934 0
    outer loop
      vertex 12.453836441040039 -7.903444290161133 40
      vertex 12.925522804260254 -7.105866432189941 3
      vertex 12.925522804260254 -7.105866432189941 40
    endloop
  endfacet
  facet normal 0.8607419641602178 -0.5090415220132934 0
    outer loop
      vertex 12.925522804260254 -7.105866432189941 3
      vertex 12.453836441040039 -7.903444290161133 40
      vertex 12.453836441040039 -7.903444290161133 3
    endloop
  endfacet
  facet normal -0.987688232571507 0.15643514707306944 0
    outer loop
      vertex -14.633691787719727 1.8486642837524414 3
      vertex -14.488736152648926 2.763874053955078 40
      vertex -14.488736152648926 2.763874053955078 3
    endloop
  endfacet
  facet normal -0.987688232571507 0.15643514707306944 0
    outer loop
      vertex -14.488736152648926 2.763874053955078 40
      vertex -14.633691787719727 1.8486642837524414 3
      vertex -14.633691787719727 1.8486642837524414 40
    endloop
  endfacet
  facet normal 0.397148407418539 0.9177544020515064 0
    outer loop
      vertex 6.280243873596191 13.346198081970215 3
      vertex 5.429836273193359 13.714202880859375 40
      vertex 6.280243873596191 13.346198081970215 40
    endloop
  endfacet
  facet normal 0.397148407418539 0.9177544020515064 0
    outer loop
      vertex 5.429836273193359 13.714202880859375 40
      vertex 6.280243873596191 13.346198081970215 3
      vertex 5.429836273193359 13.714202880859375 3
    endloop
  endfacet
  facet normal -0.7071067811865476 0.7071067811865476 0
    outer loop
      vertex -10.752286911010742 10.09706974029541 3
      vertex -10.09706974029541 10.752286911010742 40
      vertex -10.09706974029541 10.752286911010742 3
    endloop
  endfacet
  facet normal -0.7071067811865476 0.7071067811865476 0
    outer loop
      vertex -10.09706974029541 10.752286911010742 40
      vertex -10.752286911010742 10.09706974029541 3
      vertex -10.752286911010742 10.09706974029541 40
    endloop
  endfacet
  facet normal 0.9759168262136635 -0.21814295384689864 0
    outer loop
      vertex 14.286601066589355 -3.66817569732666 40
      vertex 14.488736152648926 -2.763874053955078 3
      vertex 14.488736152648926 -2.763874053955078 40
    endloop
  endfacet
  facet normal 0.9759168262136635 -0.21814295384689864 0
    outer loop
      vertex 14.488736152648926 -2.763874053955078 3
      vertex 14.286601066589355 -3.66817569732666 40
      vertex 14.286601066589355 -3.66817569732666 3
    endloop
  endfacet
  facet normal -0.15643514707306944 -0.987688232571507 0
    outer loop
      vertex -2.763874053955078 -14.488736152648926 3
      vertex -1.8486642837524414 -14.633691787719727 40
      vertex -2.763874053955078 -14.488736152648926 40
    endloop
  endfacet
  facet normal -0.15643514707306944 -0.987688232571507 0
    outer loop
      vertex -1.8486642837524414 -14.633691787719727 40
      vertex -2.763874053955078 -14.488736152648926 3
      vertex -1.8486642837524414 -14.633691787719727 3
    endloop
  endfacet
  facet normal 0.987688232571507 -0.15643514707306944 0
    outer loop
      vertex 14.488736152648926 -2.763874053955078 40
      vertex 14.633691787719727 -1.8486642837524414 3
      vertex 14.633691787719727 -1.8486642837524414 40
    endloop
  endfacet
  facet normal 0.987688232571507 -0.15643514707306944 0
    outer loop
      vertex 14.633691787719727 -1.8486642837524414 3
      vertex 14.488736152648926 -2.763874053955078 40
      vertex 14.488736152648926 -2.763874053955078 3
    endloop
  endfacet
  facet normal 0.5620827655923644 0.827080990365538 0
    outer loop
      vertex 8.669832229614258 11.933000564575195 3
      vertex 7.903444290161133 12.453836441040039 40
      vertex 8.669832229614258 11.933000564575195 40
    endloop
  endfacet
  facet normal 0.5620827655923644 0.827080990365538 0
    outer loop
      vertex 7.903444290161133 12.453836441040039 40
      vertex 8.669832229614258 11.933000564575195 3
      vertex 7.903444290161133 12.453836441040039 3
    endloop
  endfacet
  facet normal 0.7071067811865476 -0.7071067811865476 0
    outer loop
      vertex 10.09706974029541 -10.752286911010742 40
      vertex 10.752286911010742 -10.09706974029541 3
      vertex 10.752286911010742 -10.09706974029541 40
    endloop
  endfacet
  facet normal 0.7071067811865476 -0.7071067811865476 0
    outer loop
      vertex 10.752286911010742 -10.09706974029541 3
      vertex 10.09706974029541 -10.752286911010742 40
      vertex 10.09706974029541 -10.752286911010742 3
    endloop
  endfacet
  facet normal -0.8910067108411157 0.4539901334127169 0
    outer loop
      vertex -13.346198081970215 6.280243873596191 3
      vertex -12.925522804260254 7.105866432189941 40
      vertex -12.925522804260254 7.105866432189941 3
    endloop
  endfacet
  facet normal -0.8910067108411157 0.4539901334127169 0
    outer loop
      vertex -12.925522804260254 7.105866432189941 40
      vertex -13.346198081970215 6.280243873596191 3
      vertex -13.346198081970215 6.280243873596191 40
    endloop
  endfacet
  facet normal -0.827080990365538 -0.5620827655923644 0
    outer loop
      vertex -11.933000564575195 -8.669832229614258 3
      vertex -12.453836441040039 -7.903444290161133 40
      vertex -12.453836441040039 -7.903444290161133 3
    endloop
  endfacet
  facet normal -0.827080990365538 -0.5620827655923644 0
    outer loop
      vertex -12.453836441040039 -7.903444290161133 40
      vertex -11.933000564575195 -8.669832229614258 3
      vertex -11.933000564575195 -8.669832229614258 40
    endloop
  endfacet
  facet normal 0.4539901334127169 0.8910067108411157 0
    outer loop
      vertex 7.105866432189941 12.925522804260254 3
      vertex 6.280243873596191 13.346198081970215 40
      vertex 7.105866432189941 12.925522804260254 40
    endloop
  endfacet
  facet normal 0.4539901334127169 0.8910067108411157 0
    outer loop
      vertex 6.280243873596191 13.346198081970215 40
      vertex 7.105866432189941 12.925522804260254 3
      vertex 6.280243873596191 13.346198081970215 3
    endloop
  endfacet
  facet normal -0.5090415220132934 0.8607419641602178 0
    outer loop
      vertex -7.105866432189941 12.925522804260254 3
      vertex -7.903444290161133 12.453836441040039 40
      vertex -7.105866432189941 12.925522804260254 40
    endloop
  endfacet
  facet normal -0.5090415220132934 0.8607419641602178 0
    outer loop
      vertex -7.903444290161133 12.453836441040039 40
      vertex -7.105866432189941 12.925522804260254 3
      vertex -7.903444290161133 12.453836441040039 3
    endloop
  endfacet
  facet normal 0.15643514707306944 -0.987688232571507 0
    outer loop
      vertex 1.8486642837524414 -14.633691787719727 3
      vertex 2.763874053955078 -14.488736152648926 40
      vertex 1.8486642837524414 -14.633691787719727 40
    endloop
  endfacet
  facet normal 0.15643514707306944 -0.987688232571507 0
    outer loop
      vertex 2.763874053955078 -14.488736152648926 40
      vertex 1.8486642837524414 -14.633691787719727 3
      vertex 2.763874053955078 -14.488736152648926 3
    endloop
  endfacet
  facet normal 0.7071067811865476 0.7071067811865476 0
    outer loop
      vertex 10.752286911010742 10.09706974029541 40
      vertex 10.09706974029541 10.752286911010742 3
      vertex 10.09706974029541 10.752286911010742 40
    endloop
  endfacet
  facet normal 0.7071067811865476 0.7071067811865476 0
    outer loop
      vertex 10.09706974029541 10.752286911010742 3
      vertex 10.752286911010742 10.09706974029541 40
      vertex 10.752286911010742 10.09706974029541 3
    endloop
  endfacet
  facet normal 0.9955619919442803 0.09410802407837883 0
    outer loop
      vertex 14.720893859863281 0.9261598587036133 40
      vertex 14.633691787719727 1.8486642837524414 3
      vertex 14.633691787719727 1.8486642837524414 40
    endloop
  endfacet
  facet normal 0.9955619919442803 0.09410802407837883 0
    outer loop
      vertex 14.633691787719727 1.8486642837524414 3
      vertex 14.720893859863281 0.9261598587036133 40
      vertex 14.720893859863281 0.9261598587036133 3
    endloop
  endfacet
  facet normal -0.09410802407837883 -0.9955619919442803 0
    outer loop
      vertex -1.8486642837524414 -14.633691787719727 3
      vertex -0.9261598587036133 -14.720893859863281 40
      vertex -1.8486642837524414 -14.633691787719727 40
    endloop
  endfacet
  facet normal -0.09410802407837883 -0.9955619919442803 0
    outer loop
      vertex -0.9261598587036133 -14.720893859863281 40
      vertex -1.8486642837524414 -14.633691787719727 3
      vertex -0.9261598587036133 -14.720893859863281 3
    endloop
  endfacet
  facet normal 0.09410802407837883 0.9955619919442803 0
    outer loop
      vertex 1.8486642837524414 14.633691787719727 3
      vertex 0.9261598587036133 14.720893859863281 40
      vertex 1.8486642837524414 14.633691787719727 40
    endloop
  endfacet
  facet normal 0.09410802407837883 0.9955619919442803 0
    outer loop
      vertex 0.9261598587036133 14.720893859863281 40
      vertex 1.8486642837524414 14.633691787719727 3
      vertex 0.9261598587036133 14.720893859863281 3
    endloop
  endfacet
  facet normal 0.03141118388107106 0.9995065470156709 0
    outer loop
      vertex 0.9261598587036133 14.720893859863281 3
      vertex 0 14.75 40
      vertex 0.9261598587036133 14.720893859863281 40
    endloop
  endfacet
  facet normal 0.03141118388107106 0.9995065470156709 0
    outer loop
      vertex 0 14.75 40
      vertex 0.9261598587036133 14.720893859863281 3
      vertex 0 14.75 3
    endloop
  endfacet
  facet normal 0.9995065470156709 -0.03141118388107106 0
    outer loop
      vertex 14.720893859863281 -0.9261598587036133 40
      vertex 14.75 0 3
      vertex 14.75 0 40
    endloop
  endfacet
  facet normal 0.9995065470156709 -0.03141118388107106 0
    outer loop
      vertex 14.75 0 3
      vertex 14.720893859863281 -0.9261598587036133 40
      vertex 14.720893859863281 -0.9261598587036133 3
    endloop
  endfacet
  facet normal -0.7071067811865476 -0.7071067811865476 0
    outer loop
      vertex -10.09706974029541 -10.752286911010742 3
      vertex -10.752286911010742 -10.09706974029541 40
      vertex -10.752286911010742 -10.09706974029541 3
    endloop
  endfacet
  facet normal -0.7071067811865476 -0.7071067811865476 0
    outer loop
      vertex -10.752286911010742 -10.09706974029541 40
      vertex -10.09706974029541 -10.752286911010742 3
      vertex -10.09706974029541 -10.752286911010742 40
    endloop
  endfacet
  facet normal 0.7501116203376765 0.6613112406684052 0
    outer loop
      vertex 11.365069389343262 9.402003288269043 40
      vertex 10.752286911010742 10.09706974029541 3
      vertex 10.752286911010742 10.09706974029541 40
    endloop
  endfacet
  facet normal 0.7501116203376765 0.6613112406684052 0
    outer loop
      vertex 10.752286911010742 10.09706974029541 3
      vertex 11.365069389343262 9.402003288269043 40
      vertex 11.365069389343262 9.402003288269043 3
    endloop
  endfacet
  facet normal 0.8607419641602178 0.5090415220132934 0
    outer loop
      vertex 12.925522804260254 7.105866432189941 40
      vertex 12.453836441040039 7.903444290161133 3
      vertex 12.453836441040039 7.903444290161133 40
    endloop
  endfacet
  facet normal 0.8607419641602178 0.5090415220132934 0
    outer loop
      vertex 12.453836441040039 7.903444290161133 3
      vertex 12.925522804260254 7.105866432189941 40
      vertex 12.925522804260254 7.105866432189941 3
    endloop
  endfacet
  facet normal -0.397148407418539 -0.9177544020515064 0
    outer loop
      vertex -6.280243873596191 -13.346198081970215 3
      vertex -5.429836273193359 -13.714202880859375 40
      vertex -6.280243873596191 -13.346198081970215 40
    endloop
  endfacet
  facet normal -0.397148407418539 -0.9177544020515064 0
    outer loop
      vertex -5.429836273193359 -13.714202880859375 40
      vertex -6.280243873596191 -13.346198081970215 3
      vertex -5.429836273193359 -13.714202880859375 3
    endloop
  endfacet
  facet normal 0.9602936286399919 -0.2789913023616278 0
    outer loop
      vertex 14.028082847595215 -4.558000564575195 40
      vertex 14.286601066589355 -3.66817569732666 3
      vertex 14.286601066589355 -3.66817569732666 40
    endloop
  endfacet
  facet normal 0.9602936286399919 -0.2789913023616278 0
    outer loop
      vertex 14.286601066589355 -3.66817569732666 3
      vertex 14.028082847595215 -4.558000564575195 40
      vertex 14.028082847595215 -4.558000564575195 3
    endloop
  endfacet
  facet normal 0.5090415220132934 -0.8607419641602178 0
    outer loop
      vertex 7.105866432189941 -12.925522804260254 3
      vertex 7.903444290161133 -12.453836441040039 40
      vertex 7.105866432189941 -12.925522804260254 40
    endloop
  endfacet
  facet normal 0.5090415220132934 -0.8607419641602178 0
    outer loop
      vertex 7.903444290161133 -12.453836441040039 40
      vertex 7.105866432189941 -12.925522804260254 3
      vertex 7.903444290161133 -12.453836441040039 3
    endloop
  endfacet
  facet normal 0.21814295384689864 0.9759168262136635 0
    outer loop
      vertex 3.66817569732666 14.286601066589355 3
      vertex 2.763874053955078 14.488736152648926 40
      vertex 3.66817569732666 14.286601066589355 40
    endloop
  endfacet
  facet normal 0.21814295384689864 0.9759168262136635 0
    outer loop
      vertex 2.763874053955078 14.488736152648926 40
      vertex 3.66817569732666 14.286601066589355 3
      vertex 2.763874053955078 14.488736152648926 3
    endloop
  endfacet
  facet normal 0.6613112406684052 0.7501116203376765 0
    outer loop
      vertex 10.09706974029541 10.752286911010742 3
      vertex 9.402003288269043 11.365069389343262 40
      vertex 10.09706974029541 10.752286911010742 40
    endloop
  endfacet
  facet normal 0.6613112406684052 0.7501116203376765 0
    outer loop
      vertex 9.402003288269043 11.365069389343262 40
      vertex 10.09706974029541 10.752286911010742 3
      vertex 9.402003288269043 11.365069389343262 3
    endloop
  endfacet
  facet normal -0.3387377270451103 -0.9408808385105483 0
    outer loop
      vertex -5.429836273193359 -13.714202880859375 3
      vertex -4.558000564575195 -14.028082847595215 40
      vertex -5.429836273193359 -13.714202880859375 40
    endloop
  endfacet
  facet normal -0.3387377270451103 -0.9408808385105483 0
    outer loop
      vertex -4.558000564575195 -14.028082847595215 40
      vertex -5.429836273193359 -13.714202880859375 3
      vertex -4.558000564575195 -14.028082847595215 3
    endloop
  endfacet
  facet normal 0.7901544445483276 -0.6129077856909013 0
    outer loop
      vertex 11.365069389343262 -9.402003288269043 40
      vertex 11.933000564575195 -8.669832229614258 3
      vertex 11.933000564575195 -8.669832229614258 40
    endloop
  endfacet
  facet normal 0.7901544445483276 -0.6129077856909013 0
    outer loop
      vertex 11.933000564575195 -8.669832229614258 3
      vertex 11.365069389343262 -9.402003288269043 40
      vertex 11.365069389343262 -9.402003288269043 3
    endloop
  endfacet
  facet normal 0.9408808385105483 -0.3387377270451103 0
    outer loop
      vertex 13.714202880859375 -5.429836273193359 40
      vertex 14.028082847595215 -4.558000564575195 3
      vertex 14.028082847595215 -4.558000564575195 40
    endloop
  endfacet
  facet normal 0.9408808385105483 -0.3387377270451103 0
    outer loop
      vertex 14.028082847595215 -4.558000564575195 3
      vertex 13.714202880859375 -5.429836273193359 40
      vertex 13.714202880859375 -5.429836273193359 3
    endloop
  endfacet
  facet normal 0.8910067108411157 0.4539901334127169 0
    outer loop
      vertex 13.346198081970215 6.280243873596191 40
      vertex 12.925522804260254 7.105866432189941 3
      vertex 12.925522804260254 7.105866432189941 40
    endloop
  endfacet
  facet normal 0.8910067108411157 0.4539901334127169 0
    outer loop
      vertex 12.925522804260254 7.105866432189941 3
      vertex 13.346198081970215 6.280243873596191 40
      vertex 13.346198081970215 6.280243873596191 3
    endloop
  endfacet
  facet normal 0.987688232571507 0.15643514707306944 0
    outer loop
      vertex 14.633691787719727 1.8486642837524414 40
      vertex 14.488736152648926 2.763874053955078 3
      vertex 14.488736152648926 2.763874053955078 40
    endloop
  endfacet
  facet normal 0.987688232571507 0.15643514707306944 0
    outer loop
      vertex 14.488736152648926 2.763874053955078 3
      vertex 14.633691787719727 1.8486642837524414 40
      vertex 14.633691787719727 1.8486642837524414 3
    endloop
  endfacet
  facet normal 0.4539901334127169 -0.8910067108411157 0
    outer loop
      vertex 6.280243873596191 -13.346198081970215 3
      vertex 7.105866432189941 -12.925522804260254 40
      vertex 6.280243873596191 -13.346198081970215 40
    endloop
  endfacet
  facet normal 0.4539901334127169 -0.8910067108411157 0
    outer loop
      vertex 7.105866432189941 -12.925522804260254 40
      vertex 6.280243873596191 -13.346198081970215 3
      vertex 7.105866432189941 -12.925522804260254 3
    endloop
  endfacet
  facet normal 0.7501116203376765 -0.6613112406684052 0
    outer loop
      vertex 10.752286911010742 -10.09706974029541 40
      vertex 11.365069389343262 -9.402003288269043 3
      vertex 11.365069389343262 -9.402003288269043 40
    endloop
  endfacet
  facet normal 0.7501116203376765 -0.6613112406684052 0
    outer loop
      vertex 11.365069389343262 -9.402003288269043 3
      vertex 10.752286911010742 -10.09706974029541 40
      vertex 10.752286911010742 -10.09706974029541 3
    endloop
  endfacet
  facet normal -0.4539901334127169 -0.8910067108411157 0
    outer loop
      vertex -7.105866432189941 -12.925522804260254 3
      vertex -6.280243873596191 -13.346198081970215 40
      vertex -7.105866432189941 -12.925522804260254 40
    endloop
  endfacet
  facet normal -0.4539901334127169 -0.8910067108411157 0
    outer loop
      vertex -6.280243873596191 -13.346198081970215 40
      vertex -7.105866432189941 -12.925522804260254 3
      vertex -6.280243873596191 -13.346198081970215 3
    endloop
  endfacet
  facet normal -0.6129077856909013 -0.7901544445483276 0
    outer loop
      vertex -9.402003288269043 -11.365069389343262 3
      vertex -8.669832229614258 -11.933000564575195 40
      vertex -9.402003288269043 -11.365069389343262 40
    endloop
  endfacet
  facet normal -0.6129077856909013 -0.7901544445483276 0
    outer loop
      vertex -8.669832229614258 -11.933000564575195 40
      vertex -9.402003288269043 -11.365069389343262 3
      vertex -8.669832229614258 -11.933000564575195 3
    endloop
  endfacet
  facet normal -0.8910067108411157 -0.4539901334127169 0
    outer loop
      vertex -12.925522804260254 -7.105866432189941 3
      vertex -13.346198081970215 -6.280243873596191 40
      vertex -13.346198081970215 -6.280243873596191 3
    endloop
  endfacet
  facet normal -0.8910067108411157 -0.4539901334127169 0
    outer loop
      vertex -13.346198081970215 -6.280243873596191 40
      vertex -12.925522804260254 -7.105866432189941 3
      vertex -12.925522804260254 -7.105866432189941 40
    endloop
  endfacet
  facet normal -0.15643514707306944 0.987688232571507 0
    outer loop
      vertex -1.8486642837524414 14.633691787719727 3
      vertex -2.763874053955078 14.488736152648926 40
      vertex -1.8486642837524414 14.633691787719727 40
    endloop
  endfacet
  facet normal -0.15643514707306944 0.987688232571507 0
    outer loop
      vertex -2.763874053955078 14.488736152648926 40
      vertex -1.8486642837524414 14.633691787719727 3
      vertex -2.763874053955078 14.488736152648926 3
    endloop
  endfacet
  facet normal -0.987688232571507 -0.15643514707306944 0
    outer loop
      vertex -14.488736152648926 -2.763874053955078 3
      vertex -14.633691787719727 -1.8486642837524414 40
      vertex -14.633691787719727 -1.8486642837524414 3
    endloop
  endfacet
  facet normal -0.987688232571507 -0.15643514707306944 0
    outer loop
      vertex -14.633691787719727 -1.8486642837524414 40
      vertex -14.488736152648926 -2.763874053955078 3
      vertex -14.488736152648926 -2.763874053955078 40
    endloop
  endfacet
  facet normal -0.9995065470156709 -0.03141118388107106 0
    outer loop
      vertex -14.720893859863281 -0.9261598587036133 3
      vertex -14.75 0 40
      vertex -14.75 0 3
    endloop
  endfacet
  facet normal -0.9995065470156709 -0.03141118388107106 0
    outer loop
      vertex -14.75 0 40
      vertex -14.720893859863281 -0.9261598587036133 3
      vertex -14.720893859863281 -0.9261598587036133 40
    endloop
  endfacet
  facet normal -0.9955619919442803 -0.09410802407837883 0
    outer loop
      vertex -14.633691787719727 -1.8486642837524414 3
      vertex -14.720893859863281 -0.9261598587036133 40
      vertex -14.720893859863281 -0.9261598587036133 3
    endloop
  endfacet
  facet normal -0.9955619919442803 -0.09410802407837883 0
    outer loop
      vertex -14.720893859863281 -0.9261598587036133 40
      vertex -14.633691787719727 -1.8486642837524414 3
      vertex -14.633691787719727 -1.8486642837524414 40
    endloop
  endfacet
  facet normal -0.5090415220132934 -0.8607419641602178 0
    outer loop
      vertex -7.903444290161133 -12.453836441040039 3
      vertex -7.105866432189941 -12.925522804260254 40
      vertex -7.903444290161133 -12.453836441040039 40
    endloop
  endfacet
  facet normal -0.5090415220132934 -0.8607419641602178 0
    outer loop
      vertex -7.105866432189941 -12.925522804260254 40
      vertex -7.903444290161133 -12.453836441040039 3
      vertex -7.105866432189941 -12.925522804260254 3
    endloop
  endfacet
  facet normal -0.03141118388107106 0.9995065470156709 0
    outer loop
      vertex 0 14.75 3
      vertex -0.9261598587036133 14.720893859863281 40
      vertex 0 14.75 40
    endloop
  endfacet
  facet normal -0.03141118388107106 0.9995065470156709 0
    outer loop
      vertex -0.9261598587036133 14.720893859863281 40
      vertex 0 14.75 3
      vertex -0.9261598587036133 14.720893859863281 3
    endloop
  endfacet
  facet normal 0.6129077856909013 -0.7901544445483276 0
    outer loop
      vertex 8.669832229614258 -11.933000564575195 3
      vertex 9.402003288269043 -11.365069389343262 40
      vertex 8.669832229614258 -11.933000564575195 40
    endloop
  endfacet
  facet normal 0.6129077856909013 -0.7901544445483276 0
    outer loop
      vertex 9.402003288269043 -11.365069389343262 40
      vertex 8.669832229614258 -11.933000564575195 3
      vertex 9.402003288269043 -11.365069389343262 3
    endloop
  endfacet
  facet normal 0.7901544445483276 0.6129077856909013 0
    outer loop
      vertex 11.933000564575195 8.669832229614258 40
      vertex 11.365069389343262 9.402003288269043 3
      vertex 11.365069389343262 9.402003288269043 40
    endloop
  endfacet
  facet normal 0.7901544445483276 0.6129077856909013 0
    outer loop
      vertex 11.365069389343262 9.402003288269043 3
      vertex 11.933000564575195 8.669832229614258 40
      vertex 11.933000564575195 8.669832229614258 3
    endloop
  endfacet
  facet normal 0.2789913023616278 -0.9602936286399919 0
    outer loop
      vertex 3.66817569732666 -14.286601066589355 3
      vertex 4.558000564575195 -14.028082847595215 40
      vertex 3.66817569732666 -14.286601066589355 40
    endloop
  endfacet
  facet normal 0.2789913023616278 -0.9602936286399919 0
    outer loop
      vertex 4.558000564575195 -14.028082847595215 40
      vertex 3.66817569732666 -14.286601066589355 3
      vertex 4.558000564575195 -14.028082847595215 3
    endloop
  endfacet
  facet normal 0.827080990365538 0.5620827655923644 0
    outer loop
      vertex 12.453836441040039 7.903444290161133 40
      vertex 11.933000564575195 8.669832229614258 3
      vertex 11.933000564575195 8.669832229614258 40
    endloop
  endfacet
  facet normal 0.827080990365538 0.5620827655923644 0
    outer loop
      vertex 11.933000564575195 8.669832229614258 3
      vertex 12.453836441040039 7.903444290161133 40
      vertex 12.453836441040039 7.903444290161133 3
    endloop
  endfacet
  facet normal 0.15643514707306944 0.987688232571507 0
    outer loop
      vertex 2.763874053955078 14.488736152648926 3
      vertex 1.8486642837524414 14.633691787719727 40
      vertex 2.763874053955078 14.488736152648926 40
    endloop
  endfacet
  facet normal 0.15643514707306944 0.987688232571507 0
    outer loop
      vertex 1.8486642837524414 14.633691787719727 40
      vertex 2.763874053955078 14.488736152648926 3
      vertex 1.8486642837524414 14.633691787719727 3
    endloop
  endfacet
  facet normal 0.827080990365538 -0.5620827655923644 0
    outer loop
      vertex 11.933000564575195 -8.669832229614258 40
      vertex 12.453836441040039 -7.903444290161133 3
      vertex 12.453836441040039 -7.903444290161133 40
    endloop
  endfacet
  facet normal 0.827080990365538 -0.5620827655923644 0
    outer loop
      vertex 12.453836441040039 -7.903444290161133 3
      vertex 11.933000564575195 -8.669832229614258 40
      vertex 11.933000564575195 -8.669832229614258 3
    endloop
  endfacet
  facet normal 0.9177544020515064 0.397148407418539 0
    outer loop
      vertex 13.714202880859375 5.429836273193359 40
      vertex 13.346198081970215 6.280243873596191 3
      vertex 13.346198081970215 6.280243873596191 40
    endloop
  endfacet
  facet normal 0.9177544020515064 0.397148407418539 0
    outer loop
      vertex 13.346198081970215 6.280243873596191 3
      vertex 13.714202880859375 5.429836273193359 40
      vertex 13.714202880859375 5.429836273193359 3
    endloop
  endfacet
  facet normal -0.827080990365538 0.5620827655923644 0
    outer loop
      vertex -12.453836441040039 7.903444290161133 3
      vertex -11.933000564575195 8.669832229614258 40
      vertex -11.933000564575195 8.669832229614258 3
    endloop
  endfacet
  facet normal -0.827080990365538 0.5620827655923644 0
    outer loop
      vertex -11.933000564575195 8.669832229614258 40
      vertex -12.453836441040039 7.903444290161133 3
      vertex -12.453836441040039 7.903444290161133 40
    endloop
  endfacet
  facet normal -0.9759168262136635 0.21814295384689864 0
    outer loop
      vertex -14.488736152648926 2.763874053955078 3
      vertex -14.286601066589355 3.66817569732666 40
      vertex -14.286601066589355 3.66817569732666 3
    endloop
  endfacet
  facet normal -0.9759168262136635 0.21814295384689864 0
    outer loop
      vertex -14.286601066589355 3.66817569732666 40
      vertex -14.488736152648926 2.763874053955078 3
      vertex -14.488736152648926 2.763874053955078 40
    endloop
  endfacet
  facet normal 0 0 1
    outer loop
      vertex 14.75 0 3
      vertex 18 0 3
      vertex 17.964481353759766 1.1302289962768555 3
    endloop
  endfacet
  facet normal 0 0 1
    outer loop
      vertex 14.720893859863281 0.9261598587036133 3
      vertex 17.964481353759766 1.1302289962768555 3
      vertex 17.858062744140625 2.255997657775879 3
    endloop
  endfacet
  facet normal 0 0 1
    outer loop
      vertex 18 0 3
      vertex 14.75 0 3
      vertex 17.964481353759766 -1.1302289962768555 3
    endloop
  endfacet
  facet normal 0 0 1
    outer loop
      vertex 14.633691787719727 1.8486642837524414 3
      vertex 17.858062744140625 2.255997657775879 3
      vertex 17.681171417236328 3.3728628158569336 3
    endloop
  endfacet
  facet normal 0 0 1
    outer loop
      vertex 14.720893859863281 -0.9261598587036133 3
      vertex 17.964481353759766 -1.1302289962768555 3
      vertex 14.75 0 3
    endloop
  endfacet
  facet normal 0 0 1
    outer loop
      vertex 14.488736152648926 2.763874053955078 3
      vertex 17.681171417236328 3.3728628158569336 3
      vertex 17.434497833251953 4.476417541503906 3
    endloop
  endfacet
  facet normal 0 0 1
    outer loop
      vertex 17.964481353759766 -1.1302289962768555 3
      vertex 14.720893859863281 -0.9261598587036133 3
      vertex 17.858062744140625 -2.255997657775879 3
    endloop
  endfacet
  facet normal 0 0 1
    outer loop
      vertex 14.286601066589355 3.66817569732666 3
      vertex 17.434497833251953 4.476417541503906 3
      vertex 17.119016647338867 5.562305450439453 3
    endloop
  endfacet
  facet normal 0 0 1
    outer loop
      vertex 14.633691787719727 -1.8486642837524414 3
      vertex 17.858062744140625 -2.255997657775879 3
      vertex 14.720893859863281 -0.9261598587036133 3
    endloop
  endfacet
  facet normal 0 0 1
    outer loop
      vertex 14.028082847595215 4.558000564575195 3
      vertex 17.119016647338867 5.562305450439453 3
      vertex 16.735977172851562 6.626241683959961 3
    endloop
  endfacet
  facet normal 0 0 1
    outer loop
      vertex 17.858062744140625 -2.255997657775879 3
      vertex 14.633691787719727 -1.8486642837524414 3
      vertex 17.681171417236328 -3.3728628158569336 3
    endloop
  endfacet
  facet normal 0 0 1
    outer loop
      vertex 13.714202880859375 5.429836273193359 3
      vertex 16.735977172851562 6.626241683959961 3
      vertex 16.28688621520996 7.664027214050293 3
    endloop
  endfacet
  facet normal 0 0 1
    outer loop
      vertex 14.488736152648926 -2.763874053955078 3
      vertex 17.681171417236328 -3.3728628158569336 3
      vertex 14.633691787719727 -1.8486642837524414 3
    endloop
  endfacet
  facet normal 0 0 1
    outer loop
      vertex 13.346198081970215 6.280243873596191 3
      vertex 16.28688621520996 7.664027214050293 3
      vertex 15.773519515991211 8.671566009521484 3
    endloop
  endfacet
  facet normal 0 0 1
    outer loop
      vertex 17.681171417236328 -3.3728628158569336 3
      vertex 14.488736152648926 -2.763874053955078 3
      vertex 17.434497833251953 -4.476417541503906 3
    endloop
  endfacet
  facet normal 0 0 1
    outer loop
      vertex 12.925522804260254 7.105866432189941 3
      vertex 15.773519515991211 8.671566009521484 3
      vertex 15.197901725769043 9.644882202148438 3
    endloop
  endfacet
  facet normal 0 0 1
    outer loop
      vertex 14.286601066589355 -3.66817569732666 3
      vertex 17.434497833251953 -4.476417541503906 3
      vertex 14.488736152648926 -2.763874053955078 3
    endloop
  endfacet
  facet normal 0 0 1
    outer loop
      vertex 17.434497833251953 -4.476417541503906 3
      vertex 14.286601066589355 -3.66817569732666 3
      vertex 17.119016647338867 -5.562305450439453 3
    endloop
  endfacet
  facet normal 0 0 1
    outer loop
      vertex 17.964481353759766 1.1302289962768555 3
      vertex 14.720893859863281 0.9261598587036133 3
      vertex 14.75 0 3
    endloop
  endfacet
  facet normal 0 0 1
    outer loop
      vertex 17.858062744140625 2.255997657775879 3
      vertex 14.633691787719727 1.8486642837524414 3
      vertex 14.720893859863281 0.9261598587036133 3
    endloop
  endfacet
  facet normal 0 0 1
    outer loop
      vertex 12.453836441040039 7.903444290161133 3
      vertex 15.197901725769043 9.644882202148438 3
      vertex 14.562305450439453 10.580134391784668 3
    endloop
  endfacet
  facet normal 0 0 1
    outer loop
      vertex 17.681171417236328 3.3728628158569336 3
      vertex 14.488736152648926 2.763874053955078 3
      vertex 14.633691787719727 1.8486642837524414 3
    endloop
  endfacet
  facet normal 0 0 1
    outer loop
      vertex 17.434497833251953 4.476417541503906 3
      vertex 14.286601066589355 3.66817569732666 3
      vertex 14.488736152648926 2.763874053955078 3
    endloop
  endfacet
  facet normal 0 0 1
    outer loop
      vertex 17.119016647338867 5.562305450439453 3
      vertex 14.028082847595215 4.558000564575195 3
      vertex 14.286601066589355 3.66817569732666 3
    endloop
  endfacet
  facet normal 0 0 1
    outer loop
      vertex 11.933000564575195 8.669832229614258 3
      vertex 14.562305450439453 10.580134391784668 3
      vertex 13.869237899780273 11.473630905151367 3
    endloop
  endfacet
  facet normal 0 0 1
    outer loop
      vertex 16.735977172851562 6.626241683959961 3
      vertex 13.714202880859375 5.429836273193359 3
      vertex 14.028082847595215 4.558000564575195 3
    endloop
  endfacet
  facet normal 0 0 1
    outer loop
      vertex 16.28688621520996 7.664027214050293 3
      vertex 13.346198081970215 6.280243873596191 3
      vertex 13.714202880859375 5.429836273193359 3
    endloop
  endfacet
  facet normal 0 0 1
    outer loop
      vertex 11.365069389343262 9.402003288269043 3
      vertex 13.869237899780273 11.473630905151367 3
      vertex 13.121435165405273 12.321846961975098 3
    endloop
  endfacet
  facet normal 0 0 1
    outer loop
      vertex 15.773519515991211 8.671566009521484 3
      vertex 12.925522804260254 7.105866432189941 3
      vertex 13.346198081970215 6.280243873596191 3
    endloop
  endfacet
  facet normal 0 0 1
    outer loop
      vertex 15.197901725769043 9.644882202148438 3
      vertex 12.453836441040039 7.903444290161133 3
      vertex 12.925522804260254 7.105866432189941 3
    endloop
  endfacet
  facet normal 0 0 1
    outer loop
      vertex 10.752286911010742 10.09706974029541 3
      vertex 13.121435165405273 12.321846961975098 3
      vertex 12.321846961975098 13.121435165405273 3
    endloop
  endfacet
  facet normal 0 0 1
    outer loop
      vertex 14.562305450439453 10.580134391784668 3
      vertex 11.933000564575195 8.669832229614258 3
      vertex 12.453836441040039 7.903444290161133 3
    endloop
  endfacet
  facet normal 0 0 1
    outer loop
      vertex 10.09706974029541 10.752286911010742 3
      vertex 12.321846961975098 13.121435165405273 3
      vertex 11.473630905151367 13.869237899780273 3
    endloop
  endfacet
  facet normal 0 0 1
    outer loop
      vertex 13.869237899780273 11.473630905151367 3
      vertex 11.365069389343262 9.402003288269043 3
      vertex 11.933000564575195 8.669832229614258 3
    endloop
  endfacet
  facet normal 0 0 1
    outer loop
      vertex 13.121435165405273 12.321846961975098 3
      vertex 10.752286911010742 10.09706974029541 3
      vertex 11.365069389343262 9.402003288269043 3
    endloop
  endfacet
  facet normal 0 0 1
    outer loop
      vertex 9.402003288269043 11.365069389343262 3
      vertex 11.473630905151367 13.869237899780273 3
      vertex 10.580134391784668 14.562305450439453 3
    endloop
  endfacet
  facet normal 0 0 1
    outer loop
      vertex 12.321846961975098 13.121435165405273 3
      vertex 10.09706974029541 10.752286911010742 3
      vertex 10.752286911010742 10.09706974029541 3
    endloop
  endfacet
  facet normal 0 0 1
    outer loop
      vertex 8.669832229614258 11.933000564575195 3
      vertex 10.580134391784668 14.562305450439453 3
      vertex 9.644882202148438 15.197901725769043 3
    endloop
  endfacet
  facet normal 0 0 1
    outer loop
      vertex 11.473630905151367 13.869237899780273 3
      vertex 9.402003288269043 11.365069389343262 3
      vertex 10.09706974029541 10.752286911010742 3
    endloop
  endfacet
  facet normal 0 0 1
    outer loop
      vertex 7.903444290161133 12.453836441040039 3
      vertex 9.644882202148438 15.197901725769043 3
      vertex 8.671566009521484 15.773519515991211 3
    endloop
  endfacet
  facet normal 0 0 1
    outer loop
      vertex 10.580134391784668 14.562305450439453 3
      vertex 8.669832229614258 11.933000564575195 3
      vertex 9.402003288269043 11.365069389343262 3
    endloop
  endfacet
  facet normal 0 0 1
    outer loop
      vertex 9.644882202148438 15.197901725769043 3
      vertex 7.903444290161133 12.453836441040039 3
      vertex 8.669832229614258 11.933000564575195 3
    endloop
  endfacet
  facet normal 0 0 1
    outer loop
      vertex 7.105866432189941 12.925522804260254 3
      vertex 8.671566009521484 15.773519515991211 3
      vertex 7.664027214050293 16.28688621520996 3
    endloop
  endfacet
  facet normal 0 0 1
    outer loop
      vertex 8.671566009521484 15.773519515991211 3
      vertex 7.105866432189941 12.925522804260254 3
      vertex 7.903444290161133 12.453836441040039 3
    endloop
  endfacet
  facet normal 0 0 1
    outer loop
      vertex 6.280243873596191 13.346198081970215 3
      vertex 7.664027214050293 16.28688621520996 3
      vertex 6.626241683959961 16.735977172851562 3
    endloop
  endfacet
  facet normal 0 0 1
    outer loop
      vertex 7.664027214050293 16.28688621520996 3
      vertex 6.280243873596191 13.346198081970215 3
      vertex 7.105866432189941 12.925522804260254 3
    endloop
  endfacet
  facet normal 0 0 1
    outer loop
      vertex 5.429836273193359 13.714202880859375 3
      vertex 6.626241683959961 16.735977172851562 3
      vertex 5.562305450439453 17.119016647338867 3
    endloop
  endfacet
  facet normal 0 0 1
    outer loop
      vertex 6.626241683959961 16.735977172851562 3
      vertex 5.429836273193359 13.714202880859375 3
      vertex 6.280243873596191 13.346198081970215 3
    endloop
  endfacet
  facet normal 0 0 1
    outer loop
      vertex 5.562305450439453 17.119016647338867 3
      vertex 4.558000564575195 14.028082847595215 3
      vertex 5.429836273193359 13.714202880859375 3
    endloop
  endfacet
  facet normal 0 0 1
    outer loop
      vertex 4.476417541503906 17.434497833251953 3
      vertex 4.558000564575195 14.028082847595215 3
      vertex 5.562305450439453 17.119016647338867 3
    endloop
  endfacet
  facet normal 0 0 1
    outer loop
      vertex 4.476417541503906 17.434497833251953 3
      vertex 3.66817569732666 14.286601066589355 3
      vertex 4.558000564575195 14.028082847595215 3
    endloop
  endfacet
  facet normal 0 0 1
    outer loop
      vertex 3.3728628158569336 17.681171417236328 3
      vertex 3.66817569732666 14.286601066589355 3
      vertex 4.476417541503906 17.434497833251953 3
    endloop
  endfacet
  facet normal 0 0 1
    outer loop
      vertex 3.3728628158569336 17.681171417236328 3
      vertex 2.763874053955078 14.488736152648926 3
      vertex 3.66817569732666 14.286601066589355 3
    endloop
  endfacet
  facet normal 0 0 1
    outer loop
      vertex 2.255997657775879 17.858062744140625 3
      vertex 2.763874053955078 14.488736152648926 3
      vertex 3.3728628158569336 17.681171417236328 3
    endloop
  endfacet
  facet normal 0 0 1
    outer loop
      vertex 2.255997657775879 17.858062744140625 3
      vertex 1.8486642837524414 14.633691787719727 3
      vertex 2.763874053955078 14.488736152648926 3
    endloop
  endfacet
  facet normal 0 0 1
    outer loop
      vertex 1.1302289962768555 17.964481353759766 3
      vertex 1.8486642837524414 14.633691787719727 3
      vertex 2.255997657775879 17.858062744140625 3
    endloop
  endfacet
  facet normal 0 0 1
    outer loop
      vertex 1.1302289962768555 17.964481353759766 3
      vertex 0.9261598587036133 14.720893859863281 3
      vertex 1.8486642837524414 14.633691787719727 3
    endloop
  endfacet
  facet normal 0 0 1
    outer loop
      vertex 0 18 3
      vertex 0.9261598587036133 14.720893859863281 3
      vertex 1.1302289962768555 17.964481353759766 3
    endloop
  endfacet
  facet normal 0 0 1
    outer loop
      vertex 0 18 3
      vertex 0 14.75 3
      vertex 0.9261598587036133 14.720893859863281 3
    endloop
  endfacet
  facet normal 0 0 1
    outer loop
      vertex 0 18 3
      vertex -0.9261598587036133 14.720893859863281 3
      vertex 0 14.75 3
    endloop
  endfacet
  facet normal 0 0 1
    outer loop
      vertex -1.1302289962768555 17.964481353759766 3
      vertex -0.9261598587036133 14.720893859863281 3
      vertex 0 18 3
    endloop
  endfacet
  facet normal 0 0 1
    outer loop
      vertex -1.1302289962768555 17.964481353759766 3
      vertex -1.8486642837524414 14.633691787719727 3
      vertex -0.9261598587036133 14.720893859863281 3
    endloop
  endfacet
  facet normal 0 0 1
    outer loop
      vertex -2.255997657775879 17.858062744140625 3
      vertex -1.8486642837524414 14.633691787719727 3
      vertex -1.1302289962768555 17.964481353759766 3
    endloop
  endfacet
  facet normal 0 0 1
    outer loop
      vertex -2.255997657775879 17.858062744140625 3
      vertex -2.763874053955078 14.488736152648926 3
      vertex -1.8486642837524414 14.633691787719727 3
    endloop
  endfacet
  facet normal 0 0 1
    outer loop
      vertex -3.3728628158569336 17.681171417236328 3
      vertex -2.763874053955078 14.488736152648926 3
      vertex -2.255997657775879 17.858062744140625 3
    endloop
  endfacet
  facet normal 0 0 1
    outer loop
      vertex -3.3728628158569336 17.681171417236328 3
      vertex -3.66817569732666 14.286601066589355 3
      vertex -2.763874053955078 14.488736152648926 3
    endloop
  endfacet
  facet normal 0 0 1
    outer loop
      vertex -4.476417541503906 17.434497833251953 3
      vertex -3.66817569732666 14.286601066589355 3
      vertex -3.3728628158569336 17.681171417236328 3
    endloop
  endfacet
  facet normal 0 0 1
    outer loop
      vertex -4.476417541503906 17.434497833251953 3
      vertex -4.558000564575195 14.028082847595215 3
      vertex -3.66817569732666 14.286601066589355 3
    endloop
  endfacet
  facet normal 0 0 1
    outer loop
      vertex -5.562305450439453 17.119016647338867 3
      vertex -4.558000564575195 14.028082847595215 3
      vertex -4.476417541503906 17.434497833251953 3
    endloop
  endfacet
  facet normal 0 0 1
    outer loop
      vertex -4.558000564575195 14.028082847595215 3
      vertex -5.562305450439453 17.119016647338867 3
      vertex -5.429836273193359 13.714202880859375 3
    endloop
  endfacet
  facet normal 0 0 1
    outer loop
      vertex -6.626241683959961 16.735977172851562 3
      vertex -5.429836273193359 13.714202880859375 3
      vertex -5.562305450439453 17.119016647338867 3
    endloop
  endfacet
  facet normal 0 0 1
    outer loop
      vertex -5.429836273193359 13.714202880859375 3
      vertex -6.626241683959961 16.735977172851562 3
      vertex -6.280243873596191 13.346198081970215 3
    endloop
  endfacet
  facet normal 0 0 1
    outer loop
      vertex -7.664027214050293 16.28688621520996 3
      vertex -6.280243873596191 13.346198081970215 3
      vertex -6.626241683959961 16.735977172851562 3
    endloop
  endfacet
  facet normal 0 0 1
    outer loop
      vertex -6.280243873596191 13.346198081970215 3
      vertex -7.664027214050293 16.28688621520996 3
      vertex -7.105866432189941 12.925522804260254 3
    endloop
  endfacet
  facet normal 0 0 1
    outer loop
      vertex -8.671566009521484 15.773519515991211 3
      vertex -7.105866432189941 12.925522804260254 3
      vertex -7.664027214050293 16.28688621520996 3
    endloop
  endfacet
  facet normal 0 0 1
    outer loop
      vertex -7.105866432189941 12.925522804260254 3
      vertex -8.671566009521484 15.773519515991211 3
      vertex -7.903444290161133 12.453836441040039 3
    endloop
  endfacet
  facet normal 0 0 1
    outer loop
      vertex -9.644882202148438 15.197901725769043 3
      vertex -7.903444290161133 12.453836441040039 3
      vertex -8.671566009521484 15.773519515991211 3
    endloop
  endfacet
  facet normal 0 0 1
    outer loop
      vertex -7.903444290161133 12.453836441040039 3
      vertex -9.644882202148438 15.197901725769043 3
      vertex -8.669832229614258 11.933000564575195 3
    endloop
  endfacet
  facet normal 0 0 1
    outer loop
      vertex -10.580134391784668 14.562305450439453 3
      vertex -8.669832229614258 11.933000564575195 3
      vertex -9.644882202148438 15.197901725769043 3
    endloop
  endfacet
  facet normal 0 0 1
    outer loop
      vertex -8.669832229614258 11.933000564575195 3
      vertex -10.580134391784668 14.562305450439453 3
      vertex -9.402003288269043 11.365069389343262 3
    endloop
  endfacet
  facet normal 0 0 1
    outer loop
      vertex -11.473630905151367 13.869237899780273 3
      vertex -9.402003288269043 11.365069389343262 3
      vertex -10.580134391784668 14.562305450439453 3
    endloop
  endfacet
  facet normal 0 0 1
    outer loop
      vertex -9.402003288269043 11.365069389343262 3
      vertex -11.473630905151367 13.869237899780273 3
      vertex -10.09706974029541 10.752286911010742 3
    endloop
  endfacet
  facet normal 0 0 1
    outer loop
      vertex -12.321846961975098 13.121435165405273 3
      vertex -10.09706974029541 10.752286911010742 3
      vertex -11.473630905151367 13.869237899780273 3
    endloop
  endfacet
  facet normal 0 0 1
    outer loop
      vertex -10.09706974029541 10.752286911010742 3
      vertex -12.321846961975098 13.121435165405273 3
      vertex -10.752286911010742 10.09706974029541 3
    endloop
  endfacet
  facet normal 0 0 1
    outer loop
      vertex -13.121435165405273 12.321846961975098 3
      vertex -10.752286911010742 10.09706974029541 3
      vertex -12.321846961975098 13.121435165405273 3
    endloop
  endfacet
  facet normal 0 0 1
    outer loop
      vertex -10.752286911010742 10.09706974029541 3
      vertex -13.121435165405273 12.321846961975098 3
      vertex -11.365069389343262 9.402003288269043 3
    endloop
  endfacet
  facet normal 0 0 1
    outer loop
      vertex -13.869237899780273 11.473630905151367 3
      vertex -11.365069389343262 9.402003288269043 3
      vertex -13.121435165405273 12.321846961975098 3
    endloop
  endfacet
  facet normal 0 0 1
    outer loop
      vertex -11.365069389343262 9.402003288269043 3
      vertex -13.869237899780273 11.473630905151367 3
      vertex -11.933000564575195 8.669832229614258 3
    endloop
  endfacet
  facet normal 0 0 1
    outer loop
      vertex -14.562305450439453 10.580134391784668 3
      vertex -11.933000564575195 8.669832229614258 3
      vertex -13.869237899780273 11.473630905151367 3
    endloop
  endfacet
  facet normal 0 0 1
    outer loop
      vertex -11.933000564575195 8.669832229614258 3
      vertex -14.562305450439453 10.580134391784668 3
      vertex -12.453836441040039 7.903444290161133 3
    endloop
  endfacet
  facet normal 0 0 1
    outer loop
      vertex -15.197901725769043 9.644882202148438 3
      vertex -12.453836441040039 7.903444290161133 3
      vertex -14.562305450439453 10.580134391784668 3
    endloop
  endfacet
  facet normal 0 0 1
    outer loop
      vertex -12.453836441040039 7.903444290161133 3
      vertex -15.197901725769043 9.644882202148438 3
      vertex -12.925522804260254 7.105866432189941 3
    endloop
  endfacet
  facet normal 0 0 1
    outer loop
      vertex -15.773519515991211 8.671566009521484 3
      vertex -12.925522804260254 7.105866432189941 3
      vertex -15.197901725769043 9.644882202148438 3
    endloop
  endfacet
  facet normal 0 0 1
    outer loop
      vertex -12.925522804260254 7.105866432189941 3
      vertex -15.773519515991211 8.671566009521484 3
      vertex -13.346198081970215 6.280243873596191 3
    endloop
  endfacet
  facet normal 0 0 1
    outer loop
      vertex -16.28688621520996 7.664027214050293 3
      vertex -13.346198081970215 6.280243873596191 3
      vertex -15.773519515991211 8.671566009521484 3
    endloop
  endfacet
  facet normal 0 0 1
    outer loop
      vertex -13.346198081970215 6.280243873596191 3
      vertex -16.28688621520996 7.664027214050293 3
      vertex -13.714202880859375 5.429836273193359 3
    endloop
  endfacet
  facet normal 0 0 1
    outer loop
      vertex -16.735977172851562 6.626241683959961 3
      vertex -13.714202880859375 5.429836273193359 3
      vertex -16.28688621520996 7.664027214050293 3
    endloop
  endfacet
  facet normal 0 0 1
    outer loop
      vertex -13.714202880859375 5.429836273193359 3
      vertex -16.735977172851562 6.626241683959961 3
      vertex -14.028082847595215 4.558000564575195 3
    endloop
  endfacet
  facet normal 0 0 1
    outer loop
      vertex -17.119016647338867 5.562305450439453 3
      vertex -14.028082847595215 4.558000564575195 3
      vertex -16.735977172851562 6.626241683959961 3
    endloop
  endfacet
  facet normal 0 0 1
    outer loop
      vertex -14.028082847595215 4.558000564575195 3
      vertex -17.119016647338867 5.562305450439453 3
      vertex -14.286601066589355 3.66817569732666 3
    endloop
  endfacet
  facet normal 0 0 1
    outer loop
      vertex 14.028082847595215 -4.558000564575195 3
      vertex 17.119016647338867 -5.562305450439453 3
      vertex 14.286601066589355 -3.66817569732666 3
    endloop
  endfacet
  facet normal 0 0 1
    outer loop
      vertex 17.119016647338867 -5.562305450439453 3
      vertex 14.028082847595215 -4.558000564575195 3
      vertex 16.735977172851562 -6.626241683959961 3
    endloop
  endfacet
  facet normal 0 0 1
    outer loop
      vertex 13.714202880859375 -5.429836273193359 3
      vertex 16.735977172851562 -6.626241683959961 3
      vertex 14.028082847595215 -4.558000564575195 3
    endloop
  endfacet
  facet normal 0 0 1
    outer loop
      vertex 16.735977172851562 -6.626241683959961 3
      vertex 13.714202880859375 -5.429836273193359 3
      vertex 16.28688621520996 -7.664027214050293 3
    endloop
  endfacet
  facet normal 0 0 1
    outer loop
      vertex 13.346198081970215 -6.280243873596191 3
      vertex 16.28688621520996 -7.664027214050293 3
      vertex 13.714202880859375 -5.429836273193359 3
    endloop
  endfacet
  facet normal 0 0 1
    outer loop
      vertex 16.28688621520996 -7.664027214050293 3
      vertex 13.346198081970215 -6.280243873596191 3
      vertex 15.773519515991211 -8.671566009521484 3
    endloop
  endfacet
  facet normal 0 0 1
    outer loop
      vertex 12.925522804260254 -7.105866432189941 3
      vertex 15.773519515991211 -8.671566009521484 3
      vertex 13.346198081970215 -6.280243873596191 3
    endloop
  endfacet
  facet normal 0 0 1
    outer loop
      vertex 15.773519515991211 -8.671566009521484 3
      vertex 12.925522804260254 -7.105866432189941 3
      vertex 15.197901725769043 -9.644882202148438 3
    endloop
  endfacet
  facet normal 0 0 1
    outer loop
      vertex 12.453836441040039 -7.903444290161133 3
      vertex 15.197901725769043 -9.644882202148438 3
      vertex 12.925522804260254 -7.105866432189941 3
    endloop
  endfacet
  facet normal 0 0 1
    outer loop
      vertex 15.197901725769043 -9.644882202148438 3
      vertex 12.453836441040039 -7.903444290161133 3
      vertex 14.562305450439453 -10.580134391784668 3
    endloop
  endfacet
  facet normal 0 0 1
    outer loop
      vertex 11.933000564575195 -8.669832229614258 3
      vertex 14.562305450439453 -10.580134391784668 3
      vertex 12.453836441040039 -7.903444290161133 3
    endloop
  endfacet
  facet normal 0 0 1
    outer loop
      vertex 14.562305450439453 -10.580134391784668 3
      vertex 11.933000564575195 -8.669832229614258 3
      vertex 13.869237899780273 -11.473630905151367 3
    endloop
  endfacet
  facet normal 0 0 1
    outer loop
      vertex 11.365069389343262 -9.402003288269043 3
      vertex 13.869237899780273 -11.473630905151367 3
      vertex 11.933000564575195 -8.669832229614258 3
    endloop
  endfacet
  facet normal 0 0 1
    outer loop
      vertex 13.869237899780273 -11.473630905151367 3
      vertex 11.365069389343262 -9.402003288269043 3
      vertex 13.121435165405273 -12.321846961975098 3
    endloop
  endfacet
  facet normal 0 0 1
    outer loop
      vertex 10.752286911010742 -10.09706974029541 3
      vertex 13.121435165405273 -12.321846961975098 3
      vertex 11.365069389343262 -9.402003288269043 3
    endloop
  endfacet
  facet normal 0 0 1
    outer loop
      vertex 13.121435165405273 -12.321846961975098 3
      vertex 10.752286911010742 -10.09706974029541 3
      vertex 12.321846961975098 -13.121435165405273 3
    endloop
  endfacet
  facet normal 0 0 1
    outer loop
      vertex 10.09706974029541 -10.752286911010742 3
      vertex 12.321846961975098 -13.121435165405273 3
      vertex 10.752286911010742 -10.09706974029541 3
    endloop
  endfacet
  facet normal 0 0 1
    outer loop
      vertex 12.321846961975098 -13.121435165405273 3
      vertex 10.09706974029541 -10.752286911010742 3
      vertex 11.473630905151367 -13.869237899780273 3
    endloop
  endfacet
  facet normal 0 0 1
    outer loop
      vertex 9.402003288269043 -11.365069389343262 3
      vertex 11.473630905151367 -13.869237899780273 3
      vertex 10.09706974029541 -10.752286911010742 3
    endloop
  endfacet
  facet normal 0 0 1
    outer loop
      vertex 11.473630905151367 -13.869237899780273 3
      vertex 9.402003288269043 -11.365069389343262 3
      vertex 10.580134391784668 -14.562305450439453 3
    endloop
  endfacet
  facet normal 0 0 1
    outer loop
      vertex 8.669832229614258 -11.933000564575195 3
      vertex 10.580134391784668 -14.562305450439453 3
      vertex 9.402003288269043 -11.365069389343262 3
    endloop
  endfacet
  facet normal 0 0 1
    outer loop
      vertex 10.580134391784668 -14.562305450439453 3
      vertex 8.669832229614258 -11.933000564575195 3
      vertex 9.644882202148438 -15.197901725769043 3
    endloop
  endfacet
  facet normal 0 0 1
    outer loop
      vertex 7.903444290161133 -12.453836441040039 3
      vertex 9.644882202148438 -15.197901725769043 3
      vertex 8.669832229614258 -11.933000564575195 3
    endloop
  endfacet
  facet normal 0 0 1
    outer loop
      vertex 9.644882202148438 -15.197901725769043 3
      vertex 7.903444290161133 -12.453836441040039 3
      vertex 8.671566009521484 -15.773519515991211 3
    endloop
  endfacet
  facet normal 0 0 1
    outer loop
      vertex 7.105866432189941 -12.925522804260254 3
      vertex 8.671566009521484 -15.773519515991211 3
      vertex 7.903444290161133 -12.453836441040039 3
    endloop
  endfacet
  facet normal 0 0 1
    outer loop
      vertex 8.671566009521484 -15.773519515991211 3
      vertex 7.105866432189941 -12.925522804260254 3
      vertex 7.664027214050293 -16.28688621520996 3
    endloop
  endfacet
  facet normal 0 0 1
    outer loop
      vertex 6.280243873596191 -13.346198081970215 3
      vertex 7.664027214050293 -16.28688621520996 3
      vertex 7.105866432189941 -12.925522804260254 3
    endloop
  endfacet
  facet normal 0 0 1
    outer loop
      vertex 7.664027214050293 -16.28688621520996 3
      vertex 6.280243873596191 -13.346198081970215 3
      vertex 6.626241683959961 -16.735977172851562 3
    endloop
  endfacet
  facet normal 0 0 1
    outer loop
      vertex 5.429836273193359 -13.714202880859375 3
      vertex 6.626241683959961 -16.735977172851562 3
      vertex 6.280243873596191 -13.346198081970215 3
    endloop
  endfacet
  facet normal 0 0 1
    outer loop
      vertex 6.626241683959961 -16.735977172851562 3
      vertex 5.429836273193359 -13.714202880859375 3
      vertex 5.562305450439453 -17.119016647338867 3
    endloop
  endfacet
  facet normal 0 0 1
    outer loop
      vertex 4.558000564575195 -14.028082847595215 3
      vertex 5.562305450439453 -17.119016647338867 3
      vertex 5.429836273193359 -13.714202880859375 3
    endloop
  endfacet
  facet normal 0 0 1
    outer loop
      vertex 4.558000564575195 -14.028082847595215 3
      vertex 4.476417541503906 -17.434497833251953 3
      vertex 5.562305450439453 -17.119016647338867 3
    endloop
  endfacet
  facet normal 0 0 1
    outer loop
      vertex 3.66817569732666 -14.286601066589355 3
      vertex 4.476417541503906 -17.434497833251953 3
      vertex 4.558000564575195 -14.028082847595215 3
    endloop
  endfacet
  facet normal 0 0 1
    outer loop
      vertex 3.66817569732666 -14.286601066589355 3
      vertex 3.3728628158569336 -17.681171417236328 3
      vertex 4.476417541503906 -17.434497833251953 3
    endloop
  endfacet
  facet normal 0 0 1
    outer loop
      vertex 2.763874053955078 -14.488736152648926 3
      vertex 3.3728628158569336 -17.681171417236328 3
      vertex 3.66817569732666 -14.286601066589355 3
    endloop
  endfacet
  facet normal 0 0 1
    outer loop
      vertex 2.763874053955078 -14.488736152648926 3
      vertex 2.255997657775879 -17.858062744140625 3
      vertex 3.3728628158569336 -17.681171417236328 3
    endloop
  endfacet
  facet normal 0 0 1
    outer loop
      vertex 1.8486642837524414 -14.633691787719727 3
      vertex 2.255997657775879 -17.858062744140625 3
      vertex 2.763874053955078 -14.488736152648926 3
    endloop
  endfacet
  facet normal 0 0 1
    outer loop
      vertex 1.8486642837524414 -14.633691787719727 3
      vertex 1.1302289962768555 -17.964481353759766 3
      vertex 2.255997657775879 -17.858062744140625 3
    endloop
  endfacet
  facet normal 0 0 1
    outer loop
      vertex 0.9261598587036133 -14.720893859863281 3
      vertex 1.1302289962768555 -17.964481353759766 3
      vertex 1.8486642837524414 -14.633691787719727 3
    endloop
  endfacet
  facet normal 0 0 1
    outer loop
      vertex 0 -14.75 3
      vertex 1.1302289962768555 -17.964481353759766 3
      vertex 0.9261598587036133 -14.720893859863281 3
    endloop
  endfacet
  facet normal 0 0 1
    outer loop
      vertex 0 -14.75 3
      vertex 0 -18 3
      vertex 1.1302289962768555 -17.964481353759766 3
    endloop
  endfacet
  facet normal 0 0 1
    outer loop
      vertex -0.9261598587036133 -14.720893859863281 3
      vertex 0 -18 3
      vertex 0 -14.75 3
    endloop
  endfacet
  facet normal 0 0 1
    outer loop
      vertex -0.9261598587036133 -14.720893859863281 3
      vertex -1.1302289962768555 -17.964481353759766 3
      vertex 0 -18 3
    endloop
  endfacet
  facet normal 0 0 1
    outer loop
      vertex -1.8486642837524414 -14.633691787719727 3
      vertex -1.1302289962768555 -17.964481353759766 3
      vertex -0.9261598587036133 -14.720893859863281 3
    endloop
  endfacet
  facet normal 0 0 1
    outer loop
      vertex -1.8486642837524414 -14.633691787719727 3
      vertex -2.255997657775879 -17.858062744140625 3
      vertex -1.1302289962768555 -17.964481353759766 3
    endloop
  endfacet
  facet normal 0 0 1
    outer loop
      vertex -2.763874053955078 -14.488736152648926 3
      vertex -2.255997657775879 -17.858062744140625 3
      vertex -1.8486642837524414 -14.633691787719727 3
    endloop
  endfacet
  facet normal 0 0 1
    outer loop
      vertex -2.763874053955078 -14.488736152648926 3
      vertex -3.3728628158569336 -17.681171417236328 3
      vertex -2.255997657775879 -17.858062744140625 3
    endloop
  endfacet
  facet normal 0 0 1
    outer loop
      vertex -3.66817569732666 -14.286601066589355 3
      vertex -3.3728628158569336 -17.681171417236328 3
      vertex -2.763874053955078 -14.488736152648926 3
    endloop
  endfacet
  facet normal 0 0 1
    outer loop
      vertex -3.66817569732666 -14.286601066589355 3
      vertex -4.476417541503906 -17.434497833251953 3
      vertex -3.3728628158569336 -17.681171417236328 3
    endloop
  endfacet
  facet normal 0 0 1
    outer loop
      vertex -4.558000564575195 -14.028082847595215 3
      vertex -4.476417541503906 -17.434497833251953 3
      vertex -3.66817569732666 -14.286601066589355 3
    endloop
  endfacet
  facet normal 0 0 1
    outer loop
      vertex -5.562305450439453 -17.119016647338867 3
      vertex -4.558000564575195 -14.028082847595215 3
      vertex -5.429836273193359 -13.714202880859375 3
    endloop
  endfacet
  facet normal 0 0 1
    outer loop
      vertex -4.558000564575195 -14.028082847595215 3
      vertex -5.562305450439453 -17.119016647338867 3
      vertex -4.476417541503906 -17.434497833251953 3
    endloop
  endfacet
  facet normal 0 0 1
    outer loop
      vertex -6.626241683959961 -16.735977172851562 3
      vertex -5.429836273193359 -13.714202880859375 3
      vertex -6.280243873596191 -13.346198081970215 3
    endloop
  endfacet
  facet normal 0 0 1
    outer loop
      vertex -5.429836273193359 -13.714202880859375 3
      vertex -6.626241683959961 -16.735977172851562 3
      vertex -5.562305450439453 -17.119016647338867 3
    endloop
  endfacet
  facet normal 0 0 1
    outer loop
      vertex -7.664027214050293 -16.28688621520996 3
      vertex -6.280243873596191 -13.346198081970215 3
      vertex -7.105866432189941 -12.925522804260254 3
    endloop
  endfacet
  facet normal 0 0 1
    outer loop
      vertex -6.280243873596191 -13.346198081970215 3
      vertex -7.664027214050293 -16.28688621520996 3
      vertex -6.626241683959961 -16.735977172851562 3
    endloop
  endfacet
  facet normal 0 0 1
    outer loop
      vertex -8.671566009521484 -15.773519515991211 3
      vertex -7.105866432189941 -12.925522804260254 3
      vertex -7.903444290161133 -12.453836441040039 3
    endloop
  endfacet
  facet normal 0 0 1
    outer loop
      vertex -9.644882202148438 -15.197901725769043 3
      vertex -7.903444290161133 -12.453836441040039 3
      vertex -8.669832229614258 -11.933000564575195 3
    endloop
  endfacet
  facet normal 0 0 1
    outer loop
      vertex -7.105866432189941 -12.925522804260254 3
      vertex -8.671566009521484 -15.773519515991211 3
      vertex -7.664027214050293 -16.28688621520996 3
    endloop
  endfacet
  facet normal 0 0 1
    outer loop
      vertex -10.580134391784668 -14.562305450439453 3
      vertex -8.669832229614258 -11.933000564575195 3
      vertex -9.402003288269043 -11.365069389343262 3
    endloop
  endfacet
  facet normal 0 0 1
    outer loop
      vertex -7.903444290161133 -12.453836441040039 3
      vertex -9.644882202148438 -15.197901725769043 3
      vertex -8.671566009521484 -15.773519515991211 3
    endloop
  endfacet
  facet normal 0 0 1
    outer loop
      vertex -11.473630905151367 -13.869237899780273 3
      vertex -9.402003288269043 -11.365069389343262 3
      vertex -10.09706974029541 -10.752286911010742 3
    endloop
  endfacet
  facet normal 0 0 1
    outer loop
      vertex -8.669832229614258 -11.933000564575195 3
      vertex -10.580134391784668 -14.562305450439453 3
      vertex -9.644882202148438 -15.197901725769043 3
    endloop
  endfacet
  facet normal 0 0 1
    outer loop
      vertex -12.321846961975098 -13.121435165405273 3
      vertex -10.09706974029541 -10.752286911010742 3
      vertex -10.752286911010742 -10.09706974029541 3
    endloop
  endfacet
  facet normal 0 0 1
    outer loop
      vertex -13.121435165405273 -12.321846961975098 3
      vertex -10.752286911010742 -10.09706974029541 3
      vertex -11.365069389343262 -9.402003288269043 3
    endloop
  endfacet
  facet normal 0 0 1
    outer loop
      vertex -9.402003288269043 -11.365069389343262 3
      vertex -11.473630905151367 -13.869237899780273 3
      vertex -10.580134391784668 -14.562305450439453 3
    endloop
  endfacet
  facet normal 0 0 1
    outer loop
      vertex -13.869237899780273 -11.473630905151367 3
      vertex -11.365069389343262 -9.402003288269043 3
      vertex -11.933000564575195 -8.669832229614258 3
    endloop
  endfacet
  facet normal 0 0 1
    outer loop
      vertex -10.09706974029541 -10.752286911010742 3
      vertex -12.321846961975098 -13.121435165405273 3
      vertex -11.473630905151367 -13.869237899780273 3
    endloop
  endfacet
  facet normal 0 0 1
    outer loop
      vertex -14.562305450439453 -10.580134391784668 3
      vertex -11.933000564575195 -8.669832229614258 3
      vertex -12.453836441040039 -7.903444290161133 3
    endloop
  endfacet
  facet normal 0 0 1
    outer loop
      vertex -15.197901725769043 -9.644882202148438 3
      vertex -12.453836441040039 -7.903444290161133 3
      vertex -12.925522804260254 -7.105866432189941 3
    endloop
  endfacet
  facet normal 0 0 1
    outer loop
      vertex -10.752286911010742 -10.09706974029541 3
      vertex -13.121435165405273 -12.321846961975098 3
      vertex -12.321846961975098 -13.121435165405273 3
    endloop
  endfacet
  facet normal 0 0 1
    outer loop
      vertex -15.773519515991211 -8.671566009521484 3
      vertex -12.925522804260254 -7.105866432189941 3
      vertex -13.346198081970215 -6.280243873596191 3
    endloop
  endfacet
  facet normal 0 0 1
    outer loop
      vertex -16.28688621520996 -7.664027214050293 3
      vertex -13.346198081970215 -6.280243873596191 3
      vertex -13.714202880859375 -5.429836273193359 3
    endloop
  endfacet
  facet normal 0 0 1
    outer loop
      vertex -11.365069389343262 -9.402003288269043 3
      vertex -13.869237899780273 -11.473630905151367 3
      vertex -13.121435165405273 -12.321846961975098 3
    endloop
  endfacet
  facet normal 0 0 1
    outer loop
      vertex -16.735977172851562 -6.626241683959961 3
      vertex -13.714202880859375 -5.429836273193359 3
      vertex -14.028082847595215 -4.558000564575195 3
    endloop
  endfacet
  facet normal 0 0 1
    outer loop
      vertex -17.119016647338867 -5.562305450439453 3
      vertex -14.028082847595215 -4.558000564575195 3
      vertex -14.286601066589355 -3.66817569732666 3
    endloop
  endfacet
  facet normal 0 0 1
    outer loop
      vertex -17.434497833251953 -4.476417541503906 3
      vertex -14.286601066589355 -3.66817569732666 3
      vertex -14.488736152648926 -2.763874053955078 3
    endloop
  endfacet
  facet normal 0 0 1
    outer loop
      vertex -11.933000564575195 -8.669832229614258 3
      vertex -14.562305450439453 -10.580134391784668 3
      vertex -13.869237899780273 -11.473630905151367 3
    endloop
  endfacet
  facet normal 0 0 1
    outer loop
      vertex -17.681171417236328 -3.3728628158569336 3
      vertex -14.488736152648926 -2.763874053955078 3
      vertex -14.633691787719727 -1.8486642837524414 3
    endloop
  endfacet
  facet normal 0 0 1
    outer loop
      vertex -17.858062744140625 -2.255997657775879 3
      vertex -14.633691787719727 -1.8486642837524414 3
      vertex -14.720893859863281 -0.9261598587036133 3
    endloop
  endfacet
  facet normal 0 0 1
    outer loop
      vertex -17.964481353759766 -1.1302289962768555 3
      vertex -14.720893859863281 -0.9261598587036133 3
      vertex -14.75 0 3
    endloop
  endfacet
  facet normal 0 0 1
    outer loop
      vertex -17.434497833251953 4.476417541503906 3
      vertex -14.286601066589355 3.66817569732666 3
      vertex -17.119016647338867 5.562305450439453 3
    endloop
  endfacet
  facet normal 0 0 1
    outer loop
      vertex -12.453836441040039 -7.903444290161133 3
      vertex -15.197901725769043 -9.644882202148438 3
      vertex -14.562305450439453 -10.580134391784668 3
    endloop
  endfacet
  facet normal 0 0 1
    outer loop
      vertex -14.286601066589355 3.66817569732666 3
      vertex -17.434497833251953 4.476417541503906 3
      vertex -14.488736152648926 2.763874053955078 3
    endloop
  endfacet
  facet normal 0 0 1
    outer loop
      vertex -12.925522804260254 -7.105866432189941 3
      vertex -15.773519515991211 -8.671566009521484 3
      vertex -15.197901725769043 -9.644882202148438 3
    endloop
  endfacet
  facet normal 0 0 1
    outer loop
      vertex -17.681171417236328 3.3728628158569336 3
      vertex -14.488736152648926 2.763874053955078 3
      vertex -17.434497833251953 4.476417541503906 3
    endloop
  endfacet
  facet normal 0 0 1
    outer loop
      vertex -13.346198081970215 -6.280243873596191 3
      vertex -16.28688621520996 -7.664027214050293 3
      vertex -15.773519515991211 -8.671566009521484 3
    endloop
  endfacet
  facet normal 0 0 1
    outer loop
      vertex -14.488736152648926 2.763874053955078 3
      vertex -17.681171417236328 3.3728628158569336 3
      vertex -14.633691787719727 1.8486642837524414 3
    endloop
  endfacet
  facet normal 0 0 1
    outer loop
      vertex -13.714202880859375 -5.429836273193359 3
      vertex -16.735977172851562 -6.626241683959961 3
      vertex -16.28688621520996 -7.664027214050293 3
    endloop
  endfacet
  facet normal 0 0 1
    outer loop
      vertex -17.858062744140625 2.255997657775879 3
      vertex -14.633691787719727 1.8486642837524414 3
      vertex -17.681171417236328 3.3728628158569336 3
    endloop
  endfacet
  facet normal 0 0 1
    outer loop
      vertex -14.028082847595215 -4.558000564575195 3
      vertex -17.119016647338867 -5.562305450439453 3
      vertex -16.735977172851562 -6.626241683959961 3
    endloop
  endfacet
  facet normal 0 0 1
    outer loop
      vertex -14.633691787719727 1.8486642837524414 3
      vertex -17.858062744140625 2.255997657775879 3
      vertex -14.720893859863281 0.9261598587036133 3
    endloop
  endfacet
  facet normal 0 0 1
    outer loop
      vertex -14.286601066589355 -3.66817569732666 3
      vertex -17.434497833251953 -4.476417541503906 3
      vertex -17.119016647338867 -5.562305450439453 3
    endloop
  endfacet
  facet normal 0 0 1
    outer loop
      vertex -17.964481353759766 1.1302289962768555 3
      vertex -14.720893859863281 0.9261598587036133 3
      vertex -17.858062744140625 2.255997657775879 3
    endloop
  endfacet
  facet normal 0 0 1
    outer loop
      vertex -14.488736152648926 -2.763874053955078 3
      vertex -17.681171417236328 -3.3728628158569336 3
      vertex -17.434497833251953 -4.476417541503906 3
    endloop
  endfacet
  facet normal 0 0 1
    outer loop
      vertex -14.720893859863281 0.9261598587036133 3
      vertex -17.964481353759766 1.1302289962768555 3
      vertex -14.75 0 3
    endloop
  endfacet
  facet normal 0 0 1
    outer loop
      vertex -14.633691787719727 -1.8486642837524414 3
      vertex -17.858062744140625 -2.255997657775879 3
      vertex -17.681171417236328 -3.3728628158569336 3
    endloop
  endfacet
  facet normal 0 0 1
    outer loop
      vertex -18 0 3
      vertex -14.75 0 3
      vertex -17.964481353759766 1.1302289962768555 3
    endloop
  endfacet
  facet normal 0 0 1
    outer loop
      vertex -14.720893859863281 -0.9261598587036133 3
      vertex -17.964481353759766 -1.1302289962768555 3
      vertex -17.858062744140625 -2.255997657775879 3
    endloop
  endfacet
  facet normal 0 0 1
    outer loop
      vertex -14.75 0 3
      vertex -18 0 3
      vertex -17.964481353759766 -1.1302289962768555 3
    endloop
  endfacet
  facet normal -0.9408808385105483 0.3387377270451103 0
    outer loop
      vertex -14.028082847595215 4.558000564575195 3
      vertex -13.714202880859375 5.429836273193359 40
      vertex -13.714202880859375 5.429836273193359 3
    endloop
  endfacet
  facet normal -0.9408808385105483 0.3387377270451103 0
    outer loop
      vertex -13.714202880859375 5.429836273193359 40
      vertex -14.028082847595215 4.558000564575195 3
      vertex -14.028082847595215 4.558000564575195 40
    endloop
  endfacet
  facet normal -0.9177544020515064 -0.397148407418539 0
    outer loop
      vertex -13.346198081970215 -6.280243873596191 3
      vertex -13.714202880859375 -5.429836273193359 40
      vertex -13.714202880859375 -5.429836273193359 3
    endloop
  endfacet
  facet normal -0.9177544020515064 -0.397148407418539 0
    outer loop
      vertex -13.714202880859375 -5.429836273193359 40
      vertex -13.346198081970215 -6.280243873596191 3
      vertex -13.346198081970215 -6.280243873596191 40
    endloop
  endfacet
  facet normal -0.3387377270451103 0.9408808385105483 0
    outer loop
      vertex -4.558000564575195 14.028082847595215 3
      vertex -5.429836273193359 13.714202880859375 40
      vertex -4.558000564575195 14.028082847595215 40
    endloop
  endfacet
  facet normal -0.3387377270451103 0.9408808385105483 0
    outer loop
      vertex -5.429836273193359 13.714202880859375 40
      vertex -4.558000564575195 14.028082847595215 3
      vertex -5.429836273193359 13.714202880859375 3
    endloop
  endfacet
  facet normal -0.4539901334127169 0.8910067108411157 0
    outer loop
      vertex -6.280243873596191 13.346198081970215 3
      vertex -7.105866432189941 12.925522804260254 40
      vertex -6.280243873596191 13.346198081970215 40
    endloop
  endfacet
  facet normal -0.4539901334127169 0.8910067108411157 0
    outer loop
      vertex -7.105866432189941 12.925522804260254 40
      vertex -6.280243873596191 13.346198081970215 3
      vertex -7.105866432189941 12.925522804260254 3
    endloop
  endfacet
  facet normal 0.5620827655923644 -0.827080990365538 0
    outer loop
      vertex 7.903444290161133 -12.453836441040039 3
      vertex 8.669832229614258 -11.933000564575195 40
      vertex 7.903444290161133 -12.453836441040039 40
    endloop
  endfacet
  facet normal 0.5620827655923644 -0.827080990365538 0
    outer loop
      vertex 8.669832229614258 -11.933000564575195 40
      vertex 7.903444290161133 -12.453836441040039 3
      vertex 8.669832229614258 -11.933000564575195 3
    endloop
  endfacet
  facet normal -0.21814295384689864 0.9759168262136635 0
    outer loop
      vertex -2.763874053955078 14.488736152648926 3
      vertex -3.66817569732666 14.286601066589355 40
      vertex -2.763874053955078 14.488736152648926 40
    endloop
  endfacet
  facet normal -0.21814295384689864 0.9759168262136635 0
    outer loop
      vertex -3.66817569732666 14.286601066589355 40
      vertex -2.763874053955078 14.488736152648926 3
      vertex -3.66817569732666 14.286601066589355 3
    endloop
  endfacet
  facet normal -0.21814295384689864 -0.9759168262136635 0
    outer loop
      vertex -3.66817569732666 -14.286601066589355 3
      vertex -2.763874053955078 -14.488736152648926 40
      vertex -3.66817569732666 -14.286601066589355 40
    endloop
  endfacet
  facet normal -0.21814295384689864 -0.9759168262136635 0
    outer loop
      vertex -2.763874053955078 -14.488736152648926 40
      vertex -3.66817569732666 -14.286601066589355 3
      vertex -2.763874053955078 -14.488736152648926 3
    endloop
  endfacet
  facet normal 0.6613112406684052 -0.7501116203376765 0
    outer loop
      vertex 9.402003288269043 -11.365069389343262 3
      vertex 10.09706974029541 -10.752286911010742 40
      vertex 9.402003288269043 -11.365069389343262 40
    endloop
  endfacet
  facet normal 0.6613112406684052 -0.7501116203376765 0
    outer loop
      vertex 10.09706974029541 -10.752286911010742 40
      vertex 9.402003288269043 -11.365069389343262 3
      vertex 10.09706974029541 -10.752286911010742 3
    endloop
  endfacet
  facet normal -0.5620827655923644 -0.827080990365538 0
    outer loop
      vertex -8.669832229614258 -11.933000564575195 3
      vertex -7.903444290161133 -12.453836441040039 40
      vertex -8.669832229614258 -11.933000564575195 40
    endloop
  endfacet
  facet normal -0.5620827655923644 -0.827080990365538 0
    outer loop
      vertex -7.903444290161133 -12.453836441040039 40
      vertex -8.669832229614258 -11.933000564575195 3
      vertex -7.903444290161133 -12.453836441040039 3
    endloop
  endfacet
  facet normal -0.8607419641602178 0.5090415220132934 0
    outer loop
      vertex -12.925522804260254 7.105866432189941 3
      vertex -12.453836441040039 7.903444290161133 40
      vertex -12.453836441040039 7.903444290161133 3
    endloop
  endfacet
  facet normal -0.8607419641602178 0.5090415220132934 0
    outer loop
      vertex -12.453836441040039 7.903444290161133 40
      vertex -12.925522804260254 7.105866432189941 3
      vertex -12.925522804260254 7.105866432189941 40
    endloop
  endfacet
  facet normal 0.397148407418539 -0.9177544020515064 0
    outer loop
      vertex 5.429836273193359 -13.714202880859375 3
      vertex 6.280243873596191 -13.346198081970215 40
      vertex 5.429836273193359 -13.714202880859375 40
    endloop
  endfacet
  facet normal 0.397148407418539 -0.9177544020515064 0
    outer loop
      vertex 6.280243873596191 -13.346198081970215 40
      vertex 5.429836273193359 -13.714202880859375 3
      vertex 6.280243873596191 -13.346198081970215 3
    endloop
  endfacet
  facet normal -0.6613112406684052 -0.7501116203376765 0
    outer loop
      vertex -10.09706974029541 -10.752286911010742 3
      vertex -9.402003288269043 -11.365069389343262 40
      vertex -10.09706974029541 -10.752286911010742 40
    endloop
  endfacet
  facet normal -0.6613112406684052 -0.7501116203376765 0
    outer loop
      vertex -9.402003288269043 -11.365069389343262 40
      vertex -10.09706974029541 -10.752286911010742 3
      vertex -9.402003288269043 -11.365069389343262 3
    endloop
  endfacet
  facet normal -0.5620827655923644 0.827080990365538 0
    outer loop
      vertex -7.903444290161133 12.453836441040039 3
      vertex -8.669832229614258 11.933000564575195 40
      vertex -7.903444290161133 12.453836441040039 40
    endloop
  endfacet
  facet normal -0.5620827655923644 0.827080990365538 0
    outer loop
      vertex -8.669832229614258 11.933000564575195 40
      vertex -7.903444290161133 12.453836441040039 3
      vertex -8.669832229614258 11.933000564575195 3
    endloop
  endfacet
  facet normal 0.8910067108411157 -0.4539901334127169 0
    outer loop
      vertex 12.925522804260254 -7.105866432189941 40
      vertex 13.346198081970215 -6.280243873596191 3
      vertex 13.346198081970215 -6.280243873596191 40
    endloop
  endfacet
  facet normal 0.8910067108411157 -0.4539901334127169 0
    outer loop
      vertex 13.346198081970215 -6.280243873596191 3
      vertex 12.925522804260254 -7.105866432189941 40
      vertex 12.925522804260254 -7.105866432189941 3
    endloop
  endfacet
  facet normal 0.9602936286399919 0.2789913023616278 0
    outer loop
      vertex 14.286601066589355 3.66817569732666 40
      vertex 14.028082847595215 4.558000564575195 3
      vertex 14.028082847595215 4.558000564575195 40
    endloop
  endfacet
  facet normal 0.9602936286399919 0.2789913023616278 0
    outer loop
      vertex 14.028082847595215 4.558000564575195 3
      vertex 14.286601066589355 3.66817569732666 40
      vertex 14.286601066589355 3.66817569732666 3
    endloop
  endfacet
  facet normal 0.9408808385105483 0.3387377270451103 0
    outer loop
      vertex 14.028082847595215 4.558000564575195 40
      vertex 13.714202880859375 5.429836273193359 3
      vertex 13.714202880859375 5.429836273193359 40
    endloop
  endfacet
  facet normal 0.9408808385105483 0.3387377270451103 0
    outer loop
      vertex 13.714202880859375 5.429836273193359 3
      vertex 14.028082847595215 4.558000564575195 40
      vertex 14.028082847595215 4.558000564575195 3
    endloop
  endfacet
  facet normal -0.2789913023616278 0.9602936286399919 0
    outer loop
      vertex -3.66817569732666 14.286601066589355 3
      vertex -4.558000564575195 14.028082847595215 40
      vertex -3.66817569732666 14.286601066589355 40
    endloop
  endfacet
  facet normal -0.2789913023616278 0.9602936286399919 0
    outer loop
      vertex -4.558000564575195 14.028082847595215 40
      vertex -3.66817569732666 14.286601066589355 3
      vertex -4.558000564575195 14.028082847595215 3
    endloop
  endfacet
  facet normal 0.2789913023616278 0.9602936286399919 0
    outer loop
      vertex 4.558000564575195 14.028082847595215 3
      vertex 3.66817569732666 14.286601066589355 40
      vertex 4.558000564575195 14.028082847595215 40
    endloop
  endfacet
  facet normal 0.2789913023616278 0.9602936286399919 0
    outer loop
      vertex 3.66817569732666 14.286601066589355 40
      vertex 4.558000564575195 14.028082847595215 3
      vertex 3.66817569732666 14.286601066589355 3
    endloop
  endfacet
  facet normal 0.3387377270451103 0.9408808385105483 0
    outer loop
      vertex 5.429836273193359 13.714202880859375 3
      vertex 4.558000564575195 14.028082847595215 40
      vertex 5.429836273193359 13.714202880859375 40
    endloop
  endfacet
  facet normal 0.3387377270451103 0.9408808385105483 0
    outer loop
      vertex 4.558000564575195 14.028082847595215 40
      vertex 5.429836273193359 13.714202880859375 3
      vertex 4.558000564575195 14.028082847595215 3
    endloop
  endfacet
  facet normal 0.9955619919442803 -0.09410802407837883 0
    outer loop
      vertex 14.633691787719727 -1.8486642837524414 40
      vertex 14.720893859863281 -0.9261598587036133 3
      vertex 14.720893859863281 -0.9261598587036133 40
    endloop
  endfacet
  facet normal 0.9955619919442803 -0.09410802407837883 0
    outer loop
      vertex 14.720893859863281 -0.9261598587036133 3
      vertex 14.633691787719727 -1.8486642837524414 40
      vertex 14.633691787719727 -1.8486642837524414 3
    endloop
  endfacet
  facet normal -0.9602936286399919 -0.2789913023616278 0
    outer loop
      vertex -14.028082847595215 -4.558000564575195 3
      vertex -14.286601066589355 -3.66817569732666 40
      vertex -14.286601066589355 -3.66817569732666 3
    endloop
  endfacet
  facet normal -0.9602936286399919 -0.2789913023616278 0
    outer loop
      vertex -14.286601066589355 -3.66817569732666 40
      vertex -14.028082847595215 -4.558000564575195 3
      vertex -14.028082847595215 -4.558000564575195 40
    endloop
  endfacet
  facet normal -0.9408808385105483 -0.3387377270451103 0
    outer loop
      vertex -13.714202880859375 -5.429836273193359 3
      vertex -14.028082847595215 -4.558000564575195 40
      vertex -14.028082847595215 -4.558000564575195 3
    endloop
  endfacet
  facet normal -0.9408808385105483 -0.3387377270451103 0
    outer loop
      vertex -14.028082847595215 -4.558000564575195 40
      vertex -13.714202880859375 -5.429836273193359 3
      vertex -13.714202880859375 -5.429836273193359 40
    endloop
  endfacet
  facet normal -0.8607419641602178 -0.5090415220132934 0
    outer loop
      vertex -12.453836441040039 -7.903444290161133 3
      vertex -12.925522804260254 -7.105866432189941 40
      vertex -12.925522804260254 -7.105866432189941 3
    endloop
  endfacet
  facet normal -0.8607419641602178 -0.5090415220132934 0
    outer loop
      vertex -12.925522804260254 -7.105866432189941 40
      vertex -12.453836441040039 -7.903444290161133 3
      vertex -12.453836441040039 -7.903444290161133 40
    endloop
  endfacet
  facet normal -0.9602936286399919 0.2789913023616278 0
    outer loop
      vertex -14.286601066589355 3.66817569732666 3
      vertex -14.028082847595215 4.558000564575195 40
      vertex -14.028082847595215 4.558000564575195 3
    endloop
  endfacet
  facet normal -0.9602936286399919 0.2789913023616278 0
    outer loop
      vertex -14.028082847595215 4.558000564575195 40
      vertex -14.286601066589355 3.66817569732666 3
      vertex -14.286601066589355 3.66817569732666 40
    endloop
  endfacet
  facet normal -0.9759168262136635 -0.21814295384689864 0
    outer loop
      vertex -14.286601066589355 -3.66817569732666 3
      vertex -14.488736152648926 -2.763874053955078 40
      vertex -14.488736152648926 -2.763874053955078 3
    endloop
  endfacet
  facet normal -0.9759168262136635 -0.21814295384689864 0
    outer loop
      vertex -14.488736152648926 -2.763874053955078 40
      vertex -14.286601066589355 -3.66817569732666 3
      vertex -14.286601066589355 -3.66817569732666 40
    endloop
  endfacet
  facet normal 0.09410802407837883 -0.9955619919442803 0
    outer loop
      vertex 0.9261598587036133 -14.720893859863281 3
      vertex 1.8486642837524414 -14.633691787719727 40
      vertex 0.9261598587036133 -14.720893859863281 40
    endloop
  endfacet
  facet normal 0.09410802407837883 -0.9955619919442803 0
    outer loop
      vertex 1.8486642837524414 -14.633691787719727 40
      vertex 0.9261598587036133 -14.720893859863281 3
      vertex 1.8486642837524414 -14.633691787719727 3
    endloop
  endfacet
  facet normal 0.03141118388107106 -0.9995065470156709 0
    outer loop
      vertex 0 -14.75 3
      vertex 0.9261598587036133 -14.720893859863281 40
      vertex 0 -14.75 40
    endloop
  endfacet
  facet normal 0.03141118388107106 -0.9995065470156709 0
    outer loop
      vertex 0.9261598587036133 -14.720893859863281 40
      vertex 0 -14.75 3
      vertex 0.9261598587036133 -14.720893859863281 3
    endloop
  endfacet
  facet normal 0.5090415220132934 0.8607419641602178 0
    outer loop
      vertex 7.903444290161133 12.453836441040039 3
      vertex 7.105866432189941 12.925522804260254 40
      vertex 7.903444290161133 12.453836441040039 40
    endloop
  endfacet
  facet normal 0.5090415220132934 0.8607419641602178 0
    outer loop
      vertex 7.105866432189941 12.925522804260254 40
      vertex 7.903444290161133 12.453836441040039 3
      vertex 7.105866432189941 12.925522804260254 3
    endloop
  endfacet
  facet normal -0.03141118388107106 -0.9995065470156709 0
    outer loop
      vertex -0.9261598587036133 -14.720893859863281 3
      vertex 0 -14.75 40
      vertex -0.9261598587036133 -14.720893859863281 40
    endloop
  endfacet
  facet normal -0.03141118388107106 -0.9995065470156709 0
    outer loop
      vertex 0 -14.75 40
      vertex -0.9261598587036133 -14.720893859863281 3
      vertex 0 -14.75 3
    endloop
  endfacet
  facet normal -0.9995065470156709 0.03141118388107106 0
    outer loop
      vertex -14.75 0 3
      vertex -14.720893859863281 0.9261598587036133 40
      vertex -14.720893859863281 0.9261598587036133 3
    endloop
  endfacet
  facet normal -0.9995065470156709 0.03141118388107106 0
    outer loop
      vertex -14.720893859863281 0.9261598587036133 40
      vertex -14.75 0 3
      vertex -14.75 0 40
    endloop
  endfacet
  facet normal -0.7501116203376765 -0.6613112406684052 0
    outer loop
      vertex -10.752286911010742 -10.09706974029541 3
      vertex -11.365069389343262 -9.402003288269043 40
      vertex -11.365069389343262 -9.402003288269043 3
    endloop
  endfacet
  facet normal -0.7501116203376765 -0.6613112406684052 0
    outer loop
      vertex -11.365069389343262 -9.402003288269043 40
      vertex -10.752286911010742 -10.09706974029541 3
      vertex -10.752286911010742 -10.09706974029541 40
    endloop
  endfacet
  facet normal -0.7901544445483276 -0.6129077856909013 0
    outer loop
      vertex -11.365069389343262 -9.402003288269043 3
      vertex -11.933000564575195 -8.669832229614258 40
      vertex -11.933000564575195 -8.669832229614258 3
    endloop
  endfacet
  facet normal -0.7901544445483276 -0.6129077856909013 0
    outer loop
      vertex -11.933000564575195 -8.669832229614258 40
      vertex -11.365069389343262 -9.402003288269043 3
      vertex -11.365069389343262 -9.402003288269043 40
    endloop
  endfacet
  facet normal -0.9177544020515064 0.397148407418539 0
    outer loop
      vertex -13.714202880859375 5.429836273193359 3
      vertex -13.346198081970215 6.280243873596191 40
      vertex -13.346198081970215 6.280243873596191 3
    endloop
  endfacet
  facet normal -0.9177544020515064 0.397148407418539 0
    outer loop
      vertex -13.346198081970215 6.280243873596191 40
      vertex -13.714202880859375 5.429836273193359 3
      vertex -13.714202880859375 5.429836273193359 40
    endloop
  endfacet
  facet normal -0.6613112406684052 0.7501116203376765 0
    outer loop
      vertex -9.402003288269043 11.365069389343262 3
      vertex -10.09706974029541 10.752286911010742 40
      vertex -9.402003288269043 11.365069389343262 40
    endloop
  endfacet
  facet normal -0.6613112406684052 0.7501116203376765 0
    outer loop
      vertex -10.09706974029541 10.752286911010742 40
      vertex -9.402003288269043 11.365069389343262 3
      vertex -10.09706974029541 10.752286911010742 3
    endloop
  endfacet
  facet normal 0.9759168262136635 0.21814295384689864 0
    outer loop
      vertex 14.488736152648926 2.763874053955078 40
      vertex 14.286601066589355 3.66817569732666 3
      vertex 14.286601066589355 3.66817569732666 40
    endloop
  endfacet
  facet normal 0.9759168262136635 0.21814295384689864 0
    outer loop
      vertex 14.286601066589355 3.66817569732666 3
      vertex 14.488736152648926 2.763874053955078 40
      vertex 14.488736152648926 2.763874053955078 3
    endloop
  endfacet
  facet normal 0.3387377270451103 -0.9408808385105483 0
    outer loop
      vertex 4.558000564575195 -14.028082847595215 3
      vertex 5.429836273193359 -13.714202880859375 40
      vertex 4.558000564575195 -14.028082847595215 40
    endloop
  endfacet
  facet normal 0.3387377270451103 -0.9408808385105483 0
    outer loop
      vertex 5.429836273193359 -13.714202880859375 40
      vertex 4.558000564575195 -14.028082847595215 3
      vertex 5.429836273193359 -13.714202880859375 3
    endloop
  endfacet
  facet normal 0.21814295384689864 -0.9759168262136635 0
    outer loop
      vertex 2.763874053955078 -14.488736152648926 3
      vertex 3.66817569732666 -14.286601066589355 40
      vertex 2.763874053955078 -14.488736152648926 40
    endloop
  endfacet
  facet normal 0.21814295384689864 -0.9759168262136635 0
    outer loop
      vertex 3.66817569732666 -14.286601066589355 40
      vertex 2.763874053955078 -14.488736152648926 3
      vertex 3.66817569732666 -14.286601066589355 3
    endloop
  endfacet
  facet normal -0.6129077856909013 0.7901544445483276 0
    outer loop
      vertex -8.669832229614258 11.933000564575195 3
      vertex -9.402003288269043 11.365069389343262 40
      vertex -8.669832229614258 11.933000564575195 40
    endloop
  endfacet
  facet normal -0.6129077856909013 0.7901544445483276 0
    outer loop
      vertex -9.402003288269043 11.365069389343262 40
      vertex -8.669832229614258 11.933000564575195 3
      vertex -9.402003288269043 11.365069389343262 3
    endloop
  endfacet
  facet normal 0.6129077856909013 0.7901544445483276 0
    outer loop
      vertex 9.402003288269043 11.365069389343262 3
      vertex 8.669832229614258 11.933000564575195 40
      vertex 9.402003288269043 11.365069389343262 40
    endloop
  endfacet
  facet normal 0.6129077856909013 0.7901544445483276 0
    outer loop
      vertex 8.669832229614258 11.933000564575195 40
      vertex 9.402003288269043 11.365069389343262 3
      vertex 8.669832229614258 11.933000564575195 3
    endloop
  endfacet
  facet normal -0.2789913023616278 -0.9602936286399919 0
    outer loop
      vertex -4.558000564575195 -14.028082847595215 3
      vertex -3.66817569732666 -14.286601066589355 40
      vertex -4.558000564575195 -14.028082847595215 40
    endloop
  endfacet
  facet normal -0.2789913023616278 -0.9602936286399919 0
    outer loop
      vertex -3.66817569732666 -14.286601066589355 40
      vertex -4.558000564575195 -14.028082847595215 3
      vertex -3.66817569732666 -14.286601066589355 3
    endloop
  endfacet
  facet normal -0.7901544445483276 0.6129077856909013 0
    outer loop
      vertex -11.933000564575195 8.669832229614258 3
      vertex -11.365069389343262 9.402003288269043 40
      vertex -11.365069389343262 9.402003288269043 3
    endloop
  endfacet
  facet normal -0.7901544445483276 0.6129077856909013 0
    outer loop
      vertex -11.365069389343262 9.402003288269043 40
      vertex -11.933000564575195 8.669832229614258 3
      vertex -11.933000564575195 8.669832229614258 40
    endloop
  endfacet
  facet normal -0.7501116203376765 0.6613112406684052 0
    outer loop
      vertex -11.365069389343262 9.402003288269043 3
      vertex -10.752286911010742 10.09706974029541 40
      vertex -10.752286911010742 10.09706974029541 3
    endloop
  endfacet
  facet normal -0.7501116203376765 0.6613112406684052 0
    outer loop
      vertex -10.752286911010742 10.09706974029541 40
      vertex -11.365069389343262 9.402003288269043 3
      vertex -11.365069389343262 9.402003288269043 40
    endloop
  endfacet
  facet normal -0.09410802407837883 0.9955619919442803 0
    outer loop
      vertex -0.9261598587036133 14.720893859863281 3
      vertex -1.8486642837524414 14.633691787719727 40
      vertex -0.9261598587036133 14.720893859863281 40
    endloop
  endfacet
  facet normal -0.09410802407837883 0.9955619919442803 0
    outer loop
      vertex -1.8486642837524414 14.633691787719727 40
      vertex -0.9261598587036133 14.720893859863281 3
      vertex -1.8486642837524414 14.633691787719727 3
    endloop
  endfacet
  facet normal -0.9955619919442803 0.09410802407837883 0
    outer loop
      vertex -14.720893859863281 0.9261598587036133 3
      vertex -14.633691787719727 1.8486642837524414 40
      vertex -14.633691787719727 1.8486642837524414 3
    endloop
  endfacet
  facet normal -0.9955619919442803 0.09410802407837883 0
    outer loop
      vertex -14.633691787719727 1.8486642837524414 40
      vertex -14.720893859863281 0.9261598587036133 3
      vertex -14.720893859863281 0.9261598587036133 40
    endloop
  endfacet
  facet normal -0.397148407418539 0.9177544020515064 0
    outer loop
      vertex -5.429836273193359 13.714202880859375 3
      vertex -6.280243873596191 13.346198081970215 40
      vertex -5.429836273193359 13.714202880859375 40
    endloop
  endfacet
  facet normal -0.397148407418539 0.9177544020515064 0
    outer loop
      vertex -6.280243873596191 13.346198081970215 40
      vertex -5.429836273193359 13.714202880859375 3
      vertex -6.280243873596191 13.346198081970215 3
    endloop
  endfacet
  facet normal 0.9177544020515064 -0.397148407418539 0
    outer loop
      vertex 13.346198081970215 -6.280243873596191 40
      vertex 13.714202880859375 -5.429836273193359 3
      vertex 13.714202880859375 -5.429836273193359 40
    endloop
  endfacet
  facet normal 0.9177544020515064 -0.397148407418539 0
    outer loop
      vertex 13.714202880859375 -5.429836273193359 3
      vertex 13.346198081970215 -6.280243873596191 40
      vertex 13.346198081970215 -6.280243873596191 3
    endloop
  endfacet
  facet normal 0.8317659834951737 0.026139652943341033 0.5545106556634491
    outer loop
      vertex 14.720893859863281 0.9261598587036133 40
      vertex 12.75 0 43
      vertex 14.75 0 40
    endloop
  endfacet
  facet normal 0.8219311594992278 0.13018056629075508 0.5545107656344223
    outer loop
      vertex 14.633691787719727 1.8486642837524414 40
      vertex 12.524162292480469 2.3891115188598633 43
      vertex 12.64946174621582 1.5979986190795898 43
    endloop
  endfacet
  facet normal 0.07831449460435669 -0.8284833839618966 0.5545107054276852
    outer loop
      vertex 1.8486642837524414 -14.633691787719727 40
      vertex 0.8005790710449219 -12.72484016418457 43
      vertex 0.9261598587036133 -14.720893859863281 40
    endloop
  endfacet
  facet normal 0.8317659350068418 0.026139946844132834 0.5545107145413692
    outer loop
      vertex 14.720893859863281 0.9261598587036133 40
      vertex 12.72484016418457 0.8005790710449219 43
      vertex 12.75 0 43
    endloop
  endfacet
  facet normal -0.2818898118430738 0.7829789248609504 0.5545107187446122
    outer loop
      vertex -3.9399662017822266 12.125969886779785 43
      vertex -5.429836273193359 13.714202880859375 40
      vertex -4.693587303161621 11.854649543762207 43
    endloop
  endfacet
  facet normal 0.7637338361784336 0.33049765389509245 0.5545105303292382
    outer loop
      vertex 13.346198081970215 6.280243873596191 40
      vertex 11.536544799804688 5.428685188293457 43
      vertex 13.714202880859375 5.429836273193359 40
    endloop
  endfacet
  facet normal 0.07831481113772032 -0.8284833110685796 0.554510769631489
    outer loop
      vertex 1.5979986190795898 -12.64946174621582 43
      vertex 0.8005790710449219 -12.72484016418457 43
      vertex 1.8486642837524414 -14.633691787719727 40
    endloop
  endfacet
  facet normal 0.6575483203735889 -0.5100471325117683 0.5545107113396412
    outer loop
      vertex 10.314966201782227 -7.494261741638184 43
      vertex 9.824043273925781 -8.127155303955078 43
      vertex 11.933000564575195 -8.669832229614258 40
    endloop
  endfacet
  facet normal -0.46775214166866685 -0.6882774713243723 0.554510645913767
    outer loop
      vertex -6.831790924072266 -10.765180587768555 43
      vertex -8.669832229614258 -11.933000564575195 40
      vertex -7.903444290161133 -12.453836441040039 40
    endloop
  endfacet
  facet normal -0.46775214166866685 0.6882774713243723 0.554510645913767
    outer loop
      vertex -7.903444290161133 12.453836441040039 40
      vertex -8.669832229614258 11.933000564575195 40
      vertex -6.831790924072266 10.765180587768555 43
    endloop
  endfacet
  facet normal 0.026139946844132834 -0.8317659350068418 0.5545107145413692
    outer loop
      vertex 0.8005790710449219 -12.72484016418457 43
      vertex 0 -12.75 43
      vertex 0.9261598587036133 -14.720893859863281 40
    endloop
  endfacet
  facet normal 0.23217003840707962 0.7991339040183831 0.5545106642025858
    outer loop
      vertex 3.66817569732666 14.286601066589355 40
      vertex 3.170795440673828 12.349434852600098 43
      vertex 4.558000564575195 14.028082847595215 40
    endloop
  endfacet
  facet normal -0.7162893500623 0.42361246010977066 0.5545106406797581
    outer loop
      vertex -12.453836441040039 7.903444290161133 40
      vertex -12.925522804260254 7.105866432189941 40
      vertex -11.1729097366333 6.142358779907227 43
    endloop
  endfacet
  facet normal 0.8317659350068418 -0.026139946844132834 0.5545107145413692
    outer loop
      vertex 12.75 0 43
      vertex 12.72484016418457 -0.8005790710449219 43
      vertex 14.720893859863281 -0.9261598587036133 40
    endloop
  endfacet
  facet normal 0.7991339040183831 0.23217003840707962 0.5545106642025858
    outer loop
      vertex 14.028082847595215 4.558000564575195 40
      vertex 12.349434852600098 3.170795440673828 43
      vertex 14.286601066589355 3.66817569732666 40
    endloop
  endfacet
  facet normal 0.8219311315637564 0.13018168406780298 0.5545105446243503
    outer loop
      vertex 14.488736152648926 2.763874053955078 40
      vertex 12.524162292480469 2.3891115188598633 43
      vertex 14.633691787719727 1.8486642837524414 40
    endloop
  endfacet
  facet normal -0.8121352443846266 -0.18153348356599422 0.5545105401818056
    outer loop
      vertex -12.524162292480469 -2.3891115188598633 43
      vertex -14.488736152648926 -2.763874053955078 40
      vertex -14.286601066589355 -3.66817569732666 40
    endloop
  endfacet
  facet normal -0.7991338911255226 -0.23217006768286577 0.5545106705255678
    outer loop
      vertex -12.349434852600098 -3.170795440673828 43
      vertex -14.028082847595215 -4.558000564575195 40
      vertex -12.125969886779785 -3.9399662017822266 43
    endloop
  endfacet
  facet normal 0.8284833839618966 0.07831449460435669 0.5545107054276852
    outer loop
      vertex 14.633691787719727 1.8486642837524414 40
      vertex 12.72484016418457 0.8005790710449219 43
      vertex 14.720893859863281 0.9261598587036133 40
    endloop
  endfacet
  facet normal 0.37780045551642105 -0.7414747237249876 0.5545106400138217
    outer loop
      vertex 6.142358779907227 -11.1729097366333 43
      vertex 5.428685188293457 -11.536544799804688 43
      vertex 7.105866432189941 -12.925522804260254 40
    endloop
  endfacet
  facet normal -0.23217003840707962 0.7991339040183831 0.5545106642025858
    outer loop
      vertex -3.66817569732666 14.286601066589355 40
      vertex -4.558000564575195 14.028082847595215 40
      vertex -3.170795440673828 12.349434852600098 43
    endloop
  endfacet
  facet normal 0.026139652943341033 0.8317659834951737 0.5545106556634491
    outer loop
      vertex 0 14.75 40
      vertex 0 12.75 43
      vertex 0.9261598587036133 14.720893859863281 40
    endloop
  endfacet
  facet normal -0.8317659834951737 -0.026139652943341033 0.5545106556634491
    outer loop
      vertex -12.75 0 43
      vertex -14.75 0 40
      vertex -14.720893859863281 -0.9261598587036133 40
    endloop
  endfacet
  facet normal -0.026139946844132834 -0.8317659350068418 0.5545107145413692
    outer loop
      vertex -0.8005790710449219 -12.72484016418457 43
      vertex -0.9261598587036133 -14.720893859863281 40
      vertex 0 -12.75 43
    endloop
  endfacet
  facet normal -0.42361246047938195 0.7162893497717748 0.5545106407726833
    outer loop
      vertex -6.142358779907227 11.1729097366333 43
      vertex -7.903444290161133 12.453836441040039 40
      vertex -6.831790924072266 10.765180587768555 43
    endloop
  endfacet
  facet normal -0.42361246047938195 -0.7162893497717748 0.5545106407726833
    outer loop
      vertex -6.831790924072266 -10.765180587768555 43
      vertex -7.903444290161133 -12.453836441040039 40
      vertex -6.142358779907227 -11.1729097366333 43
    endloop
  endfacet
  facet normal 0.5100471325117683 0.6575483203735889 0.5545107113396412
    outer loop
      vertex 8.669832229614258 11.933000564575195 40
      vertex 7.494261741638184 10.314966201782227 43
      vertex 8.127155303955078 9.824043273925781 43
    endloop
  endfacet
  facet normal -0.6575483203735889 0.5100471325117683 0.5545107113396412
    outer loop
      vertex -9.824043273925781 8.127155303955078 43
      vertex -11.933000564575195 8.669832229614258 40
      vertex -10.314966201782227 7.494261741638184 43
    endloop
  endfacet
  facet normal 0.7414750285022506 0.37780001319424544 0.554510533838641
    outer loop
      vertex 12.925522804260254 7.105866432189941 40
      vertex 11.536544799804688 5.428685188293457 43
      vertex 13.346198081970215 6.280243873596191 40
    endloop
  endfacet
  facet normal -0.4677524003959262 0.6882772402526468 0.5545107144808378
    outer loop
      vertex -6.831790924072266 10.765180587768555 43
      vertex -8.669832229614258 11.933000564575195 40
      vertex -7.494261741638184 10.314966201782227 43
    endloop
  endfacet
  facet normal -0.7829790274436235 -0.2818896136731885 0.5545106746372138
    outer loop
      vertex -12.125969886779785 -3.9399662017822266 43
      vertex -14.028082847595215 -4.558000564575195 40
      vertex -13.714202880859375 -5.429836273193359 40
    endloop
  endfacet
  facet normal 0.6575483203735889 0.5100471325117683 0.5545107113396412
    outer loop
      vertex 11.933000564575195 8.669832229614258 40
      vertex 9.824043273925781 8.127155303955078 43
      vertex 10.314966201782227 7.494261741638184 43
    endloop
  endfacet
  facet normal 0.33049672089133003 0.7637341007484855 0.5545107220189531
    outer loop
      vertex 5.429836273193359 13.714202880859375 40
      vertex 4.693587303161621 11.854649543762207 43
      vertex 5.428685188293457 11.536544799804688 43
    endloop
  endfacet
  facet normal 0.7829790274436235 0.2818896136731885 0.5545106746372138
    outer loop
      vertex 13.714202880859375 5.429836273193359 40
      vertex 12.125969886779785 3.9399662017822266 43
      vertex 14.028082847595215 4.558000564575195 40
    endloop
  endfacet
  facet normal -0.2818896136731885 0.7829790274436235 0.5545106746372138
    outer loop
      vertex -4.558000564575195 14.028082847595215 40
      vertex -5.429836273193359 13.714202880859375 40
      vertex -3.9399662017822266 12.125969886779785 43
    endloop
  endfacet
  facet normal -0.7829789248609504 -0.2818898118430738 0.5545107187446122
    outer loop
      vertex -12.125969886779785 -3.9399662017822266 43
      vertex -13.714202880859375 -5.429836273193359 40
      vertex -11.854649543762207 -4.693587303161621 43
    endloop
  endfacet
  facet normal 0.8284833839618966 -0.07831449460435669 0.5545107054276852
    outer loop
      vertex 14.720893859863281 -0.9261598587036133 40
      vertex 12.72484016418457 -0.8005790710449219 43
      vertex 14.633691787719727 -1.8486642837524414 40
    endloop
  endfacet
  facet normal 0.7637341007484855 0.33049672089133003 0.5545107220189531
    outer loop
      vertex 13.714202880859375 5.429836273193359 40
      vertex 11.536544799804688 5.428685188293457 43
      vertex 11.854649543762207 4.693587303161621 43
    endloop
  endfacet
  facet normal 0.2818896136731885 0.7829790274436235 0.5545106746372138
    outer loop
      vertex 4.558000564575195 14.028082847595215 40
      vertex 3.9399662017822266 12.125969886779785 43
      vertex 5.429836273193359 13.714202880859375 40
    endloop
  endfacet
  facet normal 0.7162893500623 0.42361246010977066 0.5545106406797581
    outer loop
      vertex 12.453836441040039 7.903444290161133 40
      vertex 11.1729097366333 6.142358779907227 43
      vertex 12.925522804260254 7.105866432189941 40
    endloop
  endfacet
  facet normal 0.7162893497717748 0.42361246047938195 0.5545106407726833
    outer loop
      vertex 12.453836441040039 7.903444290161133 40
      vertex 10.765180587768555 6.831790924072266 43
      vertex 11.1729097366333 6.142358779907227 43
    endloop
  endfacet
  facet normal 0.7991339040183831 -0.23217003840707962 0.5545106642025858
    outer loop
      vertex 14.286601066589355 -3.66817569732666 40
      vertex 12.349434852600098 -3.170795440673828 43
      vertex 14.028082847595215 -4.558000564575195 40
    endloop
  endfacet
  facet normal 0.6882772402526468 -0.4677524003959262 0.5545107144808378
    outer loop
      vertex 10.765180587768555 -6.831790924072266 43
      vertex 10.314966201782227 -7.494261741638184 43
      vertex 11.933000564575195 -8.669832229614258 40
    endloop
  endfacet
  facet normal 0.33049765389509245 -0.7637338361784336 0.5545105303292382
    outer loop
      vertex 6.280243873596191 -13.346198081970215 40
      vertex 5.428685188293457 -11.536544799804688 43
      vertex 5.429836273193359 -13.714202880859375 40
    endloop
  endfacet
  facet normal 0.8284833110685796 -0.07831481113772032 0.554510769631489
    outer loop
      vertex 12.72484016418457 -0.8005790710449219 43
      vertex 12.64946174621582 -1.5979986190795898 43
      vertex 14.633691787719727 -1.8486642837524414 40
    endloop
  endfacet
  facet normal -0.7414747237249876 0.37780045551642105 0.5545106400138217
    outer loop
      vertex -11.1729097366333 6.142358779907227 43
      vertex -12.925522804260254 7.105866432189941 40
      vertex -11.536544799804688 5.428685188293457 43
    endloop
  endfacet
  facet normal 0.46775214166866685 0.6882774713243723 0.554510645913767
    outer loop
      vertex 7.903444290161133 12.453836441040039 40
      vertex 6.831790924072266 10.765180587768555 43
      vertex 8.669832229614258 11.933000564575195 40
    endloop
  endfacet
  facet normal 0.8121352443846266 0.18153348356599422 0.5545105401818056
    outer loop
      vertex 14.286601066589355 3.66817569732666 40
      vertex 12.524162292480469 2.3891115188598633 43
      vertex 14.488736152648926 2.763874053955078 40
    endloop
  endfacet
  facet normal 0.8121350243525652 0.18153408261616807 0.5545106663253329
    outer loop
      vertex 14.286601066589355 3.66817569732666 40
      vertex 12.349434852600098 3.170795440673828 43
      vertex 12.524162292480469 2.3891115188598633 43
    endloop
  endfacet
  facet normal 0.13018168406780298 0.8219311315637564 0.5545105446243503
    outer loop
      vertex 2.763874053955078 14.488736152648926 40
      vertex 1.8486642837524414 14.633691787719727 40
      vertex 2.3891115188598633 12.524162292480469 43
    endloop
  endfacet
  facet normal -0.6242249154932644 0.5503281711461511 0.5545107383273653
    outer loop
      vertex -9.294349670410156 8.727974891662598 43
      vertex -10.752286911010742 10.09706974029541 40
      vertex -9.824043273925781 8.127155303955078 43
    endloop
  endfacet
  facet normal 0.18153408261616807 0.8121350243525652 0.5545106663253329
    outer loop
      vertex 3.66817569732666 14.286601066589355 40
      vertex 2.3891115188598633 12.524162292480469 43
      vertex 3.170795440673828 12.349434852600098 43
    endloop
  endfacet
  facet normal -0.5503277719083741 -0.6242253742515829 0.5545106181191086
    outer loop
      vertex -8.127155303955078 -9.824043273925781 43
      vertex -10.09706974029541 -10.752286911010742 40
      vertex -9.402003288269043 -11.365069389343262 40
    endloop
  endfacet
  facet normal -0.7637341007484855 0.33049672089133003 0.5545107220189531
    outer loop
      vertex -11.536544799804688 5.428685188293457 43
      vertex -13.714202880859375 5.429836273193359 40
      vertex -11.854649543762207 4.693587303161621 43
    endloop
  endfacet
  facet normal 0.37780045551642105 0.7414747237249876 0.5545106400138217
    outer loop
      vertex 7.105866432189941 12.925522804260254 40
      vertex 5.428685188293457 11.536544799804688 43
      vertex 6.142358779907227 11.1729097366333 43
    endloop
  endfacet
  facet normal -0.6882774713243723 -0.46775214166866685 0.554510645913767
    outer loop
      vertex -10.765180587768555 -6.831790924072266 43
      vertex -12.453836441040039 -7.903444290161133 40
      vertex -11.933000564575195 -8.669832229614258 40
    endloop
  endfacet
  facet normal -0.8317659350068418 -0.026139946844132834 0.5545107145413692
    outer loop
      vertex -12.75 0 43
      vertex -14.720893859863281 -0.9261598587036133 40
      vertex -12.72484016418457 -0.8005790710449219 43
    endloop
  endfacet
  facet normal 0.23217003840707962 -0.7991339040183831 0.5545106642025858
    outer loop
      vertex 4.558000564575195 -14.028082847595215 40
      vertex 3.170795440673828 -12.349434852600098 43
      vertex 3.66817569732666 -14.286601066589355 40
    endloop
  endfacet
  facet normal 0.42361246047938195 0.7162893497717748 0.5545106407726833
    outer loop
      vertex 7.903444290161133 12.453836441040039 40
      vertex 6.142358779907227 11.1729097366333 43
      vertex 6.831790924072266 10.765180587768555 43
    endloop
  endfacet
  facet normal -0.8317659834951737 0.026139652943341033 0.5545106556634491
    outer loop
      vertex -14.720893859863281 0.9261598587036133 40
      vertex -14.75 0 40
      vertex -12.75 0 43
    endloop
  endfacet
  facet normal 0.18153348356599422 0.8121352443846266 0.5545105401818056
    outer loop
      vertex 2.763874053955078 14.488736152648926 40
      vertex 2.3891115188598633 12.524162292480469 43
      vertex 3.66817569732666 14.286601066589355 40
    endloop
  endfacet
  facet normal 0.7829790274436235 -0.2818896136731885 0.5545106746372138
    outer loop
      vertex 14.028082847595215 -4.558000564575195 40
      vertex 12.125969886779785 -3.9399662017822266 43
      vertex 13.714202880859375 -5.429836273193359 40
    endloop
  endfacet
  facet normal 0.7991338911255226 0.23217006768286577 0.5545106705255678
    outer loop
      vertex 14.028082847595215 4.558000564575195 40
      vertex 12.125969886779785 3.9399662017822266 43
      vertex 12.349434852600098 3.170795440673828 43
    endloop
  endfacet
  facet normal -0.026139652943341033 -0.8317659834951737 0.5545106556634491
    outer loop
      vertex 0 -12.75 43
      vertex -0.9261598587036133 -14.720893859863281 40
      vertex 0 -14.75 40
    endloop
  endfacet
  facet normal 0.13018168406780298 -0.8219311315637564 0.5545105446243503
    outer loop
      vertex 2.3891115188598633 -12.524162292480469 43
      vertex 1.8486642837524414 -14.633691787719727 40
      vertex 2.763874053955078 -14.488736152648926 40
    endloop
  endfacet
  facet normal 0.6242249154932644 -0.5503281711461511 0.5545107383273653
    outer loop
      vertex 9.824043273925781 -8.127155303955078 43
      vertex 9.294349670410156 -8.727974891662598 43
      vertex 10.752286911010742 -10.09706974029541 40
    endloop
  endfacet
  facet normal -0.7991338911255226 0.23217006768286577 0.5545106705255678
    outer loop
      vertex -12.125969886779785 3.9399662017822266 43
      vertex -14.028082847595215 4.558000564575195 40
      vertex -12.349434852600098 3.170795440673828 43
    endloop
  endfacet
  facet normal 0.6882772402526468 0.4677524003959262 0.5545107144808378
    outer loop
      vertex 11.933000564575195 8.669832229614258 40
      vertex 10.314966201782227 7.494261741638184 43
      vertex 10.765180587768555 6.831790924072266 43
    endloop
  endfacet
  facet normal 0.07831481113772032 0.8284833110685796 0.554510769631489
    outer loop
      vertex 1.8486642837524414 14.633691787719727 40
      vertex 0.8005790710449219 12.72484016418457 43
      vertex 1.5979986190795898 12.64946174621582 43
    endloop
  endfacet
  facet normal -0.8219311315637564 -0.13018168406780298 0.5545105446243503
    outer loop
      vertex -12.524162292480469 -2.3891115188598633 43
      vertex -14.633691787719727 -1.8486642837524414 40
      vertex -14.488736152648926 -2.763874053955078 40
    endloop
  endfacet
  facet normal -0.37780045551642105 0.7414747237249876 0.5545106400138217
    outer loop
      vertex -5.428685188293457 11.536544799804688 43
      vertex -7.105866432189941 12.925522804260254 40
      vertex -6.142358779907227 11.1729097366333 43
    endloop
  endfacet
  facet normal -0.13018168406780298 0.8219311315637564 0.5545105446243503
    outer loop
      vertex -1.8486642837524414 14.633691787719727 40
      vertex -2.763874053955078 14.488736152648926 40
      vertex -2.3891115188598633 12.524162292480469 43
    endloop
  endfacet
  facet normal 0.7414747237249876 0.37780045551642105 0.5545106400138217
    outer loop
      vertex 12.925522804260254 7.105866432189941 40
      vertex 11.1729097366333 6.142358779907227 43
      vertex 11.536544799804688 5.428685188293457 43
    endloop
  endfacet
  facet normal 0.8121352443846266 -0.18153348356599422 0.5545105401818056
    outer loop
      vertex 14.488736152648926 -2.763874053955078 40
      vertex 12.524162292480469 -2.3891115188598633 43
      vertex 14.286601066589355 -3.66817569732666 40
    endloop
  endfacet
  facet normal -0.13018168406780298 -0.8219311315637564 0.5545105446243503
    outer loop
      vertex -2.3891115188598633 -12.524162292480469 43
      vertex -2.763874053955078 -14.488736152648926 40
      vertex -1.8486642837524414 -14.633691787719727 40
    endloop
  endfacet
  facet normal -0.6242253742515829 0.5503277719083741 0.5545106181191086
    outer loop
      vertex -10.752286911010742 10.09706974029541 40
      vertex -11.365069389343262 9.402003288269043 40
      vertex -9.824043273925781 8.127155303955078 43
    endloop
  endfacet
  facet normal -0.8219311594992278 0.13018056629075508 0.5545107656344223
    outer loop
      vertex -12.524162292480469 2.3891115188598633 43
      vertex -14.633691787719727 1.8486642837524414 40
      vertex -12.64946174621582 1.5979986190795898 43
    endloop
  endfacet
  facet normal -0.5503281711461511 0.6242249154932644 0.5545107383273653
    outer loop
      vertex -8.127155303955078 9.824043273925781 43
      vertex -10.09706974029541 10.752286911010742 40
      vertex -8.727974891662598 9.294349670410156 43
    endloop
  endfacet
  facet normal -0.5100471325117683 0.6575483203735889 0.5545107113396412
    outer loop
      vertex -7.494261741638184 10.314966201782227 43
      vertex -8.669832229614258 11.933000564575195 40
      vertex -8.127155303955078 9.824043273925781 43
    endloop
  endfacet
  facet normal -0.33049672089133003 0.7637341007484855 0.5545107220189531
    outer loop
      vertex -4.693587303161621 11.854649543762207 43
      vertex -5.429836273193359 13.714202880859375 40
      vertex -5.428685188293457 11.536544799804688 43
    endloop
  endfacet
  facet normal -0.7414750285022506 -0.37780001319424544 0.554510533838641
    outer loop
      vertex -11.536544799804688 -5.428685188293457 43
      vertex -13.346198081970215 -6.280243873596191 40
      vertex -12.925522804260254 -7.105866432189941 40
    endloop
  endfacet
  facet normal 0.8284833110685796 0.07831481113772032 0.554510769631489
    outer loop
      vertex 14.633691787719727 1.8486642837524414 40
      vertex 12.64946174621582 1.5979986190795898 43
      vertex 12.72484016418457 0.8005790710449219 43
    endloop
  endfacet
  facet normal 0.8317659834951737 -0.026139652943341033 0.5545106556634491
    outer loop
      vertex 14.75 0 40
      vertex 12.75 0 43
      vertex 14.720893859863281 -0.9261598587036133 40
    endloop
  endfacet
  facet normal -0.026139652943341033 0.8317659834951737 0.5545106556634491
    outer loop
      vertex 0 14.75 40
      vertex -0.9261598587036133 14.720893859863281 40
      vertex 0 12.75 43
    endloop
  endfacet
  facet normal 0.026139652943341033 -0.8317659834951737 0.5545106556634491
    outer loop
      vertex 0 -12.75 43
      vertex 0 -14.75 40
      vertex 0.9261598587036133 -14.720893859863281 40
    endloop
  endfacet
  facet normal 0.42361246047938195 -0.7162893497717748 0.5545106407726833
    outer loop
      vertex 6.831790924072266 -10.765180587768555 43
      vertex 6.142358779907227 -11.1729097366333 43
      vertex 7.903444290161133 -12.453836441040039 40
    endloop
  endfacet
  facet normal -0.7414750285022506 0.37780001319424544 0.554510533838641
    outer loop
      vertex -12.925522804260254 7.105866432189941 40
      vertex -13.346198081970215 6.280243873596191 40
      vertex -11.536544799804688 5.428685188293457 43
    endloop
  endfacet
  facet normal 0.8219311315637564 -0.13018168406780298 0.5545105446243503
    outer loop
      vertex 14.633691787719727 -1.8486642837524414 40
      vertex 12.524162292480469 -2.3891115188598633 43
      vertex 14.488736152648926 -2.763874053955078 40
    endloop
  endfacet
  facet normal 0.7829789248609504 0.2818898118430738 0.5545107187446122
    outer loop
      vertex 13.714202880859375 5.429836273193359 40
      vertex 11.854649543762207 4.693587303161621 43
      vertex 12.125969886779785 3.9399662017822266 43
    endloop
  endfacet
  facet normal -0.18153348356599422 -0.8121352443846266 0.5545105401818056
    outer loop
      vertex -2.3891115188598633 -12.524162292480469 43
      vertex -3.66817569732666 -14.286601066589355 40
      vertex -2.763874053955078 -14.488736152648926 40
    endloop
  endfacet
  facet normal 0 0 1
    outer loop
      vertex 2.1499996185302734 0 43
      vertex 12.75 0 43
      vertex 12.72484016418457 0.8005790710449219 43
    endloop
  endfacet
  facet normal 0 0 1
    outer loop
      vertex 2.145756721496582 0.13499927520751953 43
      vertex 12.72484016418457 0.8005790710449219 43
      vertex 12.64946174621582 1.5979986190795898 43
    endloop
  endfacet
  facet normal 0 0 1
    outer loop
      vertex 12.75 0 43
      vertex 2.1499996185302734 0 43
      vertex 12.72484016418457 -0.8005790710449219 43
    endloop
  endfacet
  facet normal 0 0 1
    outer loop
      vertex 2.1330461502075195 0.2694664001464844 43
      vertex 12.64946174621582 1.5979986190795898 43
      vertex 12.524162292480469 2.3891115188598633 43
    endloop
  endfacet
  facet normal 0 0 1
    outer loop
      vertex 2.145756721496582 -0.13499927520751953 43
      vertex 12.72484016418457 -0.8005790710449219 43
      vertex 2.1499996185302734 0 43
    endloop
  endfacet
  facet normal 0 0 1
    outer loop
      vertex 2.111917495727539 0.40286922454833984 43
      vertex 12.524162292480469 2.3891115188598633 43
      vertex 12.349434852600098 3.170795440673828 43
    endloop
  endfacet
  facet normal 0 0 1
    outer loop
      vertex 12.72484016418457 -0.8005790710449219 43
      vertex 2.145756721496582 -0.13499927520751953 43
      vertex 12.64946174621582 -1.5979986190795898 43
    endloop
  endfacet
  facet normal 0 0 1
    outer loop
      vertex 2.082453727722168 0.5346832275390625 43
      vertex 12.349434852600098 3.170795440673828 43
      vertex 12.125969886779785 3.9399662017822266 43
    endloop
  endfacet
  facet normal 0 0 1
    outer loop
      vertex 2.1330461502075195 -0.2694664001464844 43
      vertex 12.64946174621582 -1.5979986190795898 43
      vertex 2.145756721496582 -0.13499927520751953 43
    endloop
  endfacet
  facet normal 0 0 1
    outer loop
      vertex 2.044771194458008 0.6643857955932617 43
      vertex 12.125969886779785 3.9399662017822266 43
      vertex 11.854649543762207 4.693587303161621 43
    endloop
  endfacet
  facet normal 0 0 1
    outer loop
      vertex 12.64946174621582 -1.5979986190795898 43
      vertex 2.1330461502075195 -0.2694664001464844 43
      vertex 12.524162292480469 -2.3891115188598633 43
    endloop
  endfacet
  facet normal 0 0 1
    outer loop
      vertex 1.999018669128418 0.7914676666259766 43
      vertex 11.854649543762207 4.693587303161621 43
      vertex 11.536544799804688 5.428685188293457 43
    endloop
  endfacet
  facet normal 0 0 1
    outer loop
      vertex 2.111917495727539 -0.40286922454833984 43
      vertex 12.524162292480469 -2.3891115188598633 43
      vertex 2.1330461502075195 -0.2694664001464844 43
    endloop
  endfacet
  facet normal 0 0 1
    outer loop
      vertex 1.9453773498535156 0.9154253005981445 43
      vertex 11.536544799804688 5.428685188293457 43
      vertex 11.1729097366333 6.142358779907227 43
    endloop
  endfacet
  facet normal 0 0 1
    outer loop
      vertex 12.524162292480469 -2.3891115188598633 43
      vertex 2.111917495727539 -0.40286922454833984 43
      vertex 12.349434852600098 -3.170795440673828 43
    endloop
  endfacet
  facet normal 0 0 1
    outer loop
      vertex 1.884058952331543 1.0357694625854492 43
      vertex 11.1729097366333 6.142358779907227 43
      vertex 10.765180587768555 6.831790924072266 43
    endloop
  endfacet
  facet normal 0 0 1
    outer loop
      vertex 2.082453727722168 -0.5346832275390625 43
      vertex 12.349434852600098 -3.170795440673828 43
      vertex 2.111917495727539 -0.40286922454833984 43
    endloop
  endfacet
  facet normal 0 0 1
    outer loop
      vertex 1.8153047561645508 1.1520271301269531 43
      vertex 10.765180587768555 6.831790924072266 43
      vertex 10.314966201782227 7.494261741638184 43
    endloop
  endfacet
  facet normal 0 0 1
    outer loop
      vertex 12.349434852600098 -3.170795440673828 43
      vertex 2.082453727722168 -0.5346832275390625 43
      vertex 12.125969886779785 -3.9399662017822266 43
    endloop
  endfacet
  facet normal 0 0 1
    outer loop
      vertex 1.7393856048583984 1.263737678527832 43
      vertex 10.314966201782227 7.494261741638184 43
      vertex 9.824043273925781 8.127155303955078 43
    endloop
  endfacet
  facet normal 0 0 1
    outer loop
      vertex 2.044771194458008 -0.6643857955932617 43
      vertex 12.125969886779785 -3.9399662017822266 43
      vertex 2.082453727722168 -0.5346832275390625 43
    endloop
  endfacet
  facet normal 0 0 1
    outer loop
      vertex 1.6566028594970703 1.3704614639282227 43
      vertex 9.824043273925781 8.127155303955078 43
      vertex 9.294349670410156 8.727974891662598 43
    endloop
  endfacet
  facet normal 0 0 1
    outer loop
      vertex 12.125969886779785 -3.9399662017822266 43
      vertex 2.044771194458008 -0.6643857955932617 43
      vertex 11.854649543762207 -4.693587303161621 43
    endloop
  endfacet
  facet normal 0 0 1
    outer loop
      vertex 1.567281723022461 1.471776008605957 43
      vertex 9.294349670410156 8.727974891662598 43
      vertex 8.727974891662598 9.294349670410156 43
    endloop
  endfacet
  facet normal 0 0 1
    outer loop
      vertex 1.999018669128418 -0.7914676666259766 43
      vertex 11.854649543762207 -4.693587303161621 43
      vertex 2.044771194458008 -0.6643857955932617 43
    endloop
  endfacet
  facet normal 0 0 1
    outer loop
      vertex 1.471776008605957 1.567281723022461 43
      vertex 8.727974891662598 9.294349670410156 43
      vertex 8.127155303955078 9.824043273925781 43
    endloop
  endfacet
  facet normal 0 0 1
    outer loop
      vertex 11.854649543762207 -4.693587303161621 43
      vertex 1.999018669128418 -0.7914676666259766 43
      vertex 11.536544799804688 -5.428685188293457 43
    endloop
  endfacet
  facet normal 0 0 1
    outer loop
      vertex 1.3704614639282227 1.6566028594970703 43
      vertex 8.127155303955078 9.824043273925781 43
      vertex 7.494261741638184 10.314966201782227 43
    endloop
  endfacet
  facet normal 0 0 1
    outer loop
      vertex 1.9453773498535156 -0.9154253005981445 43
      vertex 11.536544799804688 -5.428685188293457 43
      vertex 1.999018669128418 -0.7914676666259766 43
    endloop
  endfacet
  facet normal 0 0 1
    outer loop
      vertex 1.263737678527832 1.7393856048583984 43
      vertex 7.494261741638184 10.314966201782227 43
      vertex 6.831790924072266 10.765180587768555 43
    endloop
  endfacet
  facet normal 0 0 1
    outer loop
      vertex 11.536544799804688 -5.428685188293457 43
      vertex 1.9453773498535156 -0.9154253005981445 43
      vertex 11.1729097366333 -6.142358779907227 43
    endloop
  endfacet
  facet normal 0 0 1
    outer loop
      vertex 1.1520271301269531 1.8153047561645508 43
      vertex 6.831790924072266 10.765180587768555 43
      vertex 6.142358779907227 11.1729097366333 43
    endloop
  endfacet
  facet normal 0 0 1
    outer loop
      vertex 1.884058952331543 -1.0357694625854492 43
      vertex 11.1729097366333 -6.142358779907227 43
      vertex 1.9453773498535156 -0.9154253005981445 43
    endloop
  endfacet
  facet normal 0 0 1
    outer loop
      vertex 1.0357694625854492 1.884058952331543 43
      vertex 6.142358779907227 11.1729097366333 43
      vertex 5.428685188293457 11.536544799804688 43
    endloop
  endfacet
  facet normal 0 0 1
    outer loop
      vertex 11.1729097366333 -6.142358779907227 43
      vertex 1.884058952331543 -1.0357694625854492 43
      vertex 10.765180587768555 -6.831790924072266 43
    endloop
  endfacet
  facet normal 0 0 1
    outer loop
      vertex 0.9154253005981445 1.9453773498535156 43
      vertex 5.428685188293457 11.536544799804688 43
      vertex 4.693587303161621 11.854649543762207 43
    endloop
  endfacet
  facet normal 0 0 1
    outer loop
      vertex 1.8153047561645508 -1.1520271301269531 43
      vertex 10.765180587768555 -6.831790924072266 43
      vertex 1.884058952331543 -1.0357694625854492 43
    endloop
  endfacet
  facet normal 0 0 1
    outer loop
      vertex 0.7914676666259766 1.999018669128418 43
      vertex 4.693587303161621 11.854649543762207 43
      vertex 3.9399662017822266 12.125969886779785 43
    endloop
  endfacet
  facet normal 0 0 1
    outer loop
      vertex 10.765180587768555 -6.831790924072266 43
      vertex 1.8153047561645508 -1.1520271301269531 43
      vertex 10.314966201782227 -7.494261741638184 43
    endloop
  endfacet
  facet normal 0 0 1
    outer loop
      vertex 0.6643857955932617 2.044771194458008 43
      vertex 3.9399662017822266 12.125969886779785 43
      vertex 3.170795440673828 12.349434852600098 43
    endloop
  endfacet
  facet normal 0 0 1
    outer loop
      vertex 1.7393856048583984 -1.263737678527832 43
      vertex 10.314966201782227 -7.494261741638184 43
      vertex 1.8153047561645508 -1.1520271301269531 43
    endloop
  endfacet
  facet normal 0 0 1
    outer loop
      vertex 0.5346832275390625 2.082453727722168 43
      vertex 3.170795440673828 12.349434852600098 43
      vertex 2.3891115188598633 12.524162292480469 43
    endloop
  endfacet
  facet normal 0 0 1
    outer loop
      vertex 10.314966201782227 -7.494261741638184 43
      vertex 1.7393856048583984 -1.263737678527832 43
      vertex 9.824043273925781 -8.127155303955078 43
    endloop
  endfacet
  facet normal 0 0 1
    outer loop
      vertex 1.6566028594970703 -1.3704614639282227 43
      vertex 9.824043273925781 -8.127155303955078 43
      vertex 1.7393856048583984 -1.263737678527832 43
    endloop
  endfacet
  facet normal 0 0 1
    outer loop
      vertex 12.72484016418457 0.8005790710449219 43
      vertex 2.145756721496582 0.13499927520751953 43
      vertex 2.1499996185302734 0 43
    endloop
  endfacet
  facet normal 0 0 1
    outer loop
      vertex 12.64946174621582 1.5979986190795898 43
      vertex 2.1330461502075195 0.2694664001464844 43
      vertex 2.145756721496582 0.13499927520751953 43
    endloop
  endfacet
  facet normal 0 0 1
    outer loop
      vertex 12.524162292480469 2.3891115188598633 43
      vertex 2.111917495727539 0.40286922454833984 43
      vertex 2.1330461502075195 0.2694664001464844 43
    endloop
  endfacet
  facet normal 0 0 1
    outer loop
      vertex 12.349434852600098 3.170795440673828 43
      vertex 2.082453727722168 0.5346832275390625 43
      vertex 2.111917495727539 0.40286922454833984 43
    endloop
  endfacet
  facet normal 0 0 1
    outer loop
      vertex 12.125969886779785 3.9399662017822266 43
      vertex 2.044771194458008 0.6643857955932617 43
      vertex 2.082453727722168 0.5346832275390625 43
    endloop
  endfacet
  facet normal 0 0 1
    outer loop
      vertex 11.854649543762207 4.693587303161621 43
      vertex 1.999018669128418 0.7914676666259766 43
      vertex 2.044771194458008 0.6643857955932617 43
    endloop
  endfacet
  facet normal 0 0 1
    outer loop
      vertex 11.536544799804688 5.428685188293457 43
      vertex 1.9453773498535156 0.9154253005981445 43
      vertex 1.999018669128418 0.7914676666259766 43
    endloop
  endfacet
  facet normal 0 0 1
    outer loop
      vertex 11.1729097366333 6.142358779907227 43
      vertex 1.884058952331543 1.0357694625854492 43
      vertex 1.9453773498535156 0.9154253005981445 43
    endloop
  endfacet
  facet normal 0 0 1
    outer loop
      vertex 10.765180587768555 6.831790924072266 43
      vertex 1.8153047561645508 1.1520271301269531 43
      vertex 1.884058952331543 1.0357694625854492 43
    endloop
  endfacet
  facet normal 0 0 1
    outer loop
      vertex 10.314966201782227 7.494261741638184 43
      vertex 1.7393856048583984 1.263737678527832 43
      vertex 1.8153047561645508 1.1520271301269531 43
    endloop
  endfacet
  facet normal 0 0 1
    outer loop
      vertex 9.824043273925781 8.127155303955078 43
      vertex 1.6566028594970703 1.3704614639282227 43
      vertex 1.7393856048583984 1.263737678527832 43
    endloop
  endfacet
  facet normal 0 0 1
    outer loop
      vertex 0.40286922454833984 2.111917495727539 43
      vertex 2.3891115188598633 12.524162292480469 43
      vertex 1.5979986190795898 12.64946174621582 43
    endloop
  endfacet
  facet normal 0 0 1
    outer loop
      vertex 9.294349670410156 8.727974891662598 43
      vertex 1.567281723022461 1.471776008605957 43
      vertex 1.6566028594970703 1.3704614639282227 43
    endloop
  endfacet
  facet normal 0 0 1
    outer loop
      vertex 8.727974891662598 9.294349670410156 43
      vertex 1.471776008605957 1.567281723022461 43
      vertex 1.567281723022461 1.471776008605957 43
    endloop
  endfacet
  facet normal 0 0 1
    outer loop
      vertex 8.127155303955078 9.824043273925781 43
      vertex 1.3704614639282227 1.6566028594970703 43
      vertex 1.471776008605957 1.567281723022461 43
    endloop
  endfacet
  facet normal 0 0 1
    outer loop
      vertex 7.494261741638184 10.314966201782227 43
      vertex 1.263737678527832 1.7393856048583984 43
      vertex 1.3704614639282227 1.6566028594970703 43
    endloop
  endfacet
  facet normal 0 0 1
    outer loop
      vertex 6.831790924072266 10.765180587768555 43
      vertex 1.1520271301269531 1.8153047561645508 43
      vertex 1.263737678527832 1.7393856048583984 43
    endloop
  endfacet
  facet normal 0 0 1
    outer loop
      vertex 6.142358779907227 11.1729097366333 43
      vertex 1.0357694625854492 1.884058952331543 43
      vertex 1.1520271301269531 1.8153047561645508 43
    endloop
  endfacet
  facet normal 0 0 1
    outer loop
      vertex 5.428685188293457 11.536544799804688 43
      vertex 0.9154253005981445 1.9453773498535156 43
      vertex 1.0357694625854492 1.884058952331543 43
    endloop
  endfacet
  facet normal 0 0 1
    outer loop
      vertex 0.2694664001464844 2.1330461502075195 43
      vertex 1.5979986190795898 12.64946174621582 43
      vertex 0.8005790710449219 12.72484016418457 43
    endloop
  endfacet
  facet normal 0 0 1
    outer loop
      vertex 4.693587303161621 11.854649543762207 43
      vertex 0.7914676666259766 1.999018669128418 43
      vertex 0.9154253005981445 1.9453773498535156 43
    endloop
  endfacet
  facet normal 0 0 1
    outer loop
      vertex 3.9399662017822266 12.125969886779785 43
      vertex 0.6643857955932617 2.044771194458008 43
      vertex 0.7914676666259766 1.999018669128418 43
    endloop
  endfacet
  facet normal 0 0 1
    outer loop
      vertex 3.170795440673828 12.349434852600098 43
      vertex 0.5346832275390625 2.082453727722168 43
      vertex 0.6643857955932617 2.044771194458008 43
    endloop
  endfacet
  facet normal 0 0 1
    outer loop
      vertex 2.3891115188598633 12.524162292480469 43
      vertex 0.40286922454833984 2.111917495727539 43
      vertex 0.5346832275390625 2.082453727722168 43
    endloop
  endfacet
  facet normal 0 0 1
    outer loop
      vertex 1.5979986190795898 12.64946174621582 43
      vertex 0.2694664001464844 2.1330461502075195 43
      vertex 0.40286922454833984 2.111917495727539 43
    endloop
  endfacet
  facet normal 0 0 1
    outer loop
      vertex 0.8005790710449219 12.72484016418457 43
      vertex 0.13499927520751953 2.145756721496582 43
      vertex 0.2694664001464844 2.1330461502075195 43
    endloop
  endfacet
  facet normal 0 0 1
    outer loop
      vertex 0 12.75 43
      vertex 0.13499927520751953 2.145756721496582 43
      vertex 0.8005790710449219 12.72484016418457 43
    endloop
  endfacet
  facet normal 0 0 1
    outer loop
      vertex 0 12.75 43
      vertex 0 2.1499996185302734 43
      vertex 0.13499927520751953 2.145756721496582 43
    endloop
  endfacet
  facet normal 0 0 1
    outer loop
      vertex 0 12.75 43
      vertex -0.13499927520751953 2.145756721496582 43
      vertex 0 2.1499996185302734 43
    endloop
  endfacet
  facet normal 0 0 1
    outer loop
      vertex -0.8005790710449219 12.72484016418457 43
      vertex -0.13499927520751953 2.145756721496582 43
      vertex 0 12.75 43
    endloop
  endfacet
  facet normal 0 0 1
    outer loop
      vertex -0.13499927520751953 2.145756721496582 43
      vertex -0.8005790710449219 12.72484016418457 43
      vertex -0.2694664001464844 2.1330461502075195 43
    endloop
  endfacet
  facet normal 0 0 1
    outer loop
      vertex -1.5979986190795898 12.64946174621582 43
      vertex -0.2694664001464844 2.1330461502075195 43
      vertex -0.8005790710449219 12.72484016418457 43
    endloop
  endfacet
  facet normal 0 0 1
    outer loop
      vertex -0.2694664001464844 2.1330461502075195 43
      vertex -1.5979986190795898 12.64946174621582 43
      vertex -0.40286922454833984 2.111917495727539 43
    endloop
  endfacet
  facet normal 0 0 1
    outer loop
      vertex -2.3891115188598633 12.524162292480469 43
      vertex -0.40286922454833984 2.111917495727539 43
      vertex -1.5979986190795898 12.64946174621582 43
    endloop
  endfacet
  facet normal 0 0 1
    outer loop
      vertex -0.40286922454833984 2.111917495727539 43
      vertex -2.3891115188598633 12.524162292480469 43
      vertex -0.5346832275390625 2.082453727722168 43
    endloop
  endfacet
  facet normal 0 0 1
    outer loop
      vertex -3.170795440673828 12.349434852600098 43
      vertex -0.5346832275390625 2.082453727722168 43
      vertex -2.3891115188598633 12.524162292480469 43
    endloop
  endfacet
  facet normal 0 0 1
    outer loop
      vertex -0.5346832275390625 2.082453727722168 43
      vertex -3.170795440673828 12.349434852600098 43
      vertex -0.6643857955932617 2.044771194458008 43
    endloop
  endfacet
  facet normal 0 0 1
    outer loop
      vertex -3.9399662017822266 12.125969886779785 43
      vertex -0.6643857955932617 2.044771194458008 43
      vertex -3.170795440673828 12.349434852600098 43
    endloop
  endfacet
  facet normal 0 0 1
    outer loop
      vertex -0.6643857955932617 2.044771194458008 43
      vertex -3.9399662017822266 12.125969886779785 43
      vertex -0.7914676666259766 1.999018669128418 43
    endloop
  endfacet
  facet normal 0 0 1
    outer loop
      vertex -4.693587303161621 11.854649543762207 43
      vertex -0.7914676666259766 1.999018669128418 43
      vertex -3.9399662017822266 12.125969886779785 43
    endloop
  endfacet
  facet normal 0 0 1
    outer loop
      vertex -0.7914676666259766 1.999018669128418 43
      vertex -4.693587303161621 11.854649543762207 43
      vertex -0.9154253005981445 1.9453773498535156 43
    endloop
  endfacet
  facet normal 0 0 1
    outer loop
      vertex -5.428685188293457 11.536544799804688 43
      vertex -0.9154253005981445 1.9453773498535156 43
      vertex -4.693587303161621 11.854649543762207 43
    endloop
  endfacet
  facet normal 0 0 1
    outer loop
      vertex -0.9154253005981445 1.9453773498535156 43
      vertex -5.428685188293457 11.536544799804688 43
      vertex -1.0357694625854492 1.884058952331543 43
    endloop
  endfacet
  facet normal 0 0 1
    outer loop
      vertex -6.142358779907227 11.1729097366333 43
      vertex -1.0357694625854492 1.884058952331543 43
      vertex -5.428685188293457 11.536544799804688 43
    endloop
  endfacet
  facet normal 0 0 1
    outer loop
      vertex -1.0357694625854492 1.884058952331543 43
      vertex -6.142358779907227 11.1729097366333 43
      vertex -1.1520271301269531 1.8153047561645508 43
    endloop
  endfacet
  facet normal 0 0 1
    outer loop
      vertex -6.831790924072266 10.765180587768555 43
      vertex -1.1520271301269531 1.8153047561645508 43
      vertex -6.142358779907227 11.1729097366333 43
    endloop
  endfacet
  facet normal 0 0 1
    outer loop
      vertex -1.1520271301269531 1.8153047561645508 43
      vertex -6.831790924072266 10.765180587768555 43
      vertex -1.263737678527832 1.7393856048583984 43
    endloop
  endfacet
  facet normal 0 0 1
    outer loop
      vertex -7.494261741638184 10.314966201782227 43
      vertex -1.263737678527832 1.7393856048583984 43
      vertex -6.831790924072266 10.765180587768555 43
    endloop
  endfacet
  facet normal 0 0 1
    outer loop
      vertex -1.263737678527832 1.7393856048583984 43
      vertex -7.494261741638184 10.314966201782227 43
      vertex -1.3704614639282227 1.6566028594970703 43
    endloop
  endfacet
  facet normal 0 0 1
    outer loop
      vertex -8.127155303955078 9.824043273925781 43
      vertex -1.3704614639282227 1.6566028594970703 43
      vertex -7.494261741638184 10.314966201782227 43
    endloop
  endfacet
  facet normal 0 0 1
    outer loop
      vertex -1.3704614639282227 1.6566028594970703 43
      vertex -8.127155303955078 9.824043273925781 43
      vertex -1.471776008605957 1.567281723022461 43
    endloop
  endfacet
  facet normal 0 0 1
    outer loop
      vertex -8.727974891662598 9.294349670410156 43
      vertex -1.471776008605957 1.567281723022461 43
      vertex -8.127155303955078 9.824043273925781 43
    endloop
  endfacet
  facet normal 0 0 1
    outer loop
      vertex -1.471776008605957 1.567281723022461 43
      vertex -8.727974891662598 9.294349670410156 43
      vertex -1.567281723022461 1.471776008605957 43
    endloop
  endfacet
  facet normal 0 0 1
    outer loop
      vertex -9.294349670410156 8.727974891662598 43
      vertex -1.567281723022461 1.471776008605957 43
      vertex -8.727974891662598 9.294349670410156 43
    endloop
  endfacet
  facet normal 0 0 1
    outer loop
      vertex -9.824043273925781 8.127155303955078 43
      vertex -1.6566028594970703 1.3704614639282227 43
      vertex -9.294349670410156 8.727974891662598 43
    endloop
  endfacet
  facet normal 0 0 1
    outer loop
      vertex -1.567281723022461 1.471776008605957 43
      vertex -9.294349670410156 8.727974891662598 43
      vertex -1.6566028594970703 1.3704614639282227 43
    endloop
  endfacet
  facet normal 0 0 1
    outer loop
      vertex 9.824043273925781 -8.127155303955078 43
      vertex 1.6566028594970703 -1.3704614639282227 43
      vertex 9.294349670410156 -8.727974891662598 43
    endloop
  endfacet
  facet normal 0 0 1
    outer loop
      vertex 1.567281723022461 -1.471776008605957 43
      vertex 9.294349670410156 -8.727974891662598 43
      vertex 1.6566028594970703 -1.3704614639282227 43
    endloop
  endfacet
  facet normal 0 0 1
    outer loop
      vertex 9.294349670410156 -8.727974891662598 43
      vertex 1.567281723022461 -1.471776008605957 43
      vertex 8.727974891662598 -9.294349670410156 43
    endloop
  endfacet
  facet normal 0 0 1
    outer loop
      vertex 1.471776008605957 -1.567281723022461 43
      vertex 8.727974891662598 -9.294349670410156 43
      vertex 1.567281723022461 -1.471776008605957 43
    endloop
  endfacet
  facet normal 0 0 1
    outer loop
      vertex 8.727974891662598 -9.294349670410156 43
      vertex 1.471776008605957 -1.567281723022461 43
      vertex 8.127155303955078 -9.824043273925781 43
    endloop
  endfacet
  facet normal 0 0 1
    outer loop
      vertex 1.3704614639282227 -1.6566028594970703 43
      vertex 8.127155303955078 -9.824043273925781 43
      vertex 1.471776008605957 -1.567281723022461 43
    endloop
  endfacet
  facet normal 0 0 1
    outer loop
      vertex 8.127155303955078 -9.824043273925781 43
      vertex 1.3704614639282227 -1.6566028594970703 43
      vertex 7.494261741638184 -10.314966201782227 43
    endloop
  endfacet
  facet normal 0 0 1
    outer loop
      vertex 1.263737678527832 -1.7393856048583984 43
      vertex 7.494261741638184 -10.314966201782227 43
      vertex 1.3704614639282227 -1.6566028594970703 43
    endloop
  endfacet
  facet normal 0 0 1
    outer loop
      vertex 7.494261741638184 -10.314966201782227 43
      vertex 1.263737678527832 -1.7393856048583984 43
      vertex 6.831790924072266 -10.765180587768555 43
    endloop
  endfacet
  facet normal 0 0 1
    outer loop
      vertex 1.1520271301269531 -1.8153047561645508 43
      vertex 6.831790924072266 -10.765180587768555 43
      vertex 1.263737678527832 -1.7393856048583984 43
    endloop
  endfacet
  facet normal 0 0 1
    outer loop
      vertex 6.831790924072266 -10.765180587768555 43
      vertex 1.1520271301269531 -1.8153047561645508 43
      vertex 6.142358779907227 -11.1729097366333 43
    endloop
  endfacet
  facet normal 0 0 1
    outer loop
      vertex 1.0357694625854492 -1.884058952331543 43
      vertex 6.142358779907227 -11.1729097366333 43
      vertex 1.1520271301269531 -1.8153047561645508 43
    endloop
  endfacet
  facet normal 0 0 1
    outer loop
      vertex 6.142358779907227 -11.1729097366333 43
      vertex 1.0357694625854492 -1.884058952331543 43
      vertex 5.428685188293457 -11.536544799804688 43
    endloop
  endfacet
  facet normal 0 0 1
    outer loop
      vertex 0.9154253005981445 -1.9453773498535156 43
      vertex 5.428685188293457 -11.536544799804688 43
      vertex 1.0357694625854492 -1.884058952331543 43
    endloop
  endfacet
  facet normal 0 0 1
    outer loop
      vertex 5.428685188293457 -11.536544799804688 43
      vertex 0.9154253005981445 -1.9453773498535156 43
      vertex 4.693587303161621 -11.854649543762207 43
    endloop
  endfacet
  facet normal 0 0 1
    outer loop
      vertex 0.7914676666259766 -1.999018669128418 43
      vertex 4.693587303161621 -11.854649543762207 43
      vertex 0.9154253005981445 -1.9453773498535156 43
    endloop
  endfacet
  facet normal 0 0 1
    outer loop
      vertex 4.693587303161621 -11.854649543762207 43
      vertex 0.7914676666259766 -1.999018669128418 43
      vertex 3.9399662017822266 -12.125969886779785 43
    endloop
  endfacet
  facet normal 0 0 1
    outer loop
      vertex 0.6643857955932617 -2.044771194458008 43
      vertex 3.9399662017822266 -12.125969886779785 43
      vertex 0.7914676666259766 -1.999018669128418 43
    endloop
  endfacet
  facet normal 0 0 1
    outer loop
      vertex 3.9399662017822266 -12.125969886779785 43
      vertex 0.6643857955932617 -2.044771194458008 43
      vertex 3.170795440673828 -12.349434852600098 43
    endloop
  endfacet
  facet normal 0 0 1
    outer loop
      vertex 0.5346832275390625 -2.082453727722168 43
      vertex 3.170795440673828 -12.349434852600098 43
      vertex 0.6643857955932617 -2.044771194458008 43
    endloop
  endfacet
  facet normal 0 0 1
    outer loop
      vertex 3.170795440673828 -12.349434852600098 43
      vertex 0.5346832275390625 -2.082453727722168 43
      vertex 2.3891115188598633 -12.524162292480469 43
    endloop
  endfacet
  facet normal 0 0 1
    outer loop
      vertex 0.40286922454833984 -2.111917495727539 43
      vertex 2.3891115188598633 -12.524162292480469 43
      vertex 0.5346832275390625 -2.082453727722168 43
    endloop
  endfacet
  facet normal 0 0 1
    outer loop
      vertex 2.3891115188598633 -12.524162292480469 43
      vertex 0.40286922454833984 -2.111917495727539 43
      vertex 1.5979986190795898 -12.64946174621582 43
    endloop
  endfacet
  facet normal 0 0 1
    outer loop
      vertex 0.2694664001464844 -2.1330461502075195 43
      vertex 1.5979986190795898 -12.64946174621582 43
      vertex 0.40286922454833984 -2.111917495727539 43
    endloop
  endfacet
  facet normal 0 0 1
    outer loop
      vertex 1.5979986190795898 -12.64946174621582 43
      vertex 0.2694664001464844 -2.1330461502075195 43
      vertex 0.8005790710449219 -12.72484016418457 43
    endloop
  endfacet
  facet normal 0 0 1
    outer loop
      vertex 0.13499927520751953 -2.145756721496582 43
      vertex 0.8005790710449219 -12.72484016418457 43
      vertex 0.2694664001464844 -2.1330461502075195 43
    endloop
  endfacet
  facet normal 0 0 1
    outer loop
      vertex 0 -2.1499996185302734 43
      vertex 0.8005790710449219 -12.72484016418457 43
      vertex 0.13499927520751953 -2.145756721496582 43
    endloop
  endfacet
  facet normal 0 0 1
    outer loop
      vertex 0 -2.1499996185302734 43
      vertex 0 -12.75 43
      vertex 0.8005790710449219 -12.72484016418457 43
    endloop
  endfacet
  facet normal 0 0 1
    outer loop
      vertex -0.13499927520751953 -2.145756721496582 43
      vertex 0 -12.75 43
      vertex 0 -2.1499996185302734 43
    endloop
  endfacet
  facet normal 0 0 1
    outer loop
      vertex -0.8005790710449219 -12.72484016418457 43
      vertex -0.13499927520751953 -2.145756721496582 43
      vertex -0.2694664001464844 -2.1330461502075195 43
    endloop
  endfacet
  facet normal 0 0 1
    outer loop
      vertex -1.5979986190795898 -12.64946174621582 43
      vertex -0.2694664001464844 -2.1330461502075195 43
      vertex -0.40286922454833984 -2.111917495727539 43
    endloop
  endfacet
  facet normal 0 0 1
    outer loop
      vertex -2.3891115188598633 -12.524162292480469 43
      vertex -0.40286922454833984 -2.111917495727539 43
      vertex -0.5346832275390625 -2.082453727722168 43
    endloop
  endfacet
  facet normal 0 0 1
    outer loop
      vertex -3.170795440673828 -12.349434852600098 43
      vertex -0.5346832275390625 -2.082453727722168 43
      vertex -0.6643857955932617 -2.044771194458008 43
    endloop
  endfacet
  facet normal 0 0 1
    outer loop
      vertex -3.9399662017822266 -12.125969886779785 43
      vertex -0.6643857955932617 -2.044771194458008 43
      vertex -0.7914676666259766 -1.999018669128418 43
    endloop
  endfacet
  facet normal 0 0 1
    outer loop
      vertex -0.13499927520751953 -2.145756721496582 43
      vertex -0.8005790710449219 -12.72484016418457 43
      vertex 0 -12.75 43
    endloop
  endfacet
  facet normal 0 0 1
    outer loop
      vertex -4.693587303161621 -11.854649543762207 43
      vertex -0.7914676666259766 -1.999018669128418 43
      vertex -0.9154253005981445 -1.9453773498535156 43
    endloop
  endfacet
  facet normal 0 0 1
    outer loop
      vertex -5.428685188293457 -11.536544799804688 43
      vertex -0.9154253005981445 -1.9453773498535156 43
      vertex -1.0357694625854492 -1.884058952331543 43
    endloop
  endfacet
  facet normal 0 0 1
    outer loop
      vertex -6.142358779907227 -11.1729097366333 43
      vertex -1.0357694625854492 -1.884058952331543 43
      vertex -1.1520271301269531 -1.8153047561645508 43
    endloop
  endfacet
  facet normal 0 0 1
    outer loop
      vertex -6.831790924072266 -10.765180587768555 43
      vertex -1.1520271301269531 -1.8153047561645508 43
      vertex -1.263737678527832 -1.7393856048583984 43
    endloop
  endfacet
  facet normal 0 0 1
    outer loop
      vertex -7.494261741638184 -10.314966201782227 43
      vertex -1.263737678527832 -1.7393856048583984 43
      vertex -1.3704614639282227 -1.6566028594970703 43
    endloop
  endfacet
  facet normal 0 0 1
    outer loop
      vertex -8.127155303955078 -9.824043273925781 43
      vertex -1.3704614639282227 -1.6566028594970703 43
      vertex -1.471776008605957 -1.567281723022461 43
    endloop
  endfacet
  facet normal 0 0 1
    outer loop
      vertex -8.727974891662598 -9.294349670410156 43
      vertex -1.471776008605957 -1.567281723022461 43
      vertex -1.567281723022461 -1.471776008605957 43
    endloop
  endfacet
  facet normal 0 0 1
    outer loop
      vertex -0.2694664001464844 -2.1330461502075195 43
      vertex -1.5979986190795898 -12.64946174621582 43
      vertex -0.8005790710449219 -12.72484016418457 43
    endloop
  endfacet
  facet normal 0 0 1
    outer loop
      vertex -9.294349670410156 -8.727974891662598 43
      vertex -1.567281723022461 -1.471776008605957 43
      vertex -1.6566028594970703 -1.3704614639282227 43
    endloop
  endfacet
  facet normal 0 0 1
    outer loop
      vertex -9.824043273925781 -8.127155303955078 43
      vertex -1.6566028594970703 -1.3704614639282227 43
      vertex -1.7393856048583984 -1.263737678527832 43
    endloop
  endfacet
  facet normal 0 0 1
    outer loop
      vertex -10.314966201782227 -7.494261741638184 43
      vertex -1.7393856048583984 -1.263737678527832 43
      vertex -1.8153047561645508 -1.1520271301269531 43
    endloop
  endfacet
  facet normal 0 0 1
    outer loop
      vertex -10.765180587768555 -6.831790924072266 43
      vertex -1.8153047561645508 -1.1520271301269531 43
      vertex -1.884058952331543 -1.0357694625854492 43
    endloop
  endfacet
  facet normal 0 0 1
    outer loop
      vertex -11.1729097366333 -6.142358779907227 43
      vertex -1.884058952331543 -1.0357694625854492 43
      vertex -1.9453773498535156 -0.9154253005981445 43
    endloop
  endfacet
  facet normal 0 0 1
    outer loop
      vertex -11.536544799804688 -5.428685188293457 43
      vertex -1.9453773498535156 -0.9154253005981445 43
      vertex -1.999018669128418 -0.7914676666259766 43
    endloop
  endfacet
  facet normal 0 0 1
    outer loop
      vertex -11.854649543762207 -4.693587303161621 43
      vertex -1.999018669128418 -0.7914676666259766 43
      vertex -2.044771194458008 -0.6643857955932617 43
    endloop
  endfacet
  facet normal 0 0 1
    outer loop
      vertex -12.125969886779785 -3.9399662017822266 43
      vertex -2.044771194458008 -0.6643857955932617 43
      vertex -2.082453727722168 -0.5346832275390625 43
    endloop
  endfacet
  facet normal 0 0 1
    outer loop
      vertex -12.349434852600098 -3.170795440673828 43
      vertex -2.082453727722168 -0.5346832275390625 43
      vertex -2.111917495727539 -0.40286922454833984 43
    endloop
  endfacet
  facet normal 0 0 1
    outer loop
      vertex -12.524162292480469 -2.3891115188598633 43
      vertex -2.111917495727539 -0.40286922454833984 43
      vertex -2.1330461502075195 -0.2694664001464844 43
    endloop
  endfacet
  facet normal 0 0 1
    outer loop
      vertex -12.64946174621582 -1.5979986190795898 43
      vertex -2.1330461502075195 -0.2694664001464844 43
      vertex -2.145756721496582 -0.13499927520751953 43
    endloop
  endfacet
  facet normal 0 0 1
    outer loop
      vertex -0.40286922454833984 -2.111917495727539 43
      vertex -2.3891115188598633 -12.524162292480469 43
      vertex -1.5979986190795898 -12.64946174621582 43
    endloop
  endfacet
  facet normal 0 0 1
    outer loop
      vertex -12.72484016418457 -0.8005790710449219 43
      vertex -2.145756721496582 -0.13499927520751953 43
      vertex -2.1499996185302734 0 43
    endloop
  endfacet
  facet normal 0 0 1
    outer loop
      vertex -1.6566028594970703 1.3704614639282227 43
      vertex -9.824043273925781 8.127155303955078 43
      vertex -1.7393856048583984 1.263737678527832 43
    endloop
  endfacet
  facet normal 0 0 1
    outer loop
      vertex -10.314966201782227 7.494261741638184 43
      vertex -1.7393856048583984 1.263737678527832 43
      vertex -9.824043273925781 8.127155303955078 43
    endloop
  endfacet
  facet normal 0 0 1
    outer loop
      vertex -0.5346832275390625 -2.082453727722168 43
      vertex -3.170795440673828 -12.349434852600098 43
      vertex -2.3891115188598633 -12.524162292480469 43
    endloop
  endfacet
  facet normal 0 0 1
    outer loop
      vertex -1.7393856048583984 1.263737678527832 43
      vertex -10.314966201782227 7.494261741638184 43
      vertex -1.8153047561645508 1.1520271301269531 43
    endloop
  endfacet
  facet normal 0 0 1
    outer loop
      vertex -0.6643857955932617 -2.044771194458008 43
      vertex -3.9399662017822266 -12.125969886779785 43
      vertex -3.170795440673828 -12.349434852600098 43
    endloop
  endfacet
  facet normal 0 0 1
    outer loop
      vertex -10.765180587768555 6.831790924072266 43
      vertex -1.8153047561645508 1.1520271301269531 43
      vertex -10.314966201782227 7.494261741638184 43
    endloop
  endfacet
  facet normal 0 0 1
    outer loop
      vertex -0.7914676666259766 -1.999018669128418 43
      vertex -4.693587303161621 -11.854649543762207 43
      vertex -3.9399662017822266 -12.125969886779785 43
    endloop
  endfacet
  facet normal 0 0 1
    outer loop
      vertex -1.8153047561645508 1.1520271301269531 43
      vertex -10.765180587768555 6.831790924072266 43
      vertex -1.884058952331543 1.0357694625854492 43
    endloop
  endfacet
  facet normal 0 0 1
    outer loop
      vertex -0.9154253005981445 -1.9453773498535156 43
      vertex -5.428685188293457 -11.536544799804688 43
      vertex -4.693587303161621 -11.854649543762207 43
    endloop
  endfacet
  facet normal 0 0 1
    outer loop
      vertex -11.1729097366333 6.142358779907227 43
      vertex -1.884058952331543 1.0357694625854492 43
      vertex -10.765180587768555 6.831790924072266 43
    endloop
  endfacet
  facet normal 0 0 1
    outer loop
      vertex -1.0357694625854492 -1.884058952331543 43
      vertex -6.142358779907227 -11.1729097366333 43
      vertex -5.428685188293457 -11.536544799804688 43
    endloop
  endfacet
  facet normal 0 0 1
    outer loop
      vertex -1.884058952331543 1.0357694625854492 43
      vertex -11.1729097366333 6.142358779907227 43
      vertex -1.9453773498535156 0.9154253005981445 43
    endloop
  endfacet
  facet normal 0 0 1
    outer loop
      vertex -1.1520271301269531 -1.8153047561645508 43
      vertex -6.831790924072266 -10.765180587768555 43
      vertex -6.142358779907227 -11.1729097366333 43
    endloop
  endfacet
  facet normal 0 0 1
    outer loop
      vertex -11.536544799804688 5.428685188293457 43
      vertex -1.9453773498535156 0.9154253005981445 43
      vertex -11.1729097366333 6.142358779907227 43
    endloop
  endfacet
  facet normal 0 0 1
    outer loop
      vertex -1.263737678527832 -1.7393856048583984 43
      vertex -7.494261741638184 -10.314966201782227 43
      vertex -6.831790924072266 -10.765180587768555 43
    endloop
  endfacet
  facet normal 0 0 1
    outer loop
      vertex -1.9453773498535156 0.9154253005981445 43
      vertex -11.536544799804688 5.428685188293457 43
      vertex -1.999018669128418 0.7914676666259766 43
    endloop
  endfacet
  facet normal 0 0 1
    outer loop
      vertex -1.3704614639282227 -1.6566028594970703 43
      vertex -8.127155303955078 -9.824043273925781 43
      vertex -7.494261741638184 -10.314966201782227 43
    endloop
  endfacet
  facet normal 0 0 1
    outer loop
      vertex -11.854649543762207 4.693587303161621 43
      vertex -1.999018669128418 0.7914676666259766 43
      vertex -11.536544799804688 5.428685188293457 43
    endloop
  endfacet
  facet normal 0 0 1
    outer loop
      vertex -1.471776008605957 -1.567281723022461 43
      vertex -8.727974891662598 -9.294349670410156 43
      vertex -8.127155303955078 -9.824043273925781 43
    endloop
  endfacet
  facet normal 0 0 1
    outer loop
      vertex -1.999018669128418 0.7914676666259766 43
      vertex -11.854649543762207 4.693587303161621 43
      vertex -2.044771194458008 0.6643857955932617 43
    endloop
  endfacet
  facet normal 0 0 1
    outer loop
      vertex -1.567281723022461 -1.471776008605957 43
      vertex -9.294349670410156 -8.727974891662598 43
      vertex -8.727974891662598 -9.294349670410156 43
    endloop
  endfacet
  facet normal 0 0 1
    outer loop
      vertex -12.125969886779785 3.9399662017822266 43
      vertex -2.044771194458008 0.6643857955932617 43
      vertex -11.854649543762207 4.693587303161621 43
    endloop
  endfacet
  facet normal 0 0 1
    outer loop
      vertex -1.6566028594970703 -1.3704614639282227 43
      vertex -9.824043273925781 -8.127155303955078 43
      vertex -9.294349670410156 -8.727974891662598 43
    endloop
  endfacet
  facet normal 0 0 1
    outer loop
      vertex -2.044771194458008 0.6643857955932617 43
      vertex -12.125969886779785 3.9399662017822266 43
      vertex -2.082453727722168 0.5346832275390625 43
    endloop
  endfacet
  facet normal 0 0 1
    outer loop
      vertex -1.7393856048583984 -1.263737678527832 43
      vertex -10.314966201782227 -7.494261741638184 43
      vertex -9.824043273925781 -8.127155303955078 43
    endloop
  endfacet
  facet normal 0 0 1
    outer loop
      vertex -12.349434852600098 3.170795440673828 43
      vertex -2.082453727722168 0.5346832275390625 43
      vertex -12.125969886779785 3.9399662017822266 43
    endloop
  endfacet
  facet normal 0 0 1
    outer loop
      vertex -1.8153047561645508 -1.1520271301269531 43
      vertex -10.765180587768555 -6.831790924072266 43
      vertex -10.314966201782227 -7.494261741638184 43
    endloop
  endfacet
  facet normal 0 0 1
    outer loop
      vertex -2.082453727722168 0.5346832275390625 43
      vertex -12.349434852600098 3.170795440673828 43
      vertex -2.111917495727539 0.40286922454833984 43
    endloop
  endfacet
  facet normal 0 0 1
    outer loop
      vertex -1.884058952331543 -1.0357694625854492 43
      vertex -11.1729097366333 -6.142358779907227 43
      vertex -10.765180587768555 -6.831790924072266 43
    endloop
  endfacet
  facet normal 0 0 1
    outer loop
      vertex -12.524162292480469 2.3891115188598633 43
      vertex -2.111917495727539 0.40286922454833984 43
      vertex -12.349434852600098 3.170795440673828 43
    endloop
  endfacet
  facet normal 0 0 1
    outer loop
      vertex -1.9453773498535156 -0.9154253005981445 43
      vertex -11.536544799804688 -5.428685188293457 43
      vertex -11.1729097366333 -6.142358779907227 43
    endloop
  endfacet
  facet normal 0 0 1
    outer loop
      vertex -2.111917495727539 0.40286922454833984 43
      vertex -12.524162292480469 2.3891115188598633 43
      vertex -2.1330461502075195 0.2694664001464844 43
    endloop
  endfacet
  facet normal 0 0 1
    outer loop
      vertex -1.999018669128418 -0.7914676666259766 43
      vertex -11.854649543762207 -4.693587303161621 43
      vertex -11.536544799804688 -5.428685188293457 43
    endloop
  endfacet
  facet normal 0 0 1
    outer loop
      vertex -12.64946174621582 1.5979986190795898 43
      vertex -2.1330461502075195 0.2694664001464844 43
      vertex -12.524162292480469 2.3891115188598633 43
    endloop
  endfacet
  facet normal 0 0 1
    outer loop
      vertex -2.044771194458008 -0.6643857955932617 43
      vertex -12.125969886779785 -3.9399662017822266 43
      vertex -11.854649543762207 -4.693587303161621 43
    endloop
  endfacet
  facet normal 0 0 1
    outer loop
      vertex -2.1330461502075195 0.2694664001464844 43
      vertex -12.64946174621582 1.5979986190795898 43
      vertex -2.145756721496582 0.13499927520751953 43
    endloop
  endfacet
  facet normal 0 0 1
    outer loop
      vertex -2.082453727722168 -0.5346832275390625 43
      vertex -12.349434852600098 -3.170795440673828 43
      vertex -12.125969886779785 -3.9399662017822266 43
    endloop
  endfacet
  facet normal 0 0 1
    outer loop
      vertex -12.72484016418457 0.8005790710449219 43
      vertex -2.145756721496582 0.13499927520751953 43
      vertex -12.64946174621582 1.5979986190795898 43
    endloop
  endfacet
  facet normal 0 0 1
    outer loop
      vertex -2.111917495727539 -0.40286922454833984 43
      vertex -12.524162292480469 -2.3891115188598633 43
      vertex -12.349434852600098 -3.170795440673828 43
    endloop
  endfacet
  facet normal 0 0 1
    outer loop
      vertex -2.145756721496582 0.13499927520751953 43
      vertex -12.72484016418457 0.8005790710449219 43
      vertex -2.1499996185302734 0 43
    endloop
  endfacet
  facet normal 0 0 1
    outer loop
      vertex -2.1330461502075195 -0.2694664001464844 43
      vertex -12.64946174621582 -1.5979986190795898 43
      vertex -12.524162292480469 -2.3891115188598633 43
    endloop
  endfacet
  facet normal 0 0 1
    outer loop
      vertex -12.75 0 43
      vertex -2.1499996185302734 0 43
      vertex -12.72484016418457 0.8005790710449219 43
    endloop
  endfacet
  facet normal 0 0 1
    outer loop
      vertex -2.145756721496582 -0.13499927520751953 43
      vertex -12.72484016418457 -0.8005790710449219 43
      vertex -12.64946174621582 -1.5979986190795898 43
    endloop
  endfacet
  facet normal 0 0 1
    outer loop
      vertex -2.1499996185302734 0 43
      vertex -12.75 0 43
      vertex -12.72484016418457 -0.8005790710449219 43
    endloop
  endfacet
  facet normal 0.8121350243525652 -0.18153408261616807 0.5545106663253329
    outer loop
      vertex 12.524162292480469 -2.3891115188598633 43
      vertex 12.349434852600098 -3.170795440673828 43
      vertex 14.286601066589355 -3.66817569732666 40
    endloop
  endfacet
  facet normal -0.8121352443846266 0.18153348356599422 0.5545105401818056
    outer loop
      vertex -14.286601066589355 3.66817569732666 40
      vertex -14.488736152648926 2.763874053955078 40
      vertex -12.524162292480469 2.3891115188598633 43
    endloop
  endfacet
  facet normal 0.2818898118430738 -0.7829789248609504 0.5545107187446122
    outer loop
      vertex 4.693587303161621 -11.854649543762207 43
      vertex 3.9399662017822266 -12.125969886779785 43
      vertex 5.429836273193359 -13.714202880859375 40
    endloop
  endfacet
  facet normal -0.7162893497717748 -0.42361246047938195 0.5545106407726833
    outer loop
      vertex -11.1729097366333 -6.142358779907227 43
      vertex -12.453836441040039 -7.903444290161133 40
      vertex -10.765180587768555 -6.831790924072266 43
    endloop
  endfacet
  facet normal 0.7991338911255226 -0.23217006768286577 0.5545106705255678
    outer loop
      vertex 12.349434852600098 -3.170795440673828 43
      vertex 12.125969886779785 -3.9399662017822266 43
      vertex 14.028082847595215 -4.558000564575195 40
    endloop
  endfacet
  facet normal -0.6882772402526468 -0.4677524003959262 0.5545107144808378
    outer loop
      vertex -10.765180587768555 -6.831790924072266 43
      vertex -11.933000564575195 -8.669832229614258 40
      vertex -10.314966201782227 -7.494261741638184 43
    endloop
  endfacet
  facet normal 0.7829789248609504 -0.2818898118430738 0.5545107187446122
    outer loop
      vertex 12.125969886779785 -3.9399662017822266 43
      vertex 11.854649543762207 -4.693587303161621 43
      vertex 13.714202880859375 -5.429836273193359 40
    endloop
  endfacet
  facet normal -0.8219311594992278 -0.13018056629075508 0.5545107656344223
    outer loop
      vertex -12.64946174621582 -1.5979986190795898 43
      vertex -14.633691787719727 -1.8486642837524414 40
      vertex -12.524162292480469 -2.3891115188598633 43
    endloop
  endfacet
  facet normal -0.33049765389509245 0.7637338361784336 0.5545105303292382
    outer loop
      vertex -5.429836273193359 13.714202880859375 40
      vertex -6.280243873596191 13.346198081970215 40
      vertex -5.428685188293457 11.536544799804688 43
    endloop
  endfacet
  facet normal -0.18153408261616807 -0.8121350243525652 0.5545106663253329
    outer loop
      vertex -3.170795440673828 -12.349434852600098 43
      vertex -3.66817569732666 -14.286601066589355 40
      vertex -2.3891115188598633 -12.524162292480469 43
    endloop
  endfacet
  facet normal 0.026139946844132834 0.8317659350068418 0.5545107145413692
    outer loop
      vertex 0.9261598587036133 14.720893859863281 40
      vertex 0 12.75 43
      vertex 0.8005790710449219 12.72484016418457 43
    endloop
  endfacet
  facet normal -0.7162893500623 -0.42361246010977066 0.5545106406797581
    outer loop
      vertex -11.1729097366333 -6.142358779907227 43
      vertex -12.925522804260254 -7.105866432189941 40
      vertex -12.453836441040039 -7.903444290161133 40
    endloop
  endfacet
  facet normal 0.42361246010977066 -0.7162893500623 0.5545106406797581
    outer loop
      vertex 7.903444290161133 -12.453836441040039 40
      vertex 6.142358779907227 -11.1729097366333 43
      vertex 7.105866432189941 -12.925522804260254 40
    endloop
  endfacet
  facet normal -0.7162893497717748 0.42361246047938195 0.5545106407726833
    outer loop
      vertex -10.765180587768555 6.831790924072266 43
      vertex -12.453836441040039 7.903444290161133 40
      vertex -11.1729097366333 6.142358779907227 43
    endloop
  endfacet
  facet normal 0.07831449460435669 0.8284833839618966 0.5545107054276852
    outer loop
      vertex 0.9261598587036133 14.720893859863281 40
      vertex 0.8005790710449219 12.72484016418457 43
      vertex 1.8486642837524414 14.633691787719727 40
    endloop
  endfacet
  facet normal -0.5100471325117683 -0.6575483203735889 0.5545107113396412
    outer loop
      vertex -8.127155303955078 -9.824043273925781 43
      vertex -8.669832229614258 -11.933000564575195 40
      vertex -7.494261741638184 -10.314966201782227 43
    endloop
  endfacet
  facet normal -0.8317659350068418 0.026139946844132834 0.5545107145413692
    outer loop
      vertex -12.72484016418457 0.8005790710449219 43
      vertex -14.720893859863281 0.9261598587036133 40
      vertex -12.75 0 43
    endloop
  endfacet
  facet normal -0.8121350243525652 0.18153408261616807 0.5545106663253329
    outer loop
      vertex -12.349434852600098 3.170795440673828 43
      vertex -14.286601066589355 3.66817569732666 40
      vertex -12.524162292480469 2.3891115188598633 43
    endloop
  endfacet
  facet normal -0.8219311315637564 0.13018168406780298 0.5545105446243503
    outer loop
      vertex -14.488736152648926 2.763874053955078 40
      vertex -14.633691787719727 1.8486642837524414 40
      vertex -12.524162292480469 2.3891115188598633 43
    endloop
  endfacet
  facet normal -0.6882774713243723 0.46775214166866685 0.554510645913767
    outer loop
      vertex -11.933000564575195 8.669832229614258 40
      vertex -12.453836441040039 7.903444290161133 40
      vertex -10.765180587768555 6.831790924072266 43
    endloop
  endfacet
  facet normal -0.23217003840707962 -0.7991339040183831 0.5545106642025858
    outer loop
      vertex -3.170795440673828 -12.349434852600098 43
      vertex -4.558000564575195 -14.028082847595215 40
      vertex -3.66817569732666 -14.286601066589355 40
    endloop
  endfacet
  facet normal -0.42361246010977066 0.7162893500623 0.5545106406797581
    outer loop
      vertex -7.105866432189941 12.925522804260254 40
      vertex -7.903444290161133 12.453836441040039 40
      vertex -6.142358779907227 11.1729097366333 43
    endloop
  endfacet
  facet normal -0.13018056629075508 0.8219311594992278 0.5545107656344223
    outer loop
      vertex -1.8486642837524414 14.633691787719727 40
      vertex -2.3891115188598633 12.524162292480469 43
      vertex -1.5979986190795898 12.64946174621582 43
    endloop
  endfacet
  facet normal 0.7414750285022506 -0.37780001319424544 0.554510533838641
    outer loop
      vertex 13.346198081970215 -6.280243873596191 40
      vertex 11.536544799804688 -5.428685188293457 43
      vertex 12.925522804260254 -7.105866432189941 40
    endloop
  endfacet
  facet normal 0.6575480784290015 0.5100475476862005 0.5545106163579022
    outer loop
      vertex 11.365069389343262 9.402003288269043 40
      vertex 9.824043273925781 8.127155303955078 43
      vertex 11.933000564575195 8.669832229614258 40
    endloop
  endfacet
  facet normal -0.8284833839618966 0.07831449460435669 0.5545107054276852
    outer loop
      vertex -14.633691787719727 1.8486642837524414 40
      vertex -14.720893859863281 0.9261598587036133 40
      vertex -12.72484016418457 0.8005790710449219 43
    endloop
  endfacet
  facet normal 0.13018056629075508 -0.8219311594992278 0.5545107656344223
    outer loop
      vertex 2.3891115188598633 -12.524162292480469 43
      vertex 1.5979986190795898 -12.64946174621582 43
      vertex 1.8486642837524414 -14.633691787719727 40
    endloop
  endfacet
  facet normal -0.6242249154932644 -0.5503281711461511 0.5545107383273653
    outer loop
      vertex -9.824043273925781 -8.127155303955078 43
      vertex -10.752286911010742 -10.09706974029541 40
      vertex -9.294349670410156 -8.727974891662598 43
    endloop
  endfacet
  facet normal -0.7637338361784336 -0.33049765389509245 0.5545105303292382
    outer loop
      vertex -11.536544799804688 -5.428685188293457 43
      vertex -13.714202880859375 -5.429836273193359 40
      vertex -13.346198081970215 -6.280243873596191 40
    endloop
  endfacet
  facet normal -0.6575483203735889 -0.5100471325117683 0.5545107113396412
    outer loop
      vertex -10.314966201782227 -7.494261741638184 43
      vertex -11.933000564575195 -8.669832229614258 40
      vertex -9.824043273925781 -8.127155303955078 43
    endloop
  endfacet
  facet normal -0.7637341007484855 -0.33049672089133003 0.5545107220189531
    outer loop
      vertex -11.854649543762207 -4.693587303161621 43
      vertex -13.714202880859375 -5.429836273193359 40
      vertex -11.536544799804688 -5.428685188293457 43
    endloop
  endfacet
  facet normal 0.5503281711461511 0.6242249154932644 0.5545107383273653
    outer loop
      vertex 10.09706974029541 10.752286911010742 40
      vertex 8.127155303955078 9.824043273925781 43
      vertex 8.727974891662598 9.294349670410156 43
    endloop
  endfacet
  facet normal -0.07831481113772032 0.8284833110685796 0.554510769631489
    outer loop
      vertex -0.8005790710449219 12.72484016418457 43
      vertex -1.8486642837524414 14.633691787719727 40
      vertex -1.5979986190795898 12.64946174621582 43
    endloop
  endfacet
  facet normal 0.5100475476862005 0.6575480784290015 0.5545106163579022
    outer loop
      vertex 8.669832229614258 11.933000564575195 40
      vertex 8.127155303955078 9.824043273925781 43
      vertex 9.402003288269043 11.365069389343262 40
    endloop
  endfacet
  facet normal -0.7829790274436235 0.2818896136731885 0.5545106746372138
    outer loop
      vertex -13.714202880859375 5.429836273193359 40
      vertex -14.028082847595215 4.558000564575195 40
      vertex -12.125969886779785 3.9399662017822266 43
    endloop
  endfacet
  facet normal 0.5884376913858069 0.5884376913858069 0.5545107453540318
    outer loop
      vertex 8.727974891662598 9.294349670410156 43
      vertex 10.752286911010742 10.09706974029541 40
      vertex 10.09706974029541 10.752286911010742 40
    endloop
  endfacet
  facet normal 0.5884376913858068 0.5884376913858068 0.5545107453540318
    outer loop
      vertex 10.752286911010742 10.09706974029541 40
      vertex 8.727974891662598 9.294349670410156 43
      vertex 9.294349670410156 8.727974891662598 43
    endloop
  endfacet
  facet normal 0.37780001319424544 -0.7414750285022506 0.554510533838641
    outer loop
      vertex 7.105866432189941 -12.925522804260254 40
      vertex 5.428685188293457 -11.536544799804688 43
      vertex 6.280243873596191 -13.346198081970215 40
    endloop
  endfacet
  facet normal -0.5503281711461511 -0.6242249154932644 0.5545107383273653
    outer loop
      vertex -8.727974891662598 -9.294349670410156 43
      vertex -10.09706974029541 -10.752286911010742 40
      vertex -8.127155303955078 -9.824043273925781 43
    endloop
  endfacet
  facet normal 0.5503277719083741 0.6242253742515829 0.5545106181191086
    outer loop
      vertex 9.402003288269043 11.365069389343262 40
      vertex 8.127155303955078 9.824043273925781 43
      vertex 10.09706974029541 10.752286911010742 40
    endloop
  endfacet
  facet normal 0.18153348356599422 -0.8121352443846266 0.5545105401818056
    outer loop
      vertex 3.66817569732666 -14.286601066589355 40
      vertex 2.3891115188598633 -12.524162292480469 43
      vertex 2.763874053955078 -14.488736152648926 40
    endloop
  endfacet
  facet normal 0.6242253742515829 0.5503277719083741 0.5545106181191086
    outer loop
      vertex 10.752286911010742 10.09706974029541 40
      vertex 9.824043273925781 8.127155303955078 43
      vertex 11.365069389343262 9.402003288269043 40
    endloop
  endfacet
  facet normal -0.026139946844132834 0.8317659350068418 0.5545107145413692
    outer loop
      vertex 0 12.75 43
      vertex -0.9261598587036133 14.720893859863281 40
      vertex -0.8005790710449219 12.72484016418457 43
    endloop
  endfacet
  facet normal 0.5884376913858068 -0.5884376913858068 0.5545107453540318
    outer loop
      vertex 8.727974891662598 -9.294349670410156 43
      vertex 10.752286911010742 -10.09706974029541 40
      vertex 9.294349670410156 -8.727974891662598 43
    endloop
  endfacet
  facet normal 0.5884376913858069 -0.5884376913858069 0.5545107453540318
    outer loop
      vertex 10.752286911010742 -10.09706974029541 40
      vertex 8.727974891662598 -9.294349670410156 43
      vertex 10.09706974029541 -10.752286911010742 40
    endloop
  endfacet
  facet normal 0.6242249154932644 0.5503281711461511 0.5545107383273653
    outer loop
      vertex 10.752286911010742 10.09706974029541 40
      vertex 9.294349670410156 8.727974891662598 43
      vertex 9.824043273925781 8.127155303955078 43
    endloop
  endfacet
  facet normal -0.33049672089133003 -0.7637341007484855 0.5545107220189531
    outer loop
      vertex -5.428685188293457 -11.536544799804688 43
      vertex -5.429836273193359 -13.714202880859375 40
      vertex -4.693587303161621 -11.854649543762207 43
    endloop
  endfacet
  facet normal 0.7637338361784336 -0.33049765389509245 0.5545105303292382
    outer loop
      vertex 13.714202880859375 -5.429836273193359 40
      vertex 11.536544799804688 -5.428685188293457 43
      vertex 13.346198081970215 -6.280243873596191 40
    endloop
  endfacet
  facet normal 0.13018056629075508 0.8219311594992278 0.5545107656344223
    outer loop
      vertex 1.8486642837524414 14.633691787719727 40
      vertex 1.5979986190795898 12.64946174621582 43
      vertex 2.3891115188598633 12.524162292480469 43
    endloop
  endfacet
  facet normal 0.23217006768286577 0.7991338911255226 0.5545106705255678
    outer loop
      vertex 4.558000564575195 14.028082847595215 40
      vertex 3.170795440673828 12.349434852600098 43
      vertex 3.9399662017822266 12.125969886779785 43
    endloop
  endfacet
  facet normal -0.2818898118430738 -0.7829789248609504 0.5545107187446122
    outer loop
      vertex -4.693587303161621 -11.854649543762207 43
      vertex -5.429836273193359 -13.714202880859375 40
      vertex -3.9399662017822266 -12.125969886779785 43
    endloop
  endfacet
  facet normal 0.7637341007484855 -0.33049672089133003 0.5545107220189531
    outer loop
      vertex 11.854649543762207 -4.693587303161621 43
      vertex 11.536544799804688 -5.428685188293457 43
      vertex 13.714202880859375 -5.429836273193359 40
    endloop
  endfacet
  facet normal -0.7991339040183831 0.23217003840707962 0.5545106642025858
    outer loop
      vertex -14.028082847595215 4.558000564575195 40
      vertex -14.286601066589355 3.66817569732666 40
      vertex -12.349434852600098 3.170795440673828 43
    endloop
  endfacet
  facet normal -0.37780001319424544 0.7414750285022506 0.554510533838641
    outer loop
      vertex -6.280243873596191 13.346198081970215 40
      vertex -7.105866432189941 12.925522804260254 40
      vertex -5.428685188293457 11.536544799804688 43
    endloop
  endfacet
  facet normal -0.18153408261616807 0.8121350243525652 0.5545106663253329
    outer loop
      vertex -2.3891115188598633 12.524162292480469 43
      vertex -3.66817569732666 14.286601066589355 40
      vertex -3.170795440673828 12.349434852600098 43
    endloop
  endfacet
  facet normal 0.6575480784290015 -0.5100475476862005 0.5545106163579022
    outer loop
      vertex 11.933000564575195 -8.669832229614258 40
      vertex 9.824043273925781 -8.127155303955078 43
      vertex 11.365069389343262 -9.402003288269043 40
    endloop
  endfacet
  facet normal 0.46775214166866685 -0.6882774713243723 0.554510645913767
    outer loop
      vertex 8.669832229614258 -11.933000564575195 40
      vertex 6.831790924072266 -10.765180587768555 43
      vertex 7.903444290161133 -12.453836441040039 40
    endloop
  endfacet
  facet normal -0.7637338361784336 0.33049765389509245 0.5545105303292382
    outer loop
      vertex -13.346198081970215 6.280243873596191 40
      vertex -13.714202880859375 5.429836273193359 40
      vertex -11.536544799804688 5.428685188293457 43
    endloop
  endfacet
  facet normal 0.4677524003959262 0.6882772402526468 0.5545107144808378
    outer loop
      vertex 8.669832229614258 11.933000564575195 40
      vertex 6.831790924072266 10.765180587768555 43
      vertex 7.494261741638184 10.314966201782227 43
    endloop
  endfacet
  facet normal 0.2818896136731885 -0.7829790274436235 0.5545106746372138
    outer loop
      vertex 5.429836273193359 -13.714202880859375 40
      vertex 3.9399662017822266 -12.125969886779785 43
      vertex 4.558000564575195 -14.028082847595215 40
    endloop
  endfacet
  facet normal 0.6242253742515829 -0.5503277719083741 0.5545106181191086
    outer loop
      vertex 11.365069389343262 -9.402003288269043 40
      vertex 9.824043273925781 -8.127155303955078 43
      vertex 10.752286911010742 -10.09706974029541 40
    endloop
  endfacet
  facet normal 0.6882774713243723 0.46775214166866685 0.554510645913767
    outer loop
      vertex 11.933000564575195 8.669832229614258 40
      vertex 10.765180587768555 6.831790924072266 43
      vertex 12.453836441040039 7.903444290161133 40
    endloop
  endfacet
  facet normal -0.8284833110685796 0.07831481113772032 0.554510769631489
    outer loop
      vertex -12.64946174621582 1.5979986190795898 43
      vertex -14.633691787719727 1.8486642837524414 40
      vertex -12.72484016418457 0.8005790710449219 43
    endloop
  endfacet
  facet normal 0.8219311594992278 -0.13018056629075508 0.5545107656344223
    outer loop
      vertex 12.64946174621582 -1.5979986190795898 43
      vertex 12.524162292480469 -2.3891115188598633 43
      vertex 14.633691787719727 -1.8486642837524414 40
    endloop
  endfacet
  facet normal -0.07831449460435669 0.8284833839618966 0.5545107054276852
    outer loop
      vertex -0.9261598587036133 14.720893859863281 40
      vertex -1.8486642837524414 14.633691787719727 40
      vertex -0.8005790710449219 12.72484016418457 43
    endloop
  endfacet
  facet normal -0.42361246010977066 -0.7162893500623 0.5545106406797581
    outer loop
      vertex -6.142358779907227 -11.1729097366333 43
      vertex -7.903444290161133 -12.453836441040039 40
      vertex -7.105866432189941 -12.925522804260254 40
    endloop
  endfacet
  facet normal -0.5884376913858069 0.5884376913858069 0.5545107453540318
    outer loop
      vertex -10.752286911010742 10.09706974029541 40
      vertex -8.727974891662598 9.294349670410156 43
      vertex -10.09706974029541 10.752286911010742 40
    endloop
  endfacet
  facet normal -0.5884376913858068 0.5884376913858068 0.5545107453540318
    outer loop
      vertex -8.727974891662598 9.294349670410156 43
      vertex -10.752286911010742 10.09706974029541 40
      vertex -9.294349670410156 8.727974891662598 43
    endloop
  endfacet
  facet normal -0.8284833110685796 -0.07831481113772032 0.554510769631489
    outer loop
      vertex -12.72484016418457 -0.8005790710449219 43
      vertex -14.633691787719727 -1.8486642837524414 40
      vertex -12.64946174621582 -1.5979986190795898 43
    endloop
  endfacet
  facet normal 0.7414747237249876 -0.37780045551642105 0.5545106400138217
    outer loop
      vertex 11.536544799804688 -5.428685188293457 43
      vertex 11.1729097366333 -6.142358779907227 43
      vertex 12.925522804260254 -7.105866432189941 40
    endloop
  endfacet
  facet normal 0.2818898118430738 0.7829789248609504 0.5545107187446122
    outer loop
      vertex 5.429836273193359 13.714202880859375 40
      vertex 3.9399662017822266 12.125969886779785 43
      vertex 4.693587303161621 11.854649543762207 43
    endloop
  endfacet
  facet normal 0.37780001319424544 0.7414750285022506 0.554510533838641
    outer loop
      vertex 6.280243873596191 13.346198081970215 40
      vertex 5.428685188293457 11.536544799804688 43
      vertex 7.105866432189941 12.925522804260254 40
    endloop
  endfacet
  facet normal 0.33049765389509245 0.7637338361784336 0.5545105303292382
    outer loop
      vertex 5.429836273193359 13.714202880859375 40
      vertex 5.428685188293457 11.536544799804688 43
      vertex 6.280243873596191 13.346198081970215 40
    endloop
  endfacet
  facet normal -0.37780045551642105 -0.7414747237249876 0.5545106400138217
    outer loop
      vertex -6.142358779907227 -11.1729097366333 43
      vertex -7.105866432189941 -12.925522804260254 40
      vertex -5.428685188293457 -11.536544799804688 43
    endloop
  endfacet
  facet normal -0.6575480784290015 0.5100475476862005 0.5545106163579022
    outer loop
      vertex -11.365069389343262 9.402003288269043 40
      vertex -11.933000564575195 8.669832229614258 40
      vertex -9.824043273925781 8.127155303955078 43
    endloop
  endfacet
  facet normal 0.42361246010977066 0.7162893500623 0.5545106406797581
    outer loop
      vertex 7.105866432189941 12.925522804260254 40
      vertex 6.142358779907227 11.1729097366333 43
      vertex 7.903444290161133 12.453836441040039 40
    endloop
  endfacet
  facet normal -0.6882772402526468 0.4677524003959262 0.5545107144808378
    outer loop
      vertex -10.314966201782227 7.494261741638184 43
      vertex -11.933000564575195 8.669832229614258 40
      vertex -10.765180587768555 6.831790924072266 43
    endloop
  endfacet
  facet normal -0.5100475476862005 -0.6575480784290015 0.5545106163579022
    outer loop
      vertex -8.127155303955078 -9.824043273925781 43
      vertex -9.402003288269043 -11.365069389343262 40
      vertex -8.669832229614258 -11.933000564575195 40
    endloop
  endfacet
  facet normal -0.7829789248609504 0.2818898118430738 0.5545107187446122
    outer loop
      vertex -11.854649543762207 4.693587303161621 43
      vertex -13.714202880859375 5.429836273193359 40
      vertex -12.125969886779785 3.9399662017822266 43
    endloop
  endfacet
  facet normal -0.8284833839618966 -0.07831449460435669 0.5545107054276852
    outer loop
      vertex -12.72484016418457 -0.8005790710449219 43
      vertex -14.720893859863281 -0.9261598587036133 40
      vertex -14.633691787719727 -1.8486642837524414 40
    endloop
  endfacet
  facet normal -0.5100475476862005 0.6575480784290015 0.5545106163579022
    outer loop
      vertex -8.669832229614258 11.933000564575195 40
      vertex -9.402003288269043 11.365069389343262 40
      vertex -8.127155303955078 9.824043273925781 43
    endloop
  endfacet
  facet normal -0.5503277719083741 0.6242253742515829 0.5545106181191086
    outer loop
      vertex -9.402003288269043 11.365069389343262 40
      vertex -10.09706974029541 10.752286911010742 40
      vertex -8.127155303955078 9.824043273925781 43
    endloop
  endfacet
  facet normal -0.7414747237249876 -0.37780045551642105 0.5545106400138217
    outer loop
      vertex -11.536544799804688 -5.428685188293457 43
      vertex -12.925522804260254 -7.105866432189941 40
      vertex -11.1729097366333 -6.142358779907227 43
    endloop
  endfacet
  facet normal -0.07831449460435669 -0.8284833839618966 0.5545107054276852
    outer loop
      vertex -0.8005790710449219 -12.72484016418457 43
      vertex -1.8486642837524414 -14.633691787719727 40
      vertex -0.9261598587036133 -14.720893859863281 40
    endloop
  endfacet
  facet normal -0.23217006768286577 0.7991338911255226 0.5545106705255678
    outer loop
      vertex -3.170795440673828 12.349434852600098 43
      vertex -4.558000564575195 14.028082847595215 40
      vertex -3.9399662017822266 12.125969886779785 43
    endloop
  endfacet
  facet normal -0.6575480784290015 -0.5100475476862005 0.5545106163579022
    outer loop
      vertex -9.824043273925781 -8.127155303955078 43
      vertex -11.933000564575195 -8.669832229614258 40
      vertex -11.365069389343262 -9.402003288269043 40
    endloop
  endfacet
  facet normal -0.6242253742515829 -0.5503277719083741 0.5545106181191086
    outer loop
      vertex -9.824043273925781 -8.127155303955078 43
      vertex -11.365069389343262 -9.402003288269043 40
      vertex -10.752286911010742 -10.09706974029541 40
    endloop
  endfacet
  facet normal 0.5100475476862005 -0.6575480784290015 0.5545106163579022
    outer loop
      vertex 9.402003288269043 -11.365069389343262 40
      vertex 8.127155303955078 -9.824043273925781 43
      vertex 8.669832229614258 -11.933000564575195 40
    endloop
  endfacet
  facet normal 0.7162893500623 -0.42361246010977066 0.5545106406797581
    outer loop
      vertex 12.925522804260254 -7.105866432189941 40
      vertex 11.1729097366333 -6.142358779907227 43
      vertex 12.453836441040039 -7.903444290161133 40
    endloop
  endfacet
  facet normal 0.7162893497717748 -0.42361246047938195 0.5545106407726833
    outer loop
      vertex 11.1729097366333 -6.142358779907227 43
      vertex 10.765180587768555 -6.831790924072266 43
      vertex 12.453836441040039 -7.903444290161133 40
    endloop
  endfacet
  facet normal 0.18153408261616807 -0.8121350243525652 0.5545106663253329
    outer loop
      vertex 3.170795440673828 -12.349434852600098 43
      vertex 2.3891115188598633 -12.524162292480469 43
      vertex 3.66817569732666 -14.286601066589355 40
    endloop
  endfacet
  facet normal 0.23217006768286577 -0.7991338911255226 0.5545106705255678
    outer loop
      vertex 3.9399662017822266 -12.125969886779785 43
      vertex 3.170795440673828 -12.349434852600098 43
      vertex 4.558000564575195 -14.028082847595215 40
    endloop
  endfacet
  facet normal 0.5503277719083741 -0.6242253742515829 0.5545106181191086
    outer loop
      vertex 10.09706974029541 -10.752286911010742 40
      vertex 8.127155303955078 -9.824043273925781 43
      vertex 9.402003288269043 -11.365069389343262 40
    endloop
  endfacet
  facet normal 0.5503281711461511 -0.6242249154932644 0.5545107383273653
    outer loop
      vertex 8.727974891662598 -9.294349670410156 43
      vertex 8.127155303955078 -9.824043273925781 43
      vertex 10.09706974029541 -10.752286911010742 40
    endloop
  endfacet
  facet normal -0.23217006768286577 -0.7991338911255226 0.5545106705255678
    outer loop
      vertex -3.9399662017822266 -12.125969886779785 43
      vertex -4.558000564575195 -14.028082847595215 40
      vertex -3.170795440673828 -12.349434852600098 43
    endloop
  endfacet
  facet normal -0.18153348356599422 0.8121352443846266 0.5545105401818056
    outer loop
      vertex -2.763874053955078 14.488736152648926 40
      vertex -3.66817569732666 14.286601066589355 40
      vertex -2.3891115188598633 12.524162292480469 43
    endloop
  endfacet
  facet normal -0.2818896136731885 -0.7829790274436235 0.5545106746372138
    outer loop
      vertex -3.9399662017822266 -12.125969886779785 43
      vertex -5.429836273193359 -13.714202880859375 40
      vertex -4.558000564575195 -14.028082847595215 40
    endloop
  endfacet
  facet normal -0.13018056629075508 -0.8219311594992278 0.5545107656344223
    outer loop
      vertex -1.5979986190795898 -12.64946174621582 43
      vertex -2.3891115188598633 -12.524162292480469 43
      vertex -1.8486642837524414 -14.633691787719727 40
    endloop
  endfacet
  facet normal -0.07831481113772032 -0.8284833110685796 0.554510769631489
    outer loop
      vertex -1.5979986190795898 -12.64946174621582 43
      vertex -1.8486642837524414 -14.633691787719727 40
      vertex -0.8005790710449219 -12.72484016418457 43
    endloop
  endfacet
  facet normal -0.4677524003959262 -0.6882772402526468 0.5545107144808378
    outer loop
      vertex -7.494261741638184 -10.314966201782227 43
      vertex -8.669832229614258 -11.933000564575195 40
      vertex -6.831790924072266 -10.765180587768555 43
    endloop
  endfacet
  facet normal -0.8121350243525652 -0.18153408261616807 0.5545106663253329
    outer loop
      vertex -12.524162292480469 -2.3891115188598633 43
      vertex -14.286601066589355 -3.66817569732666 40
      vertex -12.349434852600098 -3.170795440673828 43
    endloop
  endfacet
  facet normal -0.37780001319424544 -0.7414750285022506 0.554510533838641
    outer loop
      vertex -5.428685188293457 -11.536544799804688 43
      vertex -7.105866432189941 -12.925522804260254 40
      vertex -6.280243873596191 -13.346198081970215 40
    endloop
  endfacet
  facet normal -0.5884376913858068 -0.5884376913858068 0.5545107453540318
    outer loop
      vertex -10.752286911010742 -10.09706974029541 40
      vertex -8.727974891662598 -9.294349670410156 43
      vertex -9.294349670410156 -8.727974891662598 43
    endloop
  endfacet
  facet normal -0.5884376913858069 -0.5884376913858069 0.5545107453540318
    outer loop
      vertex -8.727974891662598 -9.294349670410156 43
      vertex -10.752286911010742 -10.09706974029541 40
      vertex -10.09706974029541 -10.752286911010742 40
    endloop
  endfacet
  facet normal 0.4677524003959262 -0.6882772402526468 0.5545107144808378
    outer loop
      vertex 7.494261741638184 -10.314966201782227 43
      vertex 6.831790924072266 -10.765180587768555 43
      vertex 8.669832229614258 -11.933000564575195 40
    endloop
  endfacet
  facet normal 0.6882774713243723 -0.46775214166866685 0.554510645913767
    outer loop
      vertex 12.453836441040039 -7.903444290161133 40
      vertex 10.765180587768555 -6.831790924072266 43
      vertex 11.933000564575195 -8.669832229614258 40
    endloop
  endfacet
  facet normal -0.33049765389509245 -0.7637338361784336 0.5545105303292382
    outer loop
      vertex -5.428685188293457 -11.536544799804688 43
      vertex -6.280243873596191 -13.346198081970215 40
      vertex -5.429836273193359 -13.714202880859375 40
    endloop
  endfacet
  facet normal 0.5100471325117683 -0.6575483203735889 0.5545107113396412
    outer loop
      vertex 8.127155303955078 -9.824043273925781 43
      vertex 7.494261741638184 -10.314966201782227 43
      vertex 8.669832229614258 -11.933000564575195 40
    endloop
  endfacet
  facet normal -0.7991339040183831 -0.23217003840707962 0.5545106642025858
    outer loop
      vertex -12.349434852600098 -3.170795440673828 43
      vertex -14.286601066589355 -3.66817569732666 40
      vertex -14.028082847595215 -4.558000564575195 40
    endloop
  endfacet
  facet normal 0.33049672089133003 -0.7637341007484855 0.5545107220189531
    outer loop
      vertex 5.428685188293457 -11.536544799804688 43
      vertex 4.693587303161621 -11.854649543762207 43
      vertex 5.429836273193359 -13.714202880859375 40
    endloop
  endfacet
  facet normal 0.8317658072947102 0.026140083138360595 -0.5545108996844865
    outer loop
      vertex 16 0 0
      vertex 15.968426704406738 1.004648208618164 0
      vertex 17.964481353759766 1.1302289962768555 3
    endloop
  endfacet
  facet normal 0.8121347808216671 -0.18153407772232708 -0.5545110246020782
    outer loop
      vertex 17.434497833251953 -4.476417541503906 3
      vertex 15.497329711914062 -3.979037284851074 0
      vertex 15.716595649719238 -2.9981002807617188 0
    endloop
  endfacet
  facet normal 0.377800085934459 0.7414748708453535 -0.5545106950932343
    outer loop
      vertex 7.7080583572387695 14.020906448364258 0
      vertex 6.812468528747559 14.477231979370117 0
      vertex 7.664027214050293 16.28688621520996 3
    endloop
  endfacet
  facet normal -0.02613912952527928 0.831765994883035 -0.5545106632553567
    outer loop
      vertex 0 16 0
      vertex -1.1302289962768555 17.964481353759766 3
      vertex 0 18 3
    endloop
  endfacet
  facet normal -0.8121347808216671 -0.18153407772232708 -0.5545110246020782
    outer loop
      vertex -15.497329711914062 -3.979037284851074 0
      vertex -17.434497833251953 -4.476417541503906 3
      vertex -15.716595649719238 -2.9981002807617188 0
    endloop
  endfacet
  facet normal -0.18153358533545186 0.8121349790469071 -0.5545108954779302
    outer loop
      vertex -2.9981002807617188 15.716595649719238 0
      vertex -4.476417541503906 17.434497833251953 3
      vertex -3.3728628158569336 17.681171417236328 3
    endloop
  endfacet
  facet normal -0.8284832622699511 -0.07831449142352141 -0.5545108876943851
    outer loop
      vertex -15.873834609985352 -2.005331039428711 0
      vertex -17.964481353759766 -1.1302289962768555 3
      vertex -15.968426704406738 -1.004648208618164 0
    endloop
  endfacet
  facet normal 0.7829792311084873 -0.28188903034712554 -0.5545106835965556
    outer loop
      vertex 16.735977172851562 -6.626241683959961 3
      vertex 15.216903686523438 -4.944271087646484 0
      vertex 17.119016647338867 -5.562305450439453 3
    endloop
  endfacet
  facet normal 0.33049783322078446 -0.7637336339255775 -0.5545107020132238
    outer loop
      vertex 7.664027214050293 -16.28688621520996 3
      vertex 6.626241683959961 -16.735977172851562 3
      vertex 6.812468528747559 -14.477231979370117 0
    endloop
  endfacet
  facet normal -0.13018088578337508 -0.8219310213988535 -0.5545108953292922
    outer loop
      vertex -2.005331039428711 -15.873834609985352 0
      vertex -3.3728628158569336 -17.681171417236328 3
      vertex -2.9981002807617188 -15.716595649719238 0
    endloop
  endfacet
  facet normal -0.7162890750043365 0.4236127948932222 -0.5545107402315891
    outer loop
      vertex -14.020906448364258 7.7080583572387695 0
      vertex -15.197901725769043 9.644882202148438 3
      vertex -13.509245872497559 8.573227882385254 0
    endloop
  endfacet
  facet normal 0.33049711027129874 -0.7637338151327183 -0.5545108833243438
    outer loop
      vertex 6.626241683959961 -16.735977172851562 3
      vertex 5.889992713928223 -14.876422882080078 0
      vertex 6.812468528747559 -14.477231979370117 0
    endloop
  endfacet
  facet normal 0.5100468378093231 -0.657548544441073 -0.554510716708105
    outer loop
      vertex 10.580134391784668 -14.562305450439453 3
      vertex 9.404563903808594 -12.944271087646484 0
      vertex 10.198782920837402 -12.328211784362793 0
    endloop
  endfacet
  facet normal -0.026140083138360595 0.8317658072947102 -0.5545108996844865
    outer loop
      vertex -1.004648208618164 15.968426704406738 0
      vertex -1.1302289962768555 17.964481353759766 3
      vertex 0 16 0
    endloop
  endfacet
  facet normal 0.28188903034712554 -0.7829792311084873 -0.5545106835965556
    outer loop
      vertex 5.562305450439453 -17.119016647338867 3
      vertex 4.944271087646484 -15.216903686523438 0
      vertex 6.626241683959961 -16.735977172851562 3
    endloop
  endfacet
  facet normal -0.07831449142352141 0.8284832622699511 -0.5545108876943851
    outer loop
      vertex -1.004648208618164 15.968426704406738 0
      vertex -2.005331039428711 15.873834609985352 0
      vertex -1.1302289962768555 17.964481353759766 3
    endloop
  endfacet
  facet normal 0.23216956619671042 -0.7991337928113122 -0.5545110221799365
    outer loop
      vertex 4.476417541503906 -17.434497833251953 3
      vertex 3.979037284851074 -15.497329711914062 0
      vertex 4.944271087646484 -15.216903686523438 0
    endloop
  endfacet
  facet normal -0.7829788157878567 0.28188977565174045 -0.5545108911558521
    outer loop
      vertex -15.216903686523438 4.944271087646484 0
      vertex -16.735977172851562 6.626241683959961 3
      vertex -14.876422882080078 5.889992713928223 0
    endloop
  endfacet
  facet normal -0.18153407772232708 -0.8121347808216671 -0.5545110246020782
    outer loop
      vertex -2.9981002807617188 -15.716595649719238 0
      vertex -4.476417541503906 -17.434497833251953 3
      vertex -3.979037284851074 -15.497329711914062 0
    endloop
  endfacet
  facet normal -0.8219310213988535 0.13018088578337508 -0.5545108953292922
    outer loop
      vertex -15.873834609985352 2.005331039428711 0
      vertex -17.681171417236328 3.3728628158569336 3
      vertex -15.716595649719238 2.9981002807617188 0
    endloop
  endfacet
  facet normal 0.026140083138360595 0.8317658072947102 -0.5545108996844865
    outer loop
      vertex 1.004648208618164 15.968426704406738 0
      vertex 0 16 0
      vertex 1.1302289962768555 17.964481353759766 3
    endloop
  endfacet
  facet normal -0.3778003109281791 0.7414747991649953 -0.5545106376489103
    outer loop
      vertex -7.7080583572387695 14.020906448364258 0
      vertex -8.671566009521484 15.773519515991211 3
      vertex -7.664027214050293 16.28688621520996 3
    endloop
  endfacet
  facet normal 0.13017916171569086 -0.8219315925371269 -0.5545104535032523
    outer loop
      vertex 2.255997657775879 -17.858062744140625 3
      vertex 2.005331039428711 -15.873834609985352 0
      vertex 3.3728628158569336 -17.681171417236328 3
    endloop
  endfacet
  facet normal 0.07831449142352141 0.8284832622699511 -0.5545108876943851
    outer loop
      vertex 2.005331039428711 15.873834609985352 0
      vertex 1.004648208618164 15.968426704406738 0
      vertex 1.1302289962768555 17.964481353759766 3
    endloop
  endfacet
  facet normal -0.8219310213988535 -0.13018088578337508 -0.5545108953292922
    outer loop
      vertex -15.716595649719238 -2.9981002807617188 0
      vertex -17.681171417236328 -3.3728628158569336 3
      vertex -15.873834609985352 -2.005331039428711 0
    endloop
  endfacet
  facet normal -0.7991337928113122 0.23216956619671042 -0.5545110221799365
    outer loop
      vertex -15.497329711914062 3.979037284851074 0
      vertex -17.434497833251953 4.476417541503906 3
      vertex -15.216903686523438 4.944271087646484 0
    endloop
  endfacet
  facet normal 0.8284833873272534 -0.07831631238919394 -0.5545104436676721
    outer loop
      vertex 17.858062744140625 -2.255997657775879 3
      vertex 15.873834609985352 -2.005331039428711 0
      vertex 17.964481353759766 -1.1302289962768555 3
    endloop
  endfacet
  facet normal 0.588437752422326 0.588437752422326 -0.5545106158121074
    outer loop
      vertex 13.121435165405273 12.321846961975098 3
      vertex 10.952753067016602 11.663497924804688 0
      vertex 12.321846961975098 13.121435165405273 3
    endloop
  endfacet
  facet normal 0.588437752422326 0.588437752422326 -0.5545106158121075
    outer loop
      vertex 10.952753067016602 11.663497924804688 0
      vertex 13.121435165405273 12.321846961975098 3
      vertex 11.663497924804688 10.952753067016602 0
    endloop
  endfacet
  facet normal -0.18153358533545186 -0.8121349790469071 -0.5545108954779302
    outer loop
      vertex -3.3728628158569336 -17.681171417236328 3
      vertex -4.476417541503906 -17.434497833251953 3
      vertex -2.9981002807617188 -15.716595649719238 0
    endloop
  endfacet
  facet normal 0.18153407772232708 -0.8121347808216671 -0.5545110246020782
    outer loop
      vertex 4.476417541503906 -17.434497833251953 3
      vertex 2.9981002807617188 -15.716595649719238 0
      vertex 3.979037284851074 -15.497329711914062 0
    endloop
  endfacet
  facet normal 0.33049783322078446 0.7637336339255775 -0.5545107020132238
    outer loop
      vertex 6.812468528747559 14.477231979370117 0
      vertex 6.626241683959961 16.735977172851562 3
      vertex 7.664027214050293 16.28688621520996 3
    endloop
  endfacet
  facet normal 0.8121349790469071 -0.18153358533545186 -0.5545108954779302
    outer loop
      vertex 17.434497833251953 -4.476417541503906 3
      vertex 15.716595649719238 -2.9981002807617188 0
      vertex 17.681171417236328 -3.3728628158569336 3
    endloop
  endfacet
  facet normal 0.7637338151327183 -0.33049711027129874 -0.5545108833243438
    outer loop
      vertex 16.735977172851562 -6.626241683959961 3
      vertex 14.477231979370117 -6.812468528747559 0
      vertex 14.876422882080078 -5.889992713928223 0
    endloop
  endfacet
  facet normal -0.33049783322078446 0.7637336339255775 -0.5545107020132238
    outer loop
      vertex -6.812468528747559 14.477231979370117 0
      vertex -7.664027214050293 16.28688621520996 3
      vertex -6.626241683959961 16.735977172851562 3
    endloop
  endfacet
  facet normal 0.831765994883035 -0.02613912952527928 -0.5545106632553567
    outer loop
      vertex 17.964481353759766 -1.1302289962768555 3
      vertex 16 0 0
      vertex 18 0 3
    endloop
  endfacet
  facet normal 0.377800085934459 -0.7414748708453535 -0.5545106950932343
    outer loop
      vertex 7.664027214050293 -16.28688621520996 3
      vertex 6.812468528747559 -14.477231979370117 0
      vertex 7.7080583572387695 -14.020906448364258 0
    endloop
  endfacet
  facet normal 0.13018088578337508 0.8219310213988535 -0.5545108953292922
    outer loop
      vertex 2.9981002807617188 15.716595649719238 0
      vertex 2.005331039428711 15.873834609985352 0
      vertex 3.3728628158569336 17.681171417236328 3
    endloop
  endfacet
  facet normal -0.33049711027129874 -0.7637338151327183 -0.5545108833243438
    outer loop
      vertex -6.626241683959961 -16.735977172851562 3
      vertex -6.812468528747559 -14.477231979370117 0
      vertex -5.889992713928223 -14.876422882080078 0
    endloop
  endfacet
  facet normal -0.5100468378093231 0.657548544441073 -0.554510716708105
    outer loop
      vertex -10.198782920837402 12.328211784362793 0
      vertex -10.580134391784668 14.562305450439453 3
      vertex -9.404563903808594 12.944271087646484 0
    endloop
  endfacet
  facet normal -0.6242250335176855 0.5503281660074225 -0.554510610564623
    outer loop
      vertex -12.328211784362793 10.198782920837402 0
      vertex -13.869237899780273 11.473630905151367 3
      vertex -13.121435165405273 12.321846961975098 3
    endloop
  endfacet
  facet normal 0.13018088578337508 -0.8219310213988535 -0.5545108953292922
    outer loop
      vertex 3.3728628158569336 -17.681171417236328 3
      vertex 2.005331039428711 -15.873834609985352 0
      vertex 2.9981002807617188 -15.716595649719238 0
    endloop
  endfacet
  facet normal -0.7162893385407534 -0.42361248002842394 -0.5545106403460787
    outer loop
      vertex -15.197901725769043 -9.644882202148438 3
      vertex -15.773519515991211 -8.671566009521484 3
      vertex -14.020906448364258 -7.7080583572387695 0
    endloop
  endfacet
  facet normal -0.7414748708453535 -0.377800085934459 -0.5545106950932343
    outer loop
      vertex -14.020906448364258 -7.7080583572387695 0
      vertex -16.28688621520996 -7.664027214050293 3
      vertex -14.477231979370117 -6.812468528747559 0
    endloop
  endfacet
  facet normal -0.23216956619671042 0.7991337928113122 -0.5545110221799365
    outer loop
      vertex -3.979037284851074 15.497329711914062 0
      vertex -4.944271087646484 15.216903686523438 0
      vertex -4.476417541503906 17.434497833251953 3
    endloop
  endfacet
  facet normal 0.8219310213988535 -0.13018088578337508 -0.5545108953292922
    outer loop
      vertex 17.681171417236328 -3.3728628158569336 3
      vertex 15.716595649719238 -2.9981002807617188 0
      vertex 15.873834609985352 -2.005331039428711 0
    endloop
  endfacet
  facet normal -0.28188977565174045 -0.7829788157878567 -0.5545108911558521
    outer loop
      vertex -4.944271087646484 -15.216903686523438 0
      vertex -6.626241683959961 -16.735977172851562 3
      vertex -5.889992713928223 -14.876422882080078 0
    endloop
  endfacet
  facet normal -0.7637338151327183 -0.33049711027129874 -0.5545108833243438
    outer loop
      vertex -14.477231979370117 -6.812468528747559 0
      vertex -16.735977172851562 -6.626241683959961 3
      vertex -14.876422882080078 -5.889992713928223 0
    endloop
  endfacet
  facet normal 0.7414747991649953 -0.3778003109281791 -0.5545106376489103
    outer loop
      vertex 15.773519515991211 -8.671566009521484 3
      vertex 14.020906448364258 -7.7080583572387695 0
      vertex 16.28688621520996 -7.664027214050293 3
    endloop
  endfacet
  facet normal -0.23217094701058733 0.7991336264165314 -0.5545106838416829
    outer loop
      vertex -4.944271087646484 15.216903686523438 0
      vertex -5.562305450439453 17.119016647338867 3
      vertex -4.476417541503906 17.434497833251953 3
    endloop
  endfacet
  facet normal -0.4677522785349651 -0.688277297811551 -0.5545107458314745
    outer loop
      vertex -8.573227882385254 -13.509245872497559 0
      vertex -9.644882202148438 -15.197901725769043 3
      vertex -9.404563903808594 -12.944271087646484 0
    endloop
  endfacet
  facet normal 0.831765994883035 0.02613912952527928 -0.5545106632553567
    outer loop
      vertex 18 0 3
      vertex 16 0 0
      vertex 17.964481353759766 1.1302289962768555 3
    endloop
  endfacet
  facet normal -0.831765994883035 0.02613912952527928 -0.5545106632553567
    outer loop
      vertex -16 0 0
      vertex -18 0 3
      vertex -17.964481353759766 1.1302289962768555 3
    endloop
  endfacet
  facet normal -0.8284833873272534 0.07831631238919394 -0.5545104436676721
    outer loop
      vertex -15.873834609985352 2.005331039428711 0
      vertex -17.964481353759766 1.1302289962768555 3
      vertex -17.858062744140625 2.255997657775879 3
    endloop
  endfacet
  facet normal 0.8284832622699511 -0.07831449142352141 -0.5545108876943851
    outer loop
      vertex 17.964481353759766 -1.1302289962768555 3
      vertex 15.873834609985352 -2.005331039428711 0
      vertex 15.968426704406738 -1.004648208618164 0
    endloop
  endfacet
  facet normal 0.23217094701058733 0.7991336264165314 -0.5545106838416829
    outer loop
      vertex 4.944271087646484 15.216903686523438 0
      vertex 4.476417541503906 17.434497833251953 3
      vertex 5.562305450439453 17.119016647338867 3
    endloop
  endfacet
  facet normal -0.588437752422326 0.588437752422326 -0.5545106158121074
    outer loop
      vertex -10.952753067016602 11.663497924804688 0
      vertex -13.121435165405273 12.321846961975098 3
      vertex -12.321846961975098 13.121435165405273 3
    endloop
  endfacet
  facet normal -0.588437752422326 0.588437752422326 -0.5545106158121075
    outer loop
      vertex -13.121435165405273 12.321846961975098 3
      vertex -10.952753067016602 11.663497924804688 0
      vertex -11.663497924804688 10.952753067016602 0
    endloop
  endfacet
  facet normal -0.3778003109281791 -0.7414747991649953 -0.5545106376489103
    outer loop
      vertex -7.664027214050293 -16.28688621520996 3
      vertex -8.671566009521484 -15.773519515991211 3
      vertex -7.7080583572387695 -14.020906448364258 0
    endloop
  endfacet
  facet normal 0.07831631238919394 -0.8284833873272534 -0.5545104436676721
    outer loop
      vertex 2.255997657775879 -17.858062744140625 3
      vertex 1.1302289962768555 -17.964481353759766 3
      vertex 2.005331039428711 -15.873834609985352 0
    endloop
  endfacet
  facet normal -0.28188903034712554 -0.7829792311084873 -0.5545106835965556
    outer loop
      vertex -5.562305450439453 -17.119016647338867 3
      vertex -6.626241683959961 -16.735977172851562 3
      vertex -4.944271087646484 -15.216903686523438 0
    endloop
  endfacet
  facet normal 0.23216956619671042 0.7991337928113122 -0.5545110221799365
    outer loop
      vertex 4.944271087646484 15.216903686523438 0
      vertex 3.979037284851074 15.497329711914062 0
      vertex 4.476417541503906 17.434497833251953 3
    endloop
  endfacet
  facet normal 0.42361248002842394 -0.7162893385407534 -0.5545106403460787
    outer loop
      vertex 8.671566009521484 -15.773519515991211 3
      vertex 7.7080583572387695 -14.020906448364258 0
      vertex 9.644882202148438 -15.197901725769043 3
    endloop
  endfacet
  facet normal -0.28188903034712554 0.7829792311084873 -0.5545106835965556
    outer loop
      vertex -4.944271087646484 15.216903686523438 0
      vertex -6.626241683959961 16.735977172851562 3
      vertex -5.562305450439453 17.119016647338867 3
    endloop
  endfacet
  facet normal -0.7637338151327183 0.33049711027129874 -0.5545108833243438
    outer loop
      vertex -14.876422882080078 5.889992713928223 0
      vertex -16.735977172851562 6.626241683959961 3
      vertex -14.477231979370117 6.812468528747559 0
    endloop
  endfacet
  facet normal -0.23217094701058733 -0.7991336264165314 -0.5545106838416829
    outer loop
      vertex -4.476417541503906 -17.434497833251953 3
      vertex -5.562305450439453 -17.119016647338867 3
      vertex -4.944271087646484 -15.216903686523438 0
    endloop
  endfacet
  facet normal -0.6575483359953477 0.5100472221778901 -0.5545106103388531
    outer loop
      vertex -12.328211784362793 10.198782920837402 0
      vertex -14.562305450439453 10.580134391784668 3
      vertex -13.869237899780273 11.473630905151367 3
    endloop
  endfacet
  facet normal 0.3778003109281791 -0.7414747991649953 -0.5545106376489103
    outer loop
      vertex 8.671566009521484 -15.773519515991211 3
      vertex 7.664027214050293 -16.28688621520996 3
      vertex 7.7080583572387695 -14.020906448364258 0
    endloop
  endfacet
  facet normal -0.13018088578337508 0.8219310213988535 -0.5545108953292922
    outer loop
      vertex -2.9981002807617188 15.716595649719238 0
      vertex -3.3728628158569336 17.681171417236328 3
      vertex -2.005331039428711 15.873834609985352 0
    endloop
  endfacet
  facet normal -0.5503281809993413 -0.6242250151823941 -0.5545106163262303
    outer loop
      vertex -10.198782920837402 -12.328211784362793 0
      vertex -12.321846961975098 -13.121435165405273 3
      vertex -10.952753067016602 -11.663497924804688 0
    endloop
  endfacet
  facet normal -0.23216956619671042 -0.7991337928113122 -0.5545110221799365
    outer loop
      vertex -4.476417541503906 -17.434497833251953 3
      vertex -4.944271087646484 -15.216903686523438 0
      vertex -3.979037284851074 -15.497329711914062 0
    endloop
  endfacet
  facet normal 0.7162893385407534 -0.42361248002842394 -0.5545106403460787
    outer loop
      vertex 15.197901725769043 -9.644882202148438 3
      vertex 14.020906448364258 -7.7080583572387695 0
      vertex 15.773519515991211 -8.671566009521484 3
    endloop
  endfacet
  facet normal 0.5503281809993413 -0.6242250151823941 -0.5545106163262303
    outer loop
      vertex 12.321846961975098 -13.121435165405273 3
      vertex 10.198782920837402 -12.328211784362793 0
      vertex 10.952753067016602 -11.663497924804688 0
    endloop
  endfacet
  facet normal -0.28188977565174045 0.7829788157878567 -0.5545108911558521
    outer loop
      vertex -5.889992713928223 14.876422882080078 0
      vertex -6.626241683959961 16.735977172851562 3
      vertex -4.944271087646484 15.216903686523438 0
    endloop
  endfacet
  facet normal 0.8284833873272534 0.07831631238919394 -0.5545104436676721
    outer loop
      vertex 17.964481353759766 1.1302289962768555 3
      vertex 15.873834609985352 2.005331039428711 0
      vertex 17.858062744140625 2.255997657775879 3
    endloop
  endfacet
  facet normal 0.5100468378093231 0.657548544441073 -0.554510716708105
    outer loop
      vertex 10.198782920837402 12.328211784362793 0
      vertex 9.404563903808594 12.944271087646484 0
      vertex 10.580134391784668 14.562305450439453 3
    endloop
  endfacet
  facet normal 0.7414748708453535 0.377800085934459 -0.5545106950932343
    outer loop
      vertex 14.477231979370117 6.812468528747559 0
      vertex 14.020906448364258 7.7080583572387695 0
      vertex 16.28688621520996 7.664027214050293 3
    endloop
  endfacet
  facet normal 0.18153358533545186 0.8121349790469071 -0.5545108954779302
    outer loop
      vertex 4.476417541503906 17.434497833251953 3
      vertex 2.9981002807617188 15.716595649719238 0
      vertex 3.3728628158569336 17.681171417236328 3
    endloop
  endfacet
  facet normal 0.5100472221778901 0.6575483359953477 -0.5545106103388531
    outer loop
      vertex 11.473630905151367 13.869237899780273 3
      vertex 10.198782920837402 12.328211784362793 0
      vertex 10.580134391784668 14.562305450439453 3
    endloop
  endfacet
  facet normal -0.8121349790469071 0.18153358533545186 -0.5545108954779302
    outer loop
      vertex -15.716595649719238 2.9981002807617188 0
      vertex -17.681171417236328 3.3728628158569336 3
      vertex -17.434497833251953 4.476417541503906 3
    endloop
  endfacet
  facet normal -0.8317658072947102 -0.026140083138360595 -0.5545108996844865
    outer loop
      vertex -15.968426704406738 -1.004648208618164 0
      vertex -17.964481353759766 -1.1302289962768555 3
      vertex -16 0 0
    endloop
  endfacet
  facet normal -0.7829792311084873 0.28188903034712554 -0.5545106835965556
    outer loop
      vertex -15.216903686523438 4.944271087646484 0
      vertex -17.119016647338867 5.562305450439453 3
      vertex -16.735977172851562 6.626241683959961 3
    endloop
  endfacet
  facet normal -0.8121349790469071 -0.18153358533545186 -0.5545108954779302
    outer loop
      vertex -17.434497833251953 -4.476417541503906 3
      vertex -17.681171417236328 -3.3728628158569336 3
      vertex -15.716595649719238 -2.9981002807617188 0
    endloop
  endfacet
  facet normal 0.6575483359953477 -0.5100472221778901 -0.5545106103388531
    outer loop
      vertex 13.869237899780273 -11.473630905151367 3
      vertex 12.328211784362793 -10.198782920837402 0
      vertex 14.562305450439453 -10.580134391784668 3
    endloop
  endfacet
  facet normal 0.7991337928113122 -0.23216956619671042 -0.5545110221799365
    outer loop
      vertex 17.434497833251953 -4.476417541503906 3
      vertex 15.216903686523438 -4.944271087646484 0
      vertex 15.497329711914062 -3.979037284851074 0
    endloop
  endfacet
  facet normal 0.8284832622699511 0.07831449142352141 -0.5545108876943851
    outer loop
      vertex 15.968426704406738 1.004648208618164 0
      vertex 15.873834609985352 2.005331039428711 0
      vertex 17.964481353759766 1.1302289962768555 3
    endloop
  endfacet
  facet normal 0.4677522785349651 0.688277297811551 -0.5545107458314745
    outer loop
      vertex 9.404563903808594 12.944271087646484 0
      vertex 8.573227882385254 13.509245872497559 0
      vertex 9.644882202148438 15.197901725769043 3
    endloop
  endfacet
  facet normal 0.07831631238919394 0.8284833873272534 -0.5545104436676721
    outer loop
      vertex 2.005331039428711 15.873834609985352 0
      vertex 1.1302289962768555 17.964481353759766 3
      vertex 2.255997657775879 17.858062744140625 3
    endloop
  endfacet
  facet normal 0.7162890750043365 0.4236127948932222 -0.5545107402315891
    outer loop
      vertex 14.020906448364258 7.7080583572387695 0
      vertex 13.509245872497559 8.573227882385254 0
      vertex 15.197901725769043 9.644882202148438 3
    endloop
  endfacet
  facet normal -0.5503281660074225 -0.6242250335176855 -0.554510610564623
    outer loop
      vertex -11.473630905151367 -13.869237899780273 3
      vertex -12.321846961975098 -13.121435165405273 3
      vertex -10.198782920837402 -12.328211784362793 0
    endloop
  endfacet
  facet normal -0.831765994883035 -0.02613912952527928 -0.5545106632553567
    outer loop
      vertex -17.964481353759766 -1.1302289962768555 3
      vertex -18 0 3
      vertex -16 0 0
    endloop
  endfacet
  facet normal -0.5503281660074225 0.6242250335176855 -0.554510610564623
    outer loop
      vertex -10.198782920837402 12.328211784362793 0
      vertex -12.321846961975098 13.121435165405273 3
      vertex -11.473630905151367 13.869237899780273 3
    endloop
  endfacet
  facet normal 0.7991336264165314 0.23217094701058733 -0.5545106838416829
    outer loop
      vertex 17.434497833251953 4.476417541503906 3
      vertex 15.216903686523438 4.944271087646484 0
      vertex 17.119016647338867 5.562305450439453 3
    endloop
  endfacet
  facet normal 0.07831449142352141 -0.8284832622699511 -0.5545108876943851
    outer loop
      vertex 1.1302289962768555 -17.964481353759766 3
      vertex 1.004648208618164 -15.968426704406738 0
      vertex 2.005331039428711 -15.873834609985352 0
    endloop
  endfacet
  facet normal 0.657548544441073 -0.5100468378093231 -0.554510716708105
    outer loop
      vertex 14.562305450439453 -10.580134391784668 3
      vertex 12.328211784362793 -10.198782920837402 0
      vertex 12.944271087646484 -9.404563903808594 0
    endloop
  endfacet
  facet normal -0.6882772434686489 -0.46775239576070343 -0.5545107143990281
    outer loop
      vertex -14.562305450439453 -10.580134391784668 3
      vertex -15.197901725769043 -9.644882202148438 3
      vertex -12.944271087646484 -9.404563903808594 0
    endloop
  endfacet
  facet normal 0.02613912952527928 -0.831765994883035 -0.5545106632553567
    outer loop
      vertex 1.1302289962768555 -17.964481353759766 3
      vertex 0 -18 3
      vertex 0 -16 0
    endloop
  endfacet
  facet normal -0.13017916171569086 -0.8219315925371269 -0.5545104535032523
    outer loop
      vertex -2.255997657775879 -17.858062744140625 3
      vertex -3.3728628158569336 -17.681171417236328 3
      vertex -2.005331039428711 -15.873834609985352 0
    endloop
  endfacet
  facet normal 0.6575483359953477 0.5100472221778901 -0.5545106103388531
    outer loop
      vertex 14.562305450439453 10.580134391784668 3
      vertex 12.328211784362793 10.198782920837402 0
      vertex 13.869237899780273 11.473630905151367 3
    endloop
  endfacet
  facet normal 0.8219315925371269 -0.13017916171569086 -0.5545104535032523
    outer loop
      vertex 17.681171417236328 -3.3728628158569336 3
      vertex 15.873834609985352 -2.005331039428711 0
      vertex 17.858062744140625 -2.255997657775879 3
    endloop
  endfacet
  facet normal 0.7829788157878567 0.28188977565174045 -0.5545108911558521
    outer loop
      vertex 15.216903686523438 4.944271087646484 0
      vertex 14.876422882080078 5.889992713928223 0
      vertex 16.735977172851562 6.626241683959961 3
    endloop
  endfacet
  facet normal -0.7829788157878567 -0.28188977565174045 -0.5545108911558521
    outer loop
      vertex -14.876422882080078 -5.889992713928223 0
      vertex -16.735977172851562 -6.626241683959961 3
      vertex -15.216903686523438 -4.944271087646484 0
    endloop
  endfacet
  facet normal 0.8317658072947102 -0.026140083138360595 -0.5545108996844865
    outer loop
      vertex 17.964481353759766 -1.1302289962768555 3
      vertex 15.968426704406738 -1.004648208618164 0
      vertex 16 0 0
    endloop
  endfacet
  facet normal 0.18153358533545186 -0.8121349790469071 -0.5545108954779302
    outer loop
      vertex 3.3728628158569336 -17.681171417236328 3
      vertex 2.9981002807617188 -15.716595649719238 0
      vertex 4.476417541503906 -17.434497833251953 3
    endloop
  endfacet
  facet normal 0.4236127948932222 0.7162890750043365 -0.5545107402315891
    outer loop
      vertex 8.573227882385254 13.509245872497559 0
      vertex 7.7080583572387695 14.020906448364258 0
      vertex 9.644882202148438 15.197901725769043 3
    endloop
  endfacet
  facet normal 0.7829788157878567 -0.28188977565174045 -0.5545108911558521
    outer loop
      vertex 16.735977172851562 -6.626241683959961 3
      vertex 14.876422882080078 -5.889992713928223 0
      vertex 15.216903686523438 -4.944271087646484 0
    endloop
  endfacet
  facet normal -0.6242250335176855 -0.5503281660074225 -0.554510610564623
    outer loop
      vertex -13.121435165405273 -12.321846961975098 3
      vertex -13.869237899780273 -11.473630905151367 3
      vertex -12.328211784362793 -10.198782920837402 0
    endloop
  endfacet
  facet normal -0.6575483359953477 -0.5100472221778901 -0.5545106103388531
    outer loop
      vertex -13.869237899780273 -11.473630905151367 3
      vertex -14.562305450439453 -10.580134391784668 3
      vertex -12.328211784362793 -10.198782920837402 0
    endloop
  endfacet
  facet normal 0.7414747991649953 0.3778003109281791 -0.5545106376489103
    outer loop
      vertex 16.28688621520996 7.664027214050293 3
      vertex 14.020906448364258 7.7080583572387695 0
      vertex 15.773519515991211 8.671566009521484 3
    endloop
  endfacet
  facet normal 0.28188977565174045 -0.7829788157878567 -0.5545108911558521
    outer loop
      vertex 6.626241683959961 -16.735977172851562 3
      vertex 4.944271087646484 -15.216903686523438 0
      vertex 5.889992713928223 -14.876422882080078 0
    endloop
  endfacet
  facet normal 0.6242250335176855 -0.5503281660074225 -0.554510610564623
    outer loop
      vertex 13.121435165405273 -12.321846961975098 3
      vertex 12.328211784362793 -10.198782920837402 0
      vertex 13.869237899780273 -11.473630905151367 3
    endloop
  endfacet
  facet normal 0.23217094701058733 -0.7991336264165314 -0.5545106838416829
    outer loop
      vertex 5.562305450439453 -17.119016647338867 3
      vertex 4.476417541503906 -17.434497833251953 3
      vertex 4.944271087646484 -15.216903686523438 0
    endloop
  endfacet
  facet normal 0.026140083138360595 -0.8317658072947102 -0.5545108996844865
    outer loop
      vertex 1.1302289962768555 -17.964481353759766 3
      vertex 0 -16 0
      vertex 1.004648208618164 -15.968426704406738 0
    endloop
  endfacet
  facet normal 0.3778003109281791 0.7414747991649953 -0.5545106376489103
    outer loop
      vertex 7.7080583572387695 14.020906448364258 0
      vertex 7.664027214050293 16.28688621520996 3
      vertex 8.671566009521484 15.773519515991211 3
    endloop
  endfacet
  facet normal -0.657548544441073 -0.5100468378093231 -0.554510716708105
    outer loop
      vertex -12.328211784362793 -10.198782920837402 0
      vertex -14.562305450439453 -10.580134391784668 3
      vertex -12.944271087646484 -9.404563903808594 0
    endloop
  endfacet
  facet normal -0.5100472221778901 -0.6575483359953477 -0.5545106103388531
    outer loop
      vertex -10.580134391784668 -14.562305450439453 3
      vertex -11.473630905151367 -13.869237899780273 3
      vertex -10.198782920837402 -12.328211784362793 0
    endloop
  endfacet
  facet normal -0.7991336264165314 0.23217094701058733 -0.5545106838416829
    outer loop
      vertex -15.216903686523438 4.944271087646484 0
      vertex -17.434497833251953 4.476417541503906 3
      vertex -17.119016647338867 5.562305450439453 3
    endloop
  endfacet
  facet normal -0.46775239576070343 -0.6882772434686489 -0.5545107143990281
    outer loop
      vertex -9.644882202148438 -15.197901725769043 3
      vertex -10.580134391784668 -14.562305450439453 3
      vertex -9.404563903808594 -12.944271087646484 0
    endloop
  endfacet
  facet normal 0.7162890750043365 -0.4236127948932222 -0.5545107402315891
    outer loop
      vertex 15.197901725769043 -9.644882202148438 3
      vertex 13.509245872497559 -8.573227882385254 0
      vertex 14.020906448364258 -7.7080583572387695 0
    endloop
  endfacet
  facet normal 0.6882772434686489 0.46775239576070343 -0.5545107143990281
    outer loop
      vertex 15.197901725769043 9.644882202148438 3
      vertex 12.944271087646484 9.404563903808594 0
      vertex 14.562305450439453 10.580134391784668 3
    endloop
  endfacet
  facet normal 0.02613912952527928 0.831765994883035 -0.5545106632553567
    outer loop
      vertex 1.1302289962768555 17.964481353759766 3
      vertex 0 16 0
      vertex 0 18 3
    endloop
  endfacet
  facet normal 0.42361248002842394 0.7162893385407534 -0.5545106403460787
    outer loop
      vertex 9.644882202148438 15.197901725769043 3
      vertex 7.7080583572387695 14.020906448364258 0
      vertex 8.671566009521484 15.773519515991211 3
    endloop
  endfacet
  facet normal 0.28188977565174045 0.7829788157878567 -0.5545108911558521
    outer loop
      vertex 5.889992713928223 14.876422882080078 0
      vertex 4.944271087646484 15.216903686523438 0
      vertex 6.626241683959961 16.735977172851562 3
    endloop
  endfacet
  facet normal -0.8284833873272534 -0.07831631238919394 -0.5545104436676721
    outer loop
      vertex -17.858062744140625 -2.255997657775879 3
      vertex -17.964481353759766 -1.1302289962768555 3
      vertex -15.873834609985352 -2.005331039428711 0
    endloop
  endfacet
  facet normal 0.7991336264165314 -0.23217094701058733 -0.5545106838416829
    outer loop
      vertex 17.119016647338867 -5.562305450439453 3
      vertex 15.216903686523438 -4.944271087646484 0
      vertex 17.434497833251953 -4.476417541503906 3
    endloop
  endfacet
  facet normal 0.8219315925371269 0.13017916171569086 -0.5545104535032523
    outer loop
      vertex 17.858062744140625 2.255997657775879 3
      vertex 15.873834609985352 2.005331039428711 0
      vertex 17.681171417236328 3.3728628158569336 3
    endloop
  endfacet
  facet normal 0.13017916171569086 0.8219315925371269 -0.5545104535032523
    outer loop
      vertex 3.3728628158569336 17.681171417236328 3
      vertex 2.005331039428711 15.873834609985352 0
      vertex 2.255997657775879 17.858062744140625 3
    endloop
  endfacet
  facet normal 0.7637336339255775 0.33049783322078446 -0.5545107020132238
    outer loop
      vertex 16.735977172851562 6.626241683959961 3
      vertex 14.477231979370117 6.812468528747559 0
      vertex 16.28688621520996 7.664027214050293 3
    endloop
  endfacet
  facet normal 0.46775239576070343 0.6882772434686489 -0.5545107143990281
    outer loop
      vertex 10.580134391784668 14.562305450439453 3
      vertex 9.404563903808594 12.944271087646484 0
      vertex 9.644882202148438 15.197901725769043 3
    endloop
  endfacet
  facet normal 0.18153407772232708 0.8121347808216671 -0.5545110246020782
    outer loop
      vertex 3.979037284851074 15.497329711914062 0
      vertex 2.9981002807617188 15.716595649719238 0
      vertex 4.476417541503906 17.434497833251953 3
    endloop
  endfacet
  facet normal 0.7637336339255775 -0.33049783322078446 -0.5545107020132238
    outer loop
      vertex 16.28688621520996 -7.664027214050293 3
      vertex 14.477231979370117 -6.812468528747559 0
      vertex 16.735977172851562 -6.626241683959961 3
    endloop
  endfacet
  facet normal -0.657548544441073 0.5100468378093231 -0.554510716708105
    outer loop
      vertex -12.944271087646484 9.404563903808594 0
      vertex -14.562305450439453 10.580134391784668 3
      vertex -12.328211784362793 10.198782920837402 0
    endloop
  endfacet
  facet normal -0.7991336264165314 -0.23217094701058733 -0.5545106838416829
    outer loop
      vertex -17.119016647338867 -5.562305450439453 3
      vertex -17.434497833251953 -4.476417541503906 3
      vertex -15.216903686523438 -4.944271087646484 0
    endloop
  endfacet
  facet normal 0.7414748708453535 -0.377800085934459 -0.5545106950932343
    outer loop
      vertex 16.28688621520996 -7.664027214050293 3
      vertex 14.020906448364258 -7.7080583572387695 0
      vertex 14.477231979370117 -6.812468528747559 0
    endloop
  endfacet
  facet normal 0.6242250151823941 0.5503281809993413 -0.5545106163262303
    outer loop
      vertex 12.328211784362793 10.198782920837402 0
      vertex 11.663497924804688 10.952753067016602 0
      vertex 13.121435165405273 12.321846961975098 3
    endloop
  endfacet
  facet normal 0.8121349790469071 0.18153358533545186 -0.5545108954779302
    outer loop
      vertex 17.681171417236328 3.3728628158569336 3
      vertex 15.716595649719238 2.9981002807617188 0
      vertex 17.434497833251953 4.476417541503906 3
    endloop
  endfacet
  facet normal -0.5100468378093231 -0.657548544441073 -0.554510716708105
    outer loop
      vertex -9.404563903808594 -12.944271087646484 0
      vertex -10.580134391784668 -14.562305450439453 3
      vertex -10.198782920837402 -12.328211784362793 0
    endloop
  endfacet
  facet normal -0.7829792311084873 -0.28188903034712554 -0.5545106835965556
    outer loop
      vertex -16.735977172851562 -6.626241683959961 3
      vertex -17.119016647338867 -5.562305450439453 3
      vertex -15.216903686523438 -4.944271087646484 0
    endloop
  endfacet
  facet normal 0.4677522785349651 -0.688277297811551 -0.5545107458314745
    outer loop
      vertex 9.644882202148438 -15.197901725769043 3
      vertex 8.573227882385254 -13.509245872497559 0
      vertex 9.404563903808594 -12.944271087646484 0
    endloop
  endfacet
  facet normal 0.5100472221778901 -0.6575483359953477 -0.5545106103388531
    outer loop
      vertex 10.580134391784668 -14.562305450439453 3
      vertex 10.198782920837402 -12.328211784362793 0
      vertex 11.473630905151367 -13.869237899780273 3
    endloop
  endfacet
  facet normal -0.07831631238919394 -0.8284833873272534 -0.5545104436676721
    outer loop
      vertex -1.1302289962768555 -17.964481353759766 3
      vertex -2.255997657775879 -17.858062744140625 3
      vertex -2.005331039428711 -15.873834609985352 0
    endloop
  endfacet
  facet normal -0.688277297811551 -0.4677522785349651 -0.5545107458314745
    outer loop
      vertex -12.944271087646484 -9.404563903808594 0
      vertex -15.197901725769043 -9.644882202148438 3
      vertex -13.509245872497559 -8.573227882385254 0
    endloop
  endfacet
  facet normal -0.8121347808216671 0.18153407772232708 -0.5545110246020782
    outer loop
      vertex -15.716595649719238 2.9981002807617188 0
      vertex -17.434497833251953 4.476417541503906 3
      vertex -15.497329711914062 3.979037284851074 0
    endloop
  endfacet
  facet normal -0.8317658072947102 0.026140083138360595 -0.5545108996844865
    outer loop
      vertex -16 0 0
      vertex -17.964481353759766 1.1302289962768555 3
      vertex -15.968426704406738 1.004648208618164 0
    endloop
  endfacet
  facet normal 0.6242250151823941 -0.5503281809993413 -0.5545106163262303
    outer loop
      vertex 13.121435165405273 -12.321846961975098 3
      vertex 11.663497924804688 -10.952753067016602 0
      vertex 12.328211784362793 -10.198782920837402 0
    endloop
  endfacet
  facet normal -0.5503281809993413 0.6242250151823941 -0.5545106163262303
    outer loop
      vertex -10.952753067016602 11.663497924804688 0
      vertex -12.321846961975098 13.121435165405273 3
      vertex -10.198782920837402 12.328211784362793 0
    endloop
  endfacet
  facet normal 0 0 -1
    outer loop
      vertex 3.2749996185302734 0 0
      vertex 16 0 0
      vertex 15.968426704406738 -1.004648208618164 0
    endloop
  endfacet
  facet normal 0 0 -1
    outer loop
      vertex 3.26535964012146 -0.23925542831420898 0
      vertex 15.968426704406738 -1.004648208618164 0
      vertex 15.873834609985352 -2.005331039428711 0
    endloop
  endfacet
  facet normal 0 0 -1
    outer loop
      vertex 16 0 0
      vertex 3.2749996185302734 0 0
      vertex 15.968426704406738 1.004648208618164 0
    endloop
  endfacet
  facet normal 0 0 -1
    outer loop
      vertex 3.2491748332977295 -0.41046619415283203 0
      vertex 15.873834609985352 -2.005331039428711 0
      vertex 15.716595649719238 -2.9981002807617188 0
    endloop
  endfacet
  facet normal 0 0 -1
    outer loop
      vertex 3.2695980072021484 0.1718888282775879 0
      vertex 15.968426704406738 1.004648208618164 0
      vertex 3.2749996185302734 0 0
    endloop
  endfacet
  facet normal 0 0 -1
    outer loop
      vertex 3.2096245288848877 -0.6466264724731445 0
      vertex 15.716595649719238 -2.9981002807617188 0
      vertex 15.497329711914062 -3.979037284851074 0
    endloop
  endfacet
  facet normal 0 0 -1
    outer loop
      vertex 3.2685372829437256 0.20563864707946777 0
      vertex 15.968426704406738 1.004648208618164 0
      vertex 3.2695980072021484 0.1718888282775879 0
    endloop
  endfacet
  facet normal 0 0 -1
    outer loop
      vertex 3.172109365463257 -0.8144590854644775 0
      vertex 15.497329711914062 -3.979037284851074 0
      vertex 15.216903686523438 -4.944271087646484 0
    endloop
  endfacet
  facet normal 0 0 -1
    outer loop
      vertex 3.26535964012146 0.23925542831420898 0
      vertex 15.968426704406738 1.004648208618164 0
      vertex 3.2685372829437256 0.20563864707946777 0
    endloop
  endfacet
  facet normal 0 0 -1
    outer loop
      vertex 3.1147093772888184 -1.0120301246643066 0
      vertex 15.216903686523438 -4.944271087646484 0
      vertex 14.876422882080078 -5.889992713928223 0
    endloop
  endfacet
  facet normal 0 0 -1
    outer loop
      vertex 15.968426704406738 1.004648208618164 0
      vertex 3.26535964012146 0.23925542831420898 0
      vertex 15.873834609985352 2.005331039428711 0
    endloop
  endfacet
  facet normal 0 0 -1
    outer loop
      vertex 3.0450172424316406 -1.2056071758270264 0
      vertex 14.876422882080078 -5.889992713928223 0
      vertex 14.477231979370117 -6.812468528747559 0
    endloop
  endfacet
  facet normal 0 0 -1
    outer loop
      vertex 3.2491748332977295 0.41046619415283203 0
      vertex 15.873834609985352 2.005331039428711 0
      vertex 3.26535964012146 0.23925542831420898 0
    endloop
  endfacet
  facet normal 0 0 -1
    outer loop
      vertex 2.9479782581329346 -1.4245131015777588 0
      vertex 14.477231979370117 -6.812468528747559 0
      vertex 14.020906448364258 -7.7080583572387695 0
    endloop
  endfacet
  facet normal 0 0 -1
    outer loop
      vertex 15.873834609985352 2.005331039428711 0
      vertex 3.2491748332977295 0.41046619415283203 0
      vertex 15.716595649719238 2.9981002807617188 0
    endloop
  endfacet
  facet normal 0 0 -1
    outer loop
      vertex 2.869903802871704 -1.577742338180542 0
      vertex 14.020906448364258 -7.7080583572387695 0
      vertex 13.509245872497559 -8.573227882385254 0
    endloop
  endfacet
  facet normal 0 0 -1
    outer loop
      vertex 3.2222726345062256 0.580322265625 0
      vertex 15.716595649719238 2.9981002807617188 0
      vertex 3.2491748332977295 0.41046619415283203 0
    endloop
  endfacet
  facet normal 0 0 -1
    outer loop
      vertex 2.7651736736297607 -1.7548325061798096 0
      vertex 13.509245872497559 -8.573227882385254 0
      vertex 12.944271087646484 -9.404563903808594 0
    endloop
  endfacet
  facet normal 0 0 -1
    outer loop
      vertex 3.2169904708862305 0.6136729717254639 0
      vertex 15.716595649719238 2.9981002807617188 0
      vertex 3.2222726345062256 0.580322265625 0
    endloop
  endfacet
  facet normal 0 0 -1
    outer loop
      vertex 2.6288342475891113 -1.951676845550537 0
      vertex 12.944271087646484 -9.404563903808594 0
      vertex 12.328211784362793 -10.198782920837402 0
    endloop
  endfacet
  facet normal 0 0 -1
    outer loop
      vertex 3.2096245288848877 0.6466264724731445 0
      vertex 15.716595649719238 2.9981002807617188 0
      vertex 3.2169904708862305 0.6136729717254639 0
    endloop
  endfacet
  facet normal 0 0 -1
    outer loop
      vertex 2.523430585861206 -2.0875632762908936 0
      vertex 12.328211784362793 -10.198782920837402 0
      vertex 11.663497924804688 -10.952753067016602 0
    endloop
  endfacet
  facet normal 0 0 -1
    outer loop
      vertex 15.716595649719238 2.9981002807617188 0
      vertex 3.2096245288848877 0.6466264724731445 0
      vertex 15.497329711914062 3.979037284851074 0
    endloop
  endfacet
  facet normal 0 0 -1
    outer loop
      vertex 2.387371778488159 -2.2418911457061768 0
      vertex 11.663497924804688 -10.952753067016602 0
      vertex 10.952753067016602 -11.663497924804688 0
    endloop
  endfacet
  facet normal 0 0 -1
    outer loop
      vertex 3.172109365463257 0.8144590854644775 0
      vertex 15.497329711914062 3.979037284851074 0
      vertex 3.2096245288848877 0.6466264724731445 0
    endloop
  endfacet
  facet normal 0 0 -1
    outer loop
      vertex 2.216562509536743 -2.4097020626068115 0
      vertex 10.952753067016602 -11.663497924804688 0
      vertex 10.198782920837402 -12.328211784362793 0
    endloop
  endfacet
  facet normal 0 0 -1
    outer loop
      vertex 15.497329711914062 3.979037284851074 0
      vertex 3.172109365463257 0.8144590854644775 0
      vertex 15.216903686523438 4.944271087646484 0
    endloop
  endfacet
  facet normal 0 0 -1
    outer loop
      vertex 2.0875632762908936 -2.523430585861206 0
      vertex 10.198782920837402 -12.328211784362793 0
      vertex 9.404563903808594 -12.944271087646484 0
    endloop
  endfacet
  facet normal 0 0 -1
    outer loop
      vertex 3.1241300106048584 0.9796044826507568 0
      vertex 15.216903686523438 4.944271087646484 0
      vertex 3.172109365463257 0.8144590854644775 0
    endloop
  endfacet
  facet normal 0 0 -1
    outer loop
      vertex 1.8970682621002197 -2.6685097217559814 0
      vertex 9.404563903808594 -12.944271087646484 0
      vertex 8.573227882385254 -13.509245872497559 0
    endloop
  endfacet
  facet normal 0 0 -1
    outer loop
      vertex 3.1147093772888184 1.0120301246643066 0
      vertex 15.216903686523438 4.944271087646484 0
      vertex 3.1241300106048584 0.9796044826507568 0
    endloop
  endfacet
  facet normal 0 0 -1
    outer loop
      vertex 1.7257680892944336 -2.782362222671509 0
      vertex 8.573227882385254 -13.509245872497559 0
      vertex 7.7080583572387695 -14.020906448364258 0
    endloop
  endfacet
  facet normal 0 0 -1
    outer loop
      vertex 15.216903686523438 4.944271087646484 0
      vertex 3.1147093772888184 1.0120301246643066 0
      vertex 14.876422882080078 5.889992713928223 0
    endloop
  endfacet
  facet normal 0 0 -1
    outer loop
      vertex 1.577742338180542 -2.869903802871704 0
      vertex 7.7080583572387695 -14.020906448364258 0
      vertex 6.812468528747559 -14.477231979370117 0
    endloop
  endfacet
  facet normal 0 0 -1
    outer loop
      vertex 3.056455373764038 1.1738367080688477 0
      vertex 14.876422882080078 5.889992713928223 0
      vertex 3.1147093772888184 1.0120301246643066 0
    endloop
  endfacet
  facet normal 0 0 -1
    outer loop
      vertex 1.3634376525878906 -2.9767181873321533 0
      vertex 6.812468528747559 -14.477231979370117 0
      vertex 5.889992713928223 -14.876422882080078 0
    endloop
  endfacet
  facet normal 0 0 -1
    outer loop
      vertex 3.0450172424316406 1.2056071758270264 0
      vertex 14.876422882080078 5.889992713928223 0
      vertex 3.056455373764038 1.1738367080688477 0
    endloop
  endfacet
  facet normal 0 0 -1
    outer loop
      vertex 1.1738367080688477 -3.056455373764038 0
      vertex 5.889992713928223 -14.876422882080078 0
      vertex 4.944271087646484 -15.216903686523438 0
    endloop
  endfacet
  facet normal 0 0 -1
    outer loop
      vertex 14.876422882080078 5.889992713928223 0
      vertex 3.0450172424316406 1.2056071758270264 0
      vertex 14.477231979370117 6.812468528747559 0
    endloop
  endfacet
  facet normal 0 0 -1
    outer loop
      vertex 0.9796044826507568 -3.1241300106048584 0
      vertex 4.944271087646484 -15.216903686523438 0
      vertex 3.979037284851074 -15.497329711914062 0
    endloop
  endfacet
  facet normal 0 0 -1
    outer loop
      vertex 2.9767181873321533 1.3634376525878906 0
      vertex 14.477231979370117 6.812468528747559 0
      vertex 3.0450172424316406 1.2056071758270264 0
    endloop
  endfacet
  facet normal 0 0 -1
    outer loop
      vertex 2.9633078575134277 1.3944270610809326 0
      vertex 14.477231979370117 6.812468528747559 0
      vertex 2.9767181873321533 1.3634376525878906 0
    endloop
  endfacet
  facet normal 0 0 -1
    outer loop
      vertex 15.968426704406738 -1.004648208618164 0
      vertex 3.2695980072021484 -0.1718888282775879 0
      vertex 3.2749996185302734 0 0
    endloop
  endfacet
  facet normal 0 0 -1
    outer loop
      vertex 15.968426704406738 -1.004648208618164 0
      vertex 3.2685372829437256 -0.20563864707946777 0
      vertex 3.2695980072021484 -0.1718888282775879 0
    endloop
  endfacet
  facet normal 0 0 -1
    outer loop
      vertex 15.968426704406738 -1.004648208618164 0
      vertex 3.26535964012146 -0.23925542831420898 0
      vertex 3.2685372829437256 -0.20563864707946777 0
    endloop
  endfacet
  facet normal 0 0 -1
    outer loop
      vertex 15.873834609985352 -2.005331039428711 0
      vertex 3.2491748332977295 -0.41046619415283203 0
      vertex 3.26535964012146 -0.23925542831420898 0
    endloop
  endfacet
  facet normal 0 0 -1
    outer loop
      vertex 15.716595649719238 -2.9981002807617188 0
      vertex 3.2222726345062256 -0.580322265625 0
      vertex 3.2491748332977295 -0.41046619415283203 0
    endloop
  endfacet
  facet normal 0 0 -1
    outer loop
      vertex 15.716595649719238 -2.9981002807617188 0
      vertex 3.2169904708862305 -0.6136729717254639 0
      vertex 3.2222726345062256 -0.580322265625 0
    endloop
  endfacet
  facet normal 0 0 -1
    outer loop
      vertex 15.716595649719238 -2.9981002807617188 0
      vertex 3.2096245288848877 -0.6466264724731445 0
      vertex 3.2169904708862305 -0.6136729717254639 0
    endloop
  endfacet
  facet normal 0 0 -1
    outer loop
      vertex 15.497329711914062 -3.979037284851074 0
      vertex 3.172109365463257 -0.8144590854644775 0
      vertex 3.2096245288848877 -0.6466264724731445 0
    endloop
  endfacet
  facet normal 0 0 -1
    outer loop
      vertex 15.216903686523438 -4.944271087646484 0
      vertex 3.1241300106048584 -0.9796044826507568 0
      vertex 3.172109365463257 -0.8144590854644775 0
    endloop
  endfacet
  facet normal 0 0 -1
    outer loop
      vertex 15.216903686523438 -4.944271087646484 0
      vertex 3.1147093772888184 -1.0120301246643066 0
      vertex 3.1241300106048584 -0.9796044826507568 0
    endloop
  endfacet
  facet normal 0 0 -1
    outer loop
      vertex 14.876422882080078 -5.889992713928223 0
      vertex 3.056455373764038 -1.1738367080688477 0
      vertex 3.1147093772888184 -1.0120301246643066 0
    endloop
  endfacet
  facet normal 0 0 -1
    outer loop
      vertex 14.876422882080078 -5.889992713928223 0
      vertex 3.0450172424316406 -1.2056071758270264 0
      vertex 3.056455373764038 -1.1738367080688477 0
    endloop
  endfacet
  facet normal 0 0 -1
    outer loop
      vertex 0.8144590854644775 -3.172109365463257 0
      vertex 3.979037284851074 -15.497329711914062 0
      vertex 2.9981002807617188 -15.716595649719238 0
    endloop
  endfacet
  facet normal 0 0 -1
    outer loop
      vertex 14.477231979370117 -6.812468528747559 0
      vertex 2.9767181873321533 -1.3634376525878906 0
      vertex 3.0450172424316406 -1.2056071758270264 0
    endloop
  endfacet
  facet normal 0 0 -1
    outer loop
      vertex 14.477231979370117 -6.812468528747559 0
      vertex 2.9633078575134277 -1.3944270610809326 0
      vertex 2.9767181873321533 -1.3634376525878906 0
    endloop
  endfacet
  facet normal 0 0 -1
    outer loop
      vertex 14.477231979370117 -6.812468528747559 0
      vertex 2.9479782581329346 -1.4245131015777588 0
      vertex 2.9633078575134277 -1.3944270610809326 0
    endloop
  endfacet
  facet normal 0 0 -1
    outer loop
      vertex 14.020906448364258 -7.7080583572387695 0
      vertex 2.869903802871704 -1.577742338180542 0
      vertex 2.9479782581329346 -1.4245131015777588 0
    endloop
  endfacet
  facet normal 0 0 -1
    outer loop
      vertex 13.509245872497559 -8.573227882385254 0
      vertex 2.782362222671509 -1.7257680892944336 0
      vertex 2.869903802871704 -1.577742338180542 0
    endloop
  endfacet
  facet normal 0 0 -1
    outer loop
      vertex 13.509245872497559 -8.573227882385254 0
      vertex 2.7651736736297607 -1.7548325061798096 0
      vertex 2.782362222671509 -1.7257680892944336 0
    endloop
  endfacet
  facet normal 0 0 -1
    outer loop
      vertex 12.944271087646484 -9.404563903808594 0
      vertex 2.6685097217559814 -1.8970682621002197 0
      vertex 2.7651736736297607 -1.7548325061798096 0
    endloop
  endfacet
  facet normal 0 0 -1
    outer loop
      vertex 12.944271087646484 -9.404563903808594 0
      vertex 2.6495299339294434 -1.9249958992004395 0
      vertex 2.6685097217559814 -1.8970682621002197 0
    endloop
  endfacet
  facet normal 0 0 -1
    outer loop
      vertex 12.944271087646484 -9.404563903808594 0
      vertex 2.6288342475891113 -1.951676845550537 0
      vertex 2.6495299339294434 -1.9249958992004395 0
    endloop
  endfacet
  facet normal 0 0 -1
    outer loop
      vertex 12.328211784362793 -10.198782920837402 0
      vertex 2.523430585861206 -2.0875632762908936 0
      vertex 2.6288342475891113 -1.951676845550537 0
    endloop
  endfacet
  facet normal 0 0 -1
    outer loop
      vertex 11.663497924804688 -10.952753067016602 0
      vertex 2.4097020626068115 -2.216562509536743 0
      vertex 2.523430585861206 -2.0875632762908936 0
    endloop
  endfacet
  facet normal 0 0 -1
    outer loop
      vertex 11.663497924804688 -10.952753067016602 0
      vertex 2.387371778488159 -2.2418911457061768 0
      vertex 2.4097020626068115 -2.216562509536743 0
    endloop
  endfacet
  facet normal 0 0 -1
    outer loop
      vertex 10.952753067016602 -11.663497924804688 0
      vertex 2.2418911457061768 -2.387371778488159 0
      vertex 2.387371778488159 -2.2418911457061768 0
    endloop
  endfacet
  facet normal 0 0 -1
    outer loop
      vertex 10.952753067016602 -11.663497924804688 0
      vertex 2.216562509536743 -2.4097020626068115 0
      vertex 2.2418911457061768 -2.387371778488159 0
    endloop
  endfacet
  facet normal 0 0 -1
    outer loop
      vertex 10.198782920837402 -12.328211784362793 0
      vertex 2.0875632762908936 -2.523430585861206 0
      vertex 2.216562509536743 -2.4097020626068115 0
    endloop
  endfacet
  facet normal 0 0 -1
    outer loop
      vertex 0.580322265625 -3.2222726345062256 0
      vertex 2.9981002807617188 -15.716595649719238 0
      vertex 2.005331039428711 -15.873834609985352 0
    endloop
  endfacet
  facet normal 0 0 -1
    outer loop
      vertex 9.404563903808594 -12.944271087646484 0
      vertex 1.951676845550537 -2.6288342475891113 0
      vertex 2.0875632762908936 -2.523430585861206 0
    endloop
  endfacet
  facet normal 0 0 -1
    outer loop
      vertex 9.404563903808594 -12.944271087646484 0
      vertex 1.9249958992004395 -2.6495299339294434 0
      vertex 1.951676845550537 -2.6288342475891113 0
    endloop
  endfacet
  facet normal 0 0 -1
    outer loop
      vertex 9.404563903808594 -12.944271087646484 0
      vertex 1.8970682621002197 -2.6685097217559814 0
      vertex 1.9249958992004395 -2.6495299339294434 0
    endloop
  endfacet
  facet normal 0 0 -1
    outer loop
      vertex 8.573227882385254 -13.509245872497559 0
      vertex 1.7548325061798096 -2.7651736736297607 0
      vertex 1.8970682621002197 -2.6685097217559814 0
    endloop
  endfacet
  facet normal 0 0 -1
    outer loop
      vertex 8.573227882385254 -13.509245872497559 0
      vertex 1.7257680892944336 -2.782362222671509 0
      vertex 1.7548325061798096 -2.7651736736297607 0
    endloop
  endfacet
  facet normal 0 0 -1
    outer loop
      vertex 7.7080583572387695 -14.020906448364258 0
      vertex 1.577742338180542 -2.869903802871704 0
      vertex 1.7257680892944336 -2.782362222671509 0
    endloop
  endfacet
  facet normal 0 0 -1
    outer loop
      vertex 6.812468528747559 -14.477231979370117 0
      vertex 1.4245131015777588 -2.9479782581329346 0
      vertex 1.577742338180542 -2.869903802871704 0
    endloop
  endfacet
  facet normal 0 0 -1
    outer loop
      vertex 6.812468528747559 -14.477231979370117 0
      vertex 1.3944270610809326 -2.9633078575134277 0
      vertex 1.4245131015777588 -2.9479782581329346 0
    endloop
  endfacet
  facet normal 0 0 -1
    outer loop
      vertex 6.812468528747559 -14.477231979370117 0
      vertex 1.3634376525878906 -2.9767181873321533 0
      vertex 1.3944270610809326 -2.9633078575134277 0
    endloop
  endfacet
  facet normal 0 0 -1
    outer loop
      vertex 5.889992713928223 -14.876422882080078 0
      vertex 1.2056071758270264 -3.0450172424316406 0
      vertex 1.3634376525878906 -2.9767181873321533 0
    endloop
  endfacet
  facet normal 0 0 -1
    outer loop
      vertex 5.889992713928223 -14.876422882080078 0
      vertex 1.1738367080688477 -3.056455373764038 0
      vertex 1.2056071758270264 -3.0450172424316406 0
    endloop
  endfacet
  facet normal 0 0 -1
    outer loop
      vertex 4.944271087646484 -15.216903686523438 0
      vertex 1.0120301246643066 -3.1147093772888184 0
      vertex 1.1738367080688477 -3.056455373764038 0
    endloop
  endfacet
  facet normal 0 0 -1
    outer loop
      vertex 0.41046619415283203 -3.2491748332977295 0
      vertex 2.005331039428711 -15.873834609985352 0
      vertex 1.004648208618164 -15.968426704406738 0
    endloop
  endfacet
  facet normal 0 0 -1
    outer loop
      vertex 4.944271087646484 -15.216903686523438 0
      vertex 0.9796044826507568 -3.1241300106048584 0
      vertex 1.0120301246643066 -3.1147093772888184 0
    endloop
  endfacet
  facet normal 0 0 -1
    outer loop
      vertex 3.979037284851074 -15.497329711914062 0
      vertex 0.8144590854644775 -3.172109365463257 0
      vertex 0.9796044826507568 -3.1241300106048584 0
    endloop
  endfacet
  facet normal 0 0 -1
    outer loop
      vertex 2.9981002807617188 -15.716595649719238 0
      vertex 0.6466264724731445 -3.2096245288848877 0
      vertex 0.8144590854644775 -3.172109365463257 0
    endloop
  endfacet
  facet normal 0 0 -1
    outer loop
      vertex 2.9981002807617188 -15.716595649719238 0
      vertex 0.6136729717254639 -3.2169904708862305 0
      vertex 0.6466264724731445 -3.2096245288848877 0
    endloop
  endfacet
  facet normal 0 0 -1
    outer loop
      vertex 2.9981002807617188 -15.716595649719238 0
      vertex 0.580322265625 -3.2222726345062256 0
      vertex 0.6136729717254639 -3.2169904708862305 0
    endloop
  endfacet
  facet normal 0 0 -1
    outer loop
      vertex 2.005331039428711 -15.873834609985352 0
      vertex 0.41046619415283203 -3.2491748332977295 0
      vertex 0.580322265625 -3.2222726345062256 0
    endloop
  endfacet
  facet normal 0 0 -1
    outer loop
      vertex 1.004648208618164 -15.968426704406738 0
      vertex 0.23925542831420898 -3.26535964012146 0
      vertex 0.41046619415283203 -3.2491748332977295 0
    endloop
  endfacet
  facet normal 0 0 -1
    outer loop
      vertex 1.004648208618164 -15.968426704406738 0
      vertex 0.20563864707946777 -3.2685372829437256 0
      vertex 0.23925542831420898 -3.26535964012146 0
    endloop
  endfacet
  facet normal 0 0 -1
    outer loop
      vertex 1.004648208618164 -15.968426704406738 0
      vertex 0.1718888282775879 -3.2695980072021484 0
      vertex 0.20563864707946777 -3.2685372829437256 0
    endloop
  endfacet
  facet normal 0 0 -1
    outer loop
      vertex 0 -16 0
      vertex 0.1718888282775879 -3.2695980072021484 0
      vertex 1.004648208618164 -15.968426704406738 0
    endloop
  endfacet
  facet normal 0 0 -1
    outer loop
      vertex 0 -16 0
      vertex 0 -3.2749996185302734 0
      vertex 0.1718888282775879 -3.2695980072021484 0
    endloop
  endfacet
  facet normal 0 0 -1
    outer loop
      vertex 0 -16 0
      vertex -0.1718888282775879 -3.2695980072021484 0
      vertex 0 -3.2749996185302734 0
    endloop
  endfacet
  facet normal 0 0 -1
    outer loop
      vertex -1.004648208618164 -15.968426704406738 0
      vertex -0.1718888282775879 -3.2695980072021484 0
      vertex 0 -16 0
    endloop
  endfacet
  facet normal 0 0 -1
    outer loop
      vertex -0.1718888282775879 -3.2695980072021484 0
      vertex -1.004648208618164 -15.968426704406738 0
      vertex -0.20563864707946777 -3.2685372829437256 0
    endloop
  endfacet
  facet normal 0 0 -1
    outer loop
      vertex -0.20563864707946777 -3.2685372829437256 0
      vertex -1.004648208618164 -15.968426704406738 0
      vertex -0.23925542831420898 -3.26535964012146 0
    endloop
  endfacet
  facet normal 0 0 -1
    outer loop
      vertex -0.23925542831420898 -3.26535964012146 0
      vertex -1.004648208618164 -15.968426704406738 0
      vertex -0.41046619415283203 -3.2491748332977295 0
    endloop
  endfacet
  facet normal 0 0 -1
    outer loop
      vertex -2.005331039428711 -15.873834609985352 0
      vertex -0.41046619415283203 -3.2491748332977295 0
      vertex -1.004648208618164 -15.968426704406738 0
    endloop
  endfacet
  facet normal 0 0 -1
    outer loop
      vertex -0.41046619415283203 -3.2491748332977295 0
      vertex -2.005331039428711 -15.873834609985352 0
      vertex -0.580322265625 -3.2222726345062256 0
    endloop
  endfacet
  facet normal 0 0 -1
    outer loop
      vertex -2.9981002807617188 -15.716595649719238 0
      vertex -0.580322265625 -3.2222726345062256 0
      vertex -2.005331039428711 -15.873834609985352 0
    endloop
  endfacet
  facet normal 0 0 -1
    outer loop
      vertex -0.580322265625 -3.2222726345062256 0
      vertex -2.9981002807617188 -15.716595649719238 0
      vertex -0.6136729717254639 -3.2169904708862305 0
    endloop
  endfacet
  facet normal 0 0 -1
    outer loop
      vertex -0.6136729717254639 -3.2169904708862305 0
      vertex -2.9981002807617188 -15.716595649719238 0
      vertex -0.6466264724731445 -3.2096245288848877 0
    endloop
  endfacet
  facet normal 0 0 -1
    outer loop
      vertex -0.6466264724731445 -3.2096245288848877 0
      vertex -2.9981002807617188 -15.716595649719238 0
      vertex -0.8144590854644775 -3.172109365463257 0
    endloop
  endfacet
  facet normal 0 0 -1
    outer loop
      vertex -3.979037284851074 -15.497329711914062 0
      vertex -0.8144590854644775 -3.172109365463257 0
      vertex -2.9981002807617188 -15.716595649719238 0
    endloop
  endfacet
  facet normal 0 0 -1
    outer loop
      vertex -0.8144590854644775 -3.172109365463257 0
      vertex -3.979037284851074 -15.497329711914062 0
      vertex -0.9796044826507568 -3.1241300106048584 0
    endloop
  endfacet
  facet normal 0 0 -1
    outer loop
      vertex -4.944271087646484 -15.216903686523438 0
      vertex -0.9796044826507568 -3.1241300106048584 0
      vertex -3.979037284851074 -15.497329711914062 0
    endloop
  endfacet
  facet normal 0 0 -1
    outer loop
      vertex -0.9796044826507568 -3.1241300106048584 0
      vertex -4.944271087646484 -15.216903686523438 0
      vertex -1.0120301246643066 -3.1147093772888184 0
    endloop
  endfacet
  facet normal 0 0 -1
    outer loop
      vertex -1.0120301246643066 -3.1147093772888184 0
      vertex -4.944271087646484 -15.216903686523438 0
      vertex -1.1738367080688477 -3.056455373764038 0
    endloop
  endfacet
  facet normal 0 0 -1
    outer loop
      vertex -5.889992713928223 -14.876422882080078 0
      vertex -1.1738367080688477 -3.056455373764038 0
      vertex -4.944271087646484 -15.216903686523438 0
    endloop
  endfacet
  facet normal 0 0 -1
    outer loop
      vertex -1.1738367080688477 -3.056455373764038 0
      vertex -5.889992713928223 -14.876422882080078 0
      vertex -1.2056071758270264 -3.0450172424316406 0
    endloop
  endfacet
  facet normal 0 0 -1
    outer loop
      vertex -1.2056071758270264 -3.0450172424316406 0
      vertex -5.889992713928223 -14.876422882080078 0
      vertex -1.3634376525878906 -2.9767181873321533 0
    endloop
  endfacet
  facet normal 0 0 -1
    outer loop
      vertex -6.812468528747559 -14.477231979370117 0
      vertex -1.3634376525878906 -2.9767181873321533 0
      vertex -5.889992713928223 -14.876422882080078 0
    endloop
  endfacet
  facet normal 0 0 -1
    outer loop
      vertex -1.3634376525878906 -2.9767181873321533 0
      vertex -6.812468528747559 -14.477231979370117 0
      vertex -1.3944270610809326 -2.9633078575134277 0
    endloop
  endfacet
  facet normal 0 0 -1
    outer loop
      vertex -1.3944270610809326 -2.9633078575134277 0
      vertex -6.812468528747559 -14.477231979370117 0
      vertex -1.4245131015777588 -2.9479782581329346 0
    endloop
  endfacet
  facet normal 0 0 -1
    outer loop
      vertex -1.4245131015777588 -2.9479782581329346 0
      vertex -6.812468528747559 -14.477231979370117 0
      vertex -1.577742338180542 -2.869903802871704 0
    endloop
  endfacet
  facet normal 0 0 -1
    outer loop
      vertex -7.7080583572387695 -14.020906448364258 0
      vertex -1.577742338180542 -2.869903802871704 0
      vertex -6.812468528747559 -14.477231979370117 0
    endloop
  endfacet
  facet normal 0 0 -1
    outer loop
      vertex -1.577742338180542 -2.869903802871704 0
      vertex -7.7080583572387695 -14.020906448364258 0
      vertex -1.7257680892944336 -2.782362222671509 0
    endloop
  endfacet
  facet normal 0 0 -1
    outer loop
      vertex -8.573227882385254 -13.509245872497559 0
      vertex -1.7257680892944336 -2.782362222671509 0
      vertex -7.7080583572387695 -14.020906448364258 0
    endloop
  endfacet
  facet normal 0 0 -1
    outer loop
      vertex -1.7257680892944336 -2.782362222671509 0
      vertex -8.573227882385254 -13.509245872497559 0
      vertex -1.7548325061798096 -2.7651736736297607 0
    endloop
  endfacet
  facet normal 0 0 -1
    outer loop
      vertex -1.7548325061798096 -2.7651736736297607 0
      vertex -8.573227882385254 -13.509245872497559 0
      vertex -1.8970682621002197 -2.6685097217559814 0
    endloop
  endfacet
  facet normal 0 0 -1
    outer loop
      vertex -9.404563903808594 -12.944271087646484 0
      vertex -1.8970682621002197 -2.6685097217559814 0
      vertex -8.573227882385254 -13.509245872497559 0
    endloop
  endfacet
  facet normal 0 0 -1
    outer loop
      vertex -1.8970682621002197 -2.6685097217559814 0
      vertex -9.404563903808594 -12.944271087646484 0
      vertex -1.9249958992004395 -2.6495299339294434 0
    endloop
  endfacet
  facet normal 0 0 -1
    outer loop
      vertex -1.9249958992004395 -2.6495299339294434 0
      vertex -9.404563903808594 -12.944271087646484 0
      vertex -1.951676845550537 -2.6288342475891113 0
    endloop
  endfacet
  facet normal 0 0 -1
    outer loop
      vertex -1.951676845550537 -2.6288342475891113 0
      vertex -9.404563903808594 -12.944271087646484 0
      vertex -2.0875632762908936 -2.523430585861206 0
    endloop
  endfacet
  facet normal 0 0 -1
    outer loop
      vertex -10.198782920837402 -12.328211784362793 0
      vertex -2.0875632762908936 -2.523430585861206 0
      vertex -9.404563903808594 -12.944271087646484 0
    endloop
  endfacet
  facet normal 0 0 -1
    outer loop
      vertex -2.0875632762908936 -2.523430585861206 0
      vertex -10.198782920837402 -12.328211784362793 0
      vertex -2.216562509536743 -2.4097020626068115 0
    endloop
  endfacet
  facet normal 0 0 -1
    outer loop
      vertex -10.952753067016602 -11.663497924804688 0
      vertex -2.216562509536743 -2.4097020626068115 0
      vertex -10.198782920837402 -12.328211784362793 0
    endloop
  endfacet
  facet normal 0 0 -1
    outer loop
      vertex -2.216562509536743 -2.4097020626068115 0
      vertex -10.952753067016602 -11.663497924804688 0
      vertex -2.2418911457061768 -2.387371778488159 0
    endloop
  endfacet
  facet normal 0 0 -1
    outer loop
      vertex -2.2418911457061768 -2.387371778488159 0
      vertex -10.952753067016602 -11.663497924804688 0
      vertex -2.387371778488159 -2.2418911457061768 0
    endloop
  endfacet
  facet normal 0 0 -1
    outer loop
      vertex -11.663497924804688 -10.952753067016602 0
      vertex -2.387371778488159 -2.2418911457061768 0
      vertex -10.952753067016602 -11.663497924804688 0
    endloop
  endfacet
  facet normal 0 0 -1
    outer loop
      vertex -2.387371778488159 -2.2418911457061768 0
      vertex -11.663497924804688 -10.952753067016602 0
      vertex -2.4097020626068115 -2.216562509536743 0
    endloop
  endfacet
  facet normal 0 0 -1
    outer loop
      vertex -2.4097020626068115 -2.216562509536743 0
      vertex -11.663497924804688 -10.952753067016602 0
      vertex -2.523430585861206 -2.0875632762908936 0
    endloop
  endfacet
  facet normal 0 0 -1
    outer loop
      vertex -12.328211784362793 -10.198782920837402 0
      vertex -2.523430585861206 -2.0875632762908936 0
      vertex -11.663497924804688 -10.952753067016602 0
    endloop
  endfacet
  facet normal 0 0 -1
    outer loop
      vertex -2.523430585861206 -2.0875632762908936 0
      vertex -12.328211784362793 -10.198782920837402 0
      vertex -2.6288342475891113 -1.951676845550537 0
    endloop
  endfacet
  facet normal 0 0 -1
    outer loop
      vertex -12.944271087646484 -9.404563903808594 0
      vertex -2.6288342475891113 -1.951676845550537 0
      vertex -12.328211784362793 -10.198782920837402 0
    endloop
  endfacet
  facet normal 0 0 -1
    outer loop
      vertex -2.6288342475891113 -1.951676845550537 0
      vertex -12.944271087646484 -9.404563903808594 0
      vertex -2.6495299339294434 -1.9249958992004395 0
    endloop
  endfacet
  facet normal 0 0 -1
    outer loop
      vertex -2.6495299339294434 -1.9249958992004395 0
      vertex -12.944271087646484 -9.404563903808594 0
      vertex -2.6685097217559814 -1.8970682621002197 0
    endloop
  endfacet
  facet normal 0 0 -1
    outer loop
      vertex -2.6685097217559814 -1.8970682621002197 0
      vertex -12.944271087646484 -9.404563903808594 0
      vertex -2.7651736736297607 -1.7548325061798096 0
    endloop
  endfacet
  facet normal 0 0 -1
    outer loop
      vertex -13.509245872497559 -8.573227882385254 0
      vertex -2.7651736736297607 -1.7548325061798096 0
      vertex -12.944271087646484 -9.404563903808594 0
    endloop
  endfacet
  facet normal 0 0 -1
    outer loop
      vertex -2.7651736736297607 -1.7548325061798096 0
      vertex -13.509245872497559 -8.573227882385254 0
      vertex -2.782362222671509 -1.7257680892944336 0
    endloop
  endfacet
  facet normal 0 0 -1
    outer loop
      vertex -2.782362222671509 -1.7257680892944336 0
      vertex -13.509245872497559 -8.573227882385254 0
      vertex -2.869903802871704 -1.577742338180542 0
    endloop
  endfacet
  facet normal 0 0 -1
    outer loop
      vertex -14.020906448364258 -7.7080583572387695 0
      vertex -2.869903802871704 -1.577742338180542 0
      vertex -13.509245872497559 -8.573227882385254 0
    endloop
  endfacet
  facet normal 0 0 -1
    outer loop
      vertex -2.869903802871704 -1.577742338180542 0
      vertex -14.020906448364258 -7.7080583572387695 0
      vertex -2.9479782581329346 -1.4245131015777588 0
    endloop
  endfacet
  facet normal 0 0 -1
    outer loop
      vertex -14.477231979370117 -6.812468528747559 0
      vertex -2.9479782581329346 -1.4245131015777588 0
      vertex -14.020906448364258 -7.7080583572387695 0
    endloop
  endfacet
  facet normal 0 0 -1
    outer loop
      vertex -2.9479782581329346 -1.4245131015777588 0
      vertex -14.477231979370117 -6.812468528747559 0
      vertex -2.9633078575134277 -1.3944270610809326 0
    endloop
  endfacet
  facet normal 0 0 -1
    outer loop
      vertex 2.9479782581329346 1.4245131015777588 0
      vertex 14.477231979370117 6.812468528747559 0
      vertex 2.9633078575134277 1.3944270610809326 0
    endloop
  endfacet
  facet normal 0 0 -1
    outer loop
      vertex 14.477231979370117 6.812468528747559 0
      vertex 2.9479782581329346 1.4245131015777588 0
      vertex 14.020906448364258 7.7080583572387695 0
    endloop
  endfacet
  facet normal 0 0 -1
    outer loop
      vertex 2.869903802871704 1.577742338180542 0
      vertex 14.020906448364258 7.7080583572387695 0
      vertex 2.9479782581329346 1.4245131015777588 0
    endloop
  endfacet
  facet normal 0 0 -1
    outer loop
      vertex 14.020906448364258 7.7080583572387695 0
      vertex 2.869903802871704 1.577742338180542 0
      vertex 13.509245872497559 8.573227882385254 0
    endloop
  endfacet
  facet normal 0 0 -1
    outer loop
      vertex 2.782362222671509 1.7257680892944336 0
      vertex 13.509245872497559 8.573227882385254 0
      vertex 2.869903802871704 1.577742338180542 0
    endloop
  endfacet
  facet normal 0 0 -1
    outer loop
      vertex 2.7651736736297607 1.7548325061798096 0
      vertex 13.509245872497559 8.573227882385254 0
      vertex 2.782362222671509 1.7257680892944336 0
    endloop
  endfacet
  facet normal 0 0 -1
    outer loop
      vertex 13.509245872497559 8.573227882385254 0
      vertex 2.7651736736297607 1.7548325061798096 0
      vertex 12.944271087646484 9.404563903808594 0
    endloop
  endfacet
  facet normal 0 0 -1
    outer loop
      vertex 2.6685097217559814 1.8970682621002197 0
      vertex 12.944271087646484 9.404563903808594 0
      vertex 2.7651736736297607 1.7548325061798096 0
    endloop
  endfacet
  facet normal 0 0 -1
    outer loop
      vertex 2.6495299339294434 1.9249958992004395 0
      vertex 12.944271087646484 9.404563903808594 0
      vertex 2.6685097217559814 1.8970682621002197 0
    endloop
  endfacet
  facet normal 0 0 -1
    outer loop
      vertex 2.6288342475891113 1.951676845550537 0
      vertex 12.944271087646484 9.404563903808594 0
      vertex 2.6495299339294434 1.9249958992004395 0
    endloop
  endfacet
  facet normal 0 0 -1
    outer loop
      vertex 12.944271087646484 9.404563903808594 0
      vertex 2.6288342475891113 1.951676845550537 0
      vertex 12.328211784362793 10.198782920837402 0
    endloop
  endfacet
  facet normal 0 0 -1
    outer loop
      vertex 2.523430585861206 2.0875632762908936 0
      vertex 12.328211784362793 10.198782920837402 0
      vertex 2.6288342475891113 1.951676845550537 0
    endloop
  endfacet
  facet normal 0 0 -1
    outer loop
      vertex 12.328211784362793 10.198782920837402 0
      vertex 2.523430585861206 2.0875632762908936 0
      vertex 11.663497924804688 10.952753067016602 0
    endloop
  endfacet
  facet normal 0 0 -1
    outer loop
      vertex 2.4097020626068115 2.216562509536743 0
      vertex 11.663497924804688 10.952753067016602 0
      vertex 2.523430585861206 2.0875632762908936 0
    endloop
  endfacet
  facet normal 0 0 -1
    outer loop
      vertex 2.387371778488159 2.2418911457061768 0
      vertex 11.663497924804688 10.952753067016602 0
      vertex 2.4097020626068115 2.216562509536743 0
    endloop
  endfacet
  facet normal 0 0 -1
    outer loop
      vertex 11.663497924804688 10.952753067016602 0
      vertex 2.387371778488159 2.2418911457061768 0
      vertex 10.952753067016602 11.663497924804688 0
    endloop
  endfacet
  facet normal 0 0 -1
    outer loop
      vertex 2.2418911457061768 2.387371778488159 0
      vertex 10.952753067016602 11.663497924804688 0
      vertex 2.387371778488159 2.2418911457061768 0
    endloop
  endfacet
  facet normal 0 0 -1
    outer loop
      vertex 2.216562509536743 2.4097020626068115 0
      vertex 10.952753067016602 11.663497924804688 0
      vertex 2.2418911457061768 2.387371778488159 0
    endloop
  endfacet
  facet normal 0 0 -1
    outer loop
      vertex 10.952753067016602 11.663497924804688 0
      vertex 2.216562509536743 2.4097020626068115 0
      vertex 10.198782920837402 12.328211784362793 0
    endloop
  endfacet
  facet normal 0 0 -1
    outer loop
      vertex 2.0875632762908936 2.523430585861206 0
      vertex 10.198782920837402 12.328211784362793 0
      vertex 2.216562509536743 2.4097020626068115 0
    endloop
  endfacet
  facet normal 0 0 -1
    outer loop
      vertex 10.198782920837402 12.328211784362793 0
      vertex 2.0875632762908936 2.523430585861206 0
      vertex 9.404563903808594 12.944271087646484 0
    endloop
  endfacet
  facet normal 0 0 -1
    outer loop
      vertex 1.951676845550537 2.6288342475891113 0
      vertex 9.404563903808594 12.944271087646484 0
      vertex 2.0875632762908936 2.523430585861206 0
    endloop
  endfacet
  facet normal 0 0 -1
    outer loop
      vertex 1.9249958992004395 2.6495299339294434 0
      vertex 9.404563903808594 12.944271087646484 0
      vertex 1.951676845550537 2.6288342475891113 0
    endloop
  endfacet
  facet normal 0 0 -1
    outer loop
      vertex 1.8970682621002197 2.6685097217559814 0
      vertex 9.404563903808594 12.944271087646484 0
      vertex 1.9249958992004395 2.6495299339294434 0
    endloop
  endfacet
  facet normal 0 0 -1
    outer loop
      vertex 9.404563903808594 12.944271087646484 0
      vertex 1.8970682621002197 2.6685097217559814 0
      vertex 8.573227882385254 13.509245872497559 0
    endloop
  endfacet
  facet normal 0 0 -1
    outer loop
      vertex 1.7548325061798096 2.7651736736297607 0
      vertex 8.573227882385254 13.509245872497559 0
      vertex 1.8970682621002197 2.6685097217559814 0
    endloop
  endfacet
  facet normal 0 0 -1
    outer loop
      vertex 1.7257680892944336 2.782362222671509 0
      vertex 8.573227882385254 13.509245872497559 0
      vertex 1.7548325061798096 2.7651736736297607 0
    endloop
  endfacet
  facet normal 0 0 -1
    outer loop
      vertex 8.573227882385254 13.509245872497559 0
      vertex 1.7257680892944336 2.782362222671509 0
      vertex 7.7080583572387695 14.020906448364258 0
    endloop
  endfacet
  facet normal 0 0 -1
    outer loop
      vertex 1.577742338180542 2.869903802871704 0
      vertex 7.7080583572387695 14.020906448364258 0
      vertex 1.7257680892944336 2.782362222671509 0
    endloop
  endfacet
  facet normal 0 0 -1
    outer loop
      vertex 7.7080583572387695 14.020906448364258 0
      vertex 1.577742338180542 2.869903802871704 0
      vertex 6.812468528747559 14.477231979370117 0
    endloop
  endfacet
  facet normal 0 0 -1
    outer loop
      vertex 1.4245131015777588 2.9479782581329346 0
      vertex 6.812468528747559 14.477231979370117 0
      vertex 1.577742338180542 2.869903802871704 0
    endloop
  endfacet
  facet normal 0 0 -1
    outer loop
      vertex 1.3944270610809326 2.9633078575134277 0
      vertex 6.812468528747559 14.477231979370117 0
      vertex 1.4245131015777588 2.9479782581329346 0
    endloop
  endfacet
  facet normal 0 0 -1
    outer loop
      vertex 1.3634376525878906 2.9767181873321533 0
      vertex 6.812468528747559 14.477231979370117 0
      vertex 1.3944270610809326 2.9633078575134277 0
    endloop
  endfacet
  facet normal 0 0 -1
    outer loop
      vertex 6.812468528747559 14.477231979370117 0
      vertex 1.3634376525878906 2.9767181873321533 0
      vertex 5.889992713928223 14.876422882080078 0
    endloop
  endfacet
  facet normal 0 0 -1
    outer loop
      vertex 1.2056071758270264 3.0450172424316406 0
      vertex 5.889992713928223 14.876422882080078 0
      vertex 1.3634376525878906 2.9767181873321533 0
    endloop
  endfacet
  facet normal 0 0 -1
    outer loop
      vertex 1.1738367080688477 3.056455373764038 0
      vertex 5.889992713928223 14.876422882080078 0
      vertex 1.2056071758270264 3.0450172424316406 0
    endloop
  endfacet
  facet normal 0 0 -1
    outer loop
      vertex 5.889992713928223 14.876422882080078 0
      vertex 1.1738367080688477 3.056455373764038 0
      vertex 4.944271087646484 15.216903686523438 0
    endloop
  endfacet
  facet normal 0 0 -1
    outer loop
      vertex 1.0120301246643066 3.1147093772888184 0
      vertex 4.944271087646484 15.216903686523438 0
      vertex 1.1738367080688477 3.056455373764038 0
    endloop
  endfacet
  facet normal 0 0 -1
    outer loop
      vertex 0.9796044826507568 3.1241300106048584 0
      vertex 4.944271087646484 15.216903686523438 0
      vertex 1.0120301246643066 3.1147093772888184 0
    endloop
  endfacet
  facet normal 0 0 -1
    outer loop
      vertex 4.944271087646484 15.216903686523438 0
      vertex 0.9796044826507568 3.1241300106048584 0
      vertex 3.979037284851074 15.497329711914062 0
    endloop
  endfacet
  facet normal 0 0 -1
    outer loop
      vertex 0.8144590854644775 3.172109365463257 0
      vertex 3.979037284851074 15.497329711914062 0
      vertex 0.9796044826507568 3.1241300106048584 0
    endloop
  endfacet
  facet normal 0 0 -1
    outer loop
      vertex 3.979037284851074 15.497329711914062 0
      vertex 0.8144590854644775 3.172109365463257 0
      vertex 2.9981002807617188 15.716595649719238 0
    endloop
  endfacet
  facet normal 0 0 -1
    outer loop
      vertex 0.6466264724731445 3.2096245288848877 0
      vertex 2.9981002807617188 15.716595649719238 0
      vertex 0.8144590854644775 3.172109365463257 0
    endloop
  endfacet
  facet normal 0 0 -1
    outer loop
      vertex 0.6136729717254639 3.2169904708862305 0
      vertex 2.9981002807617188 15.716595649719238 0
      vertex 0.6466264724731445 3.2096245288848877 0
    endloop
  endfacet
  facet normal 0 0 -1
    outer loop
      vertex 0.580322265625 3.2222726345062256 0
      vertex 2.9981002807617188 15.716595649719238 0
      vertex 0.6136729717254639 3.2169904708862305 0
    endloop
  endfacet
  facet normal 0 0 -1
    outer loop
      vertex 2.9981002807617188 15.716595649719238 0
      vertex 0.580322265625 3.2222726345062256 0
      vertex 2.005331039428711 15.873834609985352 0
    endloop
  endfacet
  facet normal 0 0 -1
    outer loop
      vertex 0.41046619415283203 3.2491748332977295 0
      vertex 2.005331039428711 15.873834609985352 0
      vertex 0.580322265625 3.2222726345062256 0
    endloop
  endfacet
  facet normal 0 0 -1
    outer loop
      vertex 2.005331039428711 15.873834609985352 0
      vertex 0.41046619415283203 3.2491748332977295 0
      vertex 1.004648208618164 15.968426704406738 0
    endloop
  endfacet
  facet normal 0 0 -1
    outer loop
      vertex 0.23925542831420898 3.26535964012146 0
      vertex 1.004648208618164 15.968426704406738 0
      vertex 0.41046619415283203 3.2491748332977295 0
    endloop
  endfacet
  facet normal 0 0 -1
    outer loop
      vertex 0.20563864707946777 3.2685372829437256 0
      vertex 1.004648208618164 15.968426704406738 0
      vertex 0.23925542831420898 3.26535964012146 0
    endloop
  endfacet
  facet normal 0 0 -1
    outer loop
      vertex 0.1718888282775879 3.2695980072021484 0
      vertex 1.004648208618164 15.968426704406738 0
      vertex 0.20563864707946777 3.2685372829437256 0
    endloop
  endfacet
  facet normal 0 0 -1
    outer loop
      vertex 0 3.2749996185302734 0
      vertex 1.004648208618164 15.968426704406738 0
      vertex 0.1718888282775879 3.2695980072021484 0
    endloop
  endfacet
  facet normal 0 0 -1
    outer loop
      vertex 0 3.2749996185302734 0
      vertex 0 16 0
      vertex 1.004648208618164 15.968426704406738 0
    endloop
  endfacet
  facet normal 0 0 -1
    outer loop
      vertex -0.1718888282775879 3.2695980072021484 0
      vertex 0 16 0
      vertex 0 3.2749996185302734 0
    endloop
  endfacet
  facet normal 0 0 -1
    outer loop
      vertex -1.004648208618164 15.968426704406738 0
      vertex -0.1718888282775879 3.2695980072021484 0
      vertex -0.20563864707946777 3.2685372829437256 0
    endloop
  endfacet
  facet normal 0 0 -1
    outer loop
      vertex -1.004648208618164 15.968426704406738 0
      vertex -0.20563864707946777 3.2685372829437256 0
      vertex -0.23925542831420898 3.26535964012146 0
    endloop
  endfacet
  facet normal 0 0 -1
    outer loop
      vertex -1.004648208618164 15.968426704406738 0
      vertex -0.23925542831420898 3.26535964012146 0
      vertex -0.41046619415283203 3.2491748332977295 0
    endloop
  endfacet
  facet normal 0 0 -1
    outer loop
      vertex -2.005331039428711 15.873834609985352 0
      vertex -0.41046619415283203 3.2491748332977295 0
      vertex -0.580322265625 3.2222726345062256 0
    endloop
  endfacet
  facet normal 0 0 -1
    outer loop
      vertex -2.9981002807617188 15.716595649719238 0
      vertex -0.580322265625 3.2222726345062256 0
      vertex -0.6136729717254639 3.2169904708862305 0
    endloop
  endfacet
  facet normal 0 0 -1
    outer loop
      vertex -2.9981002807617188 15.716595649719238 0
      vertex -0.6136729717254639 3.2169904708862305 0
      vertex -0.6466264724731445 3.2096245288848877 0
    endloop
  endfacet
  facet normal 0 0 -1
    outer loop
      vertex -2.9981002807617188 15.716595649719238 0
      vertex -0.6466264724731445 3.2096245288848877 0
      vertex -0.8144590854644775 3.172109365463257 0
    endloop
  endfacet
  facet normal 0 0 -1
    outer loop
      vertex -3.979037284851074 15.497329711914062 0
      vertex -0.8144590854644775 3.172109365463257 0
      vertex -0.9796044826507568 3.1241300106048584 0
    endloop
  endfacet
  facet normal 0 0 -1
    outer loop
      vertex -0.1718888282775879 3.2695980072021484 0
      vertex -1.004648208618164 15.968426704406738 0
      vertex 0 16 0
    endloop
  endfacet
  facet normal 0 0 -1
    outer loop
      vertex -4.944271087646484 15.216903686523438 0
      vertex -0.9796044826507568 3.1241300106048584 0
      vertex -1.0120301246643066 3.1147093772888184 0
    endloop
  endfacet
  facet normal 0 0 -1
    outer loop
      vertex -4.944271087646484 15.216903686523438 0
      vertex -1.0120301246643066 3.1147093772888184 0
      vertex -1.1738367080688477 3.056455373764038 0
    endloop
  endfacet
  facet normal 0 0 -1
    outer loop
      vertex -5.889992713928223 14.876422882080078 0
      vertex -1.1738367080688477 3.056455373764038 0
      vertex -1.2056071758270264 3.0450172424316406 0
    endloop
  endfacet
  facet normal 0 0 -1
    outer loop
      vertex -5.889992713928223 14.876422882080078 0
      vertex -1.2056071758270264 3.0450172424316406 0
      vertex -1.3634376525878906 2.9767181873321533 0
    endloop
  endfacet
  facet normal 0 0 -1
    outer loop
      vertex -6.812468528747559 14.477231979370117 0
      vertex -1.3634376525878906 2.9767181873321533 0
      vertex -1.3944270610809326 2.9633078575134277 0
    endloop
  endfacet
  facet normal 0 0 -1
    outer loop
      vertex -6.812468528747559 14.477231979370117 0
      vertex -1.3944270610809326 2.9633078575134277 0
      vertex -1.4245131015777588 2.9479782581329346 0
    endloop
  endfacet
  facet normal 0 0 -1
    outer loop
      vertex -6.812468528747559 14.477231979370117 0
      vertex -1.4245131015777588 2.9479782581329346 0
      vertex -1.577742338180542 2.869903802871704 0
    endloop
  endfacet
  facet normal 0 0 -1
    outer loop
      vertex -7.7080583572387695 14.020906448364258 0
      vertex -1.577742338180542 2.869903802871704 0
      vertex -1.7257680892944336 2.782362222671509 0
    endloop
  endfacet
  facet normal 0 0 -1
    outer loop
      vertex -8.573227882385254 13.509245872497559 0
      vertex -1.7257680892944336 2.782362222671509 0
      vertex -1.7548325061798096 2.7651736736297607 0
    endloop
  endfacet
  facet normal 0 0 -1
    outer loop
      vertex -8.573227882385254 13.509245872497559 0
      vertex -1.7548325061798096 2.7651736736297607 0
      vertex -1.8970682621002197 2.6685097217559814 0
    endloop
  endfacet
  facet normal 0 0 -1
    outer loop
      vertex -9.404563903808594 12.944271087646484 0
      vertex -1.8970682621002197 2.6685097217559814 0
      vertex -1.9249958992004395 2.6495299339294434 0
    endloop
  endfacet
  facet normal 0 0 -1
    outer loop
      vertex -9.404563903808594 12.944271087646484 0
      vertex -1.9249958992004395 2.6495299339294434 0
      vertex -1.951676845550537 2.6288342475891113 0
    endloop
  endfacet
  facet normal 0 0 -1
    outer loop
      vertex -0.41046619415283203 3.2491748332977295 0
      vertex -2.005331039428711 15.873834609985352 0
      vertex -1.004648208618164 15.968426704406738 0
    endloop
  endfacet
  facet normal 0 0 -1
    outer loop
      vertex -9.404563903808594 12.944271087646484 0
      vertex -1.951676845550537 2.6288342475891113 0
      vertex -2.0875632762908936 2.523430585861206 0
    endloop
  endfacet
  facet normal 0 0 -1
    outer loop
      vertex -10.198782920837402 12.328211784362793 0
      vertex -2.0875632762908936 2.523430585861206 0
      vertex -2.216562509536743 2.4097020626068115 0
    endloop
  endfacet
  facet normal 0 0 -1
    outer loop
      vertex -10.952753067016602 11.663497924804688 0
      vertex -2.216562509536743 2.4097020626068115 0
      vertex -2.2418911457061768 2.387371778488159 0
    endloop
  endfacet
  facet normal 0 0 -1
    outer loop
      vertex -10.952753067016602 11.663497924804688 0
      vertex -2.2418911457061768 2.387371778488159 0
      vertex -2.387371778488159 2.2418911457061768 0
    endloop
  endfacet
  facet normal 0 0 -1
    outer loop
      vertex -11.663497924804688 10.952753067016602 0
      vertex -2.387371778488159 2.2418911457061768 0
      vertex -2.4097020626068115 2.216562509536743 0
    endloop
  endfacet
  facet normal 0 0 -1
    outer loop
      vertex -11.663497924804688 10.952753067016602 0
      vertex -2.4097020626068115 2.216562509536743 0
      vertex -2.523430585861206 2.0875632762908936 0
    endloop
  endfacet
  facet normal 0 0 -1
    outer loop
      vertex -12.328211784362793 10.198782920837402 0
      vertex -2.523430585861206 2.0875632762908936 0
      vertex -2.6288342475891113 1.951676845550537 0
    endloop
  endfacet
  facet normal 0 0 -1
    outer loop
      vertex -12.944271087646484 9.404563903808594 0
      vertex -2.6288342475891113 1.951676845550537 0
      vertex -2.6495299339294434 1.9249958992004395 0
    endloop
  endfacet
  facet normal 0 0 -1
    outer loop
      vertex -12.944271087646484 9.404563903808594 0
      vertex -2.6495299339294434 1.9249958992004395 0
      vertex -2.6685097217559814 1.8970682621002197 0
    endloop
  endfacet
  facet normal 0 0 -1
    outer loop
      vertex -12.944271087646484 9.404563903808594 0
      vertex -2.6685097217559814 1.8970682621002197 0
      vertex -2.7651736736297607 1.7548325061798096 0
    endloop
  endfacet
  facet normal 0 0 -1
    outer loop
      vertex -13.509245872497559 8.573227882385254 0
      vertex -2.7651736736297607 1.7548325061798096 0
      vertex -2.782362222671509 1.7257680892944336 0
    endloop
  endfacet
  facet normal 0 0 -1
    outer loop
      vertex -13.509245872497559 8.573227882385254 0
      vertex -2.782362222671509 1.7257680892944336 0
      vertex -2.869903802871704 1.577742338180542 0
    endloop
  endfacet
  facet normal 0 0 -1
    outer loop
      vertex -14.020906448364258 7.7080583572387695 0
      vertex -2.869903802871704 1.577742338180542 0
      vertex -2.9479782581329346 1.4245131015777588 0
    endloop
  endfacet
  facet normal 0 0 -1
    outer loop
      vertex -14.477231979370117 6.812468528747559 0
      vertex -2.9479782581329346 1.4245131015777588 0
      vertex -2.9633078575134277 1.3944270610809326 0
    endloop
  endfacet
  facet normal 0 0 -1
    outer loop
      vertex -14.477231979370117 6.812468528747559 0
      vertex -2.9633078575134277 1.3944270610809326 0
      vertex -2.9767181873321533 1.3634376525878906 0
    endloop
  endfacet
  facet normal 0 0 -1
    outer loop
      vertex -0.580322265625 3.2222726345062256 0
      vertex -2.9981002807617188 15.716595649719238 0
      vertex -2.005331039428711 15.873834609985352 0
    endloop
  endfacet
  facet normal 0 0 -1
    outer loop
      vertex -14.477231979370117 6.812468528747559 0
      vertex -2.9767181873321533 1.3634376525878906 0
      vertex -3.0450172424316406 1.2056071758270264 0
    endloop
  endfacet
  facet normal 0 0 -1
    outer loop
      vertex -14.876422882080078 5.889992713928223 0
      vertex -3.0450172424316406 1.2056071758270264 0
      vertex -3.056455373764038 1.1738367080688477 0
    endloop
  endfacet
  facet normal 0 0 -1
    outer loop
      vertex -14.876422882080078 5.889992713928223 0
      vertex -3.056455373764038 1.1738367080688477 0
      vertex -3.1147093772888184 1.0120301246643066 0
    endloop
  endfacet
  facet normal 0 0 -1
    outer loop
      vertex -15.216903686523438 4.944271087646484 0
      vertex -3.1147093772888184 1.0120301246643066 0
      vertex -3.1241300106048584 0.9796044826507568 0
    endloop
  endfacet
  facet normal 0 0 -1
    outer loop
      vertex -15.216903686523438 4.944271087646484 0
      vertex -3.1241300106048584 0.9796044826507568 0
      vertex -3.172109365463257 0.8144590854644775 0
    endloop
  endfacet
  facet normal 0 0 -1
    outer loop
      vertex -15.497329711914062 3.979037284851074 0
      vertex -3.172109365463257 0.8144590854644775 0
      vertex -3.2096245288848877 0.6466264724731445 0
    endloop
  endfacet
  facet normal 0 0 -1
    outer loop
      vertex -15.716595649719238 2.9981002807617188 0
      vertex -3.2096245288848877 0.6466264724731445 0
      vertex -3.2169904708862305 0.6136729717254639 0
    endloop
  endfacet
  facet normal 0 0 -1
    outer loop
      vertex -15.716595649719238 2.9981002807617188 0
      vertex -3.2169904708862305 0.6136729717254639 0
      vertex -3.2222726345062256 0.580322265625 0
    endloop
  endfacet
  facet normal 0 0 -1
    outer loop
      vertex -15.716595649719238 2.9981002807617188 0
      vertex -3.2222726345062256 0.580322265625 0
      vertex -3.2491748332977295 0.41046619415283203 0
    endloop
  endfacet
  facet normal 0 0 -1
    outer loop
      vertex -15.873834609985352 2.005331039428711 0
      vertex -3.2491748332977295 0.41046619415283203 0
      vertex -3.26535964012146 0.23925542831420898 0
    endloop
  endfacet
  facet normal 0 0 -1
    outer loop
      vertex -15.968426704406738 1.004648208618164 0
      vertex -3.26535964012146 0.23925542831420898 0
      vertex -3.2685372829437256 0.20563864707946777 0
    endloop
  endfacet
  facet normal 0 0 -1
    outer loop
      vertex -15.968426704406738 1.004648208618164 0
      vertex -3.2685372829437256 0.20563864707946777 0
      vertex -3.2695980072021484 0.1718888282775879 0
    endloop
  endfacet
  facet normal 0 0 -1
    outer loop
      vertex -15.968426704406738 1.004648208618164 0
      vertex -3.2695980072021484 0.1718888282775879 0
      vertex -3.2749996185302734 0 0
    endloop
  endfacet
  facet normal 0 0 -1
    outer loop
      vertex -2.9633078575134277 -1.3944270610809326 0
      vertex -14.477231979370117 -6.812468528747559 0
      vertex -2.9767181873321533 -1.3634376525878906 0
    endloop
  endfacet
  facet normal 0 0 -1
    outer loop
      vertex -0.8144590854644775 3.172109365463257 0
      vertex -3.979037284851074 15.497329711914062 0
      vertex -2.9981002807617188 15.716595649719238 0
    endloop
  endfacet
  facet normal 0 0 -1
    outer loop
      vertex -2.9767181873321533 -1.3634376525878906 0
      vertex -14.477231979370117 -6.812468528747559 0
      vertex -3.0450172424316406 -1.2056071758270264 0
    endloop
  endfacet
  facet normal 0 0 -1
    outer loop
      vertex -0.9796044826507568 3.1241300106048584 0
      vertex -4.944271087646484 15.216903686523438 0
      vertex -3.979037284851074 15.497329711914062 0
    endloop
  endfacet
  facet normal 0 0 -1
    outer loop
      vertex -14.876422882080078 -5.889992713928223 0
      vertex -3.0450172424316406 -1.2056071758270264 0
      vertex -14.477231979370117 -6.812468528747559 0
    endloop
  endfacet
  facet normal 0 0 -1
    outer loop
      vertex -1.1738367080688477 3.056455373764038 0
      vertex -5.889992713928223 14.876422882080078 0
      vertex -4.944271087646484 15.216903686523438 0
    endloop
  endfacet
  facet normal 0 0 -1
    outer loop
      vertex -3.0450172424316406 -1.2056071758270264 0
      vertex -14.876422882080078 -5.889992713928223 0
      vertex -3.056455373764038 -1.1738367080688477 0
    endloop
  endfacet
  facet normal 0 0 -1
    outer loop
      vertex -1.3634376525878906 2.9767181873321533 0
      vertex -6.812468528747559 14.477231979370117 0
      vertex -5.889992713928223 14.876422882080078 0
    endloop
  endfacet
  facet normal 0 0 -1
    outer loop
      vertex -3.056455373764038 -1.1738367080688477 0
      vertex -14.876422882080078 -5.889992713928223 0
      vertex -3.1147093772888184 -1.0120301246643066 0
    endloop
  endfacet
  facet normal 0 0 -1
    outer loop
      vertex -1.577742338180542 2.869903802871704 0
      vertex -7.7080583572387695 14.020906448364258 0
      vertex -6.812468528747559 14.477231979370117 0
    endloop
  endfacet
  facet normal 0 0 -1
    outer loop
      vertex -15.216903686523438 -4.944271087646484 0
      vertex -3.1147093772888184 -1.0120301246643066 0
      vertex -14.876422882080078 -5.889992713928223 0
    endloop
  endfacet
  facet normal 0 0 -1
    outer loop
      vertex -1.7257680892944336 2.782362222671509 0
      vertex -8.573227882385254 13.509245872497559 0
      vertex -7.7080583572387695 14.020906448364258 0
    endloop
  endfacet
  facet normal 0 0 -1
    outer loop
      vertex -3.1147093772888184 -1.0120301246643066 0
      vertex -15.216903686523438 -4.944271087646484 0
      vertex -3.1241300106048584 -0.9796044826507568 0
    endloop
  endfacet
  facet normal 0 0 -1
    outer loop
      vertex -1.8970682621002197 2.6685097217559814 0
      vertex -9.404563903808594 12.944271087646484 0
      vertex -8.573227882385254 13.509245872497559 0
    endloop
  endfacet
  facet normal 0 0 -1
    outer loop
      vertex -3.1241300106048584 -0.9796044826507568 0
      vertex -15.216903686523438 -4.944271087646484 0
      vertex -3.172109365463257 -0.8144590854644775 0
    endloop
  endfacet
  facet normal 0 0 -1
    outer loop
      vertex -2.0875632762908936 2.523430585861206 0
      vertex -10.198782920837402 12.328211784362793 0
      vertex -9.404563903808594 12.944271087646484 0
    endloop
  endfacet
  facet normal 0 0 -1
    outer loop
      vertex -15.497329711914062 -3.979037284851074 0
      vertex -3.172109365463257 -0.8144590854644775 0
      vertex -15.216903686523438 -4.944271087646484 0
    endloop
  endfacet
  facet normal 0 0 -1
    outer loop
      vertex -2.216562509536743 2.4097020626068115 0
      vertex -10.952753067016602 11.663497924804688 0
      vertex -10.198782920837402 12.328211784362793 0
    endloop
  endfacet
  facet normal 0 0 -1
    outer loop
      vertex -3.172109365463257 -0.8144590854644775 0
      vertex -15.497329711914062 -3.979037284851074 0
      vertex -3.2096245288848877 -0.6466264724731445 0
    endloop
  endfacet
  facet normal 0 0 -1
    outer loop
      vertex -2.387371778488159 2.2418911457061768 0
      vertex -11.663497924804688 10.952753067016602 0
      vertex -10.952753067016602 11.663497924804688 0
    endloop
  endfacet
  facet normal 0 0 -1
    outer loop
      vertex -15.716595649719238 -2.9981002807617188 0
      vertex -3.2096245288848877 -0.6466264724731445 0
      vertex -15.497329711914062 -3.979037284851074 0
    endloop
  endfacet
  facet normal 0 0 -1
    outer loop
      vertex -2.523430585861206 2.0875632762908936 0
      vertex -12.328211784362793 10.198782920837402 0
      vertex -11.663497924804688 10.952753067016602 0
    endloop
  endfacet
  facet normal 0 0 -1
    outer loop
      vertex -3.2096245288848877 -0.6466264724731445 0
      vertex -15.716595649719238 -2.9981002807617188 0
      vertex -3.2169904708862305 -0.6136729717254639 0
    endloop
  endfacet
  facet normal 0 0 -1
    outer loop
      vertex -2.6288342475891113 1.951676845550537 0
      vertex -12.944271087646484 9.404563903808594 0
      vertex -12.328211784362793 10.198782920837402 0
    endloop
  endfacet
  facet normal 0 0 -1
    outer loop
      vertex -3.2169904708862305 -0.6136729717254639 0
      vertex -15.716595649719238 -2.9981002807617188 0
      vertex -3.2222726345062256 -0.580322265625 0
    endloop
  endfacet
  facet normal 0 0 -1
    outer loop
      vertex -2.7651736736297607 1.7548325061798096 0
      vertex -13.509245872497559 8.573227882385254 0
      vertex -12.944271087646484 9.404563903808594 0
    endloop
  endfacet
  facet normal 0 0 -1
    outer loop
      vertex -3.2222726345062256 -0.580322265625 0
      vertex -15.716595649719238 -2.9981002807617188 0
      vertex -3.2491748332977295 -0.41046619415283203 0
    endloop
  endfacet
  facet normal 0 0 -1
    outer loop
      vertex -2.869903802871704 1.577742338180542 0
      vertex -14.020906448364258 7.7080583572387695 0
      vertex -13.509245872497559 8.573227882385254 0
    endloop
  endfacet
  facet normal 0 0 -1
    outer loop
      vertex -15.873834609985352 -2.005331039428711 0
      vertex -3.2491748332977295 -0.41046619415283203 0
      vertex -15.716595649719238 -2.9981002807617188 0
    endloop
  endfacet
  facet normal 0 0 -1
    outer loop
      vertex -2.9479782581329346 1.4245131015777588 0
      vertex -14.477231979370117 6.812468528747559 0
      vertex -14.020906448364258 7.7080583572387695 0
    endloop
  endfacet
  facet normal 0 0 -1
    outer loop
      vertex -3.2491748332977295 -0.41046619415283203 0
      vertex -15.873834609985352 -2.005331039428711 0
      vertex -3.26535964012146 -0.23925542831420898 0
    endloop
  endfacet
  facet normal 0 0 -1
    outer loop
      vertex -3.0450172424316406 1.2056071758270264 0
      vertex -14.876422882080078 5.889992713928223 0
      vertex -14.477231979370117 6.812468528747559 0
    endloop
  endfacet
  facet normal 0 0 -1
    outer loop
      vertex -15.968426704406738 -1.004648208618164 0
      vertex -3.26535964012146 -0.23925542831420898 0
      vertex -15.873834609985352 -2.005331039428711 0
    endloop
  endfacet
  facet normal 0 0 -1
    outer loop
      vertex -3.1147093772888184 1.0120301246643066 0
      vertex -15.216903686523438 4.944271087646484 0
      vertex -14.876422882080078 5.889992713928223 0
    endloop
  endfacet
  facet normal 0 0 -1
    outer loop
      vertex -3.26535964012146 -0.23925542831420898 0
      vertex -15.968426704406738 -1.004648208618164 0
      vertex -3.2685372829437256 -0.20563864707946777 0
    endloop
  endfacet
  facet normal 0 0 -1
    outer loop
      vertex -3.172109365463257 0.8144590854644775 0
      vertex -15.497329711914062 3.979037284851074 0
      vertex -15.216903686523438 4.944271087646484 0
    endloop
  endfacet
  facet normal 0 0 -1
    outer loop
      vertex -3.2685372829437256 -0.20563864707946777 0
      vertex -15.968426704406738 -1.004648208618164 0
      vertex -3.2695980072021484 -0.1718888282775879 0
    endloop
  endfacet
  facet normal 0 0 -1
    outer loop
      vertex -3.2096245288848877 0.6466264724731445 0
      vertex -15.716595649719238 2.9981002807617188 0
      vertex -15.497329711914062 3.979037284851074 0
    endloop
  endfacet
  facet normal 0 0 -1
    outer loop
      vertex -3.2695980072021484 -0.1718888282775879 0
      vertex -15.968426704406738 -1.004648208618164 0
      vertex -3.2749996185302734 0 0
    endloop
  endfacet
  facet normal 0 0 -1
    outer loop
      vertex -3.2491748332977295 0.41046619415283203 0
      vertex -15.873834609985352 2.005331039428711 0
      vertex -15.716595649719238 2.9981002807617188 0
    endloop
  endfacet
  facet normal 0 0 -1
    outer loop
      vertex -16 0 0
      vertex -3.2749996185302734 0 0
      vertex -15.968426704406738 -1.004648208618164 0
    endloop
  endfacet
  facet normal 0 0 -1
    outer loop
      vertex -3.26535964012146 0.23925542831420898 0
      vertex -15.968426704406738 1.004648208618164 0
      vertex -15.873834609985352 2.005331039428711 0
    endloop
  endfacet
  facet normal 0 0 -1
    outer loop
      vertex -3.2749996185302734 0 0
      vertex -16 0 0
      vertex -15.968426704406738 1.004648208618164 0
    endloop
  endfacet
  facet normal -0.377800085934459 0.7414748708453535 -0.5545106950932343
    outer loop
      vertex -6.812468528747559 14.477231979370117 0
      vertex -7.7080583572387695 14.020906448364258 0
      vertex -7.664027214050293 16.28688621520996 3
    endloop
  endfacet
  facet normal -0.07831631238919394 0.8284833873272534 -0.5545104436676721
    outer loop
      vertex -2.005331039428711 15.873834609985352 0
      vertex -2.255997657775879 17.858062744140625 3
      vertex -1.1302289962768555 17.964481353759766 3
    endloop
  endfacet
  facet normal -0.13017916171569086 0.8219315925371269 -0.5545104535032523
    outer loop
      vertex -2.005331039428711 15.873834609985352 0
      vertex -3.3728628158569336 17.681171417236328 3
      vertex -2.255997657775879 17.858062744140625 3
    endloop
  endfacet
  facet normal 0.33049711027129874 0.7637338151327183 -0.5545108833243438
    outer loop
      vertex 6.812468528747559 14.477231979370117 0
      vertex 5.889992713928223 14.876422882080078 0
      vertex 6.626241683959961 16.735977172851562 3
    endloop
  endfacet
  facet normal -0.02613912952527928 -0.831765994883035 -0.5545106632553567
    outer loop
      vertex 0 -18 3
      vertex -1.1302289962768555 -17.964481353759766 3
      vertex 0 -16 0
    endloop
  endfacet
  facet normal 0.588437752422326 -0.588437752422326 -0.5545106158121075
    outer loop
      vertex 13.121435165405273 -12.321846961975098 3
      vertex 10.952753067016602 -11.663497924804688 0
      vertex 11.663497924804688 -10.952753067016602 0
    endloop
  endfacet
  facet normal 0.588437752422326 -0.588437752422326 -0.5545106158121074
    outer loop
      vertex 10.952753067016602 -11.663497924804688 0
      vertex 13.121435165405273 -12.321846961975098 3
      vertex 12.321846961975098 -13.121435165405273 3
    endloop
  endfacet
  facet normal 0.46775239576070343 -0.6882772434686489 -0.5545107143990281
    outer loop
      vertex 9.644882202148438 -15.197901725769043 3
      vertex 9.404563903808594 -12.944271087646484 0
      vertex 10.580134391784668 -14.562305450439453 3
    endloop
  endfacet
  facet normal -0.7414748708453535 0.377800085934459 -0.5545106950932343
    outer loop
      vertex -14.477231979370117 6.812468528747559 0
      vertex -16.28688621520996 7.664027214050293 3
      vertex -14.020906448364258 7.7080583572387695 0
    endloop
  endfacet
  facet normal 0.7162893385407534 0.42361248002842394 -0.5545106403460787
    outer loop
      vertex 15.773519515991211 8.671566009521484 3
      vertex 14.020906448364258 7.7080583572387695 0
      vertex 15.197901725769043 9.644882202148438 3
    endloop
  endfacet
  facet normal -0.7637336339255775 0.33049783322078446 -0.5545107020132238
    outer loop
      vertex -14.477231979370117 6.812468528747559 0
      vertex -16.735977172851562 6.626241683959961 3
      vertex -16.28688621520996 7.664027214050293 3
    endloop
  endfacet
  facet normal 0.688277297811551 -0.4677522785349651 -0.5545107458314745
    outer loop
      vertex 15.197901725769043 -9.644882202148438 3
      vertex 12.944271087646484 -9.404563903808594 0
      vertex 13.509245872497559 -8.573227882385254 0
    endloop
  endfacet
  facet normal 0.6882772434686489 -0.46775239576070343 -0.5545107143990281
    outer loop
      vertex 14.562305450439453 -10.580134391784668 3
      vertex 12.944271087646484 -9.404563903808594 0
      vertex 15.197901725769043 -9.644882202148438 3
    endloop
  endfacet
  facet normal 0.8219310213988535 0.13018088578337508 -0.5545108953292922
    outer loop
      vertex 15.873834609985352 2.005331039428711 0
      vertex 15.716595649719238 2.9981002807617188 0
      vertex 17.681171417236328 3.3728628158569336 3
    endloop
  endfacet
  facet normal -0.4236127948932222 -0.7162890750043365 -0.5545107402315891
    outer loop
      vertex -7.7080583572387695 -14.020906448364258 0
      vertex -9.644882202148438 -15.197901725769043 3
      vertex -8.573227882385254 -13.509245872497559 0
    endloop
  endfacet
  facet normal -0.42361248002842394 -0.7162893385407534 -0.5545106403460787
    outer loop
      vertex -8.671566009521484 -15.773519515991211 3
      vertex -9.644882202148438 -15.197901725769043 3
      vertex -7.7080583572387695 -14.020906448364258 0
    endloop
  endfacet
  facet normal -0.6242250151823941 0.5503281809993413 -0.5545106163262303
    outer loop
      vertex -12.328211784362793 10.198782920837402 0
      vertex -13.121435165405273 12.321846961975098 3
      vertex -11.663497924804688 10.952753067016602 0
    endloop
  endfacet
  facet normal -0.33049783322078446 -0.7637336339255775 -0.5545107020132238
    outer loop
      vertex -6.626241683959961 -16.735977172851562 3
      vertex -7.664027214050293 -16.28688621520996 3
      vertex -6.812468528747559 -14.477231979370117 0
    endloop
  endfacet
  facet normal -0.8219315925371269 0.13017916171569086 -0.5545104535032523
    outer loop
      vertex -15.873834609985352 2.005331039428711 0
      vertex -17.858062744140625 2.255997657775879 3
      vertex -17.681171417236328 3.3728628158569336 3
    endloop
  endfacet
  facet normal -0.4236127948932222 0.7162890750043365 -0.5545107402315891
    outer loop
      vertex -8.573227882385254 13.509245872497559 0
      vertex -9.644882202148438 15.197901725769043 3
      vertex -7.7080583572387695 14.020906448364258 0
    endloop
  endfacet
  facet normal -0.8284832622699511 0.07831449142352141 -0.5545108876943851
    outer loop
      vertex -15.968426704406738 1.004648208618164 0
      vertex -17.964481353759766 1.1302289962768555 3
      vertex -15.873834609985352 2.005331039428711 0
    endloop
  endfacet
  facet normal -0.6242250151823941 -0.5503281809993413 -0.5545106163262303
    outer loop
      vertex -11.663497924804688 -10.952753067016602 0
      vertex -13.121435165405273 -12.321846961975098 3
      vertex -12.328211784362793 -10.198782920837402 0
    endloop
  endfacet
  facet normal -0.588437752422326 -0.588437752422326 -0.5545106158121075
    outer loop
      vertex -10.952753067016602 -11.663497924804688 0
      vertex -13.121435165405273 -12.321846961975098 3
      vertex -11.663497924804688 -10.952753067016602 0
    endloop
  endfacet
  facet normal -0.588437752422326 -0.588437752422326 -0.5545106158121074
    outer loop
      vertex -13.121435165405273 -12.321846961975098 3
      vertex -10.952753067016602 -11.663497924804688 0
      vertex -12.321846961975098 -13.121435165405273 3
    endloop
  endfacet
  facet normal -0.7414747991649953 0.3778003109281791 -0.5545106376489103
    outer loop
      vertex -14.020906448364258 7.7080583572387695 0
      vertex -16.28688621520996 7.664027214050293 3
      vertex -15.773519515991211 8.671566009521484 3
    endloop
  endfacet
  facet normal -0.5100472221778901 0.6575483359953477 -0.5545106103388531
    outer loop
      vertex -10.198782920837402 12.328211784362793 0
      vertex -11.473630905151367 13.869237899780273 3
      vertex -10.580134391784668 14.562305450439453 3
    endloop
  endfacet
  facet normal -0.46775239576070343 0.6882772434686489 -0.5545107143990281
    outer loop
      vertex -9.404563903808594 12.944271087646484 0
      vertex -10.580134391784668 14.562305450439453 3
      vertex -9.644882202148438 15.197901725769043 3
    endloop
  endfacet
  facet normal -0.8219315925371269 -0.13017916171569086 -0.5545104535032523
    outer loop
      vertex -17.681171417236328 -3.3728628158569336 3
      vertex -17.858062744140625 -2.255997657775879 3
      vertex -15.873834609985352 -2.005331039428711 0
    endloop
  endfacet
  facet normal -0.7414747991649953 -0.3778003109281791 -0.5545106376489103
    outer loop
      vertex -15.773519515991211 -8.671566009521484 3
      vertex -16.28688621520996 -7.664027214050293 3
      vertex -14.020906448364258 -7.7080583572387695 0
    endloop
  endfacet
  facet normal -0.7162890750043365 -0.4236127948932222 -0.5545107402315891
    outer loop
      vertex -13.509245872497559 -8.573227882385254 0
      vertex -15.197901725769043 -9.644882202148438 3
      vertex -14.020906448364258 -7.7080583572387695 0
    endloop
  endfacet
  facet normal -0.18153407772232708 0.8121347808216671 -0.5545110246020782
    outer loop
      vertex -3.979037284851074 15.497329711914062 0
      vertex -4.476417541503906 17.434497833251953 3
      vertex -2.9981002807617188 15.716595649719238 0
    endloop
  endfacet
  facet normal -0.7162893385407534 0.42361248002842394 -0.5545106403460787
    outer loop
      vertex -14.020906448364258 7.7080583572387695 0
      vertex -15.773519515991211 8.671566009521484 3
      vertex -15.197901725769043 9.644882202148438 3
    endloop
  endfacet
  facet normal -0.7991337928113122 -0.23216956619671042 -0.5545110221799365
    outer loop
      vertex -15.216903686523438 -4.944271087646484 0
      vertex -17.434497833251953 -4.476417541503906 3
      vertex -15.497329711914062 -3.979037284851074 0
    endloop
  endfacet
  facet normal -0.33049711027129874 0.7637338151327183 -0.5545108833243438
    outer loop
      vertex -5.889992713928223 14.876422882080078 0
      vertex -6.812468528747559 14.477231979370117 0
      vertex -6.626241683959961 16.735977172851562 3
    endloop
  endfacet
  facet normal 0.28188903034712554 0.7829792311084873 -0.5545106835965556
    outer loop
      vertex 6.626241683959961 16.735977172851562 3
      vertex 4.944271087646484 15.216903686523438 0
      vertex 5.562305450439453 17.119016647338867 3
    endloop
  endfacet
  facet normal 0.688277297811551 0.4677522785349651 -0.5545107458314745
    outer loop
      vertex 13.509245872497559 8.573227882385254 0
      vertex 12.944271087646484 9.404563903808594 0
      vertex 15.197901725769043 9.644882202148438 3
    endloop
  endfacet
  facet normal -0.026140083138360595 -0.8317658072947102 -0.5545108996844865
    outer loop
      vertex 0 -16 0
      vertex -1.1302289962768555 -17.964481353759766 3
      vertex -1.004648208618164 -15.968426704406738 0
    endloop
  endfacet
  facet normal 0.7829792311084873 0.28188903034712554 -0.5545106835965556
    outer loop
      vertex 17.119016647338867 5.562305450439453 3
      vertex 15.216903686523438 4.944271087646484 0
      vertex 16.735977172851562 6.626241683959961 3
    endloop
  endfacet
  facet normal 0.7637338151327183 0.33049711027129874 -0.5545108833243438
    outer loop
      vertex 14.876422882080078 5.889992713928223 0
      vertex 14.477231979370117 6.812468528747559 0
      vertex 16.735977172851562 6.626241683959961 3
    endloop
  endfacet
  facet normal 0.5503281660074225 0.6242250335176855 -0.554510610564623
    outer loop
      vertex 12.321846961975098 13.121435165405273 3
      vertex 10.198782920837402 12.328211784362793 0
      vertex 11.473630905151367 13.869237899780273 3
    endloop
  endfacet
  facet normal 0.5503281809993413 0.6242250151823941 -0.5545106163262303
    outer loop
      vertex 10.952753067016602 11.663497924804688 0
      vertex 10.198782920837402 12.328211784362793 0
      vertex 12.321846961975098 13.121435165405273 3
    endloop
  endfacet
  facet normal -0.688277297811551 0.4677522785349651 -0.5545107458314745
    outer loop
      vertex -13.509245872497559 8.573227882385254 0
      vertex -15.197901725769043 9.644882202148438 3
      vertex -12.944271087646484 9.404563903808594 0
    endloop
  endfacet
  facet normal -0.6882772434686489 0.46775239576070343 -0.5545107143990281
    outer loop
      vertex -12.944271087646484 9.404563903808594 0
      vertex -15.197901725769043 9.644882202148438 3
      vertex -14.562305450439453 10.580134391784668 3
    endloop
  endfacet
  facet normal -0.4677522785349651 0.688277297811551 -0.5545107458314745
    outer loop
      vertex -9.404563903808594 12.944271087646484 0
      vertex -9.644882202148438 15.197901725769043 3
      vertex -8.573227882385254 13.509245872497559 0
    endloop
  endfacet
  facet normal -0.07831449142352141 -0.8284832622699511 -0.5545108876943851
    outer loop
      vertex -1.1302289962768555 -17.964481353759766 3
      vertex -2.005331039428711 -15.873834609985352 0
      vertex -1.004648208618164 -15.968426704406738 0
    endloop
  endfacet
  facet normal 0.657548544441073 0.5100468378093231 -0.554510716708105
    outer loop
      vertex 12.944271087646484 9.404563903808594 0
      vertex 12.328211784362793 10.198782920837402 0
      vertex 14.562305450439453 10.580134391784668 3
    endloop
  endfacet
  facet normal 0.5503281660074225 -0.6242250335176855 -0.554510610564623
    outer loop
      vertex 11.473630905151367 -13.869237899780273 3
      vertex 10.198782920837402 -12.328211784362793 0
      vertex 12.321846961975098 -13.121435165405273 3
    endloop
  endfacet
  facet normal -0.377800085934459 -0.7414748708453535 -0.5545106950932343
    outer loop
      vertex -7.664027214050293 -16.28688621520996 3
      vertex -7.7080583572387695 -14.020906448364258 0
      vertex -6.812468528747559 -14.477231979370117 0
    endloop
  endfacet
  facet normal -0.42361248002842394 0.7162893385407534 -0.5545106403460787
    outer loop
      vertex -7.7080583572387695 14.020906448364258 0
      vertex -9.644882202148438 15.197901725769043 3
      vertex -8.671566009521484 15.773519515991211 3
    endloop
  endfacet
  facet normal 0.4236127948932222 -0.7162890750043365 -0.5545107402315891
    outer loop
      vertex 9.644882202148438 -15.197901725769043 3
      vertex 7.7080583572387695 -14.020906448364258 0
      vertex 8.573227882385254 -13.509245872497559 0
    endloop
  endfacet
  facet normal -0.7637336339255775 -0.33049783322078446 -0.5545107020132238
    outer loop
      vertex -16.28688621520996 -7.664027214050293 3
      vertex -16.735977172851562 -6.626241683959961 3
      vertex -14.477231979370117 -6.812468528747559 0
    endloop
  endfacet
  facet normal 0.8121347808216671 0.18153407772232708 -0.5545110246020782
    outer loop
      vertex 15.716595649719238 2.9981002807617188 0
      vertex 15.497329711914062 3.979037284851074 0
      vertex 17.434497833251953 4.476417541503906 3
    endloop
  endfacet
  facet normal 0.7991337928113122 0.23216956619671042 -0.5545110221799365
    outer loop
      vertex 15.497329711914062 3.979037284851074 0
      vertex 15.216903686523438 4.944271087646484 0
      vertex 17.434497833251953 4.476417541503906 3
    endloop
  endfacet
  facet normal 0.6242250335176855 0.5503281660074225 -0.554510610564623
    outer loop
      vertex 13.869237899780273 11.473630905151367 3
      vertex 12.328211784362793 10.198782920837402 0
      vertex 13.121435165405273 12.321846961975098 3
    endloop
  endfacet
  facet normal -0.9995064734521896 -0.03141352459001527 0
    outer loop
      vertex 2.1499996185302734 0 3
      vertex 2.145756721496582 0.13499927520751953 43
      vertex 2.145756721496582 0.13499927520751953 3
    endloop
  endfacet
  facet normal -0.9995064734521896 -0.03141352459001527 0
    outer loop
      vertex 2.145756721496582 0.13499927520751953 43
      vertex 2.1499996185302734 0 3
      vertex 2.1499996185302734 0 43
    endloop
  endfacet
  facet normal -0.9602927854100585 -0.27899420475951 0
    outer loop
      vertex 2.082453727722168 0.5346832275390625 3
      vertex 2.044771194458008 0.6643857955932617 43
      vertex 2.044771194458008 0.6643857955932617 3
    endloop
  endfacet
  facet normal -0.9602927854100585 -0.27899420475951 0
    outer loop
      vertex 2.044771194458008 0.6643857955932617 43
      vertex 2.082453727722168 0.5346832275390625 3
      vertex 2.082453727722168 0.5346832275390625 43
    endloop
  endfacet
  facet normal -0.3971482713651387 0.9177544609271492 0
    outer loop
      vertex 0.9154253005981445 -1.9453773498535156 3
      vertex 0.7914676666259766 -1.999018669128418 43
      vertex 0.9154253005981445 -1.9453773498535156 43
    endloop
  endfacet
  facet normal -0.3971482713651387 0.9177544609271492 0
    outer loop
      vertex 0.7914676666259766 -1.999018669128418 43
      vertex 0.9154253005981445 -1.9453773498535156 3
      vertex 0.7914676666259766 -1.999018669128418 3
    endloop
  endfacet
  facet normal 0.03141352459001527 -0.9995064734521896 0
    outer loop
      vertex -0.13499927520751953 2.145756721496582 3
      vertex 0 2.1499996185302734 43
      vertex -0.13499927520751953 2.145756721496582 43
    endloop
  endfacet
  facet normal 0.03141352459001527 -0.9995064734521896 0
    outer loop
      vertex 0 2.1499996185302734 43
      vertex -0.13499927520751953 2.145756721496582 3
      vertex 0 2.1499996185302734 3
    endloop
  endfacet
  facet normal -0.3971482713651387 -0.9177544609271492 0
    outer loop
      vertex 0.7914676666259766 1.999018669128418 3
      vertex 0.9154253005981445 1.9453773498535156 43
      vertex 0.7914676666259766 1.999018669128418 43
    endloop
  endfacet
  facet normal -0.3971482713651387 -0.9177544609271492 0
    outer loop
      vertex 0.9154253005981445 1.9453773498535156 43
      vertex 0.7914676666259766 1.999018669128418 3
      vertex 0.9154253005981445 1.9453773498535156 3
    endloop
  endfacet
  facet normal -0.45399040740670077 -0.8910065712342966 0
    outer loop
      vertex 0.9154253005981445 1.9453773498535156 3
      vertex 1.0357694625854492 1.884058952331543 43
      vertex 0.9154253005981445 1.9453773498535156 43
    endloop
  endfacet
  facet normal -0.45399040740670077 -0.8910065712342966 0
    outer loop
      vertex 1.0357694625854492 1.884058952331543 43
      vertex 0.9154253005981445 1.9453773498535156 3
      vertex 1.0357694625854492 1.884058952331543 3
    endloop
  endfacet
  facet normal 0.03141352459001527 0.9995064734521896 0
    outer loop
      vertex 0 -2.1499996185302734 3
      vertex -0.13499927520751953 -2.145756721496582 43
      vertex 0 -2.1499996185302734 43
    endloop
  endfacet
  facet normal 0.03141352459001527 0.9995064734521896 0
    outer loop
      vertex -0.13499927520751953 -2.145756721496582 43
      vertex 0 -2.1499996185302734 3
      vertex -0.13499927520751953 -2.145756721496582 3
    endloop
  endfacet
  facet normal -0.27899420475951 -0.9602927854100585 0
    outer loop
      vertex 0.5346832275390625 2.082453727722168 3
      vertex 0.6643857955932617 2.044771194458008 43
      vertex 0.5346832275390625 2.082453727722168 43
    endloop
  endfacet
  facet normal -0.27899420475951 -0.9602927854100585 0
    outer loop
      vertex 0.6643857955932617 2.044771194458008 43
      vertex 0.5346832275390625 2.082453727722168 3
      vertex 0.6643857955932617 2.044771194458008 3
    endloop
  endfacet
  facet normal -0.9759170022737051 0.21814216619696652 0
    outer loop
      vertex 2.082453727722168 -0.5346832275390625 3
      vertex 2.111917495727539 -0.40286922454833984 43
      vertex 2.111917495727539 -0.40286922454833984 3
    endloop
  endfacet
  facet normal -0.9759170022737051 0.21814216619696652 0
    outer loop
      vertex 2.111917495727539 -0.40286922454833984 43
      vertex 2.082453727722168 -0.5346832275390625 3
      vertex 2.082453727722168 -0.5346832275390625 43
    endloop
  endfacet
  facet normal -0.987688657697026 -0.1564324629245699 0
    outer loop
      vertex 2.1330461502075195 0.2694664001464844 3
      vertex 2.111917495727539 0.40286922454833984 43
      vertex 2.111917495727539 0.40286922454833984 3
    endloop
  endfacet
  facet normal -0.987688657697026 -0.1564324629245699 0
    outer loop
      vertex 2.111917495727539 0.40286922454833984 43
      vertex 2.1330461502075195 0.2694664001464844 3
      vertex 2.1330461502075195 0.2694664001464844 43
    endloop
  endfacet
  facet normal 0.09410600621871541 0.9955621826855232 0
    outer loop
      vertex -0.13499927520751953 -2.145756721496582 3
      vertex -0.2694664001464844 -2.1330461502075195 43
      vertex -0.13499927520751953 -2.145756721496582 43
    endloop
  endfacet
  facet normal 0.09410600621871541 0.9955621826855232 0
    outer loop
      vertex -0.2694664001464844 -2.1330461502075195 43
      vertex -0.13499927520751953 -2.145756721496582 3
      vertex -0.2694664001464844 -2.1330461502075195 3
    endloop
  endfacet
  facet normal -0.7901575520903399 -0.6129037794585719 0
    outer loop
      vertex 1.7393856048583984 1.263737678527832 3
      vertex 1.6566028594970703 1.3704614639282227 43
      vertex 1.6566028594970703 1.3704614639282227 3
    endloop
  endfacet
  facet normal -0.7901575520903399 -0.6129037794585719 0
    outer loop
      vertex 1.6566028594970703 1.3704614639282227 43
      vertex 1.7393856048583984 1.263737678527832 3
      vertex 1.7393856048583984 1.263737678527832 43
    endloop
  endfacet
  facet normal -0.9177544609271492 0.3971482713651387 0
    outer loop
      vertex 1.9453773498535156 -0.9154253005981445 3
      vertex 1.999018669128418 -0.7914676666259766 43
      vertex 1.999018669128418 -0.7914676666259766 3
    endloop
  endfacet
  facet normal -0.9177544609271492 0.3971482713651387 0
    outer loop
      vertex 1.999018669128418 -0.7914676666259766 43
      vertex 1.9453773498535156 -0.9154253005981445 3
      vertex 1.9453773498535156 -0.9154253005981445 43
    endloop
  endfacet
  facet normal -0.8607433140652158 -0.5090392394423334 0
    outer loop
      vertex 1.884058952331543 1.0357694625854492 3
      vertex 1.8153047561645508 1.1520271301269531 43
      vertex 1.8153047561645508 1.1520271301269531 3
    endloop
  endfacet
  facet normal -0.8607433140652158 -0.5090392394423334 0
    outer loop
      vertex 1.8153047561645508 1.1520271301269531 43
      vertex 1.884058952331543 1.0357694625854492 3
      vertex 1.884058952331543 1.0357694625854492 43
    endloop
  endfacet
  facet normal 0.5620871307827859 -0.8270780237730752 0
    outer loop
      vertex -1.263737678527832 1.7393856048583984 3
      vertex -1.1520271301269531 1.8153047561645508 43
      vertex -1.263737678527832 1.7393856048583984 43
    endloop
  endfacet
  facet normal 0.5620871307827859 -0.8270780237730752 0
    outer loop
      vertex -1.1520271301269531 1.8153047561645508 43
      vertex -1.263737678527832 1.7393856048583984 3
      vertex -1.1520271301269531 1.8153047561645508 3
    endloop
  endfacet
  facet normal -0.8910065712342966 -0.45399040740670077 0
    outer loop
      vertex 1.9453773498535156 0.9154253005981445 3
      vertex 1.884058952331543 1.0357694625854492 43
      vertex 1.884058952331543 1.0357694625854492 3
    endloop
  endfacet
  facet normal -0.8910065712342966 -0.45399040740670077 0
    outer loop
      vertex 1.884058952331543 1.0357694625854492 43
      vertex 1.9453773498535156 0.9154253005981445 3
      vertex 1.9453773498535156 0.9154253005981445 43
    endloop
  endfacet
  facet normal -0.6613133242462054 0.75010978341469 0
    outer loop
      vertex 1.471776008605957 -1.567281723022461 3
      vertex 1.3704614639282227 -1.6566028594970703 43
      vertex 1.471776008605957 -1.567281723022461 43
    endloop
  endfacet
  facet normal -0.6613133242462054 0.75010978341469 0
    outer loop
      vertex 1.3704614639282227 -1.6566028594970703 43
      vertex 1.471776008605957 -1.567281723022461 3
      vertex 1.3704614639282227 -1.6566028594970703 3
    endloop
  endfacet
  facet normal 0.7901575520903399 -0.6129037794585719 0
    outer loop
      vertex -1.7393856048583984 1.263737678527832 43
      vertex -1.6566028594970703 1.3704614639282227 3
      vertex -1.6566028594970703 1.3704614639282227 43
    endloop
  endfacet
  facet normal 0.7901575520903399 -0.6129037794585719 0
    outer loop
      vertex -1.6566028594970703 1.3704614639282227 3
      vertex -1.7393856048583984 1.263737678527832 43
      vertex -1.7393856048583984 1.263737678527832 3
    endloop
  endfacet
  facet normal -0.7901575520903399 0.6129037794585719 0
    outer loop
      vertex 1.6566028594970703 -1.3704614639282227 3
      vertex 1.7393856048583984 -1.263737678527832 43
      vertex 1.7393856048583984 -1.263737678527832 3
    endloop
  endfacet
  facet normal -0.7901575520903399 0.6129037794585719 0
    outer loop
      vertex 1.7393856048583984 -1.263737678527832 43
      vertex 1.6566028594970703 -1.3704614639282227 3
      vertex 1.6566028594970703 -1.3704614639282227 43
    endloop
  endfacet
  facet normal 0.9955621826855232 0.09410600621871541 0
    outer loop
      vertex -2.1330461502075195 -0.2694664001464844 43
      vertex -2.145756721496582 -0.13499927520751953 3
      vertex -2.145756721496582 -0.13499927520751953 43
    endloop
  endfacet
  facet normal 0.9955621826855232 0.09410600621871541 0
    outer loop
      vertex -2.145756721496582 -0.13499927520751953 3
      vertex -2.1330461502075195 -0.2694664001464844 43
      vertex -2.1330461502075195 -0.2694664001464844 3
    endloop
  endfacet
  facet normal 0.987688657697026 -0.1564324629245699 0
    outer loop
      vertex -2.1330461502075195 0.2694664001464844 43
      vertex -2.111917495727539 0.40286922454833984 3
      vertex -2.111917495727539 0.40286922454833984 43
    endloop
  endfacet
  facet normal 0.987688657697026 -0.1564324629245699 0
    outer loop
      vertex -2.111917495727539 0.40286922454833984 3
      vertex -2.1330461502075195 0.2694664001464844 43
      vertex -2.1330461502075195 0.2694664001464844 3
    endloop
  endfacet
  facet normal 0.45399040740670077 -0.8910065712342966 0
    outer loop
      vertex -1.0357694625854492 1.884058952331543 3
      vertex -0.9154253005981445 1.9453773498535156 43
      vertex -1.0357694625854492 1.884058952331543 43
    endloop
  endfacet
  facet normal 0.45399040740670077 -0.8910065712342966 0
    outer loop
      vertex -0.9154253005981445 1.9453773498535156 43
      vertex -1.0357694625854492 1.884058952331543 3
      vertex -0.9154253005981445 1.9453773498535156 3
    endloop
  endfacet
  facet normal -0.8270780237730752 0.5620871307827859 0
    outer loop
      vertex 1.7393856048583984 -1.263737678527832 3
      vertex 1.8153047561645508 -1.1520271301269531 43
      vertex 1.8153047561645508 -1.1520271301269531 3
    endloop
  endfacet
  facet normal -0.8270780237730752 0.5620871307827859 0
    outer loop
      vertex 1.8153047561645508 -1.1520271301269531 43
      vertex 1.7393856048583984 -1.263737678527832 3
      vertex 1.7393856048583984 -1.263737678527832 43
    endloop
  endfacet
  facet normal -0.9759170022737051 -0.21814216619696652 0
    outer loop
      vertex 2.111917495727539 0.40286922454833984 3
      vertex 2.082453727722168 0.5346832275390625 43
      vertex 2.082453727722168 0.5346832275390625 3
    endloop
  endfacet
  facet normal -0.9759170022737051 -0.21814216619696652 0
    outer loop
      vertex 2.082453727722168 0.5346832275390625 43
      vertex 2.111917495727539 0.40286922454833984 3
      vertex 2.111917495727539 0.40286922454833984 43
    endloop
  endfacet
  facet normal -0.09410600621871541 0.9955621826855232 0
    outer loop
      vertex 0.2694664001464844 -2.1330461502075195 3
      vertex 0.13499927520751953 -2.145756721496582 43
      vertex 0.2694664001464844 -2.1330461502075195 43
    endloop
  endfacet
  facet normal -0.09410600621871541 0.9955621826855232 0
    outer loop
      vertex 0.13499927520751953 -2.145756721496582 43
      vertex 0.2694664001464844 -2.1330461502075195 3
      vertex 0.13499927520751953 -2.145756721496582 3
    endloop
  endfacet
  facet normal 0.3971482713651387 -0.9177544609271492 0
    outer loop
      vertex -0.9154253005981445 1.9453773498535156 3
      vertex -0.7914676666259766 1.999018669128418 43
      vertex -0.9154253005981445 1.9453773498535156 43
    endloop
  endfacet
  facet normal 0.3971482713651387 -0.9177544609271492 0
    outer loop
      vertex -0.7914676666259766 1.999018669128418 43
      vertex -0.9154253005981445 1.9453773498535156 3
      vertex -0.7914676666259766 1.999018669128418 3
    endloop
  endfacet
  facet normal -0.3387394703202024 -0.9408802108914762 0
    outer loop
      vertex 0.6643857955932617 2.044771194458008 3
      vertex 0.7914676666259766 1.999018669128418 43
      vertex 0.6643857955932617 2.044771194458008 43
    endloop
  endfacet
  facet normal -0.3387394703202024 -0.9408802108914762 0
    outer loop
      vertex 0.7914676666259766 1.999018669128418 43
      vertex 0.6643857955932617 2.044771194458008 3
      vertex 0.7914676666259766 1.999018669128418 3
    endloop
  endfacet
  facet normal -0.9955621826855232 0.09410600621871541 0
    outer loop
      vertex 2.1330461502075195 -0.2694664001464844 3
      vertex 2.145756721496582 -0.13499927520751953 43
      vertex 2.145756721496582 -0.13499927520751953 3
    endloop
  endfacet
  facet normal -0.9955621826855232 0.09410600621871541 0
    outer loop
      vertex 2.145756721496582 -0.13499927520751953 43
      vertex 2.1330461502075195 -0.2694664001464844 3
      vertex 2.1330461502075195 -0.2694664001464844 43
    endloop
  endfacet
  facet normal 0.21814216619696652 0.9759170022737051 0
    outer loop
      vertex -0.40286922454833984 -2.111917495727539 3
      vertex -0.5346832275390625 -2.082453727722168 43
      vertex -0.40286922454833984 -2.111917495727539 43
    endloop
  endfacet
  facet normal 0.21814216619696652 0.9759170022737051 0
    outer loop
      vertex -0.5346832275390625 -2.082453727722168 43
      vertex -0.40286922454833984 -2.111917495727539 3
      vertex -0.5346832275390625 -2.082453727722168 3
    endloop
  endfacet
  facet normal -0.9408802108914762 -0.3387394703202024 0
    outer loop
      vertex 2.044771194458008 0.6643857955932617 3
      vertex 1.999018669128418 0.7914676666259766 43
      vertex 1.999018669128418 0.7914676666259766 3
    endloop
  endfacet
  facet normal -0.9408802108914762 -0.3387394703202024 0
    outer loop
      vertex 1.999018669128418 0.7914676666259766 43
      vertex 2.044771194458008 0.6643857955932617 3
      vertex 2.044771194458008 0.6643857955932617 43
    endloop
  endfacet
  facet normal 0.27899420475951 0.9602927854100585 0
    outer loop
      vertex -0.5346832275390625 -2.082453727722168 3
      vertex -0.6643857955932617 -2.044771194458008 43
      vertex -0.5346832275390625 -2.082453727722168 43
    endloop
  endfacet
  facet normal 0.27899420475951 0.9602927854100585 0
    outer loop
      vertex -0.6643857955932617 -2.044771194458008 43
      vertex -0.5346832275390625 -2.082453727722168 3
      vertex -0.6643857955932617 -2.044771194458008 3
    endloop
  endfacet
  facet normal -0.21814216619696652 -0.9759170022737051 0
    outer loop
      vertex 0.40286922454833984 2.111917495727539 3
      vertex 0.5346832275390625 2.082453727722168 43
      vertex 0.40286922454833984 2.111917495727539 43
    endloop
  endfacet
  facet normal -0.21814216619696652 -0.9759170022737051 0
    outer loop
      vertex 0.5346832275390625 2.082453727722168 43
      vertex 0.40286922454833984 2.111917495727539 3
      vertex 0.5346832275390625 2.082453727722168 3
    endloop
  endfacet
  facet normal -0.7071067811865475 -0.7071067811865475 0
    outer loop
      vertex 1.567281723022461 1.471776008605957 3
      vertex 1.471776008605957 1.567281723022461 43
      vertex 1.471776008605957 1.567281723022461 3
    endloop
  endfacet
  facet normal -0.7071067811865475 -0.7071067811865475 0
    outer loop
      vertex 1.471776008605957 1.567281723022461 43
      vertex 1.567281723022461 1.471776008605957 3
      vertex 1.567281723022461 1.471776008605957 43
    endloop
  endfacet
  facet normal -0.03141352459001527 -0.9995064734521896 0
    outer loop
      vertex 0 2.1499996185302734 3
      vertex 0.13499927520751953 2.145756721496582 43
      vertex 0 2.1499996185302734 43
    endloop
  endfacet
  facet normal -0.03141352459001527 -0.9995064734521896 0
    outer loop
      vertex 0.13499927520751953 2.145756721496582 43
      vertex 0 2.1499996185302734 3
      vertex 0.13499927520751953 2.145756721496582 3
    endloop
  endfacet
  facet normal -0.75010978341469 0.6613133242462054 0
    outer loop
      vertex 1.567281723022461 -1.471776008605957 3
      vertex 1.6566028594970703 -1.3704614639282227 43
      vertex 1.6566028594970703 -1.3704614639282227 3
    endloop
  endfacet
  facet normal -0.75010978341469 0.6613133242462054 0
    outer loop
      vertex 1.6566028594970703 -1.3704614639282227 43
      vertex 1.567281723022461 -1.471776008605957 3
      vertex 1.567281723022461 -1.471776008605957 43
    endloop
  endfacet
  facet normal -0.45399040740670077 0.8910065712342966 0
    outer loop
      vertex 1.0357694625854492 -1.884058952331543 3
      vertex 0.9154253005981445 -1.9453773498535156 43
      vertex 1.0357694625854492 -1.884058952331543 43
    endloop
  endfacet
  facet normal -0.45399040740670077 0.8910065712342966 0
    outer loop
      vertex 0.9154253005981445 -1.9453773498535156 43
      vertex 1.0357694625854492 -1.884058952331543 3
      vertex 0.9154253005981445 -1.9453773498535156 3
    endloop
  endfacet
  facet normal -0.75010978341469 -0.6613133242462054 0
    outer loop
      vertex 1.6566028594970703 1.3704614639282227 3
      vertex 1.567281723022461 1.471776008605957 43
      vertex 1.567281723022461 1.471776008605957 3
    endloop
  endfacet
  facet normal -0.75010978341469 -0.6613133242462054 0
    outer loop
      vertex 1.567281723022461 1.471776008605957 43
      vertex 1.6566028594970703 1.3704614639282227 3
      vertex 1.6566028594970703 1.3704614639282227 43
    endloop
  endfacet
  facet normal 0.6129037794585719 0.7901575520903399 0
    outer loop
      vertex -1.263737678527832 -1.7393856048583984 3
      vertex -1.3704614639282227 -1.6566028594970703 43
      vertex -1.263737678527832 -1.7393856048583984 43
    endloop
  endfacet
  facet normal 0.6129037794585719 0.7901575520903399 0
    outer loop
      vertex -1.3704614639282227 -1.6566028594970703 43
      vertex -1.263737678527832 -1.7393856048583984 3
      vertex -1.3704614639282227 -1.6566028594970703 3
    endloop
  endfacet
  facet normal -0.5090392394423334 -0.8607433140652158 0
    outer loop
      vertex 1.0357694625854492 1.884058952331543 3
      vertex 1.1520271301269531 1.8153047561645508 43
      vertex 1.0357694625854492 1.884058952331543 43
    endloop
  endfacet
  facet normal -0.5090392394423334 -0.8607433140652158 0
    outer loop
      vertex 1.1520271301269531 1.8153047561645508 43
      vertex 1.0357694625854492 1.884058952331543 3
      vertex 1.1520271301269531 1.8153047561645508 3
    endloop
  endfacet
  facet normal 0.5090392394423334 -0.8607433140652158 0
    outer loop
      vertex -1.1520271301269531 1.8153047561645508 3
      vertex -1.0357694625854492 1.884058952331543 43
      vertex -1.1520271301269531 1.8153047561645508 43
    endloop
  endfacet
  facet normal 0.5090392394423334 -0.8607433140652158 0
    outer loop
      vertex -1.0357694625854492 1.884058952331543 43
      vertex -1.1520271301269531 1.8153047561645508 3
      vertex -1.0357694625854492 1.884058952331543 3
    endloop
  endfacet
  facet normal 0.9602927854100585 -0.27899420475951 0
    outer loop
      vertex -2.082453727722168 0.5346832275390625 43
      vertex -2.044771194458008 0.6643857955932617 3
      vertex -2.044771194458008 0.6643857955932617 43
    endloop
  endfacet
  facet normal 0.9602927854100585 -0.27899420475951 0
    outer loop
      vertex -2.044771194458008 0.6643857955932617 3
      vertex -2.082453727722168 0.5346832275390625 43
      vertex -2.082453727722168 0.5346832275390625 3
    endloop
  endfacet
  facet normal 0.9995064734521896 0.03141352459001527 0
    outer loop
      vertex -2.145756721496582 -0.13499927520751953 43
      vertex -2.1499996185302734 0 3
      vertex -2.1499996185302734 0 43
    endloop
  endfacet
  facet normal 0.9995064734521896 0.03141352459001527 0
    outer loop
      vertex -2.1499996185302734 0 3
      vertex -2.145756721496582 -0.13499927520751953 43
      vertex -2.145756721496582 -0.13499927520751953 3
    endloop
  endfacet
  facet normal -0.1564324629245699 0.987688657697026 0
    outer loop
      vertex 0.40286922454833984 -2.111917495727539 3
      vertex 0.2694664001464844 -2.1330461502075195 43
      vertex 0.40286922454833984 -2.111917495727539 43
    endloop
  endfacet
  facet normal -0.1564324629245699 0.987688657697026 0
    outer loop
      vertex 0.2694664001464844 -2.1330461502075195 43
      vertex 0.40286922454833984 -2.111917495727539 3
      vertex 0.2694664001464844 -2.1330461502075195 3
    endloop
  endfacet
  facet normal -0.8607433140652158 0.5090392394423334 0
    outer loop
      vertex 1.8153047561645508 -1.1520271301269531 3
      vertex 1.884058952331543 -1.0357694625854492 43
      vertex 1.884058952331543 -1.0357694625854492 3
    endloop
  endfacet
  facet normal -0.8607433140652158 0.5090392394423334 0
    outer loop
      vertex 1.884058952331543 -1.0357694625854492 43
      vertex 1.8153047561645508 -1.1520271301269531 3
      vertex 1.8153047561645508 -1.1520271301269531 43
    endloop
  endfacet
  facet normal 0.9759170022737051 0.21814216619696652 0
    outer loop
      vertex -2.082453727722168 -0.5346832275390625 43
      vertex -2.111917495727539 -0.40286922454833984 3
      vertex -2.111917495727539 -0.40286922454833984 43
    endloop
  endfacet
  facet normal 0.9759170022737051 0.21814216619696652 0
    outer loop
      vertex -2.111917495727539 -0.40286922454833984 3
      vertex -2.082453727722168 -0.5346832275390625 43
      vertex -2.082453727722168 -0.5346832275390625 3
    endloop
  endfacet
  facet normal -0.3387394703202024 0.9408802108914762 0
    outer loop
      vertex 0.7914676666259766 -1.999018669128418 3
      vertex 0.6643857955932617 -2.044771194458008 43
      vertex 0.7914676666259766 -1.999018669128418 43
    endloop
  endfacet
  facet normal -0.3387394703202024 0.9408802108914762 0
    outer loop
      vertex 0.6643857955932617 -2.044771194458008 43
      vertex 0.7914676666259766 -1.999018669128418 3
      vertex 0.6643857955932617 -2.044771194458008 3
    endloop
  endfacet
  facet normal -0.987688657697026 0.1564324629245699 0
    outer loop
      vertex 2.111917495727539 -0.40286922454833984 3
      vertex 2.1330461502075195 -0.2694664001464844 43
      vertex 2.1330461502075195 -0.2694664001464844 3
    endloop
  endfacet
  facet normal -0.987688657697026 0.1564324629245699 0
    outer loop
      vertex 2.1330461502075195 -0.2694664001464844 43
      vertex 2.111917495727539 -0.40286922454833984 3
      vertex 2.111917495727539 -0.40286922454833984 43
    endloop
  endfacet
  facet normal 0.7071067811865475 -0.7071067811865475 0
    outer loop
      vertex -1.567281723022461 1.471776008605957 43
      vertex -1.471776008605957 1.567281723022461 3
      vertex -1.471776008605957 1.567281723022461 43
    endloop
  endfacet
  facet normal 0.7071067811865475 -0.7071067811865475 0
    outer loop
      vertex -1.471776008605957 1.567281723022461 3
      vertex -1.567281723022461 1.471776008605957 43
      vertex -1.567281723022461 1.471776008605957 3
    endloop
  endfacet
  facet normal -0.03141352459001527 0.9995064734521896 0
    outer loop
      vertex 0.13499927520751953 -2.145756721496582 3
      vertex 0 -2.1499996185302734 43
      vertex 0.13499927520751953 -2.145756721496582 43
    endloop
  endfacet
  facet normal -0.03141352459001527 0.9995064734521896 0
    outer loop
      vertex 0 -2.1499996185302734 43
      vertex 0.13499927520751953 -2.145756721496582 3
      vertex 0 -2.1499996185302734 3
    endloop
  endfacet
  facet normal -0.5090392394423334 0.8607433140652158 0
    outer loop
      vertex 1.1520271301269531 -1.8153047561645508 3
      vertex 1.0357694625854492 -1.884058952331543 43
      vertex 1.1520271301269531 -1.8153047561645508 43
    endloop
  endfacet
  facet normal -0.5090392394423334 0.8607433140652158 0
    outer loop
      vertex 1.0357694625854492 -1.884058952331543 43
      vertex 1.1520271301269531 -1.8153047561645508 3
      vertex 1.0357694625854492 -1.884058952331543 3
    endloop
  endfacet
  facet normal -0.7071067811865475 0.7071067811865475 0
    outer loop
      vertex 1.471776008605957 -1.567281723022461 3
      vertex 1.567281723022461 -1.471776008605957 43
      vertex 1.567281723022461 -1.471776008605957 3
    endloop
  endfacet
  facet normal -0.7071067811865475 0.7071067811865475 0
    outer loop
      vertex 1.567281723022461 -1.471776008605957 43
      vertex 1.471776008605957 -1.567281723022461 3
      vertex 1.471776008605957 -1.567281723022461 43
    endloop
  endfacet
  facet normal -0.5620871307827859 0.8270780237730752 0
    outer loop
      vertex 1.263737678527832 -1.7393856048583984 3
      vertex 1.1520271301269531 -1.8153047561645508 43
      vertex 1.263737678527832 -1.7393856048583984 43
    endloop
  endfacet
  facet normal -0.5620871307827859 0.8270780237730752 0
    outer loop
      vertex 1.1520271301269531 -1.8153047561645508 43
      vertex 1.263737678527832 -1.7393856048583984 3
      vertex 1.1520271301269531 -1.8153047561645508 3
    endloop
  endfacet
  facet normal 0.45399040740670077 0.8910065712342966 0
    outer loop
      vertex -0.9154253005981445 -1.9453773498535156 3
      vertex -1.0357694625854492 -1.884058952331543 43
      vertex -0.9154253005981445 -1.9453773498535156 43
    endloop
  endfacet
  facet normal 0.45399040740670077 0.8910065712342966 0
    outer loop
      vertex -1.0357694625854492 -1.884058952331543 43
      vertex -0.9154253005981445 -1.9453773498535156 3
      vertex -1.0357694625854492 -1.884058952331543 3
    endloop
  endfacet
  facet normal -0.21814216619696652 0.9759170022737051 0
    outer loop
      vertex 0.5346832275390625 -2.082453727722168 3
      vertex 0.40286922454833984 -2.111917495727539 43
      vertex 0.5346832275390625 -2.082453727722168 43
    endloop
  endfacet
  facet normal -0.21814216619696652 0.9759170022737051 0
    outer loop
      vertex 0.40286922454833984 -2.111917495727539 43
      vertex 0.5346832275390625 -2.082453727722168 3
      vertex 0.40286922454833984 -2.111917495727539 3
    endloop
  endfacet
  facet normal -0.1564324629245699 -0.987688657697026 0
    outer loop
      vertex 0.2694664001464844 2.1330461502075195 3
      vertex 0.40286922454833984 2.111917495727539 43
      vertex 0.2694664001464844 2.1330461502075195 43
    endloop
  endfacet
  facet normal -0.1564324629245699 -0.987688657697026 0
    outer loop
      vertex 0.40286922454833984 2.111917495727539 43
      vertex 0.2694664001464844 2.1330461502075195 3
      vertex 0.40286922454833984 2.111917495727539 3
    endloop
  endfacet
  facet normal -0.8910065712342966 0.45399040740670077 0
    outer loop
      vertex 1.884058952331543 -1.0357694625854492 3
      vertex 1.9453773498535156 -0.9154253005981445 43
      vertex 1.9453773498535156 -0.9154253005981445 3
    endloop
  endfacet
  facet normal -0.8910065712342966 0.45399040740670077 0
    outer loop
      vertex 1.9453773498535156 -0.9154253005981445 43
      vertex 1.884058952331543 -1.0357694625854492 3
      vertex 1.884058952331543 -1.0357694625854492 43
    endloop
  endfacet
  facet normal 0.9995064734521896 -0.03141352459001527 0
    outer loop
      vertex -2.1499996185302734 0 43
      vertex -2.145756721496582 0.13499927520751953 3
      vertex -2.145756721496582 0.13499927520751953 43
    endloop
  endfacet
  facet normal 0.9995064734521896 -0.03141352459001527 0
    outer loop
      vertex -2.145756721496582 0.13499927520751953 3
      vertex -2.1499996185302734 0 43
      vertex -2.1499996185302734 0 3
    endloop
  endfacet
  facet normal 0.7071067811865475 0.7071067811865475 0
    outer loop
      vertex -1.471776008605957 -1.567281723022461 43
      vertex -1.567281723022461 -1.471776008605957 3
      vertex -1.567281723022461 -1.471776008605957 43
    endloop
  endfacet
  facet normal 0.7071067811865475 0.7071067811865475 0
    outer loop
      vertex -1.567281723022461 -1.471776008605957 3
      vertex -1.471776008605957 -1.567281723022461 43
      vertex -1.471776008605957 -1.567281723022461 3
    endloop
  endfacet
  facet normal -0.9177544609271492 -0.3971482713651387 0
    outer loop
      vertex 1.999018669128418 0.7914676666259766 3
      vertex 1.9453773498535156 0.9154253005981445 43
      vertex 1.9453773498535156 0.9154253005981445 3
    endloop
  endfacet
  facet normal -0.9177544609271492 -0.3971482713651387 0
    outer loop
      vertex 1.9453773498535156 0.9154253005981445 43
      vertex 1.999018669128418 0.7914676666259766 3
      vertex 1.999018669128418 0.7914676666259766 43
    endloop
  endfacet
  facet normal 0.8270780237730752 0.5620871307827859 0
    outer loop
      vertex -1.7393856048583984 -1.263737678527832 43
      vertex -1.8153047561645508 -1.1520271301269531 3
      vertex -1.8153047561645508 -1.1520271301269531 43
    endloop
  endfacet
  facet normal 0.8270780237730752 0.5620871307827859 0
    outer loop
      vertex -1.8153047561645508 -1.1520271301269531 3
      vertex -1.7393856048583984 -1.263737678527832 43
      vertex -1.7393856048583984 -1.263737678527832 3
    endloop
  endfacet
  facet normal -0.09410600621871541 -0.9955621826855232 0
    outer loop
      vertex 0.13499927520751953 2.145756721496582 3
      vertex 0.2694664001464844 2.1330461502075195 43
      vertex 0.13499927520751953 2.145756721496582 43
    endloop
  endfacet
  facet normal -0.09410600621871541 -0.9955621826855232 0
    outer loop
      vertex 0.2694664001464844 2.1330461502075195 43
      vertex 0.13499927520751953 2.145756721496582 3
      vertex 0.2694664001464844 2.1330461502075195 3
    endloop
  endfacet
  facet normal 0.75010978341469 0.6613133242462054 0
    outer loop
      vertex -1.567281723022461 -1.471776008605957 43
      vertex -1.6566028594970703 -1.3704614639282227 3
      vertex -1.6566028594970703 -1.3704614639282227 43
    endloop
  endfacet
  facet normal 0.75010978341469 0.6613133242462054 0
    outer loop
      vertex -1.6566028594970703 -1.3704614639282227 3
      vertex -1.567281723022461 -1.471776008605957 43
      vertex -1.567281723022461 -1.471776008605957 3
    endloop
  endfacet
  facet normal 0.6613133242462054 -0.75010978341469 0
    outer loop
      vertex -1.471776008605957 1.567281723022461 3
      vertex -1.3704614639282227 1.6566028594970703 43
      vertex -1.471776008605957 1.567281723022461 43
    endloop
  endfacet
  facet normal 0.6613133242462054 -0.75010978341469 0
    outer loop
      vertex -1.3704614639282227 1.6566028594970703 43
      vertex -1.471776008605957 1.567281723022461 3
      vertex -1.3704614639282227 1.6566028594970703 3
    endloop
  endfacet
  facet normal 0.9177544609271492 0.3971482713651387 0
    outer loop
      vertex -1.9453773498535156 -0.9154253005981445 43
      vertex -1.999018669128418 -0.7914676666259766 3
      vertex -1.999018669128418 -0.7914676666259766 43
    endloop
  endfacet
  facet normal 0.9177544609271492 0.3971482713651387 0
    outer loop
      vertex -1.999018669128418 -0.7914676666259766 3
      vertex -1.9453773498535156 -0.9154253005981445 43
      vertex -1.9453773498535156 -0.9154253005981445 3
    endloop
  endfacet
  facet normal 0.8270780237730752 -0.5620871307827859 0
    outer loop
      vertex -1.8153047561645508 1.1520271301269531 43
      vertex -1.7393856048583984 1.263737678527832 3
      vertex -1.7393856048583984 1.263737678527832 43
    endloop
  endfacet
  facet normal 0.8270780237730752 -0.5620871307827859 0
    outer loop
      vertex -1.7393856048583984 1.263737678527832 3
      vertex -1.8153047561645508 1.1520271301269531 43
      vertex -1.8153047561645508 1.1520271301269531 3
    endloop
  endfacet
  facet normal 0.6129037794585719 -0.7901575520903399 0
    outer loop
      vertex -1.3704614639282227 1.6566028594970703 3
      vertex -1.263737678527832 1.7393856048583984 43
      vertex -1.3704614639282227 1.6566028594970703 43
    endloop
  endfacet
  facet normal 0.6129037794585719 -0.7901575520903399 0
    outer loop
      vertex -1.263737678527832 1.7393856048583984 43
      vertex -1.3704614639282227 1.6566028594970703 3
      vertex -1.263737678527832 1.7393856048583984 3
    endloop
  endfacet
  facet normal 0.9408802108914762 -0.3387394703202024 0
    outer loop
      vertex -2.044771194458008 0.6643857955932617 43
      vertex -1.999018669128418 0.7914676666259766 3
      vertex -1.999018669128418 0.7914676666259766 43
    endloop
  endfacet
  facet normal 0.9408802108914762 -0.3387394703202024 0
    outer loop
      vertex -1.999018669128418 0.7914676666259766 3
      vertex -2.044771194458008 0.6643857955932617 43
      vertex -2.044771194458008 0.6643857955932617 3
    endloop
  endfacet
  facet normal 0.21814216619696652 -0.9759170022737051 0
    outer loop
      vertex -0.5346832275390625 2.082453727722168 3
      vertex -0.40286922454833984 2.111917495727539 43
      vertex -0.5346832275390625 2.082453727722168 43
    endloop
  endfacet
  facet normal 0.21814216619696652 -0.9759170022737051 0
    outer loop
      vertex -0.40286922454833984 2.111917495727539 43
      vertex -0.5346832275390625 2.082453727722168 3
      vertex -0.40286922454833984 2.111917495727539 3
    endloop
  endfacet
  facet normal -0.8270780237730752 -0.5620871307827859 0
    outer loop
      vertex 1.8153047561645508 1.1520271301269531 3
      vertex 1.7393856048583984 1.263737678527832 43
      vertex 1.7393856048583984 1.263737678527832 3
    endloop
  endfacet
  facet normal -0.8270780237730752 -0.5620871307827859 0
    outer loop
      vertex 1.7393856048583984 1.263737678527832 43
      vertex 1.8153047561645508 1.1520271301269531 3
      vertex 1.8153047561645508 1.1520271301269531 43
    endloop
  endfacet
  facet normal 0.7901575520903399 0.6129037794585719 0
    outer loop
      vertex -1.6566028594970703 -1.3704614639282227 43
      vertex -1.7393856048583984 -1.263737678527832 3
      vertex -1.7393856048583984 -1.263737678527832 43
    endloop
  endfacet
  facet normal 0.7901575520903399 0.6129037794585719 0
    outer loop
      vertex -1.7393856048583984 -1.263737678527832 3
      vertex -1.6566028594970703 -1.3704614639282227 43
      vertex -1.6566028594970703 -1.3704614639282227 3
    endloop
  endfacet
  facet normal 0.3971482713651387 0.9177544609271492 0
    outer loop
      vertex -0.7914676666259766 -1.999018669128418 3
      vertex -0.9154253005981445 -1.9453773498535156 43
      vertex -0.7914676666259766 -1.999018669128418 43
    endloop
  endfacet
  facet normal 0.3971482713651387 0.9177544609271492 0
    outer loop
      vertex -0.9154253005981445 -1.9453773498535156 43
      vertex -0.7914676666259766 -1.999018669128418 3
      vertex -0.9154253005981445 -1.9453773498535156 3
    endloop
  endfacet
  facet normal -0.6613133242462054 -0.75010978341469 0
    outer loop
      vertex 1.3704614639282227 1.6566028594970703 3
      vertex 1.471776008605957 1.567281723022461 43
      vertex 1.3704614639282227 1.6566028594970703 43
    endloop
  endfacet
  facet normal -0.6613133242462054 -0.75010978341469 0
    outer loop
      vertex 1.471776008605957 1.567281723022461 43
      vertex 1.3704614639282227 1.6566028594970703 3
      vertex 1.471776008605957 1.567281723022461 3
    endloop
  endfacet
  facet normal 0.1564324629245699 -0.987688657697026 0
    outer loop
      vertex -0.40286922454833984 2.111917495727539 3
      vertex -0.2694664001464844 2.1330461502075195 43
      vertex -0.40286922454833984 2.111917495727539 43
    endloop
  endfacet
  facet normal 0.1564324629245699 -0.987688657697026 0
    outer loop
      vertex -0.2694664001464844 2.1330461502075195 43
      vertex -0.40286922454833984 2.111917495727539 3
      vertex -0.2694664001464844 2.1330461502075195 3
    endloop
  endfacet
  facet normal -0.9955621826855232 -0.09410600621871541 0
    outer loop
      vertex 2.145756721496582 0.13499927520751953 3
      vertex 2.1330461502075195 0.2694664001464844 43
      vertex 2.1330461502075195 0.2694664001464844 3
    endloop
  endfacet
  facet normal -0.9955621826855232 -0.09410600621871541 0
    outer loop
      vertex 2.1330461502075195 0.2694664001464844 43
      vertex 2.145756721496582 0.13499927520751953 3
      vertex 2.145756721496582 0.13499927520751953 43
    endloop
  endfacet
  facet normal -0.6129037794585719 -0.7901575520903399 0
    outer loop
      vertex 1.263737678527832 1.7393856048583984 3
      vertex 1.3704614639282227 1.6566028594970703 43
      vertex 1.263737678527832 1.7393856048583984 43
    endloop
  endfacet
  facet normal -0.6129037794585719 -0.7901575520903399 0
    outer loop
      vertex 1.3704614639282227 1.6566028594970703 43
      vertex 1.263737678527832 1.7393856048583984 3
      vertex 1.3704614639282227 1.6566028594970703 3
    endloop
  endfacet
  facet normal -0.9995064734521896 0.03141352459001527 0
    outer loop
      vertex 2.145756721496582 -0.13499927520751953 3
      vertex 2.1499996185302734 0 43
      vertex 2.1499996185302734 0 3
    endloop
  endfacet
  facet normal -0.9995064734521896 0.03141352459001527 0
    outer loop
      vertex 2.1499996185302734 0 43
      vertex 2.145756721496582 -0.13499927520751953 3
      vertex 2.145756721496582 -0.13499927520751953 43
    endloop
  endfacet
  facet normal -0.9408802108914762 0.3387394703202024 0
    outer loop
      vertex 1.999018669128418 -0.7914676666259766 3
      vertex 2.044771194458008 -0.6643857955932617 43
      vertex 2.044771194458008 -0.6643857955932617 3
    endloop
  endfacet
  facet normal -0.9408802108914762 0.3387394703202024 0
    outer loop
      vertex 2.044771194458008 -0.6643857955932617 43
      vertex 1.999018669128418 -0.7914676666259766 3
      vertex 1.999018669128418 -0.7914676666259766 43
    endloop
  endfacet
  facet normal -0.9602927854100585 0.27899420475951 0
    outer loop
      vertex 2.044771194458008 -0.6643857955932617 3
      vertex 2.082453727722168 -0.5346832275390625 43
      vertex 2.082453727722168 -0.5346832275390625 3
    endloop
  endfacet
  facet normal -0.9602927854100585 0.27899420475951 0
    outer loop
      vertex 2.082453727722168 -0.5346832275390625 43
      vertex 2.044771194458008 -0.6643857955932617 3
      vertex 2.044771194458008 -0.6643857955932617 43
    endloop
  endfacet
  facet normal 0.987688657697026 0.1564324629245699 0
    outer loop
      vertex -2.111917495727539 -0.40286922454833984 43
      vertex -2.1330461502075195 -0.2694664001464844 3
      vertex -2.1330461502075195 -0.2694664001464844 43
    endloop
  endfacet
  facet normal 0.987688657697026 0.1564324629245699 0
    outer loop
      vertex -2.1330461502075195 -0.2694664001464844 3
      vertex -2.111917495727539 -0.40286922454833984 43
      vertex -2.111917495727539 -0.40286922454833984 3
    endloop
  endfacet
  facet normal -0.5620871307827859 -0.8270780237730752 0
    outer loop
      vertex 1.1520271301269531 1.8153047561645508 3
      vertex 1.263737678527832 1.7393856048583984 43
      vertex 1.1520271301269531 1.8153047561645508 43
    endloop
  endfacet
  facet normal -0.5620871307827859 -0.8270780237730752 0
    outer loop
      vertex 1.263737678527832 1.7393856048583984 43
      vertex 1.1520271301269531 1.8153047561645508 3
      vertex 1.263737678527832 1.7393856048583984 3
    endloop
  endfacet
  facet normal 0.9759170022737051 -0.21814216619696652 0
    outer loop
      vertex -2.111917495727539 0.40286922454833984 43
      vertex -2.082453727722168 0.5346832275390625 3
      vertex -2.082453727722168 0.5346832275390625 43
    endloop
  endfacet
  facet normal 0.9759170022737051 -0.21814216619696652 0
    outer loop
      vertex -2.082453727722168 0.5346832275390625 3
      vertex -2.111917495727539 0.40286922454833984 43
      vertex -2.111917495727539 0.40286922454833984 3
    endloop
  endfacet
  facet normal 0.75010978341469 -0.6613133242462054 0
    outer loop
      vertex -1.6566028594970703 1.3704614639282227 43
      vertex -1.567281723022461 1.471776008605957 3
      vertex -1.567281723022461 1.471776008605957 43
    endloop
  endfacet
  facet normal 0.75010978341469 -0.6613133242462054 0
    outer loop
      vertex -1.567281723022461 1.471776008605957 3
      vertex -1.6566028594970703 1.3704614639282227 43
      vertex -1.6566028594970703 1.3704614639282227 3
    endloop
  endfacet
  facet normal 0.8910065712342966 -0.45399040740670077 0
    outer loop
      vertex -1.9453773498535156 0.9154253005981445 43
      vertex -1.884058952331543 1.0357694625854492 3
      vertex -1.884058952331543 1.0357694625854492 43
    endloop
  endfacet
  facet normal 0.8910065712342966 -0.45399040740670077 0
    outer loop
      vertex -1.884058952331543 1.0357694625854492 3
      vertex -1.9453773498535156 0.9154253005981445 43
      vertex -1.9453773498535156 0.9154253005981445 3
    endloop
  endfacet
  facet normal 0.6613133242462054 0.75010978341469 0
    outer loop
      vertex -1.3704614639282227 -1.6566028594970703 3
      vertex -1.471776008605957 -1.567281723022461 43
      vertex -1.3704614639282227 -1.6566028594970703 43
    endloop
  endfacet
  facet normal 0.6613133242462054 0.75010978341469 0
    outer loop
      vertex -1.471776008605957 -1.567281723022461 43
      vertex -1.3704614639282227 -1.6566028594970703 3
      vertex -1.471776008605957 -1.567281723022461 3
    endloop
  endfacet
  facet normal 0.8607433140652158 -0.5090392394423334 0
    outer loop
      vertex -1.884058952331543 1.0357694625854492 43
      vertex -1.8153047561645508 1.1520271301269531 3
      vertex -1.8153047561645508 1.1520271301269531 43
    endloop
  endfacet
  facet normal 0.8607433140652158 -0.5090392394423334 0
    outer loop
      vertex -1.8153047561645508 1.1520271301269531 3
      vertex -1.884058952331543 1.0357694625854492 43
      vertex -1.884058952331543 1.0357694625854492 3
    endloop
  endfacet
  facet normal 0.8910065712342966 0.45399040740670077 0
    outer loop
      vertex -1.884058952331543 -1.0357694625854492 43
      vertex -1.9453773498535156 -0.9154253005981445 3
      vertex -1.9453773498535156 -0.9154253005981445 43
    endloop
  endfacet
  facet normal 0.8910065712342966 0.45399040740670077 0
    outer loop
      vertex -1.9453773498535156 -0.9154253005981445 3
      vertex -1.884058952331543 -1.0357694625854492 43
      vertex -1.884058952331543 -1.0357694625854492 3
    endloop
  endfacet
  facet normal 0.09410600621871541 -0.9955621826855232 0
    outer loop
      vertex -0.2694664001464844 2.1330461502075195 3
      vertex -0.13499927520751953 2.145756721496582 43
      vertex -0.2694664001464844 2.1330461502075195 43
    endloop
  endfacet
  facet normal 0.09410600621871541 -0.9955621826855232 0
    outer loop
      vertex -0.13499927520751953 2.145756721496582 43
      vertex -0.2694664001464844 2.1330461502075195 3
      vertex -0.13499927520751953 2.145756721496582 3
    endloop
  endfacet
  facet normal 0.9177544609271492 -0.3971482713651387 0
    outer loop
      vertex -1.999018669128418 0.7914676666259766 43
      vertex -1.9453773498535156 0.9154253005981445 3
      vertex -1.9453773498535156 0.9154253005981445 43
    endloop
  endfacet
  facet normal 0.9177544609271492 -0.3971482713651387 0
    outer loop
      vertex -1.9453773498535156 0.9154253005981445 3
      vertex -1.999018669128418 0.7914676666259766 43
      vertex -1.999018669128418 0.7914676666259766 3
    endloop
  endfacet
  facet normal 0.5620871307827859 0.8270780237730752 0
    outer loop
      vertex -1.1520271301269531 -1.8153047561645508 3
      vertex -1.263737678527832 -1.7393856048583984 43
      vertex -1.1520271301269531 -1.8153047561645508 43
    endloop
  endfacet
  facet normal 0.5620871307827859 0.8270780237730752 0
    outer loop
      vertex -1.263737678527832 -1.7393856048583984 43
      vertex -1.1520271301269531 -1.8153047561645508 3
      vertex -1.263737678527832 -1.7393856048583984 3
    endloop
  endfacet
  facet normal 0.1564324629245699 0.987688657697026 0
    outer loop
      vertex -0.2694664001464844 -2.1330461502075195 3
      vertex -0.40286922454833984 -2.111917495727539 43
      vertex -0.2694664001464844 -2.1330461502075195 43
    endloop
  endfacet
  facet normal 0.1564324629245699 0.987688657697026 0
    outer loop
      vertex -0.40286922454833984 -2.111917495727539 43
      vertex -0.2694664001464844 -2.1330461502075195 3
      vertex -0.40286922454833984 -2.111917495727539 3
    endloop
  endfacet
  facet normal -0.6129037794585719 0.7901575520903399 0
    outer loop
      vertex 1.3704614639282227 -1.6566028594970703 3
      vertex 1.263737678527832 -1.7393856048583984 43
      vertex 1.3704614639282227 -1.6566028594970703 43
    endloop
  endfacet
  facet normal -0.6129037794585719 0.7901575520903399 0
    outer loop
      vertex 1.263737678527832 -1.7393856048583984 43
      vertex 1.3704614639282227 -1.6566028594970703 3
      vertex 1.263737678527832 -1.7393856048583984 3
    endloop
  endfacet
  facet normal 0.9955621826855232 -0.09410600621871541 0
    outer loop
      vertex -2.145756721496582 0.13499927520751953 43
      vertex -2.1330461502075195 0.2694664001464844 3
      vertex -2.1330461502075195 0.2694664001464844 43
    endloop
  endfacet
  facet normal 0.9955621826855232 -0.09410600621871541 0
    outer loop
      vertex -2.1330461502075195 0.2694664001464844 3
      vertex -2.145756721496582 0.13499927520751953 43
      vertex -2.145756721496582 0.13499927520751953 3
    endloop
  endfacet
  facet normal 0.5090392394423334 0.8607433140652158 0
    outer loop
      vertex -1.0357694625854492 -1.884058952331543 3
      vertex -1.1520271301269531 -1.8153047561645508 43
      vertex -1.0357694625854492 -1.884058952331543 43
    endloop
  endfacet
  facet normal 0.5090392394423334 0.8607433140652158 0
    outer loop
      vertex -1.1520271301269531 -1.8153047561645508 43
      vertex -1.0357694625854492 -1.884058952331543 3
      vertex -1.1520271301269531 -1.8153047561645508 3
    endloop
  endfacet
  facet normal -0.27899420475951 0.9602927854100585 0
    outer loop
      vertex 0.6643857955932617 -2.044771194458008 3
      vertex 0.5346832275390625 -2.082453727722168 43
      vertex 0.6643857955932617 -2.044771194458008 43
    endloop
  endfacet
  facet normal -0.27899420475951 0.9602927854100585 0
    outer loop
      vertex 0.5346832275390625 -2.082453727722168 43
      vertex 0.6643857955932617 -2.044771194458008 3
      vertex 0.5346832275390625 -2.082453727722168 3
    endloop
  endfacet
  facet normal 0.9408802108914762 0.3387394703202024 0
    outer loop
      vertex -1.999018669128418 -0.7914676666259766 43
      vertex -2.044771194458008 -0.6643857955932617 3
      vertex -2.044771194458008 -0.6643857955932617 43
    endloop
  endfacet
  facet normal 0.9408802108914762 0.3387394703202024 0
    outer loop
      vertex -2.044771194458008 -0.6643857955932617 3
      vertex -1.999018669128418 -0.7914676666259766 43
      vertex -1.999018669128418 -0.7914676666259766 3
    endloop
  endfacet
  facet normal 0.3387394703202024 0.9408802108914762 0
    outer loop
      vertex -0.6643857955932617 -2.044771194458008 3
      vertex -0.7914676666259766 -1.999018669128418 43
      vertex -0.6643857955932617 -2.044771194458008 43
    endloop
  endfacet
  facet normal 0.3387394703202024 0.9408802108914762 0
    outer loop
      vertex -0.7914676666259766 -1.999018669128418 43
      vertex -0.6643857955932617 -2.044771194458008 3
      vertex -0.7914676666259766 -1.999018669128418 3
    endloop
  endfacet
  facet normal 0.9602927854100585 0.27899420475951 0
    outer loop
      vertex -2.044771194458008 -0.6643857955932617 43
      vertex -2.082453727722168 -0.5346832275390625 3
      vertex -2.082453727722168 -0.5346832275390625 43
    endloop
  endfacet
  facet normal 0.9602927854100585 0.27899420475951 0
    outer loop
      vertex -2.082453727722168 -0.5346832275390625 3
      vertex -2.044771194458008 -0.6643857955932617 43
      vertex -2.044771194458008 -0.6643857955932617 3
    endloop
  endfacet
  facet normal 0.8607433140652158 0.5090392394423334 0
    outer loop
      vertex -1.8153047561645508 -1.1520271301269531 43
      vertex -1.884058952331543 -1.0357694625854492 3
      vertex -1.884058952331543 -1.0357694625854492 43
    endloop
  endfacet
  facet normal 0.8607433140652158 0.5090392394423334 0
    outer loop
      vertex -1.884058952331543 -1.0357694625854492 3
      vertex -1.8153047561645508 -1.1520271301269531 43
      vertex -1.8153047561645508 -1.1520271301269531 3
    endloop
  endfacet
  facet normal 0.3387394703202024 -0.9408802108914762 0
    outer loop
      vertex -0.7914676666259766 1.999018669128418 3
      vertex -0.6643857955932617 2.044771194458008 43
      vertex -0.7914676666259766 1.999018669128418 43
    endloop
  endfacet
  facet normal 0.3387394703202024 -0.9408802108914762 0
    outer loop
      vertex -0.6643857955932617 2.044771194458008 43
      vertex -0.7914676666259766 1.999018669128418 3
      vertex -0.6643857955932617 2.044771194458008 3
    endloop
  endfacet
  facet normal 0.27899420475951 -0.9602927854100585 0
    outer loop
      vertex -0.6643857955932617 2.044771194458008 3
      vertex -0.5346832275390625 2.082453727722168 43
      vertex -0.6643857955932617 2.044771194458008 43
    endloop
  endfacet
  facet normal 0.27899420475951 -0.9602927854100585 0
    outer loop
      vertex -0.5346832275390625 2.082453727722168 43
      vertex -0.6643857955932617 2.044771194458008 3
      vertex -0.5346832275390625 2.082453727722168 3
    endloop
  endfacet
  facet normal -0.9359241121725319 -0.02941144190250818 -0.3509715420646995
    outer loop
      vertex 3.2695980072021484 0.1718888282775879 0
      vertex 3.2749996185302734 0 0
      vertex 2.1499996185302734 0 3
    endloop
  endfacet
  facet normal 0.9359239383440674 0.029415186827163303 -0.35097169176224685
    outer loop
      vertex -2.145756721496582 -0.13499927520751953 3
      vertex -3.2695980072021484 -0.1718888282775879 0
      vertex -2.1499996185302734 0 3
    endloop
  endfacet
  facet normal 0.9359239383440674 0.029415186827163303 -0.35097169176224685
    outer loop
      vertex -3.2695980072021484 -0.1718888282775879 0
      vertex -2.145756721496582 -0.13499927520751953 3
      vertex -3.2685372829437256 -0.20563864707946777 0
    endloop
  endfacet
  facet normal -0.9359239383440674 -0.029415186827163303 -0.35097169176224685
    outer loop
      vertex 3.2695980072021484 0.1718888282775879 0
      vertex 2.145756721496582 0.13499927520751953 3
      vertex 3.2685372829437256 0.20563864707946777 0
    endloop
  endfacet
  facet normal -0.9359239383440674 -0.029415186827163303 -0.35097169176224685
    outer loop
      vertex 2.145756721496582 0.13499927520751953 3
      vertex 3.2695980072021484 0.1718888282775879 0
      vertex 2.1499996185302734 0 3
    endloop
  endfacet
  facet normal -0.3171909461144861 0.8810271917558279 -0.35097149612160355
    outer loop
      vertex 1.1738367080688477 -3.056455373764038 0
      vertex 0.7914676666259766 -1.999018669128418 3
      vertex 1.2056071758270264 -3.0450172424316406 0
    endloop
  endfacet
  facet normal -0.3171909461144861 0.8810271917558279 -0.35097149612160355
    outer loop
      vertex 0.7914676666259766 -1.999018669128418 3
      vertex 1.1738367080688477 -3.056455373764038 0
      vertex 0.6643857955932617 -2.044771194458008 3
    endloop
  endfacet
  facet normal 0.8810271917558279 0.3171909461144861 -0.35097149612160355
    outer loop
      vertex -1.999018669128418 -0.7914676666259766 3
      vertex -3.056455373764038 -1.1738367080688477 0
      vertex -2.044771194458008 -0.6643857955932617 3
    endloop
  endfacet
  facet normal 0.8810271917558279 0.3171909461144861 -0.35097149612160355
    outer loop
      vertex -3.056455373764038 -1.1738367080688477 0
      vertex -1.999018669128418 -0.7914676666259766 3
      vertex -3.0450172424316406 -1.2056071758270264 0
    endloop
  endfacet
  facet normal -0.7744643707587628 -0.5263305801155299 -0.3509715926688132
    outer loop
      vertex 2.6685097217559814 1.8970682621002197 0
      vertex 1.7393856048583984 1.263737678527832 3
      vertex 2.6495299339294434 1.9249958992004395 0
    endloop
  endfacet
  facet normal -0.7744643707587628 -0.5263305801155299 -0.3509715926688132
    outer loop
      vertex 1.7393856048583984 1.263737678527832 3
      vertex 2.6685097217559814 1.8970682621002197 0
      vertex 1.8153047561645508 1.1520271301269531 3
    endloop
  endfacet
  facet normal -0.14648115572810957 -0.9248579957909324 -0.35097144989035317
    outer loop
      vertex 0.41046619415283203 3.2491748332977295 0
      vertex 0.580322265625 3.2222726345062256 0
      vertex 0.2694664001464844 2.1330461502075195 3
    endloop
  endfacet
  facet normal -0.834325588859643 0.4251115342275274 -0.3509715020350338
    outer loop
      vertex 2.9479782581329346 -1.4245131015777588 0
      vertex 2.869903802871704 -1.577742338180542 0
      vertex 1.884058952331543 -1.0357694625854492 3
    endloop
  endfacet
  facet normal 0.8593732957061975 0.37188244804833204 -0.3509714852529307
    outer loop
      vertex -1.999018669128418 -0.7914676666259766 3
      vertex -2.9767181873321533 -1.3634376525878906 0
      vertex -3.0450172424316406 -1.2056071758270264 0
    endloop
  endfacet
  facet normal 0.08812509160731258 0.9322301210024047 -0.3509714656849542
    outer loop
      vertex -0.2694664001464844 -2.1330461502075195 3
      vertex -0.23925542831420898 -3.26535964012146 0
      vertex -0.41046619415283203 -3.2491748332977295 0
    endloop
  endfacet
  facet normal -0.9322301210024047 -0.08812509160731258 -0.3509714656849542
    outer loop
      vertex 3.2491748332977295 0.41046619415283203 0
      vertex 3.26535964012146 0.23925542831420898 0
      vertex 2.1330461502075195 0.2694664001464844 3
    endloop
  endfacet
  facet normal -0.9359239383440674 0.029415186827163303 -0.35097169176224685
    outer loop
      vertex 3.2695980072021484 -0.1718888282775879 0
      vertex 2.145756721496582 -0.13499927520751953 3
      vertex 2.1499996185302734 0 3
    endloop
  endfacet
  facet normal -0.9359239383440674 0.029415186827163303 -0.35097169176224685
    outer loop
      vertex 2.145756721496582 -0.13499927520751953 3
      vertex 3.2695980072021484 -0.1718888282775879 0
      vertex 3.2685372829437256 -0.20563864707946777 0
    endloop
  endfacet
  facet normal 0.5263305801155299 0.7744643707587628 -0.3509715926688132
    outer loop
      vertex -1.8970682621002197 -2.6685097217559814 0
      vertex -1.263737678527832 -1.7393856048583984 3
      vertex -1.1520271301269531 -1.8153047561645508 3
    endloop
  endfacet
  facet normal 0.5263305801155299 0.7744643707587628 -0.3509715926688132
    outer loop
      vertex -1.263737678527832 -1.7393856048583984 3
      vertex -1.8970682621002197 -2.6685097217559814 0
      vertex -1.9249958992004395 -2.6495299339294434 0
    endloop
  endfacet
  facet normal 0.26124630977113 0.8992048659378684 -0.35097147277895213
    outer loop
      vertex -0.9796044826507568 -3.1241300106048584 0
      vertex -0.6643857955932617 -2.044771194458008 3
      vertex -0.5346832275390625 -2.082453727722168 3
    endloop
  endfacet
  facet normal 0.26124630977113 0.8992048659378684 -0.35097147277895213
    outer loop
      vertex -0.6643857955932617 -2.044771194458008 3
      vertex -0.9796044826507568 -3.1241300106048584 0
      vertex -1.0120301246643066 -3.1147093772888184 0
    endloop
  endfacet
  facet normal -0.26124630977113 -0.8992048659378684 -0.35097147277895213
    outer loop
      vertex 0.9796044826507568 3.1241300106048584 0
      vertex 0.6643857955932617 2.044771194458008 3
      vertex 0.5346832275390625 2.082453727722168 3
    endloop
  endfacet
  facet normal -0.26124630977113 -0.8992048659378684 -0.35097147277895213
    outer loop
      vertex 0.6643857955932617 2.044771194458008 3
      vertex 0.9796044826507568 3.1241300106048584 0
      vertex 1.0120301246643066 3.1147093772888184 0
    endloop
  endfacet
  facet normal 0.8593732957061975 -0.37188244804833204 -0.3509714852529307
    outer loop
      vertex -2.9767181873321533 1.3634376525878906 0
      vertex -1.999018669128418 0.7914676666259766 3
      vertex -3.0450172424316406 1.2056071758270264 0
    endloop
  endfacet
  facet normal 0.932230560995899 -0.08811955345040277 -0.350971687526178
    outer loop
      vertex -2.1330461502075195 0.2694664001464844 3
      vertex -3.2685372829437256 0.20563864707946777 0
      vertex -3.26535964012146 0.23925542831420898 0
    endloop
  endfacet
  facet normal 0.932230560995899 -0.08811955345040277 -0.350971687526178
    outer loop
      vertex -3.2685372829437256 0.20563864707946777 0
      vertex -2.1330461502075195 0.2694664001464844 3
      vertex -2.145756721496582 0.13499927520751953 3
    endloop
  endfacet
  facet normal 0.9322301210024047 0.08812509160731258 -0.3509714656849542
    outer loop
      vertex -2.1330461502075195 -0.2694664001464844 3
      vertex -3.2491748332977295 -0.41046619415283203 0
      vertex -3.26535964012146 -0.23925542831420898 0
    endloop
  endfacet
  facet normal -0.573915423081786 0.7398919270067312 -0.35097154229242056
    outer loop
      vertex 2.0875632762908936 -2.523430585861206 0
      vertex 1.951676845550537 -2.6288342475891113 0
      vertex 1.3704614639282227 -1.6566028594970703 3
    endloop
  endfacet
  facet normal -0.9322301210024047 0.08812509160731258 -0.3509714656849542
    outer loop
      vertex 3.26535964012146 -0.23925542831420898 0
      vertex 3.2491748332977295 -0.41046619415283203 0
      vertex 2.1330461502075195 -0.2694664001464844 3
    endloop
  endfacet
  facet normal -0.6192444818907868 -0.7023925139426113 -0.3509715487118432
    outer loop
      vertex 2.0875632762908936 2.523430585861206 0
      vertex 2.216562509536743 2.4097020626068115 0
      vertex 1.3704614639282227 1.6566028594970703 3
    endloop
  endfacet
  facet normal -0.5263294316007011 -0.7744651766838487 -0.35097153664497893
    outer loop
      vertex 1.7548325061798096 2.7651736736297607 0
      vertex 1.8970682621002197 2.6685097217559814 0
      vertex 1.1520271301269531 1.8153047561645508 3
    endloop
  endfacet
  facet normal 0.834325588859643 -0.4251115342275274 -0.3509715020350338
    outer loop
      vertex -2.869903802871704 1.577742338180542 0
      vertex -1.884058952331543 1.0357694625854492 3
      vertex -2.9479782581329346 1.4245131015777588 0
    endloop
  endfacet
  facet normal -0.8992054736361397 -0.26124432921093266 -0.35097139005613465
    outer loop
      vertex 3.1241300106048584 0.9796044826507568 0
      vertex 3.172109365463257 0.8144590854644775 0
      vertex 2.082453727722168 0.5346832275390625 3
    endloop
  endfacet
  facet normal 0.02941144190250818 0.9359241121725319 -0.3509715420646995
    outer loop
      vertex 0 -2.1499996185302734 3
      vertex 0 -3.2749996185302734 0
      vertex -0.1718888282775879 -3.2695980072021484 0
    endloop
  endfacet
  facet normal -0.8992048659378684 -0.26124630977113 -0.35097147277895213
    outer loop
      vertex 3.1241300106048584 0.9796044826507568 0
      vertex 2.044771194458008 0.6643857955932617 3
      vertex 3.1147093772888184 1.0120301246643066 0
    endloop
  endfacet
  facet normal -0.8992048659378684 -0.26124630977113 -0.35097147277895213
    outer loop
      vertex 2.044771194458008 0.6643857955932617 3
      vertex 3.1241300106048584 0.9796044826507568 0
      vertex 2.082453727722168 0.5346832275390625 3
    endloop
  endfacet
  facet normal -0.14648119322850028 -0.9248579892747598 -0.3509714514102294
    outer loop
      vertex 0.580322265625 3.2222726345062256 0
      vertex 0.40286922454833984 2.111917495727539 3
      vertex 0.2694664001464844 2.1330461502075195 3
    endloop
  endfacet
  facet normal -0.14648119322850028 -0.9248579892747598 -0.3509714514102294
    outer loop
      vertex 0.40286922454833984 2.111917495727539 3
      vertex 0.580322265625 3.2222726345062256 0
      vertex 0.6136729717254639 3.2169904708862305 0
    endloop
  endfacet
  facet normal 0.5263294316007011 0.7744651766838487 -0.35097153664497893
    outer loop
      vertex -1.1520271301269531 -1.8153047561645508 3
      vertex -1.7548325061798096 -2.7651736736297607 0
      vertex -1.8970682621002197 -2.6685097217559814 0
    endloop
  endfacet
  facet normal 0.6621249829396926 -0.6621249829396926 -0.35097152866610637
    outer loop
      vertex -1.471776008605957 1.567281723022461 3
      vertex -2.387371778488159 2.2418911457061768 0
      vertex -2.2418911457061768 2.387371778488159 0
    endloop
  endfacet
  facet normal 0.6621249829396927 -0.6621249829396927 -0.35097152866610637
    outer loop
      vertex -2.387371778488159 2.2418911457061768 0
      vertex -1.471776008605957 1.567281723022461 3
      vertex -1.567281723022461 1.471776008605957 3
    endloop
  endfacet
  facet normal -0.9359241121725319 0.02941144190250818 -0.3509715420646995
    outer loop
      vertex 3.2749996185302734 0 0
      vertex 3.2695980072021484 -0.1718888282775879 0
      vertex 2.1499996185302734 0 3
    endloop
  endfacet
  facet normal -0.8810276475073212 -0.3171897372989089 -0.3509714445363958
    outer loop
      vertex 3.056455373764038 1.1738367080688477 0
      vertex 3.1147093772888184 1.0120301246643066 0
      vertex 2.044771194458008 0.6643857955932617 3
    endloop
  endfacet
  facet normal -0.9248579957909324 0.14648115572810957 -0.35097144989035317
    outer loop
      vertex 3.2491748332977295 -0.41046619415283203 0
      vertex 3.2222726345062256 -0.580322265625 0
      vertex 2.1330461502075195 -0.2694664001464844 3
    endloop
  endfacet
  facet normal -0.7023925139426113 -0.6192444818907868 -0.3509715487118432
    outer loop
      vertex 2.4097020626068115 2.216562509536743 0
      vertex 2.523430585861206 2.0875632762908936 0
      vertex 1.6566028594970703 1.3704614639282227 3
    endloop
  endfacet
  facet normal 0.9322301210024047 -0.08812509160731258 -0.3509714656849542
    outer loop
      vertex -3.2491748332977295 0.41046619415283203 0
      vertex -2.1330461502075195 0.2694664001464844 3
      vertex -3.26535964012146 0.23925542831420898 0
    endloop
  endfacet
  facet normal 0.26124432921093266 0.8992054736361397 -0.35097139005613465
    outer loop
      vertex -0.5346832275390625 -2.082453727722168 3
      vertex -0.8144590854644775 -3.172109365463257 0
      vertex -0.9796044826507568 -3.1241300106048584 0
    endloop
  endfacet
  facet normal -0.805988098433568 -0.47665728205134855 -0.350971538234744
    outer loop
      vertex 2.782362222671509 1.7257680892944336 0
      vertex 1.8153047561645508 1.1520271301269531 3
      vertex 2.7651736736297607 1.7548325061798096 0
    endloop
  endfacet
  facet normal -0.805988098433568 -0.47665728205134855 -0.350971538234744
    outer loop
      vertex 1.8153047561645508 1.1520271301269531 3
      vertex 2.782362222671509 1.7257680892944336 0
      vertex 1.884058952331543 1.0357694625854492 3
    endloop
  endfacet
  facet normal -0.7744651766838487 0.5263294316007011 -0.35097153664497893
    outer loop
      vertex 2.7651736736297607 -1.7548325061798096 0
      vertex 2.6685097217559814 -1.8970682621002197 0
      vertex 1.8153047561645508 -1.1520271301269531 3
    endloop
  endfacet
  facet normal 0.8992054736361397 0.26124432921093266 -0.35097139005613465
    outer loop
      vertex -2.082453727722168 -0.5346832275390625 3
      vertex -3.1241300106048584 -0.9796044826507568 0
      vertex -3.172109365463257 -0.8144590854644775 0
    endloop
  endfacet
  facet normal -0.7023923901081895 -0.6192446181852953 -0.35097155606495045
    outer loop
      vertex 2.4097020626068115 2.216562509536743 0
      vertex 1.567281723022461 1.471776008605957 3
      vertex 2.387371778488159 2.2418911457061768 0
    endloop
  endfacet
  facet normal -0.7023923901081895 -0.6192446181852953 -0.35097155606495045
    outer loop
      vertex 1.567281723022461 1.471776008605957 3
      vertex 2.4097020626068115 2.216562509536743 0
      vertex 1.6566028594970703 1.3704614639282227 3
    endloop
  endfacet
  facet normal -0.932230560995899 -0.08811955345040277 -0.350971687526178
    outer loop
      vertex 3.2685372829437256 0.20563864707946777 0
      vertex 2.1330461502075195 0.2694664001464844 3
      vertex 3.26535964012146 0.23925542831420898 0
    endloop
  endfacet
  facet normal -0.932230560995899 -0.08811955345040277 -0.350971687526178
    outer loop
      vertex 2.1330461502075195 0.2694664001464844 3
      vertex 3.2685372829437256 0.20563864707946777 0
      vertex 2.145756721496582 0.13499927520751953 3
    endloop
  endfacet
  facet normal -0.9248579892747598 -0.14648119322850028 -0.3509714514102294
    outer loop
      vertex 3.2222726345062256 0.580322265625 0
      vertex 2.111917495727539 0.40286922454833984 3
      vertex 3.2169904708862305 0.6136729717254639 0
    endloop
  endfacet
  facet normal -0.9248579892747598 -0.14648119322850028 -0.3509714514102294
    outer loop
      vertex 2.111917495727539 0.40286922454833984 3
      vertex 3.2222726345062256 0.580322265625 0
      vertex 2.1330461502075195 0.2694664001464844 3
    endloop
  endfacet
  facet normal 0.47665728205134855 0.805988098433568 -0.350971538234744
    outer loop
      vertex -1.7257680892944336 -2.782362222671509 0
      vertex -1.1520271301269531 -1.8153047561645508 3
      vertex -1.0357694625854492 -1.884058952331543 3
    endloop
  endfacet
  facet normal 0.47665728205134855 0.805988098433568 -0.350971538234744
    outer loop
      vertex -1.1520271301269531 -1.8153047561645508 3
      vertex -1.7257680892944336 -2.782362222671509 0
      vertex -1.7548325061798096 -2.7651736736297607 0
    endloop
  endfacet
  facet normal 0.7744651766838487 -0.5263294316007011 -0.35097153664497893
    outer loop
      vertex -2.6685097217559814 1.8970682621002197 0
      vertex -1.8153047561645508 1.1520271301269531 3
      vertex -2.7651736736297607 1.7548325061798096 0
    endloop
  endfacet
  facet normal 0.20426698824417164 -0.9138348139281247 -0.35097140961423795
    outer loop
      vertex -0.6466264724731445 3.2096245288848877 0
      vertex -0.5346832275390625 2.082453727722168 3
      vertex -0.8144590854644775 3.172109365463257 0
    endloop
  endfacet
  facet normal -0.7398925565484684 0.5739145858976414 -0.3509715841177322
    outer loop
      vertex 2.6495299339294434 -1.9249958992004395 0
      vertex 1.6566028594970703 -1.3704614639282227 3
      vertex 1.7393856048583984 -1.263737678527832 3
    endloop
  endfacet
  facet normal -0.7398925565484684 0.5739145858976414 -0.3509715841177322
    outer loop
      vertex 1.6566028594970703 -1.3704614639282227 3
      vertex 2.6495299339294434 -1.9249958992004395 0
      vertex 2.6288342475891113 -1.951676845550537 0
    endloop
  endfacet
  facet normal 0.9248579957909324 0.14648115572810957 -0.35097144989035317
    outer loop
      vertex -2.1330461502075195 -0.2694664001464844 3
      vertex -3.2222726345062256 -0.580322265625 0
      vertex -3.2491748332977295 -0.41046619415283203 0
    endloop
  endfacet
  facet normal 0.3171897372989089 -0.8810276475073212 -0.3509714445363958
    outer loop
      vertex -1.0120301246643066 3.1147093772888184 0
      vertex -0.6643857955932617 2.044771194458008 3
      vertex -1.1738367080688477 3.056455373764038 0
    endloop
  endfacet
  facet normal -0.3171909461144861 -0.8810271917558279 -0.35097149612160355
    outer loop
      vertex 1.1738367080688477 3.056455373764038 0
      vertex 0.7914676666259766 1.999018669128418 3
      vertex 0.6643857955932617 2.044771194458008 3
    endloop
  endfacet
  facet normal -0.3171909461144861 -0.8810271917558279 -0.35097149612160355
    outer loop
      vertex 0.7914676666259766 1.999018669128418 3
      vertex 1.1738367080688477 3.056455373764038 0
      vertex 1.2056071758270264 3.0450172424316406 0
    endloop
  endfacet
  facet normal -0.8810276475073212 0.3171897372989089 -0.3509714445363958
    outer loop
      vertex 3.1147093772888184 -1.0120301246643066 0
      vertex 3.056455373764038 -1.1738367080688477 0
      vertex 2.044771194458008 -0.6643857955932617 3
    endloop
  endfacet
  facet normal -0.4251103163523138 0.834326186610549 -0.35097155620752934
    outer loop
      vertex 1.3944270610809326 -2.9633078575134277 0
      vertex 1.0357694625854492 -1.884058952331543 3
      vertex 1.4245131015777588 -2.9479782581329346 0
    endloop
  endfacet
  facet normal -0.4251103163523138 0.834326186610549 -0.35097155620752934
    outer loop
      vertex 1.0357694625854492 -1.884058952331543 3
      vertex 1.3944270610809326 -2.9633078575134277 0
      vertex 0.9154253005981445 -1.9453773498535156 3
    endloop
  endfacet
  facet normal -0.6192444818907868 0.7023925139426113 -0.3509715487118432
    outer loop
      vertex 2.216562509536743 -2.4097020626068115 0
      vertex 2.0875632762908936 -2.523430585861206 0
      vertex 1.3704614639282227 -1.6566028594970703 3
    endloop
  endfacet
  facet normal -0.08812509160731258 0.9322301210024047 -0.3509714656849542
    outer loop
      vertex 0.2694664001464844 -2.1330461502075195 3
      vertex 0.41046619415283203 -3.2491748332977295 0
      vertex 0.23925542831420898 -3.26535964012146 0
    endloop
  endfacet
  facet normal 0.7398919270067312 0.573915423081786 -0.35097154229242056
    outer loop
      vertex -1.6566028594970703 -1.3704614639282227 3
      vertex -2.523430585861206 -2.0875632762908936 0
      vertex -2.6288342475891113 -1.951676845550537 0
    endloop
  endfacet
  facet normal 0.476656883006843 0.8059883425606347 -0.3509715195547378
    outer loop
      vertex -1.0357694625854492 -1.884058952331543 3
      vertex -1.577742338180542 -2.869903802871704 0
      vertex -1.7257680892944336 -2.782362222671509 0
    endloop
  endfacet
  facet normal 0.7398925565484684 0.5739145858976414 -0.3509715841177322
    outer loop
      vertex -1.6566028594970703 -1.3704614639282227 3
      vertex -2.6495299339294434 -1.9249958992004395 0
      vertex -1.7393856048583984 -1.263737678527832 3
    endloop
  endfacet
  facet normal 0.7398925565484684 0.5739145858976414 -0.3509715841177322
    outer loop
      vertex -2.6495299339294434 -1.9249958992004395 0
      vertex -1.6566028594970703 -1.3704614639282227 3
      vertex -2.6288342475891113 -1.951676845550537 0
    endloop
  endfacet
  facet normal -0.5739145858976414 0.7398925565484684 -0.3509715841177322
    outer loop
      vertex 1.9249958992004395 -2.6495299339294434 0
      vertex 1.3704614639282227 -1.6566028594970703 3
      vertex 1.951676845550537 -2.6288342475891113 0
    endloop
  endfacet
  facet normal -0.5739145858976414 0.7398925565484684 -0.3509715841177322
    outer loop
      vertex 1.3704614639282227 -1.6566028594970703 3
      vertex 1.9249958992004395 -2.6495299339294434 0
      vertex 1.263737678527832 -1.7393856048583984 3
    endloop
  endfacet
  facet normal -0.4251103163523138 -0.834326186610549 -0.35097155620752934
    outer loop
      vertex 1.3944270610809326 2.9633078575134277 0
      vertex 1.0357694625854492 1.884058952331543 3
      vertex 0.9154253005981445 1.9453773498535156 3
    endloop
  endfacet
  facet normal -0.4251103163523138 -0.834326186610549 -0.35097155620752934
    outer loop
      vertex 1.0357694625854492 1.884058952331543 3
      vertex 1.3944270610809326 2.9633078575134277 0
      vertex 1.4245131015777588 2.9479782581329346 0
    endloop
  endfacet
  facet normal -0.26124432921093266 0.8992054736361397 -0.35097139005613465
    outer loop
      vertex 0.9796044826507568 -3.1241300106048584 0
      vertex 0.8144590854644775 -3.172109365463257 0
      vertex 0.5346832275390625 -2.082453727722168 3
    endloop
  endfacet
  facet normal 0.2042653030971077 -0.9138351642069246 -0.3509714783419729
    outer loop
      vertex -0.6136729717254639 3.2169904708862305 0
      vertex -0.5346832275390625 2.082453727722168 3
      vertex -0.6466264724731445 3.2096245288848877 0
    endloop
  endfacet
  facet normal 0.2042653030971077 -0.9138351642069246 -0.3509714783419729
    outer loop
      vertex -0.5346832275390625 2.082453727722168 3
      vertex -0.6136729717254639 3.2169904708862305 0
      vertex -0.40286922454833984 2.111917495727539 3
    endloop
  endfacet
  facet normal -0.9138351642069246 -0.2042653030971077 -0.3509714783419729
    outer loop
      vertex 3.2169904708862305 0.6136729717254639 0
      vertex 2.082453727722168 0.5346832275390625 3
      vertex 3.2096245288848877 0.6466264724731445 0
    endloop
  endfacet
  facet normal -0.9138351642069246 -0.2042653030971077 -0.3509714783419729
    outer loop
      vertex 2.082453727722168 0.5346832275390625 3
      vertex 3.2169904708862305 0.6136729717254639 0
      vertex 2.111917495727539 0.40286922454833984 3
    endloop
  endfacet
  facet normal -0.9138348139281247 -0.20426698824417164 -0.35097140961423795
    outer loop
      vertex 3.172109365463257 0.8144590854644775 0
      vertex 3.2096245288848877 0.6466264724731445 0
      vertex 2.082453727722168 0.5346832275390625 3
    endloop
  endfacet
  facet normal -0.834326186610549 -0.4251103163523138 -0.35097155620752934
    outer loop
      vertex 2.9633078575134277 1.3944270610809326 0
      vertex 1.884058952331543 1.0357694625854492 3
      vertex 2.9479782581329346 1.4245131015777588 0
    endloop
  endfacet
  facet normal -0.834326186610549 -0.4251103163523138 -0.35097155620752934
    outer loop
      vertex 1.884058952331543 1.0357694625854492 3
      vertex 2.9633078575134277 1.3944270610809326 0
      vertex 1.9453773498535156 0.9154253005981445 3
    endloop
  endfacet
  facet normal -0.6192446181852953 0.7023923901081895 -0.35097155606495045
    outer loop
      vertex 2.216562509536743 -2.4097020626068115 0
      vertex 1.471776008605957 -1.567281723022461 3
      vertex 2.2418911457061768 -2.387371778488159 0
    endloop
  endfacet
  facet normal -0.6192446181852953 0.7023923901081895 -0.35097155606495045
    outer loop
      vertex 1.471776008605957 -1.567281723022461 3
      vertex 2.216562509536743 -2.4097020626068115 0
      vertex 1.3704614639282227 -1.6566028594970703 3
    endloop
  endfacet
  facet normal -0.9138348139281247 0.20426698824417164 -0.35097140961423795
    outer loop
      vertex 3.2096245288848877 -0.6466264724731445 0
      vertex 3.172109365463257 -0.8144590854644775 0
      vertex 2.082453727722168 -0.5346832275390625 3
    endloop
  endfacet
  facet normal 0.029415186827163303 -0.9359239383440674 -0.35097169176224685
    outer loop
      vertex -0.1718888282775879 3.2695980072021484 0
      vertex -0.13499927520751953 2.145756721496582 3
      vertex -0.20563864707946777 3.2685372829437256 0
    endloop
  endfacet
  facet normal 0.029415186827163303 -0.9359239383440674 -0.35097169176224685
    outer loop
      vertex -0.13499927520751953 2.145756721496582 3
      vertex -0.1718888282775879 3.2695980072021484 0
      vertex 0 2.1499996185302734 3
    endloop
  endfacet
  facet normal 0.08811955345040277 -0.932230560995899 -0.350971687526178
    outer loop
      vertex -0.20563864707946777 3.2685372829437256 0
      vertex -0.2694664001464844 2.1330461502075195 3
      vertex -0.23925542831420898 3.26535964012146 0
    endloop
  endfacet
  facet normal 0.08811955345040277 -0.932230560995899 -0.350971687526178
    outer loop
      vertex -0.2694664001464844 2.1330461502075195 3
      vertex -0.20563864707946777 3.2685372829437256 0
      vertex -0.13499927520751953 2.145756721496582 3
    endloop
  endfacet
  facet normal 0.7744643707587628 0.5263305801155299 -0.3509715926688132
    outer loop
      vertex -1.7393856048583984 -1.263737678527832 3
      vertex -2.6685097217559814 -1.8970682621002197 0
      vertex -1.8153047561645508 -1.1520271301269531 3
    endloop
  endfacet
  facet normal 0.7744643707587628 0.5263305801155299 -0.3509715926688132
    outer loop
      vertex -2.6685097217559814 -1.8970682621002197 0
      vertex -1.7393856048583984 -1.263737678527832 3
      vertex -2.6495299339294434 -1.9249958992004395 0
    endloop
  endfacet
  facet normal -0.08812509160731258 -0.9322301210024047 -0.3509714656849542
    outer loop
      vertex 0.41046619415283203 3.2491748332977295 0
      vertex 0.2694664001464844 2.1330461502075195 3
      vertex 0.23925542831420898 3.26535964012146 0
    endloop
  endfacet
  facet normal 0.37188244804833204 -0.8593732957061975 -0.3509714852529307
    outer loop
      vertex -1.2056071758270264 3.0450172424316406 0
      vertex -0.7914676666259766 1.999018669128418 3
      vertex -1.3634376525878906 2.9767181873321533 0
    endloop
  endfacet
  facet normal 0.859372538359356 0.37188412870616555 -0.35097155886232917
    outer loop
      vertex -1.9453773498535156 -0.9154253005981445 3
      vertex -2.9767181873321533 -1.3634376525878906 0
      vertex -1.999018669128418 -0.7914676666259766 3
    endloop
  endfacet
  facet normal 0.859372538359356 0.37188412870616555 -0.35097155886232917
    outer loop
      vertex -2.9767181873321533 -1.3634376525878906 0
      vertex -1.9453773498535156 -0.9154253005981445 3
      vertex -2.9633078575134277 -1.3944270610809326 0
    endloop
  endfacet
  facet normal 0.573915423081786 0.7398919270067312 -0.35097154229242056
    outer loop
      vertex -1.3704614639282227 -1.6566028594970703 3
      vertex -1.951676845550537 -2.6288342475891113 0
      vertex -2.0875632762908936 -2.523430585861206 0
    endloop
  endfacet
  facet normal 0.8810276475073212 -0.3171897372989089 -0.3509714445363958
    outer loop
      vertex -3.056455373764038 1.1738367080688477 0
      vertex -2.044771194458008 0.6643857955932617 3
      vertex -3.1147093772888184 1.0120301246643066 0
    endloop
  endfacet
  facet normal -0.08811955345040277 0.932230560995899 -0.350971687526178
    outer loop
      vertex 0.20563864707946777 -3.2685372829437256 0
      vertex 0.2694664001464844 -2.1330461502075195 3
      vertex 0.23925542831420898 -3.26535964012146 0
    endloop
  endfacet
  facet normal -0.08811955345040277 0.932230560995899 -0.350971687526178
    outer loop
      vertex 0.2694664001464844 -2.1330461502075195 3
      vertex 0.20563864707946777 -3.2685372829437256 0
      vertex 0.13499927520751953 -2.145756721496582 3
    endloop
  endfacet
  facet normal 0.4251115342275274 -0.834325588859643 -0.3509715020350338
    outer loop
      vertex -1.4245131015777588 2.9479782581329346 0
      vertex -1.0357694625854492 1.884058952331543 3
      vertex -1.577742338180542 2.869903802871704 0
    endloop
  endfacet
  facet normal -0.9248579892747598 0.14648119322850028 -0.3509714514102294
    outer loop
      vertex 3.2222726345062256 -0.580322265625 0
      vertex 2.111917495727539 -0.40286922454833984 3
      vertex 2.1330461502075195 -0.2694664001464844 3
    endloop
  endfacet
  facet normal -0.9248579892747598 0.14648119322850028 -0.3509714514102294
    outer loop
      vertex 2.111917495727539 -0.40286922454833984 3
      vertex 3.2222726345062256 -0.580322265625 0
      vertex 3.2169904708862305 -0.6136729717254639 0
    endloop
  endfacet
  facet normal 0.7023923901081895 -0.6192446181852953 -0.35097155606495045
    outer loop
      vertex -1.567281723022461 1.471776008605957 3
      vertex -2.4097020626068115 2.216562509536743 0
      vertex -2.387371778488159 2.2418911457061768 0
    endloop
  endfacet
  facet normal 0.7023923901081895 -0.6192446181852953 -0.35097155606495045
    outer loop
      vertex -2.4097020626068115 2.216562509536743 0
      vertex -1.567281723022461 1.471776008605957 3
      vertex -1.6566028594970703 1.3704614639282227 3
    endloop
  endfacet
  facet normal -0.8059883425606347 -0.476656883006843 -0.3509715195547378
    outer loop
      vertex 2.782362222671509 1.7257680892944336 0
      vertex 2.869903802871704 1.577742338180542 0
      vertex 1.884058952331543 1.0357694625854492 3
    endloop
  endfacet
  facet normal -0.3171897372989089 -0.8810276475073212 -0.3509714445363958
    outer loop
      vertex 1.0120301246643066 3.1147093772888184 0
      vertex 1.1738367080688477 3.056455373764038 0
      vertex 0.6643857955932617 2.044771194458008 3
    endloop
  endfacet
  facet normal -0.9138351642069246 0.2042653030971077 -0.3509714783419729
    outer loop
      vertex 3.2169904708862305 -0.6136729717254639 0
      vertex 2.082453727722168 -0.5346832275390625 3
      vertex 2.111917495727539 -0.40286922454833984 3
    endloop
  endfacet
  facet normal -0.9138351642069246 0.2042653030971077 -0.3509714783419729
    outer loop
      vertex 2.082453727722168 -0.5346832275390625 3
      vertex 3.2169904708862305 -0.6136729717254639 0
      vertex 3.2096245288848877 -0.6466264724731445 0
    endloop
  endfacet
  facet normal 0.26124432921093266 -0.8992054736361397 -0.35097139005613465
    outer loop
      vertex -0.8144590854644775 3.172109365463257 0
      vertex -0.5346832275390625 2.082453727722168 3
      vertex -0.9796044826507568 3.1241300106048584 0
    endloop
  endfacet
  facet normal 0.5263305801155299 -0.7744643707587628 -0.3509715926688132
    outer loop
      vertex -1.8970682621002197 2.6685097217559814 0
      vertex -1.263737678527832 1.7393856048583984 3
      vertex -1.9249958992004395 2.6495299339294434 0
    endloop
  endfacet
  facet normal 0.5263305801155299 -0.7744643707587628 -0.3509715926688132
    outer loop
      vertex -1.263737678527832 1.7393856048583984 3
      vertex -1.8970682621002197 2.6685097217559814 0
      vertex -1.1520271301269531 1.8153047561645508 3
    endloop
  endfacet
  facet normal -0.6192446181852953 -0.7023923901081895 -0.35097155606495045
    outer loop
      vertex 2.216562509536743 2.4097020626068115 0
      vertex 1.471776008605957 1.567281723022461 3
      vertex 1.3704614639282227 1.6566028594970703 3
    endloop
  endfacet
  facet normal -0.6192446181852953 -0.7023923901081895 -0.35097155606495045
    outer loop
      vertex 1.471776008605957 1.567281723022461 3
      vertex 2.216562509536743 2.4097020626068115 0
      vertex 2.2418911457061768 2.387371778488159 0
    endloop
  endfacet
  facet normal 0.9138351642069246 0.2042653030971077 -0.3509714783419729
    outer loop
      vertex -2.082453727722168 -0.5346832275390625 3
      vertex -3.2169904708862305 -0.6136729717254639 0
      vertex -2.111917495727539 -0.40286922454833984 3
    endloop
  endfacet
  facet normal 0.9138351642069246 0.2042653030971077 -0.3509714783419729
    outer loop
      vertex -3.2169904708862305 -0.6136729717254639 0
      vertex -2.082453727722168 -0.5346832275390625 3
      vertex -3.2096245288848877 -0.6466264724731445 0
    endloop
  endfacet
  facet normal 0.9138348139281247 -0.20426698824417164 -0.35097140961423795
    outer loop
      vertex -3.172109365463257 0.8144590854644775 0
      vertex -2.082453727722168 0.5346832275390625 3
      vertex -3.2096245288848877 0.6466264724731445 0
    endloop
  endfacet
  facet normal -0.20426698824417164 0.9138348139281247 -0.35097140961423795
    outer loop
      vertex 0.8144590854644775 -3.172109365463257 0
      vertex 0.6466264724731445 -3.2096245288848877 0
      vertex 0.5346832275390625 -2.082453727722168 3
    endloop
  endfacet
  facet normal 0.9138351642069246 -0.2042653030971077 -0.3509714783419729
    outer loop
      vertex -2.082453727722168 0.5346832275390625 3
      vertex -3.2169904708862305 0.6136729717254639 0
      vertex -3.2096245288848877 0.6466264724731445 0
    endloop
  endfacet
  facet normal 0.9138351642069246 -0.2042653030971077 -0.3509714783419729
    outer loop
      vertex -3.2169904708862305 0.6136729717254639 0
      vertex -2.082453727722168 0.5346832275390625 3
      vertex -2.111917495727539 0.40286922454833984 3
    endloop
  endfacet
  facet normal -0.8992054736361397 0.26124432921093266 -0.35097139005613465
    outer loop
      vertex 3.172109365463257 -0.8144590854644775 0
      vertex 3.1241300106048584 -0.9796044826507568 0
      vertex 2.082453727722168 -0.5346832275390625 3
    endloop
  endfacet
  facet normal -0.859372538359356 0.37188412870616555 -0.35097155886232917
    outer loop
      vertex 2.9767181873321533 -1.3634376525878906 0
      vertex 1.9453773498535156 -0.9154253005981445 3
      vertex 1.999018669128418 -0.7914676666259766 3
    endloop
  endfacet
  facet normal -0.859372538359356 0.37188412870616555 -0.35097155886232917
    outer loop
      vertex 1.9453773498535156 -0.9154253005981445 3
      vertex 2.9767181873321533 -1.3634376525878906 0
      vertex 2.9633078575134277 -1.3944270610809326 0
    endloop
  endfacet
  facet normal -0.4251115342275274 -0.834325588859643 -0.3509715020350338
    outer loop
      vertex 1.4245131015777588 2.9479782581329346 0
      vertex 1.577742338180542 2.869903802871704 0
      vertex 1.0357694625854492 1.884058952331543 3
    endloop
  endfacet
  facet normal -0.834325588859643 -0.4251115342275274 -0.3509715020350338
    outer loop
      vertex 2.869903802871704 1.577742338180542 0
      vertex 2.9479782581329346 1.4245131015777588 0
      vertex 1.884058952331543 1.0357694625854492 3
    endloop
  endfacet
  facet normal -0.7398919270067312 -0.573915423081786 -0.35097154229242056
    outer loop
      vertex 2.523430585861206 2.0875632762908936 0
      vertex 2.6288342475891113 1.951676845550537 0
      vertex 1.6566028594970703 1.3704614639282227 3
    endloop
  endfacet
  facet normal -0.2042653030971077 -0.9138351642069246 -0.3509714783419729
    outer loop
      vertex 0.6136729717254639 3.2169904708862305 0
      vertex 0.5346832275390625 2.082453727722168 3
      vertex 0.40286922454833984 2.111917495727539 3
    endloop
  endfacet
  facet normal -0.2042653030971077 -0.9138351642069246 -0.3509714783419729
    outer loop
      vertex 0.5346832275390625 2.082453727722168 3
      vertex 0.6136729717254639 3.2169904708862305 0
      vertex 0.6466264724731445 3.2096245288848877 0
    endloop
  endfacet
  facet normal -0.3171897372989089 0.8810276475073212 -0.3509714445363958
    outer loop
      vertex 1.1738367080688477 -3.056455373764038 0
      vertex 1.0120301246643066 -3.1147093772888184 0
      vertex 0.6643857955932617 -2.044771194458008 3
    endloop
  endfacet
  facet normal -0.02941144190250818 0.9359241121725319 -0.3509715420646995
    outer loop
      vertex 0 -2.1499996185302734 3
      vertex 0.1718888282775879 -3.2695980072021484 0
      vertex 0 -3.2749996185302734 0
    endloop
  endfacet
  facet normal -0.476656883006843 0.8059883425606347 -0.3509715195547378
    outer loop
      vertex 1.7257680892944336 -2.782362222671509 0
      vertex 1.577742338180542 -2.869903802871704 0
      vertex 1.0357694625854492 -1.884058952331543 3
    endloop
  endfacet
  facet normal -0.9248579957909324 -0.14648115572810957 -0.35097144989035317
    outer loop
      vertex 3.2222726345062256 0.580322265625 0
      vertex 3.2491748332977295 0.41046619415283203 0
      vertex 2.1330461502075195 0.2694664001464844 3
    endloop
  endfacet
  facet normal -0.8593732957061975 -0.37188244804833204 -0.3509714852529307
    outer loop
      vertex 2.9767181873321533 1.3634376525878906 0
      vertex 3.0450172424316406 1.2056071758270264 0
      vertex 1.999018669128418 0.7914676666259766 3
    endloop
  endfacet
  facet normal -0.859372538359356 -0.37188412870616555 -0.35097155886232917
    outer loop
      vertex 2.9767181873321533 1.3634376525878906 0
      vertex 1.9453773498535156 0.9154253005981445 3
      vertex 2.9633078575134277 1.3944270610809326 0
    endloop
  endfacet
  facet normal -0.859372538359356 -0.37188412870616555 -0.35097155886232917
    outer loop
      vertex 1.9453773498535156 0.9154253005981445 3
      vertex 2.9767181873321533 1.3634376525878906 0
      vertex 1.999018669128418 0.7914676666259766 3
    endloop
  endfacet
  facet normal 0.14648119322850028 0.9248579892747598 -0.3509714514102294
    outer loop
      vertex -0.580322265625 -3.2222726345062256 0
      vertex -0.40286922454833984 -2.111917495727539 3
      vertex -0.2694664001464844 -2.1330461502075195 3
    endloop
  endfacet
  facet normal 0.14648119322850028 0.9248579892747598 -0.3509714514102294
    outer loop
      vertex -0.40286922454833984 -2.111917495727539 3
      vertex -0.580322265625 -3.2222726345062256 0
      vertex -0.6136729717254639 -3.2169904708862305 0
    endloop
  endfacet
  facet normal 0.3171909461144861 0.8810271917558279 -0.35097149612160355
    outer loop
      vertex -1.1738367080688477 -3.056455373764038 0
      vertex -0.7914676666259766 -1.999018669128418 3
      vertex -0.6643857955932617 -2.044771194458008 3
    endloop
  endfacet
  facet normal 0.3171909461144861 0.8810271917558279 -0.35097149612160355
    outer loop
      vertex -0.7914676666259766 -1.999018669128418 3
      vertex -1.1738367080688477 -3.056455373764038 0
      vertex -1.2056071758270264 -3.0450172424316406 0
    endloop
  endfacet
  facet normal -0.7023925139426113 0.6192444818907868 -0.3509715487118432
    outer loop
      vertex 2.523430585861206 -2.0875632762908936 0
      vertex 2.4097020626068115 -2.216562509536743 0
      vertex 1.6566028594970703 -1.3704614639282227 3
    endloop
  endfacet
  facet normal 0.6192444818907868 0.7023925139426113 -0.3509715487118432
    outer loop
      vertex -1.3704614639282227 -1.6566028594970703 3
      vertex -2.0875632762908936 -2.523430585861206 0
      vertex -2.216562509536743 -2.4097020626068115 0
    endloop
  endfacet
  facet normal 0.4251115342275274 0.834325588859643 -0.3509715020350338
    outer loop
      vertex -1.0357694625854492 -1.884058952331543 3
      vertex -1.4245131015777588 -2.9479782581329346 0
      vertex -1.577742338180542 -2.869903802871704 0
    endloop
  endfacet
  facet normal -0.8992048659378684 0.26124630977113 -0.35097147277895213
    outer loop
      vertex 3.1241300106048584 -0.9796044826507568 0
      vertex 2.044771194458008 -0.6643857955932617 3
      vertex 2.082453727722168 -0.5346832275390625 3
    endloop
  endfacet
  facet normal -0.8992048659378684 0.26124630977113 -0.35097147277895213
    outer loop
      vertex 2.044771194458008 -0.6643857955932617 3
      vertex 3.1241300106048584 -0.9796044826507568 0
      vertex 3.1147093772888184 -1.0120301246643066 0
    endloop
  endfacet
  facet normal -0.6621249829396927 0.6621249829396927 -0.35097152866610637
    outer loop
      vertex 2.387371778488159 -2.2418911457061768 0
      vertex 1.471776008605957 -1.567281723022461 3
      vertex 1.567281723022461 -1.471776008605957 3
    endloop
  endfacet
  facet normal -0.6621249829396926 0.6621249829396926 -0.35097152866610637
    outer loop
      vertex 1.471776008605957 -1.567281723022461 3
      vertex 2.387371778488159 -2.2418911457061768 0
      vertex 2.2418911457061768 -2.387371778488159 0
    endloop
  endfacet
  facet normal 0.6192446181852953 -0.7023923901081895 -0.35097155606495045
    outer loop
      vertex -2.216562509536743 2.4097020626068115 0
      vertex -1.471776008605957 1.567281723022461 3
      vertex -2.2418911457061768 2.387371778488159 0
    endloop
  endfacet
  facet normal 0.6192446181852953 -0.7023923901081895 -0.35097155606495045
    outer loop
      vertex -1.471776008605957 1.567281723022461 3
      vertex -2.216562509536743 2.4097020626068115 0
      vertex -1.3704614639282227 1.6566028594970703 3
    endloop
  endfacet
  facet normal 0.5263294316007011 -0.7744651766838487 -0.35097153664497893
    outer loop
      vertex -1.7548325061798096 2.7651736736297607 0
      vertex -1.1520271301269531 1.8153047561645508 3
      vertex -1.8970682621002197 2.6685097217559814 0
    endloop
  endfacet
  facet normal 0.9359239383440674 -0.029415186827163303 -0.35097169176224685
    outer loop
      vertex -2.145756721496582 0.13499927520751953 3
      vertex -3.2695980072021484 0.1718888282775879 0
      vertex -3.2685372829437256 0.20563864707946777 0
    endloop
  endfacet
  facet normal 0.9359239383440674 -0.029415186827163303 -0.35097169176224685
    outer loop
      vertex -3.2695980072021484 0.1718888282775879 0
      vertex -2.145756721496582 0.13499927520751953 3
      vertex -2.1499996185302734 0 3
    endloop
  endfacet
  facet normal 0.7744643707587628 -0.5263305801155299 -0.3509715926688132
    outer loop
      vertex -1.7393856048583984 1.263737678527832 3
      vertex -2.6685097217559814 1.8970682621002197 0
      vertex -2.6495299339294434 1.9249958992004395 0
    endloop
  endfacet
  facet normal 0.7744643707587628 -0.5263305801155299 -0.3509715926688132
    outer loop
      vertex -2.6685097217559814 1.8970682621002197 0
      vertex -1.7393856048583984 1.263737678527832 3
      vertex -1.8153047561645508 1.1520271301269531 3
    endloop
  endfacet
  facet normal 0.9248579892747598 0.14648119322850028 -0.3509714514102294
    outer loop
      vertex -2.111917495727539 -0.40286922454833984 3
      vertex -3.2222726345062256 -0.580322265625 0
      vertex -2.1330461502075195 -0.2694664001464844 3
    endloop
  endfacet
  facet normal 0.9248579892747598 0.14648119322850028 -0.3509714514102294
    outer loop
      vertex -3.2222726345062256 -0.580322265625 0
      vertex -2.111917495727539 -0.40286922454833984 3
      vertex -3.2169904708862305 -0.6136729717254639 0
    endloop
  endfacet
  facet normal -0.932230560995899 0.08811955345040277 -0.350971687526178
    outer loop
      vertex 2.1330461502075195 -0.2694664001464844 3
      vertex 3.2685372829437256 -0.20563864707946777 0
      vertex 3.26535964012146 -0.23925542831420898 0
    endloop
  endfacet
  facet normal -0.932230560995899 0.08811955345040277 -0.350971687526178
    outer loop
      vertex 3.2685372829437256 -0.20563864707946777 0
      vertex 2.1330461502075195 -0.2694664001464844 3
      vertex 2.145756721496582 -0.13499927520751953 3
    endloop
  endfacet
  facet normal -0.7023923901081895 0.6192446181852953 -0.35097155606495045
    outer loop
      vertex 2.4097020626068115 -2.216562509536743 0
      vertex 1.567281723022461 -1.471776008605957 3
      vertex 1.6566028594970703 -1.3704614639282227 3
    endloop
  endfacet
  facet normal -0.7023923901081895 0.6192446181852953 -0.35097155606495045
    outer loop
      vertex 1.567281723022461 -1.471776008605957 3
      vertex 2.4097020626068115 -2.216562509536743 0
      vertex 2.387371778488159 -2.2418911457061768 0
    endloop
  endfacet
  facet normal 0.7023925139426113 -0.6192444818907868 -0.3509715487118432
    outer loop
      vertex -2.4097020626068115 2.216562509536743 0
      vertex -1.6566028594970703 1.3704614639282227 3
      vertex -2.523430585861206 2.0875632762908936 0
    endloop
  endfacet
  facet normal 0.14648115572810957 0.9248579957909324 -0.35097144989035317
    outer loop
      vertex -0.2694664001464844 -2.1330461502075195 3
      vertex -0.41046619415283203 -3.2491748332977295 0
      vertex -0.580322265625 -3.2222726345062256 0
    endloop
  endfacet
  facet normal 0.7398925565484684 -0.5739145858976414 -0.3509715841177322
    outer loop
      vertex -1.6566028594970703 1.3704614639282227 3
      vertex -2.6495299339294434 1.9249958992004395 0
      vertex -2.6288342475891113 1.951676845550537 0
    endloop
  endfacet
  facet normal 0.7398925565484684 -0.5739145858976414 -0.3509715841177322
    outer loop
      vertex -2.6495299339294434 1.9249958992004395 0
      vertex -1.6566028594970703 1.3704614639282227 3
      vertex -1.7393856048583984 1.263737678527832 3
    endloop
  endfacet
  facet normal 0.9359241121725319 -0.02941144190250818 -0.3509715420646995
    outer loop
      vertex -3.2695980072021484 0.1718888282775879 0
      vertex -2.1499996185302734 0 3
      vertex -3.2749996185302734 0 0
    endloop
  endfacet
  facet normal 0.859372538359356 -0.37188412870616555 -0.35097155886232917
    outer loop
      vertex -1.9453773498535156 0.9154253005981445 3
      vertex -2.9767181873321533 1.3634376525878906 0
      vertex -2.9633078575134277 1.3944270610809326 0
    endloop
  endfacet
  facet normal 0.859372538359356 -0.37188412870616555 -0.35097155886232917
    outer loop
      vertex -2.9767181873321533 1.3634376525878906 0
      vertex -1.9453773498535156 0.9154253005981445 3
      vertex -1.999018669128418 0.7914676666259766 3
    endloop
  endfacet
  facet normal 0.9138348139281247 0.20426698824417164 -0.35097140961423795
    outer loop
      vertex -2.082453727722168 -0.5346832275390625 3
      vertex -3.172109365463257 -0.8144590854644775 0
      vertex -3.2096245288848877 -0.6466264724731445 0
    endloop
  endfacet
  facet normal 0.932230560995899 0.08811955345040277 -0.350971687526178
    outer loop
      vertex -2.1330461502075195 -0.2694664001464844 3
      vertex -3.2685372829437256 -0.20563864707946777 0
      vertex -2.145756721496582 -0.13499927520751953 3
    endloop
  endfacet
  facet normal 0.932230560995899 0.08811955345040277 -0.350971687526178
    outer loop
      vertex -3.2685372829437256 -0.20563864707946777 0
      vertex -2.1330461502075195 -0.2694664001464844 3
      vertex -3.26535964012146 -0.23925542831420898 0
    endloop
  endfacet
  facet normal 0.2042653030971077 0.9138351642069246 -0.3509714783419729
    outer loop
      vertex -0.6136729717254639 -3.2169904708862305 0
      vertex -0.5346832275390625 -2.082453727722168 3
      vertex -0.40286922454833984 -2.111917495727539 3
    endloop
  endfacet
  facet normal 0.2042653030971077 0.9138351642069246 -0.3509714783419729
    outer loop
      vertex -0.5346832275390625 -2.082453727722168 3
      vertex -0.6136729717254639 -3.2169904708862305 0
      vertex -0.6466264724731445 -3.2096245288848877 0
    endloop
  endfacet
  facet normal 0.9359241121725319 0.02941144190250818 -0.3509715420646995
    outer loop
      vertex -2.1499996185302734 0 3
      vertex -3.2695980072021484 -0.1718888282775879 0
      vertex -3.2749996185302734 0 0
    endloop
  endfacet
  facet normal -0.26124432921093266 -0.8992054736361397 -0.35097139005613465
    outer loop
      vertex 0.8144590854644775 3.172109365463257 0
      vertex 0.9796044826507568 3.1241300106048584 0
      vertex 0.5346832275390625 2.082453727722168 3
    endloop
  endfacet
  facet normal 0.20426698824417164 0.9138348139281247 -0.35097140961423795
    outer loop
      vertex -0.5346832275390625 -2.082453727722168 3
      vertex -0.6466264724731445 -3.2096245288848877 0
      vertex -0.8144590854644775 -3.172109365463257 0
    endloop
  endfacet
  facet normal 0.7744651766838487 0.5263294316007011 -0.35097153664497893
    outer loop
      vertex -1.8153047561645508 -1.1520271301269531 3
      vertex -2.6685097217559814 -1.8970682621002197 0
      vertex -2.7651736736297607 -1.7548325061798096 0
    endloop
  endfacet
  facet normal 0.8810271917558279 -0.3171909461144861 -0.35097149612160355
    outer loop
      vertex -1.999018669128418 0.7914676666259766 3
      vertex -3.056455373764038 1.1738367080688477 0
      vertex -3.0450172424316406 1.2056071758270264 0
    endloop
  endfacet
  facet normal 0.8810271917558279 -0.3171909461144861 -0.35097149612160355
    outer loop
      vertex -3.056455373764038 1.1738367080688477 0
      vertex -1.999018669128418 0.7914676666259766 3
      vertex -2.044771194458008 0.6643857955932617 3
    endloop
  endfacet
  facet normal 0.8059883425606347 -0.476656883006843 -0.3509715195547378
    outer loop
      vertex -2.782362222671509 1.7257680892944336 0
      vertex -1.884058952331543 1.0357694625854492 3
      vertex -2.869903802871704 1.577742338180542 0
    endloop
  endfacet
  facet normal 0.14648119322850028 -0.9248579892747598 -0.3509714514102294
    outer loop
      vertex -0.580322265625 3.2222726345062256 0
      vertex -0.40286922454833984 2.111917495727539 3
      vertex -0.6136729717254639 3.2169904708862305 0
    endloop
  endfacet
  facet normal 0.14648119322850028 -0.9248579892747598 -0.3509714514102294
    outer loop
      vertex -0.40286922454833984 2.111917495727539 3
      vertex -0.580322265625 3.2222726345062256 0
      vertex -0.2694664001464844 2.1330461502075195 3
    endloop
  endfacet
  facet normal -0.7398919270067312 0.573915423081786 -0.35097154229242056
    outer loop
      vertex 2.6288342475891113 -1.951676845550537 0
      vertex 2.523430585861206 -2.0875632762908936 0
      vertex 1.6566028594970703 -1.3704614639282227 3
    endloop
  endfacet
  facet normal -0.805988098433568 0.47665728205134855 -0.350971538234744
    outer loop
      vertex 2.782362222671509 -1.7257680892944336 0
      vertex 1.8153047561645508 -1.1520271301269531 3
      vertex 1.884058952331543 -1.0357694625854492 3
    endloop
  endfacet
  facet normal -0.805988098433568 0.47665728205134855 -0.350971538234744
    outer loop
      vertex 1.8153047561645508 -1.1520271301269531 3
      vertex 2.782362222671509 -1.7257680892944336 0
      vertex 2.7651736736297607 -1.7548325061798096 0
    endloop
  endfacet
  facet normal -0.20426698824417164 -0.9138348139281247 -0.35097140961423795
    outer loop
      vertex 0.6466264724731445 3.2096245288848877 0
      vertex 0.8144590854644775 3.172109365463257 0
      vertex 0.5346832275390625 2.082453727722168 3
    endloop
  endfacet
  facet normal -0.02941144190250818 -0.9359241121725319 -0.3509715420646995
    outer loop
      vertex 0 3.2749996185302734 0
      vertex 0.1718888282775879 3.2695980072021484 0
      vertex 0 2.1499996185302734 3
    endloop
  endfacet
  facet normal 0.834325588859643 0.4251115342275274 -0.3509715020350338
    outer loop
      vertex -1.884058952331543 -1.0357694625854492 3
      vertex -2.869903802871704 -1.577742338180542 0
      vertex -2.9479782581329346 -1.4245131015777588 0
    endloop
  endfacet
  facet normal -0.5739145858976414 -0.7398925565484684 -0.3509715841177322
    outer loop
      vertex 1.9249958992004395 2.6495299339294434 0
      vertex 1.3704614639282227 1.6566028594970703 3
      vertex 1.263737678527832 1.7393856048583984 3
    endloop
  endfacet
  facet normal -0.5739145858976414 -0.7398925565484684 -0.3509715841177322
    outer loop
      vertex 1.3704614639282227 1.6566028594970703 3
      vertex 1.9249958992004395 2.6495299339294434 0
      vertex 1.951676845550537 2.6288342475891113 0
    endloop
  endfacet
  facet normal -0.37188412870616555 -0.859372538359356 -0.35097155886232917
    outer loop
      vertex 1.3634376525878906 2.9767181873321533 0
      vertex 0.9154253005981445 1.9453773498535156 3
      vertex 0.7914676666259766 1.999018669128418 3
    endloop
  endfacet
  facet normal -0.37188412870616555 -0.859372538359356 -0.35097155886232917
    outer loop
      vertex 0.9154253005981445 1.9453773498535156 3
      vertex 1.3634376525878906 2.9767181873321533 0
      vertex 1.3944270610809326 2.9633078575134277 0
    endloop
  endfacet
  facet normal -0.573915423081786 -0.7398919270067312 -0.35097154229242056
    outer loop
      vertex 1.951676845550537 2.6288342475891113 0
      vertex 2.0875632762908936 2.523430585861206 0
      vertex 1.3704614639282227 1.6566028594970703 3
    endloop
  endfacet
  facet normal 0.8992054736361397 -0.26124432921093266 -0.35097139005613465
    outer loop
      vertex -3.1241300106048584 0.9796044826507568 0
      vertex -2.082453727722168 0.5346832275390625 3
      vertex -3.172109365463257 0.8144590854644775 0
    endloop
  endfacet
  facet normal 0.7023925139426113 0.6192444818907868 -0.3509715487118432
    outer loop
      vertex -1.6566028594970703 -1.3704614639282227 3
      vertex -2.4097020626068115 -2.216562509536743 0
      vertex -2.523430585861206 -2.0875632762908936 0
    endloop
  endfacet
  facet normal 0.02941144190250818 -0.9359241121725319 -0.3509715420646995
    outer loop
      vertex 0 3.2749996185302734 0
      vertex 0 2.1499996185302734 3
      vertex -0.1718888282775879 3.2695980072021484 0
    endloop
  endfacet
  facet normal -0.37188244804833204 -0.8593732957061975 -0.3509714852529307
    outer loop
      vertex 1.2056071758270264 3.0450172424316406 0
      vertex 1.3634376525878906 2.9767181873321533 0
      vertex 0.7914676666259766 1.999018669128418 3
    endloop
  endfacet
  facet normal -0.6621249829396926 -0.6621249829396926 -0.35097152866610637
    outer loop
      vertex 2.387371778488159 2.2418911457061768 0
      vertex 1.471776008605957 1.567281723022461 3
      vertex 2.2418911457061768 2.387371778488159 0
    endloop
  endfacet
  facet normal -0.6621249829396927 -0.6621249829396927 -0.35097152866610637
    outer loop
      vertex 1.471776008605957 1.567281723022461 3
      vertex 2.387371778488159 2.2418911457061768 0
      vertex 1.567281723022461 1.471776008605957 3
    endloop
  endfacet
  facet normal -0.7744651766838487 -0.5263294316007011 -0.35097153664497893
    outer loop
      vertex 2.6685097217559814 1.8970682621002197 0
      vertex 2.7651736736297607 1.7548325061798096 0
      vertex 1.8153047561645508 1.1520271301269531 3
    endloop
  endfacet
  facet normal -0.8810271917558279 -0.3171909461144861 -0.35097149612160355
    outer loop
      vertex 3.056455373764038 1.1738367080688477 0
      vertex 1.999018669128418 0.7914676666259766 3
      vertex 3.0450172424316406 1.2056071758270264 0
    endloop
  endfacet
  facet normal -0.8810271917558279 -0.3171909461144861 -0.35097149612160355
    outer loop
      vertex 1.999018669128418 0.7914676666259766 3
      vertex 3.056455373764038 1.1738367080688477 0
      vertex 2.044771194458008 0.6643857955932617 3
    endloop
  endfacet
  facet normal -0.029415186827163303 0.9359239383440674 -0.35097169176224685
    outer loop
      vertex 0.1718888282775879 -3.2695980072021484 0
      vertex 0.13499927520751953 -2.145756721496582 3
      vertex 0.20563864707946777 -3.2685372829437256 0
    endloop
  endfacet
  facet normal -0.029415186827163303 0.9359239383440674 -0.35097169176224685
    outer loop
      vertex 0.13499927520751953 -2.145756721496582 3
      vertex 0.1718888282775879 -3.2695980072021484 0
      vertex 0 -2.1499996185302734 3
    endloop
  endfacet
  facet normal 0.47665728205134855 -0.805988098433568 -0.350971538234744
    outer loop
      vertex -1.7257680892944336 2.782362222671509 0
      vertex -1.1520271301269531 1.8153047561645508 3
      vertex -1.7548325061798096 2.7651736736297607 0
    endloop
  endfacet
  facet normal 0.47665728205134855 -0.805988098433568 -0.350971538234744
    outer loop
      vertex -1.1520271301269531 1.8153047561645508 3
      vertex -1.7257680892944336 2.782362222671509 0
      vertex -1.0357694625854492 1.884058952331543 3
    endloop
  endfacet
  facet normal 0.37188412870616555 -0.859372538359356 -0.35097155886232917
    outer loop
      vertex -1.3634376525878906 2.9767181873321533 0
      vertex -0.9154253005981445 1.9453773498535156 3
      vertex -1.3944270610809326 2.9633078575134277 0
    endloop
  endfacet
  facet normal 0.37188412870616555 -0.859372538359356 -0.35097155886232917
    outer loop
      vertex -0.9154253005981445 1.9453773498535156 3
      vertex -1.3634376525878906 2.9767181873321533 0
      vertex -0.7914676666259766 1.999018669128418 3
    endloop
  endfacet
  facet normal -0.4251115342275274 0.834325588859643 -0.3509715020350338
    outer loop
      vertex 1.577742338180542 -2.869903802871704 0
      vertex 1.4245131015777588 -2.9479782581329346 0
      vertex 1.0357694625854492 -1.884058952331543 3
    endloop
  endfacet
  facet normal -0.47665728205134855 0.805988098433568 -0.350971538234744
    outer loop
      vertex 1.7257680892944336 -2.782362222671509 0
      vertex 1.1520271301269531 -1.8153047561645508 3
      vertex 1.7548325061798096 -2.7651736736297607 0
    endloop
  endfacet
  facet normal -0.47665728205134855 0.805988098433568 -0.350971538234744
    outer loop
      vertex 1.1520271301269531 -1.8153047561645508 3
      vertex 1.7257680892944336 -2.782362222671509 0
      vertex 1.0357694625854492 -1.884058952331543 3
    endloop
  endfacet
  facet normal 0.08811955345040277 0.932230560995899 -0.350971687526178
    outer loop
      vertex -0.20563864707946777 -3.2685372829437256 0
      vertex -0.2694664001464844 -2.1330461502075195 3
      vertex -0.13499927520751953 -2.145756721496582 3
    endloop
  endfacet
  facet normal 0.08811955345040277 0.932230560995899 -0.350971687526178
    outer loop
      vertex -0.2694664001464844 -2.1330461502075195 3
      vertex -0.20563864707946777 -3.2685372829437256 0
      vertex -0.23925542831420898 -3.26535964012146 0
    endloop
  endfacet
  facet normal -0.14648115572810957 0.9248579957909324 -0.35097144989035317
    outer loop
      vertex 0.580322265625 -3.2222726345062256 0
      vertex 0.41046619415283203 -3.2491748332977295 0
      vertex 0.2694664001464844 -2.1330461502075195 3
    endloop
  endfacet
  facet normal -0.8593732957061975 0.37188244804833204 -0.3509714852529307
    outer loop
      vertex 3.0450172424316406 -1.2056071758270264 0
      vertex 2.9767181873321533 -1.3634376525878906 0
      vertex 1.999018669128418 -0.7914676666259766 3
    endloop
  endfacet
  facet normal 0.805988098433568 -0.47665728205134855 -0.350971538234744
    outer loop
      vertex -1.8153047561645508 1.1520271301269531 3
      vertex -2.782362222671509 1.7257680892944336 0
      vertex -2.7651736736297607 1.7548325061798096 0
    endloop
  endfacet
  facet normal 0.805988098433568 -0.47665728205134855 -0.350971538234744
    outer loop
      vertex -2.782362222671509 1.7257680892944336 0
      vertex -1.8153047561645508 1.1520271301269531 3
      vertex -1.884058952331543 1.0357694625854492 3
    endloop
  endfacet
  facet normal 0.9248579892747598 -0.14648119322850028 -0.3509714514102294
    outer loop
      vertex -2.111917495727539 0.40286922454833984 3
      vertex -3.2222726345062256 0.580322265625 0
      vertex -3.2169904708862305 0.6136729717254639 0
    endloop
  endfacet
  facet normal 0.9248579892747598 -0.14648119322850028 -0.3509714514102294
    outer loop
      vertex -3.2222726345062256 0.580322265625 0
      vertex -2.111917495727539 0.40286922454833984 3
      vertex -2.1330461502075195 0.2694664001464844 3
    endloop
  endfacet
  facet normal 0.9248579957909324 -0.14648115572810957 -0.35097144989035317
    outer loop
      vertex -3.2222726345062256 0.580322265625 0
      vertex -2.1330461502075195 0.2694664001464844 3
      vertex -3.2491748332977295 0.41046619415283203 0
    endloop
  endfacet
  facet normal 0.8059883425606347 0.476656883006843 -0.3509715195547378
    outer loop
      vertex -1.884058952331543 -1.0357694625854492 3
      vertex -2.782362222671509 -1.7257680892944336 0
      vertex -2.869903802871704 -1.577742338180542 0
    endloop
  endfacet
  facet normal 0.029415186827163303 0.9359239383440674 -0.35097169176224685
    outer loop
      vertex -0.1718888282775879 -3.2695980072021484 0
      vertex -0.13499927520751953 -2.145756721496582 3
      vertex 0 -2.1499996185302734 3
    endloop
  endfacet
  facet normal 0.029415186827163303 0.9359239383440674 -0.35097169176224685
    outer loop
      vertex -0.13499927520751953 -2.145756721496582 3
      vertex -0.1718888282775879 -3.2695980072021484 0
      vertex -0.20563864707946777 -3.2685372829437256 0
    endloop
  endfacet
  facet normal -0.37188244804833204 0.8593732957061975 -0.3509714852529307
    outer loop
      vertex 1.3634376525878906 -2.9767181873321533 0
      vertex 1.2056071758270264 -3.0450172424316406 0
      vertex 0.7914676666259766 -1.999018669128418 3
    endloop
  endfacet
  facet normal 0.834326186610549 0.4251103163523138 -0.35097155620752934
    outer loop
      vertex -1.884058952331543 -1.0357694625854492 3
      vertex -2.9633078575134277 -1.3944270610809326 0
      vertex -1.9453773498535156 -0.9154253005981445 3
    endloop
  endfacet
  facet normal 0.834326186610549 0.4251103163523138 -0.35097155620752934
    outer loop
      vertex -2.9633078575134277 -1.3944270610809326 0
      vertex -1.884058952331543 -1.0357694625854492 3
      vertex -2.9479782581329346 -1.4245131015777588 0
    endloop
  endfacet
  facet normal 0.805988098433568 0.47665728205134855 -0.350971538234744
    outer loop
      vertex -1.8153047561645508 -1.1520271301269531 3
      vertex -2.782362222671509 -1.7257680892944336 0
      vertex -1.884058952331543 -1.0357694625854492 3
    endloop
  endfacet
  facet normal 0.805988098433568 0.47665728205134855 -0.350971538234744
    outer loop
      vertex -2.782362222671509 -1.7257680892944336 0
      vertex -1.8153047561645508 -1.1520271301269531 3
      vertex -2.7651736736297607 -1.7548325061798096 0
    endloop
  endfacet
  facet normal 0.573915423081786 -0.7398919270067312 -0.35097154229242056
    outer loop
      vertex -1.951676845550537 2.6288342475891113 0
      vertex -1.3704614639282227 1.6566028594970703 3
      vertex -2.0875632762908936 2.523430585861206 0
    endloop
  endfacet
  facet normal -0.26124630977113 0.8992048659378684 -0.35097147277895213
    outer loop
      vertex 0.9796044826507568 -3.1241300106048584 0
      vertex 0.6643857955932617 -2.044771194458008 3
      vertex 1.0120301246643066 -3.1147093772888184 0
    endloop
  endfacet
  facet normal -0.26124630977113 0.8992048659378684 -0.35097147277895213
    outer loop
      vertex 0.6643857955932617 -2.044771194458008 3
      vertex 0.9796044826507568 -3.1241300106048584 0
      vertex 0.5346832275390625 -2.082453727722168 3
    endloop
  endfacet
  facet normal 0.7398919270067312 -0.573915423081786 -0.35097154229242056
    outer loop
      vertex -2.523430585861206 2.0875632762908936 0
      vertex -1.6566028594970703 1.3704614639282227 3
      vertex -2.6288342475891113 1.951676845550537 0
    endloop
  endfacet
  facet normal 0.3171909461144861 -0.8810271917558279 -0.35097149612160355
    outer loop
      vertex -1.1738367080688477 3.056455373764038 0
      vertex -0.7914676666259766 1.999018669128418 3
      vertex -1.2056071758270264 3.0450172424316406 0
    endloop
  endfacet
  facet normal 0.3171909461144861 -0.8810271917558279 -0.35097149612160355
    outer loop
      vertex -0.7914676666259766 1.999018669128418 3
      vertex -1.1738367080688477 3.056455373764038 0
      vertex -0.6643857955932617 2.044771194458008 3
    endloop
  endfacet
  facet normal 0.6192444818907868 -0.7023925139426113 -0.3509715487118432
    outer loop
      vertex -2.0875632762908936 2.523430585861206 0
      vertex -1.3704614639282227 1.6566028594970703 3
      vertex -2.216562509536743 2.4097020626068115 0
    endloop
  endfacet
  facet normal -0.8059883425606347 0.476656883006843 -0.3509715195547378
    outer loop
      vertex 2.869903802871704 -1.577742338180542 0
      vertex 2.782362222671509 -1.7257680892944336 0
      vertex 1.884058952331543 -1.0357694625854492 3
    endloop
  endfacet
  facet normal -0.834326186610549 0.4251103163523138 -0.35097155620752934
    outer loop
      vertex 2.9633078575134277 -1.3944270610809326 0
      vertex 1.884058952331543 -1.0357694625854492 3
      vertex 1.9453773498535156 -0.9154253005981445 3
    endloop
  endfacet
  facet normal -0.834326186610549 0.4251103163523138 -0.35097155620752934
    outer loop
      vertex 1.884058952331543 -1.0357694625854492 3
      vertex 2.9633078575134277 -1.3944270610809326 0
      vertex 2.9479782581329346 -1.4245131015777588 0
    endloop
  endfacet
  facet normal -0.7398925565484684 -0.5739145858976414 -0.3509715841177322
    outer loop
      vertex 2.6495299339294434 1.9249958992004395 0
      vertex 1.6566028594970703 1.3704614639282227 3
      vertex 2.6288342475891113 1.951676845550537 0
    endloop
  endfacet
  facet normal -0.7398925565484684 -0.5739145858976414 -0.3509715841177322
    outer loop
      vertex 1.6566028594970703 1.3704614639282227 3
      vertex 2.6495299339294434 1.9249958992004395 0
      vertex 1.7393856048583984 1.263737678527832 3
    endloop
  endfacet
  facet normal -0.5263294316007011 0.7744651766838487 -0.35097153664497893
    outer loop
      vertex 1.8970682621002197 -2.6685097217559814 0
      vertex 1.7548325061798096 -2.7651736736297607 0
      vertex 1.1520271301269531 -1.8153047561645508 3
    endloop
  endfacet
  facet normal -0.8810271917558279 0.3171909461144861 -0.35097149612160355
    outer loop
      vertex 3.056455373764038 -1.1738367080688477 0
      vertex 1.999018669128418 -0.7914676666259766 3
      vertex 2.044771194458008 -0.6643857955932617 3
    endloop
  endfacet
  facet normal -0.8810271917558279 0.3171909461144861 -0.35097149612160355
    outer loop
      vertex 1.999018669128418 -0.7914676666259766 3
      vertex 3.056455373764038 -1.1738367080688477 0
      vertex 3.0450172424316406 -1.2056071758270264 0
    endloop
  endfacet
  facet normal 0.476656883006843 -0.8059883425606347 -0.3509715195547378
    outer loop
      vertex -1.577742338180542 2.869903802871704 0
      vertex -1.0357694625854492 1.884058952331543 3
      vertex -1.7257680892944336 2.782362222671509 0
    endloop
  endfacet
  facet normal 0.4251103163523138 -0.834326186610549 -0.35097155620752934
    outer loop
      vertex -1.3944270610809326 2.9633078575134277 0
      vertex -1.0357694625854492 1.884058952331543 3
      vertex -1.4245131015777588 2.9479782581329346 0
    endloop
  endfacet
  facet normal 0.4251103163523138 -0.834326186610549 -0.35097155620752934
    outer loop
      vertex -1.0357694625854492 1.884058952331543 3
      vertex -1.3944270610809326 2.9633078575134277 0
      vertex -0.9154253005981445 1.9453773498535156 3
    endloop
  endfacet
  facet normal 0.5739145858976414 0.7398925565484684 -0.3509715841177322
    outer loop
      vertex -1.9249958992004395 -2.6495299339294434 0
      vertex -1.3704614639282227 -1.6566028594970703 3
      vertex -1.263737678527832 -1.7393856048583984 3
    endloop
  endfacet
  facet normal 0.5739145858976414 0.7398925565484684 -0.3509715841177322
    outer loop
      vertex -1.3704614639282227 -1.6566028594970703 3
      vertex -1.9249958992004395 -2.6495299339294434 0
      vertex -1.951676845550537 -2.6288342475891113 0
    endloop
  endfacet
  facet normal -0.14648119322850028 0.9248579892747598 -0.3509714514102294
    outer loop
      vertex 0.580322265625 -3.2222726345062256 0
      vertex 0.40286922454833984 -2.111917495727539 3
      vertex 0.6136729717254639 -3.2169904708862305 0
    endloop
  endfacet
  facet normal -0.14648119322850028 0.9248579892747598 -0.3509714514102294
    outer loop
      vertex 0.40286922454833984 -2.111917495727539 3
      vertex 0.580322265625 -3.2222726345062256 0
      vertex 0.2694664001464844 -2.1330461502075195 3
    endloop
  endfacet
  facet normal -0.2042653030971077 0.9138351642069246 -0.3509714783419729
    outer loop
      vertex 0.6136729717254639 -3.2169904708862305 0
      vertex 0.5346832275390625 -2.082453727722168 3
      vertex 0.6466264724731445 -3.2096245288848877 0
    endloop
  endfacet
  facet normal -0.2042653030971077 0.9138351642069246 -0.3509714783419729
    outer loop
      vertex 0.5346832275390625 -2.082453727722168 3
      vertex 0.6136729717254639 -3.2169904708862305 0
      vertex 0.40286922454833984 -2.111917495727539 3
    endloop
  endfacet
  facet normal -0.7744643707587628 0.5263305801155299 -0.3509715926688132
    outer loop
      vertex 2.6685097217559814 -1.8970682621002197 0
      vertex 1.7393856048583984 -1.263737678527832 3
      vertex 1.8153047561645508 -1.1520271301269531 3
    endloop
  endfacet
  facet normal -0.7744643707587628 0.5263305801155299 -0.3509715926688132
    outer loop
      vertex 1.7393856048583984 -1.263737678527832 3
      vertex 2.6685097217559814 -1.8970682621002197 0
      vertex 2.6495299339294434 -1.9249958992004395 0
    endloop
  endfacet
  facet normal -0.37188412870616555 0.859372538359356 -0.35097155886232917
    outer loop
      vertex 1.3634376525878906 -2.9767181873321533 0
      vertex 0.9154253005981445 -1.9453773498535156 3
      vertex 1.3944270610809326 -2.9633078575134277 0
    endloop
  endfacet
  facet normal -0.37188412870616555 0.859372538359356 -0.35097155886232917
    outer loop
      vertex 0.9154253005981445 -1.9453773498535156 3
      vertex 1.3634376525878906 -2.9767181873321533 0
      vertex 0.7914676666259766 -1.999018669128418 3
    endloop
  endfacet
  facet normal 0.37188244804833204 0.8593732957061975 -0.3509714852529307
    outer loop
      vertex -0.7914676666259766 -1.999018669128418 3
      vertex -1.2056071758270264 -3.0450172424316406 0
      vertex -1.3634376525878906 -2.9767181873321533 0
    endloop
  endfacet
  facet normal 0.37188412870616555 0.859372538359356 -0.35097155886232917
    outer loop
      vertex -1.3634376525878906 -2.9767181873321533 0
      vertex -0.9154253005981445 -1.9453773498535156 3
      vertex -0.7914676666259766 -1.999018669128418 3
    endloop
  endfacet
  facet normal 0.37188412870616555 0.859372538359356 -0.35097155886232917
    outer loop
      vertex -0.9154253005981445 -1.9453773498535156 3
      vertex -1.3634376525878906 -2.9767181873321533 0
      vertex -1.3944270610809326 -2.9633078575134277 0
    endloop
  endfacet
  facet normal -0.5263305801155299 0.7744643707587628 -0.3509715926688132
    outer loop
      vertex 1.8970682621002197 -2.6685097217559814 0
      vertex 1.263737678527832 -1.7393856048583984 3
      vertex 1.9249958992004395 -2.6495299339294434 0
    endloop
  endfacet
  facet normal -0.5263305801155299 0.7744643707587628 -0.3509715926688132
    outer loop
      vertex 1.263737678527832 -1.7393856048583984 3
      vertex 1.8970682621002197 -2.6685097217559814 0
      vertex 1.1520271301269531 -1.8153047561645508 3
    endloop
  endfacet
  facet normal -0.08811955345040277 -0.932230560995899 -0.350971687526178
    outer loop
      vertex 0.20563864707946777 3.2685372829437256 0
      vertex 0.2694664001464844 2.1330461502075195 3
      vertex 0.13499927520751953 2.145756721496582 3
    endloop
  endfacet
  facet normal -0.08811955345040277 -0.932230560995899 -0.350971687526178
    outer loop
      vertex 0.2694664001464844 2.1330461502075195 3
      vertex 0.20563864707946777 3.2685372829437256 0
      vertex 0.23925542831420898 3.26535964012146 0
    endloop
  endfacet
  facet normal 0.7023923901081895 0.6192446181852953 -0.35097155606495045
    outer loop
      vertex -1.567281723022461 -1.471776008605957 3
      vertex -2.4097020626068115 -2.216562509536743 0
      vertex -1.6566028594970703 -1.3704614639282227 3
    endloop
  endfacet
  facet normal 0.7023923901081895 0.6192446181852953 -0.35097155606495045
    outer loop
      vertex -2.4097020626068115 -2.216562509536743 0
      vertex -1.567281723022461 -1.471776008605957 3
      vertex -2.387371778488159 -2.2418911457061768 0
    endloop
  endfacet
  facet normal 0.6621249829396927 0.6621249829396927 -0.35097152866610637
    outer loop
      vertex -1.471776008605957 -1.567281723022461 3
      vertex -2.387371778488159 -2.2418911457061768 0
      vertex -1.567281723022461 -1.471776008605957 3
    endloop
  endfacet
  facet normal 0.6621249829396926 0.6621249829396926 -0.35097152866610637
    outer loop
      vertex -2.387371778488159 -2.2418911457061768 0
      vertex -1.471776008605957 -1.567281723022461 3
      vertex -2.2418911457061768 -2.387371778488159 0
    endloop
  endfacet
  facet normal 0.834326186610549 -0.4251103163523138 -0.35097155620752934
    outer loop
      vertex -1.884058952331543 1.0357694625854492 3
      vertex -2.9633078575134277 1.3944270610809326 0
      vertex -2.9479782581329346 1.4245131015777588 0
    endloop
  endfacet
  facet normal 0.834326186610549 -0.4251103163523138 -0.35097155620752934
    outer loop
      vertex -2.9633078575134277 1.3944270610809326 0
      vertex -1.884058952331543 1.0357694625854492 3
      vertex -1.9453773498535156 0.9154253005981445 3
    endloop
  endfacet
  facet normal 0.8992048659378684 0.26124630977113 -0.35097147277895213
    outer loop
      vertex -2.044771194458008 -0.6643857955932617 3
      vertex -3.1241300106048584 -0.9796044826507568 0
      vertex -2.082453727722168 -0.5346832275390625 3
    endloop
  endfacet
  facet normal 0.8992048659378684 0.26124630977113 -0.35097147277895213
    outer loop
      vertex -3.1241300106048584 -0.9796044826507568 0
      vertex -2.044771194458008 -0.6643857955932617 3
      vertex -3.1147093772888184 -1.0120301246643066 0
    endloop
  endfacet
  facet normal 0.14648115572810957 -0.9248579957909324 -0.35097144989035317
    outer loop
      vertex -0.41046619415283203 3.2491748332977295 0
      vertex -0.2694664001464844 2.1330461502075195 3
      vertex -0.580322265625 3.2222726345062256 0
    endloop
  endfacet
  facet normal -0.5263305801155299 -0.7744643707587628 -0.3509715926688132
    outer loop
      vertex 1.8970682621002197 2.6685097217559814 0
      vertex 1.263737678527832 1.7393856048583984 3
      vertex 1.1520271301269531 1.8153047561645508 3
    endloop
  endfacet
  facet normal -0.5263305801155299 -0.7744643707587628 -0.3509715926688132
    outer loop
      vertex 1.263737678527832 1.7393856048583984 3
      vertex 1.8970682621002197 2.6685097217559814 0
      vertex 1.9249958992004395 2.6495299339294434 0
    endloop
  endfacet
  facet normal -0.029415186827163303 -0.9359239383440674 -0.35097169176224685
    outer loop
      vertex 0.1718888282775879 3.2695980072021484 0
      vertex 0.13499927520751953 2.145756721496582 3
      vertex 0 2.1499996185302734 3
    endloop
  endfacet
  facet normal -0.029415186827163303 -0.9359239383440674 -0.35097169176224685
    outer loop
      vertex 0.13499927520751953 2.145756721496582 3
      vertex 0.1718888282775879 3.2695980072021484 0
      vertex 0.20563864707946777 3.2685372829437256 0
    endloop
  endfacet
  facet normal -0.476656883006843 -0.8059883425606347 -0.3509715195547378
    outer loop
      vertex 1.577742338180542 2.869903802871704 0
      vertex 1.7257680892944336 2.782362222671509 0
      vertex 1.0357694625854492 1.884058952331543 3
    endloop
  endfacet
  facet normal -0.47665728205134855 -0.805988098433568 -0.350971538234744
    outer loop
      vertex 1.7257680892944336 2.782362222671509 0
      vertex 1.1520271301269531 1.8153047561645508 3
      vertex 1.0357694625854492 1.884058952331543 3
    endloop
  endfacet
  facet normal -0.47665728205134855 -0.805988098433568 -0.350971538234744
    outer loop
      vertex 1.1520271301269531 1.8153047561645508 3
      vertex 1.7257680892944336 2.782362222671509 0
      vertex 1.7548325061798096 2.7651736736297607 0
    endloop
  endfacet
  facet normal 0.5739145858976414 -0.7398925565484684 -0.3509715841177322
    outer loop
      vertex -1.9249958992004395 2.6495299339294434 0
      vertex -1.3704614639282227 1.6566028594970703 3
      vertex -1.951676845550537 2.6288342475891113 0
    endloop
  endfacet
  facet normal 0.5739145858976414 -0.7398925565484684 -0.3509715841177322
    outer loop
      vertex -1.3704614639282227 1.6566028594970703 3
      vertex -1.9249958992004395 2.6495299339294434 0
      vertex -1.263737678527832 1.7393856048583984 3
    endloop
  endfacet
  facet normal 0.08812509160731258 -0.9322301210024047 -0.3509714656849542
    outer loop
      vertex -0.23925542831420898 3.26535964012146 0
      vertex -0.2694664001464844 2.1330461502075195 3
      vertex -0.41046619415283203 3.2491748332977295 0
    endloop
  endfacet
  facet normal 0.8810276475073212 0.3171897372989089 -0.3509714445363958
    outer loop
      vertex -2.044771194458008 -0.6643857955932617 3
      vertex -3.056455373764038 -1.1738367080688477 0
      vertex -3.1147093772888184 -1.0120301246643066 0
    endloop
  endfacet
  facet normal 0.3171897372989089 0.8810276475073212 -0.3509714445363958
    outer loop
      vertex -0.6643857955932617 -2.044771194458008 3
      vertex -1.0120301246643066 -3.1147093772888184 0
      vertex -1.1738367080688477 -3.056455373764038 0
    endloop
  endfacet
  facet normal 0.8992048659378684 -0.26124630977113 -0.35097147277895213
    outer loop
      vertex -2.044771194458008 0.6643857955932617 3
      vertex -3.1241300106048584 0.9796044826507568 0
      vertex -3.1147093772888184 1.0120301246643066 0
    endloop
  endfacet
  facet normal 0.8992048659378684 -0.26124630977113 -0.35097147277895213
    outer loop
      vertex -3.1241300106048584 0.9796044826507568 0
      vertex -2.044771194458008 0.6643857955932617 3
      vertex -2.082453727722168 0.5346832275390625 3
    endloop
  endfacet
  facet normal 0.4251103163523138 0.834326186610549 -0.35097155620752934
    outer loop
      vertex -1.3944270610809326 -2.9633078575134277 0
      vertex -1.0357694625854492 -1.884058952331543 3
      vertex -0.9154253005981445 -1.9453773498535156 3
    endloop
  endfacet
  facet normal 0.4251103163523138 0.834326186610549 -0.35097155620752934
    outer loop
      vertex -1.0357694625854492 -1.884058952331543 3
      vertex -1.3944270610809326 -2.9633078575134277 0
      vertex -1.4245131015777588 -2.9479782581329346 0
    endloop
  endfacet
  facet normal 0.6192446181852953 0.7023923901081895 -0.35097155606495045
    outer loop
      vertex -2.216562509536743 -2.4097020626068115 0
      vertex -1.471776008605957 -1.567281723022461 3
      vertex -1.3704614639282227 -1.6566028594970703 3
    endloop
  endfacet
  facet normal 0.6192446181852953 0.7023923901081895 -0.35097155606495045
    outer loop
      vertex -1.471776008605957 -1.567281723022461 3
      vertex -2.216562509536743 -2.4097020626068115 0
      vertex -2.2418911457061768 -2.387371778488159 0
    endloop
  endfacet
  facet normal 0.26124630977113 -0.8992048659378684 -0.35097147277895213
    outer loop
      vertex -0.9796044826507568 3.1241300106048584 0
      vertex -0.6643857955932617 2.044771194458008 3
      vertex -1.0120301246643066 3.1147093772888184 0
    endloop
  endfacet
  facet normal 0.26124630977113 -0.8992048659378684 -0.35097147277895213
    outer loop
      vertex -0.6643857955932617 2.044771194458008 3
      vertex -0.9796044826507568 3.1241300106048584 0
      vertex -0.5346832275390625 2.082453727722168 3
    endloop
  endfacet
endsolid OpenSCAD_Model
